/*
 * AUTO-GENERATED FILE - DO NOT EDIT MANUALLY
 * Enhanced with Lambertian 3D Shading & Sub-pixel AA
 */

#include "f-sprite.h"

const uint8_t sprite_fair_night_map[] = {
    0x00, 0x00, 0x00, 0x00, 0x00, 0x00, 0x00, 0x00, 0x00, 0x00, 0x00, 0x00, 0x00, 0x00, 0x00, 0x00,
    0x00, 0x00, 0x00, 0x00, 0x00, 0x00, 0x00, 0x00, 0x00, 0x00, 0x00, 0x00, 0x00, 0x00, 0x00, 0x00,
    0x00, 0x00, 0x00, 0x00, 0x00, 0x00, 0x00, 0x00, 0x00, 0x00, 0x00, 0x00, 0x00, 0x00, 0x00, 0x00,
    0x00, 0x00, 0x00, 0x00, 0x00, 0x00, 0x00, 0x00, 0x00, 0x00, 0x00, 0x00, 0x00, 0x00, 0x00, 0x00,
    0x00, 0x00, 0x00, 0x00, 0x00, 0x00, 0x00, 0x00, 0x00, 0x00, 0x00, 0x00, 0x00, 0x00, 0x00, 0x00,
    0x00, 0x00, 0x00, 0x00, 0x00, 0x00, 0x00, 0x00, 0x00, 0x00, 0x00, 0x00, 0x00, 0x00, 0x00, 0x00,
    0x00, 0x00, 0x00, 0x00, 0x00, 0x00, 0x00, 0x00, 0x00, 0x00, 0x00, 0x00, 0x00, 0x00, 0x00, 0x00,
    0x00, 0x00, 0x00, 0x00, 0x00, 0x00, 0x00, 0x00, 0x00, 0x00, 0x00, 0x00, 0x00, 0x00, 0x00, 0x00,
    0x00, 0x00, 0x00, 0x00, 0x00, 0x00, 0x00, 0x00, 0x00, 0x00, 0x00, 0x00, 0x00, 0x00, 0x00, 0x00,
    0x00, 0x00, 0x00, 0x00, 0x00, 0x00, 0x00, 0x00, 0x00, 0x00, 0x00, 0x00, 0x00, 0x00, 0x00, 0x00,
    0x00, 0x00, 0x00, 0x00, 0x00, 0x00, 0x00, 0x00, 0x00, 0x00, 0x00, 0x00, 0x00, 0x00, 0x00, 0x00,
    0x00, 0x00, 0x00, 0x00, 0x00, 0x00, 0x00, 0x00, 0x00, 0x00, 0x00, 0x00, 0x00, 0x00, 0x00, 0x00,
    0x00, 0x00, 0x00, 0x00, 0x00, 0x00, 0x00, 0x00, 0x00, 0x00, 0x00, 0x00, 0x00, 0x00, 0x00, 0x00,
    0x00, 0x00, 0x00, 0x00, 0x00, 0x00, 0x00, 0x00, 0x00, 0x00, 0x00, 0x00, 0x00, 0x00, 0x00, 0x00,
    0x00, 0x00, 0x00, 0x00, 0x00, 0x00, 0x00, 0x00, 0x00, 0x00, 0x00, 0x00, 0x00, 0x00, 0x00, 0x00,
    0x00, 0x00, 0x00, 0x00, 0x00, 0x00, 0x00, 0x00, 0x00, 0x00, 0x00, 0x00, 0x00, 0x00, 0x00, 0x00,
    0x00, 0x00, 0x00, 0x00, 0x00, 0x00, 0x00, 0x00, 0x00, 0x00, 0x00, 0x00, 0x00, 0x00, 0x00, 0x00,
    0x00, 0x00, 0x00, 0x00, 0x00, 0x00, 0x00, 0x00, 0x00, 0x00, 0x00, 0x00, 0x00, 0x00, 0x00, 0x00,
    0x00, 0x00, 0x00, 0x00, 0x00, 0x00, 0x00, 0x00, 0x00, 0x00, 0x00, 0x00, 0x00, 0x00, 0x00, 0x00,
    0x00, 0x00, 0x00, 0x00, 0x00, 0x00, 0x00, 0x00, 0x00, 0x00, 0x00, 0x00, 0x00, 0x00, 0x00, 0x00,
    0x00, 0x00, 0x00, 0x00, 0x00, 0x00, 0x00, 0x00, 0x00, 0x00, 0x00, 0x00, 0x00, 0x00, 0x00, 0x00,
    0x00, 0x00, 0x00, 0x00, 0x00, 0x00, 0x00, 0x00, 0x00, 0x00, 0x00, 0x00, 0x00, 0x00, 0x00, 0x00,
    0x00, 0x00, 0x00, 0x00, 0x00, 0x00, 0x00, 0x00, 0x00, 0x00, 0x00, 0x00, 0x00, 0x00, 0x00, 0x00,
    0x00, 0x00, 0x00, 0x00, 0x00, 0x00, 0x00, 0x00, 0x00, 0x00, 0x00, 0x00, 0x00, 0x00, 0x00, 0x00,
    0x00, 0x00, 0x00, 0x00, 0x00, 0x00, 0x00, 0x00, 0x00, 0x00, 0x00, 0x00, 0x00, 0x00, 0x00, 0x00,
    0x00, 0x00, 0x00, 0x00, 0x00, 0x00, 0x00, 0x00, 0x00, 0x00, 0x00, 0x00, 0x00, 0x00, 0x00, 0x00,
    0x00, 0x00, 0x00, 0x00, 0x00, 0x00, 0x00, 0x00, 0x00, 0x00, 0x00, 0x00, 0x00, 0x00, 0x00, 0x00,
    0x00, 0x00, 0x00, 0x00, 0x00, 0x00, 0x00, 0x00, 0x00, 0x00, 0x00, 0x00, 0x00, 0x00, 0x00, 0x00,
    0x00, 0x00, 0x00, 0x00, 0x00, 0x00, 0x00, 0x00, 0x00, 0x00, 0x00, 0x00, 0x00, 0x00, 0x00, 0x00,
    0x00, 0x00, 0x00, 0x00, 0x00, 0x00, 0x00, 0x00, 0x00, 0x00, 0x00, 0x00, 0x00, 0x00, 0x00, 0x00,
    0x00, 0x00, 0x00, 0x00, 0x00, 0x00, 0x00, 0x00, 0x00, 0x00, 0x00, 0x00, 0x00, 0x00, 0x00, 0x00,
    0x00, 0x00, 0x00, 0x00, 0x00, 0x00, 0x00, 0x00, 0x00, 0x00, 0x00, 0x00, 0x00, 0x00, 0x00, 0x00,
    0x00, 0x00, 0x00, 0x00, 0x00, 0x00, 0x00, 0x00, 0x00, 0x00, 0x00, 0x00, 0x00, 0x00, 0x00, 0x00,
    0x00, 0x00, 0x00, 0x00, 0x00, 0x00, 0x00, 0x00, 0x00, 0x00, 0x00, 0x00, 0x00, 0x00, 0x00, 0x00,
    0x00, 0x00, 0x00, 0x00, 0x00, 0x00, 0x00, 0x00, 0x00, 0x00, 0x00, 0x00, 0x00, 0x00, 0x00, 0x00,
    0x00, 0x00, 0x00, 0x00, 0x00, 0x00, 0x00, 0x00, 0x00, 0x00, 0x00, 0x00, 0x00, 0x00, 0x00, 0x00,
    0x00, 0x00, 0x00, 0x00, 0x00, 0x00, 0x00, 0x00, 0x00, 0x00, 0x00, 0x00, 0x00, 0x00, 0x00, 0x00,
    0x00, 0x00, 0x00, 0x00, 0x00, 0x00, 0x00, 0x00, 0x00, 0x00, 0x00, 0x00, 0x00, 0x00, 0x00, 0x00,
    0x00, 0x00, 0x00, 0x00, 0x00, 0x00, 0x00, 0x00, 0x00, 0x00, 0x00, 0x00, 0x00, 0x00, 0x00, 0x00,
    0x00, 0x00, 0x00, 0x00, 0x00, 0x00, 0x00, 0x00, 0x00, 0x00, 0x00, 0x00, 0x00, 0x00, 0x00, 0x00,
    0x00, 0x00, 0x00, 0x00, 0x00, 0x00, 0x00, 0x00, 0x00, 0x00, 0x00, 0x00, 0x00, 0x00, 0x20, 0x00,
    0x40, 0x00, 0x40, 0x00, 0x82, 0x10, 0x82, 0x08, 0x61, 0x08, 0x40, 0x00, 0x40, 0x00, 0x20, 0x00,
    0x00, 0x00, 0x00, 0x00, 0x00, 0x00, 0x00, 0x00, 0x00, 0x00, 0x00, 0x00, 0x00, 0x00, 0x00, 0x00,
    0x00, 0x00, 0x00, 0x00, 0x00, 0x00, 0x00, 0x00, 0x00, 0x00, 0x00, 0x00, 0x00, 0x00, 0x00, 0x00,
    0x00, 0x00, 0x00, 0x00, 0x00, 0x00, 0x00, 0x00, 0x00, 0x00, 0x00, 0x00, 0x00, 0x00, 0x20, 0x00,
    0x40, 0x00, 0x40, 0x00, 0x82, 0x10, 0x82, 0x08, 0x61, 0x08, 0x40, 0x00, 0x40, 0x00, 0x20, 0x00,
    0x00, 0x00, 0x00, 0x00, 0x00, 0x00, 0x00, 0x00, 0x00, 0x00, 0x00, 0x00, 0x00, 0x00, 0x00, 0x00,
    0x00, 0x00, 0x00, 0x00, 0x00, 0x00, 0x00, 0x00, 0x00, 0x00, 0x00, 0x00, 0x00, 0x00, 0x00, 0x00,
    0x00, 0x00, 0x00, 0x00, 0x00, 0x00, 0x00, 0x00, 0x00, 0x00, 0x00, 0x00, 0x00, 0x00, 0x20, 0x00,
    0x40, 0x00, 0x40, 0x00, 0x82, 0x10, 0x82, 0x08, 0x61, 0x08, 0x40, 0x00, 0x40, 0x00, 0x20, 0x00,
    0x00, 0x00, 0x00, 0x00, 0x00, 0x00, 0x00, 0x00, 0x00, 0x00, 0x00, 0x00, 0x00, 0x00, 0x00, 0x00,
    0x00, 0x00, 0x00, 0x00, 0x00, 0x00, 0x00, 0x00, 0x00, 0x00, 0x00, 0x00, 0x00, 0x00, 0x00, 0x00,
    0x00, 0x00, 0x00, 0x00, 0x00, 0x00, 0x00, 0x00, 0x00, 0x00, 0x00, 0x00, 0x00, 0x00, 0x20, 0x00,
    0x40, 0x00, 0x40, 0x00, 0x82, 0x10, 0x82, 0x08, 0x61, 0x08, 0x40, 0x00, 0x40, 0x00, 0x20, 0x00,
    0x00, 0x00, 0x00, 0x00, 0x00, 0x00, 0x00, 0x00, 0x00, 0x00, 0x00, 0x00, 0x00, 0x00, 0x00, 0x00,
    0x00, 0x00, 0x00, 0x00, 0x00, 0x00, 0x00, 0x00, 0x00, 0x00, 0x00, 0x00, 0x00, 0x00, 0x00, 0x00,
    0x00, 0x00, 0x00, 0x00, 0x00, 0x00, 0x00, 0x00, 0x00, 0x00, 0x00, 0x00, 0x00, 0x00, 0x20, 0x00,
    0x40, 0x00, 0x40, 0x00, 0x82, 0x10, 0x82, 0x08, 0x61, 0x08, 0x40, 0x00, 0x40, 0x00, 0x20, 0x00,
    0x00, 0x00, 0x00, 0x00, 0x00, 0x00, 0x00, 0x00, 0x00, 0x00, 0x00, 0x00, 0x00, 0x00, 0x00, 0x00,
    0x00, 0x00, 0x00, 0x00, 0x00, 0x00, 0x00, 0x00, 0x00, 0x00, 0x00, 0x00, 0x00, 0x00, 0x00, 0x00,
    0x00, 0x00, 0x00, 0x00, 0x00, 0x00, 0x00, 0x00, 0x00, 0x00, 0x00, 0x00, 0x00, 0x00, 0x20, 0x00,
    0x40, 0x00, 0x40, 0x00, 0x82, 0x10, 0x82, 0x08, 0x61, 0x08, 0x40, 0x00, 0x40, 0x00, 0x20, 0x00,
    0x00, 0x00, 0x00, 0x00, 0x00, 0x00, 0x00, 0x00, 0x00, 0x00, 0x00, 0x00, 0x00, 0x00, 0x00, 0x00,
    0x00, 0x00, 0x00, 0x00, 0x00, 0x00, 0x00, 0x00, 0x00, 0x00, 0x00, 0x00, 0x00, 0x00, 0x00, 0x00,
    0x00, 0x00, 0x00, 0x00, 0x00, 0x00, 0x00, 0x00, 0x00, 0x00, 0x00, 0x00, 0x00, 0x00, 0x20, 0x00,
    0x40, 0x00, 0x40, 0x00, 0x82, 0x10, 0x82, 0x08, 0x61, 0x08, 0x40, 0x00, 0x40, 0x00, 0x20, 0x00,
    0x00, 0x00, 0x00, 0x00, 0x00, 0x00, 0x00, 0x00, 0x00, 0x00, 0x00, 0x00, 0x00, 0x00, 0x00, 0x00,
    0x00, 0x00, 0x00, 0x00, 0x00, 0x00, 0x00, 0x00, 0x00, 0x00, 0x00, 0x00, 0x00, 0x00, 0x00, 0x00,
    0x00, 0x00, 0x00, 0x00, 0x00, 0x00, 0x00, 0x00, 0x00, 0x00, 0x00, 0x00, 0x00, 0x00, 0x20, 0x00,
    0x40, 0x00, 0x40, 0x00, 0x82, 0x10, 0x82, 0x08, 0x61, 0x08, 0x40, 0x00, 0x40, 0x00, 0x20, 0x00,
    0x00, 0x00, 0x00, 0x00, 0x00, 0x00, 0x00, 0x00, 0x00, 0x00, 0x00, 0x00, 0x00, 0x00, 0x00, 0x00,
    0x00, 0x00, 0x00, 0x00, 0x00, 0x00, 0x00, 0x00, 0x00, 0x00, 0x00, 0x00, 0x00, 0x00, 0x00, 0x00,
    0x00, 0x00, 0x00, 0x00, 0x00, 0x00, 0x00, 0x00, 0x00, 0x00, 0x00, 0x00, 0x00, 0x00, 0x20, 0x00,
    0x40, 0x00, 0x40, 0x00, 0x82, 0x10, 0x82, 0x08, 0x61, 0x08, 0x40, 0x00, 0x40, 0x00, 0x20, 0x00,
    0x00, 0x00, 0x00, 0x00, 0x00, 0x00, 0x00, 0x00, 0x00, 0x00, 0x00, 0x00, 0x00, 0x00, 0x00, 0x00,
    0x00, 0x00, 0x00, 0x00, 0x00, 0x00, 0x00, 0x00, 0x00, 0x00, 0x00, 0x00, 0x00, 0x00, 0x00, 0x00,
    0x00, 0x00, 0x00, 0x00, 0x00, 0x00, 0x00, 0x00, 0x00, 0x00, 0x00, 0x00, 0x00, 0x00, 0x20, 0x00,
    0x40, 0x00, 0x40, 0x00, 0x82, 0x10, 0x82, 0x08, 0x61, 0x08, 0x40, 0x00, 0x40, 0x00, 0x20, 0x00,
    0x00, 0x00, 0x00, 0x00, 0x00, 0x00, 0x00, 0x00, 0x00, 0x00, 0x00, 0x00, 0x00, 0x00, 0x00, 0x00,
    0x00, 0x00, 0x00, 0x00, 0x00, 0x00, 0x00, 0x00, 0x00, 0x00, 0x00, 0x00, 0x00, 0x00, 0x00, 0x00,
    0x00, 0x00, 0x00, 0x00, 0x00, 0x00, 0x00, 0x00, 0x00, 0x00, 0x00, 0x00, 0x20, 0x00, 0x82, 0x10,
    0x82, 0x10, 0x41, 0x08, 0x86, 0x31, 0x69, 0x42, 0xa6, 0x31, 0x41, 0x08, 0x62, 0x08, 0x82, 0x10,
    0x40, 0x00, 0x00, 0x00, 0x00, 0x00, 0x00, 0x00, 0x00, 0x00, 0x00, 0x00, 0x00, 0x00, 0x00, 0x00,
    0x00, 0x00, 0x00, 0x00, 0x00, 0x00, 0x00, 0x00, 0x00, 0x00, 0x00, 0x00, 0x00, 0x00, 0x00, 0x00,
    0x00, 0x00, 0x00, 0x00, 0x00, 0x00, 0x00, 0x00, 0x00, 0x00, 0x00, 0x00, 0x20, 0x00, 0x82, 0x10,
    0x82, 0x10, 0x41, 0x08, 0x86, 0x31, 0x69, 0x42, 0xa6, 0x31, 0x41, 0x08, 0x62, 0x08, 0x82, 0x10,
    0x40, 0x00, 0x00, 0x00, 0x00, 0x00, 0x00, 0x00, 0x00, 0x00, 0x00, 0x00, 0x00, 0x00, 0x00, 0x00,
    0x00, 0x00, 0x00, 0x00, 0x00, 0x00, 0x00, 0x00, 0x00, 0x00, 0x00, 0x00, 0x00, 0x00, 0x00, 0x00,
    0x00, 0x00, 0x00, 0x00, 0x00, 0x00, 0x00, 0x00, 0x00, 0x00, 0x00, 0x00, 0x20, 0x00, 0x82, 0x10,
    0x82, 0x10, 0x41, 0x08, 0x86, 0x31, 0x69, 0x42, 0xa6, 0x31, 0x41, 0x08, 0x62, 0x08, 0x82, 0x10,
    0x40, 0x00, 0x00, 0x00, 0x00, 0x00, 0x00, 0x00, 0x00, 0x00, 0x00, 0x00, 0x00, 0x00, 0x00, 0x00,
    0x00, 0x00, 0x00, 0x00, 0x00, 0x00, 0x00, 0x00, 0x00, 0x00, 0x00, 0x00, 0x00, 0x00, 0x00, 0x00,
    0x00, 0x00, 0x00, 0x00, 0x00, 0x00, 0x00, 0x00, 0x00, 0x00, 0x00, 0x00, 0x20, 0x00, 0x82, 0x10,
    0x82, 0x10, 0x41, 0x08, 0x86, 0x31, 0x69, 0x42, 0xa6, 0x31, 0x41, 0x08, 0x62, 0x08, 0x82, 0x10,
    0x40, 0x00, 0x00, 0x00, 0x00, 0x00, 0x00, 0x00, 0x00, 0x00, 0x00, 0x00, 0x00, 0x00, 0x00, 0x00,
    0x00, 0x00, 0x00, 0x00, 0x00, 0x00, 0x00, 0x00, 0x00, 0x00, 0x00, 0x00, 0x00, 0x00, 0x00, 0x00,
    0x00, 0x00, 0x00, 0x00, 0x00, 0x00, 0x00, 0x00, 0x00, 0x00, 0x00, 0x00, 0x20, 0x00, 0x82, 0x10,
    0x82, 0x10, 0x41, 0x08, 0x86, 0x31, 0x69, 0x42, 0xa6, 0x31, 0x41, 0x08, 0x62, 0x08, 0x82, 0x10,
    0x40, 0x00, 0x00, 0x00, 0x00, 0x00, 0x00, 0x00, 0x00, 0x00, 0x00, 0x00, 0x00, 0x00, 0x00, 0x00,
    0x00, 0x00, 0x00, 0x00, 0x00, 0x00, 0x00, 0x00, 0x00, 0x00, 0x00, 0x00, 0x00, 0x00, 0x00, 0x00,
    0x00, 0x00, 0x00, 0x00, 0x00, 0x00, 0x00, 0x00, 0x00, 0x00, 0x00, 0x00, 0x20, 0x00, 0x82, 0x10,
    0x82, 0x10, 0x41, 0x08, 0x86, 0x31, 0x69, 0x42, 0xa6, 0x31, 0x41, 0x08, 0x62, 0x08, 0x82, 0x10,
    0x40, 0x00, 0x00, 0x00, 0x00, 0x00, 0x00, 0x00, 0x00, 0x00, 0x00, 0x00, 0x00, 0x00, 0x00, 0x00,
    0x00, 0x00, 0x00, 0x00, 0x00, 0x00, 0x00, 0x00, 0x00, 0x00, 0x00, 0x00, 0x00, 0x00, 0x00, 0x00,
    0x00, 0x00, 0x00, 0x00, 0x00, 0x00, 0x00, 0x00, 0x00, 0x00, 0x00, 0x00, 0x20, 0x00, 0x82, 0x10,
    0x82, 0x10, 0x41, 0x08, 0x86, 0x31, 0x69, 0x42, 0xa6, 0x31, 0x41, 0x08, 0x62, 0x08, 0x82, 0x10,
    0x40, 0x00, 0x00, 0x00, 0x00, 0x00, 0x00, 0x00, 0x00, 0x00, 0x00, 0x00, 0x00, 0x00, 0x00, 0x00,
    0x00, 0x00, 0x00, 0x00, 0x00, 0x00, 0x00, 0x00, 0x00, 0x00, 0x00, 0x00, 0x00, 0x00, 0x00, 0x00,
    0x00, 0x00, 0x00, 0x00, 0x00, 0x00, 0x00, 0x00, 0x00, 0x00, 0x00, 0x00, 0x20, 0x00, 0x82, 0x10,
    0x82, 0x10, 0x41, 0x08, 0x86, 0x31, 0x69, 0x42, 0xa6, 0x31, 0x41, 0x08, 0x62, 0x08, 0x82, 0x10,
    0x40, 0x00, 0x00, 0x00, 0x00, 0x00, 0x00, 0x00, 0x00, 0x00, 0x00, 0x00, 0x00, 0x00, 0x00, 0x00,
    0x00, 0x00, 0x00, 0x00, 0x00, 0x00, 0x00, 0x00, 0x00, 0x00, 0x00, 0x00, 0x00, 0x00, 0x00, 0x00,
    0x00, 0x00, 0x00, 0x00, 0x00, 0x00, 0x00, 0x00, 0x00, 0x00, 0x00, 0x00, 0x20, 0x00, 0x82, 0x10,
    0x82, 0x10, 0x41, 0x08, 0x86, 0x31, 0x69, 0x42, 0xa6, 0x31, 0x41, 0x08, 0x62, 0x08, 0x82, 0x10,
    0x40, 0x00, 0x00, 0x00, 0x00, 0x00, 0x00, 0x00, 0x00, 0x00, 0x00, 0x00, 0x00, 0x00, 0x00, 0x00,
    0x00, 0x00, 0x00, 0x00, 0x00, 0x00, 0x00, 0x00, 0x00, 0x00, 0x00, 0x00, 0x00, 0x00, 0x00, 0x00,
    0x00, 0x00, 0x00, 0x00, 0x00, 0x00, 0x00, 0x00, 0x00, 0x00, 0x00, 0x00, 0x20, 0x00, 0x82, 0x10,
    0x82, 0x10, 0x41, 0x08, 0x86, 0x31, 0x69, 0x42, 0xa6, 0x31, 0x41, 0x08, 0x62, 0x08, 0x82, 0x10,
    0x40, 0x00, 0x00, 0x00, 0x00, 0x00, 0x00, 0x00, 0x00, 0x00, 0x00, 0x00, 0x00, 0x00, 0x00, 0x00,
    0x00, 0x00, 0x00, 0x00, 0x00, 0x00, 0x00, 0x00, 0x00, 0x00, 0x00, 0x00, 0x00, 0x00, 0x00, 0x00,
    0x00, 0x00, 0x00, 0x00, 0x00, 0x00, 0x00, 0x00, 0x00, 0x00, 0x40, 0x00, 0x82, 0x08, 0x82, 0x10,
    0x76, 0xad, 0xbf, 0xf7, 0x9f, 0xf7, 0x9e, 0xef, 0x9f, 0xef, 0x7e, 0xef, 0x55, 0xa5, 0x82, 0x10,
    0x82, 0x10, 0x40, 0x00, 0x00, 0x00, 0x00, 0x00, 0x00, 0x00, 0x00, 0x00, 0x00, 0x00, 0x00, 0x00,
    0x00, 0x00, 0x00, 0x00, 0x00, 0x00, 0x00, 0x00, 0x00, 0x00, 0x00, 0x00, 0x00, 0x00, 0x00, 0x00,
    0x00, 0x00, 0x00, 0x00, 0x00, 0x00, 0x00, 0x00, 0x00, 0x00, 0x40, 0x00, 0x82, 0x08, 0x82, 0x10,
    0x76, 0xad, 0xbf, 0xf7, 0x9f, 0xf7, 0x9e, 0xef, 0x9f, 0xef, 0x7e, 0xef, 0x55, 0xa5, 0x82, 0x10,
    0x82, 0x10, 0x40, 0x00, 0x00, 0x00, 0x00, 0x00, 0x00, 0x00, 0x00, 0x00, 0x00, 0x00, 0x00, 0x00,
    0x00, 0x00, 0x00, 0x00, 0x00, 0x00, 0x00, 0x00, 0x00, 0x00, 0x00, 0x00, 0x00, 0x00, 0x00, 0x00,
    0x00, 0x00, 0x00, 0x00, 0x00, 0x00, 0x00, 0x00, 0x00, 0x00, 0x40, 0x00, 0x82, 0x08, 0x82, 0x10,
    0x76, 0xad, 0xbf, 0xf7, 0x9f, 0xf7, 0x9e, 0xef, 0x9f, 0xef, 0x7e, 0xef, 0x55, 0xa5, 0x82, 0x10,
    0x82, 0x10, 0x40, 0x00, 0x00, 0x00, 0x00, 0x00, 0x00, 0x00, 0x00, 0x00, 0x00, 0x00, 0x00, 0x00,
    0x00, 0x00, 0x00, 0x00, 0x00, 0x00, 0x00, 0x00, 0x00, 0x00, 0x00, 0x00, 0x00, 0x00, 0x00, 0x00,
    0x00, 0x00, 0x00, 0x00, 0x00, 0x00, 0x00, 0x00, 0x00, 0x00, 0x40, 0x00, 0x82, 0x08, 0x82, 0x10,
    0x76, 0xad, 0xbf, 0xf7, 0x9f, 0xf7, 0x9e, 0xef, 0x9f, 0xef, 0x7e, 0xef, 0x55, 0xa5, 0x82, 0x10,
    0x82, 0x10, 0x40, 0x00, 0x00, 0x00, 0x00, 0x00, 0x00, 0x00, 0x00, 0x00, 0x00, 0x00, 0x00, 0x00,
    0x00, 0x00, 0x00, 0x00, 0x00, 0x00, 0x00, 0x00, 0x00, 0x00, 0x00, 0x00, 0x00, 0x00, 0x00, 0x00,
    0x00, 0x00, 0x00, 0x00, 0x00, 0x00, 0x00, 0x00, 0x00, 0x00, 0x40, 0x00, 0x82, 0x08, 0x82, 0x10,
    0x76, 0xad, 0xbf, 0xf7, 0x9f, 0xf7, 0x9e, 0xef, 0x9f, 0xef, 0x7e, 0xef, 0x55, 0xa5, 0x82, 0x10,
    0x82, 0x10, 0x40, 0x00, 0x00, 0x00, 0x00, 0x00, 0x00, 0x00, 0x00, 0x00, 0x00, 0x00, 0x00, 0x00,
    0x00, 0x00, 0x00, 0x00, 0x00, 0x00, 0x00, 0x00, 0x00, 0x00, 0x00, 0x00, 0x00, 0x00, 0x00, 0x00,
    0x00, 0x00, 0x00, 0x00, 0x00, 0x00, 0x00, 0x00, 0x00, 0x00, 0x40, 0x00, 0x82, 0x08, 0x82, 0x10,
    0x76, 0xad, 0xbf, 0xf7, 0x9f, 0xf7, 0x9e, 0xef, 0x9f, 0xef, 0x7e, 0xef, 0x55, 0xa5, 0x82, 0x10,
    0x82, 0x10, 0x40, 0x00, 0x00, 0x00, 0x00, 0x00, 0x00, 0x00, 0x00, 0x00, 0x00, 0x00, 0x00, 0x00,
    0x00, 0x00, 0x00, 0x00, 0x00, 0x00, 0x00, 0x00, 0x00, 0x00, 0x00, 0x00, 0x00, 0x00, 0x00, 0x00,
    0x00, 0x00, 0x00, 0x00, 0x00, 0x00, 0x00, 0x00, 0x00, 0x00, 0x40, 0x00, 0x82, 0x08, 0x82, 0x10,
    0x76, 0xad, 0xbf, 0xf7, 0x9f, 0xf7, 0x9e, 0xef, 0x9f, 0xef, 0x7e, 0xef, 0x55, 0xa5, 0x82, 0x10,
    0x82, 0x10, 0x40, 0x00, 0x00, 0x00, 0x00, 0x00, 0x00, 0x00, 0x00, 0x00, 0x00, 0x00, 0x00, 0x00,
    0x00, 0x00, 0x00, 0x00, 0x00, 0x00, 0x00, 0x00, 0x00, 0x00, 0x00, 0x00, 0x00, 0x00, 0x00, 0x00,
    0x00, 0x00, 0x00, 0x00, 0x00, 0x00, 0x00, 0x00, 0x00, 0x00, 0x40, 0x00, 0x82, 0x08, 0x82, 0x10,
    0x76, 0xad, 0xbf, 0xf7, 0x9f, 0xf7, 0x9e, 0xef, 0x9f, 0xef, 0x7e, 0xef, 0x55, 0xa5, 0x82, 0x10,
    0x82, 0x10, 0x40, 0x00, 0x00, 0x00, 0x00, 0x00, 0x00, 0x00, 0x00, 0x00, 0x00, 0x00, 0x00, 0x00,
    0x00, 0x00, 0x00, 0x00, 0x00, 0x00, 0x00, 0x00, 0x00, 0x00, 0x00, 0x00, 0x00, 0x00, 0x00, 0x00,
    0x00, 0x00, 0x00, 0x00, 0x00, 0x00, 0x00, 0x00, 0x00, 0x00, 0x40, 0x00, 0x82, 0x08, 0x82, 0x10,
    0x76, 0xad, 0xbf, 0xf7, 0x9f, 0xf7, 0x9e, 0xef, 0x9f, 0xef, 0x7e, 0xef, 0x55, 0xa5, 0x82, 0x10,
    0x82, 0x10, 0x40, 0x00, 0x00, 0x00, 0x00, 0x00, 0x00, 0x00, 0x00, 0x00, 0x00, 0x00, 0x00, 0x00,
    0x00, 0x00, 0x00, 0x00, 0x00, 0x00, 0x00, 0x00, 0x00, 0x00, 0x00, 0x00, 0x00, 0x00, 0x00, 0x00,
    0x00, 0x00, 0x00, 0x00, 0x00, 0x00, 0x00, 0x00, 0x00, 0x00, 0x40, 0x00, 0x82, 0x08, 0x82, 0x10,
    0x76, 0xad, 0xbf, 0xf7, 0x9f, 0xf7, 0x9e, 0xef, 0x9f, 0xef, 0x7e, 0xef, 0x55, 0xa5, 0x82, 0x10,
    0x82, 0x10, 0x40, 0x00, 0x00, 0x00, 0x00, 0x00, 0x00, 0x00, 0x00, 0x00, 0x00, 0x00, 0x00, 0x00,
    0x00, 0x00, 0x00, 0x00, 0x00, 0x00, 0x00, 0x00, 0x00, 0x00, 0x00, 0x00, 0x00, 0x00, 0x00, 0x00,
    0x00, 0x00, 0x00, 0x00, 0x00, 0x00, 0x00, 0x00, 0x20, 0x00, 0x82, 0x10, 0xa6, 0x31, 0x9e, 0xef,
    0xbf, 0xf7, 0xbf, 0xf7, 0xbf, 0xf7, 0xbf, 0xf7, 0x9f, 0xf7, 0xbf, 0xf7, 0x9e, 0xef, 0x5e, 0xe7,
    0x86, 0x29, 0x82, 0x10, 0x40, 0x00, 0x00, 0x00, 0x00, 0x00, 0x00, 0x00, 0x00, 0x00, 0x00, 0x00,
    0x00, 0x00, 0x00, 0x00, 0x00, 0x00, 0x00, 0x00, 0x00, 0x00, 0x00, 0x00, 0x00, 0x00, 0x00, 0x00,
    0x00, 0x00, 0x00, 0x00, 0x00, 0x00, 0x00, 0x00, 0x20, 0x00, 0x82, 0x10, 0xa6, 0x31, 0x9e, 0xef,
    0xbf, 0xf7, 0xbf, 0xf7, 0xbf, 0xf7, 0xbf, 0xf7, 0x9f, 0xf7, 0xbf, 0xf7, 0x9e, 0xef, 0x5e, 0xe7,
    0x86, 0x29, 0x82, 0x10, 0x40, 0x00, 0x00, 0x00, 0x00, 0x00, 0x00, 0x00, 0x00, 0x00, 0x00, 0x00,
    0x00, 0x00, 0x00, 0x00, 0x00, 0x00, 0x00, 0x00, 0x00, 0x00, 0x00, 0x00, 0x00, 0x00, 0x00, 0x00,
    0x00, 0x00, 0x00, 0x00, 0x00, 0x00, 0x00, 0x00, 0x20, 0x00, 0x82, 0x10, 0xa6, 0x31, 0x9e, 0xef,
    0xbf, 0xf7, 0xbf, 0xf7, 0xbf, 0xf7, 0xbf, 0xf7, 0x9f, 0xf7, 0xbf, 0xf7, 0x9e, 0xef, 0x5e, 0xe7,
    0x86, 0x29, 0x82, 0x10, 0x40, 0x00, 0x00, 0x00, 0x00, 0x00, 0x00, 0x00, 0x00, 0x00, 0x00, 0x00,
    0x00, 0x00, 0x00, 0x00, 0x00, 0x00, 0x00, 0x00, 0x00, 0x00, 0x00, 0x00, 0x00, 0x00, 0x00, 0x00,
    0x00, 0x00, 0x00, 0x00, 0x00, 0x00, 0x00, 0x00, 0x20, 0x00, 0x82, 0x10, 0xa6, 0x31, 0x9e, 0xef,
    0xbf, 0xf7, 0xbf, 0xf7, 0xbf, 0xf7, 0xbf, 0xf7, 0x9f, 0xf7, 0xbf, 0xf7, 0x9e, 0xef, 0x5e, 0xe7,
    0x86, 0x29, 0x82, 0x10, 0x40, 0x00, 0x00, 0x00, 0x00, 0x00, 0x00, 0x00, 0x00, 0x00, 0x00, 0x00,
    0x00, 0x00, 0x00, 0x00, 0x00, 0x00, 0x00, 0x00, 0x00, 0x00, 0x00, 0x00, 0x00, 0x00, 0x00, 0x00,
    0x00, 0x00, 0x00, 0x00, 0x00, 0x00, 0x00, 0x00, 0x20, 0x00, 0x82, 0x10, 0xa6, 0x31, 0x9e, 0xef,
    0xbf, 0xf7, 0xbf, 0xf7, 0xbf, 0xf7, 0xbf, 0xf7, 0x9f, 0xf7, 0xbf, 0xf7, 0x9e, 0xef, 0x5e, 0xe7,
    0x86, 0x29, 0x82, 0x10, 0x40, 0x00, 0x00, 0x00, 0x00, 0x00, 0x00, 0x00, 0x00, 0x00, 0x00, 0x00,
    0x00, 0x00, 0x00, 0x00, 0x00, 0x00, 0x00, 0x00, 0x00, 0x00, 0x00, 0x00, 0x00, 0x00, 0x00, 0x00,
    0x00, 0x00, 0x00, 0x00, 0x00, 0x00, 0x00, 0x00, 0x20, 0x00, 0x82, 0x10, 0xa6, 0x31, 0x9e, 0xef,
    0xbf, 0xf7, 0xbf, 0xf7, 0xbf, 0xf7, 0xbf, 0xf7, 0x9f, 0xf7, 0xbf, 0xf7, 0x9e, 0xef, 0x5e, 0xe7,
    0x86, 0x29, 0x82, 0x10, 0x40, 0x00, 0x00, 0x00, 0x00, 0x00, 0x00, 0x00, 0x00, 0x00, 0x00, 0x00,
    0x00, 0x00, 0x00, 0x00, 0x00, 0x00, 0x00, 0x00, 0x00, 0x00, 0x00, 0x00, 0x00, 0x00, 0x00, 0x00,
    0x00, 0x00, 0x00, 0x00, 0x00, 0x00, 0x00, 0x00, 0x20, 0x00, 0x82, 0x10, 0xa6, 0x31, 0x9e, 0xef,
    0xbf, 0xf7, 0xbf, 0xf7, 0xbf, 0xf7, 0xbf, 0xf7, 0x9f, 0xf7, 0xbf, 0xf7, 0x9e, 0xef, 0x5e, 0xe7,
    0x86, 0x29, 0x82, 0x10, 0x40, 0x00, 0x00, 0x00, 0x00, 0x00, 0x00, 0x00, 0x00, 0x00, 0x00, 0x00,
    0x00, 0x00, 0x00, 0x00, 0x00, 0x00, 0x00, 0x00, 0x00, 0x00, 0x00, 0x00, 0x00, 0x00, 0x00, 0x00,
    0x00, 0x00, 0x00, 0x00, 0x00, 0x00, 0x00, 0x00, 0x20, 0x00, 0x82, 0x10, 0xa6, 0x31, 0x9e, 0xef,
    0xbf, 0xf7, 0xbf, 0xf7, 0xbf, 0xf7, 0xbf, 0xf7, 0x9f, 0xf7, 0xbf, 0xf7, 0x9e, 0xef, 0x5e, 0xe7,
    0x86, 0x29, 0x82, 0x10, 0x40, 0x00, 0x00, 0x00, 0x00, 0x00, 0x00, 0x00, 0x00, 0x00, 0x00, 0x00,
    0x00, 0x00, 0x00, 0x00, 0x00, 0x00, 0x00, 0x00, 0x00, 0x00, 0x00, 0x00, 0x00, 0x00, 0x00, 0x00,
    0x00, 0x00, 0x00, 0x00, 0x00, 0x00, 0x00, 0x00, 0x20, 0x00, 0x82, 0x10, 0xa6, 0x31, 0x9e, 0xef,
    0xbf, 0xf7, 0xbf, 0xf7, 0xbf, 0xf7, 0xbf, 0xf7, 0x9f, 0xf7, 0xbf, 0xf7, 0x9e, 0xef, 0x5e, 0xe7,
    0x86, 0x29, 0x82, 0x10, 0x40, 0x00, 0x00, 0x00, 0x00, 0x00, 0x00, 0x00, 0x00, 0x00, 0x00, 0x00,
    0x00, 0x00, 0x00, 0x00, 0x00, 0x00, 0x00, 0x00, 0x00, 0x00, 0x00, 0x00, 0x00, 0x00, 0x00, 0x00,
    0x00, 0x00, 0x00, 0x00, 0x00, 0x00, 0x00, 0x00, 0x20, 0x00, 0x82, 0x10, 0xa6, 0x31, 0x9e, 0xef,
    0xbf, 0xf7, 0xbf, 0xf7, 0xbf, 0xf7, 0xbf, 0xf7, 0x9f, 0xf7, 0xbf, 0xf7, 0x9e, 0xef, 0x5e, 0xe7,
    0x86, 0x29, 0x82, 0x10, 0x40, 0x00, 0x00, 0x00, 0x00, 0x00, 0x00, 0x00, 0x00, 0x00, 0x00, 0x00,
    0x00, 0x00, 0x00, 0x00, 0x00, 0x00, 0x00, 0x00, 0x00, 0x00, 0x00, 0x00, 0x00, 0x00, 0x00, 0x00,
    0x00, 0x00, 0x00, 0x00, 0x00, 0x00, 0x20, 0x00, 0x61, 0x08, 0x82, 0x10, 0x9f, 0xef, 0xbf, 0xf7,
    0xbf, 0xf7, 0xbf, 0xf7, 0xdf, 0xf7, 0xbf, 0xf7, 0xbf, 0xf7, 0x9f, 0xf7, 0xbf, 0xf7, 0x9e, 0xef,
    0x5e, 0xe7, 0x61, 0x08, 0x66, 0x29, 0x45, 0x21, 0x41, 0x08, 0x00, 0x00, 0x00, 0x00, 0x00, 0x00,
    0x00, 0x00, 0x00, 0x00, 0x00, 0x00, 0x00, 0x00, 0x00, 0x00, 0x00, 0x00, 0x00, 0x00, 0x00, 0x00,
    0x00, 0x00, 0x00, 0x00, 0x00, 0x00, 0x20, 0x00, 0x61, 0x08, 0x82, 0x10, 0x9f, 0xef, 0xbf, 0xf7,
    0xbf, 0xf7, 0xbf, 0xf7, 0xdf, 0xf7, 0xbf, 0xf7, 0xbf, 0xf7, 0x9f, 0xf7, 0xbf, 0xf7, 0x9e, 0xef,
    0x5e, 0xe7, 0x82, 0x10, 0x25, 0x21, 0x04, 0x19, 0x21, 0x00, 0x00, 0x00, 0x00, 0x00, 0x00, 0x00,
    0x00, 0x00, 0x00, 0x00, 0x00, 0x00, 0x00, 0x00, 0x00, 0x00, 0x00, 0x00, 0x00, 0x00, 0x00, 0x00,
    0x00, 0x00, 0x00, 0x00, 0x00, 0x00, 0x20, 0x00, 0x61, 0x08, 0x82, 0x10, 0x9f, 0xef, 0xbf, 0xf7,
    0xbf, 0xf7, 0xbf, 0xf7, 0xdf, 0xf7, 0xbf, 0xf7, 0xbf, 0xf7, 0x9f, 0xf7, 0xbf, 0xf7, 0x9e, 0xef,
    0x5e, 0xe7, 0x82, 0x10, 0xe4, 0x18, 0xc3, 0x10, 0x00, 0x00, 0x00, 0x00, 0x00, 0x00, 0x00, 0x00,
    0x00, 0x00, 0x00, 0x00, 0x00, 0x00, 0x00, 0x00, 0x00, 0x00, 0x00, 0x00, 0x00, 0x00, 0x00, 0x00,
    0x00, 0x00, 0x00, 0x00, 0x00, 0x00, 0x20, 0x00, 0x61, 0x08, 0x82, 0x10, 0x9f, 0xef, 0xbf, 0xf7,
    0xbf, 0xf7, 0xbf, 0xf7, 0xdf, 0xf7, 0xbf, 0xf7, 0xbf, 0xf7, 0x9f, 0xf7, 0xbf, 0xf7, 0x9e, 0xef,
    0x5e, 0xe7, 0x82, 0x10, 0xc3, 0x18, 0x82, 0x08, 0x00, 0x00, 0x00, 0x00, 0x00, 0x00, 0x00, 0x00,
    0x00, 0x00, 0x00, 0x00, 0x00, 0x00, 0x00, 0x00, 0x00, 0x00, 0x00, 0x00, 0x00, 0x00, 0x00, 0x00,
    0x00, 0x00, 0x00, 0x00, 0x00, 0x00, 0x20, 0x00, 0x61, 0x08, 0x82, 0x10, 0x9f, 0xef, 0xbf, 0xf7,
    0xbf, 0xf7, 0xbf, 0xf7, 0xdf, 0xf7, 0xbf, 0xf7, 0xbf, 0xf7, 0x9f, 0xf7, 0xbf, 0xf7, 0x9e, 0xef,
    0x5e, 0xe7, 0x82, 0x10, 0xc3, 0x18, 0x82, 0x08, 0x00, 0x00, 0x00, 0x00, 0x00, 0x00, 0x00, 0x00,
    0x00, 0x00, 0x00, 0x00, 0x00, 0x00, 0x00, 0x00, 0x00, 0x00, 0x00, 0x00, 0x00, 0x00, 0x00, 0x00,
    0x00, 0x00, 0x00, 0x00, 0x00, 0x00, 0x20, 0x00, 0x61, 0x08, 0x82, 0x10, 0x9f, 0xef, 0xbf, 0xf7,
    0xbf, 0xf7, 0xbf, 0xf7, 0xdf, 0xf7, 0xbf, 0xf7, 0xbf, 0xf7, 0x9f, 0xf7, 0xbf, 0xf7, 0x9e, 0xef,
    0x5e, 0xe7, 0x82, 0x10, 0xc3, 0x18, 0x82, 0x08, 0x00, 0x00, 0x00, 0x00, 0x00, 0x00, 0x00, 0x00,
    0x00, 0x00, 0x00, 0x00, 0x00, 0x00, 0x00, 0x00, 0x00, 0x00, 0x00, 0x00, 0x00, 0x00, 0x00, 0x00,
    0x00, 0x00, 0x00, 0x00, 0x00, 0x00, 0x20, 0x00, 0x61, 0x08, 0x82, 0x10, 0x9f, 0xef, 0xbf, 0xf7,
    0xbf, 0xf7, 0xbf, 0xf7, 0xdf, 0xf7, 0xbf, 0xf7, 0xbf, 0xf7, 0x9f, 0xf7, 0xbf, 0xf7, 0x9e, 0xef,
    0x5e, 0xe7, 0x82, 0x10, 0xe4, 0x18, 0xa3, 0x10, 0x00, 0x00, 0x00, 0x00, 0x00, 0x00, 0x00, 0x00,
    0x00, 0x00, 0x00, 0x00, 0x00, 0x00, 0x00, 0x00, 0x00, 0x00, 0x00, 0x00, 0x00, 0x00, 0x00, 0x00,
    0x00, 0x00, 0x00, 0x00, 0x00, 0x00, 0x20, 0x00, 0x61, 0x08, 0x82, 0x10, 0x9f, 0xef, 0xbf, 0xf7,
    0xbf, 0xf7, 0xbf, 0xf7, 0xdf, 0xf7, 0xbf, 0xf7, 0xbf, 0xf7, 0x9f, 0xf7, 0xbf, 0xf7, 0x9e, 0xef,
    0x5e, 0xe7, 0x82, 0x10, 0x24, 0x21, 0xe4, 0x18, 0x21, 0x00, 0x00, 0x00, 0x00, 0x00, 0x00, 0x00,
    0x00, 0x00, 0x00, 0x00, 0x00, 0x00, 0x00, 0x00, 0x00, 0x00, 0x00, 0x00, 0x00, 0x00, 0x00, 0x00,
    0x00, 0x00, 0x00, 0x00, 0x00, 0x00, 0x20, 0x00, 0x61, 0x08, 0x82, 0x10, 0x9f, 0xef, 0xbf, 0xf7,
    0xbf, 0xf7, 0xbf, 0xf7, 0xdf, 0xf7, 0xbf, 0xf7, 0xbf, 0xf7, 0x9f, 0xf7, 0xbf, 0xf7, 0x9e, 0xef,
    0x5e, 0xe7, 0x61, 0x08, 0x45, 0x29, 0x25, 0x21, 0x41, 0x08, 0x00, 0x00, 0x00, 0x00, 0x00, 0x00,
    0x00, 0x00, 0x00, 0x00, 0x00, 0x00, 0x00, 0x00, 0x00, 0x00, 0x00, 0x00, 0x00, 0x00, 0x00, 0x00,
    0x00, 0x00, 0x00, 0x00, 0x00, 0x00, 0x20, 0x00, 0x61, 0x08, 0x82, 0x10, 0x9f, 0xef, 0xbf, 0xf7,
    0xbf, 0xf7, 0xbf, 0xf7, 0xdf, 0xf7, 0xbf, 0xf7, 0xbf, 0xf7, 0x9f, 0xf7, 0xbf, 0xf7, 0x9e, 0xef,
    0x5e, 0xe7, 0x61, 0x08, 0x86, 0x29, 0x46, 0x21, 0x62, 0x08, 0x00, 0x00, 0x00, 0x00, 0x00, 0x00,
    0x00, 0x00, 0x00, 0x00, 0x00, 0x00, 0x00, 0x00, 0x00, 0x00, 0x00, 0x00, 0x00, 0x00, 0x00, 0x00,
    0x00, 0x00, 0x00, 0x00, 0x00, 0x00, 0x40, 0x00, 0x82, 0x10, 0x75, 0xad, 0x9f, 0xf7, 0xdf, 0xf7,
    0xbf, 0xf7, 0xbf, 0xf7, 0xbf, 0xf7, 0xdf, 0xf7, 0xbf, 0xf7, 0xbf, 0xf7, 0x9f, 0xef, 0x9f, 0xef,
    0xbf, 0xf7, 0xbf, 0xf7, 0x3d, 0xdf, 0x7c, 0xc6, 0x59, 0x95, 0xf9, 0x8c, 0x8d, 0x42, 0x00, 0x00,
    0x00, 0x00, 0x00, 0x00, 0x00, 0x00, 0x00, 0x00, 0x00, 0x00, 0x00, 0x00, 0x00, 0x00, 0x00, 0x00,
    0x00, 0x00, 0x00, 0x00, 0x00, 0x00, 0x40, 0x00, 0x82, 0x10, 0x75, 0xad, 0x9f, 0xf7, 0xdf, 0xf7,
    0xbf, 0xf7, 0xbf, 0xf7, 0xbf, 0xf7, 0xdf, 0xf7, 0xbf, 0xf7, 0xbf, 0xf7, 0x9f, 0xef, 0x9f, 0xef,
    0xbf, 0xf7, 0xbf, 0xf7, 0x3d, 0xdf, 0x7c, 0xc6, 0x59, 0x95, 0xf9, 0x8c, 0x6c, 0x42, 0x00, 0x00,
    0x00, 0x00, 0x00, 0x00, 0x00, 0x00, 0x00, 0x00, 0x00, 0x00, 0x00, 0x00, 0x00, 0x00, 0x00, 0x00,
    0x00, 0x00, 0x00, 0x00, 0x00, 0x00, 0x40, 0x00, 0x82, 0x10, 0x75, 0xad, 0x9f, 0xf7, 0xdf, 0xf7,
    0xbf, 0xf7, 0xbf, 0xf7, 0xbf, 0xf7, 0xdf, 0xf7, 0xbf, 0xf7, 0xbf, 0xf7, 0x9f, 0xef, 0x9f, 0xef,
    0xbf, 0xf7, 0xbf, 0xf7, 0x3d, 0xdf, 0x7c, 0xc6, 0x59, 0x95, 0xf9, 0x8c, 0x2b, 0x3a, 0x00, 0x00,
    0x00, 0x00, 0x00, 0x00, 0x00, 0x00, 0x00, 0x00, 0x00, 0x00, 0x00, 0x00, 0x00, 0x00, 0x00, 0x00,
    0x00, 0x00, 0x00, 0x00, 0x00, 0x00, 0x40, 0x00, 0x82, 0x10, 0x75, 0xad, 0x9f, 0xf7, 0xdf, 0xf7,
    0xbf, 0xf7, 0xbf, 0xf7, 0xbf, 0xf7, 0xdf, 0xf7, 0xbf, 0xf7, 0xbf, 0xf7, 0x9f, 0xef, 0x9f, 0xef,
    0xbf, 0xf7, 0xbf, 0xf7, 0x1d, 0xdf, 0x7c, 0xc6, 0x59, 0x95, 0xf9, 0x8c, 0x0b, 0x3a, 0x00, 0x00,
    0x00, 0x00, 0x00, 0x00, 0x00, 0x00, 0x00, 0x00, 0x00, 0x00, 0x00, 0x00, 0x00, 0x00, 0x00, 0x00,
    0x00, 0x00, 0x00, 0x00, 0x00, 0x00, 0x40, 0x00, 0x82, 0x10, 0x75, 0xad, 0x9f, 0xf7, 0xdf, 0xf7,
    0xbf, 0xf7, 0xbf, 0xf7, 0xbf, 0xf7, 0xdf, 0xf7, 0xbf, 0xf7, 0xbf, 0xf7, 0x9f, 0xef, 0x9f, 0xef,
    0xbf, 0xf7, 0xbf, 0xf7, 0x1d, 0xdf, 0x7c, 0xc6, 0x59, 0x95, 0xf9, 0x8c, 0xea, 0x31, 0x00, 0x00,
    0x00, 0x00, 0x00, 0x00, 0x00, 0x00, 0x00, 0x00, 0x00, 0x00, 0x00, 0x00, 0x00, 0x00, 0x00, 0x00,
    0x00, 0x00, 0x00, 0x00, 0x00, 0x00, 0x40, 0x00, 0x82, 0x10, 0x75, 0xad, 0x9f, 0xf7, 0xdf, 0xf7,
    0xbf, 0xf7, 0xbf, 0xf7, 0xbf, 0xf7, 0xdf, 0xf7, 0xbf, 0xf7, 0xbf, 0xf7, 0x9f, 0xef, 0x9f, 0xef,
    0xbf, 0xf7, 0xbf, 0xf7, 0x3d, 0xdf, 0x7c, 0xc6, 0x59, 0x95, 0xf9, 0x8c, 0xc9, 0x31, 0x00, 0x00,
    0x00, 0x00, 0x00, 0x00, 0x00, 0x00, 0x00, 0x00, 0x00, 0x00, 0x00, 0x00, 0x00, 0x00, 0x00, 0x00,
    0x00, 0x00, 0x00, 0x00, 0x00, 0x00, 0x40, 0x00, 0x82, 0x10, 0x75, 0xad, 0x9f, 0xf7, 0xdf, 0xf7,
    0xbf, 0xf7, 0xbf, 0xf7, 0xbf, 0xf7, 0xdf, 0xf7, 0xbf, 0xf7, 0xbf, 0xf7, 0x9f, 0xef, 0x9f, 0xef,
    0xbf, 0xf7, 0xbf, 0xf7, 0x3d, 0xdf, 0x7c, 0xc6, 0x59, 0x95, 0xf9, 0x8c, 0xea, 0x31, 0x00, 0x00,
    0x00, 0x00, 0x00, 0x00, 0x00, 0x00, 0x00, 0x00, 0x00, 0x00, 0x00, 0x00, 0x00, 0x00, 0x00, 0x00,
    0x00, 0x00, 0x00, 0x00, 0x00, 0x00, 0x40, 0x00, 0x82, 0x10, 0x75, 0xad, 0x9f, 0xf7, 0xdf, 0xf7,
    0xbf, 0xf7, 0xbf, 0xf7, 0xbf, 0xf7, 0xdf, 0xf7, 0xbf, 0xf7, 0xbf, 0xf7, 0x9f, 0xef, 0x9f, 0xef,
    0xbf, 0xf7, 0xbf, 0xf7, 0x3d, 0xdf, 0x7c, 0xc6, 0x59, 0x95, 0xf9, 0x8c, 0x0b, 0x3a, 0x00, 0x00,
    0x00, 0x00, 0x00, 0x00, 0x00, 0x00, 0x00, 0x00, 0x00, 0x00, 0x00, 0x00, 0x00, 0x00, 0x00, 0x00,
    0x00, 0x00, 0x00, 0x00, 0x00, 0x00, 0x40, 0x00, 0x82, 0x10, 0x75, 0xad, 0x9f, 0xf7, 0xdf, 0xf7,
    0xbf, 0xf7, 0xbf, 0xf7, 0xbf, 0xf7, 0xdf, 0xf7, 0xbf, 0xf7, 0xbf, 0xf7, 0x9f, 0xef, 0x9f, 0xef,
    0xbf, 0xf7, 0xbf, 0xf7, 0x3d, 0xdf, 0x7c, 0xc6, 0x59, 0x95, 0xf9, 0x8c, 0x4c, 0x42, 0x00, 0x00,
    0x00, 0x00, 0x00, 0x00, 0x00, 0x00, 0x00, 0x00, 0x00, 0x00, 0x00, 0x00, 0x00, 0x00, 0x00, 0x00,
    0x00, 0x00, 0x00, 0x00, 0x00, 0x00, 0x40, 0x00, 0x82, 0x10, 0x75, 0xad, 0x9f, 0xf7, 0xdf, 0xf7,
    0xbf, 0xf7, 0xbf, 0xf7, 0xbf, 0xf7, 0xdf, 0xf7, 0xbf, 0xf7, 0xbf, 0xf7, 0x9f, 0xef, 0x9f, 0xef,
    0xbf, 0xf7, 0xbf, 0xf7, 0x3d, 0xdf, 0x7c, 0xc6, 0x59, 0x95, 0xf9, 0x8c, 0x6d, 0x42, 0x00, 0x00,
    0x00, 0x00, 0x00, 0x00, 0x00, 0x00, 0x00, 0x00, 0x00, 0x00, 0x00, 0x00, 0x00, 0x00, 0x00, 0x00,
    0x00, 0x00, 0x00, 0x00, 0x00, 0x00, 0x40, 0x00, 0x81, 0x08, 0x9f, 0xef, 0xbf, 0xf7, 0xbf, 0xf7,
    0xdf, 0xf7, 0xbf, 0xf7, 0xbf, 0xf7, 0xbf, 0xf7, 0xbf, 0xf7, 0xbf, 0xf7, 0x7e, 0xef, 0xbf, 0xf7,
    0xbe, 0xef, 0x7e, 0xef, 0x1d, 0xdf, 0x3c, 0xbe, 0x59, 0x9d, 0xf8, 0x8c, 0x76, 0x74, 0xef, 0x4a,
    0x00, 0x00, 0x00, 0x00, 0x00, 0x00, 0x00, 0x00, 0x00, 0x00, 0x00, 0x00, 0x00, 0x00, 0x00, 0x00,
    0x00, 0x00, 0x00, 0x00, 0x00, 0x00, 0x40, 0x00, 0x81, 0x08, 0x9f, 0xef, 0xbf, 0xf7, 0xbf, 0xf7,
    0xdf, 0xf7, 0xbf, 0xf7, 0xbf, 0xf7, 0xbf, 0xf7, 0xbf, 0xf7, 0xbf, 0xf7, 0x7e, 0xef, 0xbf, 0xf7,
    0xbe, 0xef, 0x7e, 0xef, 0x1d, 0xdf, 0x5c, 0xbe, 0x59, 0x95, 0xf8, 0x8c, 0x76, 0x7c, 0xef, 0x4a,
    0x00, 0x00, 0x00, 0x00, 0x00, 0x00, 0x00, 0x00, 0x00, 0x00, 0x00, 0x00, 0x00, 0x00, 0x00, 0x00,
    0x00, 0x00, 0x00, 0x00, 0x00, 0x00, 0x40, 0x00, 0x81, 0x08, 0x9f, 0xef, 0xbf, 0xf7, 0xbf, 0xf7,
    0xdf, 0xf7, 0xbf, 0xf7, 0xbf, 0xf7, 0xbf, 0xf7, 0xbf, 0xf7, 0xbf, 0xf7, 0x7e, 0xef, 0xbf, 0xf7,
    0xbe, 0xef, 0x7e, 0xef, 0x1d, 0xd7, 0x5c, 0xbe, 0x59, 0x95, 0xf8, 0x8c, 0x76, 0x7c, 0xcf, 0x4a,
    0x00, 0x00, 0x00, 0x00, 0x00, 0x00, 0x00, 0x00, 0x00, 0x00, 0x00, 0x00, 0x00, 0x00, 0x00, 0x00,
    0x00, 0x00, 0x00, 0x00, 0x00, 0x00, 0x40, 0x00, 0x81, 0x08, 0x9f, 0xef, 0xbf, 0xf7, 0xbf, 0xf7,
    0xdf, 0xf7, 0xbf, 0xf7, 0xbf, 0xf7, 0xbf, 0xf7, 0xbf, 0xf7, 0xbf, 0xf7, 0x7e, 0xef, 0xbf, 0xf7,
    0xbe, 0xef, 0x7e, 0xef, 0xfd, 0xd6, 0x3c, 0xb6, 0x59, 0x95, 0xf8, 0x8c, 0x76, 0x74, 0xae, 0x42,
    0x00, 0x00, 0x00, 0x00, 0x00, 0x00, 0x00, 0x00, 0x00, 0x00, 0x00, 0x00, 0x00, 0x00, 0x00, 0x00,
    0x00, 0x00, 0x00, 0x00, 0x00, 0x00, 0x40, 0x00, 0x81, 0x08, 0x9f, 0xef, 0xbf, 0xf7, 0xbf, 0xf7,
    0xdf, 0xf7, 0xbf, 0xf7, 0xbf, 0xf7, 0xbf, 0xf7, 0xbf, 0xf7, 0xbf, 0xf7, 0x7e, 0xef, 0xbf, 0xf7,
    0xbe, 0xef, 0x7e, 0xef, 0xfd, 0xd6, 0x3c, 0xb6, 0x59, 0x95, 0xf8, 0x8c, 0x56, 0x74, 0x8e, 0x42,
    0x00, 0x00, 0x00, 0x00, 0x00, 0x00, 0x00, 0x00, 0x00, 0x00, 0x00, 0x00, 0x00, 0x00, 0x00, 0x00,
    0x00, 0x00, 0x00, 0x00, 0x00, 0x00, 0x40, 0x00, 0x81, 0x08, 0x9f, 0xef, 0xbf, 0xf7, 0xbf, 0xf7,
    0xdf, 0xf7, 0xbf, 0xf7, 0xbf, 0xf7, 0xbf, 0xf7, 0xbf, 0xf7, 0xbf, 0xf7, 0x7e, 0xef, 0xbf, 0xf7,
    0xbe, 0xef, 0x7e, 0xef, 0xfd, 0xd6, 0x3c, 0xb6, 0x59, 0x95, 0xf8, 0x8c, 0x56, 0x74, 0x6d, 0x3a,
    0x00, 0x00, 0x00, 0x00, 0x00, 0x00, 0x00, 0x00, 0x00, 0x00, 0x00, 0x00, 0x00, 0x00, 0x00, 0x00,
    0x00, 0x00, 0x00, 0x00, 0x00, 0x00, 0x40, 0x00, 0x81, 0x08, 0x9f, 0xef, 0xbf, 0xf7, 0xbf, 0xf7,
    0xdf, 0xf7, 0xbf, 0xf7, 0xbf, 0xf7, 0xbf, 0xf7, 0xbf, 0xf7, 0xbf, 0xf7, 0x7e, 0xef, 0xbf, 0xf7,
    0xbe, 0xef, 0x7e, 0xef, 0xfd, 0xd6, 0x5c, 0xbe, 0x59, 0x95, 0xf8, 0x8c, 0x56, 0x74, 0x6d, 0x3a,
    0x00, 0x00, 0x00, 0x00, 0x00, 0x00, 0x00, 0x00, 0x00, 0x00, 0x00, 0x00, 0x00, 0x00, 0x00, 0x00,
    0x00, 0x00, 0x00, 0x00, 0x00, 0x00, 0x40, 0x00, 0x81, 0x08, 0x9f, 0xef, 0xbf, 0xf7, 0xbf, 0xf7,
    0xdf, 0xf7, 0xbf, 0xf7, 0xbf, 0xf7, 0xbf, 0xf7, 0xbf, 0xf7, 0xbf, 0xf7, 0x7e, 0xef, 0xbf, 0xf7,
    0xbe, 0xef, 0x7e, 0xef, 0x1d, 0xd7, 0x3c, 0xbe, 0x59, 0x95, 0xf8, 0x8c, 0x56, 0x74, 0x6d, 0x3a,
    0x00, 0x00, 0x00, 0x00, 0x00, 0x00, 0x00, 0x00, 0x00, 0x00, 0x00, 0x00, 0x00, 0x00, 0x00, 0x00,
    0x00, 0x00, 0x00, 0x00, 0x00, 0x00, 0x40, 0x00, 0x81, 0x08, 0x9f, 0xef, 0xbf, 0xf7, 0xbf, 0xf7,
    0xdf, 0xf7, 0xbf, 0xf7, 0xbf, 0xf7, 0xbf, 0xf7, 0xbf, 0xf7, 0xbf, 0xf7, 0x7e, 0xef, 0xbf, 0xf7,
    0xbe, 0xef, 0x7e, 0xef, 0x1d, 0xdf, 0x3c, 0xbe, 0x59, 0x9d, 0xf8, 0x8c, 0x56, 0x74, 0xae, 0x42,
    0x00, 0x00, 0x00, 0x00, 0x00, 0x00, 0x00, 0x00, 0x00, 0x00, 0x00, 0x00, 0x00, 0x00, 0x00, 0x00,
    0x00, 0x00, 0x00, 0x00, 0x00, 0x00, 0x40, 0x00, 0x81, 0x08, 0x9f, 0xef, 0xbf, 0xf7, 0xbf, 0xf7,
    0xdf, 0xf7, 0xbf, 0xf7, 0xbf, 0xf7, 0xbf, 0xf7, 0xbf, 0xf7, 0xbf, 0xf7, 0x7e, 0xef, 0xbf, 0xf7,
    0xbe, 0xef, 0x7e, 0xef, 0x1d, 0xdf, 0x3c, 0xbe, 0x79, 0x9d, 0xf8, 0x8c, 0x56, 0x74, 0xcf, 0x4a,
    0x00, 0x00, 0x00, 0x00, 0x00, 0x00, 0x00, 0x00, 0x00, 0x00, 0x00, 0x00, 0x00, 0x00, 0x00, 0x00,
    0x00, 0x00, 0x00, 0x00, 0x00, 0x00, 0x61, 0x08, 0x86, 0x31, 0xbf, 0xf7, 0xbf, 0xf7, 0xbf, 0xf7,
    0xbf, 0xf7, 0xdf, 0xf7, 0xdf, 0xf7, 0xbf, 0xf7, 0xbf, 0xf7, 0xbf, 0xf7, 0xfd, 0xd6, 0x1d, 0xdf,
    0x1d, 0xdf, 0xfd, 0xde, 0x7c, 0xc6, 0x99, 0xa5, 0xd8, 0x8c, 0xd8, 0x8c, 0x56, 0x7c, 0xb4, 0x63,
    0xa3, 0x10, 0x00, 0x00, 0x00, 0x00, 0x00, 0x00, 0x00, 0x00, 0x00, 0x00, 0x00, 0x00, 0x00, 0x00,
    0x00, 0x00, 0x00, 0x00, 0x00, 0x00, 0x61, 0x08, 0x86, 0x31, 0xbf, 0xf7, 0xbf, 0xf7, 0xbf, 0xf7,
    0xbf, 0xf7, 0xdf, 0xf7, 0xdf, 0xf7, 0xbf, 0xf7, 0xbf, 0xf7, 0xbf, 0xf7, 0xfd, 0xd6, 0xfd, 0xde,
    0x1d, 0xd7, 0xfd, 0xde, 0x7c, 0xc6, 0x79, 0x9d, 0xd7, 0x8c, 0xd8, 0x8c, 0x57, 0x7c, 0xb4, 0x5b,
    0xa4, 0x10, 0x00, 0x00, 0x00, 0x00, 0x00, 0x00, 0x00, 0x00, 0x00, 0x00, 0x00, 0x00, 0x00, 0x00,
    0x00, 0x00, 0x00, 0x00, 0x00, 0x00, 0x61, 0x08, 0x86, 0x31, 0xbf, 0xf7, 0xbf, 0xf7, 0xbf, 0xf7,
    0xbf, 0xf7, 0xdf, 0xf7, 0xdf, 0xf7, 0xbf, 0xf7, 0xbf, 0xf7, 0xbf, 0xf7, 0xfd, 0xd6, 0xfd, 0xde,
    0xfd, 0xd6, 0xfd, 0xde, 0x5c, 0xc6, 0x79, 0x9d, 0xd7, 0x84, 0xd8, 0x8c, 0x56, 0x7c, 0xb4, 0x5b,
    0xa4, 0x10, 0x00, 0x00, 0x00, 0x00, 0x00, 0x00, 0x00, 0x00, 0x00, 0x00, 0x00, 0x00, 0x00, 0x00,
    0x00, 0x00, 0x00, 0x00, 0x00, 0x00, 0x61, 0x08, 0x86, 0x31, 0xbf, 0xf7, 0xbf, 0xf7, 0xbf, 0xf7,
    0xbf, 0xf7, 0xdf, 0xf7, 0xdf, 0xf7, 0xbf, 0xf7, 0xbf, 0xf7, 0xbf, 0xf7, 0xfd, 0xd6, 0xfd, 0xde,
    0xfd, 0xd6, 0xfd, 0xd6, 0x7c, 0xc6, 0x59, 0x9d, 0xd7, 0x84, 0xb7, 0x84, 0x35, 0x74, 0xb4, 0x5b,
    0x83, 0x08, 0x00, 0x00, 0x00, 0x00, 0x00, 0x00, 0x00, 0x00, 0x00, 0x00, 0x00, 0x00, 0x00, 0x00,
    0x00, 0x00, 0x00, 0x00, 0x00, 0x00, 0x61, 0x08, 0x86, 0x31, 0xbf, 0xf7, 0xbf, 0xf7, 0xbf, 0xf7,
    0xbf, 0xf7, 0xdf, 0xf7, 0xdf, 0xf7, 0xbf, 0xf7, 0xbf, 0xf7, 0xbf, 0xf7, 0xfd, 0xde, 0xfd, 0xde,
    0xfd, 0xd6, 0xdd, 0xd6, 0x5c, 0xbe, 0x59, 0x9d, 0xd7, 0x84, 0xb7, 0x84, 0x35, 0x74, 0x93, 0x5b,
    0x62, 0x08, 0x00, 0x00, 0x00, 0x00, 0x00, 0x00, 0x00, 0x00, 0x00, 0x00, 0x00, 0x00, 0x00, 0x00,
    0x00, 0x00, 0x00, 0x00, 0x00, 0x00, 0x61, 0x08, 0x86, 0x31, 0xbf, 0xf7, 0xbf, 0xf7, 0xbf, 0xf7,
    0xbf, 0xf7, 0xdf, 0xf7, 0xdf, 0xf7, 0xbf, 0xf7, 0xbf, 0xf7, 0xbf, 0xf7, 0x1d, 0xdf, 0xfd, 0xde,
    0xfd, 0xd6, 0xfd, 0xd6, 0x5c, 0xbe, 0x59, 0x9d, 0xb7, 0x84, 0xd7, 0x8c, 0x56, 0x7c, 0x93, 0x5b,
    0x42, 0x08, 0x00, 0x00, 0x00, 0x00, 0x00, 0x00, 0x00, 0x00, 0x00, 0x00, 0x00, 0x00, 0x00, 0x00,
    0x00, 0x00, 0x00, 0x00, 0x00, 0x00, 0x61, 0x08, 0x86, 0x31, 0xbf, 0xf7, 0xbf, 0xf7, 0xbf, 0xf7,
    0xbf, 0xf7, 0xdf, 0xf7, 0xdf, 0xf7, 0xbf, 0xf7, 0xbf, 0xf7, 0xbf, 0xf7, 0x1d, 0xdf, 0xfd, 0xde,
    0xfd, 0xd6, 0xfd, 0xd6, 0x7c, 0xc6, 0x79, 0x9d, 0xb7, 0x84, 0xd8, 0x8c, 0x56, 0x7c, 0x93, 0x5b,
    0x41, 0x00, 0x00, 0x00, 0x00, 0x00, 0x00, 0x00, 0x00, 0x00, 0x00, 0x00, 0x00, 0x00, 0x00, 0x00,
    0x00, 0x00, 0x00, 0x00, 0x00, 0x00, 0x61, 0x08, 0x86, 0x31, 0xbf, 0xf7, 0xbf, 0xf7, 0xbf, 0xf7,
    0xbf, 0xf7, 0xdf, 0xf7, 0xdf, 0xf7, 0xbf, 0xf7, 0xbf, 0xf7, 0xbf, 0xf7, 0x1d, 0xdf, 0xfd, 0xde,
    0xfd, 0xd6, 0xfd, 0xde, 0x7c, 0xc6, 0x79, 0x9d, 0xd7, 0x8c, 0xd8, 0x8c, 0x56, 0x7c, 0x93, 0x63,
    0x41, 0x00, 0x00, 0x00, 0x00, 0x00, 0x00, 0x00, 0x00, 0x00, 0x00, 0x00, 0x00, 0x00, 0x00, 0x00,
    0x00, 0x00, 0x00, 0x00, 0x00, 0x00, 0x61, 0x08, 0x86, 0x31, 0xbf, 0xf7, 0xbf, 0xf7, 0xbf, 0xf7,
    0xbf, 0xf7, 0xdf, 0xf7, 0xdf, 0xf7, 0xbf, 0xf7, 0xbf, 0xf7, 0xbf, 0xf7, 0xfd, 0xde, 0xfd, 0xde,
    0xfd, 0xd6, 0xfd, 0xde, 0x7c, 0xc6, 0x99, 0xa5, 0xd8, 0x8c, 0xd8, 0x8c, 0x56, 0x7c, 0xb3, 0x63,
    0x62, 0x08, 0x00, 0x00, 0x00, 0x00, 0x00, 0x00, 0x00, 0x00, 0x00, 0x00, 0x00, 0x00, 0x00, 0x00,
    0x00, 0x00, 0x00, 0x00, 0x00, 0x00, 0x61, 0x08, 0x86, 0x31, 0xbf, 0xf7, 0xbf, 0xf7, 0xbf, 0xf7,
    0xbf, 0xf7, 0xdf, 0xf7, 0xdf, 0xf7, 0xbf, 0xf7, 0xbf, 0xf7, 0xbf, 0xf7, 0xfd, 0xd6, 0xfd, 0xde,
    0x1d, 0xdf, 0xfd, 0xde, 0x7c, 0xc6, 0x99, 0xa5, 0xd8, 0x8c, 0xd8, 0x8c, 0x56, 0x7c, 0x93, 0x63,
    0x83, 0x08, 0x00, 0x00, 0x00, 0x00, 0x00, 0x00, 0x00, 0x00, 0x00, 0x00, 0x00, 0x00, 0x00, 0x00,
    0x00, 0x00, 0x00, 0x00, 0x40, 0x00, 0x82, 0x08, 0x29, 0x42, 0x9e, 0xef, 0xbf, 0xf7, 0xbf, 0xf7,
    0xbf, 0xf7, 0xbf, 0xf7, 0xdf, 0xf7, 0xdf, 0xf7, 0xbf, 0xf7, 0x9f, 0xf7, 0x9a, 0xa5, 0xba, 0xa5,
    0xda, 0xad, 0x59, 0xa5, 0xf8, 0x8c, 0xb7, 0x84, 0x76, 0x7c, 0x36, 0x74, 0x1d, 0xdf, 0x7e, 0xef,
    0xdd, 0xce, 0x9a, 0xa5, 0xf9, 0x8c, 0xe5, 0x18, 0x00, 0x00, 0x00, 0x00, 0x00, 0x00, 0x00, 0x00,
    0x00, 0x00, 0x00, 0x00, 0x40, 0x00, 0x82, 0x08, 0x29, 0x42, 0x9e, 0xef, 0xbf, 0xf7, 0xbf, 0xf7,
    0xbf, 0xf7, 0xbf, 0xf7, 0xdf, 0xf7, 0xdf, 0xf7, 0xbf, 0xf7, 0x9f, 0xf7, 0x7a, 0xa5, 0xba, 0xa5,
    0xda, 0xad, 0x59, 0x9d, 0xd8, 0x8c, 0x97, 0x84, 0x56, 0x7c, 0x16, 0x74, 0xfd, 0xd6, 0x7e, 0xef,
    0xdd, 0xce, 0x7a, 0xa5, 0xf9, 0x8c, 0xa4, 0x10, 0x00, 0x00, 0x00, 0x00, 0x00, 0x00, 0x00, 0x00,
    0x00, 0x00, 0x00, 0x00, 0x40, 0x00, 0x82, 0x08, 0x29, 0x42, 0x9e, 0xef, 0xbf, 0xf7, 0xbf, 0xf7,
    0xbf, 0xf7, 0xbf, 0xf7, 0xdf, 0xf7, 0xdf, 0xf7, 0xbf, 0xf7, 0x9f, 0xf7, 0x7a, 0xa5, 0xba, 0xa5,
    0xda, 0xad, 0x59, 0x9d, 0xd8, 0x84, 0x97, 0x7c, 0x56, 0x74, 0x16, 0x74, 0xdc, 0xd6, 0x7e, 0xe7,
    0xdd, 0xce, 0x7a, 0x9d, 0xf9, 0x8c, 0x83, 0x08, 0x00, 0x00, 0x00, 0x00, 0x00, 0x00, 0x00, 0x00,
    0x00, 0x00, 0x00, 0x00, 0x40, 0x00, 0x82, 0x08, 0x29, 0x42, 0x9e, 0xef, 0xbf, 0xf7, 0xbf, 0xf7,
    0xbf, 0xf7, 0xbf, 0xf7, 0xdf, 0xf7, 0xdf, 0xf7, 0xbf, 0xf7, 0x9f, 0xf7, 0x9a, 0xa5, 0xba, 0xa5,
    0xba, 0xad, 0x39, 0x9d, 0xb8, 0x84, 0x77, 0x7c, 0x36, 0x74, 0x15, 0x74, 0xbc, 0xc6, 0x5e, 0xe7,
    0xdd, 0xce, 0x7a, 0x9d, 0xf8, 0x8c, 0x62, 0x08, 0x00, 0x00, 0x00, 0x00, 0x00, 0x00, 0x00, 0x00,
    0x00, 0x00, 0x00, 0x00, 0x40, 0x00, 0x82, 0x08, 0x29, 0x42, 0x9e, 0xef, 0xbf, 0xf7, 0xbf, 0xf7,
    0xbf, 0xf7, 0xbf, 0xf7, 0xdf, 0xf7, 0xdf, 0xf7, 0xbf, 0xf7, 0x9f, 0xf7, 0x9a, 0xa5, 0xba, 0xa5,
    0xba, 0xad, 0x39, 0x9d, 0xb7, 0x84, 0x77, 0x7c, 0x36, 0x74, 0xf5, 0x73, 0xbc, 0xc6, 0x5e, 0xe7,
    0xdd, 0xce, 0x7a, 0x9d, 0xf8, 0x8c, 0x62, 0x08, 0x00, 0x00, 0x00, 0x00, 0x00, 0x00, 0x00, 0x00,
    0x00, 0x00, 0x00, 0x00, 0x40, 0x00, 0x82, 0x08, 0x29, 0x42, 0x9e, 0xef, 0xbf, 0xf7, 0xbf, 0xf7,
    0xbf, 0xf7, 0xbf, 0xf7, 0xdf, 0xf7, 0xdf, 0xf7, 0xbf, 0xf7, 0x9f, 0xf7, 0xba, 0xa5, 0xba, 0xa5,
    0xba, 0xad, 0x39, 0x9d, 0xb7, 0x84, 0x77, 0x7c, 0x36, 0x74, 0x15, 0x74, 0xbc, 0xce, 0x7e, 0xe7,
    0xdd, 0xce, 0x7a, 0x9d, 0xf8, 0x8c, 0x62, 0x08, 0x00, 0x00, 0x00, 0x00, 0x00, 0x00, 0x00, 0x00,
    0x00, 0x00, 0x00, 0x00, 0x40, 0x00, 0x82, 0x08, 0x29, 0x42, 0x9e, 0xef, 0xbf, 0xf7, 0xbf, 0xf7,
    0xbf, 0xf7, 0xbf, 0xf7, 0xdf, 0xf7, 0xdf, 0xf7, 0xbf, 0xf7, 0x9f, 0xf7, 0xba, 0xad, 0xba, 0xa5,
    0xba, 0xad, 0x39, 0x9d, 0xb8, 0x84, 0x77, 0x7c, 0x36, 0x74, 0x16, 0x74, 0xfd, 0xd6, 0x7e, 0xef,
    0xdd, 0xce, 0x7a, 0x9d, 0xf9, 0x8c, 0x83, 0x10, 0x00, 0x00, 0x00, 0x00, 0x00, 0x00, 0x00, 0x00,
    0x00, 0x00, 0x00, 0x00, 0x40, 0x00, 0x82, 0x08, 0x29, 0x42, 0x9e, 0xef, 0xbf, 0xf7, 0xbf, 0xf7,
    0xbf, 0xf7, 0xbf, 0xf7, 0xdf, 0xf7, 0xdf, 0xf7, 0xbf, 0xf7, 0x9f, 0xf7, 0xba, 0xad, 0xba, 0xa5,
    0xba, 0xad, 0x59, 0x9d, 0xd8, 0x84, 0x97, 0x7c, 0x56, 0x74, 0x36, 0x74, 0x1d, 0xdf, 0x7e, 0xef,
    0xdd, 0xce, 0x7a, 0xa5, 0xf9, 0x8c, 0xc4, 0x10, 0x00, 0x00, 0x00, 0x00, 0x00, 0x00, 0x00, 0x00,
    0x00, 0x00, 0x00, 0x00, 0x40, 0x00, 0x82, 0x08, 0x29, 0x42, 0x9e, 0xef, 0xbf, 0xf7, 0xbf, 0xf7,
    0xbf, 0xf7, 0xbf, 0xf7, 0xdf, 0xf7, 0xdf, 0xf7, 0xbf, 0xf7, 0x9f, 0xf7, 0x9a, 0xa5, 0xba, 0xa5,
    0xba, 0xad, 0x79, 0x9d, 0xd8, 0x84, 0xb7, 0x84, 0x76, 0x7c, 0x36, 0x74, 0x3d, 0xdf, 0x7e, 0xef,
    0xdd, 0xce, 0x9a, 0xa5, 0xf9, 0x8c, 0xe5, 0x18, 0x00, 0x00, 0x00, 0x00, 0x00, 0x00, 0x00, 0x00,
    0x00, 0x00, 0x00, 0x00, 0x40, 0x00, 0x82, 0x08, 0x29, 0x42, 0x9e, 0xef, 0xbf, 0xf7, 0xbf, 0xf7,
    0xbf, 0xf7, 0xbf, 0xf7, 0xdf, 0xf7, 0xdf, 0xf7, 0xbf, 0xf7, 0x9f, 0xf7, 0x9a, 0xa5, 0xba, 0xa5,
    0xda, 0xad, 0x59, 0x9d, 0xf8, 0x8c, 0xb7, 0x84, 0x76, 0x7c, 0x36, 0x74, 0x3d, 0xe7, 0x7e, 0xef,
    0xdd, 0xce, 0x9a, 0xa5, 0xf9, 0x8c, 0x05, 0x19, 0x00, 0x00, 0x00, 0x00, 0x00, 0x00, 0x00, 0x00,
    0x00, 0x00, 0x00, 0x00, 0x00, 0x00, 0x82, 0x10, 0xa6, 0x31, 0x9e, 0xef, 0x9e, 0xef, 0xbf, 0xf7,
    0xbf, 0xf7, 0xbf, 0xf7, 0x9f, 0xef, 0xdf, 0xf7, 0x5e, 0xe7, 0x3c, 0xbe, 0x97, 0x84, 0x97, 0x84,
    0xb8, 0x84, 0x97, 0x7c, 0x76, 0x7c, 0x77, 0x7c, 0x36, 0x74, 0x3e, 0xdf, 0x5e, 0xe7, 0x5e, 0xe7,
    0xbc, 0xce, 0x5a, 0x9d, 0xd8, 0x8c, 0x56, 0x7c, 0xc4, 0x10, 0x00, 0x00, 0x00, 0x00, 0x00, 0x00,
    0x00, 0x00, 0x00, 0x00, 0x00, 0x00, 0x82, 0x10, 0xa6, 0x31, 0x9e, 0xef, 0x9e, 0xef, 0xbf, 0xf7,
    0xbf, 0xf7, 0xbf, 0xf7, 0x9f, 0xef, 0xdf, 0xf7, 0x5e, 0xe7, 0x3c, 0xbe, 0x97, 0x84, 0x97, 0x84,
    0xb8, 0x84, 0x97, 0x7c, 0x56, 0x7c, 0x56, 0x7c, 0x35, 0x74, 0x3e, 0xdf, 0x5d, 0xe7, 0x5e, 0xe7,
    0xbd, 0xce, 0x7a, 0x9d, 0xd8, 0x8c, 0x56, 0x7c, 0xa4, 0x10, 0x00, 0x00, 0x00, 0x00, 0x00, 0x00,
    0x00, 0x00, 0x00, 0x00, 0x00, 0x00, 0x82, 0x10, 0xa6, 0x31, 0x9e, 0xef, 0x9e, 0xef, 0xbf, 0xf7,
    0xbf, 0xf7, 0xbf, 0xf7, 0x9e, 0xef, 0xdf, 0xf7, 0x5e, 0xe7, 0x3c, 0xbe, 0x97, 0x84, 0x97, 0x84,
    0xb8, 0x84, 0x77, 0x7c, 0x56, 0x74, 0x56, 0x7c, 0x15, 0x74, 0x1d, 0xdf, 0x3d, 0xe7, 0x5e, 0xe7,
    0xbd, 0xce, 0x7a, 0x9d, 0xd8, 0x8c, 0x56, 0x7c, 0x83, 0x08, 0x00, 0x00, 0x00, 0x00, 0x00, 0x00,
    0x00, 0x00, 0x00, 0x00, 0x00, 0x00, 0x82, 0x10, 0xa6, 0x31, 0x9e, 0xef, 0x9e, 0xef, 0xbf, 0xf7,
    0xbf, 0xf7, 0xbf, 0xf7, 0x9e, 0xef, 0xbf, 0xf7, 0x5e, 0xe7, 0x3c, 0xbe, 0x97, 0x84, 0x97, 0x84,
    0x97, 0x84, 0x76, 0x7c, 0x36, 0x74, 0x36, 0x74, 0x15, 0x6c, 0xfc, 0xd6, 0x3d, 0xe7, 0x5e, 0xe7,
    0xbd, 0xce, 0x5a, 0x9d, 0xd8, 0x8c, 0x56, 0x7c, 0x62, 0x08, 0x00, 0x00, 0x00, 0x00, 0x00, 0x00,
    0x00, 0x00, 0x00, 0x00, 0x00, 0x00, 0x82, 0x10, 0xa6, 0x31, 0x9e, 0xef, 0x9e, 0xef, 0xbf, 0xf7,
    0xbf, 0xf7, 0xbf, 0xf7, 0x9e, 0xef, 0xbf, 0xf7, 0x5e, 0xe7, 0x3c, 0xb6, 0xb7, 0x84, 0x77, 0x7c,
    0x97, 0x7c, 0x56, 0x7c, 0x35, 0x74, 0x36, 0x74, 0xf5, 0x6b, 0xdc, 0xd6, 0x3d, 0xe7, 0x5e, 0xe7,
    0xbd, 0xce, 0x5a, 0x9d, 0xd8, 0x8c, 0x56, 0x74, 0x41, 0x08, 0x00, 0x00, 0x00, 0x00, 0x00, 0x00,
    0x00, 0x00, 0x00, 0x00, 0x00, 0x00, 0x82, 0x10, 0xa6, 0x31, 0x9e, 0xef, 0x9e, 0xef, 0xbf, 0xf7,
    0xbf, 0xf7, 0xbf, 0xf7, 0x9e, 0xef, 0xbf, 0xf7, 0x5e, 0xe7, 0x1c, 0xb6, 0xb7, 0x84, 0x77, 0x7c,
    0x97, 0x7c, 0x56, 0x74, 0x15, 0x74, 0x36, 0x74, 0xf5, 0x6b, 0xdc, 0xd6, 0x3d, 0xe7, 0x5e, 0xe7,
    0xbd, 0xce, 0x5a, 0x9d, 0xd8, 0x8c, 0x56, 0x74, 0x41, 0x00, 0x00, 0x00, 0x00, 0x00, 0x00, 0x00,
    0x00, 0x00, 0x00, 0x00, 0x00, 0x00, 0x82, 0x10, 0xa6, 0x31, 0x9e, 0xef, 0x9e, 0xef, 0xbf, 0xf7,
    0xbf, 0xf7, 0xbf, 0xf7, 0x9e, 0xef, 0xbf, 0xf7, 0x5e, 0xe7, 0x1c, 0xb6, 0xb7, 0x84, 0x77, 0x7c,
    0x97, 0x7c, 0x76, 0x7c, 0x35, 0x74, 0x36, 0x74, 0x15, 0x6c, 0xfd, 0xd6, 0x3d, 0xe7, 0x5e, 0xe7,
    0xbc, 0xce, 0x5a, 0x9d, 0xd8, 0x8c, 0x56, 0x74, 0x41, 0x08, 0x00, 0x00, 0x00, 0x00, 0x00, 0x00,
    0x00, 0x00, 0x00, 0x00, 0x00, 0x00, 0x82, 0x10, 0xa6, 0x31, 0x9e, 0xef, 0x9e, 0xef, 0xbf, 0xf7,
    0xbf, 0xf7, 0xbf, 0xf7, 0x9e, 0xef, 0xbf, 0xf7, 0x5e, 0xe7, 0x3c, 0xb6, 0xb7, 0x84, 0x77, 0x7c,
    0x97, 0x7c, 0x76, 0x7c, 0x36, 0x74, 0x56, 0x7c, 0x35, 0x74, 0x1d, 0xdf, 0x5e, 0xe7, 0x5e, 0xe7,
    0xbc, 0xce, 0x5a, 0x9d, 0xd8, 0x8c, 0x56, 0x7c, 0x62, 0x08, 0x00, 0x00, 0x00, 0x00, 0x00, 0x00,
    0x00, 0x00, 0x00, 0x00, 0x00, 0x00, 0x82, 0x10, 0xa6, 0x31, 0x9e, 0xef, 0x9e, 0xef, 0xbf, 0xf7,
    0xbf, 0xf7, 0xbf, 0xf7, 0x9e, 0xef, 0xbf, 0xf7, 0x5e, 0xe7, 0x3c, 0xbe, 0xb7, 0x84, 0x97, 0x84,
    0xb7, 0x84, 0x77, 0x7c, 0x56, 0x74, 0x56, 0x7c, 0x35, 0x74, 0x1e, 0xdf, 0x5e, 0xe7, 0x5e, 0xe7,
    0xbc, 0xce, 0x5a, 0x9d, 0xd8, 0x8c, 0x56, 0x7c, 0x83, 0x10, 0x00, 0x00, 0x00, 0x00, 0x00, 0x00,
    0x00, 0x00, 0x00, 0x00, 0x00, 0x00, 0x82, 0x10, 0xa6, 0x31, 0x9e, 0xef, 0x9e, 0xef, 0xbf, 0xf7,
    0xbf, 0xf7, 0xbf, 0xf7, 0x9e, 0xef, 0xdf, 0xf7, 0x5e, 0xe7, 0x3c, 0xbe, 0x97, 0x84, 0x97, 0x84,
    0xb8, 0x84, 0x97, 0x7c, 0x56, 0x7c, 0x77, 0x7c, 0x56, 0x74, 0x5e, 0xdf, 0x5e, 0xe7, 0x5e, 0xe7,
    0xbc, 0xce, 0x5a, 0x9d, 0xd8, 0x8c, 0x56, 0x7c, 0xa4, 0x10, 0x00, 0x00, 0x00, 0x00, 0x00, 0x00,
    0x00, 0x00, 0x00, 0x00, 0x00, 0x00, 0x40, 0x00, 0x81, 0x08, 0x7e, 0xef, 0x9e, 0xef, 0x9f, 0xef,
    0xbf, 0xf7, 0x9e, 0xef, 0xdf, 0xf7, 0xbf, 0xf7, 0x5f, 0xe7, 0x3c, 0xb6, 0x19, 0x95, 0xd4, 0x63,
    0xf5, 0x6b, 0x97, 0x84, 0x39, 0x9d, 0x18, 0x95, 0xb7, 0x84, 0xd9, 0xa5, 0x3b, 0xbe, 0xfb, 0xb5,
    0x19, 0x95, 0x97, 0x84, 0x56, 0x7c, 0xd5, 0x6b, 0x8f, 0x42, 0x00, 0x00, 0x00, 0x00, 0x00, 0x00,
    0x00, 0x00, 0x00, 0x00, 0x00, 0x00, 0x40, 0x00, 0x81, 0x08, 0x7e, 0xef, 0x9e, 0xef, 0x9f, 0xef,
    0xbf, 0xf7, 0x9f, 0xef, 0xdf, 0xf7, 0xbf, 0xf7, 0x5f, 0xe7, 0x3c, 0xb6, 0x19, 0x95, 0xd4, 0x63,
    0xf5, 0x6b, 0x76, 0x7c, 0x18, 0x95, 0xf8, 0x8c, 0x97, 0x7c, 0xda, 0xad, 0x5b, 0xbe, 0xfb, 0xb5,
    0x19, 0x95, 0x97, 0x84, 0x56, 0x7c, 0xd5, 0x6b, 0x8e, 0x42, 0x00, 0x00, 0x00, 0x00, 0x00, 0x00,
    0x00, 0x00, 0x00, 0x00, 0x00, 0x00, 0x40, 0x00, 0x81, 0x08, 0x7e, 0xef, 0x9e, 0xef, 0x9f, 0xef,
    0xbf, 0xf7, 0x9f, 0xef, 0xdf, 0xf7, 0xbf, 0xf7, 0x5f, 0xe7, 0x3c, 0xb6, 0x39, 0x95, 0xd4, 0x63,
    0xf5, 0x6b, 0x76, 0x7c, 0xf7, 0x94, 0xd7, 0x8c, 0x77, 0x74, 0xba, 0xad, 0x5b, 0xbe, 0xfb, 0xb5,
    0x19, 0x95, 0x97, 0x84, 0x56, 0x7c, 0xd5, 0x6b, 0x6d, 0x42, 0x00, 0x00, 0x00, 0x00, 0x00, 0x00,
    0x00, 0x00, 0x00, 0x00, 0x00, 0x00, 0x40, 0x00, 0x81, 0x08, 0x7e, 0xef, 0x9e, 0xef, 0x9f, 0xef,
    0xbf, 0xf7, 0x9f, 0xef, 0xdf, 0xf7, 0xbf, 0xf7, 0x5f, 0xe7, 0x3c, 0xbe, 0x39, 0x95, 0xd4, 0x63,
    0xf5, 0x6b, 0x96, 0x7c, 0xf7, 0x8c, 0xd7, 0x8c, 0x77, 0x7c, 0xba, 0xa5, 0x3b, 0xbe, 0xfb, 0xb5,
    0x19, 0x95, 0x97, 0x84, 0x56, 0x7c, 0xd5, 0x6b, 0x2c, 0x3a, 0x00, 0x00, 0x00, 0x00, 0x00, 0x00,
    0x00, 0x00, 0x00, 0x00, 0x00, 0x00, 0x40, 0x00, 0x81, 0x08, 0x7e, 0xef, 0x9e, 0xef, 0x9f, 0xef,
    0xbf, 0xf7, 0x9f, 0xef, 0xdf, 0xf7, 0xbf, 0xf7, 0x5f, 0xe7, 0x3c, 0xbe, 0x39, 0x95, 0xf4, 0x63,
    0xf5, 0x6b, 0x96, 0x7c, 0x18, 0x95, 0xf8, 0x94, 0x97, 0x84, 0x99, 0xa5, 0x3b, 0xbe, 0xfb, 0xb5,
    0x19, 0x95, 0x97, 0x84, 0x56, 0x7c, 0xd5, 0x6b, 0x0b, 0x32, 0x00, 0x00, 0x00, 0x00, 0x00, 0x00,
    0x00, 0x00, 0x00, 0x00, 0x00, 0x00, 0x40, 0x00, 0x81, 0x08, 0x7e, 0xef, 0x9e, 0xef, 0x9f, 0xef,
    0xbf, 0xf7, 0x9e, 0xef, 0xdf, 0xf7, 0xbf, 0xf7, 0x5f, 0xe7, 0x3c, 0xbe, 0x39, 0x95, 0xf4, 0x63,
    0xf5, 0x6b, 0xd6, 0x84, 0x59, 0x9d, 0x38, 0x9d, 0xb7, 0x84, 0x99, 0xa5, 0x1b, 0xb6, 0xfb, 0xb5,
    0x19, 0x95, 0x97, 0x84, 0x56, 0x7c, 0xd5, 0x6b, 0xeb, 0x31, 0x00, 0x00, 0x00, 0x00, 0x00, 0x00,
    0x00, 0x00, 0x00, 0x00, 0x00, 0x00, 0x40, 0x00, 0x81, 0x08, 0x7e, 0xef, 0x9e, 0xef, 0x9f, 0xef,
    0xbf, 0xf7, 0x9e, 0xef, 0xdf, 0xf7, 0xbf, 0xf7, 0x5f, 0xe7, 0x3c, 0xb6, 0x19, 0x95, 0xd4, 0x63,
    0x15, 0x6c, 0xf7, 0x8c, 0x99, 0xa5, 0x59, 0x9d, 0xd8, 0x8c, 0x79, 0xa5, 0xfa, 0xb5, 0xfb, 0xb5,
    0x19, 0x95, 0x97, 0x84, 0x56, 0x7c, 0xd5, 0x6b, 0xeb, 0x31, 0x00, 0x00, 0x00, 0x00, 0x00, 0x00,
    0x00, 0x00, 0x00, 0x00, 0x00, 0x00, 0x40, 0x00, 0x81, 0x08, 0x7e, 0xef, 0x9e, 0xef, 0x9f, 0xef,
    0xbf, 0xf7, 0x9e, 0xef, 0xdf, 0xf7, 0xbf, 0xf7, 0x5f, 0xe7, 0x3c, 0xb6, 0x19, 0x95, 0xd4, 0x63,
    0x15, 0x6c, 0x17, 0x8d, 0x99, 0xad, 0x79, 0xa5, 0xf8, 0x8c, 0x99, 0x9d, 0xfa, 0xb5, 0xfb, 0xb5,
    0x19, 0x95, 0x97, 0x84, 0x56, 0x7c, 0xd5, 0x6b, 0x2c, 0x3a, 0x00, 0x00, 0x00, 0x00, 0x00, 0x00,
    0x00, 0x00, 0x00, 0x00, 0x00, 0x00, 0x40, 0x00, 0x81, 0x08, 0x7e, 0xef, 0x9e, 0xef, 0x9f, 0xef,
    0xbf, 0xf7, 0x9e, 0xef, 0xdf, 0xf7, 0xbf, 0xf7, 0x5f, 0xe7, 0x3c, 0xb6, 0x19, 0x95, 0xd4, 0x63,
    0x15, 0x6c, 0xf7, 0x8c, 0x99, 0xa5, 0x79, 0x9d, 0xf8, 0x8c, 0x99, 0xa5, 0xfa, 0xb5, 0xfb, 0xb5,
    0x19, 0x95, 0x97, 0x84, 0x56, 0x7c, 0xd5, 0x6b, 0x4d, 0x3a, 0x00, 0x00, 0x00, 0x00, 0x00, 0x00,
    0x00, 0x00, 0x00, 0x00, 0x00, 0x00, 0x40, 0x00, 0x81, 0x08, 0x7e, 0xef, 0x9e, 0xef, 0x9f, 0xef,
    0xbf, 0xf7, 0x9e, 0xef, 0xdf, 0xf7, 0xbf, 0xf7, 0x5f, 0xe7, 0x3c, 0xb6, 0x19, 0x95, 0xd4, 0x63,
    0xf5, 0x6b, 0xf8, 0x8c, 0x79, 0x9d, 0x58, 0x9d, 0xf8, 0x84, 0xb9, 0xa5, 0x1b, 0xb6, 0xfb, 0xb5,
    0x19, 0x95, 0x97, 0x84, 0x56, 0x7c, 0xd5, 0x6b, 0x8e, 0x42, 0x00, 0x00, 0x00, 0x00, 0x00, 0x00,
    0x00, 0x00, 0x00, 0x00, 0x00, 0x00, 0x40, 0x00, 0x62, 0x08, 0x55, 0xa5, 0x7e, 0xef, 0x9f, 0xef,
    0x9e, 0xef, 0x5c, 0xc6, 0xdd, 0xd6, 0xdd, 0xce, 0xda, 0xad, 0xb8, 0x84, 0x3b, 0xbe, 0xdf, 0xf7,
    0x7e, 0xef, 0x9e, 0xef, 0x3e, 0xe7, 0xbd, 0xce, 0xfb, 0xb5, 0x59, 0x95, 0xf8, 0x8c, 0xb8, 0x84,
    0x16, 0x74, 0xf5, 0x63, 0xd4, 0x63, 0x53, 0x5b, 0x47, 0x21, 0x00, 0x00, 0x00, 0x00, 0x00, 0x00,
    0x00, 0x00, 0x00, 0x00, 0x00, 0x00, 0x40, 0x00, 0x62, 0x08, 0x55, 0xa5, 0x7e, 0xef, 0x9f, 0xef,
    0x9e, 0xef, 0x5c, 0xbe, 0xdd, 0xd6, 0xbd, 0xce, 0xda, 0xad, 0xb8, 0x84, 0x1b, 0xb6, 0xdf, 0xf7,
    0x7e, 0xef, 0x9e, 0xef, 0x3e, 0xe7, 0xbd, 0xce, 0xfb, 0xb5, 0x59, 0x95, 0xf8, 0x8c, 0xb8, 0x84,
    0x16, 0x74, 0xf5, 0x6b, 0xb4, 0x63, 0x53, 0x5b, 0x27, 0x19, 0x00, 0x00, 0x00, 0x00, 0x00, 0x00,
    0x00, 0x00, 0x00, 0x00, 0x00, 0x00, 0x40, 0x00, 0x62, 0x08, 0x55, 0xa5, 0x7e, 0xef, 0x9f, 0xef,
    0x9e, 0xef, 0x5c, 0xc6, 0xdd, 0xd6, 0xbd, 0xce, 0xda, 0xad, 0xb8, 0x84, 0xfb, 0xb5, 0xdf, 0xf7,
    0x7e, 0xef, 0x9e, 0xef, 0x3e, 0xe7, 0xbd, 0xce, 0xfb, 0xb5, 0x59, 0x95, 0xf8, 0x8c, 0xb8, 0x84,
    0x16, 0x74, 0x15, 0x6c, 0xb4, 0x63, 0x53, 0x5b, 0x06, 0x19, 0x00, 0x00, 0x00, 0x00, 0x00, 0x00,
    0x00, 0x00, 0x00, 0x00, 0x00, 0x00, 0x40, 0x00, 0x62, 0x08, 0x55, 0xa5, 0x7e, 0xef, 0x9f, 0xef,
    0x9e, 0xef, 0x5c, 0xc6, 0xdd, 0xd6, 0xbd, 0xce, 0xda, 0xad, 0xb8, 0x84, 0xfb, 0xb5, 0xdf, 0xf7,
    0x7e, 0xef, 0x9e, 0xef, 0x3e, 0xe7, 0xbd, 0xce, 0xfb, 0xad, 0x59, 0x95, 0xf8, 0x8c, 0xb8, 0x84,
    0x16, 0x74, 0x15, 0x6c, 0xb4, 0x63, 0x53, 0x5b, 0xc5, 0x10, 0x00, 0x00, 0x00, 0x00, 0x00, 0x00,
    0x00, 0x00, 0x00, 0x00, 0x00, 0x00, 0x40, 0x00, 0x62, 0x08, 0x55, 0xa5, 0x7e, 0xef, 0x9f, 0xef,
    0x9e, 0xef, 0x5c, 0xc6, 0xdd, 0xd6, 0xbd, 0xce, 0xda, 0xad, 0xb8, 0x84, 0x1b, 0xb6, 0xdf, 0xf7,
    0x7e, 0xef, 0x9e, 0xef, 0x3e, 0xdf, 0x9d, 0xc6, 0xfb, 0xad, 0x59, 0x95, 0xf8, 0x8c, 0xb8, 0x84,
    0x16, 0x74, 0x15, 0x6c, 0xb5, 0x63, 0x53, 0x5b, 0xa4, 0x10, 0x00, 0x00, 0x00, 0x00, 0x00, 0x00,
    0x00, 0x00, 0x00, 0x00, 0x00, 0x00, 0x40, 0x00, 0x62, 0x08, 0x55, 0xa5, 0x7e, 0xef, 0x9f, 0xef,
    0x9e, 0xef, 0x5c, 0xc6, 0xdd, 0xd6, 0xdd, 0xce, 0xdb, 0xad, 0xb8, 0x84, 0x3b, 0xbe, 0xdf, 0xf7,
    0x7e, 0xef, 0x9e, 0xef, 0x3e, 0xdf, 0x9d, 0xc6, 0xfb, 0xad, 0x59, 0x95, 0xf8, 0x8c, 0xb8, 0x84,
    0x16, 0x74, 0xd5, 0x6b, 0xb5, 0x63, 0x53, 0x5b, 0xa3, 0x10, 0x00, 0x00, 0x00, 0x00, 0x00, 0x00,
    0x00, 0x00, 0x00, 0x00, 0x00, 0x00, 0x40, 0x00, 0x62, 0x08, 0x55, 0xa5, 0x7e, 0xef, 0x9f, 0xef,
    0x9e, 0xef, 0x5c, 0xc6, 0xdd, 0xd6, 0xdd, 0xce, 0xdb, 0xad, 0xb8, 0x84, 0x5b, 0xbe, 0xdf, 0xf7,
    0x7e, 0xef, 0x9e, 0xef, 0x3e, 0xdf, 0x9d, 0xc6, 0xfb, 0xad, 0x59, 0x95, 0xf8, 0x8c, 0xb8, 0x84,
    0x16, 0x74, 0xd5, 0x63, 0xb4, 0x63, 0x53, 0x5b, 0xa4, 0x10, 0x00, 0x00, 0x00, 0x00, 0x00, 0x00,
    0x00, 0x00, 0x00, 0x00, 0x00, 0x00, 0x40, 0x00, 0x62, 0x08, 0x55, 0xa5, 0x7e, 0xef, 0x9f, 0xef,
    0x9e, 0xef, 0x5c, 0xc6, 0xdd, 0xd6, 0xdd, 0xce, 0xdb, 0xad, 0xb8, 0x84, 0x7c, 0xc6, 0xdf, 0xf7,
    0x7e, 0xef, 0x9e, 0xef, 0x3e, 0xdf, 0xbd, 0xce, 0xfb, 0xad, 0x59, 0x95, 0xf8, 0x8c, 0xb8, 0x84,
    0x16, 0x74, 0xf4, 0x63, 0xb4, 0x63, 0x53, 0x5b, 0xc5, 0x10, 0x00, 0x00, 0x00, 0x00, 0x00, 0x00,
    0x00, 0x00, 0x00, 0x00, 0x00, 0x00, 0x40, 0x00, 0x62, 0x08, 0x55, 0xa5, 0x7e, 0xef, 0x9f, 0xef,
    0x9e, 0xef, 0x5c, 0xc6, 0xdd, 0xd6, 0xdd, 0xce, 0xdb, 0xad, 0xb8, 0x84, 0x7c, 0xc6, 0xdf, 0xf7,
    0x7e, 0xef, 0x9e, 0xef, 0x3e, 0xe7, 0xbd, 0xce, 0xfb, 0xad, 0x59, 0x95, 0xf8, 0x8c, 0xb8, 0x84,
    0x36, 0x74, 0xf4, 0x63, 0xd4, 0x63, 0x53, 0x5b, 0x06, 0x19, 0x00, 0x00, 0x00, 0x00, 0x00, 0x00,
    0x00, 0x00, 0x00, 0x00, 0x00, 0x00, 0x40, 0x00, 0x62, 0x08, 0x55, 0xa5, 0x7e, 0xef, 0x9f, 0xef,
    0x9e, 0xef, 0x5c, 0xc6, 0xdd, 0xd6, 0xdd, 0xce, 0xda, 0xad, 0xb8, 0x84, 0x5c, 0xc6, 0xdf, 0xf7,
    0x7e, 0xef, 0x9e, 0xef, 0x3e, 0xe7, 0xbd, 0xce, 0xfb, 0xad, 0x59, 0x95, 0xf8, 0x8c, 0xb8, 0x84,
    0x36, 0x74, 0xf4, 0x63, 0xd5, 0x63, 0x53, 0x5b, 0x27, 0x21, 0x00, 0x00, 0x00, 0x00, 0x00, 0x00,
    0x00, 0x00, 0x00, 0x00, 0x00, 0x00, 0x20, 0x00, 0x61, 0x08, 0x82, 0x10, 0x5e, 0xe7, 0x9e, 0xef,
    0x9e, 0xef, 0x38, 0x9d, 0xd8, 0x8c, 0xb8, 0x84, 0x56, 0x7c, 0x1b, 0xb6, 0x5e, 0xe7, 0x7f, 0xef,
    0x7f, 0xe7, 0x3e, 0xdf, 0xfe, 0xd6, 0x3c, 0xbe, 0x39, 0x95, 0xf9, 0x8c, 0xd8, 0x8c, 0x77, 0x7c,
    0x16, 0x74, 0x94, 0x63, 0x73, 0x5b, 0xeb, 0x31, 0x00, 0x00, 0x00, 0x00, 0x00, 0x00, 0x00, 0x00,
    0x00, 0x00, 0x00, 0x00, 0x00, 0x00, 0x20, 0x00, 0x61, 0x08, 0x82, 0x10, 0x5e, 0xe7, 0x9e, 0xef,
    0x9e, 0xef, 0x18, 0x95, 0xd8, 0x8c, 0xb8, 0x84, 0x56, 0x7c, 0xfa, 0xb5, 0x5e, 0xe7, 0x7f, 0xef,
    0x7f, 0xe7, 0x3e, 0xdf, 0xfe, 0xd6, 0x3c, 0xbe, 0x39, 0x95, 0xf8, 0x8c, 0xd8, 0x8c, 0x77, 0x7c,
    0x16, 0x74, 0x94, 0x63, 0x73, 0x5b, 0xca, 0x31, 0x00, 0x00, 0x00, 0x00, 0x00, 0x00, 0x00, 0x00,
    0x00, 0x00, 0x00, 0x00, 0x00, 0x00, 0x20, 0x00, 0x61, 0x08, 0x82, 0x10, 0x5e, 0xe7, 0x9e, 0xef,
    0x9e, 0xef, 0x18, 0x95, 0xd8, 0x8c, 0xb8, 0x84, 0x56, 0x7c, 0xda, 0xad, 0x5e, 0xe7, 0x7f, 0xef,
    0x7f, 0xe7, 0x3e, 0xdf, 0xfe, 0xd6, 0x3c, 0xbe, 0x39, 0x95, 0xf8, 0x8c, 0xd8, 0x8c, 0x77, 0x7c,
    0x16, 0x74, 0x94, 0x63, 0x73, 0x5b, 0xa9, 0x29, 0x00, 0x00, 0x00, 0x00, 0x00, 0x00, 0x00, 0x00,
    0x00, 0x00, 0x00, 0x00, 0x00, 0x00, 0x20, 0x00, 0x61, 0x08, 0x82, 0x10, 0x5e, 0xe7, 0x9e, 0xef,
    0x9e, 0xef, 0x18, 0x95, 0xd8, 0x8c, 0xb8, 0x84, 0x56, 0x7c, 0xba, 0xad, 0x5e, 0xe7, 0x7f, 0xef,
    0x7f, 0xe7, 0x3e, 0xdf, 0xfe, 0xd6, 0x3c, 0xbe, 0x39, 0x95, 0xf8, 0x8c, 0xd8, 0x8c, 0x77, 0x7c,
    0x16, 0x74, 0x94, 0x5b, 0x73, 0x5b, 0x88, 0x29, 0x00, 0x00, 0x00, 0x00, 0x00, 0x00, 0x00, 0x00,
    0x00, 0x00, 0x00, 0x00, 0x00, 0x00, 0x20, 0x00, 0x61, 0x08, 0x82, 0x10, 0x5e, 0xe7, 0x9e, 0xef,
    0x9e, 0xef, 0x18, 0x95, 0xd8, 0x8c, 0xb8, 0x84, 0x56, 0x7c, 0xba, 0xad, 0x5e, 0xe7, 0x7f, 0xef,
    0x7f, 0xe7, 0x3e, 0xdf, 0xfe, 0xd6, 0x3c, 0xbe, 0x39, 0x95, 0xf8, 0x8c, 0xd8, 0x8c, 0x77, 0x7c,
    0x16, 0x74, 0x94, 0x5b, 0x73, 0x5b, 0x68, 0x21, 0x00, 0x00, 0x00, 0x00, 0x00, 0x00, 0x00, 0x00,
    0x00, 0x00, 0x00, 0x00, 0x00, 0x00, 0x20, 0x00, 0x61, 0x08, 0x82, 0x10, 0x5e, 0xe7, 0x9e, 0xef,
    0x9e, 0xef, 0x58, 0x9d, 0xd8, 0x8c, 0xb8, 0x84, 0x56, 0x7c, 0xda, 0xad, 0x5e, 0xe7, 0x7f, 0xef,
    0x7f, 0xe7, 0x3e, 0xdf, 0xfe, 0xd6, 0x3c, 0xbe, 0x39, 0x95, 0xf8, 0x8c, 0xd8, 0x8c, 0x77, 0x7c,
    0x16, 0x74, 0x94, 0x5b, 0x73, 0x5b, 0x88, 0x29, 0x00, 0x00, 0x00, 0x00, 0x00, 0x00, 0x00, 0x00,
    0x00, 0x00, 0x00, 0x00, 0x00, 0x00, 0x20, 0x00, 0x61, 0x08, 0x82, 0x10, 0x5e, 0xe7, 0x9e, 0xef,
    0x9e, 0xef, 0x79, 0x9d, 0xd8, 0x8c, 0xb8, 0x84, 0x56, 0x7c, 0xda, 0xb5, 0x5e, 0xe7, 0x7f, 0xef,
    0x7f, 0xe7, 0x3e, 0xdf, 0xde, 0xd6, 0x3c, 0xbe, 0x39, 0x95, 0xf8, 0x8c, 0xd8, 0x8c, 0x77, 0x7c,
    0x16, 0x74, 0x94, 0x63, 0x73, 0x5b, 0xa9, 0x29, 0x00, 0x00, 0x00, 0x00, 0x00, 0x00, 0x00, 0x00,
    0x00, 0x00, 0x00, 0x00, 0x00, 0x00, 0x20, 0x00, 0x61, 0x08, 0x82, 0x10, 0x5e, 0xe7, 0x9e, 0xef,
    0x9e, 0xef, 0x79, 0xa5, 0xd8, 0x8c, 0xb8, 0x84, 0x56, 0x7c, 0xfa, 0xb5, 0x5e, 0xe7, 0x7f, 0xef,
    0x7f, 0xe7, 0x3e, 0xdf, 0xde, 0xd6, 0x3c, 0xbe, 0x39, 0x95, 0xf8, 0x8c, 0xd8, 0x8c, 0x77, 0x7c,
    0x16, 0x74, 0x94, 0x63, 0x73, 0x5b, 0xca, 0x31, 0x00, 0x00, 0x00, 0x00, 0x00, 0x00, 0x00, 0x00,
    0x00, 0x00, 0x00, 0x00, 0x00, 0x00, 0x20, 0x00, 0x61, 0x08, 0x82, 0x10, 0x5e, 0xe7, 0x9e, 0xef,
    0x9e, 0xef, 0x79, 0xa5, 0xd8, 0x8c, 0xb8, 0x84, 0x56, 0x7c, 0x1b, 0xb6, 0x5e, 0xe7, 0x7f, 0xef,
    0x7f, 0xe7, 0x3e, 0xdf, 0xde, 0xd6, 0x3c, 0xbe, 0x39, 0x95, 0xf8, 0x8c, 0xd8, 0x8c, 0x77, 0x7c,
    0x16, 0x74, 0x94, 0x63, 0x73, 0x5b, 0x0b, 0x32, 0x00, 0x00, 0x00, 0x00, 0x00, 0x00, 0x00, 0x00,
    0x00, 0x00, 0x00, 0x00, 0x00, 0x00, 0x20, 0x00, 0x61, 0x08, 0x82, 0x10, 0x5e, 0xe7, 0x9e, 0xef,
    0x9e, 0xef, 0x59, 0x9d, 0xd8, 0x8c, 0xb8, 0x84, 0x56, 0x7c, 0x1b, 0xb6, 0x5e, 0xe7, 0x7f, 0xef,
    0x7f, 0xe7, 0x3e, 0xdf, 0xde, 0xd6, 0x3c, 0xbe, 0x39, 0x95, 0xf8, 0x8c, 0xd8, 0x8c, 0x77, 0x7c,
    0x16, 0x74, 0x94, 0x63, 0x73, 0x5b, 0x0c, 0x3a, 0x00, 0x00, 0x00, 0x00, 0x00, 0x00, 0x00, 0x00,
    0x00, 0x00, 0x00, 0x00, 0x00, 0x00, 0x00, 0x00, 0x40, 0x00, 0x82, 0x08, 0x86, 0x29, 0x5e, 0xe7,
    0x7e, 0xef, 0x7e, 0xef, 0xf5, 0x6b, 0xf5, 0x6b, 0xd5, 0x6b, 0x77, 0x7c, 0x19, 0x95, 0x7a, 0x9d,
    0x5a, 0x9d, 0xd8, 0x8c, 0x97, 0x7c, 0x77, 0x7c, 0x36, 0x74, 0x16, 0x74, 0xf5, 0x6b, 0xf5, 0x6b,
    0x94, 0x63, 0x53, 0x5b, 0xa4, 0x10, 0x00, 0x00, 0x00, 0x00, 0x00, 0x00, 0x00, 0x00, 0x00, 0x00,
    0x00, 0x00, 0x00, 0x00, 0x00, 0x00, 0x00, 0x00, 0x40, 0x00, 0x82, 0x08, 0x86, 0x29, 0x5e, 0xe7,
    0x7e, 0xef, 0x7e, 0xef, 0xf5, 0x6b, 0xf5, 0x6b, 0xd5, 0x6b, 0x77, 0x7c, 0x19, 0x95, 0x7a, 0x9d,
    0x5a, 0x9d, 0xd8, 0x8c, 0x97, 0x7c, 0x77, 0x7c, 0x36, 0x74, 0x16, 0x74, 0xf5, 0x6b, 0xf5, 0x6b,
    0x94, 0x63, 0x53, 0x5b, 0x83, 0x08, 0x00, 0x00, 0x00, 0x00, 0x00, 0x00, 0x00, 0x00, 0x00, 0x00,
    0x00, 0x00, 0x00, 0x00, 0x00, 0x00, 0x00, 0x00, 0x40, 0x00, 0x82, 0x08, 0x86, 0x29, 0x5e, 0xe7,
    0x7e, 0xef, 0x7e, 0xef, 0xf5, 0x6b, 0xf5, 0x6b, 0xd5, 0x6b, 0x77, 0x7c, 0x19, 0x95, 0x7a, 0x9d,
    0x7a, 0x9d, 0xd8, 0x8c, 0x97, 0x7c, 0x77, 0x7c, 0x36, 0x74, 0x16, 0x74, 0xf5, 0x6b, 0xf5, 0x6b,
    0x94, 0x63, 0x53, 0x5b, 0x62, 0x08, 0x00, 0x00, 0x00, 0x00, 0x00, 0x00, 0x00, 0x00, 0x00, 0x00,
    0x00, 0x00, 0x00, 0x00, 0x00, 0x00, 0x00, 0x00, 0x40, 0x00, 0x82, 0x08, 0x86, 0x29, 0x5e, 0xe7,
    0x7e, 0xef, 0x7e, 0xef, 0xf5, 0x6b, 0xf5, 0x6b, 0xd5, 0x6b, 0x57, 0x7c, 0x19, 0x95, 0x7a, 0x9d,
    0x7a, 0x9d, 0xd8, 0x8c, 0x97, 0x7c, 0x77, 0x7c, 0x36, 0x74, 0x16, 0x74, 0xf5, 0x6b, 0xf5, 0x6b,
    0x94, 0x63, 0x53, 0x5b, 0x62, 0x08, 0x00, 0x00, 0x00, 0x00, 0x00, 0x00, 0x00, 0x00, 0x00, 0x00,
    0x00, 0x00, 0x00, 0x00, 0x00, 0x00, 0x00, 0x00, 0x40, 0x00, 0x82, 0x08, 0x86, 0x29, 0x5e, 0xe7,
    0x7e, 0xef, 0x7e, 0xef, 0x15, 0x74, 0xf5, 0x6b, 0xd5, 0x6b, 0x56, 0x7c, 0x19, 0x95, 0x7a, 0x9d,
    0x7a, 0x9d, 0xd8, 0x8c, 0x97, 0x84, 0x77, 0x7c, 0x36, 0x74, 0x16, 0x74, 0xf5, 0x6b, 0xf5, 0x6b,
    0x94, 0x63, 0x53, 0x5b, 0x62, 0x08, 0x00, 0x00, 0x00, 0x00, 0x00, 0x00, 0x00, 0x00, 0x00, 0x00,
    0x00, 0x00, 0x00, 0x00, 0x00, 0x00, 0x00, 0x00, 0x40, 0x00, 0x82, 0x08, 0x86, 0x29, 0x5e, 0xe7,
    0x7e, 0xef, 0x7e, 0xef, 0x35, 0x74, 0xf5, 0x6b, 0xd5, 0x6b, 0x77, 0x7c, 0x19, 0x95, 0x7a, 0xa5,
    0x7a, 0x9d, 0xd8, 0x8c, 0x97, 0x84, 0x77, 0x7c, 0x56, 0x74, 0x16, 0x74, 0xf5, 0x6b, 0xf5, 0x6b,
    0x94, 0x63, 0x53, 0x5b, 0x62, 0x08, 0x00, 0x00, 0x00, 0x00, 0x00, 0x00, 0x00, 0x00, 0x00, 0x00,
    0x00, 0x00, 0x00, 0x00, 0x00, 0x00, 0x00, 0x00, 0x40, 0x00, 0x82, 0x08, 0x86, 0x29, 0x5e, 0xe7,
    0x7e, 0xef, 0x7e, 0xef, 0x35, 0x74, 0xf5, 0x6b, 0xd5, 0x6b, 0x77, 0x7c, 0x19, 0x95, 0x9a, 0xa5,
    0x7a, 0x9d, 0xd8, 0x8c, 0x97, 0x84, 0x77, 0x7c, 0x56, 0x74, 0x36, 0x74, 0xf5, 0x6b, 0xf5, 0x6b,
    0x94, 0x63, 0x53, 0x5b, 0x83, 0x08, 0x00, 0x00, 0x00, 0x00, 0x00, 0x00, 0x00, 0x00, 0x00, 0x00,
    0x00, 0x00, 0x00, 0x00, 0x00, 0x00, 0x00, 0x00, 0x40, 0x00, 0x82, 0x08, 0x86, 0x29, 0x5e, 0xe7,
    0x7e, 0xef, 0x7e, 0xef, 0x36, 0x74, 0xf5, 0x6b, 0xd5, 0x6b, 0x77, 0x7c, 0x19, 0x95, 0x9a, 0xa5,
    0x7a, 0x9d, 0xd8, 0x8c, 0x97, 0x84, 0x77, 0x7c, 0x56, 0x74, 0x36, 0x74, 0xf5, 0x6b, 0xf5, 0x6b,
    0x94, 0x63, 0x53, 0x5b, 0x83, 0x10, 0x00, 0x00, 0x00, 0x00, 0x00, 0x00, 0x00, 0x00, 0x00, 0x00,
    0x00, 0x00, 0x00, 0x00, 0x00, 0x00, 0x00, 0x00, 0x40, 0x00, 0x82, 0x08, 0x86, 0x29, 0x5e, 0xe7,
    0x7e, 0xef, 0x7e, 0xef, 0x15, 0x74, 0xf5, 0x6b, 0xd5, 0x6b, 0x97, 0x84, 0x19, 0x95, 0x9a, 0xa5,
    0x7a, 0x9d, 0xd8, 0x8c, 0x97, 0x84, 0x77, 0x7c, 0x56, 0x74, 0x36, 0x74, 0xf5, 0x6b, 0xf5, 0x6b,
    0x94, 0x63, 0x53, 0x5b, 0xa4, 0x10, 0x00, 0x00, 0x00, 0x00, 0x00, 0x00, 0x00, 0x00, 0x00, 0x00,
    0x00, 0x00, 0x00, 0x00, 0x00, 0x00, 0x00, 0x00, 0x40, 0x00, 0x82, 0x08, 0x86, 0x29, 0x5e, 0xe7,
    0x7e, 0xef, 0x7e, 0xef, 0x15, 0x74, 0xf5, 0x6b, 0xd5, 0x6b, 0x97, 0x84, 0x19, 0x95, 0x7a, 0xa5,
    0x7a, 0x9d, 0xd8, 0x8c, 0x97, 0x84, 0x77, 0x7c, 0x56, 0x74, 0x36, 0x74, 0xf5, 0x6b, 0xf5, 0x6b,
    0x94, 0x63, 0x53, 0x5b, 0xa4, 0x10, 0x00, 0x00, 0x00, 0x00, 0x00, 0x00, 0x00, 0x00, 0x00, 0x00,
    0x00, 0x00, 0x00, 0x00, 0x00, 0x00, 0x00, 0x00, 0x00, 0x00, 0x40, 0x00, 0x82, 0x08, 0x82, 0x10,
    0x35, 0xa5, 0x5e, 0xe7, 0x5e, 0xe7, 0x1d, 0xdf, 0xb9, 0xad, 0x58, 0x9d, 0x15, 0x74, 0x36, 0x74,
    0x56, 0x7c, 0x36, 0x74, 0x15, 0x74, 0xd5, 0x6b, 0xd5, 0x6b, 0xb4, 0x63, 0x73, 0x5b, 0x53, 0x5b,
    0x73, 0x5b, 0x06, 0x19, 0x00, 0x00, 0x00, 0x00, 0x00, 0x00, 0x00, 0x00, 0x00, 0x00, 0x00, 0x00,
    0x00, 0x00, 0x00, 0x00, 0x00, 0x00, 0x00, 0x00, 0x00, 0x00, 0x40, 0x00, 0x82, 0x08, 0x82, 0x10,
    0x35, 0xa5, 0x5e, 0xe7, 0x5e, 0xe7, 0x1d, 0xdf, 0xd9, 0xad, 0x78, 0x9d, 0x15, 0x74, 0x16, 0x74,
    0x56, 0x7c, 0x36, 0x74, 0x16, 0x74, 0xd5, 0x6b, 0xd5, 0x6b, 0xb4, 0x63, 0x73, 0x5b, 0x53, 0x5b,
    0x73, 0x5b, 0xe5, 0x18, 0x00, 0x00, 0x00, 0x00, 0x00, 0x00, 0x00, 0x00, 0x00, 0x00, 0x00, 0x00,
    0x00, 0x00, 0x00, 0x00, 0x00, 0x00, 0x00, 0x00, 0x00, 0x00, 0x40, 0x00, 0x82, 0x08, 0x82, 0x10,
    0x35, 0xa5, 0x5e, 0xe7, 0x5e, 0xe7, 0x1d, 0xdf, 0x1a, 0xb6, 0x98, 0xa5, 0x35, 0x74, 0x16, 0x74,
    0x56, 0x7c, 0x36, 0x74, 0x16, 0x74, 0xd5, 0x6b, 0xd5, 0x6b, 0x94, 0x63, 0x73, 0x5b, 0x53, 0x5b,
    0x53, 0x5b, 0xc4, 0x10, 0x00, 0x00, 0x00, 0x00, 0x00, 0x00, 0x00, 0x00, 0x00, 0x00, 0x00, 0x00,
    0x00, 0x00, 0x00, 0x00, 0x00, 0x00, 0x00, 0x00, 0x00, 0x00, 0x40, 0x00, 0x82, 0x08, 0x82, 0x10,
    0x35, 0xa5, 0x5e, 0xe7, 0x5e, 0xe7, 0x3d, 0xdf, 0x5b, 0xbe, 0xd9, 0xad, 0x35, 0x74, 0x36, 0x74,
    0x56, 0x7c, 0x36, 0x74, 0x15, 0x74, 0xd5, 0x6b, 0xd5, 0x6b, 0xb4, 0x63, 0x73, 0x5b, 0x53, 0x5b,
    0x53, 0x5b, 0xc4, 0x10, 0x00, 0x00, 0x00, 0x00, 0x00, 0x00, 0x00, 0x00, 0x00, 0x00, 0x00, 0x00,
    0x00, 0x00, 0x00, 0x00, 0x00, 0x00, 0x00, 0x00, 0x00, 0x00, 0x40, 0x00, 0x82, 0x08, 0x82, 0x10,
    0x35, 0xa5, 0x5e, 0xe7, 0x5e, 0xe7, 0x5e, 0xe7, 0x9b, 0xc6, 0x1a, 0xb6, 0x35, 0x74, 0x36, 0x74,
    0x56, 0x7c, 0x56, 0x74, 0x15, 0x74, 0xd5, 0x6b, 0xd5, 0x6b, 0xb4, 0x63, 0x73, 0x5b, 0x53, 0x5b,
    0x53, 0x5b, 0xc4, 0x10, 0x00, 0x00, 0x00, 0x00, 0x00, 0x00, 0x00, 0x00, 0x00, 0x00, 0x00, 0x00,
    0x00, 0x00, 0x00, 0x00, 0x00, 0x00, 0x00, 0x00, 0x00, 0x00, 0x40, 0x00, 0x82, 0x08, 0x82, 0x10,
    0x35, 0xa5, 0x5e, 0xe7, 0x5e, 0xe7, 0x5e, 0xe7, 0x9c, 0xc6, 0x3a, 0xbe, 0x35, 0x74, 0x36, 0x74,
    0x56, 0x7c, 0x36, 0x74, 0x16, 0x74, 0xf5, 0x6b, 0xd5, 0x6b, 0xb4, 0x63, 0x73, 0x5b, 0x53, 0x5b,
    0x73, 0x5b, 0xe5, 0x18, 0x00, 0x00, 0x00, 0x00, 0x00, 0x00, 0x00, 0x00, 0x00, 0x00, 0x00, 0x00,
    0x00, 0x00, 0x00, 0x00, 0x00, 0x00, 0x00, 0x00, 0x00, 0x00, 0x40, 0x00, 0x82, 0x08, 0x82, 0x10,
    0x35, 0xa5, 0x5e, 0xe7, 0x5e, 0xe7, 0x5e, 0xe7, 0x9c, 0xc6, 0x3a, 0xb6, 0x35, 0x74, 0x36, 0x74,
    0x57, 0x7c, 0x36, 0x74, 0x16, 0x74, 0xf5, 0x6b, 0xd5, 0x6b, 0xb4, 0x63, 0x73, 0x5b, 0x53, 0x5b,
    0x73, 0x5b, 0x06, 0x19, 0x00, 0x00, 0x00, 0x00, 0x00, 0x00, 0x00, 0x00, 0x00, 0x00, 0x00, 0x00,
    0x00, 0x00, 0x00, 0x00, 0x00, 0x00, 0x00, 0x00, 0x00, 0x00, 0x40, 0x00, 0x82, 0x08, 0x82, 0x10,
    0x35, 0xa5, 0x5e, 0xe7, 0x5e, 0xe7, 0x5e, 0xe7, 0x7b, 0xc6, 0xfa, 0xb5, 0x35, 0x74, 0x36, 0x74,
    0x57, 0x7c, 0x36, 0x74, 0x16, 0x74, 0xf5, 0x6b, 0xd5, 0x6b, 0xb4, 0x63, 0x73, 0x5b, 0x53, 0x5b,
    0x73, 0x5b, 0x26, 0x19, 0x00, 0x00, 0x00, 0x00, 0x00, 0x00, 0x00, 0x00, 0x00, 0x00, 0x00, 0x00,
    0x00, 0x00, 0x00, 0x00, 0x00, 0x00, 0x00, 0x00, 0x00, 0x00, 0x40, 0x00, 0x82, 0x08, 0x82, 0x10,
    0x35, 0xa5, 0x5e, 0xe7, 0x5e, 0xe7, 0x3d, 0xdf, 0x3a, 0xb6, 0x99, 0xad, 0x35, 0x74, 0x36, 0x74,
    0x57, 0x7c, 0x36, 0x74, 0x16, 0x74, 0xf5, 0x6b, 0xd5, 0x6b, 0xb4, 0x63, 0x73, 0x5b, 0x53, 0x5b,
    0x73, 0x5b, 0x27, 0x21, 0x00, 0x00, 0x00, 0x00, 0x00, 0x00, 0x00, 0x00, 0x00, 0x00, 0x00, 0x00,
    0x00, 0x00, 0x00, 0x00, 0x00, 0x00, 0x00, 0x00, 0x00, 0x00, 0x40, 0x00, 0x82, 0x08, 0x82, 0x10,
    0x35, 0xa5, 0x5e, 0xe7, 0x5e, 0xe7, 0x1d, 0xdf, 0xfa, 0xad, 0x78, 0x9d, 0x15, 0x74, 0x36, 0x74,
    0x56, 0x7c, 0x36, 0x74, 0x16, 0x74, 0xf5, 0x6b, 0xd5, 0x6b, 0xb4, 0x63, 0x73, 0x5b, 0x53, 0x5b,
    0x73, 0x5b, 0x26, 0x19, 0x00, 0x00, 0x00, 0x00, 0x00, 0x00, 0x00, 0x00, 0x00, 0x00, 0x00, 0x00,
    0x00, 0x00, 0x00, 0x00, 0x00, 0x00, 0x00, 0x00, 0x00, 0x00, 0x00, 0x00, 0x40, 0x00, 0x61, 0x08,
    0x62, 0x08, 0x81, 0x08, 0xa6, 0x31, 0x28, 0x42, 0x66, 0x29, 0x61, 0x08, 0x82, 0x10, 0x61, 0x08,
    0xe5, 0x10, 0x6e, 0x42, 0x32, 0x53, 0x53, 0x5b, 0x32, 0x53, 0xd0, 0x4a, 0x89, 0x29, 0x20, 0x00,
    0x00, 0x00, 0x00, 0x00, 0x00, 0x00, 0x00, 0x00, 0x00, 0x00, 0x00, 0x00, 0x00, 0x00, 0x00, 0x00,
    0x00, 0x00, 0x00, 0x00, 0x00, 0x00, 0x00, 0x00, 0x00, 0x00, 0x00, 0x00, 0x40, 0x00, 0x61, 0x08,
    0x62, 0x08, 0x81, 0x08, 0xa6, 0x31, 0x28, 0x42, 0x66, 0x29, 0x61, 0x08, 0x82, 0x10, 0x61, 0x08,
    0xc4, 0x10, 0x4d, 0x3a, 0x11, 0x53, 0x32, 0x53, 0x12, 0x53, 0xaf, 0x4a, 0x68, 0x21, 0x00, 0x00,
    0x00, 0x00, 0x00, 0x00, 0x00, 0x00, 0x00, 0x00, 0x00, 0x00, 0x00, 0x00, 0x00, 0x00, 0x00, 0x00,
    0x00, 0x00, 0x00, 0x00, 0x00, 0x00, 0x00, 0x00, 0x00, 0x00, 0x00, 0x00, 0x40, 0x00, 0x61, 0x08,
    0x62, 0x08, 0x81, 0x08, 0xa6, 0x31, 0x28, 0x42, 0x66, 0x29, 0x61, 0x08, 0x82, 0x10, 0x61, 0x08,
    0xc4, 0x10, 0x2d, 0x3a, 0x11, 0x53, 0x32, 0x53, 0x12, 0x53, 0xaf, 0x42, 0x47, 0x21, 0x00, 0x00,
    0x00, 0x00, 0x00, 0x00, 0x00, 0x00, 0x00, 0x00, 0x00, 0x00, 0x00, 0x00, 0x00, 0x00, 0x00, 0x00,
    0x00, 0x00, 0x00, 0x00, 0x00, 0x00, 0x00, 0x00, 0x00, 0x00, 0x00, 0x00, 0x40, 0x00, 0x61, 0x08,
    0x62, 0x08, 0x81, 0x08, 0xa6, 0x31, 0x28, 0x42, 0x66, 0x29, 0x61, 0x08, 0x82, 0x10, 0x61, 0x08,
    0xc4, 0x10, 0x4d, 0x3a, 0x12, 0x53, 0x53, 0x53, 0x32, 0x53, 0xaf, 0x4a, 0x68, 0x21, 0x00, 0x00,
    0x00, 0x00, 0x00, 0x00, 0x00, 0x00, 0x00, 0x00, 0x00, 0x00, 0x00, 0x00, 0x00, 0x00, 0x00, 0x00,
    0x00, 0x00, 0x00, 0x00, 0x00, 0x00, 0x00, 0x00, 0x00, 0x00, 0x00, 0x00, 0x40, 0x00, 0x61, 0x08,
    0x62, 0x08, 0x81, 0x08, 0xa6, 0x31, 0x28, 0x42, 0x66, 0x29, 0x61, 0x08, 0x82, 0x10, 0x61, 0x08,
    0x05, 0x19, 0x6e, 0x42, 0x32, 0x53, 0x53, 0x5b, 0x33, 0x53, 0xf0, 0x4a, 0xa9, 0x29, 0x20, 0x00,
    0x00, 0x00, 0x00, 0x00, 0x00, 0x00, 0x00, 0x00, 0x00, 0x00, 0x00, 0x00, 0x00, 0x00, 0x00, 0x00,
    0x00, 0x00, 0x00, 0x00, 0x00, 0x00, 0x00, 0x00, 0x00, 0x00, 0x00, 0x00, 0x40, 0x00, 0x61, 0x08,
    0x62, 0x08, 0x81, 0x08, 0xa6, 0x31, 0x28, 0x42, 0x66, 0x29, 0x61, 0x08, 0x82, 0x10, 0x40, 0x00,
    0x26, 0x19, 0xaf, 0x4a, 0x53, 0x5b, 0x53, 0x5b, 0x53, 0x5b, 0x11, 0x53, 0xca, 0x31, 0x21, 0x00,
    0x00, 0x00, 0x00, 0x00, 0x00, 0x00, 0x00, 0x00, 0x00, 0x00, 0x00, 0x00, 0x00, 0x00, 0x00, 0x00,
    0x00, 0x00, 0x00, 0x00, 0x00, 0x00, 0x00, 0x00, 0x00, 0x00, 0x00, 0x00, 0x40, 0x00, 0x61, 0x08,
    0x62, 0x08, 0x81, 0x08, 0xa6, 0x31, 0x28, 0x42, 0x66, 0x29, 0x61, 0x08, 0x82, 0x10, 0x40, 0x00,
    0x47, 0x21, 0xd0, 0x4a, 0x53, 0x5b, 0x53, 0x5b, 0x53, 0x5b, 0x32, 0x53, 0x0b, 0x32, 0x42, 0x08,
    0x00, 0x00, 0x00, 0x00, 0x00, 0x00, 0x00, 0x00, 0x00, 0x00, 0x00, 0x00, 0x00, 0x00, 0x00, 0x00,
    0x00, 0x00, 0x00, 0x00, 0x00, 0x00, 0x00, 0x00, 0x00, 0x00, 0x00, 0x00, 0x40, 0x00, 0x61, 0x08,
    0x62, 0x08, 0x81, 0x08, 0xa6, 0x31, 0x28, 0x42, 0x66, 0x29, 0x61, 0x08, 0x82, 0x10, 0x61, 0x00,
    0x68, 0x21, 0xf0, 0x4a, 0x53, 0x5b, 0x53, 0x5b, 0x53, 0x5b, 0x32, 0x53, 0x0c, 0x3a, 0x62, 0x08,
    0x00, 0x00, 0x00, 0x00, 0x00, 0x00, 0x00, 0x00, 0x00, 0x00, 0x00, 0x00, 0x00, 0x00, 0x00, 0x00,
    0x00, 0x00, 0x00, 0x00, 0x00, 0x00, 0x00, 0x00, 0x00, 0x00, 0x00, 0x00, 0x40, 0x00, 0x61, 0x08,
    0x62, 0x08, 0x81, 0x08, 0xa6, 0x31, 0x28, 0x42, 0x66, 0x29, 0x61, 0x08, 0x82, 0x10, 0x41, 0x00,
    0x67, 0x21, 0xd0, 0x4a, 0x53, 0x5b, 0x53, 0x5b, 0x53, 0x5b, 0x32, 0x53, 0x0b, 0x32, 0x62, 0x08,
    0x00, 0x00, 0x00, 0x00, 0x00, 0x00, 0x00, 0x00, 0x00, 0x00, 0x00, 0x00, 0x00, 0x00, 0x00, 0x00,
    0x00, 0x00, 0x00, 0x00, 0x00, 0x00, 0x00, 0x00, 0x00, 0x00, 0x00, 0x00, 0x40, 0x00, 0x61, 0x08,
    0x62, 0x08, 0x81, 0x08, 0xa6, 0x31, 0x28, 0x42, 0x66, 0x29, 0x61, 0x08, 0x82, 0x10, 0x40, 0x00,
    0x46, 0x19, 0xaf, 0x4a, 0x53, 0x5b, 0x53, 0x5b, 0x53, 0x5b, 0x11, 0x53, 0xeb, 0x31, 0x41, 0x00,
    0x00, 0x00, 0x00, 0x00, 0x00, 0x00, 0x00, 0x00, 0x00, 0x00, 0x00, 0x00, 0x00, 0x00, 0x00, 0x00,
    0x00, 0x00, 0x00, 0x00, 0x00, 0x00, 0x00, 0x00, 0x00, 0x00, 0x00, 0x00, 0x00, 0x00, 0x20, 0x00,
    0x40, 0x00, 0x40, 0x00, 0x82, 0x10, 0x82, 0x08, 0x61, 0x08, 0x40, 0x00, 0x40, 0x00, 0x20, 0x00,
    0x00, 0x00, 0x00, 0x00, 0x00, 0x00, 0x00, 0x00, 0x00, 0x00, 0x00, 0x00, 0x00, 0x00, 0x00, 0x00,
    0x00, 0x00, 0x00, 0x00, 0x00, 0x00, 0x00, 0x00, 0x00, 0x00, 0x00, 0x00, 0x00, 0x00, 0x00, 0x00,
    0x00, 0x00, 0x00, 0x00, 0x00, 0x00, 0x00, 0x00, 0x00, 0x00, 0x00, 0x00, 0x00, 0x00, 0x20, 0x00,
    0x40, 0x00, 0x40, 0x00, 0x82, 0x10, 0x82, 0x08, 0x61, 0x08, 0x40, 0x00, 0x40, 0x00, 0x20, 0x00,
    0x00, 0x00, 0x00, 0x00, 0x00, 0x00, 0x00, 0x00, 0x00, 0x00, 0x00, 0x00, 0x00, 0x00, 0x00, 0x00,
    0x00, 0x00, 0x00, 0x00, 0x00, 0x00, 0x00, 0x00, 0x00, 0x00, 0x00, 0x00, 0x00, 0x00, 0x00, 0x00,
    0x00, 0x00, 0x00, 0x00, 0x00, 0x00, 0x00, 0x00, 0x00, 0x00, 0x00, 0x00, 0x00, 0x00, 0x20, 0x00,
    0x40, 0x00, 0x40, 0x00, 0x82, 0x10, 0x82, 0x08, 0x61, 0x08, 0x40, 0x00, 0x40, 0x00, 0x20, 0x00,
    0x00, 0x00, 0x00, 0x00, 0x00, 0x00, 0x00, 0x00, 0x00, 0x00, 0x00, 0x00, 0x00, 0x00, 0x00, 0x00,
    0x00, 0x00, 0x00, 0x00, 0x00, 0x00, 0x00, 0x00, 0x00, 0x00, 0x00, 0x00, 0x00, 0x00, 0x00, 0x00,
    0x00, 0x00, 0x00, 0x00, 0x00, 0x00, 0x00, 0x00, 0x00, 0x00, 0x00, 0x00, 0x00, 0x00, 0x20, 0x00,
    0x40, 0x00, 0x40, 0x00, 0x82, 0x10, 0x82, 0x08, 0x61, 0x08, 0x40, 0x00, 0x40, 0x00, 0x20, 0x00,
    0x00, 0x00, 0x00, 0x00, 0x00, 0x00, 0x00, 0x00, 0x00, 0x00, 0x00, 0x00, 0x00, 0x00, 0x00, 0x00,
    0x00, 0x00, 0x00, 0x00, 0x00, 0x00, 0x00, 0x00, 0x00, 0x00, 0x00, 0x00, 0x00, 0x00, 0x00, 0x00,
    0x00, 0x00, 0x00, 0x00, 0x00, 0x00, 0x00, 0x00, 0x00, 0x00, 0x00, 0x00, 0x00, 0x00, 0x20, 0x00,
    0x40, 0x00, 0x40, 0x00, 0x82, 0x10, 0x82, 0x08, 0x61, 0x08, 0x40, 0x00, 0x40, 0x00, 0x20, 0x00,
    0x00, 0x00, 0x00, 0x00, 0x00, 0x00, 0x00, 0x00, 0x00, 0x00, 0x00, 0x00, 0x00, 0x00, 0x00, 0x00,
    0x00, 0x00, 0x00, 0x00, 0x00, 0x00, 0x00, 0x00, 0x00, 0x00, 0x00, 0x00, 0x00, 0x00, 0x00, 0x00,
    0x00, 0x00, 0x00, 0x00, 0x00, 0x00, 0x00, 0x00, 0x00, 0x00, 0x00, 0x00, 0x00, 0x00, 0x20, 0x00,
    0x40, 0x00, 0x40, 0x00, 0x82, 0x10, 0x82, 0x08, 0x61, 0x08, 0x40, 0x00, 0x40, 0x00, 0x20, 0x00,
    0x00, 0x00, 0x00, 0x00, 0x00, 0x00, 0x00, 0x00, 0x00, 0x00, 0x00, 0x00, 0x00, 0x00, 0x00, 0x00,
    0x00, 0x00, 0x00, 0x00, 0x00, 0x00, 0x00, 0x00, 0x00, 0x00, 0x00, 0x00, 0x00, 0x00, 0x00, 0x00,
    0x00, 0x00, 0x00, 0x00, 0x00, 0x00, 0x00, 0x00, 0x00, 0x00, 0x00, 0x00, 0x00, 0x00, 0x20, 0x00,
    0x40, 0x00, 0x40, 0x00, 0x82, 0x10, 0x82, 0x08, 0x61, 0x08, 0x40, 0x00, 0x40, 0x00, 0x20, 0x00,
    0x00, 0x00, 0x00, 0x00, 0x00, 0x00, 0x00, 0x00, 0x00, 0x00, 0x00, 0x00, 0x00, 0x00, 0x00, 0x00,
    0x00, 0x00, 0x00, 0x00, 0x00, 0x00, 0x00, 0x00, 0x00, 0x00, 0x00, 0x00, 0x00, 0x00, 0x00, 0x00,
    0x00, 0x00, 0x00, 0x00, 0x00, 0x00, 0x00, 0x00, 0x00, 0x00, 0x00, 0x00, 0x00, 0x00, 0x20, 0x00,
    0x40, 0x00, 0x40, 0x00, 0x82, 0x10, 0x82, 0x08, 0x61, 0x08, 0x40, 0x00, 0x40, 0x00, 0x20, 0x00,
    0x00, 0x00, 0x00, 0x00, 0x00, 0x00, 0x00, 0x00, 0x00, 0x00, 0x00, 0x00, 0x00, 0x00, 0x00, 0x00,
    0x00, 0x00, 0x00, 0x00, 0x00, 0x00, 0x00, 0x00, 0x00, 0x00, 0x00, 0x00, 0x00, 0x00, 0x00, 0x00,
    0x00, 0x00, 0x00, 0x00, 0x00, 0x00, 0x00, 0x00, 0x00, 0x00, 0x00, 0x00, 0x00, 0x00, 0x20, 0x00,
    0x40, 0x00, 0x40, 0x00, 0x82, 0x10, 0x82, 0x08, 0x61, 0x08, 0x40, 0x00, 0x40, 0x00, 0x20, 0x00,
    0x00, 0x00, 0x00, 0x00, 0x00, 0x00, 0x00, 0x00, 0x00, 0x00, 0x00, 0x00, 0x00, 0x00, 0x00, 0x00,
    0x00, 0x00, 0x00, 0x00, 0x00, 0x00, 0x00, 0x00, 0x00, 0x00, 0x00, 0x00, 0x00, 0x00, 0x00, 0x00,
    0x00, 0x00, 0x00, 0x00, 0x00, 0x00, 0x00, 0x00, 0x00, 0x00, 0x00, 0x00, 0x00, 0x00, 0x20, 0x00,
    0x40, 0x00, 0x40, 0x00, 0x82, 0x10, 0x82, 0x08, 0x61, 0x08, 0x40, 0x00, 0x40, 0x00, 0x20, 0x00,
    0x00, 0x00, 0x00, 0x00, 0x00, 0x00, 0x00, 0x00, 0x00, 0x00, 0x00, 0x00, 0x00, 0x00, 0x00, 0x00,
    0x00, 0x00, 0x00, 0x00, 0x00, 0x00, 0x00, 0x00, 0x00, 0x00, 0x00, 0x00, 0x00, 0x00, 0x00, 0x00,
    0x00, 0x00, 0x00, 0x00, 0x00, 0x00, 0x00, 0x00, 0x00, 0x00, 0x00, 0x00, 0x00, 0x00, 0x00, 0x00,
    0x00, 0x00, 0x00, 0x00, 0x00, 0x00, 0x40, 0x00, 0x00, 0x00, 0x00, 0x00, 0x00, 0x00, 0x00, 0x00,
    0x00, 0x00, 0x00, 0x00, 0x00, 0x00, 0x00, 0x00, 0x00, 0x00, 0x00, 0x00, 0x00, 0x00, 0x00, 0x00,
    0x00, 0x00, 0x00, 0x00, 0x00, 0x00, 0x00, 0x00, 0x00, 0x00, 0x00, 0x00, 0x00, 0x00, 0x00, 0x00,
    0x00, 0x00, 0x00, 0x00, 0x00, 0x00, 0x00, 0x00, 0x00, 0x00, 0x00, 0x00, 0x00, 0x00, 0x00, 0x00,
    0x00, 0x00, 0x00, 0x00, 0x00, 0x00, 0x40, 0x00, 0x00, 0x00, 0x00, 0x00, 0x00, 0x00, 0x00, 0x00,
    0x00, 0x00, 0x00, 0x00, 0x00, 0x00, 0x00, 0x00, 0x00, 0x00, 0x00, 0x00, 0x00, 0x00, 0x00, 0x00,
    0x00, 0x00, 0x00, 0x00, 0x00, 0x00, 0x00, 0x00, 0x00, 0x00, 0x00, 0x00, 0x00, 0x00, 0x00, 0x00,
    0x00, 0x00, 0x00, 0x00, 0x00, 0x00, 0x00, 0x00, 0x00, 0x00, 0x00, 0x00, 0x00, 0x00, 0x00, 0x00,
    0x00, 0x00, 0x00, 0x00, 0x00, 0x00, 0x40, 0x00, 0x00, 0x00, 0x00, 0x00, 0x00, 0x00, 0x00, 0x00,
    0x00, 0x00, 0x00, 0x00, 0x00, 0x00, 0x00, 0x00, 0x00, 0x00, 0x00, 0x00, 0x00, 0x00, 0x00, 0x00,
    0x00, 0x00, 0x00, 0x00, 0x00, 0x00, 0x00, 0x00, 0x00, 0x00, 0x00, 0x00, 0x00, 0x00, 0x00, 0x00,
    0x00, 0x00, 0x00, 0x00, 0x00, 0x00, 0x00, 0x00, 0x00, 0x00, 0x00, 0x00, 0x00, 0x00, 0x00, 0x00,
    0x00, 0x00, 0x00, 0x00, 0x00, 0x00, 0x40, 0x00, 0x00, 0x00, 0x00, 0x00, 0x00, 0x00, 0x00, 0x00,
    0x00, 0x00, 0x00, 0x00, 0x00, 0x00, 0x00, 0x00, 0x00, 0x00, 0x00, 0x00, 0x00, 0x00, 0x00, 0x00,
    0x00, 0x00, 0x00, 0x00, 0x00, 0x00, 0x00, 0x00, 0x00, 0x00, 0x00, 0x00, 0x00, 0x00, 0x00, 0x00,
    0x00, 0x00, 0x00, 0x00, 0x00, 0x00, 0x00, 0x00, 0x00, 0x00, 0x00, 0x00, 0x00, 0x00, 0x00, 0x00,
    0x00, 0x00, 0x00, 0x00, 0x00, 0x00, 0x40, 0x00, 0x00, 0x00, 0x00, 0x00, 0x00, 0x00, 0x00, 0x00,
    0x00, 0x00, 0x00, 0x00, 0x00, 0x00, 0x00, 0x00, 0x00, 0x00, 0x00, 0x00, 0x00, 0x00, 0x00, 0x00,
    0x00, 0x00, 0x00, 0x00, 0x00, 0x00, 0x00, 0x00, 0x00, 0x00, 0x00, 0x00, 0x00, 0x00, 0x00, 0x00,
    0x00, 0x00, 0x00, 0x00, 0x00, 0x00, 0x00, 0x00, 0x00, 0x00, 0x00, 0x00, 0x00, 0x00, 0x00, 0x00,
    0x00, 0x00, 0x00, 0x00, 0x00, 0x00, 0x40, 0x00, 0x00, 0x00, 0x00, 0x00, 0x00, 0x00, 0x00, 0x00,
    0x00, 0x00, 0x00, 0x00, 0x00, 0x00, 0x00, 0x00, 0x00, 0x00, 0x00, 0x00, 0x00, 0x00, 0x00, 0x00,
    0x00, 0x00, 0x00, 0x00, 0x00, 0x00, 0x00, 0x00, 0x00, 0x00, 0x00, 0x00, 0x00, 0x00, 0x00, 0x00,
    0x00, 0x00, 0x00, 0x00, 0x00, 0x00, 0x00, 0x00, 0x00, 0x00, 0x00, 0x00, 0x00, 0x00, 0x00, 0x00,
    0x00, 0x00, 0x00, 0x00, 0x00, 0x00, 0x40, 0x00, 0x00, 0x00, 0x00, 0x00, 0x00, 0x00, 0x00, 0x00,
    0x00, 0x00, 0x00, 0x00, 0x00, 0x00, 0x00, 0x00, 0x00, 0x00, 0x00, 0x00, 0x00, 0x00, 0x00, 0x00,
    0x00, 0x00, 0x00, 0x00, 0x00, 0x00, 0x00, 0x00, 0x00, 0x00, 0x00, 0x00, 0x00, 0x00, 0x00, 0x00,
    0x00, 0x00, 0x00, 0x00, 0x00, 0x00, 0x00, 0x00, 0x00, 0x00, 0x00, 0x00, 0x00, 0x00, 0x00, 0x00,
    0x00, 0x00, 0x00, 0x00, 0x00, 0x00, 0x40, 0x00, 0x00, 0x00, 0x00, 0x00, 0x00, 0x00, 0x00, 0x00,
    0x00, 0x00, 0x00, 0x00, 0x00, 0x00, 0x00, 0x00, 0x00, 0x00, 0x00, 0x00, 0x00, 0x00, 0x00, 0x00,
    0x00, 0x00, 0x00, 0x00, 0x00, 0x00, 0x00, 0x00, 0x00, 0x00, 0x00, 0x00, 0x00, 0x00, 0x00, 0x00,
    0x00, 0x00, 0x00, 0x00, 0x00, 0x00, 0x00, 0x00, 0x00, 0x00, 0x00, 0x00, 0x00, 0x00, 0x00, 0x00,
    0x00, 0x00, 0x00, 0x00, 0x00, 0x00, 0x40, 0x00, 0x00, 0x00, 0x00, 0x00, 0x00, 0x00, 0x00, 0x00,
    0x00, 0x00, 0x00, 0x00, 0x00, 0x00, 0x00, 0x00, 0x00, 0x00, 0x00, 0x00, 0x00, 0x00, 0x00, 0x00,
    0x00, 0x00, 0x00, 0x00, 0x00, 0x00, 0x00, 0x00, 0x00, 0x00, 0x00, 0x00, 0x00, 0x00, 0x00, 0x00,
    0x00, 0x00, 0x00, 0x00, 0x00, 0x00, 0x00, 0x00, 0x00, 0x00, 0x00, 0x00, 0x00, 0x00, 0x00, 0x00,
    0x00, 0x00, 0x00, 0x00, 0x00, 0x00, 0x40, 0x00, 0x00, 0x00, 0x00, 0x00, 0x00, 0x00, 0x00, 0x00,
    0x00, 0x00, 0x00, 0x00, 0x00, 0x00, 0x00, 0x00, 0x00, 0x00, 0x00, 0x00, 0x00, 0x00, 0x00, 0x00,
    0x00, 0x00, 0x00, 0x00, 0x00, 0x00, 0x00, 0x00, 0x00, 0x00, 0x00, 0x00, 0x00, 0x00, 0x00, 0x00,
    0x00, 0x00, 0x00, 0x00, 0x00, 0x00, 0x00, 0x00, 0x00, 0x00, 0x00, 0x00, 0x00, 0x00, 0x00, 0x00,
    0x00, 0x00, 0x00, 0x00, 0x00, 0x00, 0x00, 0x00, 0x00, 0x00, 0x00, 0x00, 0x00, 0x00, 0x00, 0x00,
    0x00, 0x00, 0x00, 0x00, 0x00, 0x00, 0x00, 0x00, 0x00, 0x00, 0x00, 0x00, 0x00, 0x00, 0x00, 0x00,
    0x00, 0x00, 0x00, 0x00, 0x00, 0x00, 0x00, 0x00, 0x00, 0x00, 0x00, 0x00, 0x00, 0x00, 0x00, 0x00,
    0x00, 0x00, 0x00, 0x00, 0x00, 0x00, 0x00, 0x00, 0x00, 0x00, 0x00, 0x00, 0x00, 0x00, 0x00, 0x00,
    0x00, 0x00, 0x00, 0x00, 0x00, 0x00, 0x00, 0x00, 0x00, 0x00, 0x00, 0x00, 0x00, 0x00, 0x00, 0x00,
    0x00, 0x00, 0x00, 0x00, 0x00, 0x00, 0x00, 0x00, 0x00, 0x00, 0x00, 0x00, 0x00, 0x00, 0x00, 0x00,
    0x00, 0x00, 0x00, 0x00, 0x00, 0x00, 0x00, 0x00, 0x00, 0x00, 0x00, 0x00, 0x00, 0x00, 0x00, 0x00,
    0x00, 0x00, 0x00, 0x00, 0x00, 0x00, 0x00, 0x00, 0x00, 0x00, 0x00, 0x00, 0x00, 0x00, 0x00, 0x00,
    0x00, 0x00, 0x00, 0x00, 0x00, 0x00, 0x00, 0x00, 0x00, 0x00, 0x00, 0x00, 0x00, 0x00, 0x00, 0x00,
    0x00, 0x00, 0x00, 0x00, 0x00, 0x00, 0x00, 0x00, 0x00, 0x00, 0x00, 0x00, 0x00, 0x00, 0x00, 0x00,
    0x00, 0x00, 0x00, 0x00, 0x00, 0x00, 0x00, 0x00, 0x00, 0x00, 0x00, 0x00, 0x00, 0x00, 0x00, 0x00,
    0x00, 0x00, 0x00, 0x00, 0x00, 0x00, 0x00, 0x00, 0x00, 0x00, 0x00, 0x00, 0x00, 0x00, 0x00, 0x00,
    0x00, 0x00, 0x00, 0x00, 0x00, 0x00, 0x00, 0x00, 0x00, 0x00, 0x00, 0x00, 0x00, 0x00, 0x00, 0x00,
    0x00, 0x00, 0x00, 0x00, 0x00, 0x00, 0x00, 0x00, 0x00, 0x00, 0x00, 0x00, 0x00, 0x00, 0x00, 0x00,
    0x00, 0x00, 0x00, 0x00, 0x00, 0x00, 0x00, 0x00, 0x00, 0x00, 0x00, 0x00, 0x00, 0x00, 0x00, 0x00,
    0x00, 0x00, 0x00, 0x00, 0x00, 0x00, 0x00, 0x00, 0x00, 0x00, 0x00, 0x00, 0x00, 0x00, 0x00, 0x00,
    0x00, 0x00, 0x00, 0x00, 0x00, 0x00, 0x00, 0x00, 0x00, 0x00, 0x00, 0x00, 0x00, 0x00, 0x00, 0x00,
    0x00, 0x00, 0x00, 0x00, 0x00, 0x00, 0x00, 0x00, 0x00, 0x00, 0x00, 0x00, 0x00, 0x00, 0x00, 0x00,
    0x00, 0x00, 0x00, 0x00, 0x00, 0x00, 0x00, 0x00, 0x00, 0x00, 0x00, 0x00, 0x00, 0x00, 0x00, 0x00,
    0x00, 0x00, 0x00, 0x00, 0x00, 0x00, 0x00, 0x00, 0x00, 0x00, 0x00, 0x00, 0x00, 0x00, 0x00, 0x00,
    0x00, 0x00, 0x00, 0x00, 0x00, 0x00, 0x00, 0x00, 0x00, 0x00, 0x00, 0x00, 0x00, 0x00, 0x00, 0x00,
    0x00, 0x00, 0x00, 0x00, 0x00, 0x00, 0x00, 0x00, 0x00, 0x00, 0x00, 0x00, 0x00, 0x00, 0x00, 0x00,
    0x00, 0x00, 0x00, 0x00, 0x00, 0x00, 0x00, 0x00, 0x00, 0x00, 0x00, 0x00, 0x00, 0x00, 0x00, 0x00,
    0x00, 0x00, 0x00, 0x00, 0x00, 0x00, 0x00, 0x00, 0x00, 0x00, 0x00, 0x00, 0x00, 0x00, 0x00, 0x00,
    0x00, 0x00, 0x00, 0x00, 0x00, 0x00, 0x00, 0x00, 0x00, 0x00, 0x00, 0x00, 0x00, 0x00, 0x00, 0x00,
    0x00, 0x00, 0x00, 0x00, 0x00, 0x00, 0x00, 0x00, 0x00, 0x00, 0x00, 0x00, 0x00, 0x00, 0x00, 0x00,
    0x00, 0x00, 0x00, 0x00, 0x00, 0x00, 0x00, 0x00, 0x00, 0x00, 0x00, 0x00, 0x00, 0x00, 0x00, 0x00,
    0x00, 0x00, 0x00, 0x00, 0x00, 0x00, 0x00, 0x00, 0x00, 0x00, 0x00, 0x00, 0x00, 0x00, 0x00, 0x00,
    0x00, 0x00, 0x00, 0x00, 0x00, 0x00, 0x00, 0x00, 0x00, 0x00, 0x00, 0x00, 0x00, 0x00, 0x00, 0x00,
    0x00, 0x00, 0x00, 0x00, 0x00, 0x00, 0x00, 0x00, 0x00, 0x00, 0x00, 0x00, 0x00, 0x00, 0x00, 0x00,
    0x00, 0x00, 0x00, 0x00, 0x00, 0x00, 0x00, 0x00, 0x00, 0x00, 0x00, 0x00, 0x00, 0x00, 0x00, 0x00,
    0x00, 0x00, 0x00, 0x00, 0x00, 0x00, 0x00, 0x00, 0x00, 0x00, 0x00, 0x00, 0x00, 0x00, 0x00, 0x00,
    0x00, 0x00, 0x00, 0x00, 0x00, 0x00, 0x00, 0x00, 0x00, 0x00, 0x00, 0x00, 0x00, 0x00, 0x00, 0x00,
    0x00, 0x00, 0x00, 0x00, 0x00, 0x00, 0x00, 0x00, 0x00, 0x00, 0x00, 0x00, 0x00, 0x00, 0x00, 0x00,
    0x00, 0x00, 0x00, 0x00, 0x00, 0x00, 0x00, 0x00, 0x00, 0x00, 0x00, 0x00, 0x00, 0x00, 0x00, 0x00,
    0x00, 0x00, 0x00, 0x00, 0x00, 0x00, 0x00, 0x00, 0x00, 0x00, 0x00, 0x00, 0x00, 0x00, 0x00, 0x00,
    0x00, 0x00, 0x00, 0x00, 0x00, 0x00, 0x00, 0x00, 0x00, 0x00, 0x00, 0x00, 0x00, 0x00, 0x00, 0x00,
    0x00, 0x00, 0x00, 0x00, 0x00, 0x00, 0x00, 0x00, 0x00, 0x00, 0x00, 0x00, 0x00, 0x00, 0x00, 0x00,
    0x00, 0x00, 0x00, 0x00, 0x00, 0x00, 0x00, 0x00, 0x00, 0x00, 0x00, 0x00, 0x00, 0x00, 0x00, 0x00,
    0x00, 0x00, 0x00, 0x00, 0x00, 0x00, 0x00, 0x00, 0x00, 0x00, 0x00, 0x00, 0x00, 0x00, 0x00, 0x00,
    0x00, 0x00, 0x00, 0x00, 0x00, 0x00, 0x00, 0x00, 0x00, 0x00, 0x00, 0x00, 0x00, 0x00, 0x00, 0x00,
    0x00, 0x00, 0x00, 0x00, 0x00, 0x00, 0x00, 0x00, 0x00, 0x00, 0x00, 0x00, 0x00, 0x00, 0x00, 0x00,
    0x00, 0x00, 0x00, 0x00, 0x00, 0x00, 0x00, 0x00, 0x00, 0x00, 0x00, 0x00, 0x00, 0x00, 0x00, 0x00,
    0x00, 0x00, 0x00, 0x00, 0x00, 0x00, 0x00, 0x00, 0x00, 0x00, 0x00, 0x00, 0x00, 0x00, 0x00, 0x00,
    0x00, 0x00, 0x00, 0x00, 0x00, 0x00, 0x00, 0x00, 0x00, 0x00, 0x00, 0x00, 0x00, 0x00, 0x00, 0x00,
    0x00, 0x00, 0x00, 0x00, 0x00, 0x00, 0x00, 0x00, 0x00, 0x00, 0x00, 0x00, 0x00, 0x00, 0x00, 0x00,
    0x00, 0x00, 0x00, 0x00, 0x00, 0x00, 0x00, 0x00, 0x00, 0x00, 0x00, 0x00, 0x00, 0x00, 0x00, 0x00,
    0x00, 0x00, 0x00, 0x00, 0x00, 0x00, 0x00, 0x00, 0x00, 0x00, 0x00, 0x00, 0x00, 0x00, 0x00, 0x00,
    0x00, 0x00, 0x00, 0x00, 0x00, 0x00, 0x00, 0x00, 0x00, 0x00, 0x00, 0x00, 0x00, 0x00, 0x00, 0x00,
    0x00, 0x00, 0x00, 0x00, 0x00, 0x00, 0x00, 0x00, 0x00, 0x00, 0x00, 0x00, 0x00, 0x00, 0x00, 0x00,
    0x00, 0x00, 0x00, 0x00, 0x00, 0x00, 0x00, 0x00, 0x00, 0x00, 0x00, 0x00, 0x00, 0x00, 0x00, 0x00,
    0x00, 0x00, 0x00, 0x00, 0x00, 0x00, 0x00, 0x00, 0x00, 0x00, 0x00, 0x00, 0x00, 0x00, 0x00, 0x00,
    0x00, 0x00, 0x00, 0x00, 0x00, 0x00, 0x00, 0x00, 0x00, 0x00, 0x00, 0x00, 0x00, 0x00, 0x00, 0x00,
    0x00, 0x00, 0x00, 0x00, 0x00, 0x00, 0x00, 0x00, 0x00, 0x00, 0x00, 0x00, 0x00, 0x00, 0x00, 0x00,
    0x00, 0x00, 0x00, 0x00, 0x00, 0x00, 0x00, 0x00, 0x00, 0x00, 0x00, 0x00, 0x00, 0x00, 0x00, 0x00,
    0x00, 0x00, 0x00, 0x00, 0x00, 0x00, 0x00, 0x00, 0x00, 0x00, 0x00, 0x00, 0x00, 0x00, 0x00, 0x00,
    0x00, 0x00, 0x00, 0x00, 0x00, 0x00, 0x00, 0x00, 0x00, 0x00, 0x00, 0x00, 0x00, 0x00, 0x00, 0x00,
    0x00, 0x00, 0x00, 0x00, 0x00, 0x00, 0x00, 0x00, 0x00, 0x00, 0x00, 0x00, 0x00, 0x00, 0x00, 0x00,
    0x00, 0x00, 0x00, 0x00, 0x00, 0x00, 0x00, 0x00, 0x00, 0x00, 0x00, 0x00, 0x00, 0x00, 0x00, 0x00,
    0x00, 0x00, 0x00, 0x00, 0x00, 0x00, 0x00, 0x00, 0x00, 0x00, 0x00, 0x00, 0x00, 0x00, 0x00, 0x00,
    0x00, 0x00, 0x00, 0x00, 0x00, 0x00, 0x00, 0x00, 0x00, 0x00, 0x00, 0x00, 0x00, 0x00, 0x00, 0x00,
    0x00, 0x00, 0x00, 0x00, 0x00, 0x00, 0x00, 0x00, 0x00, 0x00, 0x00, 0x00, 0x00, 0x00, 0x00, 0x00,
    0x00, 0x00, 0x00, 0x00, 0x00, 0x00, 0x00, 0x00, 0x00, 0x00, 0x00, 0x00, 0x00, 0x00, 0x00, 0x00,
    0x00, 0x00, 0x00, 0x00, 0x00, 0x00, 0x00, 0x00, 0x00, 0x00, 0x00, 0x00, 0x00, 0x00, 0x00, 0x00,
    0x00, 0x00, 0x00, 0x00, 0x00, 0x00, 0x00, 0x00, 0x00, 0x00, 0x00, 0x00, 0x00, 0x00, 0x00, 0x00,
    0x00, 0x00, 0x00, 0x00, 0x00, 0x00, 0x00, 0x00, 0x00, 0x00, 0x00, 0x00, 0x00, 0x00, 0x00, 0x00,
    0x00, 0x00, 0x00, 0x00, 0x00, 0x00, 0x00, 0x00, 0x00, 0x00, 0x00, 0x00, 0x00, 0x00, 0x00, 0x00,
    0x00, 0x00, 0x00, 0x00, 0x00, 0x00, 0x00, 0x00, 0x00, 0x00, 0x00, 0x00, 0x00, 0x00, 0x00, 0x00,
    0x00, 0x00, 0x00, 0x00, 0x00, 0x00, 0x00, 0x00, 0x00, 0x00, 0x00, 0x00, 0x00, 0x00, 0x00, 0x00,
    0x00, 0x00, 0x00, 0x00, 0x00, 0x00, 0x00, 0x00, 0x00, 0x00, 0x00, 0x00, 0x00, 0x00, 0x00, 0x00,
    0x00, 0x00, 0x00, 0x00, 0x00, 0x00, 0x00, 0x00, 0x00, 0x00, 0x00, 0x00, 0x00, 0x00, 0x00, 0x00,
    0x00, 0x00, 0x00, 0x00, 0x00, 0x00, 0x00, 0x00, 0x00, 0x00, 0x00, 0x00, 0x00, 0x00, 0x00, 0x00,
    0x00, 0x00, 0x00, 0x00, 0x00, 0x00, 0x00, 0x00, 0x00, 0x00, 0x00, 0x00, 0x00, 0x00, 0x00, 0x00,
    0x00, 0x00, 0x00, 0x00, 0x00, 0x00, 0x00, 0x00, 0x00, 0x00, 0x00, 0x00, 0x00, 0x00, 0x00, 0x00,
    0x00, 0x00, 0x00, 0x00, 0x00, 0x00, 0x00, 0x00, 0x00, 0x00, 0x00, 0x00, 0x00, 0x00, 0x00, 0x00,
    0x00, 0x00, 0x00, 0x00, 0x00, 0x00, 0x00, 0x00, 0x00, 0x00, 0x00, 0x00, 0x00, 0x00, 0x00, 0x00,
    0x00, 0x00, 0x00, 0x00, 0x00, 0x00, 0x00, 0x00, 0x00, 0x00, 0x00, 0x00, 0x00, 0x00, 0x00, 0x00,
    0x00, 0x00, 0x00, 0x00, 0x00, 0x00, 0x00, 0x00, 0x00, 0x00, 0x00, 0x00, 0x00, 0x00, 0x00, 0x00,
    0x00, 0x00, 0x00, 0x00, 0x00, 0x00, 0x00, 0x00, 0x00, 0x00, 0x00, 0x00, 0x00, 0x00, 0x00, 0x00,
    0x00, 0x00, 0x00, 0x00, 0x00, 0x00, 0x00, 0x00, 0x00, 0x00, 0x00, 0x00, 0x00, 0x00, 0x00, 0x00,
    0x00, 0x00, 0x00, 0x00, 0x00, 0x00, 0x00, 0x00, 0x00, 0x00, 0x00, 0x00, 0x00, 0x00, 0x00, 0x00,
    0x00, 0x00, 0x00, 0x00, 0x00, 0x00, 0x00, 0x00, 0x00, 0x00, 0x00, 0x00, 0x00, 0x00, 0x00, 0x00,
    0x00, 0x00, 0x00, 0x00, 0x00, 0x00, 0x00, 0x00, 0x00, 0x00, 0x00, 0x00, 0x00, 0x00, 0x00, 0x00,
    0x00, 0x00, 0x00, 0x00, 0x00, 0x00, 0x00, 0x00, 0x00, 0x00, 0x00, 0x00, 0x00, 0x00, 0x00, 0x00,
    0x00, 0x00, 0x00, 0x00, 0x00, 0x00, 0x00, 0x00, 0x00, 0x00, 0x00, 0x00, 0x00, 0x00, 0x00, 0x00,
    0x00, 0x00, 0x00, 0x00, 0x00, 0x00, 0x00, 0x00, 0x00, 0x00, 0x00, 0x00, 0x00, 0x00, 0x00, 0x00,
    0x00, 0x00, 0x00, 0x00, 0x00, 0x00, 0x00, 0x00, 0x00, 0x00, 0x00, 0x00, 0x00, 0x00, 0x00, 0x00,
    0x00, 0x00, 0x00, 0x00, 0x00, 0x00, 0x00, 0x00, 0x00, 0x00, 0x00, 0x00, 0x00, 0x00, 0x00, 0x00,
    0x00, 0x00, 0x00, 0x00, 0x00, 0x00, 0x00, 0x00, 0x00, 0x00, 0x00, 0x00, 0x00, 0x00, 0x00, 0x00,
    0x00, 0x00, 0x00, 0x00, 0x00, 0x00, 0x00, 0x00, 0x00, 0x00, 0x00, 0x00, 0x00, 0x00, 0x00, 0x00,
    0x00, 0x00, 0x00, 0x00, 0x00, 0x00, 0x00, 0x00, 0x00, 0x00, 0x00, 0x00, 0x00, 0x00, 0x00, 0x00,
    0x00, 0x00, 0x00, 0x00, 0x00, 0x00, 0x00, 0x00, 0x00, 0x00, 0x00, 0x00, 0x00, 0x00, 0x00, 0x00,
    0x00, 0x00, 0x00, 0x00, 0x00, 0x00, 0x00, 0x00, 0x00, 0x00, 0x00, 0x00, 0x00, 0x00, 0x00, 0x00,
    0x00, 0x00, 0x00, 0x00, 0x00, 0x00, 0x00, 0x00, 0x00, 0x00, 0x00, 0x00, 0x00, 0x00, 0x00, 0x00,
    0x00, 0x00, 0x00, 0x00, 0x00, 0x00, 0x00, 0x00, 0x00, 0x00, 0x00, 0x00, 0x00, 0x00, 0x00, 0x00,
    0x00, 0x00, 0x00, 0x00, 0x00, 0x00, 0x00, 0x00, 0x00, 0x00, 0x00, 0x00, 0x00, 0x00, 0x00, 0x00,
    0x00, 0x00, 0x00, 0x00, 0x00, 0x00, 0x00, 0x00, 0x00, 0x00, 0x00, 0x00, 0x00, 0x00, 0x00, 0x00,
    0x00, 0x00, 0x00, 0x00, 0x00, 0x00, 0x00, 0x00, 0x00, 0x00, 0x00, 0x00, 0x00, 0x00, 0x00, 0x00,
    0x00, 0x00, 0x00, 0x00, 0x00, 0x00, 0x00, 0x00, 0x00, 0x00, 0x00, 0x00, 0x00, 0x00, 0x00, 0x00,
    0x00, 0x00, 0x00, 0x00, 0x00, 0x00, 0x00, 0x00, 0x00, 0x00, 0x00, 0x00, 0x00, 0x00, 0x00, 0x00,
    0x00, 0x00, 0x00, 0x00, 0x00, 0x00, 0x00, 0x00, 0x00, 0x00, 0x00, 0x00, 0x00, 0x00, 0x00, 0x00,
    0x00, 0x00, 0x00, 0x00, 0x00, 0x00, 0x00, 0x00, 0x00, 0x00, 0x00, 0x00, 0x00, 0x00, 0x00, 0x00,
    0x00, 0x00, 0x00, 0x00, 0x00, 0x00, 0x00, 0x00, 0x00, 0x00, 0x00, 0x00, 0x00, 0x00, 0x00, 0x00,
    0x00, 0x00, 0x00, 0x00, 0x00, 0x00, 0x00, 0x00, 0x00, 0x00, 0x00, 0x00, 0x00, 0x00, 0x00, 0x00,
    0x00, 0x00, 0x00, 0x00, 0x00, 0x00, 0x00, 0x00, 0x00, 0x00, 0x00, 0x00, 0x00, 0x00, 0x00, 0x00,
    0x00, 0x00, 0x00, 0x00, 0x00, 0x00, 0x00, 0x00, 0x00, 0x00, 0x00, 0x00, 0x00, 0x00, 0x00, 0x00,
    0x00, 0x00, 0x00, 0x00, 0x00, 0x00, 0x00, 0x00, 0x00, 0x00, 0x00, 0x00, 0x00, 0x00, 0x00, 0x00,
    0x00, 0x00, 0x00, 0x00, 0x00, 0x00, 0x00, 0x00, 0x00, 0x00, 0x00, 0x00, 0x00, 0x00, 0x00, 0x00,
    0x00, 0x00, 0x00, 0x00, 0x00, 0x00, 0x00, 0x00, 0x00, 0x00, 0x00, 0x00, 0x00, 0x00, 0x00, 0x00,
    0x00, 0x00, 0x00, 0x00, 0x00, 0x00, 0x00, 0x00, 0x00, 0x00, 0x00, 0x00, 0x00, 0x00, 0x00, 0x00,
    0x00, 0x00, 0x00, 0x00, 0x00, 0x00, 0x00, 0x00, 0x00, 0x00, 0x00, 0x00, 0x00, 0x00, 0x00, 0x00,
    0x00, 0x00, 0x00, 0x00, 0x00, 0x00, 0x00, 0x00, 0x00, 0x00, 0x00, 0x00, 0x00, 0x00, 0x00, 0x00,
    0x00, 0x00, 0x00, 0x00, 0x00, 0x00, 0x00, 0x00, 0x00, 0x00, 0x00, 0x00, 0x00, 0x00, 0x00, 0x00,
    0x00, 0x00, 0x00, 0x00, 0x00, 0x00, 0x00, 0x00, 0x00, 0x00, 0x00, 0x00, 0x00, 0x00, 0x00, 0x00,
    0x00, 0x00, 0x00, 0x00, 0x00, 0x00, 0x00, 0x00, 0x00, 0x00, 0x00, 0x00, 0x00, 0x00, 0x00, 0x00,
    0x00, 0x00, 0x00, 0x00, 0x00, 0x00, 0x00, 0x00, 0x00, 0x00, 0x00, 0x00, 0x00, 0x00, 0x00, 0x00,
    0x00, 0x00, 0x00, 0x00, 0x00, 0x00, 0x00, 0x00, 0x00, 0x00, 0x00, 0x00, 0x00, 0x00, 0x00, 0x00,
    0x00, 0x00, 0x00, 0x00, 0x00, 0x00, 0x00, 0x00, 0x00, 0x00, 0x00, 0x00, 0x00, 0x00, 0x00, 0x00,
    0x00, 0x00, 0x00, 0x00, 0x00, 0x00, 0x00, 0x00, 0x00, 0x00, 0x00, 0x00, 0x00, 0x00, 0x00, 0x00,
    0x00, 0x00, 0x00, 0x00, 0x00, 0x00, 0x00, 0x00, 0x00, 0x00, 0x00, 0x00, 0x00, 0x00, 0x00, 0x00,
    0x00, 0x00, 0x00, 0x00, 0x00, 0x00, 0x00, 0x00, 0x00, 0x00, 0x00, 0x00, 0x00, 0x00, 0x00, 0x00,
    0x00, 0x00, 0x00, 0x00, 0x00, 0x00, 0x00, 0x00, 0x00, 0x00, 0x00, 0x00, 0x00, 0x00, 0x00, 0x00,
    0x00, 0x00, 0x00, 0x00, 0x00, 0x00, 0x00, 0x00, 0x00, 0x00, 0x00, 0x00, 0x00, 0x00, 0x00, 0x00,
    0x00, 0x00, 0x00, 0x00, 0x00, 0x00, 0x00, 0x00, 0x00, 0x00, 0x00, 0x00, 0x00, 0x00, 0x00, 0x00,
    0x00, 0x00, 0x00, 0x00, 0x00, 0x00, 0x00, 0x00, 0x00, 0x00, 0x00, 0x00, 0x00, 0x00, 0x00, 0x00,
    0x00, 0x00, 0x00, 0x00, 0x00, 0x00, 0x00, 0x00, 0x00, 0x00, 0x00, 0x00, 0x00, 0x00, 0x00, 0x00,
    0x00, 0x00, 0x00, 0x00, 0x00, 0x00, 0x00, 0x00, 0x00, 0x00, 0x00, 0x00, 0x00, 0x00, 0x00, 0x00,
    0x00, 0x00, 0x00, 0x00, 0x00, 0x00, 0x00, 0x00, 0x00, 0x00, 0x00, 0x00, 0x00, 0x00, 0x00, 0x00,
    0x00, 0x00, 0x00, 0x00, 0x00, 0x00, 0x00, 0x00, 0x00, 0x00, 0x00, 0x00, 0x00, 0x00, 0x00, 0x00,
    0x00, 0x00, 0x00, 0x00, 0x00, 0x00, 0x00, 0x00, 0x00, 0x00, 0x00, 0x00, 0x00, 0x00, 0x00, 0x00,
    0x00, 0x00, 0x00, 0x00, 0x00, 0x00, 0x00, 0x00, 0x00, 0x00, 0x00, 0x00, 0x00, 0x00, 0x00, 0x00,
    0x00, 0x00, 0x00, 0x00, 0x00, 0x00, 0x00, 0x00, 0x00, 0x00, 0x00, 0x00, 0x00, 0x00, 0x00, 0x00,
    0x00, 0x00, 0x00, 0x00, 0x00, 0x00, 0x00, 0x00, 0x00, 0x00, 0x00, 0x00, 0x00, 0x00, 0x00, 0x00,
    0x00, 0x00, 0x00, 0x00, 0x00, 0x00, 0x00, 0x00, 0x00, 0x00, 0x00, 0x00, 0x00, 0x00, 0x00, 0x00,
    0x00, 0x00, 0x00, 0x00, 0x00, 0x00, 0x00, 0x00, 0x00, 0x00, 0x00, 0x00, 0x00, 0x00, 0x00, 0x00,
    0x00, 0x00, 0x00, 0x00, 0x00, 0x00, 0x00, 0x00, 0x00, 0x00, 0x00, 0x00, 0x00, 0x00, 0x00, 0x00,
    0x00, 0x00, 0x00, 0x00, 0x00, 0x00, 0x00, 0x00, 0x00, 0x00, 0x00, 0x00, 0x00, 0x00, 0x00, 0x00,
    0x00, 0x00, 0x00, 0x00, 0x00, 0x00, 0x00, 0x00, 0x00, 0x00, 0x00, 0x00, 0x00, 0x00, 0x00, 0x00,
    0x00, 0x00, 0x00, 0x00, 0x00, 0x00, 0x00, 0x00, 0x00, 0x00, 0x00, 0x00, 0x00, 0x00, 0x00, 0x00,
    0x00, 0x00, 0x00, 0x00, 0x00, 0x00, 0x00, 0x00, 0x00, 0x00, 0x00, 0x00, 0x00, 0x00, 0x00, 0x00,
    0x00, 0x00, 0x00, 0x00, 0x00, 0x00, 0x00, 0x00, 0x00, 0x00, 0x00, 0x00, 0x00, 0x00, 0x00, 0x00,
    0x00, 0x00, 0x00, 0x00, 0x00, 0x00, 0x00, 0x00, 0x00, 0x00, 0x00, 0x00, 0x00, 0x00, 0x00, 0x00,
    0x00, 0x00, 0x00, 0x00, 0x00, 0x00, 0x00, 0x00, 0x00, 0x00, 0x00, 0x00, 0x00, 0x00, 0x00, 0x00,
    0x00, 0x00, 0x00, 0x00, 0x00, 0x00, 0x00, 0x00, 0x00, 0x00, 0x00, 0x00, 0x00, 0x00, 0x00, 0x00,
    0x00, 0x00, 0x00, 0x00, 0x00, 0x00, 0x00, 0x00, 0x00, 0x00, 0x00, 0x00, 0x00, 0x00, 0x00, 0x00,
    0x00, 0x00, 0x00, 0x00, 0x00, 0x00, 0x00, 0x00, 0x00, 0x00, 0x00, 0x00, 0x00, 0x00, 0x00, 0x00,
    0x00, 0x00, 0x00, 0x00, 0x00, 0x00, 0x00, 0x00, 0x00, 0x00, 0x00, 0x00, 0x00, 0x00, 0x00, 0x00,
    0x00, 0x00, 0x00, 0x00, 0x00, 0x00, 0x00, 0x00, 0x00, 0x00, 0x00, 0x00, 0x00, 0x00, 0x00, 0x00,
    0x00, 0x00, 0x00, 0x00, 0x00, 0x00, 0x00, 0x00, 0x00, 0x00, 0x00, 0x00, 0x00, 0x00, 0x00, 0x00,
    0x00, 0x00, 0x00, 0x00, 0x00, 0x00, 0x00, 0x00, 0x00, 0x00, 0x00, 0x00, 0x00, 0x00, 0x00, 0x00,
    0x00, 0x00, 0x00, 0x00, 0x00, 0x00, 0x00, 0x00, 0x00, 0x00, 0x00, 0x00, 0x00, 0x00, 0x00, 0x00,
    0x00, 0x00, 0x00, 0x00, 0x00, 0x00, 0x00, 0x00, 0x00, 0x00, 0x00, 0x00, 0x00, 0x00, 0x00, 0x00,
    0x00, 0x00, 0x00, 0x00, 0x00, 0x00, 0x00, 0x00, 0x00, 0x00, 0x00, 0x00, 0x00, 0x00, 0x00, 0x00,
    0x00, 0x00, 0x00, 0x00, 0x00, 0x00, 0x00, 0x00, 0x00, 0x00, 0x00, 0x00, 0x00, 0x00, 0x00, 0x00,
    0x00, 0x00, 0x00, 0x00, 0x00, 0x00, 0x00, 0x00, 0x00, 0x00, 0x00, 0x00, 0x00, 0x00, 0x00, 0x00,
    0x00, 0x00, 0x00, 0x00, 0x00, 0x00, 0x00, 0x00, 0x00, 0x00, 0x00, 0x00, 0x00, 0x00, 0x00, 0x00,
    0x00, 0x00, 0x00, 0x00, 0x00, 0x00, 0x00, 0x00, 0x00, 0x00, 0x00, 0x00, 0x00, 0x00, 0x00, 0x00,
    0x00, 0x00, 0x00, 0x00, 0x00, 0x00, 0x00, 0x00, 0x00, 0x00, 0x00, 0x00, 0x00, 0x00, 0x00, 0x00,
    0x00, 0x00, 0x00, 0x00, 0x00, 0x00, 0x00, 0x00, 0x00, 0x00, 0x00, 0x00, 0x00, 0x00, 0x00, 0x00,
    0x00, 0x00, 0x00, 0x00, 0x00, 0x00, 0x00, 0x00, 0x00, 0x00, 0x00, 0x00, 0x00, 0x00, 0x00, 0x00,
    0x00, 0x00, 0x00, 0x00, 0x00, 0x00, 0x00, 0x00, 0x00, 0x00, 0x00, 0x00, 0x00, 0x00, 0x00, 0x00,
    0x00, 0x00, 0x00, 0x00, 0x00, 0x00, 0x00, 0x00, 0x00, 0x00, 0x00, 0x00, 0x00, 0x00, 0x00, 0x00,
    0x00, 0x00, 0x00, 0x00, 0x00, 0x00, 0x00, 0x00, 0x00, 0x00, 0x00, 0x00, 0x00, 0x00, 0x00, 0x00,
    0x00, 0x00, 0x00, 0x00, 0x00, 0x00, 0x00, 0x00, 0x00, 0x00, 0x00, 0x00, 0x00, 0x00, 0x00, 0x00,
    0x00, 0x00, 0x00, 0x00, 0x00, 0x00, 0x00, 0x00, 0x00, 0x00, 0x00, 0x00, 0x00, 0x00, 0x00, 0x00,
    0x00, 0x00, 0x00, 0x00, 0x00, 0x00, 0x00, 0x00, 0x00, 0x00, 0x00, 0x00, 0x00, 0x00, 0x00, 0x00,
    0x00, 0x00, 0x00, 0x00, 0x00, 0x00, 0x00, 0x00, 0x00, 0x00, 0x00, 0x00, 0x00, 0x00, 0x00, 0x00,
    0x00, 0x00, 0x00, 0x00, 0x00, 0x00, 0x00, 0x00, 0x00, 0x00, 0x00, 0x00, 0x00, 0x00, 0x00, 0x00,
    0x00, 0x00, 0x00, 0x00, 0x00, 0x00, 0x00, 0x00, 0x00, 0x00, 0x00, 0x00, 0x00, 0x00, 0x00, 0x00,
    0x00, 0x00, 0x00, 0x00, 0x00, 0x00, 0x00, 0x00, 0x00, 0x00, 0x00, 0x00, 0x00, 0x00, 0x00, 0x00,
    0x00, 0x00, 0x00, 0x00, 0x00, 0x00, 0x00, 0x00, 0x00, 0x00, 0x00, 0x00, 0x00, 0x00, 0x00, 0x00,
    0x00, 0x00, 0x00, 0x00, 0x00, 0x00, 0x00, 0x00, 0x00, 0x00, 0x00, 0x00, 0x00, 0x00, 0x00, 0x00,
    0x00, 0x00, 0x00, 0x00, 0x00, 0x00, 0x00, 0x00, 0x00, 0x00, 0x00, 0x00, 0x00, 0x00, 0x00, 0x00,
    0x00, 0x00, 0x00, 0x00, 0x00, 0x00, 0x00, 0x00, 0x00, 0x00, 0x00, 0x00, 0x00, 0x00, 0x00, 0x00,
    0x00, 0x00, 0x00, 0x00, 0x00, 0x00, 0x00, 0x00, 0x00, 0x00, 0x00, 0x00, 0x00, 0x00, 0x00, 0x00,
    0x00, 0x00, 0x00, 0x00, 0x00, 0x00, 0x00, 0x00, 0x00, 0x00, 0x00, 0x00, 0x00, 0x00, 0x00, 0x00,
    0x00, 0x00, 0x00, 0x00, 0x00, 0x00, 0x00, 0x00, 0x00, 0x00, 0x00, 0x00, 0x00, 0x00, 0x00, 0x00,
    0x00, 0x00, 0x00, 0x00, 0x00, 0x00, 0x00, 0x00, 0x00, 0x00, 0x00, 0x00, 0x00, 0x00, 0x00, 0x00,
    0x00, 0x00, 0x00, 0x00, 0x00, 0x00, 0x00, 0x00, 0x00, 0x00, 0x00, 0x00, 0x00, 0x00, 0x00, 0x00,
    0x00, 0x00, 0x00, 0x00, 0x00, 0x00, 0x00, 0x00, 0x00, 0x00, 0x00, 0x00, 0x00, 0x00, 0x00, 0x00,
    0x00, 0x00, 0x00, 0x00, 0x00, 0x00, 0x00, 0x00, 0x00, 0x00, 0x00, 0x00, 0x00, 0x00, 0x00, 0x00,
    0x00, 0x00, 0x00, 0x00, 0x00, 0x00, 0x00, 0x00, 0x00, 0x00, 0x00, 0x00, 0x00, 0x00, 0x00, 0x00,
    0x00, 0x00, 0x00, 0x00, 0x00, 0x00, 0x00, 0x00, 0x00, 0x00, 0x00, 0x00, 0x00, 0x00, 0x00, 0x00,
    0x00, 0x00, 0x00, 0x00, 0x00, 0x00, 0x00, 0x00, 0x00, 0x00, 0x00, 0x00, 0x00, 0x00, 0x00, 0x00,
    0x00, 0x00, 0x00, 0x00, 0x00, 0x00, 0x00, 0x00, 0x00, 0x00, 0x00, 0x00, 0x00, 0x00, 0x00, 0x00,
    0x00, 0x00, 0x00, 0x00, 0x00, 0x00, 0x00, 0x00, 0x00, 0x00, 0x00, 0x00, 0x00, 0x00, 0x00, 0x00,
    0x00, 0x00, 0x00, 0x00, 0x00, 0x00, 0x00, 0x00, 0x00, 0x00, 0x00, 0x00, 0x00, 0x00, 0x00, 0x00,
    0x00, 0x00, 0x00, 0x00, 0x00, 0x00, 0x00, 0x00, 0x00, 0x00, 0x00, 0x00, 0x00, 0x00, 0x00, 0x00,
    0x00, 0x00, 0x00, 0x00, 0x00, 0x00, 0x00, 0x00, 0x00, 0x00, 0x00, 0x00, 0x00, 0x00, 0x00, 0x00,
    0x00, 0x00, 0x00, 0x00, 0x00, 0x00, 0x00, 0x00, 0x00, 0x00, 0x00, 0x00, 0x00, 0x00, 0x00, 0x00,
    0x00, 0x00, 0x00, 0x00, 0x00, 0x00, 0x00, 0x00, 0x00, 0x00, 0x00, 0x00, 0x00, 0x00, 0x00, 0x00,
    0x00, 0x00, 0x00, 0x00, 0x00, 0x00, 0x00, 0x00, 0x00, 0x00, 0x00, 0x00, 0x00, 0x00, 0x00, 0x00,
    0x00, 0x00, 0x00, 0x00, 0x00, 0x00, 0x00, 0x00, 0x00, 0x00, 0x00, 0x00, 0x00, 0x00, 0x00, 0x00,
    0x00, 0x00, 0x00, 0x00, 0x00, 0x00, 0x00, 0x00, 0x00, 0x00, 0x00, 0x00, 0x00, 0x00, 0x00, 0x00,
    0x00, 0x00, 0x00, 0x00, 0x00, 0x00, 0x00, 0x00, 0x00, 0x00, 0x00, 0x00, 0x00, 0x00, 0x00, 0x00,
    0x00, 0x00, 0x00, 0x00, 0x00, 0x00, 0x00, 0x00, 0x00, 0x00, 0x00, 0x00, 0x00, 0x00, 0x00, 0x00,
    0x00, 0x00, 0x00, 0x00, 0x00, 0x00, 0x00, 0x00, 0x00, 0x00, 0x00, 0x00, 0x00, 0x00, 0x00, 0x00,
    0x00, 0x00, 0x00, 0x00, 0x00, 0x00, 0x00, 0x00, 0x00, 0x00, 0x00, 0x00, 0x00, 0x00, 0x00, 0x00,
    0x00, 0x00, 0x00, 0x00, 0x00, 0x00, 0x00, 0x00, 0x00, 0x00, 0x00, 0x00, 0x00, 0x00, 0x00, 0x00,
    0x00, 0x00, 0x00, 0x00, 0x00, 0x00, 0x00, 0x00, 0x00, 0x00, 0x00, 0x00, 0x00, 0x00, 0x00, 0x00,
    0x00, 0x00, 0x00, 0x00, 0x00, 0x00, 0x00, 0x00, 0x00, 0x00, 0x00, 0x00, 0x00, 0x00, 0x00, 0x00,
    0x00, 0x00, 0x00, 0x00, 0x00, 0x00, 0x00, 0x00, 0x00, 0x00, 0x00, 0x00, 0x00, 0x00, 0x00, 0x00,
    0x00, 0x00, 0x00, 0x00, 0x00, 0x00, 0x00, 0x00, 0x00, 0x00, 0x00, 0x00, 0x00, 0x00, 0x00, 0x00,
    0x00, 0x00, 0x00, 0x00, 0x00, 0x00, 0x00, 0x00, 0x00, 0x00, 0x00, 0x00, 0x00, 0x00, 0x00, 0x00,
    0x00, 0x00, 0x00, 0x00, 0x00, 0x00, 0x00, 0x00, 0x00, 0x00, 0x00, 0x00, 0x00, 0x00, 0x00, 0x00,
    0x00, 0x00, 0x00, 0x00, 0x00, 0x00, 0x00, 0x00, 0x00, 0x00, 0x00, 0x00, 0x00, 0x00, 0x00, 0x00,
    0x00, 0x00, 0x00, 0x00, 0x00, 0x00, 0x00, 0x00, 0x00, 0x00, 0x00, 0x00, 0x00, 0x00, 0x00, 0x00,
    0x00, 0x00, 0x00, 0x00, 0x00, 0x00, 0x00, 0x00, 0x00, 0x00, 0x00, 0x00, 0x00, 0x00, 0x00, 0x00,
    0x00, 0x00, 0x00, 0x00, 0x00, 0x00, 0x00, 0x00, 0x00, 0x00, 0x00, 0x00, 0x00, 0x00, 0x00, 0x00,
    0x00, 0x00, 0x00, 0x00, 0x00, 0x00, 0x00, 0x00, 0x00, 0x00, 0x00, 0x00, 0x00, 0x00, 0x00, 0x00,
    0x00, 0x00, 0x00, 0x00, 0x00, 0x00, 0x00, 0x00, 0x00, 0x00, 0x00, 0x00, 0x00, 0x00, 0x00, 0x00,
    0x00, 0x00, 0x00, 0x00, 0x00, 0x00, 0x00, 0x00, 0x00, 0x00, 0x00, 0x00, 0x00, 0x00, 0x00, 0x00,
    0x00, 0x00, 0x00, 0x00, 0x00, 0x00, 0x00, 0x00, 0x00, 0x00, 0x00, 0x00, 0x00, 0x00, 0x00, 0x00,
    0x00, 0x00, 0x00, 0x00, 0x00, 0x00, 0x00, 0x00, 0x00, 0x00, 0x00, 0x00, 0x00, 0x00, 0x00, 0x00,
    0x00, 0x00, 0x00, 0x00, 0x00, 0x00, 0x00, 0x00, 0x00, 0x00, 0x00, 0x00, 0x00, 0x00, 0x00, 0x00,
    0x00, 0x00, 0x00, 0x00, 0x00, 0x00, 0x00, 0x00, 0x00, 0x00, 0x00, 0x00, 0x00, 0x00, 0x00, 0x00,
    0x00, 0x00, 0x00, 0x00, 0x00, 0x00, 0x00, 0x00, 0x00, 0x00, 0x00, 0x00, 0x00, 0x00, 0x00, 0x00,
    0x00, 0x00, 0x00, 0x00, 0x00, 0x00, 0x00, 0x00, 0x00, 0x00, 0x00, 0x00, 0x00, 0x00, 0x00, 0x00,
    0x00, 0x00, 0x00, 0x00, 0x00, 0x00, 0x00, 0x00, 0x00, 0x00, 0x00, 0x00, 0x00, 0x00, 0x00, 0x00,
    0x00, 0x00, 0x00, 0x00, 0x00, 0x00, 0x00, 0x00, 0x00, 0x00, 0x00, 0x00, 0x00, 0x00, 0x00, 0x00,
    0x00, 0x00, 0x00, 0x00, 0x00, 0x00, 0x00, 0x00, 0x00, 0x00, 0x00, 0x00, 0x00, 0x00, 0x00, 0x00,
    0x00, 0x00, 0x00, 0x00, 0x00, 0x00, 0x00, 0x00, 0x00, 0x00, 0x00, 0x00, 0x00, 0x00, 0x00, 0x00,
    0x00, 0x00, 0x00, 0x00, 0x00, 0x00, 0x00, 0x00, 0x00, 0x00, 0x00, 0x00, 0x00, 0x00, 0x00, 0x00,
    0x00, 0x00, 0x00, 0x00, 0x00, 0x00, 0x00, 0x00, 0x00, 0x00, 0x00, 0x00, 0x00, 0x00, 0x00, 0x00,
    0x00, 0x00, 0x00, 0x00, 0x00, 0x00, 0x00, 0x00, 0x00, 0x00, 0x00, 0x00, 0x00, 0x00, 0x00, 0x00,
    0x00, 0x00, 0x00, 0x00, 0x00, 0x00, 0x00, 0x00, 0x00, 0x00, 0x00, 0x00, 0x00, 0x00, 0x00, 0x00,
    0x00, 0x00, 0x00, 0x00, 0x00, 0x00, 0x00, 0x00, 0x00, 0x00, 0x00, 0x00, 0x00, 0x00, 0x00, 0x00,
    0x00, 0x00, 0x00, 0x00, 0x00, 0x00, 0x00, 0x00, 0x00, 0x00, 0x00, 0x00, 0x00, 0x00, 0x00, 0x00,
    0x00, 0x00, 0x00, 0x00, 0x00, 0x00, 0x00, 0x00, 0x00, 0x00, 0x00, 0x00, 0x00, 0x00, 0x00, 0x00,
    0x00, 0x00, 0x00, 0x00, 0x00, 0x00, 0x00, 0x00, 0x00, 0x00, 0x00, 0x00, 0x00, 0x00, 0x00, 0x00,
    0x00, 0x00, 0x00, 0x00, 0x00, 0x00, 0x00, 0x00, 0x00, 0x00, 0x00, 0x00, 0x00, 0x00, 0x00, 0x00,
    0x00, 0x00, 0x00, 0x00, 0x00, 0x00, 0x00, 0x00, 0x00, 0x00, 0x00, 0x00, 0x00, 0x00, 0x00, 0x00,
    0x00, 0x00, 0x00, 0x00, 0x00, 0x00, 0x00, 0x00, 0x00, 0x00, 0x00, 0x00, 0x00, 0x00, 0x00, 0x00,
    0x00, 0x00, 0x00, 0x00, 0x00, 0x00, 0x00, 0x00, 0x00, 0x00, 0x00, 0x00, 0x00, 0x00, 0x00, 0x00,
    0x00, 0x00, 0x00, 0x00, 0x00, 0x00, 0x00, 0x00, 0x00, 0x00, 0x00, 0x00, 0x00, 0x00, 0x00, 0x00,
    0x00, 0x00, 0x00, 0x00, 0x00, 0x00, 0x00, 0x00, 0x00, 0x00, 0x00, 0x00, 0x00, 0x00, 0x00, 0x00,
    0x00, 0x00, 0x00, 0x00, 0x00, 0x00, 0x00, 0x00, 0x00, 0x00, 0x00, 0x00, 0x00, 0x00, 0x00, 0x00,
    0x00, 0x00, 0x00, 0x00, 0x00, 0x00, 0x00, 0x00, 0x00, 0x00, 0x00, 0x00, 0x00, 0x00, 0x00, 0x00,
    0x00, 0x00, 0x00, 0x00, 0x00, 0x00, 0x00, 0x00, 0x00, 0x00, 0x00, 0x00, 0x00, 0x00, 0x00, 0x00,
    0x00, 0x00, 0x00, 0x00, 0x00, 0x00, 0x00, 0x00, 0x00, 0x00, 0x00, 0x00, 0x00, 0x00, 0x00, 0x00,
    0x00, 0x00, 0x00, 0x00, 0x00, 0x00, 0x00, 0x00, 0x00, 0x00, 0x00, 0x00, 0x00, 0x00, 0x00, 0x00,
    0x00, 0x00, 0x00, 0x00, 0x00, 0x00, 0x00, 0x00, 0x00, 0x00, 0x00, 0x00, 0x00, 0x00, 0x00, 0x00,
    0x00, 0x00, 0x00, 0x00, 0x00, 0x00, 0x00, 0x00, 0x00, 0x00, 0x00, 0x00, 0x00, 0x00, 0x00, 0x00,
    0x00, 0x00, 0x00, 0x00, 0x00, 0x00, 0x00, 0x00, 0x00, 0x00, 0x00, 0x00, 0x00, 0x00, 0x00, 0x00,
    0x00, 0x00, 0x00, 0x00, 0x00, 0x00, 0x00, 0x00, 0x00, 0x00, 0x00, 0x00, 0x00, 0x00, 0x00, 0x00,
    0x00, 0x00, 0x00, 0x00, 0x00, 0x00, 0x00, 0x00, 0x00, 0x00, 0x00, 0x00, 0x00, 0x00, 0x00, 0x00,
    0x00, 0x00, 0x00, 0x00, 0x00, 0x00, 0x00, 0x00, 0x00, 0x00, 0x00, 0x00, 0x00, 0x00, 0x00, 0x00,
    0x00, 0x00, 0x00, 0x00, 0x00, 0x00, 0x00, 0x00, 0x00, 0x00, 0x00, 0x00, 0x00, 0x00, 0x00, 0x00,
    0x00, 0x00, 0x00, 0x00, 0x00, 0x00, 0x00, 0x00, 0x00, 0x00, 0x00, 0x00, 0x00, 0x00, 0x00, 0x00,
    0x00, 0x00, 0x00, 0x00, 0x00, 0x00, 0x00, 0x00, 0x00, 0x00, 0x00, 0x00, 0x00, 0x00, 0x00, 0x00,
    0x00, 0x00, 0x00, 0x00, 0x00, 0x00, 0x00, 0x00, 0x00, 0x00, 0x00, 0x00, 0x00, 0x00, 0x00, 0x00,
    0x00, 0x00, 0x00, 0x00, 0x00, 0x00, 0x00, 0x00, 0x00, 0x00, 0x00, 0x00, 0x00, 0x00, 0x00, 0x00,
    0x00, 0x00, 0x00, 0x00, 0x00, 0x00, 0x00, 0x00, 0x00, 0x00, 0x00, 0x00, 0x00, 0x00, 0x00, 0x00,
    0x00, 0x00, 0x00, 0x00, 0x00, 0x00, 0x00, 0x00, 0x00, 0x00, 0x00, 0x00, 0x00, 0x00, 0x00, 0x00,
    0x00, 0x00, 0x00, 0x00, 0x00, 0x00, 0x00, 0x00, 0x00, 0x00, 0x00, 0x00, 0x00, 0x00, 0x00, 0x00,
    0x00, 0x00, 0x00, 0x00, 0x00, 0x00, 0x00, 0x00, 0x00, 0x00, 0x00, 0x00, 0x00, 0x00, 0x00, 0x00,
    0x00, 0x00, 0x00, 0x00, 0x00, 0x00, 0x00, 0x00, 0x00, 0x00, 0x00, 0x00, 0x00, 0x00, 0x00, 0x00,
    0x00, 0x00, 0x00, 0x00, 0x00, 0x00, 0x00, 0x00, 0x00, 0x00, 0x00, 0x00, 0x00, 0x00, 0x00, 0x00,
    0x00, 0x00, 0x00, 0x00, 0x00, 0x00, 0x00, 0x00, 0x00, 0x00, 0x00, 0x00, 0x00, 0x00, 0x00, 0x00,
    0x00, 0x00, 0x00, 0x00, 0x00, 0x00, 0x00, 0x00, 0x00, 0x00, 0x00, 0x00, 0x00, 0x00, 0x00, 0x00,
    0x00, 0x00, 0x00, 0x00, 0x00, 0x00, 0x00, 0x00, 0x00, 0x00, 0x00, 0x00, 0x00, 0x00, 0x00, 0x00,
    0x00, 0x00, 0x00, 0x00, 0x00, 0x00, 0x00, 0x00, 0x00, 0x00, 0x00, 0x00, 0x00, 0x00, 0x00, 0x00,
    0x00, 0x00, 0x00, 0x00, 0x00, 0x00, 0x00, 0x00, 0x00, 0x00, 0x00, 0x00, 0x00, 0x00, 0x00, 0x00,
    0x00, 0x00, 0x00, 0x00, 0x00, 0x00, 0x00, 0x00, 0x00, 0x00, 0x00, 0x00, 0x00, 0x00, 0x00, 0x00,
    0x00, 0x00, 0x00, 0x00, 0x00, 0x00, 0x00, 0x00, 0x00, 0x00, 0x00, 0x00, 0x00, 0x00, 0x00, 0x00,
    0x00, 0x00, 0x00, 0x00, 0x00, 0x00, 0x00, 0x00, 0x00, 0x00, 0x00, 0x00, 0x00, 0x00, 0x00, 0x00,
    0x00, 0x00, 0x00, 0x00, 0x00, 0x00, 0x00, 0x00, 0x00, 0x00, 0x00, 0x00, 0x00, 0x00, 0x00, 0x00,
    0x00, 0x00, 0x00, 0x00, 0x00, 0x00, 0x00, 0x00, 0x00, 0x00, 0x00, 0x00, 0x00, 0x00, 0x00, 0x00,
    0x00, 0x00, 0x00, 0x00, 0x00, 0x00, 0x00, 0x00, 0x00, 0x00, 0x00, 0x00, 0x00, 0x00, 0x00, 0x00,
    0x00, 0x00, 0x00, 0x00, 0x00, 0x00, 0x00, 0x00, 0x00, 0x00, 0x00, 0x00, 0x00, 0x00, 0x00, 0x00,
    0x00, 0x00, 0x00, 0x00, 0x00, 0x00, 0x00, 0x00, 0x00, 0x00, 0x00, 0x00, 0x00, 0x00, 0x00, 0x00,
    0x00, 0x00, 0x00, 0x00, 0x00, 0x00, 0x00, 0x00, 0x00, 0x00, 0x00, 0x00, 0x00, 0x00, 0x00, 0x00,
    0x00, 0x00, 0x00, 0x00, 0x00, 0x00, 0x00, 0x00, 0x00, 0x00, 0x00, 0x00, 0x00, 0x00, 0x00, 0x00,
    0x00, 0x00, 0x00, 0x00, 0x00, 0x00, 0x00, 0x00, 0x00, 0x00, 0x00, 0x00, 0x00, 0x00, 0x00, 0x00,
    0x00, 0x00, 0x00, 0x00, 0x00, 0x00, 0x00, 0x00, 0x00, 0x00, 0x00, 0x00, 0x00, 0x00, 0x00, 0x00,
    0x00, 0x00, 0x00, 0x00, 0x00, 0x00, 0x00, 0x00, 0x00, 0x00, 0x00, 0x00, 0x00, 0x00, 0x00, 0x00,
    0x00, 0x00, 0x00, 0x00, 0x00, 0x00, 0x00, 0x00, 0x00, 0x00, 0x00, 0x00, 0x00, 0x00, 0x00, 0x00,
    0x00, 0x00, 0x00, 0x00, 0x00, 0x00, 0x00, 0x00, 0x00, 0x00, 0x00, 0x00, 0x00, 0x00, 0x00, 0x00,
    0x00, 0x00, 0x00, 0x00, 0x00, 0x00, 0x00, 0x00, 0x00, 0x00, 0x00, 0x00, 0x00, 0x00, 0x00, 0x00,
    0x00, 0x00, 0x00, 0x00, 0x00, 0x00, 0x00, 0x00, 0x00, 0x00, 0x00, 0x00, 0x00, 0x00, 0x00, 0x00,
    0x00, 0x00, 0x00, 0x00, 0x00, 0x00, 0x00, 0x00, 0x00, 0x00, 0x00, 0x00, 0x00, 0x00, 0x00, 0x00,
    0x00, 0x00, 0x00, 0x00, 0x00, 0x00, 0x00, 0x00, 0x00, 0x00, 0x00, 0x00, 0x00, 0x00, 0x00, 0x00,
    0x00, 0x00, 0x00, 0x00, 0x00, 0x00, 0x00, 0x00, 0x00, 0x00, 0x00, 0x00, 0x00, 0x00, 0x00, 0x00,
    0x00, 0x00, 0x00, 0x00, 0x00, 0x00, 0x00, 0x00, 0x00, 0x00, 0x00, 0x00, 0x00, 0x00, 0x00, 0x00,
    0x00, 0x00, 0x00, 0x00, 0x00, 0x00, 0x00, 0x00, 0x00, 0x00, 0x00, 0x00, 0x00, 0x00, 0x00, 0x00,
    0x00, 0x00, 0x00, 0x00, 0x00, 0x00, 0x00, 0x00, 0x00, 0x00, 0x00, 0x00, 0x00, 0x00, 0x00, 0x00,
    0x00, 0x00, 0x00, 0x00, 0x00, 0x00, 0x00, 0x00, 0x00, 0x00, 0x00, 0x00, 0x00, 0x00, 0x00, 0x00,
    0x00, 0x00, 0x00, 0x00, 0x00, 0x00, 0x00, 0x00, 0x00, 0x00, 0x00, 0x00, 0x00, 0x00, 0x00, 0x00,
    0x00, 0x00, 0x00, 0x00, 0x00, 0x00, 0x00, 0x00, 0x00, 0x00, 0x00, 0x00, 0x00, 0x00, 0x00, 0x00,
    0x00, 0x00, 0x00, 0x00, 0x00, 0x00, 0x00, 0x00, 0x00, 0x00, 0x00, 0x00, 0x00, 0x00, 0x00, 0x00,
    0x00, 0x00, 0x00, 0x00, 0x00, 0x00, 0x00, 0x00, 0x00, 0x00, 0x00, 0x00, 0x00, 0x00, 0x00, 0x00,
    0x00, 0x00, 0x00, 0x00, 0x00, 0x00, 0x00, 0x00, 0x00, 0x00, 0x00, 0x00, 0x00, 0x00, 0x00, 0x00,
    0x00, 0x00, 0x00, 0x00, 0x00, 0x00, 0x00, 0x00, 0x00, 0x00, 0x00, 0x00, 0x00, 0x00, 0x00, 0x00,
    0x00, 0x00, 0x00, 0x00, 0x00, 0x00, 0x00, 0x00, 0x00, 0x00, 0x00, 0x00, 0x00, 0x00, 0x00, 0x00,
    0x00, 0x00, 0x00, 0x00, 0x00, 0x00, 0x00, 0x00, 0x00, 0x00, 0x00, 0x00, 0x00, 0x00, 0x00, 0x00,
    0x00, 0x00, 0x00, 0x00, 0x00, 0x00, 0x00, 0x00, 0x00, 0x00, 0x00, 0x00, 0x00, 0x00, 0x00, 0x00,
    0x00, 0x00, 0x00, 0x00, 0x00, 0x00, 0x00, 0x00, 0x00, 0x00, 0x00, 0x00, 0x00, 0x00, 0x00, 0x00,
    0x00, 0x00, 0x00, 0x00, 0x00, 0x00, 0x00, 0x00, 0x00, 0x00, 0x00, 0x00, 0x00, 0x00, 0x00, 0x00,
    0x00, 0x00, 0x00, 0x00, 0x00, 0x00, 0x00, 0x00, 0x00, 0x00, 0x00, 0x00, 0x00, 0x00, 0x00, 0x00,
    0x00, 0x00, 0x00, 0x00, 0x00, 0x00, 0x00, 0x00, 0x00, 0x00, 0x00, 0x00, 0x00, 0x00, 0x00, 0x00,
    0x00, 0x00, 0x00, 0x00, 0x00, 0x00, 0x00, 0x00, 0x00, 0x00, 0x00, 0x00, 0x00, 0x00, 0x00, 0x00,
    0x00, 0x00, 0x00, 0x00, 0x00, 0x00, 0x00, 0x00, 0x00, 0x00, 0x00, 0x00, 0x00, 0x00, 0x00, 0x00,
    0x00, 0x00, 0x00, 0x00, 0x00, 0x00, 0x00, 0x00, 0x00, 0x00, 0x00, 0x00, 0x00, 0x00, 0x00, 0x00,
    0x00, 0x00, 0x00, 0x00, 0x00, 0x00, 0x00, 0x00, 0x00, 0x00, 0x00, 0x00, 0x00, 0x00, 0x00, 0x00,
    0x00, 0x00, 0x00, 0x00, 0x00, 0x00, 0x00, 0x00, 0x00, 0x00, 0x00, 0x00, 0x00, 0x00, 0x00, 0x00,
    0x00, 0x00, 0x00, 0x00, 0x00, 0x00, 0x00, 0x00, 0x00, 0x00, 0x00, 0x00, 0x00, 0x00, 0x00, 0x00,
    0x00, 0x00, 0x00, 0x00, 0x00, 0x00, 0x00, 0x00, 0x00, 0x00, 0x00, 0x00, 0x00, 0x00, 0x00, 0x00,
    0x00, 0x00, 0x00, 0x00, 0x00, 0x00, 0x00, 0x00, 0x00, 0x00, 0x00, 0x00, 0x00, 0x00, 0x00, 0x00,
    0x00, 0x00, 0x00, 0x00, 0x00, 0x00, 0x00, 0x00, 0x00, 0x00, 0x00, 0x00, 0x00, 0x00, 0x00, 0x00,
    0x00, 0x00, 0x00, 0x00, 0x00, 0x00, 0x00, 0x00, 0x00, 0x00, 0x00, 0x00, 0x00, 0x00, 0x00, 0x00,
    0x00, 0x00, 0x00, 0x00, 0x00, 0x00, 0x00, 0x00, 0x00, 0x00, 0x00, 0x00, 0x00, 0x00, 0x00, 0x00,
    0x00, 0x00, 0x00, 0x00, 0x00, 0x00, 0x00, 0x00, 0x00, 0x00, 0x00, 0x00, 0x00, 0x00, 0x00, 0x00,
    0x00, 0x00, 0x00, 0x00, 0x00, 0x00, 0x00, 0x00, 0x00, 0x00, 0x00, 0x00, 0x00, 0x00, 0x00, 0x00,
    0x00, 0x00, 0x00, 0x00, 0x00, 0x00, 0x00, 0x00, 0x00, 0x00, 0x00, 0x00, 0x00, 0x00, 0x00, 0x00,
    0x00, 0x00, 0x00, 0x00, 0x00, 0x00, 0x00, 0x00, 0x00, 0x00, 0x00, 0x00, 0x00, 0x00, 0x00, 0x00,
    0x00, 0x00, 0x00, 0x00, 0x00, 0x00, 0x00, 0x00, 0x00, 0x00, 0x00, 0x00, 0x00, 0x00, 0x00, 0x00,
    0x00, 0x00, 0x00, 0x00, 0x00, 0x00, 0x00, 0x00, 0x00, 0x00, 0x00, 0x00, 0x00, 0x00, 0x00, 0x00,
    0x00, 0x00, 0x00, 0x00, 0x00, 0x00, 0x00, 0x00, 0x00, 0x00, 0x00, 0x00, 0x00, 0x00, 0x00, 0x00,
    0x00, 0x00, 0x00, 0x00, 0x00, 0x00, 0x00, 0x00, 0x00, 0x00, 0x00, 0x00, 0x00, 0x00, 0x00, 0x00,
    0x00, 0x00, 0x00, 0x00, 0x00, 0x00, 0x00, 0x00, 0x00, 0x00, 0x00, 0x00, 0x00, 0x00, 0x00, 0x00,
    0x00, 0x00, 0x00, 0x00, 0x00, 0x00, 0x00, 0x00, 0x00, 0x00, 0x00, 0x00, 0x00, 0x00, 0x00, 0x00,
    0x00, 0x00, 0x00, 0x00, 0x00, 0x00, 0x00, 0x00, 0x00, 0x00, 0x00, 0x00, 0x00, 0x00, 0x00, 0x00,
    0x00, 0x00, 0x00, 0x00, 0x00, 0x00, 0x00, 0x00, 0x00, 0x00, 0x00, 0x00, 0x00, 0x00, 0x00, 0x00,
    0x00, 0x00, 0x00, 0x00, 0x00, 0x00, 0x00, 0x00, 0x00, 0x00, 0x00, 0x00, 0x00, 0x00, 0x00, 0x00,
    0x00, 0x00, 0x00, 0x00, 0x00, 0x00, 0x00, 0x00, 0x00, 0x00, 0x00, 0x00, 0x00, 0x00, 0x00, 0x00,
    0x00, 0x00, 0x00, 0x00, 0x00, 0x00, 0x00, 0x00, 0x00, 0x00, 0x00, 0x00, 0x00, 0x00, 0x00, 0x00,
    0x00, 0x00, 0x00, 0x00, 0x00, 0x00, 0x00, 0x00, 0x00, 0x00, 0x00, 0x00, 0x00, 0x00, 0x00, 0x00,
    0x00, 0x00, 0x00, 0x00, 0x00, 0x00, 0x00, 0x00, 0x00, 0x00, 0x00, 0x00, 0x00, 0x00, 0x00, 0x00,
    0x00, 0x00, 0x00, 0x00, 0x00, 0x00, 0x00, 0x00, 0x00, 0x00, 0x00, 0x00, 0x00, 0x00, 0x00, 0x00,
    0x00, 0x00, 0x00, 0x00, 0x00, 0x00, 0x00, 0x00, 0x00, 0x00, 0x00, 0x00, 0x00, 0x00, 0x00, 0x00,
    0x00, 0x00, 0x00, 0x00, 0x00, 0x00, 0x00, 0x00, 0x00, 0x00, 0x00, 0x00, 0x00, 0x00, 0x00, 0x00,
    0x00, 0x00, 0x00, 0x00, 0x00, 0x00, 0x00, 0x00, 0x00, 0x00, 0x00, 0x00, 0x00, 0x00, 0x00, 0x00,
    0x00, 0x00, 0x00, 0x00, 0x00, 0x00, 0x00, 0x00, 0x00, 0x00, 0x00, 0x00, 0x00, 0x00, 0x00, 0x00,
    0x00, 0x00, 0x00, 0x00, 0x00, 0x00, 0x00, 0x00, 0x00, 0x00, 0x00, 0x00, 0x00, 0x00, 0x00, 0x00,
    0x00, 0x00, 0x00, 0x00, 0x00, 0x00, 0x00, 0x00, 0x00, 0x00, 0x00, 0x00, 0x00, 0x00, 0x00, 0x00,
    0x00, 0x00, 0x00, 0x00, 0x00, 0x00, 0x00, 0x00, 0x00, 0x00, 0x00, 0x00, 0x00, 0x00, 0x00, 0x00,
    0x00, 0x00, 0x00, 0x00, 0x00, 0x00, 0x00, 0x00, 0x00, 0x00, 0x00, 0x00, 0x00, 0x00, 0x00, 0x00,
    0x00, 0x00, 0x00, 0x00, 0x00, 0x00, 0x00, 0x00, 0x00, 0x00, 0x00, 0x00, 0x00, 0x00, 0x00, 0x00,
    0x00, 0x00, 0x00, 0x00, 0x00, 0x00, 0x00, 0x00, 0x00, 0x00, 0x00, 0x00, 0x00, 0x00, 0x00, 0x00,
    0x00, 0x00, 0x00, 0x00, 0x00, 0x00, 0x00, 0x00, 0x00, 0x00, 0x00, 0x00, 0x00, 0x00, 0x00, 0x00,
    0x00, 0x00, 0x00, 0x00, 0x00, 0x00, 0x00, 0x00, 0x00, 0x00, 0x00, 0x00, 0x00, 0x00, 0x00, 0x00,
    0x00, 0x00, 0x00, 0x00, 0x00, 0x00, 0x00, 0x00, 0x00, 0x00, 0x00, 0x00, 0x00, 0x00, 0x00, 0x00,
    0x00, 0x00, 0x00, 0x00, 0x00, 0x00, 0x00, 0x00, 0x00, 0x00, 0x00, 0x00, 0x00, 0x00, 0x00, 0x00,
    0x00, 0x00, 0x00, 0x00, 0x00, 0x00, 0x00, 0x00, 0x00, 0x00, 0x00, 0x00, 0x00, 0x00, 0x00, 0x00,
    0x00, 0x00, 0x00, 0x00, 0x00, 0x00, 0x00, 0x00, 0x00, 0x00, 0x00, 0x00, 0x00, 0x00, 0x00, 0x00,
    0x00, 0x00, 0x00, 0x00, 0x00, 0x00, 0x00, 0x00, 0x00, 0x00, 0x00, 0x00, 0x00, 0x00, 0x00, 0x00,
    0x00, 0x00, 0x00, 0x00, 0x00, 0x00, 0x00, 0x00, 0x00, 0x00, 0x00, 0x00, 0x00, 0x00, 0x00, 0x00,
    0x00, 0x00, 0x00, 0x00, 0x00, 0x00, 0x00, 0x00, 0x00, 0x00, 0x00, 0x00, 0x00, 0x00, 0x00, 0x00,
    0x00, 0x00, 0x00, 0x00, 0x00, 0x00, 0x00, 0x00, 0x00, 0x00, 0x00, 0x00, 0x00, 0x00, 0x00, 0x00,
    0x00, 0x00, 0x00, 0x00, 0x00, 0x00, 0x00, 0x00, 0x00, 0x00, 0x00, 0x00, 0x00, 0x00, 0x00, 0x00,
    0x00, 0x00, 0x00, 0x00, 0x00, 0x00, 0x00, 0x00, 0x00, 0x00, 0x00, 0x00, 0x00, 0x00, 0x00, 0x00,
    0x00, 0x00, 0x00, 0x00, 0x00, 0x00, 0x00, 0x00, 0x00, 0x00, 0x00, 0x00, 0x00, 0x00, 0x00, 0x00,
    0x00, 0x00, 0x00, 0x00, 0x00, 0x00, 0x00, 0x00, 0x00, 0x00, 0x00, 0x00, 0x00, 0x00, 0x00, 0x00,
    0x00, 0x00, 0x00, 0x00, 0x00, 0x00, 0x00, 0x00, 0x00, 0x00, 0x00, 0x00, 0x00, 0x00, 0x00, 0x00,
    0x00, 0x00, 0x00, 0x00, 0x00, 0x00, 0x00, 0x00, 0x00, 0x00, 0x00, 0x00, 0x00, 0x00, 0x00, 0x00,
    0x00, 0x00, 0x00, 0x00, 0x00, 0x00, 0x00, 0x00, 0x00, 0x00, 0x00, 0x00, 0x00, 0x00, 0x00, 0x00,
    0x00, 0x00, 0x00, 0x00, 0x00, 0x00, 0x00, 0x00, 0x00, 0x00, 0x00, 0x00, 0x00, 0x00, 0x00, 0x00,
    0x00, 0x00, 0x00, 0x00, 0x00, 0x00, 0x00, 0x00, 0x00, 0x00, 0x00, 0x00, 0x00, 0x00, 0x00, 0x00,
    0x00, 0x00, 0x00, 0x00, 0x00, 0x00, 0x00, 0x00, 0x00, 0x00, 0x00, 0x00, 0x00, 0x00, 0x00, 0x00,
    0x00, 0x00, 0x00, 0x00, 0x00, 0x00, 0x00, 0x00, 0x00, 0x00, 0x00, 0x00, 0x00, 0x00, 0x00, 0x00,
    0x00, 0x00, 0x00, 0x00, 0x00, 0x00, 0x00, 0x00, 0x00, 0x00, 0x00, 0x00, 0x00, 0x00, 0x00, 0x00,
    0x00, 0x00, 0x00, 0x00, 0x00, 0x00, 0x00, 0x00, 0x00, 0x00, 0x00, 0x00, 0x00, 0x00, 0x00, 0x00,
    0x00, 0x00, 0x00, 0x00, 0x00, 0x00, 0x00, 0x00, 0x00, 0x00, 0x00, 0x00, 0x00, 0x00, 0x00, 0x00,
    0x00, 0x00, 0x00, 0x00, 0x00, 0x00, 0x00, 0x00, 0x00, 0x00, 0x00, 0x00, 0x00, 0x00, 0x00, 0x00,
    0x00, 0x00, 0x00, 0x00, 0x00, 0x00, 0x00, 0x00, 0x00, 0x00, 0x00, 0x00, 0x00, 0x00, 0x00, 0x00,
    0x00, 0x00, 0x00, 0x00, 0x00, 0x00, 0x00, 0x00, 0x00, 0x00, 0x00, 0x00, 0x00, 0x00, 0x00, 0x00,
    0x00, 0x00, 0x00, 0x00, 0x00, 0x00, 0x00, 0x00, 0x00, 0x00, 0x00, 0x00, 0x00, 0x00, 0x00, 0x00,
    0x00, 0x00, 0x00, 0x00, 0x00, 0x00, 0x00, 0x00, 0x00, 0x00, 0x00, 0x00, 0x00, 0x00, 0x00, 0x00,
    0x00, 0x00, 0x00, 0x00, 0x00, 0x00, 0x00, 0x00, 0x00, 0x00, 0x00, 0x00, 0x00, 0x00, 0x00, 0x00,
    0x00, 0x00, 0x00, 0x00, 0x00, 0x00, 0x00, 0x00, 0x00, 0x00, 0x00, 0x00, 0x00, 0x00, 0x00, 0x00,
    0x00, 0x00, 0x00, 0x00, 0x00, 0x00, 0x00, 0x00, 0x00, 0x00, 0x00, 0x00, 0x00, 0x00, 0x00, 0x00,
    0x00, 0x00, 0x00, 0x00, 0x00, 0x00, 0x00, 0x00, 0x00, 0x00, 0x00, 0x00, 0x00, 0x00, 0x00, 0x00,
    0x00, 0x00, 0x00, 0x00, 0x00, 0x00, 0x00, 0x00, 0x00, 0x00, 0x00, 0x00, 0x00, 0x00, 0x00, 0x00,
    0x00, 0x00, 0x00, 0x00, 0x00, 0x00, 0x00, 0x00, 0x00, 0x00, 0x00, 0x00, 0x00, 0x00, 0x00, 0x00,
    0x00, 0x00, 0x00, 0x00, 0x00, 0x00, 0x00, 0x00, 0x00, 0x00, 0x00, 0x00, 0x00, 0x00, 0x00, 0x00,
    0x00, 0x00, 0x00, 0x00, 0x00, 0x00, 0x00, 0x00, 0x00, 0x00, 0x00, 0x00, 0x00, 0x00, 0x00, 0x00,
    0x00, 0x00, 0x00, 0x00, 0x00, 0x00, 0x00, 0x00, 0x00, 0x00, 0x00, 0x00, 0x00, 0x00, 0x00, 0x00,
    0x00, 0x00, 0x00, 0x00, 0x00, 0x00, 0x00, 0x00, 0x00, 0x00, 0x00, 0x00, 0x00, 0x00, 0x00, 0x00,
    0x00, 0x00, 0x00, 0x00, 0x00, 0x00, 0x00, 0x00, 0x00, 0x00, 0x00, 0x00, 0x00, 0x00, 0x00, 0x00,
    0x00, 0x00, 0x00, 0x00, 0x00, 0x00, 0x00, 0x00, 0x00, 0x00, 0x00, 0x00, 0x00, 0x00, 0x00, 0x00,
    0x00, 0x00, 0x00, 0x00, 0x00, 0x00, 0x00, 0x00, 0x00, 0x00, 0x00, 0x00, 0x00, 0x00, 0x00, 0x00,
    0x00, 0x00, 0x00, 0x00, 0x00, 0x00, 0x00, 0x00, 0x00, 0x00, 0x00, 0x00, 0x00, 0x00, 0x00, 0x00,
    0x00, 0x00, 0x00, 0x00, 0x00, 0x00, 0x00, 0x00, 0x00, 0x00, 0x00, 0x00, 0x00, 0x00, 0x00, 0x00,
    0x00, 0x00, 0x00, 0x00, 0x00, 0x00, 0x00, 0x00, 0x00, 0x00, 0x00, 0x00, 0x00, 0x00, 0x00, 0x00,
    0x00, 0x00, 0x00, 0x00, 0x00, 0x00, 0x00, 0x00, 0x00, 0x00, 0x00, 0x00, 0x00, 0x00, 0x00, 0x00,
    0x00, 0x00, 0x00, 0x00, 0x00, 0x00, 0x00, 0x00, 0x00, 0x00, 0x00, 0x00, 0x00, 0x00, 0x00, 0x00,
    0x00, 0x00, 0x00, 0x00, 0x00, 0x00, 0x00, 0x00, 0x00, 0x00, 0x00, 0x00, 0x00, 0x00, 0x00, 0x00,
    0x00, 0x00, 0x00, 0x00, 0x00, 0x00, 0x00, 0x00, 0x00, 0x00, 0x00, 0x00, 0x00, 0x00, 0x00, 0x00,
    0x00, 0x00, 0x00, 0x00, 0x00, 0x00, 0x00, 0x00, 0x00, 0x00, 0x00, 0x00, 0x00, 0x00, 0x00, 0x00,
    0x00, 0x00, 0x00, 0x00, 0x00, 0x00, 0x00, 0x00, 0x00, 0x00, 0x00, 0x00, 0x00, 0x00, 0x00, 0x00,
    0x00, 0x00, 0x00, 0x00, 0x00, 0x00, 0x00, 0x00, 0x00, 0x00, 0x00, 0x00, 0x00, 0x00, 0x00, 0x00,
    0x00, 0x00, 0x00, 0x00, 0x00, 0x00, 0x00, 0x00, 0x00, 0x00, 0x00, 0x00, 0x00, 0x00, 0x00, 0x00,
    0x00, 0x00, 0x00, 0x00, 0x00, 0x00, 0x00, 0x00, 0x00, 0x00, 0x00, 0x00, 0x00, 0x00, 0x00, 0x00,
    0x00, 0x00, 0x00, 0x00, 0x00, 0x00, 0x00, 0x00, 0x00, 0x00, 0x00, 0x00, 0x00, 0x00, 0x00, 0x00,
    0x00, 0x00, 0x00, 0x00, 0x00, 0x00, 0x00, 0x00, 0x00, 0x00, 0x00, 0x00, 0x00, 0x00, 0x00, 0x00,
    0x00, 0x00, 0x00, 0x00, 0x00, 0x00, 0x00, 0x00, 0x00, 0x00, 0x00, 0x00, 0x00, 0x00, 0x00, 0x00,
    0x00, 0x00, 0x00, 0x00, 0x00, 0x00, 0x00, 0x00, 0x00, 0x00, 0x00, 0x00, 0x00, 0x00, 0x00, 0x00,
    0x00, 0x00, 0x00, 0x00, 0x00, 0x00, 0x00, 0x00, 0x00, 0x00, 0x00, 0x00, 0x00, 0x00, 0x00, 0x00,
    0x00, 0x00, 0x00, 0x00, 0x00, 0x00, 0x00, 0x00, 0x00, 0x00, 0x00, 0x00, 0x00, 0x00, 0x00, 0x00,
    0x00, 0x00, 0x00, 0x00, 0x00, 0x00, 0x00, 0x00, 0x00, 0x00, 0x00, 0x00, 0x00, 0x00, 0x00, 0x00,
    0x00, 0x00, 0x00, 0x00, 0x00, 0x00, 0x00, 0x00, 0x00, 0x00, 0x00, 0x00, 0x00, 0x00, 0x00, 0x00,
    0x00, 0x00, 0x00, 0x00, 0x00, 0x00, 0x00, 0x00, 0x00, 0x00, 0x00, 0x00, 0x00, 0x00, 0x00, 0x00,
    0x00, 0x00, 0x00, 0x00, 0x00, 0x00, 0x00, 0x00, 0x00, 0x00, 0x00, 0x00, 0x00, 0x00, 0x00, 0x00,
    0x00, 0x00, 0x00, 0x00, 0x00, 0x00, 0x00, 0x00, 0x00, 0x00, 0x00, 0x00, 0x00, 0x00, 0x00, 0x00,
    0x00, 0x00, 0x00, 0x00, 0x00, 0x00, 0x00, 0x00, 0x00, 0x00, 0x00, 0x00, 0x00, 0x00, 0x00, 0x00,
    0x00, 0x00, 0x00, 0x00, 0x00, 0x00, 0x00, 0x00, 0x00, 0x00, 0x00, 0x00, 0x00, 0x00, 0x00, 0x00,
    0x00, 0x00, 0x00, 0x00, 0x00, 0x00, 0x00, 0x00, 0x00, 0x00, 0x00, 0x00, 0x00, 0x00, 0x00, 0x00,
    0x00, 0x00, 0x00, 0x00, 0x00, 0x00, 0x00, 0x00, 0x00, 0x00, 0x00, 0x00, 0x00, 0x00, 0x00, 0x00,
    0x00, 0x00, 0x00, 0x00, 0x00, 0x00, 0x00, 0x00, 0x00, 0x00, 0x00, 0x00, 0x00, 0x00, 0x00, 0x00,
    0x00, 0x00, 0x00, 0x00, 0x00, 0x00, 0x00, 0x00, 0x00, 0x00, 0x00, 0x00, 0x00, 0x00, 0x00, 0x00,
    0x00, 0x00, 0x00, 0x00, 0x00, 0x00, 0x00, 0x00, 0x00, 0x00, 0x00, 0x00, 0x00, 0x00, 0x00, 0x00,
    0x00, 0x00, 0x00, 0x00, 0x00, 0x00, 0x00, 0x00, 0x00, 0x00, 0x00, 0x00, 0x00, 0x00, 0x00, 0x00,
    0x00, 0x00, 0x00, 0x00, 0x00, 0x00, 0x00, 0x00, 0x00, 0x00, 0x00, 0x00, 0x00, 0x00, 0x00, 0x00,
    0x00, 0x00, 0x00, 0x00, 0x00, 0x00, 0x00, 0x00, 0x00, 0x00, 0x00, 0x00, 0x00, 0x00, 0x00, 0x00,
    0x00, 0x00, 0x00, 0x00, 0x00, 0x00, 0x00, 0x00, 0x00, 0x00, 0x00, 0x00, 0x00, 0x00, 0x00, 0x00,
    0x00, 0x00, 0x00, 0x00, 0x00, 0x00, 0x00, 0x00, 0x00, 0x00, 0x00, 0x00, 0x00, 0x00, 0x00, 0x00,
    0x00, 0x00, 0x00, 0x00, 0x00, 0x00, 0x00, 0x00, 0x00, 0x00, 0x00, 0x00, 0x00, 0x00, 0x00, 0x00,
    0x00, 0x00, 0x00, 0x00, 0x00, 0x00, 0x00, 0x00, 0x00, 0x00, 0x00, 0x00, 0x00, 0x00, 0x00, 0x00,
    0x00, 0x00, 0x00, 0x00, 0x00, 0x00, 0x00, 0x00, 0x00, 0x00, 0x00, 0x00, 0x00, 0x00, 0x00, 0x00,
    0x00, 0x00, 0x00, 0x00, 0x00, 0x00, 0x00, 0x00, 0x00, 0x00, 0x00, 0x00, 0x00, 0x00, 0x00, 0x00,
    0x00, 0x00, 0x00, 0x00, 0x00, 0x00, 0x00, 0x00, 0x00, 0x00, 0x00, 0x00, 0x00, 0x00, 0x00, 0x00,
    0x00, 0x00, 0x00, 0x00, 0x00, 0x00, 0x00, 0x00, 0x00, 0x00, 0x00, 0x00, 0x00, 0x00, 0x00, 0x00,
    0x00, 0x00, 0x00, 0x00, 0x00, 0x00, 0x00, 0x00, 0x00, 0x00, 0x00, 0x00, 0x00, 0x00, 0x00, 0x00,
    0x00, 0x00, 0x00, 0x00, 0x00, 0x00, 0x00, 0x00, 0x00, 0x00, 0x00, 0x00, 0x00, 0x00, 0x00, 0x00,
    0x00, 0x00, 0x00, 0x00, 0x00, 0x00, 0x00, 0x00, 0x00, 0x00, 0x00, 0x00, 0x00, 0x00, 0x00, 0x00,
    0x00, 0x00, 0x00, 0x00, 0x00, 0x00, 0x00, 0x00, 0x00, 0x00, 0x00, 0x00, 0x00, 0x00, 0x00, 0x00,
    0x00, 0x00, 0x00, 0x00, 0x00, 0x00, 0x00, 0x00, 0x00, 0x00, 0x00, 0x00, 0x00, 0x00, 0x00, 0x00,
    0x00, 0x00, 0x00, 0x00, 0x00, 0x00, 0x00, 0x00, 0x00, 0x00, 0x00, 0x00, 0x00, 0x00, 0x00, 0x00,
    0x00, 0x00, 0x00, 0x00, 0x00, 0x00, 0x00, 0x00, 0x00, 0x00, 0x00, 0x00, 0x00, 0x00, 0x00, 0x00,
    0x00, 0x00, 0x00, 0x00, 0x00, 0x00, 0x00, 0x00, 0x00, 0x00, 0x00, 0x00, 0x00, 0x00, 0x00, 0x00,
    0x00, 0x00, 0x00, 0x00, 0x00, 0x00, 0x00, 0x00, 0x00, 0x00, 0x00, 0x00, 0x00, 0x00, 0x00, 0x00,
    0x00, 0x00, 0x00, 0x00, 0x00, 0x00, 0x00, 0x00, 0x00, 0x00, 0x00, 0x00, 0x00, 0x00, 0x00, 0x00,
    0x00, 0x00, 0x00, 0x00, 0x00, 0x00, 0x00, 0x00, 0x00, 0x00, 0x00, 0x00, 0x00, 0x00, 0x00, 0x00,
    0x00, 0x00, 0x00, 0x00, 0x00, 0x00, 0x00, 0x00, 0x00, 0x00, 0x00, 0x00, 0x00, 0x00, 0x00, 0x00,
    0x00, 0x00, 0x00, 0x00, 0x00, 0x00, 0x00, 0x00, 0x00, 0x00, 0x00, 0x00, 0x00, 0x00, 0x00, 0x00,
    0x00, 0x00, 0x00, 0x00, 0x00, 0x00, 0x00, 0x00, 0x00, 0x00, 0x00, 0x00, 0x00, 0x00, 0x00, 0x00,
    0x00, 0x00, 0x00, 0x00, 0x00, 0x00, 0x00, 0x00, 0x00, 0x00, 0x00, 0x00, 0x00, 0x00, 0x00, 0x00,
    0x00, 0x00, 0x00, 0x00, 0x00, 0x00, 0x00, 0x00, 0x00, 0x00, 0x00, 0x00, 0x00, 0x00, 0x00, 0x00,
    0x00, 0x00, 0x00, 0x00, 0x00, 0x00, 0x00, 0x00, 0x00, 0x00, 0x00, 0x00, 0x00, 0x00, 0x00, 0x00,
    0x00, 0x00, 0x00, 0x00, 0x00, 0x00, 0x00, 0x00, 0x00, 0x00, 0x00, 0x00, 0x00, 0x00, 0x00, 0x00,
    0x00, 0x00, 0x00, 0x00, 0x00, 0x00, 0x00, 0x00, 0x00, 0x00, 0x00, 0x00, 0x00, 0x00, 0x00, 0x00,
    0x00, 0x00, 0x00, 0x00, 0x00, 0x00, 0x00, 0x00, 0x00, 0x00, 0x00, 0x00, 0x00, 0x00, 0x00, 0x00,
    0x00, 0x00, 0x00, 0x00, 0x00, 0x00, 0x00, 0x00, 0x00, 0x00, 0x00, 0x00, 0x00, 0x00, 0x00, 0x00,
    0x00, 0x00, 0x00, 0x00, 0x00, 0x00, 0x00, 0x00, 0x00, 0x00, 0x00, 0x00, 0x00, 0x00, 0x00, 0x00,
    0x00, 0x00, 0x00, 0x00, 0x00, 0x00, 0x00, 0x00, 0x00, 0x00, 0x00, 0x00, 0x00, 0x00, 0x00, 0x00,
    0x00, 0x00, 0x00, 0x00, 0x00, 0x00, 0x00, 0x00, 0x00, 0x00, 0x00, 0x00, 0x00, 0x00, 0x00, 0x00,
    0x00, 0x00, 0x00, 0x00, 0x00, 0x00, 0x00, 0x00, 0x00, 0x00, 0x00, 0x00, 0x00, 0x00, 0x00, 0x00,
    0x00, 0x00, 0x00, 0x00, 0x00, 0x00, 0x00, 0x00, 0x00, 0x00, 0x00, 0x00, 0x00, 0x00, 0x00, 0x00,
    0x00, 0x00, 0x00, 0x00, 0x00, 0x00, 0x00, 0x00, 0x00, 0x00, 0x00, 0x00, 0x00, 0x00, 0x00, 0x00,
    0x00, 0x00, 0x00, 0x00, 0x00, 0x00, 0x00, 0x00, 0x00, 0x00, 0x00, 0x00, 0x00, 0x00, 0x00, 0x00,
    0x00, 0x00, 0x00, 0x00, 0x00, 0x00, 0x00, 0x00, 0x00, 0x00, 0x00, 0x00, 0x00, 0x00, 0x00, 0x00,
    0x00, 0x00, 0x00, 0x00, 0x00, 0x00, 0x00, 0x00, 0x00, 0x00, 0x00, 0x00, 0x00, 0x00, 0x00, 0x00,
    0x00, 0x00, 0x00, 0x00, 0x00, 0x00, 0x00, 0x00, 0x00, 0x00, 0x00, 0x00, 0x00, 0x00, 0x00, 0x00,
    0x00, 0x00, 0x00, 0x00, 0x00, 0x00, 0x00, 0x00, 0x00, 0x00, 0x00, 0x00, 0x00, 0x00, 0x00, 0x00,
    0x00, 0x00, 0x00, 0x00, 0x00, 0x00, 0x00, 0x00, 0x00, 0x00, 0x00, 0x00, 0x00, 0x00, 0x00, 0x00,
    0x00, 0x00, 0x00, 0x00, 0x00, 0x00, 0x00, 0x00, 0x00, 0x00, 0x00, 0x00, 0x00, 0x00, 0x00, 0x00,
    0x00, 0x00, 0x00, 0x00, 0x00, 0x00, 0x00, 0x00, 0x00, 0x00, 0x00, 0x00, 0x00, 0x00, 0x00, 0x00,
    0x00, 0x00, 0x00, 0x00, 0x00, 0x00, 0x00, 0x00, 0x00, 0x00, 0x00, 0x00, 0x00, 0x00, 0x00, 0x00,
    0x00, 0x00, 0x00, 0x00, 0x00, 0x00, 0x00, 0x00, 0x00, 0x00, 0x00, 0x00, 0x00, 0x00, 0x00, 0x00,
    0x00, 0x00, 0x00, 0x00, 0x00, 0x00, 0x00, 0x00, 0x00, 0x00, 0x00, 0x00, 0x00, 0x00, 0x00, 0x00,
    0x00, 0x00, 0x00, 0x00, 0x00, 0x00, 0x00, 0x00, 0x00, 0x00, 0x00, 0x00, 0x00, 0x00, 0x00, 0x00,
    0x00, 0x00, 0x00, 0x00, 0x00, 0x00, 0x00, 0x00, 0x00, 0x00, 0x00, 0x00, 0x00, 0x00, 0x00, 0x00,
    0x00, 0x00, 0x00, 0x00, 0x00, 0x00, 0x00, 0x00, 0x00, 0x00, 0x00, 0x00, 0x00, 0x00, 0x00, 0x00,
    0x00, 0x00, 0x00, 0x00, 0x00, 0x00, 0x00, 0x00, 0x00, 0x00, 0x00, 0x00, 0x00, 0x00, 0x00, 0x00,
    0x00, 0x00, 0x00, 0x00, 0x00, 0x00, 0x00, 0x00, 0x00, 0x00, 0x00, 0x00, 0x00, 0x00, 0x00, 0x00,
    0x00, 0x00, 0x00, 0x00, 0x00, 0x00, 0x00, 0x00, 0x00, 0x00, 0x00, 0x00, 0x00, 0x00, 0x00, 0x00,
    0x00, 0x00, 0x00, 0x00, 0x00, 0x00, 0x00, 0x00, 0x00, 0x00, 0x00, 0x00, 0x00, 0x00, 0x00, 0x00,
    0x00, 0x00, 0x00, 0x00, 0x00, 0x00, 0x00, 0x00, 0x00, 0x00, 0x00, 0x00, 0x00, 0x00, 0x00, 0x00,
    0x00, 0x00, 0x00, 0x00, 0x00, 0x00, 0x00, 0x00, 0x00, 0x00, 0x00, 0x00, 0x00, 0x00, 0x00, 0x00,
    0x00, 0x00, 0x00, 0x00, 0x00, 0x00, 0x00, 0x00, 0x00, 0x00, 0x00, 0x00, 0x00, 0x00, 0x00, 0x00,
    0x00, 0x00, 0x00, 0x00, 0x00, 0x00, 0x00, 0x00, 0x00, 0x00, 0x00, 0x00, 0x00, 0x00, 0x00, 0x00,
    0x00, 0x00, 0x00, 0x00, 0x00, 0x00, 0x00, 0x00, 0x00, 0x00, 0x00, 0x00, 0x00, 0x00, 0x00, 0x00,
    0x00, 0x00, 0x00, 0x00, 0x00, 0x00, 0x00, 0x00, 0x00, 0x00, 0x00, 0x00, 0x00, 0x00, 0x00, 0x00,
    0x00, 0x00, 0x00, 0x00, 0x00, 0x00, 0x00, 0x00, 0x00, 0x00, 0x00, 0x00, 0x00, 0x00, 0x00, 0x00,
    0x00, 0x00, 0x00, 0x00, 0x00, 0x00, 0x00, 0x00, 0x00, 0x00, 0x00, 0x00, 0x00, 0x00, 0x00, 0x00,
    0x00, 0x00, 0x00, 0x00, 0x00, 0x00, 0x00, 0x00, 0x00, 0x00, 0x00, 0x00, 0x00, 0x00, 0x00, 0x00,
    0x00, 0x00, 0x00, 0x00, 0x00, 0x00, 0x00, 0x00, 0x00, 0x00, 0x00, 0x00, 0x00, 0x00, 0x00, 0x00,
    0x00, 0x00, 0x00, 0x00, 0x00, 0x00, 0x00, 0x00, 0x00, 0x00, 0x00, 0x00, 0x00, 0x00, 0x00, 0x00,
    0x00, 0x00, 0x00, 0x00, 0x00, 0x00, 0x00, 0x00, 0x00, 0x00, 0x00, 0x00, 0x00, 0x00, 0x00, 0x00,
    0x00, 0x00, 0x00, 0x00, 0x00, 0x00, 0x00, 0x00, 0x00, 0x00, 0x00, 0x00, 0x00, 0x00, 0x00, 0x00,
    0x00, 0x00, 0x00, 0x00, 0x00, 0x00, 0x00, 0x00, 0x00, 0x00, 0x00, 0x00, 0x00, 0x00, 0x00, 0x00,
    0x00, 0x00, 0x00, 0x00, 0x00, 0x00, 0x00, 0x00, 0x00, 0x00, 0x00, 0x00, 0x00, 0x00, 0x00, 0x00,
    0x00, 0x00, 0x00, 0x00, 0x00, 0x00, 0x00, 0x00, 0x00, 0x00, 0x00, 0x00, 0x00, 0x00, 0x00, 0x00,
    0x00, 0x00, 0x00, 0x00, 0x00, 0x00, 0x00, 0x00, 0x00, 0x00, 0x00, 0x00, 0x00, 0x00, 0x00, 0x00,
    0x00, 0x00, 0x00, 0x00, 0x00, 0x00, 0x00, 0x00, 0x00, 0x00, 0x00, 0x00, 0x00, 0x00, 0x00, 0x00,
    0x00, 0x00, 0x00, 0x00, 0x00, 0x00, 0x00, 0x00, 0x00, 0x00, 0x00, 0x00, 0x00, 0x00, 0x00, 0x00,
    0x00, 0x00, 0x00, 0x00, 0x00, 0x00, 0x00, 0x00, 0x00, 0x00, 0x00, 0x00, 0x00, 0x00, 0x00, 0x00,
    0x00, 0x00, 0x00, 0x00, 0x00, 0x00, 0x00, 0x00, 0x00, 0x00, 0x00, 0x00, 0x00, 0x00, 0x00, 0x00,
    0x00, 0x00, 0x00, 0x00, 0x00, 0x00, 0x00, 0x00, 0x00, 0x00, 0x00, 0x00, 0x00, 0x00, 0x00, 0x00,
    0x00, 0x00, 0x00, 0x00, 0x00, 0x00, 0x00, 0x00, 0x00, 0x00, 0x00, 0x00, 0x00, 0x00, 0x00, 0x00,
    0x00, 0x00, 0x00, 0x00, 0x00, 0x00, 0x00, 0x00, 0x00, 0x00, 0x00, 0x00, 0x00, 0x00, 0x00, 0x00,
    0x00, 0x00, 0x00, 0x00, 0x00, 0x00, 0x00, 0x00, 0x00, 0x00, 0x00, 0x00, 0x00, 0x00, 0x00, 0x00,
    0x00, 0x00, 0x00, 0x00, 0x00, 0x00, 0x00, 0x00, 0x00, 0x00, 0x00, 0x00, 0x00, 0x00, 0x00, 0x00,
    0x00, 0x00, 0x00, 0x00, 0x00, 0x00, 0x00, 0x00, 0x00, 0x00, 0x00, 0x00, 0x00, 0x00, 0x00, 0x00,
    0x00, 0x00, 0x00, 0x00, 0x00, 0x00, 0x00, 0x00, 0x00, 0x00, 0x00, 0x00, 0x00, 0x00, 0x00, 0x00,
    0x00, 0x00, 0x00, 0x00, 0x00, 0x00, 0x00, 0x00, 0x00, 0x00, 0x00, 0x00, 0x00, 0x00, 0x00, 0x00,
    0x00, 0x00, 0x00, 0x00, 0x00, 0x00, 0x00, 0x00, 0x00, 0x00, 0x00, 0x00, 0x00, 0x00, 0x00, 0x00,
    0x00, 0x00, 0x00, 0x00, 0x00, 0x00, 0x00, 0x00, 0x00, 0x00, 0x00, 0x00, 0x00, 0x00, 0x00, 0x00,
    0x00, 0x00, 0x00, 0x00, 0x00, 0x00, 0x00, 0x00, 0x00, 0x00, 0x00, 0x00, 0x00, 0x00, 0x00, 0x00,
    0x00, 0x00, 0x00, 0x00, 0x00, 0x00, 0x00, 0x00, 0x00, 0x00, 0x00, 0x00, 0x00, 0x00, 0x00, 0x00,
    0x00, 0x00, 0x00, 0x00, 0x00, 0x00, 0x00, 0x00, 0x00, 0x00, 0x00, 0x00, 0x00, 0x00, 0x00, 0x00,
    0x00, 0x00, 0x00, 0x00, 0x00, 0x00, 0x00, 0x00, 0x00, 0x00, 0x00, 0x00, 0x00, 0x00, 0x00, 0x00,
    0x00, 0x00, 0x00, 0x00, 0x00, 0x00, 0x00, 0x00, 0x00, 0x00, 0x00, 0x00, 0x00, 0x00, 0x00, 0x00,
    0x00, 0x00, 0x00, 0x00, 0x00, 0x00, 0x00, 0x00, 0x00, 0x00, 0x00, 0x00, 0x00, 0x00, 0x00, 0x00,
    0x00, 0x00, 0x00, 0x00, 0x00, 0x00, 0x00, 0x00, 0x00, 0x00, 0x00, 0x00, 0x00, 0x00, 0x00, 0x00,
    0x00, 0x00, 0x00, 0x00, 0x00, 0x00, 0x00, 0x00, 0x00, 0x00, 0x00, 0x00, 0x00, 0x00, 0x00, 0x00,
    0x00, 0x00, 0x00, 0x00, 0x00, 0x00, 0x00, 0x00, 0x00, 0x00, 0x00, 0x00, 0x00, 0x00, 0x00, 0x00,
    0x00, 0x00, 0x00, 0x00, 0x00, 0x00, 0x00, 0x00, 0x00, 0x00, 0x00, 0x00, 0x00, 0x00, 0x00, 0x00,
    0x00, 0x00, 0x00, 0x00, 0x00, 0x00, 0x00, 0x00, 0x00, 0x00, 0x00, 0x00, 0x00, 0x00, 0x00, 0x00,
    0x00, 0x00, 0x00, 0x00, 0x00, 0x00, 0x00, 0x00, 0x00, 0x00, 0x00, 0x00, 0x00, 0x00, 0x00, 0x00,
    0x00, 0x00, 0x00, 0x00, 0x00, 0x00, 0x00, 0x00, 0x00, 0x00, 0x00, 0x00, 0x00, 0x00, 0x00, 0x00,
    0x00, 0x00, 0x00, 0x00, 0x00, 0x00, 0x00, 0x00, 0x00, 0x00, 0x00, 0x00, 0x00, 0x00, 0x00, 0x00,
    0x00, 0x00, 0x00, 0x00, 0x00, 0x00, 0x00, 0x00, 0x00, 0x00, 0x00, 0x00, 0x00, 0x00, 0x00, 0x00,
    0x00, 0x00, 0x00, 0x00, 0x00, 0x00, 0x00, 0x00, 0x00, 0x00, 0x00, 0x00, 0x00, 0x00, 0x00, 0x00,
    0x00, 0x00, 0x00, 0x00, 0x00, 0x00, 0x00, 0x00, 0x00, 0x00, 0x00, 0x00, 0x00, 0x00, 0x00, 0x00,
    0x00, 0x00, 0x00, 0x00, 0x00, 0x00, 0x00, 0x00, 0x00, 0x00, 0x00, 0x00, 0x00, 0x00, 0x00, 0x00,
    0x00, 0x00, 0x00, 0x00, 0x00, 0x00, 0x00, 0x00, 0x00, 0x00, 0x00, 0x00, 0x00, 0x00, 0x00, 0x00,
    0x00, 0x00, 0x00, 0x00, 0x00, 0x00, 0x00, 0x00, 0x00, 0x00, 0x00, 0x00, 0x00, 0x00, 0x00, 0x00,
    0x00, 0x00, 0x00, 0x00, 0x00, 0x00, 0x00, 0x00, 0x00, 0x00, 0x00, 0x00, 0x00, 0x00, 0x00, 0x00,
};

const frixos_sprite_asset_t sprite_fair_night = {
  .image = {
    .header.cf = LV_COLOR_FORMAT_RGB565,
    .header.w = 320,
    .header.h = 32,
    .data_size = 20480,
    .data = sprite_fair_night_map,
  },
  .fps = FRIXOS_SPRITE_DEFAULT_FPS,
};
