/*
 * AUTO-GENERATED FILE - DO NOT EDIT MANUALLY
 * Enhanced with Lambertian 3D Shading & Sub-pixel AA
 */

#include "f-sprite.h"

const uint8_t sprite_clearsky_night_map[] = {
    0x00, 0x00, 0x00, 0x00, 0x00, 0x00, 0x00, 0x00, 0x00, 0x00, 0x00, 0x00, 0x00, 0x00, 0x00, 0x00,
    0x00, 0x00, 0x00, 0x00, 0x00, 0x00, 0x00, 0x00, 0x00, 0x00, 0x20, 0x00, 0x20, 0x00, 0x00, 0x00,
    0x00, 0x00, 0x20, 0x00, 0x20, 0x00, 0x00, 0x00, 0x00, 0x00, 0x00, 0x00, 0x00, 0x00, 0x00, 0x00,
    0x00, 0x00, 0x00, 0x00, 0x00, 0x00, 0x00, 0x00, 0x00, 0x00, 0x00, 0x00, 0x00, 0x00, 0x00, 0x00,
    0x00, 0x00, 0x00, 0x00, 0x00, 0x00, 0x00, 0x00, 0x00, 0x00, 0x00, 0x00, 0x00, 0x00, 0x00, 0x00,
    0x00, 0x00, 0x00, 0x00, 0x00, 0x00, 0x00, 0x00, 0x00, 0x00, 0x20, 0x00, 0x20, 0x00, 0x00, 0x00,
    0x00, 0x00, 0x20, 0x00, 0x20, 0x00, 0x00, 0x00, 0x00, 0x00, 0x00, 0x00, 0x00, 0x00, 0x00, 0x00,
    0x00, 0x00, 0x00, 0x00, 0x00, 0x00, 0x00, 0x00, 0x00, 0x00, 0x00, 0x00, 0x00, 0x00, 0x00, 0x00,
    0x00, 0x00, 0x00, 0x00, 0x00, 0x00, 0x00, 0x00, 0x00, 0x00, 0x00, 0x00, 0x00, 0x00, 0x00, 0x00,
    0x00, 0x00, 0x00, 0x00, 0x00, 0x00, 0x00, 0x00, 0x00, 0x00, 0x20, 0x00, 0x20, 0x00, 0x00, 0x00,
    0x00, 0x00, 0x20, 0x00, 0x20, 0x00, 0x00, 0x00, 0x00, 0x00, 0x00, 0x00, 0x00, 0x00, 0x00, 0x00,
    0x00, 0x00, 0x00, 0x00, 0x00, 0x00, 0x00, 0x00, 0x00, 0x00, 0x00, 0x00, 0x00, 0x00, 0x00, 0x00,
    0x00, 0x00, 0x00, 0x00, 0x00, 0x00, 0x00, 0x00, 0x00, 0x00, 0x00, 0x00, 0x00, 0x00, 0x00, 0x00,
    0x00, 0x00, 0x00, 0x00, 0x00, 0x00, 0x00, 0x00, 0x00, 0x00, 0x20, 0x00, 0x20, 0x00, 0x00, 0x00,
    0x00, 0x00, 0x20, 0x00, 0x20, 0x00, 0x00, 0x00, 0x00, 0x00, 0x00, 0x00, 0x00, 0x00, 0x00, 0x00,
    0x00, 0x00, 0x00, 0x00, 0x00, 0x00, 0x00, 0x00, 0x00, 0x00, 0x00, 0x00, 0x00, 0x00, 0x00, 0x00,
    0x00, 0x00, 0x00, 0x00, 0x00, 0x00, 0x00, 0x00, 0x00, 0x00, 0x00, 0x00, 0x00, 0x00, 0x00, 0x00,
    0x00, 0x00, 0x00, 0x00, 0x00, 0x00, 0x00, 0x00, 0x00, 0x00, 0x20, 0x00, 0x20, 0x00, 0x00, 0x00,
    0x00, 0x00, 0x20, 0x00, 0x20, 0x00, 0x00, 0x00, 0x00, 0x00, 0x00, 0x00, 0x00, 0x00, 0x00, 0x00,
    0x00, 0x00, 0x00, 0x00, 0x00, 0x00, 0x00, 0x00, 0x00, 0x00, 0x00, 0x00, 0x00, 0x00, 0x00, 0x00,
    0x00, 0x00, 0x00, 0x00, 0x00, 0x00, 0x00, 0x00, 0x00, 0x00, 0x00, 0x00, 0x00, 0x00, 0x00, 0x00,
    0x00, 0x00, 0x00, 0x00, 0x00, 0x00, 0x00, 0x00, 0x00, 0x00, 0x20, 0x00, 0x20, 0x00, 0x00, 0x00,
    0x00, 0x00, 0x20, 0x00, 0x20, 0x00, 0x00, 0x00, 0x00, 0x00, 0x00, 0x00, 0x00, 0x00, 0x00, 0x00,
    0x00, 0x00, 0x00, 0x00, 0x00, 0x00, 0x00, 0x00, 0x00, 0x00, 0x00, 0x00, 0x00, 0x00, 0x00, 0x00,
    0x00, 0x00, 0x00, 0x00, 0x00, 0x00, 0x00, 0x00, 0x00, 0x00, 0x00, 0x00, 0x00, 0x00, 0x00, 0x00,
    0x00, 0x00, 0x00, 0x00, 0x00, 0x00, 0x00, 0x00, 0x00, 0x00, 0x20, 0x00, 0x20, 0x00, 0x00, 0x00,
    0x00, 0x00, 0x20, 0x00, 0x20, 0x00, 0x00, 0x00, 0x00, 0x00, 0x00, 0x00, 0x00, 0x00, 0x00, 0x00,
    0x00, 0x00, 0x00, 0x00, 0x00, 0x00, 0x00, 0x00, 0x00, 0x00, 0x00, 0x00, 0x00, 0x00, 0x00, 0x00,
    0x00, 0x00, 0x00, 0x00, 0x00, 0x00, 0x00, 0x00, 0x00, 0x00, 0x00, 0x00, 0x00, 0x00, 0x00, 0x00,
    0x00, 0x00, 0x00, 0x00, 0x00, 0x00, 0x00, 0x00, 0x00, 0x00, 0x20, 0x00, 0x20, 0x00, 0x00, 0x00,
    0x00, 0x00, 0x20, 0x00, 0x20, 0x00, 0x00, 0x00, 0x00, 0x00, 0x00, 0x00, 0x00, 0x00, 0x00, 0x00,
    0x00, 0x00, 0x00, 0x00, 0x00, 0x00, 0x00, 0x00, 0x00, 0x00, 0x00, 0x00, 0x00, 0x00, 0x00, 0x00,
    0x00, 0x00, 0x00, 0x00, 0x00, 0x00, 0x00, 0x00, 0x00, 0x00, 0x00, 0x00, 0x00, 0x00, 0x00, 0x00,
    0x00, 0x00, 0x00, 0x00, 0x00, 0x00, 0x00, 0x00, 0x00, 0x00, 0x20, 0x00, 0x20, 0x00, 0x00, 0x00,
    0x00, 0x00, 0x20, 0x00, 0x20, 0x00, 0x00, 0x00, 0x00, 0x00, 0x00, 0x00, 0x00, 0x00, 0x00, 0x00,
    0x00, 0x00, 0x00, 0x00, 0x00, 0x00, 0x00, 0x00, 0x00, 0x00, 0x00, 0x00, 0x00, 0x00, 0x00, 0x00,
    0x00, 0x00, 0x00, 0x00, 0x00, 0x00, 0x00, 0x00, 0x00, 0x00, 0x00, 0x00, 0x00, 0x00, 0x00, 0x00,
    0x00, 0x00, 0x00, 0x00, 0x00, 0x00, 0x00, 0x00, 0x00, 0x00, 0x20, 0x00, 0x20, 0x00, 0x00, 0x00,
    0x00, 0x00, 0x20, 0x00, 0x20, 0x00, 0x00, 0x00, 0x00, 0x00, 0x00, 0x00, 0x00, 0x00, 0x00, 0x00,
    0x00, 0x00, 0x00, 0x00, 0x00, 0x00, 0x00, 0x00, 0x00, 0x00, 0x00, 0x00, 0x00, 0x00, 0x00, 0x00,
    0x00, 0x00, 0x00, 0x00, 0x00, 0x00, 0x00, 0x00, 0x00, 0x00, 0x00, 0x00, 0x00, 0x00, 0x00, 0x00,
    0x00, 0x00, 0x00, 0x00, 0x00, 0x00, 0x00, 0x00, 0x00, 0x00, 0x20, 0x00, 0x20, 0x00, 0x00, 0x00,
    0x00, 0x00, 0x20, 0x00, 0x20, 0x00, 0x00, 0x00, 0x00, 0x00, 0x00, 0x00, 0x00, 0x00, 0x00, 0x00,
    0x00, 0x00, 0x00, 0x00, 0x00, 0x00, 0x00, 0x00, 0x00, 0x00, 0x00, 0x00, 0x00, 0x00, 0x00, 0x00,
    0x00, 0x00, 0x00, 0x00, 0x00, 0x00, 0x00, 0x00, 0x00, 0x00, 0x00, 0x00, 0x00, 0x00, 0x00, 0x00,
    0x00, 0x00, 0x00, 0x00, 0x00, 0x00, 0x00, 0x00, 0x00, 0x00, 0x20, 0x00, 0x20, 0x00, 0x00, 0x00,
    0x00, 0x00, 0x20, 0x00, 0x20, 0x00, 0x00, 0x00, 0x00, 0x00, 0x00, 0x00, 0x00, 0x00, 0x00, 0x00,
    0x00, 0x00, 0x00, 0x00, 0x00, 0x00, 0x00, 0x00, 0x00, 0x00, 0x00, 0x00, 0x00, 0x00, 0x00, 0x00,
    0x00, 0x00, 0x00, 0x00, 0x00, 0x00, 0x00, 0x00, 0x00, 0x00, 0x00, 0x00, 0x00, 0x00, 0x00, 0x00,
    0x00, 0x00, 0x00, 0x00, 0x00, 0x00, 0x00, 0x00, 0x00, 0x00, 0x20, 0x00, 0x20, 0x00, 0x00, 0x00,
    0x00, 0x00, 0x20, 0x00, 0x20, 0x00, 0x00, 0x00, 0x00, 0x00, 0x00, 0x00, 0x00, 0x00, 0x00, 0x00,
    0x00, 0x00, 0x00, 0x00, 0x00, 0x00, 0x00, 0x00, 0x00, 0x00, 0x00, 0x00, 0x00, 0x00, 0x00, 0x00,
    0x00, 0x00, 0x00, 0x00, 0x00, 0x00, 0x00, 0x00, 0x00, 0x00, 0x00, 0x00, 0x00, 0x00, 0x00, 0x00,
    0x00, 0x00, 0x00, 0x00, 0x00, 0x00, 0x00, 0x00, 0x00, 0x00, 0x20, 0x00, 0x20, 0x00, 0x00, 0x00,
    0x00, 0x00, 0x20, 0x00, 0x20, 0x00, 0x00, 0x00, 0x00, 0x00, 0x00, 0x00, 0x00, 0x00, 0x00, 0x00,
    0x00, 0x00, 0x00, 0x00, 0x00, 0x00, 0x00, 0x00, 0x00, 0x00, 0x00, 0x00, 0x00, 0x00, 0x00, 0x00,
    0x00, 0x00, 0x00, 0x00, 0x00, 0x00, 0x00, 0x00, 0x00, 0x00, 0x00, 0x00, 0x00, 0x00, 0x00, 0x00,
    0x00, 0x00, 0x00, 0x00, 0x00, 0x00, 0x00, 0x00, 0x00, 0x00, 0x20, 0x00, 0x20, 0x00, 0x00, 0x00,
    0x00, 0x00, 0x20, 0x00, 0x20, 0x00, 0x00, 0x00, 0x00, 0x00, 0x00, 0x00, 0x00, 0x00, 0x00, 0x00,
    0x00, 0x00, 0x00, 0x00, 0x00, 0x00, 0x00, 0x00, 0x00, 0x00, 0x00, 0x00, 0x00, 0x00, 0x00, 0x00,
    0x00, 0x00, 0x00, 0x00, 0x00, 0x00, 0x00, 0x00, 0x00, 0x00, 0x00, 0x00, 0x00, 0x00, 0x00, 0x00,
    0x00, 0x00, 0x00, 0x00, 0x00, 0x00, 0x00, 0x00, 0x00, 0x00, 0x20, 0x00, 0x20, 0x00, 0x00, 0x00,
    0x00, 0x00, 0x20, 0x00, 0x20, 0x00, 0x00, 0x00, 0x00, 0x00, 0x00, 0x00, 0x00, 0x00, 0x00, 0x00,
    0x00, 0x00, 0x00, 0x00, 0x00, 0x00, 0x00, 0x00, 0x00, 0x00, 0x00, 0x00, 0x00, 0x00, 0x00, 0x00,
    0x00, 0x00, 0x00, 0x00, 0x00, 0x00, 0x00, 0x00, 0x00, 0x00, 0x00, 0x00, 0x00, 0x00, 0x00, 0x00,
    0x00, 0x00, 0x00, 0x00, 0x00, 0x00, 0x00, 0x00, 0x00, 0x00, 0x20, 0x00, 0x20, 0x00, 0x00, 0x00,
    0x00, 0x00, 0x20, 0x00, 0x20, 0x00, 0x00, 0x00, 0x00, 0x00, 0x00, 0x00, 0x00, 0x00, 0x00, 0x00,
    0x00, 0x00, 0x00, 0x00, 0x00, 0x00, 0x00, 0x00, 0x00, 0x00, 0x00, 0x00, 0x00, 0x00, 0x00, 0x00,
    0x00, 0x00, 0x00, 0x00, 0x00, 0x00, 0x00, 0x00, 0x00, 0x00, 0x00, 0x00, 0x00, 0x00, 0x00, 0x00,
    0x00, 0x00, 0x00, 0x00, 0x00, 0x00, 0x00, 0x00, 0x00, 0x00, 0x20, 0x00, 0x20, 0x00, 0x00, 0x00,
    0x00, 0x00, 0x20, 0x00, 0x20, 0x00, 0x00, 0x00, 0x00, 0x00, 0x00, 0x00, 0x00, 0x00, 0x00, 0x00,
    0x00, 0x00, 0x00, 0x00, 0x00, 0x00, 0x00, 0x00, 0x00, 0x00, 0x00, 0x00, 0x00, 0x00, 0x00, 0x00,
    0x00, 0x00, 0x00, 0x00, 0x00, 0x00, 0x00, 0x00, 0x00, 0x00, 0x00, 0x00, 0x00, 0x00, 0x00, 0x00,
    0x00, 0x00, 0x00, 0x00, 0x00, 0x00, 0x00, 0x00, 0x00, 0x00, 0x20, 0x00, 0x20, 0x00, 0x00, 0x00,
    0x00, 0x00, 0x20, 0x00, 0x20, 0x00, 0x00, 0x00, 0x00, 0x00, 0x00, 0x00, 0x00, 0x00, 0x00, 0x00,
    0x00, 0x00, 0x00, 0x00, 0x00, 0x00, 0x00, 0x00, 0x00, 0x00, 0x00, 0x00, 0x00, 0x00, 0x00, 0x00,
    0x00, 0x00, 0x00, 0x00, 0x00, 0x00, 0x00, 0x00, 0x00, 0x00, 0x00, 0x00, 0x00, 0x00, 0x00, 0x00,
    0x00, 0x00, 0x00, 0x00, 0x00, 0x00, 0x00, 0x00, 0x00, 0x00, 0x20, 0x00, 0x20, 0x00, 0x00, 0x00,
    0x00, 0x00, 0x20, 0x00, 0x20, 0x00, 0x00, 0x00, 0x00, 0x00, 0x00, 0x00, 0x00, 0x00, 0x00, 0x00,
    0x00, 0x00, 0x00, 0x00, 0x00, 0x00, 0x00, 0x00, 0x00, 0x00, 0x00, 0x00, 0x00, 0x00, 0x00, 0x00,
    0x00, 0x00, 0x00, 0x00, 0x00, 0x00, 0x00, 0x00, 0x00, 0x00, 0x00, 0x00, 0x00, 0x00, 0x00, 0x00,
    0x00, 0x00, 0x00, 0x00, 0x00, 0x00, 0x00, 0x00, 0x00, 0x00, 0x20, 0x00, 0x20, 0x00, 0x00, 0x00,
    0x00, 0x00, 0x20, 0x00, 0x20, 0x00, 0x00, 0x00, 0x00, 0x00, 0x00, 0x00, 0x00, 0x00, 0x00, 0x00,
    0x00, 0x00, 0x00, 0x00, 0x00, 0x00, 0x00, 0x00, 0x00, 0x00, 0x00, 0x00, 0x00, 0x00, 0x00, 0x00,
    0x00, 0x00, 0x00, 0x00, 0x00, 0x00, 0x00, 0x00, 0x00, 0x00, 0x00, 0x00, 0x00, 0x00, 0x00, 0x00,
    0x00, 0x00, 0x00, 0x00, 0x00, 0x00, 0x00, 0x00, 0x00, 0x00, 0x20, 0x00, 0x20, 0x00, 0x00, 0x00,
    0x00, 0x00, 0x20, 0x00, 0x20, 0x00, 0x00, 0x00, 0x00, 0x00, 0x00, 0x00, 0x00, 0x00, 0x00, 0x00,
    0x00, 0x00, 0x00, 0x00, 0x00, 0x00, 0x00, 0x00, 0x00, 0x00, 0x00, 0x00, 0x00, 0x00, 0x00, 0x00,
    0x00, 0x00, 0x00, 0x00, 0x00, 0x00, 0x00, 0x00, 0x00, 0x00, 0x00, 0x00, 0x00, 0x00, 0x00, 0x00,
    0x00, 0x00, 0x00, 0x00, 0x00, 0x00, 0x00, 0x00, 0x00, 0x00, 0x20, 0x00, 0x20, 0x00, 0x00, 0x00,
    0x00, 0x00, 0x20, 0x00, 0x20, 0x00, 0x00, 0x00, 0x00, 0x00, 0x00, 0x00, 0x00, 0x00, 0x00, 0x00,
    0x00, 0x00, 0x00, 0x00, 0x00, 0x00, 0x00, 0x00, 0x00, 0x00, 0x00, 0x00, 0x00, 0x00, 0x00, 0x00,
    0x00, 0x00, 0x00, 0x00, 0x00, 0x00, 0x00, 0x00, 0x00, 0x00, 0x00, 0x00, 0x00, 0x00, 0x00, 0x00,
    0x00, 0x00, 0x00, 0x00, 0x00, 0x00, 0x00, 0x00, 0x00, 0x00, 0x20, 0x00, 0x20, 0x00, 0x00, 0x00,
    0x00, 0x00, 0x20, 0x00, 0x20, 0x00, 0x00, 0x00, 0x00, 0x00, 0x00, 0x00, 0x00, 0x00, 0x00, 0x00,
    0x00, 0x00, 0x00, 0x00, 0x00, 0x00, 0x00, 0x00, 0x00, 0x00, 0x00, 0x00, 0x00, 0x00, 0x00, 0x00,
    0x00, 0x00, 0x00, 0x00, 0x00, 0x00, 0x00, 0x00, 0x00, 0x00, 0x00, 0x00, 0x00, 0x00, 0x00, 0x00,
    0x00, 0x00, 0x00, 0x00, 0x00, 0x00, 0x00, 0x00, 0x00, 0x00, 0x20, 0x00, 0x20, 0x00, 0x00, 0x00,
    0x00, 0x00, 0x20, 0x00, 0x20, 0x00, 0x00, 0x00, 0x00, 0x00, 0x00, 0x00, 0x00, 0x00, 0x00, 0x00,
    0x00, 0x00, 0x00, 0x00, 0x00, 0x00, 0x00, 0x00, 0x00, 0x00, 0x00, 0x00, 0x00, 0x00, 0x00, 0x00,
    0x00, 0x00, 0x00, 0x00, 0x00, 0x00, 0x00, 0x00, 0x00, 0x00, 0x00, 0x00, 0x00, 0x00, 0x00, 0x00,
    0x00, 0x00, 0x00, 0x00, 0x00, 0x00, 0x00, 0x00, 0x00, 0x00, 0x20, 0x00, 0x20, 0x00, 0x00, 0x00,
    0x00, 0x00, 0x20, 0x00, 0x20, 0x00, 0x00, 0x00, 0x00, 0x00, 0x00, 0x00, 0x00, 0x00, 0x00, 0x00,
    0x00, 0x00, 0x00, 0x00, 0x00, 0x00, 0x00, 0x00, 0x00, 0x00, 0x00, 0x00, 0x00, 0x00, 0x00, 0x00,
    0x00, 0x00, 0x00, 0x00, 0x00, 0x00, 0x00, 0x00, 0x00, 0x00, 0x00, 0x00, 0x00, 0x00, 0x00, 0x00,
    0x00, 0x00, 0x00, 0x00, 0x00, 0x00, 0x00, 0x00, 0x00, 0x00, 0x20, 0x00, 0x20, 0x00, 0x00, 0x00,
    0x00, 0x00, 0x20, 0x00, 0x20, 0x00, 0x00, 0x00, 0x00, 0x00, 0x00, 0x00, 0x00, 0x00, 0x00, 0x00,
    0x00, 0x00, 0x00, 0x00, 0x00, 0x00, 0x00, 0x00, 0x00, 0x00, 0x00, 0x00, 0x00, 0x00, 0x00, 0x00,
    0x00, 0x00, 0x00, 0x00, 0x00, 0x00, 0x00, 0x00, 0x00, 0x00, 0x00, 0x00, 0x00, 0x00, 0x00, 0x00,
    0x00, 0x00, 0x00, 0x00, 0x00, 0x00, 0x00, 0x00, 0x00, 0x00, 0x20, 0x00, 0x20, 0x00, 0x00, 0x00,
    0x00, 0x00, 0x20, 0x00, 0x20, 0x00, 0x00, 0x00, 0x00, 0x00, 0x00, 0x00, 0x00, 0x00, 0x00, 0x00,
    0x00, 0x00, 0x00, 0x00, 0x00, 0x00, 0x00, 0x00, 0x00, 0x00, 0x00, 0x00, 0x00, 0x00, 0x00, 0x00,
    0x00, 0x00, 0x00, 0x00, 0x00, 0x00, 0x00, 0x00, 0x00, 0x00, 0x00, 0x00, 0x00, 0x00, 0x00, 0x00,
    0x00, 0x00, 0x00, 0x00, 0x00, 0x00, 0x00, 0x00, 0x00, 0x00, 0x20, 0x00, 0x20, 0x00, 0x00, 0x00,
    0x00, 0x00, 0x20, 0x00, 0x20, 0x00, 0x00, 0x00, 0x00, 0x00, 0x00, 0x00, 0x00, 0x00, 0x00, 0x00,
    0x00, 0x00, 0x00, 0x00, 0x00, 0x00, 0x00, 0x00, 0x00, 0x00, 0x00, 0x00, 0x00, 0x00, 0x00, 0x00,
    0x00, 0x00, 0x00, 0x00, 0x00, 0x00, 0x00, 0x00, 0x00, 0x00, 0x00, 0x00, 0x00, 0x00, 0x00, 0x00,
    0x00, 0x00, 0x00, 0x00, 0x00, 0x00, 0x00, 0x00, 0x00, 0x00, 0x20, 0x00, 0x20, 0x00, 0x00, 0x00,
    0x00, 0x00, 0x20, 0x00, 0x20, 0x00, 0x00, 0x00, 0x00, 0x00, 0x00, 0x00, 0x00, 0x00, 0x00, 0x00,
    0x00, 0x00, 0x00, 0x00, 0x00, 0x00, 0x00, 0x00, 0x00, 0x00, 0x00, 0x00, 0x00, 0x00, 0x00, 0x00,
    0x00, 0x00, 0x00, 0x00, 0x00, 0x00, 0x00, 0x00, 0x00, 0x00, 0x00, 0x00, 0x00, 0x00, 0x00, 0x00,
    0x00, 0x00, 0x00, 0x00, 0x00, 0x00, 0x00, 0x00, 0x00, 0x00, 0x20, 0x00, 0x20, 0x00, 0x00, 0x00,
    0x00, 0x00, 0x20, 0x00, 0x20, 0x00, 0x00, 0x00, 0x00, 0x00, 0x00, 0x00, 0x00, 0x00, 0x00, 0x00,
    0x00, 0x00, 0x00, 0x00, 0x00, 0x00, 0x00, 0x00, 0x00, 0x00, 0x00, 0x00, 0x00, 0x00, 0x00, 0x00,
    0x00, 0x00, 0x00, 0x00, 0x00, 0x00, 0x00, 0x00, 0x00, 0x00, 0x00, 0x00, 0x00, 0x00, 0x00, 0x00,
    0x00, 0x00, 0x00, 0x00, 0x00, 0x00, 0x00, 0x00, 0x00, 0x00, 0x20, 0x00, 0x20, 0x00, 0x00, 0x00,
    0x00, 0x00, 0x20, 0x00, 0x20, 0x00, 0x00, 0x00, 0x00, 0x00, 0x00, 0x00, 0x00, 0x00, 0x00, 0x00,
    0x00, 0x00, 0x00, 0x00, 0x00, 0x00, 0x00, 0x00, 0x00, 0x00, 0x00, 0x00, 0x00, 0x00, 0x00, 0x00,
    0x00, 0x00, 0x00, 0x00, 0x00, 0x00, 0x00, 0x00, 0x00, 0x00, 0x00, 0x00, 0x00, 0x00, 0x00, 0x00,
    0x00, 0x00, 0x00, 0x00, 0x00, 0x00, 0x00, 0x00, 0x00, 0x00, 0x20, 0x00, 0x20, 0x00, 0x00, 0x00,
    0x00, 0x00, 0x20, 0x00, 0x20, 0x00, 0x00, 0x00, 0x00, 0x00, 0x00, 0x00, 0x00, 0x00, 0x00, 0x00,
    0x00, 0x00, 0x00, 0x00, 0x00, 0x00, 0x00, 0x00, 0x00, 0x00, 0x00, 0x00, 0x00, 0x00, 0x00, 0x00,
    0x00, 0x00, 0x00, 0x00, 0x00, 0x00, 0x00, 0x00, 0x00, 0x00, 0x00, 0x00, 0x00, 0x00, 0x00, 0x00,
    0x00, 0x00, 0x00, 0x00, 0x00, 0x00, 0x00, 0x00, 0x00, 0x00, 0x20, 0x00, 0x20, 0x00, 0x00, 0x00,
    0x00, 0x00, 0x20, 0x00, 0x20, 0x00, 0x00, 0x00, 0x00, 0x00, 0x00, 0x00, 0x00, 0x00, 0x00, 0x00,
    0x00, 0x00, 0x00, 0x00, 0x00, 0x00, 0x00, 0x00, 0x00, 0x00, 0x00, 0x00, 0x00, 0x00, 0x00, 0x00,
    0x00, 0x00, 0x00, 0x00, 0x00, 0x00, 0x00, 0x00, 0x00, 0x00, 0x00, 0x00, 0x00, 0x00, 0x00, 0x00,
    0x00, 0x00, 0x00, 0x00, 0x00, 0x00, 0x00, 0x00, 0x00, 0x00, 0x20, 0x00, 0x20, 0x00, 0x00, 0x00,
    0x00, 0x00, 0x20, 0x00, 0x20, 0x00, 0x00, 0x00, 0x00, 0x00, 0x00, 0x00, 0x00, 0x00, 0x00, 0x00,
    0x00, 0x00, 0x00, 0x00, 0x00, 0x00, 0x00, 0x00, 0x00, 0x00, 0x00, 0x00, 0x00, 0x00, 0x00, 0x00,
    0x00, 0x00, 0x00, 0x00, 0x00, 0x00, 0x00, 0x00, 0x00, 0x00, 0x00, 0x00, 0x00, 0x00, 0x00, 0x00,
    0x00, 0x00, 0x00, 0x00, 0x00, 0x00, 0x00, 0x00, 0x00, 0x00, 0x20, 0x00, 0x20, 0x00, 0x00, 0x00,
    0x00, 0x00, 0x20, 0x00, 0x20, 0x00, 0x00, 0x00, 0x00, 0x00, 0x00, 0x00, 0x00, 0x00, 0x00, 0x00,
    0x00, 0x00, 0x00, 0x00, 0x00, 0x00, 0x00, 0x00, 0x00, 0x00, 0x00, 0x00, 0x00, 0x00, 0x00, 0x00,
    0x00, 0x00, 0x00, 0x00, 0x00, 0x00, 0x00, 0x00, 0x00, 0x00, 0x00, 0x00, 0x00, 0x00, 0x00, 0x00,
    0x00, 0x00, 0x00, 0x00, 0x00, 0x00, 0x00, 0x00, 0x00, 0x00, 0x20, 0x00, 0x20, 0x00, 0x00, 0x00,
    0x00, 0x00, 0x20, 0x00, 0x20, 0x00, 0x00, 0x00, 0x00, 0x00, 0x00, 0x00, 0x00, 0x00, 0x00, 0x00,
    0x00, 0x00, 0x00, 0x00, 0x00, 0x00, 0x00, 0x00, 0x00, 0x00, 0x00, 0x00, 0x00, 0x00, 0x00, 0x00,
    0x00, 0x00, 0x00, 0x00, 0x00, 0x00, 0x00, 0x00, 0x00, 0x00, 0x00, 0x00, 0x00, 0x00, 0x00, 0x00,
    0x00, 0x00, 0x00, 0x00, 0x00, 0x00, 0x00, 0x00, 0x00, 0x00, 0x20, 0x00, 0x20, 0x00, 0x00, 0x00,
    0x00, 0x00, 0x20, 0x00, 0x20, 0x00, 0x00, 0x00, 0x00, 0x00, 0x00, 0x00, 0x00, 0x00, 0x00, 0x00,
    0x00, 0x00, 0x00, 0x00, 0x00, 0x00, 0x00, 0x00, 0x00, 0x00, 0x00, 0x00, 0x00, 0x00, 0x00, 0x00,
    0x00, 0x00, 0x00, 0x00, 0x00, 0x00, 0x00, 0x00, 0x00, 0x00, 0x00, 0x00, 0x00, 0x00, 0x00, 0x00,
    0x00, 0x00, 0x00, 0x00, 0x00, 0x00, 0x00, 0x00, 0x00, 0x00, 0x20, 0x00, 0x20, 0x00, 0x00, 0x00,
    0x00, 0x00, 0x20, 0x00, 0x20, 0x00, 0x00, 0x00, 0x00, 0x00, 0x00, 0x00, 0x00, 0x00, 0x00, 0x00,
    0x00, 0x00, 0x00, 0x00, 0x00, 0x00, 0x00, 0x00, 0x00, 0x00, 0x00, 0x00, 0x00, 0x00, 0x00, 0x00,
    0x00, 0x00, 0x00, 0x00, 0x00, 0x00, 0x00, 0x00, 0x00, 0x00, 0x00, 0x00, 0x00, 0x00, 0x00, 0x00,
    0x00, 0x00, 0x00, 0x00, 0x00, 0x00, 0x00, 0x00, 0x00, 0x00, 0x20, 0x00, 0x20, 0x00, 0x00, 0x00,
    0x00, 0x00, 0x20, 0x00, 0x20, 0x00, 0x00, 0x00, 0x00, 0x00, 0x00, 0x00, 0x00, 0x00, 0x00, 0x00,
    0x00, 0x00, 0x00, 0x00, 0x00, 0x00, 0x00, 0x00, 0x00, 0x00, 0x00, 0x00, 0x00, 0x00, 0x00, 0x00,
    0x00, 0x00, 0x00, 0x00, 0x00, 0x00, 0x00, 0x00, 0x00, 0x00, 0x00, 0x00, 0x00, 0x00, 0x00, 0x00,
    0x00, 0x00, 0x00, 0x00, 0x00, 0x00, 0x00, 0x00, 0x00, 0x00, 0x20, 0x00, 0x20, 0x00, 0x00, 0x00,
    0x00, 0x00, 0x20, 0x00, 0x20, 0x00, 0x00, 0x00, 0x00, 0x00, 0x00, 0x00, 0x00, 0x00, 0x00, 0x00,
    0x00, 0x00, 0x00, 0x00, 0x00, 0x00, 0x00, 0x00, 0x00, 0x00, 0x00, 0x00, 0x00, 0x00, 0x00, 0x00,
    0x00, 0x00, 0x00, 0x00, 0x00, 0x00, 0x00, 0x00, 0x00, 0x00, 0x00, 0x00, 0x00, 0x00, 0x00, 0x00,
    0x00, 0x00, 0x00, 0x00, 0x00, 0x00, 0x00, 0x00, 0x00, 0x00, 0x20, 0x00, 0x20, 0x00, 0x00, 0x00,
    0x00, 0x00, 0x20, 0x00, 0x20, 0x00, 0x00, 0x00, 0x00, 0x00, 0x00, 0x00, 0x00, 0x00, 0x00, 0x00,
    0x00, 0x00, 0x00, 0x00, 0x00, 0x00, 0x00, 0x00, 0x00, 0x00, 0x00, 0x00, 0x00, 0x00, 0x00, 0x00,
    0x00, 0x00, 0x00, 0x00, 0x00, 0x00, 0x00, 0x00, 0x00, 0x00, 0x00, 0x00, 0x00, 0x00, 0x00, 0x00,
    0x00, 0x00, 0x00, 0x00, 0x00, 0x00, 0x00, 0x00, 0x00, 0x00, 0x20, 0x00, 0x20, 0x00, 0x00, 0x00,
    0x00, 0x00, 0x20, 0x00, 0x20, 0x00, 0x00, 0x00, 0x00, 0x00, 0x00, 0x00, 0x00, 0x00, 0x00, 0x00,
    0x00, 0x00, 0x00, 0x00, 0x00, 0x00, 0x00, 0x00, 0x00, 0x00, 0x00, 0x00, 0x00, 0x00, 0x00, 0x00,
    0x00, 0x00, 0x00, 0x00, 0x00, 0x00, 0x00, 0x00, 0x00, 0x00, 0x00, 0x00, 0x00, 0x00, 0x00, 0x00,
    0x00, 0x00, 0x00, 0x00, 0x00, 0x00, 0x00, 0x00, 0x00, 0x00, 0x20, 0x00, 0x20, 0x00, 0x00, 0x00,
    0x00, 0x00, 0x20, 0x00, 0x20, 0x00, 0x00, 0x00, 0x00, 0x00, 0x00, 0x00, 0x00, 0x00, 0x00, 0x00,
    0x00, 0x00, 0x00, 0x00, 0x00, 0x00, 0x00, 0x00, 0x00, 0x00, 0x00, 0x00, 0x00, 0x00, 0x00, 0x00,
    0x00, 0x00, 0x00, 0x00, 0x00, 0x00, 0x00, 0x00, 0x00, 0x00, 0x00, 0x00, 0x00, 0x00, 0x00, 0x00,
    0x00, 0x00, 0x00, 0x00, 0x00, 0x00, 0x00, 0x00, 0x00, 0x00, 0x20, 0x00, 0x20, 0x00, 0x00, 0x00,
    0x00, 0x00, 0x20, 0x00, 0x20, 0x00, 0x00, 0x00, 0x00, 0x00, 0x00, 0x00, 0x00, 0x00, 0x00, 0x00,
    0x00, 0x00, 0x00, 0x00, 0x00, 0x00, 0x00, 0x00, 0x00, 0x00, 0x00, 0x00, 0x00, 0x00, 0x00, 0x00,
    0x00, 0x00, 0x00, 0x00, 0x00, 0x00, 0x00, 0x00, 0x00, 0x00, 0x00, 0x00, 0x00, 0x00, 0x00, 0x00,
    0x00, 0x00, 0x00, 0x00, 0x00, 0x00, 0x00, 0x00, 0x00, 0x00, 0x20, 0x00, 0x20, 0x00, 0x00, 0x00,
    0x00, 0x00, 0x20, 0x00, 0x20, 0x00, 0x00, 0x00, 0x00, 0x00, 0x00, 0x00, 0x00, 0x00, 0x00, 0x00,
    0x00, 0x00, 0x00, 0x00, 0x00, 0x00, 0x00, 0x00, 0x00, 0x00, 0x00, 0x00, 0x00, 0x00, 0x00, 0x00,
    0x00, 0x00, 0x00, 0x00, 0x00, 0x00, 0x00, 0x00, 0x00, 0x00, 0x00, 0x00, 0x00, 0x00, 0x00, 0x00,
    0x00, 0x00, 0x00, 0x00, 0x00, 0x00, 0x00, 0x00, 0x00, 0x00, 0x20, 0x00, 0x20, 0x00, 0x00, 0x00,
    0x00, 0x00, 0x20, 0x00, 0x20, 0x00, 0x00, 0x00, 0x00, 0x00, 0x00, 0x00, 0x00, 0x00, 0x00, 0x00,
    0x00, 0x00, 0x00, 0x00, 0x00, 0x00, 0x00, 0x00, 0x00, 0x00, 0x00, 0x00, 0x00, 0x00, 0x00, 0x00,
    0x00, 0x00, 0x00, 0x00, 0x00, 0x00, 0x00, 0x00, 0x00, 0x00, 0x00, 0x00, 0x00, 0x00, 0x00, 0x00,
    0x00, 0x00, 0x00, 0x00, 0x00, 0x00, 0x00, 0x00, 0x00, 0x00, 0x20, 0x00, 0x20, 0x00, 0x00, 0x00,
    0x00, 0x00, 0x20, 0x00, 0x20, 0x00, 0x00, 0x00, 0x00, 0x00, 0x00, 0x00, 0x00, 0x00, 0x00, 0x00,
    0x00, 0x00, 0x00, 0x00, 0x00, 0x00, 0x00, 0x00, 0x00, 0x00, 0x00, 0x00, 0x00, 0x00, 0x00, 0x00,
    0x00, 0x00, 0x00, 0x00, 0x00, 0x00, 0x00, 0x00, 0x00, 0x00, 0x00, 0x00, 0x00, 0x00, 0x00, 0x00,
    0x00, 0x00, 0x00, 0x00, 0x00, 0x00, 0x00, 0x00, 0x00, 0x00, 0x20, 0x00, 0x20, 0x00, 0x00, 0x00,
    0x00, 0x00, 0x20, 0x00, 0x20, 0x00, 0x00, 0x00, 0x00, 0x00, 0x00, 0x00, 0x00, 0x00, 0x00, 0x00,
    0x00, 0x00, 0x00, 0x00, 0x00, 0x00, 0x00, 0x00, 0x00, 0x00, 0x00, 0x00, 0x00, 0x00, 0x00, 0x00,
    0x00, 0x00, 0x00, 0x00, 0x00, 0x00, 0x00, 0x00, 0x00, 0x00, 0x00, 0x00, 0x00, 0x00, 0x00, 0x00,
    0x00, 0x00, 0x00, 0x00, 0x00, 0x00, 0x00, 0x00, 0x00, 0x00, 0x20, 0x00, 0x20, 0x00, 0x00, 0x00,
    0x00, 0x00, 0x20, 0x00, 0x20, 0x00, 0x00, 0x00, 0x00, 0x00, 0x00, 0x00, 0x00, 0x00, 0x00, 0x00,
    0x00, 0x00, 0x00, 0x00, 0x00, 0x00, 0x00, 0x00, 0x00, 0x00, 0x00, 0x00, 0x00, 0x00, 0x00, 0x00,
    0x00, 0x00, 0x00, 0x00, 0x00, 0x00, 0x00, 0x00, 0x00, 0x00, 0x00, 0x00, 0x00, 0x00, 0x00, 0x00,
    0x00, 0x00, 0x00, 0x00, 0x20, 0x00, 0x20, 0x00, 0x20, 0x00, 0x20, 0x00, 0x61, 0x08, 0x61, 0x08,
    0x61, 0x08, 0x41, 0x08, 0x61, 0x08, 0x61, 0x08, 0x20, 0x00, 0x00, 0x00, 0x20, 0x00, 0x00, 0x00,
    0x00, 0x00, 0x00, 0x00, 0x00, 0x00, 0x00, 0x00, 0x00, 0x00, 0x00, 0x00, 0x00, 0x00, 0x00, 0x00,
    0x00, 0x00, 0x00, 0x00, 0x00, 0x00, 0x00, 0x00, 0x00, 0x00, 0x00, 0x00, 0x00, 0x00, 0x00, 0x00,
    0x00, 0x00, 0x00, 0x00, 0x20, 0x00, 0x20, 0x00, 0x20, 0x00, 0x20, 0x00, 0x61, 0x08, 0x61, 0x08,
    0x61, 0x08, 0x41, 0x08, 0x61, 0x08, 0x61, 0x08, 0x20, 0x00, 0x00, 0x00, 0x20, 0x00, 0x00, 0x00,
    0x00, 0x00, 0x00, 0x00, 0x00, 0x00, 0x00, 0x00, 0x00, 0x00, 0x00, 0x00, 0x00, 0x00, 0x00, 0x00,
    0x00, 0x00, 0x00, 0x00, 0x00, 0x00, 0x00, 0x00, 0x00, 0x00, 0x00, 0x00, 0x00, 0x00, 0x00, 0x00,
    0x00, 0x00, 0x00, 0x00, 0x20, 0x00, 0x20, 0x00, 0x20, 0x00, 0x20, 0x00, 0x61, 0x08, 0x61, 0x08,
    0x61, 0x08, 0x41, 0x08, 0x61, 0x08, 0x61, 0x08, 0x20, 0x00, 0x00, 0x00, 0x20, 0x00, 0x00, 0x00,
    0x00, 0x00, 0x00, 0x00, 0x00, 0x00, 0x00, 0x00, 0x00, 0x00, 0x00, 0x00, 0x00, 0x00, 0x00, 0x00,
    0x00, 0x00, 0x00, 0x00, 0x00, 0x00, 0x00, 0x00, 0x00, 0x00, 0x00, 0x00, 0x00, 0x00, 0x00, 0x00,
    0x00, 0x00, 0x00, 0x00, 0x20, 0x00, 0x20, 0x00, 0x20, 0x00, 0x20, 0x00, 0x61, 0x08, 0x61, 0x08,
    0x61, 0x08, 0x41, 0x08, 0x61, 0x08, 0x61, 0x08, 0x20, 0x00, 0x00, 0x00, 0x20, 0x00, 0x00, 0x00,
    0x00, 0x00, 0x00, 0x00, 0x00, 0x00, 0x00, 0x00, 0x00, 0x00, 0x00, 0x00, 0x00, 0x00, 0x00, 0x00,
    0x00, 0x00, 0x00, 0x00, 0x00, 0x00, 0x00, 0x00, 0x00, 0x00, 0x00, 0x00, 0x00, 0x00, 0x00, 0x00,
    0x00, 0x00, 0x00, 0x00, 0x20, 0x00, 0x20, 0x00, 0x20, 0x00, 0x20, 0x00, 0x61, 0x08, 0x61, 0x08,
    0x61, 0x08, 0x41, 0x08, 0x61, 0x08, 0x61, 0x08, 0x20, 0x00, 0x00, 0x00, 0x20, 0x00, 0x00, 0x00,
    0x00, 0x00, 0x00, 0x00, 0x00, 0x00, 0x00, 0x00, 0x00, 0x00, 0x00, 0x00, 0x00, 0x00, 0x00, 0x00,
    0x00, 0x00, 0x00, 0x00, 0x00, 0x00, 0x00, 0x00, 0x00, 0x00, 0x00, 0x00, 0x00, 0x00, 0x00, 0x00,
    0x00, 0x00, 0x00, 0x00, 0x20, 0x00, 0x20, 0x00, 0x20, 0x00, 0x20, 0x00, 0x61, 0x08, 0x61, 0x08,
    0x61, 0x08, 0x41, 0x08, 0x61, 0x08, 0x61, 0x08, 0x20, 0x00, 0x00, 0x00, 0x20, 0x00, 0x00, 0x00,
    0x00, 0x00, 0x00, 0x00, 0x00, 0x00, 0x00, 0x00, 0x00, 0x00, 0x00, 0x00, 0x00, 0x00, 0x00, 0x00,
    0x00, 0x00, 0x00, 0x00, 0x00, 0x00, 0x00, 0x00, 0x00, 0x00, 0x00, 0x00, 0x00, 0x00, 0x00, 0x00,
    0x00, 0x00, 0x00, 0x00, 0x20, 0x00, 0x20, 0x00, 0x20, 0x00, 0x20, 0x00, 0x61, 0x08, 0x61, 0x08,
    0x61, 0x08, 0x41, 0x08, 0x61, 0x08, 0x61, 0x08, 0x20, 0x00, 0x00, 0x00, 0x20, 0x00, 0x00, 0x00,
    0x00, 0x00, 0x00, 0x00, 0x00, 0x00, 0x00, 0x00, 0x00, 0x00, 0x00, 0x00, 0x00, 0x00, 0x00, 0x00,
    0x00, 0x00, 0x00, 0x00, 0x00, 0x00, 0x00, 0x00, 0x00, 0x00, 0x00, 0x00, 0x00, 0x00, 0x00, 0x00,
    0x00, 0x00, 0x00, 0x00, 0x20, 0x00, 0x20, 0x00, 0x20, 0x00, 0x20, 0x00, 0x61, 0x08, 0x61, 0x08,
    0x61, 0x08, 0x41, 0x08, 0x61, 0x08, 0x61, 0x08, 0x20, 0x00, 0x00, 0x00, 0x20, 0x00, 0x00, 0x00,
    0x00, 0x00, 0x00, 0x00, 0x00, 0x00, 0x00, 0x00, 0x00, 0x00, 0x00, 0x00, 0x00, 0x00, 0x00, 0x00,
    0x00, 0x00, 0x00, 0x00, 0x00, 0x00, 0x00, 0x00, 0x00, 0x00, 0x00, 0x00, 0x00, 0x00, 0x00, 0x00,
    0x00, 0x00, 0x00, 0x00, 0x20, 0x00, 0x20, 0x00, 0x20, 0x00, 0x20, 0x00, 0x61, 0x08, 0x61, 0x08,
    0x61, 0x08, 0x41, 0x08, 0x61, 0x08, 0x61, 0x08, 0x20, 0x00, 0x00, 0x00, 0x20, 0x00, 0x00, 0x00,
    0x00, 0x00, 0x00, 0x00, 0x00, 0x00, 0x00, 0x00, 0x00, 0x00, 0x00, 0x00, 0x00, 0x00, 0x00, 0x00,
    0x00, 0x00, 0x00, 0x00, 0x00, 0x00, 0x00, 0x00, 0x00, 0x00, 0x00, 0x00, 0x00, 0x00, 0x00, 0x00,
    0x00, 0x00, 0x00, 0x00, 0x20, 0x00, 0x20, 0x00, 0x20, 0x00, 0x20, 0x00, 0x61, 0x08, 0x61, 0x08,
    0x61, 0x08, 0x41, 0x08, 0x61, 0x08, 0x61, 0x08, 0x20, 0x00, 0x00, 0x00, 0x20, 0x00, 0x00, 0x00,
    0x00, 0x00, 0x00, 0x00, 0x00, 0x00, 0x00, 0x00, 0x00, 0x00, 0x00, 0x00, 0x00, 0x00, 0x00, 0x00,
    0x00, 0x00, 0x00, 0x00, 0x00, 0x00, 0x00, 0x00, 0x00, 0x00, 0x00, 0x00, 0x00, 0x00, 0x00, 0x00,
    0x00, 0x00, 0x00, 0x00, 0x20, 0x00, 0x20, 0x00, 0x20, 0x00, 0x20, 0x00, 0x61, 0x08, 0x61, 0x08,
    0x61, 0x08, 0x41, 0x08, 0x61, 0x08, 0x61, 0x08, 0x20, 0x00, 0x00, 0x00, 0x20, 0x00, 0x00, 0x00,
    0x00, 0x00, 0x00, 0x00, 0x00, 0x00, 0x00, 0x00, 0x00, 0x00, 0x00, 0x00, 0x00, 0x00, 0x00, 0x00,
    0x00, 0x00, 0x00, 0x00, 0x00, 0x00, 0x00, 0x00, 0x00, 0x00, 0x00, 0x00, 0x00, 0x00, 0x00, 0x00,
    0x00, 0x00, 0x00, 0x00, 0x20, 0x00, 0x20, 0x00, 0x20, 0x00, 0x20, 0x00, 0x61, 0x08, 0x61, 0x08,
    0x61, 0x08, 0x41, 0x08, 0x61, 0x08, 0x61, 0x08, 0x20, 0x00, 0x00, 0x00, 0x20, 0x00, 0x00, 0x00,
    0x00, 0x00, 0x00, 0x00, 0x00, 0x00, 0x00, 0x00, 0x00, 0x00, 0x00, 0x00, 0x00, 0x00, 0x00, 0x00,
    0x00, 0x00, 0x00, 0x00, 0x00, 0x00, 0x00, 0x00, 0x00, 0x00, 0x00, 0x00, 0x00, 0x00, 0x00, 0x00,
    0x00, 0x00, 0x00, 0x00, 0x20, 0x00, 0x20, 0x00, 0x20, 0x00, 0x20, 0x00, 0x61, 0x08, 0x61, 0x08,
    0x61, 0x08, 0x41, 0x08, 0x61, 0x08, 0x61, 0x08, 0x20, 0x00, 0x00, 0x00, 0x20, 0x00, 0x00, 0x00,
    0x00, 0x00, 0x00, 0x00, 0x00, 0x00, 0x00, 0x00, 0x00, 0x00, 0x00, 0x00, 0x00, 0x00, 0x00, 0x00,
    0x00, 0x00, 0x00, 0x00, 0x00, 0x00, 0x00, 0x00, 0x00, 0x00, 0x00, 0x00, 0x00, 0x00, 0x00, 0x00,
    0x00, 0x00, 0x00, 0x00, 0x20, 0x00, 0x20, 0x00, 0x20, 0x00, 0x20, 0x00, 0x61, 0x08, 0x61, 0x08,
    0x61, 0x08, 0x41, 0x08, 0x61, 0x08, 0x61, 0x08, 0x20, 0x00, 0x00, 0x00, 0x20, 0x00, 0x00, 0x00,
    0x00, 0x00, 0x00, 0x00, 0x00, 0x00, 0x00, 0x00, 0x00, 0x00, 0x00, 0x00, 0x00, 0x00, 0x00, 0x00,
    0x00, 0x00, 0x00, 0x00, 0x00, 0x00, 0x00, 0x00, 0x00, 0x00, 0x00, 0x00, 0x00, 0x00, 0x00, 0x00,
    0x00, 0x00, 0x00, 0x00, 0x20, 0x00, 0x20, 0x00, 0x20, 0x00, 0x20, 0x00, 0x61, 0x08, 0x61, 0x08,
    0x61, 0x08, 0x41, 0x08, 0x61, 0x08, 0x61, 0x08, 0x20, 0x00, 0x00, 0x00, 0x20, 0x00, 0x00, 0x00,
    0x00, 0x00, 0x00, 0x00, 0x00, 0x00, 0x00, 0x00, 0x00, 0x00, 0x00, 0x00, 0x00, 0x00, 0x00, 0x00,
    0x00, 0x00, 0x00, 0x00, 0x00, 0x00, 0x00, 0x00, 0x00, 0x00, 0x00, 0x00, 0x00, 0x00, 0x00, 0x00,
    0x00, 0x00, 0x00, 0x00, 0x20, 0x00, 0x20, 0x00, 0x20, 0x00, 0x20, 0x00, 0x61, 0x08, 0x61, 0x08,
    0x61, 0x08, 0x41, 0x08, 0x61, 0x08, 0x61, 0x08, 0x20, 0x00, 0x00, 0x00, 0x20, 0x00, 0x00, 0x00,
    0x00, 0x00, 0x00, 0x00, 0x00, 0x00, 0x00, 0x00, 0x00, 0x00, 0x00, 0x00, 0x00, 0x00, 0x00, 0x00,
    0x00, 0x00, 0x00, 0x00, 0x00, 0x00, 0x00, 0x00, 0x00, 0x00, 0x00, 0x00, 0x00, 0x00, 0x00, 0x00,
    0x00, 0x00, 0x00, 0x00, 0x20, 0x00, 0x20, 0x00, 0x20, 0x00, 0x20, 0x00, 0x61, 0x08, 0x61, 0x08,
    0x61, 0x08, 0x41, 0x08, 0x61, 0x08, 0x61, 0x08, 0x20, 0x00, 0x00, 0x00, 0x20, 0x00, 0x00, 0x00,
    0x00, 0x00, 0x00, 0x00, 0x00, 0x00, 0x00, 0x00, 0x00, 0x00, 0x00, 0x00, 0x00, 0x00, 0x00, 0x00,
    0x00, 0x00, 0x00, 0x00, 0x00, 0x00, 0x00, 0x00, 0x00, 0x00, 0x00, 0x00, 0x00, 0x00, 0x00, 0x00,
    0x00, 0x00, 0x00, 0x00, 0x20, 0x00, 0x20, 0x00, 0x20, 0x00, 0x20, 0x00, 0x61, 0x08, 0x61, 0x08,
    0x61, 0x08, 0x41, 0x08, 0x61, 0x08, 0x61, 0x08, 0x20, 0x00, 0x00, 0x00, 0x20, 0x00, 0x00, 0x00,
    0x00, 0x00, 0x00, 0x00, 0x00, 0x00, 0x00, 0x00, 0x00, 0x00, 0x00, 0x00, 0x00, 0x00, 0x00, 0x00,
    0x00, 0x00, 0x00, 0x00, 0x00, 0x00, 0x00, 0x00, 0x00, 0x00, 0x00, 0x00, 0x00, 0x00, 0x00, 0x00,
    0x00, 0x00, 0x00, 0x00, 0x20, 0x00, 0x20, 0x00, 0x20, 0x00, 0x20, 0x00, 0x61, 0x08, 0x61, 0x08,
    0x61, 0x08, 0x41, 0x08, 0x61, 0x08, 0x61, 0x08, 0x20, 0x00, 0x00, 0x00, 0x20, 0x00, 0x00, 0x00,
    0x00, 0x00, 0x00, 0x00, 0x00, 0x00, 0x00, 0x00, 0x00, 0x00, 0x00, 0x00, 0x00, 0x00, 0x00, 0x00,
    0x00, 0x00, 0x00, 0x00, 0x00, 0x00, 0x00, 0x00, 0x00, 0x00, 0x00, 0x00, 0x00, 0x00, 0x00, 0x00,
    0x00, 0x00, 0x00, 0x00, 0x20, 0x00, 0x20, 0x00, 0x20, 0x00, 0x20, 0x00, 0x61, 0x08, 0x61, 0x08,
    0x61, 0x08, 0x41, 0x08, 0x61, 0x08, 0x61, 0x08, 0x20, 0x00, 0x00, 0x00, 0x20, 0x00, 0x00, 0x00,
    0x00, 0x00, 0x00, 0x00, 0x00, 0x00, 0x00, 0x00, 0x00, 0x00, 0x00, 0x00, 0x00, 0x00, 0x00, 0x00,
    0x00, 0x00, 0x00, 0x00, 0x00, 0x00, 0x00, 0x00, 0x00, 0x00, 0x00, 0x00, 0x00, 0x00, 0x00, 0x00,
    0x00, 0x00, 0x00, 0x00, 0x20, 0x00, 0x20, 0x00, 0x20, 0x00, 0x20, 0x00, 0x61, 0x08, 0x61, 0x08,
    0x61, 0x08, 0x41, 0x08, 0x61, 0x08, 0x61, 0x08, 0x20, 0x00, 0x00, 0x00, 0x20, 0x00, 0x00, 0x00,
    0x00, 0x00, 0x00, 0x00, 0x00, 0x00, 0x00, 0x00, 0x00, 0x00, 0x00, 0x00, 0x00, 0x00, 0x00, 0x00,
    0x00, 0x00, 0x00, 0x00, 0x00, 0x00, 0x00, 0x00, 0x00, 0x00, 0x00, 0x00, 0x00, 0x00, 0x00, 0x00,
    0x00, 0x00, 0x00, 0x00, 0x20, 0x00, 0x20, 0x00, 0x20, 0x00, 0x20, 0x00, 0x61, 0x08, 0x61, 0x08,
    0x61, 0x08, 0x41, 0x08, 0x61, 0x08, 0x61, 0x08, 0x20, 0x00, 0x00, 0x00, 0x20, 0x00, 0x00, 0x00,
    0x00, 0x00, 0x00, 0x00, 0x00, 0x00, 0x00, 0x00, 0x00, 0x00, 0x00, 0x00, 0x00, 0x00, 0x00, 0x00,
    0x00, 0x00, 0x00, 0x00, 0x00, 0x00, 0x00, 0x00, 0x00, 0x00, 0x00, 0x00, 0x00, 0x00, 0x00, 0x00,
    0x00, 0x00, 0x00, 0x00, 0x20, 0x00, 0x20, 0x00, 0x20, 0x00, 0x20, 0x00, 0x61, 0x08, 0x61, 0x08,
    0x61, 0x08, 0x41, 0x08, 0x61, 0x08, 0x61, 0x08, 0x20, 0x00, 0x00, 0x00, 0x20, 0x00, 0x00, 0x00,
    0x00, 0x00, 0x00, 0x00, 0x00, 0x00, 0x00, 0x00, 0x00, 0x00, 0x00, 0x00, 0x00, 0x00, 0x00, 0x00,
    0x00, 0x00, 0x00, 0x00, 0x00, 0x00, 0x00, 0x00, 0x00, 0x00, 0x00, 0x00, 0x00, 0x00, 0x00, 0x00,
    0x00, 0x00, 0x00, 0x00, 0x20, 0x00, 0x20, 0x00, 0x20, 0x00, 0x20, 0x00, 0x61, 0x08, 0x61, 0x08,
    0x61, 0x08, 0x41, 0x08, 0x61, 0x08, 0x61, 0x08, 0x20, 0x00, 0x00, 0x00, 0x20, 0x00, 0x00, 0x00,
    0x00, 0x00, 0x00, 0x00, 0x00, 0x00, 0x00, 0x00, 0x00, 0x00, 0x00, 0x00, 0x00, 0x00, 0x00, 0x00,
    0x00, 0x00, 0x00, 0x00, 0x00, 0x00, 0x00, 0x00, 0x00, 0x00, 0x00, 0x00, 0x00, 0x00, 0x00, 0x00,
    0x00, 0x00, 0x00, 0x00, 0x20, 0x00, 0x20, 0x00, 0x20, 0x00, 0x20, 0x00, 0x61, 0x08, 0x61, 0x08,
    0x61, 0x08, 0x41, 0x08, 0x61, 0x08, 0x61, 0x08, 0x20, 0x00, 0x00, 0x00, 0x20, 0x00, 0x00, 0x00,
    0x00, 0x00, 0x00, 0x00, 0x00, 0x00, 0x00, 0x00, 0x00, 0x00, 0x00, 0x00, 0x00, 0x00, 0x00, 0x00,
    0x00, 0x00, 0x00, 0x00, 0x00, 0x00, 0x00, 0x00, 0x00, 0x00, 0x00, 0x00, 0x00, 0x00, 0x00, 0x00,
    0x00, 0x00, 0x00, 0x00, 0x20, 0x00, 0x20, 0x00, 0x20, 0x00, 0x20, 0x00, 0x61, 0x08, 0x61, 0x08,
    0x61, 0x08, 0x41, 0x08, 0x61, 0x08, 0x61, 0x08, 0x20, 0x00, 0x00, 0x00, 0x20, 0x00, 0x00, 0x00,
    0x00, 0x00, 0x00, 0x00, 0x00, 0x00, 0x00, 0x00, 0x00, 0x00, 0x00, 0x00, 0x00, 0x00, 0x00, 0x00,
    0x00, 0x00, 0x00, 0x00, 0x00, 0x00, 0x00, 0x00, 0x00, 0x00, 0x00, 0x00, 0x00, 0x00, 0x00, 0x00,
    0x00, 0x00, 0x00, 0x00, 0x20, 0x00, 0x20, 0x00, 0x20, 0x00, 0x20, 0x00, 0x61, 0x08, 0x61, 0x08,
    0x61, 0x08, 0x41, 0x08, 0x61, 0x08, 0x61, 0x08, 0x20, 0x00, 0x00, 0x00, 0x20, 0x00, 0x00, 0x00,
    0x00, 0x00, 0x00, 0x00, 0x00, 0x00, 0x00, 0x00, 0x00, 0x00, 0x00, 0x00, 0x00, 0x00, 0x00, 0x00,
    0x00, 0x00, 0x00, 0x00, 0x00, 0x00, 0x00, 0x00, 0x00, 0x00, 0x00, 0x00, 0x00, 0x00, 0x00, 0x00,
    0x00, 0x00, 0x00, 0x00, 0x20, 0x00, 0x20, 0x00, 0x20, 0x00, 0x20, 0x00, 0x61, 0x08, 0x61, 0x08,
    0x61, 0x08, 0x41, 0x08, 0x61, 0x08, 0x61, 0x08, 0x20, 0x00, 0x00, 0x00, 0x20, 0x00, 0x00, 0x00,
    0x00, 0x00, 0x00, 0x00, 0x00, 0x00, 0x00, 0x00, 0x00, 0x00, 0x00, 0x00, 0x00, 0x00, 0x00, 0x00,
    0x00, 0x00, 0x00, 0x00, 0x00, 0x00, 0x00, 0x00, 0x00, 0x00, 0x00, 0x00, 0x00, 0x00, 0x00, 0x00,
    0x00, 0x00, 0x00, 0x00, 0x20, 0x00, 0x20, 0x00, 0x20, 0x00, 0x20, 0x00, 0x61, 0x08, 0x61, 0x08,
    0x61, 0x08, 0x41, 0x08, 0x61, 0x08, 0x61, 0x08, 0x20, 0x00, 0x00, 0x00, 0x20, 0x00, 0x00, 0x00,
    0x00, 0x00, 0x00, 0x00, 0x00, 0x00, 0x00, 0x00, 0x00, 0x00, 0x00, 0x00, 0x00, 0x00, 0x00, 0x00,
    0x00, 0x00, 0x00, 0x00, 0x00, 0x00, 0x00, 0x00, 0x00, 0x00, 0x00, 0x00, 0x00, 0x00, 0x00, 0x00,
    0x00, 0x00, 0x00, 0x00, 0x20, 0x00, 0x20, 0x00, 0x20, 0x00, 0x20, 0x00, 0x61, 0x08, 0x61, 0x08,
    0x61, 0x08, 0x41, 0x08, 0x61, 0x08, 0x61, 0x08, 0x20, 0x00, 0x00, 0x00, 0x20, 0x00, 0x00, 0x00,
    0x00, 0x00, 0x00, 0x00, 0x00, 0x00, 0x00, 0x00, 0x00, 0x00, 0x00, 0x00, 0x00, 0x00, 0x00, 0x00,
    0x00, 0x00, 0x00, 0x00, 0x00, 0x00, 0x00, 0x00, 0x00, 0x00, 0x00, 0x00, 0x00, 0x00, 0x00, 0x00,
    0x00, 0x00, 0x00, 0x00, 0x20, 0x00, 0x20, 0x00, 0x20, 0x00, 0x20, 0x00, 0x61, 0x08, 0x61, 0x08,
    0x61, 0x08, 0x41, 0x08, 0x61, 0x08, 0x61, 0x08, 0x20, 0x00, 0x00, 0x00, 0x20, 0x00, 0x00, 0x00,
    0x00, 0x00, 0x00, 0x00, 0x00, 0x00, 0x00, 0x00, 0x00, 0x00, 0x00, 0x00, 0x00, 0x00, 0x00, 0x00,
    0x00, 0x00, 0x00, 0x00, 0x00, 0x00, 0x00, 0x00, 0x00, 0x00, 0x00, 0x00, 0x00, 0x00, 0x00, 0x00,
    0x00, 0x00, 0x00, 0x00, 0x20, 0x00, 0x20, 0x00, 0x20, 0x00, 0x20, 0x00, 0x61, 0x08, 0x61, 0x08,
    0x61, 0x08, 0x41, 0x08, 0x61, 0x08, 0x61, 0x08, 0x20, 0x00, 0x00, 0x00, 0x20, 0x00, 0x00, 0x00,
    0x00, 0x00, 0x00, 0x00, 0x00, 0x00, 0x00, 0x00, 0x00, 0x00, 0x00, 0x00, 0x00, 0x00, 0x00, 0x00,
    0x00, 0x00, 0x00, 0x00, 0x00, 0x00, 0x00, 0x00, 0x00, 0x00, 0x00, 0x00, 0x00, 0x00, 0x00, 0x00,
    0x00, 0x00, 0x00, 0x00, 0x20, 0x00, 0x20, 0x00, 0x20, 0x00, 0x20, 0x00, 0x61, 0x08, 0x61, 0x08,
    0x61, 0x08, 0x41, 0x08, 0x61, 0x08, 0x61, 0x08, 0x20, 0x00, 0x00, 0x00, 0x20, 0x00, 0x00, 0x00,
    0x00, 0x00, 0x00, 0x00, 0x00, 0x00, 0x00, 0x00, 0x00, 0x00, 0x00, 0x00, 0x00, 0x00, 0x00, 0x00,
    0x00, 0x00, 0x00, 0x00, 0x00, 0x00, 0x00, 0x00, 0x00, 0x00, 0x00, 0x00, 0x00, 0x00, 0x00, 0x00,
    0x00, 0x00, 0x00, 0x00, 0x20, 0x00, 0x20, 0x00, 0x20, 0x00, 0x20, 0x00, 0x61, 0x08, 0x61, 0x08,
    0x61, 0x08, 0x41, 0x08, 0x61, 0x08, 0x61, 0x08, 0x20, 0x00, 0x00, 0x00, 0x20, 0x00, 0x00, 0x00,
    0x00, 0x00, 0x00, 0x00, 0x00, 0x00, 0x00, 0x00, 0x00, 0x00, 0x00, 0x00, 0x00, 0x00, 0x00, 0x00,
    0x00, 0x00, 0x00, 0x00, 0x00, 0x00, 0x00, 0x00, 0x00, 0x00, 0x00, 0x00, 0x00, 0x00, 0x00, 0x00,
    0x00, 0x00, 0x00, 0x00, 0x20, 0x00, 0x20, 0x00, 0x20, 0x00, 0x20, 0x00, 0x61, 0x08, 0x61, 0x08,
    0x61, 0x08, 0x41, 0x08, 0x61, 0x08, 0x61, 0x08, 0x20, 0x00, 0x00, 0x00, 0x20, 0x00, 0x00, 0x00,
    0x00, 0x00, 0x00, 0x00, 0x00, 0x00, 0x00, 0x00, 0x00, 0x00, 0x00, 0x00, 0x00, 0x00, 0x00, 0x00,
    0x00, 0x00, 0x00, 0x00, 0x00, 0x00, 0x00, 0x00, 0x00, 0x00, 0x00, 0x00, 0x00, 0x00, 0x00, 0x00,
    0x00, 0x00, 0x00, 0x00, 0x20, 0x00, 0x20, 0x00, 0x20, 0x00, 0x20, 0x00, 0x61, 0x08, 0x61, 0x08,
    0x61, 0x08, 0x41, 0x08, 0x61, 0x08, 0x61, 0x08, 0x20, 0x00, 0x00, 0x00, 0x20, 0x00, 0x00, 0x00,
    0x00, 0x00, 0x00, 0x00, 0x00, 0x00, 0x00, 0x00, 0x00, 0x00, 0x00, 0x00, 0x00, 0x00, 0x00, 0x00,
    0x00, 0x00, 0x00, 0x00, 0x00, 0x00, 0x00, 0x00, 0x00, 0x00, 0x00, 0x00, 0x00, 0x00, 0x00, 0x00,
    0x00, 0x00, 0x00, 0x00, 0x20, 0x00, 0x20, 0x00, 0x20, 0x00, 0x20, 0x00, 0x61, 0x08, 0x61, 0x08,
    0x61, 0x08, 0x41, 0x08, 0x61, 0x08, 0x61, 0x08, 0x20, 0x00, 0x00, 0x00, 0x20, 0x00, 0x00, 0x00,
    0x00, 0x00, 0x00, 0x00, 0x00, 0x00, 0x00, 0x00, 0x00, 0x00, 0x00, 0x00, 0x00, 0x00, 0x00, 0x00,
    0x00, 0x00, 0x00, 0x00, 0x00, 0x00, 0x00, 0x00, 0x00, 0x00, 0x00, 0x00, 0x00, 0x00, 0x00, 0x00,
    0x00, 0x00, 0x00, 0x00, 0x20, 0x00, 0x20, 0x00, 0x20, 0x00, 0x20, 0x00, 0x61, 0x08, 0x61, 0x08,
    0x61, 0x08, 0x41, 0x08, 0x61, 0x08, 0x61, 0x08, 0x20, 0x00, 0x00, 0x00, 0x20, 0x00, 0x00, 0x00,
    0x00, 0x00, 0x00, 0x00, 0x00, 0x00, 0x00, 0x00, 0x00, 0x00, 0x00, 0x00, 0x00, 0x00, 0x00, 0x00,
    0x00, 0x00, 0x00, 0x00, 0x00, 0x00, 0x00, 0x00, 0x00, 0x00, 0x00, 0x00, 0x00, 0x00, 0x00, 0x00,
    0x00, 0x00, 0x00, 0x00, 0x20, 0x00, 0x20, 0x00, 0x20, 0x00, 0x20, 0x00, 0x61, 0x08, 0x61, 0x08,
    0x61, 0x08, 0x41, 0x08, 0x61, 0x08, 0x61, 0x08, 0x20, 0x00, 0x00, 0x00, 0x20, 0x00, 0x00, 0x00,
    0x00, 0x00, 0x00, 0x00, 0x00, 0x00, 0x00, 0x00, 0x00, 0x00, 0x00, 0x00, 0x00, 0x00, 0x00, 0x00,
    0x00, 0x00, 0x00, 0x00, 0x00, 0x00, 0x00, 0x00, 0x00, 0x00, 0x00, 0x00, 0x00, 0x00, 0x00, 0x00,
    0x00, 0x00, 0x00, 0x00, 0x20, 0x00, 0x20, 0x00, 0x20, 0x00, 0x20, 0x00, 0x61, 0x08, 0x61, 0x08,
    0x61, 0x08, 0x41, 0x08, 0x61, 0x08, 0x61, 0x08, 0x20, 0x00, 0x00, 0x00, 0x20, 0x00, 0x00, 0x00,
    0x00, 0x00, 0x00, 0x00, 0x00, 0x00, 0x00, 0x00, 0x00, 0x00, 0x00, 0x00, 0x00, 0x00, 0x00, 0x00,
    0x00, 0x00, 0x00, 0x00, 0x00, 0x00, 0x00, 0x00, 0x00, 0x00, 0x00, 0x00, 0x00, 0x00, 0x00, 0x00,
    0x00, 0x00, 0x00, 0x00, 0x20, 0x00, 0x20, 0x00, 0x20, 0x00, 0x20, 0x00, 0x61, 0x08, 0x61, 0x08,
    0x61, 0x08, 0x41, 0x08, 0x61, 0x08, 0x61, 0x08, 0x20, 0x00, 0x00, 0x00, 0x20, 0x00, 0x00, 0x00,
    0x00, 0x00, 0x00, 0x00, 0x00, 0x00, 0x00, 0x00, 0x00, 0x00, 0x00, 0x00, 0x00, 0x00, 0x00, 0x00,
    0x00, 0x00, 0x00, 0x00, 0x00, 0x00, 0x00, 0x00, 0x00, 0x00, 0x00, 0x00, 0x00, 0x00, 0x00, 0x00,
    0x00, 0x00, 0x00, 0x00, 0x20, 0x00, 0x20, 0x00, 0x20, 0x00, 0x20, 0x00, 0x61, 0x08, 0x61, 0x08,
    0x61, 0x08, 0x41, 0x08, 0x61, 0x08, 0x61, 0x08, 0x20, 0x00, 0x00, 0x00, 0x20, 0x00, 0x00, 0x00,
    0x00, 0x00, 0x00, 0x00, 0x00, 0x00, 0x00, 0x00, 0x00, 0x00, 0x00, 0x00, 0x00, 0x00, 0x00, 0x00,
    0x00, 0x00, 0x00, 0x00, 0x00, 0x00, 0x00, 0x00, 0x00, 0x00, 0x00, 0x00, 0x00, 0x00, 0x00, 0x00,
    0x00, 0x00, 0x00, 0x00, 0x20, 0x00, 0x20, 0x00, 0x20, 0x00, 0x20, 0x00, 0x61, 0x08, 0x61, 0x08,
    0x61, 0x08, 0x41, 0x08, 0x61, 0x08, 0x61, 0x08, 0x20, 0x00, 0x00, 0x00, 0x20, 0x00, 0x00, 0x00,
    0x00, 0x00, 0x00, 0x00, 0x00, 0x00, 0x00, 0x00, 0x00, 0x00, 0x00, 0x00, 0x00, 0x00, 0x00, 0x00,
    0x00, 0x00, 0x00, 0x00, 0x00, 0x00, 0x00, 0x00, 0x00, 0x00, 0x00, 0x00, 0x00, 0x00, 0x00, 0x00,
    0x00, 0x00, 0x00, 0x00, 0x20, 0x00, 0x20, 0x00, 0x20, 0x00, 0x20, 0x00, 0x61, 0x08, 0x61, 0x08,
    0x61, 0x08, 0x41, 0x08, 0x61, 0x08, 0x61, 0x08, 0x20, 0x00, 0x00, 0x00, 0x20, 0x00, 0x00, 0x00,
    0x00, 0x00, 0x00, 0x00, 0x00, 0x00, 0x00, 0x00, 0x00, 0x00, 0x00, 0x00, 0x00, 0x00, 0x00, 0x00,
    0x00, 0x00, 0x00, 0x00, 0x00, 0x00, 0x00, 0x00, 0x00, 0x00, 0x00, 0x00, 0x00, 0x00, 0x00, 0x00,
    0x00, 0x00, 0x00, 0x00, 0x20, 0x00, 0x20, 0x00, 0x20, 0x00, 0x20, 0x00, 0x61, 0x08, 0x61, 0x08,
    0x61, 0x08, 0x41, 0x08, 0x61, 0x08, 0x61, 0x08, 0x20, 0x00, 0x00, 0x00, 0x20, 0x00, 0x00, 0x00,
    0x00, 0x00, 0x00, 0x00, 0x00, 0x00, 0x00, 0x00, 0x00, 0x00, 0x00, 0x00, 0x00, 0x00, 0x00, 0x00,
    0x00, 0x00, 0x00, 0x00, 0x00, 0x00, 0x00, 0x00, 0x00, 0x00, 0x00, 0x00, 0x00, 0x00, 0x00, 0x00,
    0x00, 0x00, 0x00, 0x00, 0x20, 0x00, 0x20, 0x00, 0x20, 0x00, 0x20, 0x00, 0x61, 0x08, 0x61, 0x08,
    0x61, 0x08, 0x41, 0x08, 0x61, 0x08, 0x61, 0x08, 0x20, 0x00, 0x00, 0x00, 0x20, 0x00, 0x00, 0x00,
    0x00, 0x00, 0x00, 0x00, 0x00, 0x00, 0x00, 0x00, 0x00, 0x00, 0x00, 0x00, 0x00, 0x00, 0x00, 0x00,
    0x00, 0x00, 0x00, 0x00, 0x00, 0x00, 0x00, 0x00, 0x00, 0x00, 0x00, 0x00, 0x00, 0x00, 0x00, 0x00,
    0x00, 0x00, 0x00, 0x00, 0x20, 0x00, 0x20, 0x00, 0x20, 0x00, 0x20, 0x00, 0x61, 0x08, 0x61, 0x08,
    0x61, 0x08, 0x41, 0x08, 0x61, 0x08, 0x61, 0x08, 0x20, 0x00, 0x00, 0x00, 0x20, 0x00, 0x00, 0x00,
    0x00, 0x00, 0x00, 0x00, 0x00, 0x00, 0x00, 0x00, 0x00, 0x00, 0x00, 0x00, 0x00, 0x00, 0x00, 0x00,
    0x00, 0x00, 0x00, 0x00, 0x00, 0x00, 0x00, 0x00, 0x00, 0x00, 0x00, 0x00, 0x00, 0x00, 0x00, 0x00,
    0x00, 0x00, 0x00, 0x00, 0x20, 0x00, 0x20, 0x00, 0x20, 0x00, 0x20, 0x00, 0x61, 0x08, 0x61, 0x08,
    0x61, 0x08, 0x41, 0x08, 0x61, 0x08, 0x61, 0x08, 0x20, 0x00, 0x00, 0x00, 0x20, 0x00, 0x00, 0x00,
    0x00, 0x00, 0x00, 0x00, 0x00, 0x00, 0x00, 0x00, 0x00, 0x00, 0x00, 0x00, 0x00, 0x00, 0x00, 0x00,
    0x00, 0x00, 0x00, 0x00, 0x00, 0x00, 0x00, 0x00, 0x00, 0x00, 0x00, 0x00, 0x00, 0x00, 0x00, 0x00,
    0x00, 0x00, 0x00, 0x00, 0x20, 0x00, 0x20, 0x00, 0x20, 0x00, 0x20, 0x00, 0x61, 0x08, 0x61, 0x08,
    0x61, 0x08, 0x41, 0x08, 0x61, 0x08, 0x61, 0x08, 0x20, 0x00, 0x00, 0x00, 0x20, 0x00, 0x00, 0x00,
    0x00, 0x00, 0x00, 0x00, 0x00, 0x00, 0x00, 0x00, 0x00, 0x00, 0x00, 0x00, 0x00, 0x00, 0x00, 0x00,
    0x00, 0x00, 0x00, 0x00, 0x00, 0x00, 0x00, 0x00, 0x00, 0x00, 0x00, 0x00, 0x00, 0x00, 0x00, 0x00,
    0x00, 0x00, 0x00, 0x00, 0x20, 0x00, 0x20, 0x00, 0x20, 0x00, 0x20, 0x00, 0x61, 0x08, 0x61, 0x08,
    0x61, 0x08, 0x41, 0x08, 0x61, 0x08, 0x61, 0x08, 0x20, 0x00, 0x00, 0x00, 0x20, 0x00, 0x00, 0x00,
    0x00, 0x00, 0x00, 0x00, 0x00, 0x00, 0x00, 0x00, 0x00, 0x00, 0x00, 0x00, 0x00, 0x00, 0x00, 0x00,
    0x00, 0x00, 0x00, 0x00, 0x00, 0x00, 0x00, 0x00, 0x00, 0x00, 0x00, 0x00, 0x00, 0x00, 0x00, 0x00,
    0x20, 0x00, 0x20, 0x00, 0x20, 0x00, 0x81, 0x08, 0x81, 0x08, 0xa2, 0x10, 0x28, 0x42, 0x6e, 0x6b,
    0xcf, 0x73, 0x4d, 0x63, 0x28, 0x42, 0xe3, 0x10, 0x81, 0x08, 0x61, 0x08, 0x20, 0x00, 0x41, 0x00,
    0x20, 0x00, 0x00, 0x00, 0x00, 0x00, 0x00, 0x00, 0x00, 0x00, 0x00, 0x00, 0x00, 0x00, 0x00, 0x00,
    0x00, 0x00, 0x00, 0x00, 0x00, 0x00, 0x00, 0x00, 0x00, 0x00, 0x00, 0x00, 0x00, 0x00, 0x00, 0x00,
    0x20, 0x00, 0x20, 0x00, 0x20, 0x00, 0x81, 0x08, 0x81, 0x08, 0xa2, 0x10, 0x28, 0x42, 0x6e, 0x6b,
    0xcf, 0x73, 0x4d, 0x63, 0x28, 0x42, 0xe3, 0x10, 0x81, 0x08, 0x61, 0x08, 0x20, 0x00, 0x41, 0x00,
    0x20, 0x00, 0x00, 0x00, 0x00, 0x00, 0x00, 0x00, 0x00, 0x00, 0x00, 0x00, 0x00, 0x00, 0x00, 0x00,
    0x00, 0x00, 0x00, 0x00, 0x00, 0x00, 0x00, 0x00, 0x00, 0x00, 0x00, 0x00, 0x00, 0x00, 0x00, 0x00,
    0x20, 0x00, 0x20, 0x00, 0x20, 0x00, 0x81, 0x08, 0x81, 0x08, 0xa2, 0x10, 0x28, 0x42, 0x6e, 0x6b,
    0xcf, 0x73, 0x4d, 0x63, 0x28, 0x42, 0xe3, 0x10, 0x81, 0x08, 0x61, 0x08, 0x20, 0x00, 0x41, 0x00,
    0x20, 0x00, 0x00, 0x00, 0x00, 0x00, 0x00, 0x00, 0x00, 0x00, 0x00, 0x00, 0x00, 0x00, 0x00, 0x00,
    0x00, 0x00, 0x00, 0x00, 0x00, 0x00, 0x00, 0x00, 0x00, 0x00, 0x00, 0x00, 0x00, 0x00, 0x00, 0x00,
    0x20, 0x00, 0x20, 0x00, 0x20, 0x00, 0x81, 0x08, 0x81, 0x08, 0xa2, 0x10, 0x28, 0x42, 0x6e, 0x6b,
    0xcf, 0x73, 0x4d, 0x63, 0x28, 0x42, 0xe3, 0x10, 0x81, 0x08, 0x61, 0x08, 0x20, 0x00, 0x41, 0x00,
    0x20, 0x00, 0x00, 0x00, 0x00, 0x00, 0x00, 0x00, 0x00, 0x00, 0x00, 0x00, 0x00, 0x00, 0x00, 0x00,
    0x00, 0x00, 0x00, 0x00, 0x00, 0x00, 0x00, 0x00, 0x00, 0x00, 0x00, 0x00, 0x00, 0x00, 0x00, 0x00,
    0x20, 0x00, 0x20, 0x00, 0x20, 0x00, 0x81, 0x08, 0x81, 0x08, 0xa2, 0x10, 0x28, 0x42, 0x6e, 0x6b,
    0xcf, 0x73, 0x4d, 0x63, 0x28, 0x42, 0xe3, 0x10, 0x81, 0x08, 0x61, 0x08, 0x20, 0x00, 0x41, 0x00,
    0x20, 0x00, 0x00, 0x00, 0x00, 0x00, 0x00, 0x00, 0x00, 0x00, 0x00, 0x00, 0x00, 0x00, 0x00, 0x00,
    0x00, 0x00, 0x00, 0x00, 0x00, 0x00, 0x00, 0x00, 0x00, 0x00, 0x00, 0x00, 0x00, 0x00, 0x00, 0x00,
    0x20, 0x00, 0x20, 0x00, 0x20, 0x00, 0x81, 0x08, 0x81, 0x08, 0xa2, 0x10, 0x28, 0x42, 0x6e, 0x6b,
    0xcf, 0x73, 0x4d, 0x63, 0x28, 0x42, 0xe3, 0x10, 0x81, 0x08, 0x61, 0x08, 0x20, 0x00, 0x41, 0x00,
    0x20, 0x00, 0x00, 0x00, 0x00, 0x00, 0x00, 0x00, 0x00, 0x00, 0x00, 0x00, 0x00, 0x00, 0x00, 0x00,
    0x00, 0x00, 0x00, 0x00, 0x00, 0x00, 0x00, 0x00, 0x00, 0x00, 0x00, 0x00, 0x00, 0x00, 0x00, 0x00,
    0x20, 0x00, 0x20, 0x00, 0x20, 0x00, 0x81, 0x08, 0x81, 0x08, 0xa2, 0x10, 0x28, 0x42, 0x6e, 0x6b,
    0xcf, 0x73, 0x4d, 0x63, 0x28, 0x42, 0xe3, 0x10, 0x81, 0x08, 0x61, 0x08, 0x20, 0x00, 0x41, 0x00,
    0x20, 0x00, 0x00, 0x00, 0x00, 0x00, 0x00, 0x00, 0x00, 0x00, 0x00, 0x00, 0x00, 0x00, 0x00, 0x00,
    0x00, 0x00, 0x00, 0x00, 0x00, 0x00, 0x00, 0x00, 0x00, 0x00, 0x00, 0x00, 0x00, 0x00, 0x00, 0x00,
    0x20, 0x00, 0x20, 0x00, 0x20, 0x00, 0x81, 0x08, 0x81, 0x08, 0xa2, 0x10, 0x28, 0x42, 0x6e, 0x6b,
    0xcf, 0x73, 0x4d, 0x63, 0x28, 0x42, 0xe3, 0x10, 0x81, 0x08, 0x61, 0x08, 0x20, 0x00, 0x41, 0x00,
    0x20, 0x00, 0x00, 0x00, 0x00, 0x00, 0x00, 0x00, 0x00, 0x00, 0x00, 0x00, 0x00, 0x00, 0x00, 0x00,
    0x00, 0x00, 0x00, 0x00, 0x00, 0x00, 0x00, 0x00, 0x00, 0x00, 0x00, 0x00, 0x00, 0x00, 0x00, 0x00,
    0x20, 0x00, 0x20, 0x00, 0x20, 0x00, 0x81, 0x08, 0x81, 0x08, 0xa2, 0x10, 0x28, 0x42, 0x6e, 0x6b,
    0xcf, 0x73, 0x4d, 0x63, 0x28, 0x42, 0xe3, 0x10, 0x81, 0x08, 0x61, 0x08, 0x20, 0x00, 0x41, 0x00,
    0x20, 0x00, 0x00, 0x00, 0x00, 0x00, 0x00, 0x00, 0x00, 0x00, 0x00, 0x00, 0x00, 0x00, 0x00, 0x00,
    0x00, 0x00, 0x00, 0x00, 0x00, 0x00, 0x00, 0x00, 0x00, 0x00, 0x00, 0x00, 0x00, 0x00, 0x00, 0x00,
    0x20, 0x00, 0x20, 0x00, 0x20, 0x00, 0x81, 0x08, 0x81, 0x08, 0xa2, 0x10, 0x28, 0x42, 0x6e, 0x6b,
    0xcf, 0x73, 0x4d, 0x63, 0x28, 0x42, 0xe3, 0x10, 0x81, 0x08, 0x61, 0x08, 0x20, 0x00, 0x41, 0x00,
    0x20, 0x00, 0x00, 0x00, 0x00, 0x00, 0x00, 0x00, 0x00, 0x00, 0x00, 0x00, 0x00, 0x00, 0x00, 0x00,
    0x00, 0x00, 0x00, 0x00, 0x00, 0x00, 0x00, 0x00, 0x00, 0x00, 0x00, 0x00, 0x00, 0x00, 0x00, 0x00,
    0x20, 0x00, 0x20, 0x00, 0x20, 0x00, 0x81, 0x08, 0x81, 0x08, 0xa2, 0x10, 0x28, 0x42, 0x6e, 0x6b,
    0xcf, 0x73, 0x4d, 0x63, 0x28, 0x42, 0xe3, 0x10, 0x81, 0x08, 0x61, 0x08, 0x20, 0x00, 0x41, 0x00,
    0x20, 0x00, 0x00, 0x00, 0x00, 0x00, 0x00, 0x00, 0x00, 0x00, 0x00, 0x00, 0x00, 0x00, 0x00, 0x00,
    0x00, 0x00, 0x00, 0x00, 0x00, 0x00, 0x00, 0x00, 0x00, 0x00, 0x00, 0x00, 0x00, 0x00, 0x00, 0x00,
    0x20, 0x00, 0x20, 0x00, 0x20, 0x00, 0x81, 0x08, 0x81, 0x08, 0xa2, 0x10, 0x28, 0x42, 0x6e, 0x6b,
    0xcf, 0x73, 0x4d, 0x63, 0x28, 0x42, 0xe3, 0x10, 0x81, 0x08, 0x61, 0x08, 0x20, 0x00, 0x41, 0x00,
    0x20, 0x00, 0x00, 0x00, 0x00, 0x00, 0x00, 0x00, 0x00, 0x00, 0x00, 0x00, 0x00, 0x00, 0x00, 0x00,
    0x00, 0x00, 0x00, 0x00, 0x00, 0x00, 0x00, 0x00, 0x00, 0x00, 0x00, 0x00, 0x00, 0x00, 0x00, 0x00,
    0x20, 0x00, 0x20, 0x00, 0x20, 0x00, 0x81, 0x08, 0x81, 0x08, 0xa2, 0x10, 0x28, 0x42, 0x6e, 0x6b,
    0xcf, 0x73, 0x4d, 0x63, 0x28, 0x42, 0xe3, 0x10, 0x81, 0x08, 0x61, 0x08, 0x20, 0x00, 0x41, 0x00,
    0x20, 0x00, 0x00, 0x00, 0x00, 0x00, 0x00, 0x00, 0x00, 0x00, 0x00, 0x00, 0x00, 0x00, 0x00, 0x00,
    0x00, 0x00, 0x00, 0x00, 0x00, 0x00, 0x00, 0x00, 0x00, 0x00, 0x00, 0x00, 0x00, 0x00, 0x00, 0x00,
    0x20, 0x00, 0x20, 0x00, 0x20, 0x00, 0x81, 0x08, 0x81, 0x08, 0xa2, 0x10, 0x28, 0x42, 0x6e, 0x6b,
    0xcf, 0x73, 0x4d, 0x63, 0x28, 0x42, 0xe3, 0x10, 0x81, 0x08, 0x61, 0x08, 0x20, 0x00, 0x41, 0x00,
    0x20, 0x00, 0x00, 0x00, 0x00, 0x00, 0x00, 0x00, 0x00, 0x00, 0x00, 0x00, 0x00, 0x00, 0x00, 0x00,
    0x00, 0x00, 0x00, 0x00, 0x00, 0x00, 0x00, 0x00, 0x00, 0x00, 0x00, 0x00, 0x00, 0x00, 0x00, 0x00,
    0x20, 0x00, 0x20, 0x00, 0x20, 0x00, 0x81, 0x08, 0x81, 0x08, 0xa2, 0x10, 0x28, 0x42, 0x6e, 0x6b,
    0xcf, 0x73, 0x4d, 0x63, 0x28, 0x42, 0xe3, 0x10, 0x81, 0x08, 0x61, 0x08, 0x20, 0x00, 0x41, 0x00,
    0x20, 0x00, 0x00, 0x00, 0x00, 0x00, 0x00, 0x00, 0x00, 0x00, 0x00, 0x00, 0x00, 0x00, 0x00, 0x00,
    0x00, 0x00, 0x00, 0x00, 0x00, 0x00, 0x00, 0x00, 0x00, 0x00, 0x00, 0x00, 0x00, 0x00, 0x00, 0x00,
    0x20, 0x00, 0x20, 0x00, 0x20, 0x00, 0x81, 0x08, 0x81, 0x08, 0xa2, 0x10, 0x28, 0x42, 0x6e, 0x6b,
    0xcf, 0x73, 0x4d, 0x63, 0x28, 0x42, 0xe3, 0x10, 0x81, 0x08, 0x61, 0x08, 0x20, 0x00, 0x41, 0x00,
    0x20, 0x00, 0x00, 0x00, 0x00, 0x00, 0x00, 0x00, 0x00, 0x00, 0x00, 0x00, 0x00, 0x00, 0x00, 0x00,
    0x00, 0x00, 0x00, 0x00, 0x00, 0x00, 0x00, 0x00, 0x00, 0x00, 0x00, 0x00, 0x00, 0x00, 0x00, 0x00,
    0x20, 0x00, 0x20, 0x00, 0x20, 0x00, 0x81, 0x08, 0x81, 0x08, 0xa2, 0x10, 0x28, 0x42, 0x6e, 0x6b,
    0xcf, 0x73, 0x4d, 0x63, 0x28, 0x42, 0xe3, 0x10, 0x81, 0x08, 0x61, 0x08, 0x20, 0x00, 0x41, 0x00,
    0x20, 0x00, 0x00, 0x00, 0x00, 0x00, 0x00, 0x00, 0x00, 0x00, 0x00, 0x00, 0x00, 0x00, 0x00, 0x00,
    0x00, 0x00, 0x00, 0x00, 0x00, 0x00, 0x00, 0x00, 0x00, 0x00, 0x00, 0x00, 0x00, 0x00, 0x00, 0x00,
    0x20, 0x00, 0x20, 0x00, 0x20, 0x00, 0x81, 0x08, 0x81, 0x08, 0xa2, 0x10, 0x28, 0x42, 0x6e, 0x6b,
    0xcf, 0x73, 0x4d, 0x63, 0x28, 0x42, 0xe3, 0x10, 0x81, 0x08, 0x61, 0x08, 0x20, 0x00, 0x41, 0x00,
    0x20, 0x00, 0x00, 0x00, 0x00, 0x00, 0x00, 0x00, 0x00, 0x00, 0x00, 0x00, 0x00, 0x00, 0x00, 0x00,
    0x00, 0x00, 0x00, 0x00, 0x00, 0x00, 0x00, 0x00, 0x00, 0x00, 0x00, 0x00, 0x00, 0x00, 0x00, 0x00,
    0x20, 0x00, 0x20, 0x00, 0x20, 0x00, 0x81, 0x08, 0x81, 0x08, 0xa2, 0x10, 0x28, 0x42, 0x6e, 0x6b,
    0xcf, 0x73, 0x4d, 0x63, 0x28, 0x42, 0xe3, 0x10, 0x81, 0x08, 0x61, 0x08, 0x20, 0x00, 0x41, 0x00,
    0x20, 0x00, 0x00, 0x00, 0x00, 0x00, 0x00, 0x00, 0x00, 0x00, 0x00, 0x00, 0x00, 0x00, 0x00, 0x00,
    0x00, 0x00, 0x00, 0x00, 0x00, 0x00, 0x00, 0x00, 0x00, 0x00, 0x00, 0x00, 0x00, 0x00, 0x00, 0x00,
    0x20, 0x00, 0x20, 0x00, 0x20, 0x00, 0x81, 0x08, 0x81, 0x08, 0xa2, 0x10, 0x28, 0x42, 0x6e, 0x6b,
    0xcf, 0x73, 0x4d, 0x63, 0x28, 0x42, 0xe3, 0x10, 0x81, 0x08, 0x61, 0x08, 0x20, 0x00, 0x41, 0x00,
    0x20, 0x00, 0x00, 0x00, 0x00, 0x00, 0x00, 0x00, 0x00, 0x00, 0x00, 0x00, 0x00, 0x00, 0x00, 0x00,
    0x00, 0x00, 0x00, 0x00, 0x00, 0x00, 0x00, 0x00, 0x00, 0x00, 0x00, 0x00, 0x00, 0x00, 0x00, 0x00,
    0x20, 0x00, 0x20, 0x00, 0x20, 0x00, 0x81, 0x08, 0x81, 0x08, 0xa2, 0x10, 0x28, 0x42, 0x6e, 0x6b,
    0xcf, 0x73, 0x4d, 0x63, 0x28, 0x42, 0xe3, 0x10, 0x81, 0x08, 0x61, 0x08, 0x20, 0x00, 0x41, 0x00,
    0x20, 0x00, 0x00, 0x00, 0x00, 0x00, 0x00, 0x00, 0x00, 0x00, 0x00, 0x00, 0x00, 0x00, 0x00, 0x00,
    0x00, 0x00, 0x00, 0x00, 0x00, 0x00, 0x00, 0x00, 0x00, 0x00, 0x00, 0x00, 0x00, 0x00, 0x00, 0x00,
    0x20, 0x00, 0x20, 0x00, 0x20, 0x00, 0x81, 0x08, 0x81, 0x08, 0xa2, 0x10, 0x28, 0x42, 0x6e, 0x6b,
    0xcf, 0x73, 0x4d, 0x63, 0x28, 0x42, 0xe3, 0x10, 0x81, 0x08, 0x61, 0x08, 0x20, 0x00, 0x41, 0x00,
    0x20, 0x00, 0x00, 0x00, 0x00, 0x00, 0x00, 0x00, 0x00, 0x00, 0x00, 0x00, 0x00, 0x00, 0x00, 0x00,
    0x00, 0x00, 0x00, 0x00, 0x00, 0x00, 0x00, 0x00, 0x00, 0x00, 0x00, 0x00, 0x00, 0x00, 0x00, 0x00,
    0x20, 0x00, 0x20, 0x00, 0x20, 0x00, 0x81, 0x08, 0x81, 0x08, 0xa2, 0x10, 0x28, 0x42, 0x6e, 0x6b,
    0xcf, 0x73, 0x4d, 0x63, 0x28, 0x42, 0xe3, 0x10, 0x81, 0x08, 0x61, 0x08, 0x20, 0x00, 0x41, 0x00,
    0x20, 0x00, 0x00, 0x00, 0x00, 0x00, 0x00, 0x00, 0x00, 0x00, 0x00, 0x00, 0x00, 0x00, 0x00, 0x00,
    0x00, 0x00, 0x00, 0x00, 0x00, 0x00, 0x00, 0x00, 0x00, 0x00, 0x00, 0x00, 0x00, 0x00, 0x00, 0x00,
    0x20, 0x00, 0x20, 0x00, 0x20, 0x00, 0x81, 0x08, 0x81, 0x08, 0xa2, 0x10, 0x28, 0x42, 0x6e, 0x6b,
    0xcf, 0x73, 0x4d, 0x63, 0x28, 0x42, 0xe3, 0x10, 0x81, 0x08, 0x61, 0x08, 0x20, 0x00, 0x41, 0x00,
    0x20, 0x00, 0x00, 0x00, 0x00, 0x00, 0x00, 0x00, 0x00, 0x00, 0x00, 0x00, 0x00, 0x00, 0x00, 0x00,
    0x00, 0x00, 0x00, 0x00, 0x00, 0x00, 0x00, 0x00, 0x00, 0x00, 0x00, 0x00, 0x00, 0x00, 0x00, 0x00,
    0x20, 0x00, 0x20, 0x00, 0x20, 0x00, 0x81, 0x08, 0x81, 0x08, 0xa2, 0x10, 0x28, 0x42, 0x6e, 0x6b,
    0xcf, 0x73, 0x4d, 0x63, 0x28, 0x42, 0xe3, 0x10, 0x81, 0x08, 0x61, 0x08, 0x20, 0x00, 0x41, 0x00,
    0x20, 0x00, 0x00, 0x00, 0x00, 0x00, 0x00, 0x00, 0x00, 0x00, 0x00, 0x00, 0x00, 0x00, 0x00, 0x00,
    0x00, 0x00, 0x00, 0x00, 0x00, 0x00, 0x00, 0x00, 0x00, 0x00, 0x00, 0x00, 0x00, 0x00, 0x00, 0x00,
    0x20, 0x00, 0x20, 0x00, 0x20, 0x00, 0x81, 0x08, 0x81, 0x08, 0xa2, 0x10, 0x28, 0x42, 0x6e, 0x6b,
    0xcf, 0x73, 0x4d, 0x63, 0x28, 0x42, 0xe3, 0x10, 0x81, 0x08, 0x61, 0x08, 0x20, 0x00, 0x41, 0x00,
    0x20, 0x00, 0x00, 0x00, 0x00, 0x00, 0x00, 0x00, 0x00, 0x00, 0x00, 0x00, 0x00, 0x00, 0x00, 0x00,
    0x00, 0x00, 0x00, 0x00, 0x00, 0x00, 0x00, 0x00, 0x00, 0x00, 0x00, 0x00, 0x00, 0x00, 0x00, 0x00,
    0x20, 0x00, 0x20, 0x00, 0x20, 0x00, 0x81, 0x08, 0x81, 0x08, 0xa2, 0x10, 0x28, 0x42, 0x6e, 0x6b,
    0xcf, 0x73, 0x4d, 0x63, 0x28, 0x42, 0xe3, 0x10, 0x81, 0x08, 0x61, 0x08, 0x20, 0x00, 0x41, 0x00,
    0x20, 0x00, 0x00, 0x00, 0x00, 0x00, 0x00, 0x00, 0x00, 0x00, 0x00, 0x00, 0x00, 0x00, 0x00, 0x00,
    0x00, 0x00, 0x00, 0x00, 0x00, 0x00, 0x00, 0x00, 0x00, 0x00, 0x00, 0x00, 0x00, 0x00, 0x00, 0x00,
    0x20, 0x00, 0x20, 0x00, 0x20, 0x00, 0x81, 0x08, 0x81, 0x08, 0xa2, 0x10, 0x28, 0x42, 0x6e, 0x6b,
    0xcf, 0x73, 0x4d, 0x63, 0x28, 0x42, 0xe3, 0x10, 0x81, 0x08, 0x61, 0x08, 0x20, 0x00, 0x41, 0x00,
    0x20, 0x00, 0x00, 0x00, 0x00, 0x00, 0x00, 0x00, 0x00, 0x00, 0x00, 0x00, 0x00, 0x00, 0x00, 0x00,
    0x00, 0x00, 0x00, 0x00, 0x00, 0x00, 0x00, 0x00, 0x00, 0x00, 0x00, 0x00, 0x00, 0x00, 0x00, 0x00,
    0x20, 0x00, 0x20, 0x00, 0x20, 0x00, 0x81, 0x08, 0x81, 0x08, 0xa2, 0x10, 0x28, 0x42, 0x6e, 0x6b,
    0xcf, 0x73, 0x4d, 0x63, 0x28, 0x42, 0xe3, 0x10, 0x81, 0x08, 0x61, 0x08, 0x20, 0x00, 0x41, 0x00,
    0x20, 0x00, 0x00, 0x00, 0x00, 0x00, 0x00, 0x00, 0x00, 0x00, 0x00, 0x00, 0x00, 0x00, 0x00, 0x00,
    0x00, 0x00, 0x00, 0x00, 0x00, 0x00, 0x00, 0x00, 0x00, 0x00, 0x00, 0x00, 0x00, 0x00, 0x00, 0x00,
    0x20, 0x00, 0x20, 0x00, 0x20, 0x00, 0x81, 0x08, 0x81, 0x08, 0xa2, 0x10, 0x28, 0x42, 0x6e, 0x6b,
    0xcf, 0x73, 0x4d, 0x63, 0x28, 0x42, 0xe3, 0x10, 0x81, 0x08, 0x61, 0x08, 0x20, 0x00, 0x41, 0x00,
    0x20, 0x00, 0x00, 0x00, 0x00, 0x00, 0x00, 0x00, 0x00, 0x00, 0x00, 0x00, 0x00, 0x00, 0x00, 0x00,
    0x00, 0x00, 0x00, 0x00, 0x00, 0x00, 0x00, 0x00, 0x00, 0x00, 0x00, 0x00, 0x00, 0x00, 0x00, 0x00,
    0x20, 0x00, 0x20, 0x00, 0x20, 0x00, 0x81, 0x08, 0x81, 0x08, 0xa2, 0x10, 0x28, 0x42, 0x6e, 0x6b,
    0xcf, 0x73, 0x4d, 0x63, 0x28, 0x42, 0xe3, 0x10, 0x81, 0x08, 0x61, 0x08, 0x20, 0x00, 0x41, 0x00,
    0x20, 0x00, 0x00, 0x00, 0x00, 0x00, 0x00, 0x00, 0x00, 0x00, 0x00, 0x00, 0x00, 0x00, 0x00, 0x00,
    0x00, 0x00, 0x00, 0x00, 0x00, 0x00, 0x00, 0x00, 0x00, 0x00, 0x00, 0x00, 0x00, 0x00, 0x00, 0x00,
    0x20, 0x00, 0x20, 0x00, 0x20, 0x00, 0x81, 0x08, 0x81, 0x08, 0xa2, 0x10, 0x28, 0x42, 0x6e, 0x6b,
    0xcf, 0x73, 0x4d, 0x63, 0x28, 0x42, 0xe3, 0x10, 0x81, 0x08, 0x61, 0x08, 0x20, 0x00, 0x41, 0x00,
    0x20, 0x00, 0x00, 0x00, 0x00, 0x00, 0x00, 0x00, 0x00, 0x00, 0x00, 0x00, 0x00, 0x00, 0x00, 0x00,
    0x00, 0x00, 0x00, 0x00, 0x00, 0x00, 0x00, 0x00, 0x00, 0x00, 0x00, 0x00, 0x00, 0x00, 0x00, 0x00,
    0x20, 0x00, 0x20, 0x00, 0x20, 0x00, 0x81, 0x08, 0x81, 0x08, 0xa2, 0x10, 0x28, 0x42, 0x6e, 0x6b,
    0xcf, 0x73, 0x4d, 0x63, 0x28, 0x42, 0xe3, 0x10, 0x81, 0x08, 0x61, 0x08, 0x20, 0x00, 0x41, 0x00,
    0x20, 0x00, 0x00, 0x00, 0x00, 0x00, 0x00, 0x00, 0x00, 0x00, 0x00, 0x00, 0x00, 0x00, 0x00, 0x00,
    0x00, 0x00, 0x00, 0x00, 0x00, 0x00, 0x00, 0x00, 0x00, 0x00, 0x00, 0x00, 0x00, 0x00, 0x00, 0x00,
    0x20, 0x00, 0x20, 0x00, 0x20, 0x00, 0x81, 0x08, 0x81, 0x08, 0xa2, 0x10, 0x28, 0x42, 0x6e, 0x6b,
    0xcf, 0x73, 0x4d, 0x63, 0x28, 0x42, 0xe3, 0x10, 0x81, 0x08, 0x61, 0x08, 0x20, 0x00, 0x41, 0x00,
    0x20, 0x00, 0x00, 0x00, 0x00, 0x00, 0x00, 0x00, 0x00, 0x00, 0x00, 0x00, 0x00, 0x00, 0x00, 0x00,
    0x00, 0x00, 0x00, 0x00, 0x00, 0x00, 0x00, 0x00, 0x00, 0x00, 0x00, 0x00, 0x00, 0x00, 0x00, 0x00,
    0x20, 0x00, 0x20, 0x00, 0x20, 0x00, 0x81, 0x08, 0x81, 0x08, 0xa2, 0x10, 0x28, 0x42, 0x6e, 0x6b,
    0xcf, 0x73, 0x4d, 0x63, 0x28, 0x42, 0xe3, 0x10, 0x81, 0x08, 0x61, 0x08, 0x20, 0x00, 0x41, 0x00,
    0x20, 0x00, 0x00, 0x00, 0x00, 0x00, 0x00, 0x00, 0x00, 0x00, 0x00, 0x00, 0x00, 0x00, 0x00, 0x00,
    0x00, 0x00, 0x00, 0x00, 0x00, 0x00, 0x00, 0x00, 0x00, 0x00, 0x00, 0x00, 0x00, 0x00, 0x00, 0x00,
    0x20, 0x00, 0x20, 0x00, 0x20, 0x00, 0x81, 0x08, 0x81, 0x08, 0xa2, 0x10, 0x28, 0x42, 0x6e, 0x6b,
    0xcf, 0x73, 0x4d, 0x63, 0x28, 0x42, 0xe3, 0x10, 0x81, 0x08, 0x61, 0x08, 0x20, 0x00, 0x41, 0x00,
    0x20, 0x00, 0x00, 0x00, 0x00, 0x00, 0x00, 0x00, 0x00, 0x00, 0x00, 0x00, 0x00, 0x00, 0x00, 0x00,
    0x00, 0x00, 0x00, 0x00, 0x00, 0x00, 0x00, 0x00, 0x00, 0x00, 0x00, 0x00, 0x00, 0x00, 0x00, 0x00,
    0x20, 0x00, 0x20, 0x00, 0x20, 0x00, 0x81, 0x08, 0x81, 0x08, 0xa2, 0x10, 0x28, 0x42, 0x6e, 0x6b,
    0xcf, 0x73, 0x4d, 0x63, 0x28, 0x42, 0xe3, 0x10, 0x81, 0x08, 0x61, 0x08, 0x20, 0x00, 0x41, 0x00,
    0x20, 0x00, 0x00, 0x00, 0x00, 0x00, 0x00, 0x00, 0x00, 0x00, 0x00, 0x00, 0x00, 0x00, 0x00, 0x00,
    0x00, 0x00, 0x00, 0x00, 0x00, 0x00, 0x00, 0x00, 0x00, 0x00, 0x00, 0x00, 0x00, 0x00, 0x00, 0x00,
    0x20, 0x00, 0x20, 0x00, 0x20, 0x00, 0x81, 0x08, 0x81, 0x08, 0xa2, 0x10, 0x28, 0x42, 0x6e, 0x6b,
    0xcf, 0x73, 0x4d, 0x63, 0x28, 0x42, 0xe3, 0x10, 0x81, 0x08, 0x61, 0x08, 0x20, 0x00, 0x41, 0x00,
    0x20, 0x00, 0x00, 0x00, 0x00, 0x00, 0x00, 0x00, 0x00, 0x00, 0x00, 0x00, 0x00, 0x00, 0x00, 0x00,
    0x00, 0x00, 0x00, 0x00, 0x00, 0x00, 0x00, 0x00, 0x00, 0x00, 0x00, 0x00, 0x00, 0x00, 0x00, 0x00,
    0x20, 0x00, 0x20, 0x00, 0x20, 0x00, 0x81, 0x08, 0x81, 0x08, 0xa2, 0x10, 0x28, 0x42, 0x6e, 0x6b,
    0xcf, 0x73, 0x4d, 0x63, 0x28, 0x42, 0xe3, 0x10, 0x81, 0x08, 0x61, 0x08, 0x20, 0x00, 0x41, 0x00,
    0x20, 0x00, 0x00, 0x00, 0x00, 0x00, 0x00, 0x00, 0x00, 0x00, 0x00, 0x00, 0x00, 0x00, 0x00, 0x00,
    0x00, 0x00, 0x00, 0x00, 0x00, 0x00, 0x00, 0x00, 0x00, 0x00, 0x00, 0x00, 0x00, 0x00, 0x00, 0x00,
    0x20, 0x00, 0x20, 0x00, 0x20, 0x00, 0x81, 0x08, 0x81, 0x08, 0xa2, 0x10, 0x28, 0x42, 0x6e, 0x6b,
    0xcf, 0x73, 0x4d, 0x63, 0x28, 0x42, 0xe3, 0x10, 0x81, 0x08, 0x61, 0x08, 0x20, 0x00, 0x41, 0x00,
    0x20, 0x00, 0x00, 0x00, 0x00, 0x00, 0x00, 0x00, 0x00, 0x00, 0x00, 0x00, 0x00, 0x00, 0x00, 0x00,
    0x00, 0x00, 0x00, 0x00, 0x00, 0x00, 0x00, 0x00, 0x00, 0x00, 0x00, 0x00, 0x00, 0x00, 0x00, 0x00,
    0x20, 0x00, 0x20, 0x00, 0x20, 0x00, 0x81, 0x08, 0x81, 0x08, 0xa2, 0x10, 0x28, 0x42, 0x6e, 0x6b,
    0xcf, 0x73, 0x4d, 0x63, 0x28, 0x42, 0xe3, 0x10, 0x81, 0x08, 0x61, 0x08, 0x20, 0x00, 0x41, 0x00,
    0x20, 0x00, 0x00, 0x00, 0x00, 0x00, 0x00, 0x00, 0x00, 0x00, 0x00, 0x00, 0x00, 0x00, 0x00, 0x00,
    0x00, 0x00, 0x00, 0x00, 0x00, 0x00, 0x00, 0x00, 0x00, 0x00, 0x00, 0x00, 0x00, 0x00, 0x00, 0x00,
    0x20, 0x00, 0x20, 0x00, 0x20, 0x00, 0x81, 0x08, 0x81, 0x08, 0xa2, 0x10, 0x28, 0x42, 0x6e, 0x6b,
    0xcf, 0x73, 0x4d, 0x63, 0x28, 0x42, 0xe3, 0x10, 0x81, 0x08, 0x61, 0x08, 0x20, 0x00, 0x41, 0x00,
    0x20, 0x00, 0x00, 0x00, 0x00, 0x00, 0x00, 0x00, 0x00, 0x00, 0x00, 0x00, 0x00, 0x00, 0x00, 0x00,
    0x00, 0x00, 0x00, 0x00, 0x00, 0x00, 0x00, 0x00, 0x00, 0x00, 0x00, 0x00, 0x00, 0x00, 0x00, 0x00,
    0x20, 0x00, 0x20, 0x00, 0x20, 0x00, 0x81, 0x08, 0x81, 0x08, 0xa2, 0x10, 0x28, 0x42, 0x6e, 0x6b,
    0xcf, 0x73, 0x4d, 0x63, 0x28, 0x42, 0xe3, 0x10, 0x81, 0x08, 0x61, 0x08, 0x20, 0x00, 0x41, 0x00,
    0x20, 0x00, 0x00, 0x00, 0x00, 0x00, 0x00, 0x00, 0x00, 0x00, 0x00, 0x00, 0x00, 0x00, 0x00, 0x00,
    0x00, 0x00, 0x00, 0x00, 0x00, 0x00, 0x00, 0x00, 0x00, 0x00, 0x00, 0x00, 0x00, 0x00, 0x00, 0x00,
    0x20, 0x00, 0x20, 0x00, 0x20, 0x00, 0x81, 0x08, 0x81, 0x08, 0xa2, 0x10, 0x28, 0x42, 0x6e, 0x6b,
    0xcf, 0x73, 0x4d, 0x63, 0x28, 0x42, 0xe3, 0x10, 0x81, 0x08, 0x61, 0x08, 0x20, 0x00, 0x41, 0x00,
    0x20, 0x00, 0x00, 0x00, 0x00, 0x00, 0x00, 0x00, 0x00, 0x00, 0x00, 0x00, 0x00, 0x00, 0x00, 0x00,
    0x00, 0x00, 0x00, 0x00, 0x00, 0x00, 0x00, 0x00, 0x00, 0x00, 0x00, 0x00, 0x00, 0x00, 0x00, 0x00,
    0x20, 0x00, 0x20, 0x00, 0x20, 0x00, 0x81, 0x08, 0x81, 0x08, 0xa2, 0x10, 0x28, 0x42, 0x6e, 0x6b,
    0xcf, 0x73, 0x4d, 0x63, 0x28, 0x42, 0xe3, 0x10, 0x81, 0x08, 0x61, 0x08, 0x20, 0x00, 0x41, 0x00,
    0x20, 0x00, 0x00, 0x00, 0x00, 0x00, 0x00, 0x00, 0x00, 0x00, 0x00, 0x00, 0x00, 0x00, 0x00, 0x00,
    0x00, 0x00, 0x00, 0x00, 0x00, 0x00, 0x00, 0x00, 0x00, 0x00, 0x00, 0x00, 0x00, 0x00, 0x00, 0x00,
    0x20, 0x00, 0x20, 0x00, 0x20, 0x00, 0x81, 0x08, 0x81, 0x08, 0xa2, 0x10, 0x28, 0x42, 0x6e, 0x6b,
    0xcf, 0x73, 0x4d, 0x63, 0x28, 0x42, 0xe3, 0x10, 0x81, 0x08, 0x61, 0x08, 0x20, 0x00, 0x41, 0x00,
    0x20, 0x00, 0x00, 0x00, 0x00, 0x00, 0x00, 0x00, 0x00, 0x00, 0x00, 0x00, 0x00, 0x00, 0x00, 0x00,
    0x00, 0x00, 0x00, 0x00, 0x00, 0x00, 0x00, 0x00, 0x00, 0x00, 0x00, 0x00, 0x00, 0x00, 0x00, 0x00,
    0x20, 0x00, 0x20, 0x00, 0x20, 0x00, 0x81, 0x08, 0x81, 0x08, 0xa2, 0x10, 0x28, 0x42, 0x6e, 0x6b,
    0xcf, 0x73, 0x4d, 0x63, 0x28, 0x42, 0xe3, 0x10, 0x81, 0x08, 0x61, 0x08, 0x20, 0x00, 0x41, 0x00,
    0x20, 0x00, 0x00, 0x00, 0x00, 0x00, 0x00, 0x00, 0x00, 0x00, 0x00, 0x00, 0x00, 0x00, 0x00, 0x00,
    0x00, 0x00, 0x00, 0x00, 0x00, 0x00, 0x00, 0x00, 0x00, 0x00, 0x00, 0x00, 0x00, 0x00, 0x00, 0x00,
    0x20, 0x00, 0x20, 0x00, 0x20, 0x00, 0x81, 0x08, 0x81, 0x08, 0xa2, 0x10, 0x28, 0x42, 0x6e, 0x6b,
    0xcf, 0x73, 0x4d, 0x63, 0x28, 0x42, 0xe3, 0x10, 0x81, 0x08, 0x61, 0x08, 0x20, 0x00, 0x41, 0x00,
    0x20, 0x00, 0x00, 0x00, 0x00, 0x00, 0x00, 0x00, 0x00, 0x00, 0x00, 0x00, 0x00, 0x00, 0x00, 0x00,
    0x00, 0x00, 0x00, 0x00, 0x00, 0x00, 0x00, 0x00, 0x00, 0x00, 0x00, 0x00, 0x00, 0x00, 0x00, 0x00,
    0x20, 0x00, 0x20, 0x00, 0x20, 0x00, 0x81, 0x08, 0x81, 0x08, 0xa2, 0x10, 0x28, 0x42, 0x6e, 0x6b,
    0xcf, 0x73, 0x4d, 0x63, 0x28, 0x42, 0xe3, 0x10, 0x81, 0x08, 0x61, 0x08, 0x20, 0x00, 0x41, 0x00,
    0x20, 0x00, 0x00, 0x00, 0x00, 0x00, 0x00, 0x00, 0x00, 0x00, 0x00, 0x00, 0x00, 0x00, 0x00, 0x00,
    0x00, 0x00, 0x00, 0x00, 0x00, 0x00, 0x00, 0x00, 0x00, 0x00, 0x00, 0x00, 0x00, 0x00, 0x00, 0x00,
    0x20, 0x00, 0x20, 0x00, 0x20, 0x00, 0x81, 0x08, 0x81, 0x08, 0xa2, 0x10, 0x28, 0x42, 0x6e, 0x6b,
    0xcf, 0x73, 0x4d, 0x63, 0x28, 0x42, 0xe3, 0x10, 0x81, 0x08, 0x61, 0x08, 0x20, 0x00, 0x41, 0x00,
    0x20, 0x00, 0x00, 0x00, 0x00, 0x00, 0x00, 0x00, 0x00, 0x00, 0x00, 0x00, 0x00, 0x00, 0x00, 0x00,
    0x00, 0x00, 0x00, 0x00, 0x00, 0x00, 0x00, 0x00, 0x00, 0x00, 0x00, 0x00, 0x00, 0x00, 0x00, 0x00,
    0x61, 0x08, 0x61, 0x08, 0xa2, 0x10, 0x92, 0x8c, 0x5e, 0xef, 0x9f, 0xef, 0x9e, 0xef, 0x9e, 0xef,
    0x9f, 0xef, 0x9f, 0xef, 0x9e, 0xef, 0x7e, 0xef, 0x3d, 0xe7, 0x92, 0x8c, 0xa2, 0x10, 0x41, 0x08,
    0x61, 0x08, 0x20, 0x00, 0x00, 0x00, 0x00, 0x00, 0x00, 0x00, 0x00, 0x00, 0x00, 0x00, 0x00, 0x00,
    0x00, 0x00, 0x00, 0x00, 0x00, 0x00, 0x00, 0x00, 0x00, 0x00, 0x00, 0x00, 0x00, 0x00, 0x00, 0x00,
    0x61, 0x08, 0x61, 0x08, 0xa2, 0x10, 0x92, 0x8c, 0x5e, 0xef, 0x9f, 0xef, 0x9e, 0xef, 0x9e, 0xef,
    0x9f, 0xef, 0x9f, 0xef, 0x9e, 0xef, 0x7e, 0xef, 0x3d, 0xe7, 0x92, 0x8c, 0xa2, 0x10, 0x41, 0x08,
    0x61, 0x08, 0x20, 0x00, 0x00, 0x00, 0x00, 0x00, 0x00, 0x00, 0x00, 0x00, 0x00, 0x00, 0x00, 0x00,
    0x00, 0x00, 0x00, 0x00, 0x00, 0x00, 0x00, 0x00, 0x00, 0x00, 0x00, 0x00, 0x00, 0x00, 0x00, 0x00,
    0x61, 0x08, 0x61, 0x08, 0xa2, 0x10, 0x92, 0x8c, 0x5e, 0xef, 0x9f, 0xef, 0x9e, 0xef, 0x9e, 0xef,
    0x9f, 0xef, 0x9f, 0xef, 0x9e, 0xef, 0x7e, 0xef, 0x3d, 0xe7, 0x92, 0x8c, 0xa2, 0x10, 0x41, 0x08,
    0x61, 0x08, 0x20, 0x00, 0x00, 0x00, 0x00, 0x00, 0x00, 0x00, 0x00, 0x00, 0x00, 0x00, 0x00, 0x00,
    0x00, 0x00, 0x00, 0x00, 0x00, 0x00, 0x00, 0x00, 0x00, 0x00, 0x00, 0x00, 0x00, 0x00, 0x00, 0x00,
    0x61, 0x08, 0x61, 0x08, 0xa2, 0x10, 0x92, 0x8c, 0x5e, 0xef, 0x9f, 0xef, 0x9e, 0xef, 0x9e, 0xef,
    0x9f, 0xef, 0x9f, 0xef, 0x9e, 0xef, 0x7e, 0xef, 0x3d, 0xe7, 0x92, 0x8c, 0xa2, 0x10, 0x41, 0x08,
    0x61, 0x08, 0x20, 0x00, 0x00, 0x00, 0x00, 0x00, 0x00, 0x00, 0x00, 0x00, 0x00, 0x00, 0x00, 0x00,
    0x00, 0x00, 0x00, 0x00, 0x00, 0x00, 0x00, 0x00, 0x00, 0x00, 0x00, 0x00, 0x00, 0x00, 0x00, 0x00,
    0x61, 0x08, 0x61, 0x08, 0xa2, 0x10, 0x92, 0x8c, 0x5e, 0xef, 0x9f, 0xef, 0x9e, 0xef, 0x9e, 0xef,
    0x9f, 0xef, 0x9f, 0xef, 0x9e, 0xef, 0x7e, 0xef, 0x3d, 0xe7, 0x92, 0x8c, 0xa2, 0x10, 0x41, 0x08,
    0x61, 0x08, 0x20, 0x00, 0x00, 0x00, 0x00, 0x00, 0x00, 0x00, 0x00, 0x00, 0x00, 0x00, 0x00, 0x00,
    0x00, 0x00, 0x00, 0x00, 0x00, 0x00, 0x00, 0x00, 0x00, 0x00, 0x00, 0x00, 0x00, 0x00, 0x00, 0x00,
    0x61, 0x08, 0x61, 0x08, 0xa2, 0x10, 0x92, 0x8c, 0x5e, 0xef, 0x9f, 0xef, 0x9e, 0xef, 0x9e, 0xef,
    0x9f, 0xef, 0x9f, 0xef, 0x9e, 0xef, 0x7e, 0xef, 0x3d, 0xe7, 0x92, 0x8c, 0xa2, 0x10, 0x41, 0x08,
    0x61, 0x08, 0x20, 0x00, 0x00, 0x00, 0x00, 0x00, 0x00, 0x00, 0x00, 0x00, 0x00, 0x00, 0x00, 0x00,
    0x00, 0x00, 0x00, 0x00, 0x00, 0x00, 0x00, 0x00, 0x00, 0x00, 0x00, 0x00, 0x00, 0x00, 0x00, 0x00,
    0x61, 0x08, 0x61, 0x08, 0xa2, 0x10, 0x92, 0x8c, 0x5e, 0xef, 0x9f, 0xef, 0x9e, 0xef, 0x9e, 0xef,
    0x9f, 0xef, 0x9f, 0xef, 0x9e, 0xef, 0x7e, 0xef, 0x3d, 0xe7, 0x92, 0x8c, 0xa2, 0x10, 0x41, 0x08,
    0x61, 0x08, 0x20, 0x00, 0x00, 0x00, 0x00, 0x00, 0x00, 0x00, 0x00, 0x00, 0x00, 0x00, 0x00, 0x00,
    0x00, 0x00, 0x00, 0x00, 0x00, 0x00, 0x00, 0x00, 0x00, 0x00, 0x00, 0x00, 0x00, 0x00, 0x00, 0x00,
    0x61, 0x08, 0x61, 0x08, 0xa2, 0x10, 0x92, 0x8c, 0x5e, 0xef, 0x9f, 0xef, 0x9e, 0xef, 0x9e, 0xef,
    0x9f, 0xef, 0x9f, 0xef, 0x9e, 0xef, 0x7e, 0xef, 0x3d, 0xe7, 0x92, 0x8c, 0xa2, 0x10, 0x41, 0x08,
    0x61, 0x08, 0x20, 0x00, 0x00, 0x00, 0x00, 0x00, 0x00, 0x00, 0x00, 0x00, 0x00, 0x00, 0x00, 0x00,
    0x00, 0x00, 0x00, 0x00, 0x00, 0x00, 0x00, 0x00, 0x00, 0x00, 0x00, 0x00, 0x00, 0x00, 0x00, 0x00,
    0x61, 0x08, 0x61, 0x08, 0xa2, 0x10, 0x92, 0x8c, 0x5e, 0xef, 0x9f, 0xef, 0x9e, 0xef, 0x9e, 0xef,
    0x9f, 0xef, 0x9f, 0xef, 0x9e, 0xef, 0x7e, 0xef, 0x3d, 0xe7, 0x92, 0x8c, 0xa2, 0x10, 0x41, 0x08,
    0x61, 0x08, 0x20, 0x00, 0x00, 0x00, 0x00, 0x00, 0x00, 0x00, 0x00, 0x00, 0x00, 0x00, 0x00, 0x00,
    0x00, 0x00, 0x00, 0x00, 0x00, 0x00, 0x00, 0x00, 0x00, 0x00, 0x00, 0x00, 0x00, 0x00, 0x00, 0x00,
    0x61, 0x08, 0x61, 0x08, 0xa2, 0x10, 0x92, 0x8c, 0x5e, 0xef, 0x9f, 0xef, 0x9e, 0xef, 0x9e, 0xef,
    0x9f, 0xef, 0x9f, 0xef, 0x9e, 0xef, 0x7e, 0xef, 0x3d, 0xe7, 0x92, 0x8c, 0xa2, 0x10, 0x41, 0x08,
    0x61, 0x08, 0x20, 0x00, 0x00, 0x00, 0x00, 0x00, 0x00, 0x00, 0x00, 0x00, 0x00, 0x00, 0x00, 0x00,
    0x00, 0x00, 0x00, 0x00, 0x00, 0x00, 0x00, 0x00, 0x00, 0x00, 0x00, 0x00, 0x00, 0x00, 0x00, 0x00,
    0x61, 0x08, 0x61, 0x08, 0xa2, 0x10, 0x92, 0x8c, 0x5e, 0xef, 0x9f, 0xef, 0x9e, 0xef, 0x9e, 0xef,
    0x9f, 0xef, 0x9f, 0xef, 0x9e, 0xef, 0x7e, 0xef, 0x3d, 0xe7, 0x92, 0x8c, 0xa2, 0x10, 0x41, 0x08,
    0x61, 0x08, 0x20, 0x00, 0x00, 0x00, 0x00, 0x00, 0x00, 0x00, 0x00, 0x00, 0x00, 0x00, 0x00, 0x00,
    0x00, 0x00, 0x00, 0x00, 0x00, 0x00, 0x00, 0x00, 0x00, 0x00, 0x00, 0x00, 0x00, 0x00, 0x00, 0x00,
    0x61, 0x08, 0x61, 0x08, 0xa2, 0x10, 0x92, 0x8c, 0x5e, 0xef, 0x9f, 0xef, 0x9e, 0xef, 0x9e, 0xef,
    0x9f, 0xef, 0x9f, 0xef, 0x9e, 0xef, 0x7e, 0xef, 0x3d, 0xe7, 0x92, 0x8c, 0xa2, 0x10, 0x41, 0x08,
    0x61, 0x08, 0x20, 0x00, 0x00, 0x00, 0x00, 0x00, 0x00, 0x00, 0x00, 0x00, 0x00, 0x00, 0x00, 0x00,
    0x00, 0x00, 0x00, 0x00, 0x00, 0x00, 0x00, 0x00, 0x00, 0x00, 0x00, 0x00, 0x00, 0x00, 0x00, 0x00,
    0x61, 0x08, 0x61, 0x08, 0xa2, 0x10, 0x92, 0x8c, 0x5e, 0xef, 0x9f, 0xef, 0x9e, 0xef, 0x9e, 0xef,
    0x9f, 0xef, 0x9f, 0xef, 0x9e, 0xef, 0x7e, 0xef, 0x3d, 0xe7, 0x92, 0x8c, 0xa2, 0x10, 0x41, 0x08,
    0x61, 0x08, 0x20, 0x00, 0x00, 0x00, 0x00, 0x00, 0x00, 0x00, 0x00, 0x00, 0x00, 0x00, 0x00, 0x00,
    0x00, 0x00, 0x00, 0x00, 0x00, 0x00, 0x00, 0x00, 0x00, 0x00, 0x00, 0x00, 0x00, 0x00, 0x00, 0x00,
    0x61, 0x08, 0x61, 0x08, 0xa2, 0x10, 0x92, 0x8c, 0x5e, 0xef, 0x9f, 0xef, 0x9e, 0xef, 0x9e, 0xef,
    0x9f, 0xef, 0x9f, 0xef, 0x9e, 0xef, 0x7e, 0xef, 0x3d, 0xe7, 0x92, 0x8c, 0xa2, 0x10, 0x41, 0x08,
    0x61, 0x08, 0x20, 0x00, 0x00, 0x00, 0x00, 0x00, 0x00, 0x00, 0x00, 0x00, 0x00, 0x00, 0x00, 0x00,
    0x00, 0x00, 0x00, 0x00, 0x00, 0x00, 0x00, 0x00, 0x00, 0x00, 0x00, 0x00, 0x00, 0x00, 0x00, 0x00,
    0x61, 0x08, 0x61, 0x08, 0xa2, 0x10, 0x92, 0x8c, 0x5e, 0xef, 0x9f, 0xef, 0x9e, 0xef, 0x9e, 0xef,
    0x9f, 0xef, 0x9f, 0xef, 0x9e, 0xef, 0x7e, 0xef, 0x3d, 0xe7, 0x92, 0x8c, 0xa2, 0x10, 0x41, 0x08,
    0x61, 0x08, 0x20, 0x00, 0x00, 0x00, 0x00, 0x00, 0x00, 0x00, 0x00, 0x00, 0x00, 0x00, 0x00, 0x00,
    0x00, 0x00, 0x00, 0x00, 0x00, 0x00, 0x00, 0x00, 0x00, 0x00, 0x00, 0x00, 0x00, 0x00, 0x00, 0x00,
    0x61, 0x08, 0x61, 0x08, 0xa2, 0x10, 0x92, 0x8c, 0x5e, 0xef, 0x9f, 0xef, 0x9e, 0xef, 0x9e, 0xef,
    0x9f, 0xef, 0x9f, 0xef, 0x9e, 0xef, 0x7e, 0xef, 0x3d, 0xe7, 0x92, 0x8c, 0xa2, 0x10, 0x41, 0x08,
    0x61, 0x08, 0x20, 0x00, 0x00, 0x00, 0x00, 0x00, 0x00, 0x00, 0x00, 0x00, 0x00, 0x00, 0x00, 0x00,
    0x00, 0x00, 0x00, 0x00, 0x00, 0x00, 0x00, 0x00, 0x00, 0x00, 0x00, 0x00, 0x00, 0x00, 0x00, 0x00,
    0x61, 0x08, 0x61, 0x08, 0xa2, 0x10, 0x92, 0x8c, 0x5e, 0xef, 0x9f, 0xef, 0x9e, 0xef, 0x9e, 0xef,
    0x9f, 0xef, 0x9f, 0xef, 0x9e, 0xef, 0x7e, 0xef, 0x3d, 0xe7, 0x92, 0x8c, 0xa2, 0x10, 0x41, 0x08,
    0x61, 0x08, 0x20, 0x00, 0x00, 0x00, 0x00, 0x00, 0x00, 0x00, 0x00, 0x00, 0x00, 0x00, 0x00, 0x00,
    0x00, 0x00, 0x00, 0x00, 0x00, 0x00, 0x00, 0x00, 0x00, 0x00, 0x00, 0x00, 0x00, 0x00, 0x00, 0x00,
    0x61, 0x08, 0x61, 0x08, 0xa2, 0x10, 0x92, 0x8c, 0x5e, 0xef, 0x9f, 0xef, 0x9e, 0xef, 0x9e, 0xef,
    0x9f, 0xef, 0x9f, 0xef, 0x9e, 0xef, 0x7e, 0xef, 0x3d, 0xe7, 0x92, 0x8c, 0xa2, 0x10, 0x41, 0x08,
    0x61, 0x08, 0x20, 0x00, 0x00, 0x00, 0x00, 0x00, 0x00, 0x00, 0x00, 0x00, 0x00, 0x00, 0x00, 0x00,
    0x00, 0x00, 0x00, 0x00, 0x00, 0x00, 0x00, 0x00, 0x00, 0x00, 0x00, 0x00, 0x00, 0x00, 0x00, 0x00,
    0x61, 0x08, 0x61, 0x08, 0xa2, 0x10, 0x92, 0x8c, 0x5e, 0xef, 0x9f, 0xef, 0x9e, 0xef, 0x9e, 0xef,
    0x9f, 0xef, 0x9f, 0xef, 0x9e, 0xef, 0x7e, 0xef, 0x3d, 0xe7, 0x92, 0x8c, 0xa2, 0x10, 0x41, 0x08,
    0x61, 0x08, 0x20, 0x00, 0x00, 0x00, 0x00, 0x00, 0x00, 0x00, 0x00, 0x00, 0x00, 0x00, 0x00, 0x00,
    0x00, 0x00, 0x00, 0x00, 0x00, 0x00, 0x00, 0x00, 0x00, 0x00, 0x00, 0x00, 0x00, 0x00, 0x00, 0x00,
    0x61, 0x08, 0x61, 0x08, 0xa2, 0x10, 0x92, 0x8c, 0x5e, 0xef, 0x9f, 0xef, 0x9e, 0xef, 0x9e, 0xef,
    0x9f, 0xef, 0x9f, 0xef, 0x9e, 0xef, 0x7e, 0xef, 0x3d, 0xe7, 0x92, 0x8c, 0xa2, 0x10, 0x41, 0x08,
    0x61, 0x08, 0x20, 0x00, 0x00, 0x00, 0x00, 0x00, 0x00, 0x00, 0x00, 0x00, 0x00, 0x00, 0x00, 0x00,
    0x00, 0x00, 0x00, 0x00, 0x00, 0x00, 0x00, 0x00, 0x00, 0x00, 0x00, 0x00, 0x00, 0x00, 0x00, 0x00,
    0x61, 0x08, 0x61, 0x08, 0xa2, 0x10, 0x92, 0x8c, 0x5e, 0xef, 0x9f, 0xef, 0x9e, 0xef, 0x9e, 0xef,
    0x9f, 0xef, 0x9f, 0xef, 0x9e, 0xef, 0x7e, 0xef, 0x3d, 0xe7, 0x92, 0x8c, 0xa2, 0x10, 0x41, 0x08,
    0x61, 0x08, 0x20, 0x00, 0x00, 0x00, 0x00, 0x00, 0x00, 0x00, 0x00, 0x00, 0x00, 0x00, 0x00, 0x00,
    0x00, 0x00, 0x00, 0x00, 0x00, 0x00, 0x00, 0x00, 0x00, 0x00, 0x00, 0x00, 0x00, 0x00, 0x00, 0x00,
    0x61, 0x08, 0x61, 0x08, 0xa2, 0x10, 0x92, 0x8c, 0x5e, 0xef, 0x9f, 0xef, 0x9e, 0xef, 0x9e, 0xef,
    0x9f, 0xef, 0x9f, 0xef, 0x9e, 0xef, 0x7e, 0xef, 0x3d, 0xe7, 0x92, 0x8c, 0xa2, 0x10, 0x41, 0x08,
    0x61, 0x08, 0x20, 0x00, 0x00, 0x00, 0x00, 0x00, 0x00, 0x00, 0x00, 0x00, 0x00, 0x00, 0x00, 0x00,
    0x00, 0x00, 0x00, 0x00, 0x00, 0x00, 0x00, 0x00, 0x00, 0x00, 0x00, 0x00, 0x00, 0x00, 0x00, 0x00,
    0x61, 0x08, 0x61, 0x08, 0xa2, 0x10, 0x92, 0x8c, 0x5e, 0xef, 0x9f, 0xef, 0x9e, 0xef, 0x9e, 0xef,
    0x9f, 0xef, 0x9f, 0xef, 0x9e, 0xef, 0x7e, 0xef, 0x3d, 0xe7, 0x92, 0x8c, 0xa2, 0x10, 0x41, 0x08,
    0x61, 0x08, 0x20, 0x00, 0x00, 0x00, 0x00, 0x00, 0x00, 0x00, 0x00, 0x00, 0x00, 0x00, 0x00, 0x00,
    0x00, 0x00, 0x00, 0x00, 0x00, 0x00, 0x00, 0x00, 0x00, 0x00, 0x00, 0x00, 0x00, 0x00, 0x00, 0x00,
    0x61, 0x08, 0x61, 0x08, 0xa2, 0x10, 0x92, 0x8c, 0x5e, 0xef, 0x9f, 0xef, 0x9e, 0xef, 0x9e, 0xef,
    0x9f, 0xef, 0x9f, 0xef, 0x9e, 0xef, 0x7e, 0xef, 0x3d, 0xe7, 0x92, 0x8c, 0xa2, 0x10, 0x41, 0x08,
    0x61, 0x08, 0x20, 0x00, 0x00, 0x00, 0x00, 0x00, 0x00, 0x00, 0x00, 0x00, 0x00, 0x00, 0x00, 0x00,
    0x00, 0x00, 0x00, 0x00, 0x00, 0x00, 0x00, 0x00, 0x00, 0x00, 0x00, 0x00, 0x00, 0x00, 0x00, 0x00,
    0x61, 0x08, 0x61, 0x08, 0xa2, 0x10, 0x92, 0x8c, 0x5e, 0xef, 0x9f, 0xef, 0x9e, 0xef, 0x9e, 0xef,
    0x9f, 0xef, 0x9f, 0xef, 0x9e, 0xef, 0x7e, 0xef, 0x3d, 0xe7, 0x92, 0x8c, 0xa2, 0x10, 0x41, 0x08,
    0x61, 0x08, 0x20, 0x00, 0x00, 0x00, 0x00, 0x00, 0x00, 0x00, 0x00, 0x00, 0x00, 0x00, 0x00, 0x00,
    0x00, 0x00, 0x00, 0x00, 0x00, 0x00, 0x00, 0x00, 0x00, 0x00, 0x00, 0x00, 0x00, 0x00, 0x00, 0x00,
    0x61, 0x08, 0x61, 0x08, 0xa2, 0x10, 0x92, 0x8c, 0x5e, 0xef, 0x9f, 0xef, 0x9e, 0xef, 0x9e, 0xef,
    0x9f, 0xef, 0x9f, 0xef, 0x9e, 0xef, 0x7e, 0xef, 0x3d, 0xe7, 0x92, 0x8c, 0xa2, 0x10, 0x41, 0x08,
    0x61, 0x08, 0x20, 0x00, 0x00, 0x00, 0x00, 0x00, 0x00, 0x00, 0x00, 0x00, 0x00, 0x00, 0x00, 0x00,
    0x00, 0x00, 0x00, 0x00, 0x00, 0x00, 0x00, 0x00, 0x00, 0x00, 0x00, 0x00, 0x00, 0x00, 0x00, 0x00,
    0x61, 0x08, 0x61, 0x08, 0xa2, 0x10, 0x92, 0x8c, 0x5e, 0xef, 0x9f, 0xef, 0x9e, 0xef, 0x9e, 0xef,
    0x9f, 0xef, 0x9f, 0xef, 0x9e, 0xef, 0x7e, 0xef, 0x3d, 0xe7, 0x92, 0x8c, 0xa2, 0x10, 0x41, 0x08,
    0x61, 0x08, 0x20, 0x00, 0x00, 0x00, 0x00, 0x00, 0x00, 0x00, 0x00, 0x00, 0x00, 0x00, 0x00, 0x00,
    0x00, 0x00, 0x00, 0x00, 0x00, 0x00, 0x00, 0x00, 0x00, 0x00, 0x00, 0x00, 0x00, 0x00, 0x00, 0x00,
    0x61, 0x08, 0x61, 0x08, 0xa2, 0x10, 0x92, 0x8c, 0x5e, 0xef, 0x9f, 0xef, 0x9e, 0xef, 0x9e, 0xef,
    0x9f, 0xef, 0x9f, 0xef, 0x9e, 0xef, 0x7e, 0xef, 0x3d, 0xe7, 0x92, 0x8c, 0xa2, 0x10, 0x41, 0x08,
    0x61, 0x08, 0x20, 0x00, 0x00, 0x00, 0x00, 0x00, 0x00, 0x00, 0x00, 0x00, 0x00, 0x00, 0x00, 0x00,
    0x00, 0x00, 0x00, 0x00, 0x00, 0x00, 0x00, 0x00, 0x00, 0x00, 0x00, 0x00, 0x00, 0x00, 0x00, 0x00,
    0x61, 0x08, 0x61, 0x08, 0xa2, 0x10, 0x92, 0x8c, 0x5e, 0xef, 0x9f, 0xef, 0x9e, 0xef, 0x9e, 0xef,
    0x9f, 0xef, 0x9f, 0xef, 0x9e, 0xef, 0x7e, 0xef, 0x3d, 0xe7, 0x92, 0x8c, 0xa2, 0x10, 0x41, 0x08,
    0x61, 0x08, 0x20, 0x00, 0x00, 0x00, 0x00, 0x00, 0x00, 0x00, 0x00, 0x00, 0x00, 0x00, 0x00, 0x00,
    0x00, 0x00, 0x00, 0x00, 0x00, 0x00, 0x00, 0x00, 0x00, 0x00, 0x00, 0x00, 0x00, 0x00, 0x00, 0x00,
    0x61, 0x08, 0x61, 0x08, 0xa2, 0x10, 0x92, 0x8c, 0x5e, 0xef, 0x9f, 0xef, 0x9e, 0xef, 0x9e, 0xef,
    0x9f, 0xef, 0x9f, 0xef, 0x9e, 0xef, 0x7e, 0xef, 0x3d, 0xe7, 0x92, 0x8c, 0xa2, 0x10, 0x41, 0x08,
    0x61, 0x08, 0x20, 0x00, 0x00, 0x00, 0x00, 0x00, 0x00, 0x00, 0x00, 0x00, 0x00, 0x00, 0x00, 0x00,
    0x00, 0x00, 0x00, 0x00, 0x00, 0x00, 0x00, 0x00, 0x00, 0x00, 0x00, 0x00, 0x00, 0x00, 0x00, 0x00,
    0x61, 0x08, 0x61, 0x08, 0xa2, 0x10, 0x92, 0x8c, 0x5e, 0xef, 0x9f, 0xef, 0x9e, 0xef, 0x9e, 0xef,
    0x9f, 0xef, 0x9f, 0xef, 0x9e, 0xef, 0x7e, 0xef, 0x3d, 0xe7, 0x92, 0x8c, 0xa2, 0x10, 0x41, 0x08,
    0x61, 0x08, 0x20, 0x00, 0x00, 0x00, 0x00, 0x00, 0x00, 0x00, 0x00, 0x00, 0x00, 0x00, 0x00, 0x00,
    0x00, 0x00, 0x00, 0x00, 0x00, 0x00, 0x00, 0x00, 0x00, 0x00, 0x00, 0x00, 0x00, 0x00, 0x00, 0x00,
    0x61, 0x08, 0x61, 0x08, 0xa2, 0x10, 0x92, 0x8c, 0x5e, 0xef, 0x9f, 0xef, 0x9e, 0xef, 0x9e, 0xef,
    0x9f, 0xef, 0x9f, 0xef, 0x9e, 0xef, 0x7e, 0xef, 0x3d, 0xe7, 0x92, 0x8c, 0xa2, 0x10, 0x41, 0x08,
    0x61, 0x08, 0x20, 0x00, 0x00, 0x00, 0x00, 0x00, 0x00, 0x00, 0x00, 0x00, 0x00, 0x00, 0x00, 0x00,
    0x00, 0x00, 0x00, 0x00, 0x00, 0x00, 0x00, 0x00, 0x00, 0x00, 0x00, 0x00, 0x00, 0x00, 0x00, 0x00,
    0x61, 0x08, 0x61, 0x08, 0xa2, 0x10, 0x92, 0x8c, 0x5e, 0xef, 0x9f, 0xef, 0x9e, 0xef, 0x9e, 0xef,
    0x9f, 0xef, 0x9f, 0xef, 0x9e, 0xef, 0x7e, 0xef, 0x3d, 0xe7, 0x92, 0x8c, 0xa2, 0x10, 0x41, 0x08,
    0x61, 0x08, 0x20, 0x00, 0x00, 0x00, 0x00, 0x00, 0x00, 0x00, 0x00, 0x00, 0x00, 0x00, 0x00, 0x00,
    0x00, 0x00, 0x00, 0x00, 0x00, 0x00, 0x00, 0x00, 0x00, 0x00, 0x00, 0x00, 0x00, 0x00, 0x00, 0x00,
    0x61, 0x08, 0x61, 0x08, 0xa2, 0x10, 0x92, 0x8c, 0x5e, 0xef, 0x9f, 0xef, 0x9e, 0xef, 0x9e, 0xef,
    0x9f, 0xef, 0x9f, 0xef, 0x9e, 0xef, 0x7e, 0xef, 0x3d, 0xe7, 0x92, 0x8c, 0xa2, 0x10, 0x41, 0x08,
    0x61, 0x08, 0x20, 0x00, 0x00, 0x00, 0x00, 0x00, 0x00, 0x00, 0x00, 0x00, 0x00, 0x00, 0x00, 0x00,
    0x00, 0x00, 0x00, 0x00, 0x00, 0x00, 0x00, 0x00, 0x00, 0x00, 0x00, 0x00, 0x00, 0x00, 0x00, 0x00,
    0x61, 0x08, 0x61, 0x08, 0xa2, 0x10, 0x92, 0x8c, 0x5e, 0xef, 0x9f, 0xef, 0x9e, 0xef, 0x9e, 0xef,
    0x9f, 0xef, 0x9f, 0xef, 0x9e, 0xef, 0x7e, 0xef, 0x3d, 0xe7, 0x92, 0x8c, 0xa2, 0x10, 0x41, 0x08,
    0x61, 0x08, 0x20, 0x00, 0x00, 0x00, 0x00, 0x00, 0x00, 0x00, 0x00, 0x00, 0x00, 0x00, 0x00, 0x00,
    0x00, 0x00, 0x00, 0x00, 0x00, 0x00, 0x00, 0x00, 0x00, 0x00, 0x00, 0x00, 0x00, 0x00, 0x00, 0x00,
    0x61, 0x08, 0x61, 0x08, 0xa2, 0x10, 0x92, 0x8c, 0x5e, 0xef, 0x9f, 0xef, 0x9e, 0xef, 0x9e, 0xef,
    0x9f, 0xef, 0x9f, 0xef, 0x9e, 0xef, 0x7e, 0xef, 0x3d, 0xe7, 0x92, 0x8c, 0xa2, 0x10, 0x41, 0x08,
    0x61, 0x08, 0x20, 0x00, 0x00, 0x00, 0x00, 0x00, 0x00, 0x00, 0x00, 0x00, 0x00, 0x00, 0x00, 0x00,
    0x00, 0x00, 0x00, 0x00, 0x00, 0x00, 0x00, 0x00, 0x00, 0x00, 0x00, 0x00, 0x00, 0x00, 0x00, 0x00,
    0x61, 0x08, 0x61, 0x08, 0xa2, 0x10, 0x92, 0x8c, 0x5e, 0xef, 0x9f, 0xef, 0x9e, 0xef, 0x9e, 0xef,
    0x9f, 0xef, 0x9f, 0xef, 0x9e, 0xef, 0x7e, 0xef, 0x3d, 0xe7, 0x92, 0x8c, 0xa2, 0x10, 0x41, 0x08,
    0x61, 0x08, 0x20, 0x00, 0x00, 0x00, 0x00, 0x00, 0x00, 0x00, 0x00, 0x00, 0x00, 0x00, 0x00, 0x00,
    0x00, 0x00, 0x00, 0x00, 0x00, 0x00, 0x00, 0x00, 0x00, 0x00, 0x00, 0x00, 0x00, 0x00, 0x00, 0x00,
    0x61, 0x08, 0x61, 0x08, 0xa2, 0x10, 0x92, 0x8c, 0x5e, 0xef, 0x9f, 0xef, 0x9e, 0xef, 0x9e, 0xef,
    0x9f, 0xef, 0x9f, 0xef, 0x9e, 0xef, 0x7e, 0xef, 0x3d, 0xe7, 0x92, 0x8c, 0xa2, 0x10, 0x41, 0x08,
    0x61, 0x08, 0x20, 0x00, 0x00, 0x00, 0x00, 0x00, 0x00, 0x00, 0x00, 0x00, 0x00, 0x00, 0x00, 0x00,
    0x00, 0x00, 0x00, 0x00, 0x00, 0x00, 0x00, 0x00, 0x00, 0x00, 0x00, 0x00, 0x00, 0x00, 0x00, 0x00,
    0x61, 0x08, 0x61, 0x08, 0xa2, 0x10, 0x92, 0x8c, 0x5e, 0xef, 0x9f, 0xef, 0x9e, 0xef, 0x9e, 0xef,
    0x9f, 0xef, 0x9f, 0xef, 0x9e, 0xef, 0x7e, 0xef, 0x3d, 0xe7, 0x92, 0x8c, 0xa2, 0x10, 0x41, 0x08,
    0x61, 0x08, 0x20, 0x00, 0x00, 0x00, 0x00, 0x00, 0x00, 0x00, 0x00, 0x00, 0x00, 0x00, 0x00, 0x00,
    0x00, 0x00, 0x00, 0x00, 0x00, 0x00, 0x00, 0x00, 0x00, 0x00, 0x00, 0x00, 0x00, 0x00, 0x00, 0x00,
    0x61, 0x08, 0x61, 0x08, 0xa2, 0x10, 0x92, 0x8c, 0x5e, 0xef, 0x9f, 0xef, 0x9e, 0xef, 0x9e, 0xef,
    0x9f, 0xef, 0x9f, 0xef, 0x9e, 0xef, 0x7e, 0xef, 0x3d, 0xe7, 0x92, 0x8c, 0xa2, 0x10, 0x41, 0x08,
    0x61, 0x08, 0x20, 0x00, 0x00, 0x00, 0x00, 0x00, 0x00, 0x00, 0x00, 0x00, 0x00, 0x00, 0x00, 0x00,
    0x00, 0x00, 0x00, 0x00, 0x00, 0x00, 0x00, 0x00, 0x00, 0x00, 0x00, 0x00, 0x00, 0x00, 0x00, 0x00,
    0x61, 0x08, 0x61, 0x08, 0xa2, 0x10, 0x92, 0x8c, 0x5e, 0xef, 0x9f, 0xef, 0x9e, 0xef, 0x9e, 0xef,
    0x9f, 0xef, 0x9f, 0xef, 0x9e, 0xef, 0x7e, 0xef, 0x3d, 0xe7, 0x92, 0x8c, 0xa2, 0x10, 0x41, 0x08,
    0x61, 0x08, 0x20, 0x00, 0x00, 0x00, 0x00, 0x00, 0x00, 0x00, 0x00, 0x00, 0x00, 0x00, 0x00, 0x00,
    0x00, 0x00, 0x00, 0x00, 0x00, 0x00, 0x00, 0x00, 0x00, 0x00, 0x00, 0x00, 0x00, 0x00, 0x00, 0x00,
    0x61, 0x08, 0x61, 0x08, 0xa2, 0x10, 0x92, 0x8c, 0x5e, 0xef, 0x9f, 0xef, 0x9e, 0xef, 0x9e, 0xef,
    0x9f, 0xef, 0x9f, 0xef, 0x9e, 0xef, 0x7e, 0xef, 0x3d, 0xe7, 0x92, 0x8c, 0xa2, 0x10, 0x41, 0x08,
    0x61, 0x08, 0x20, 0x00, 0x00, 0x00, 0x00, 0x00, 0x00, 0x00, 0x00, 0x00, 0x00, 0x00, 0x00, 0x00,
    0x00, 0x00, 0x00, 0x00, 0x00, 0x00, 0x00, 0x00, 0x00, 0x00, 0x00, 0x00, 0x00, 0x00, 0x00, 0x00,
    0x61, 0x08, 0x61, 0x08, 0xa2, 0x10, 0x92, 0x8c, 0x5e, 0xef, 0x9f, 0xef, 0x9e, 0xef, 0x9e, 0xef,
    0x9f, 0xef, 0x9f, 0xef, 0x9e, 0xef, 0x7e, 0xef, 0x3d, 0xe7, 0x92, 0x8c, 0xa2, 0x10, 0x41, 0x08,
    0x61, 0x08, 0x20, 0x00, 0x00, 0x00, 0x00, 0x00, 0x00, 0x00, 0x00, 0x00, 0x00, 0x00, 0x00, 0x00,
    0x00, 0x00, 0x00, 0x00, 0x00, 0x00, 0x00, 0x00, 0x00, 0x00, 0x00, 0x00, 0x00, 0x00, 0x00, 0x00,
    0x61, 0x08, 0x61, 0x08, 0xa2, 0x10, 0x92, 0x8c, 0x5e, 0xef, 0x9f, 0xef, 0x9e, 0xef, 0x9e, 0xef,
    0x9f, 0xef, 0x9f, 0xef, 0x9e, 0xef, 0x7e, 0xef, 0x3d, 0xe7, 0x92, 0x8c, 0xa2, 0x10, 0x41, 0x08,
    0x61, 0x08, 0x20, 0x00, 0x00, 0x00, 0x00, 0x00, 0x00, 0x00, 0x00, 0x00, 0x00, 0x00, 0x00, 0x00,
    0x00, 0x00, 0x00, 0x00, 0x00, 0x00, 0x00, 0x00, 0x00, 0x00, 0x00, 0x00, 0x00, 0x00, 0x00, 0x00,
    0x61, 0x08, 0x61, 0x08, 0xa2, 0x10, 0x92, 0x8c, 0x5e, 0xef, 0x9f, 0xef, 0x9e, 0xef, 0x9e, 0xef,
    0x9f, 0xef, 0x9f, 0xef, 0x9e, 0xef, 0x7e, 0xef, 0x3d, 0xe7, 0x92, 0x8c, 0xa2, 0x10, 0x41, 0x08,
    0x61, 0x08, 0x20, 0x00, 0x00, 0x00, 0x00, 0x00, 0x00, 0x00, 0x00, 0x00, 0x00, 0x00, 0x00, 0x00,
    0x00, 0x00, 0x00, 0x00, 0x00, 0x00, 0x00, 0x00, 0x00, 0x00, 0x00, 0x00, 0x00, 0x00, 0x00, 0x00,
    0x61, 0x08, 0x61, 0x08, 0xa2, 0x10, 0x92, 0x8c, 0x5e, 0xef, 0x9f, 0xef, 0x9e, 0xef, 0x9e, 0xef,
    0x9f, 0xef, 0x9f, 0xef, 0x9e, 0xef, 0x7e, 0xef, 0x3d, 0xe7, 0x92, 0x8c, 0xa2, 0x10, 0x41, 0x08,
    0x61, 0x08, 0x20, 0x00, 0x00, 0x00, 0x00, 0x00, 0x00, 0x00, 0x00, 0x00, 0x00, 0x00, 0x00, 0x00,
    0x00, 0x00, 0x00, 0x00, 0x00, 0x00, 0x00, 0x00, 0x00, 0x00, 0x00, 0x00, 0x00, 0x00, 0x00, 0x00,
    0x61, 0x08, 0x61, 0x08, 0xa2, 0x10, 0x92, 0x8c, 0x5e, 0xef, 0x9f, 0xef, 0x9e, 0xef, 0x9e, 0xef,
    0x9f, 0xef, 0x9f, 0xef, 0x9e, 0xef, 0x7e, 0xef, 0x3d, 0xe7, 0x92, 0x8c, 0xa2, 0x10, 0x41, 0x08,
    0x61, 0x08, 0x20, 0x00, 0x00, 0x00, 0x00, 0x00, 0x00, 0x00, 0x00, 0x00, 0x00, 0x00, 0x00, 0x00,
    0x00, 0x00, 0x00, 0x00, 0x00, 0x00, 0x00, 0x00, 0x00, 0x00, 0x00, 0x00, 0x00, 0x00, 0x00, 0x00,
    0x61, 0x08, 0x61, 0x08, 0xa2, 0x10, 0x92, 0x8c, 0x5e, 0xef, 0x9f, 0xef, 0x9e, 0xef, 0x9e, 0xef,
    0x9f, 0xef, 0x9f, 0xef, 0x9e, 0xef, 0x7e, 0xef, 0x3d, 0xe7, 0x92, 0x8c, 0xa2, 0x10, 0x41, 0x08,
    0x61, 0x08, 0x20, 0x00, 0x00, 0x00, 0x00, 0x00, 0x00, 0x00, 0x00, 0x00, 0x00, 0x00, 0x00, 0x00,
    0x00, 0x00, 0x00, 0x00, 0x00, 0x00, 0x00, 0x00, 0x00, 0x00, 0x00, 0x00, 0x00, 0x00, 0x00, 0x00,
    0x61, 0x08, 0x61, 0x08, 0xa2, 0x10, 0x92, 0x8c, 0x5e, 0xef, 0x9f, 0xef, 0x9e, 0xef, 0x9e, 0xef,
    0x9f, 0xef, 0x9f, 0xef, 0x9e, 0xef, 0x7e, 0xef, 0x3d, 0xe7, 0x92, 0x8c, 0xa2, 0x10, 0x41, 0x08,
    0x61, 0x08, 0x20, 0x00, 0x00, 0x00, 0x00, 0x00, 0x00, 0x00, 0x00, 0x00, 0x00, 0x00, 0x00, 0x00,
    0x00, 0x00, 0x00, 0x00, 0x00, 0x00, 0x00, 0x00, 0x00, 0x00, 0x00, 0x00, 0x00, 0x00, 0x00, 0x00,
    0x61, 0x08, 0x61, 0x08, 0xa2, 0x10, 0x92, 0x8c, 0x5e, 0xef, 0x9f, 0xef, 0x9e, 0xef, 0x9e, 0xef,
    0x9f, 0xef, 0x9f, 0xef, 0x9e, 0xef, 0x7e, 0xef, 0x3d, 0xe7, 0x92, 0x8c, 0xa2, 0x10, 0x41, 0x08,
    0x61, 0x08, 0x20, 0x00, 0x00, 0x00, 0x00, 0x00, 0x00, 0x00, 0x00, 0x00, 0x00, 0x00, 0x00, 0x00,
    0x00, 0x00, 0x00, 0x00, 0x00, 0x00, 0x00, 0x00, 0x00, 0x00, 0x20, 0x00, 0x20, 0x00, 0x61, 0x08,
    0x20, 0x00, 0x14, 0x9d, 0x9f, 0xef, 0x9f, 0xef, 0x9e, 0xef, 0xbf, 0xf7, 0xbf, 0xf7, 0x9f, 0xf7,
    0x9e, 0xef, 0xbf, 0xf7, 0x9f, 0xef, 0x9e, 0xef, 0x7e, 0xef, 0x7e, 0xef, 0x7e, 0xef, 0xd3, 0x94,
    0x20, 0x00, 0x61, 0x08, 0x20, 0x00, 0x00, 0x00, 0x00, 0x00, 0x00, 0x00, 0x00, 0x00, 0x00, 0x00,
    0x00, 0x00, 0x00, 0x00, 0x00, 0x00, 0x00, 0x00, 0x00, 0x00, 0x20, 0x00, 0x20, 0x00, 0x61, 0x08,
    0x20, 0x00, 0x14, 0x9d, 0x9f, 0xef, 0x9f, 0xef, 0x9e, 0xef, 0xbf, 0xf7, 0xbf, 0xf7, 0x9f, 0xf7,
    0x9e, 0xef, 0xbf, 0xf7, 0x9f, 0xef, 0x9e, 0xef, 0x7e, 0xef, 0x7e, 0xef, 0x7e, 0xef, 0xd3, 0x94,
    0x20, 0x00, 0x61, 0x08, 0x20, 0x00, 0x00, 0x00, 0x00, 0x00, 0x00, 0x00, 0x00, 0x00, 0x00, 0x00,
    0x00, 0x00, 0x00, 0x00, 0x00, 0x00, 0x00, 0x00, 0x00, 0x00, 0x20, 0x00, 0x20, 0x00, 0x61, 0x08,
    0x20, 0x00, 0x14, 0x9d, 0x9f, 0xef, 0x9f, 0xef, 0x9e, 0xef, 0xbf, 0xf7, 0xbf, 0xf7, 0x9f, 0xf7,
    0x9e, 0xef, 0xbf, 0xf7, 0x9f, 0xef, 0x9e, 0xef, 0x7e, 0xef, 0x7e, 0xef, 0x7e, 0xef, 0xd3, 0x94,
    0x20, 0x00, 0x61, 0x08, 0x20, 0x00, 0x00, 0x00, 0x00, 0x00, 0x00, 0x00, 0x00, 0x00, 0x00, 0x00,
    0x00, 0x00, 0x00, 0x00, 0x00, 0x00, 0x00, 0x00, 0x00, 0x00, 0x20, 0x00, 0x20, 0x00, 0x61, 0x08,
    0x20, 0x00, 0x14, 0x9d, 0x9f, 0xef, 0x9f, 0xef, 0x9e, 0xef, 0xbf, 0xf7, 0xbf, 0xf7, 0x9f, 0xf7,
    0x9e, 0xef, 0xbf, 0xf7, 0x9f, 0xef, 0x9e, 0xef, 0x7e, 0xef, 0x7e, 0xef, 0x7e, 0xef, 0xd3, 0x94,
    0x20, 0x00, 0x61, 0x08, 0x20, 0x00, 0x00, 0x00, 0x00, 0x00, 0x00, 0x00, 0x00, 0x00, 0x00, 0x00,
    0x00, 0x00, 0x00, 0x00, 0x00, 0x00, 0x00, 0x00, 0x00, 0x00, 0x20, 0x00, 0x20, 0x00, 0x61, 0x08,
    0x20, 0x00, 0x14, 0x9d, 0x9f, 0xef, 0x9f, 0xef, 0x9e, 0xef, 0xbf, 0xf7, 0xbf, 0xf7, 0x9f, 0xf7,
    0x9e, 0xef, 0xbf, 0xf7, 0x9f, 0xef, 0x9e, 0xef, 0x7e, 0xef, 0x7e, 0xef, 0x7e, 0xef, 0xd3, 0x94,
    0x20, 0x00, 0x61, 0x08, 0x20, 0x00, 0x00, 0x00, 0x00, 0x00, 0x00, 0x00, 0x00, 0x00, 0x00, 0x00,
    0x00, 0x00, 0x00, 0x00, 0x00, 0x00, 0x00, 0x00, 0x00, 0x00, 0x20, 0x00, 0x20, 0x00, 0x61, 0x08,
    0x20, 0x00, 0x14, 0x9d, 0x9f, 0xef, 0x9f, 0xef, 0x9e, 0xef, 0xbf, 0xf7, 0xbf, 0xf7, 0x9f, 0xf7,
    0x9e, 0xef, 0xbf, 0xf7, 0x9f, 0xef, 0x9e, 0xef, 0x7e, 0xef, 0x7e, 0xef, 0x7e, 0xef, 0xd3, 0x94,
    0x20, 0x00, 0x61, 0x08, 0x20, 0x00, 0x00, 0x00, 0x00, 0x00, 0x00, 0x00, 0x00, 0x00, 0x00, 0x00,
    0x00, 0x00, 0x00, 0x00, 0x00, 0x00, 0x00, 0x00, 0x00, 0x00, 0x20, 0x00, 0x20, 0x00, 0x61, 0x08,
    0x20, 0x00, 0x14, 0x9d, 0x9f, 0xef, 0x9f, 0xef, 0x9e, 0xef, 0xbf, 0xf7, 0xbf, 0xf7, 0x9f, 0xf7,
    0x9e, 0xef, 0xbf, 0xf7, 0x9f, 0xef, 0x9e, 0xef, 0x7e, 0xef, 0x7e, 0xef, 0x7e, 0xef, 0xd3, 0x94,
    0x20, 0x00, 0x61, 0x08, 0x20, 0x00, 0x00, 0x00, 0x00, 0x00, 0x00, 0x00, 0x00, 0x00, 0x00, 0x00,
    0x00, 0x00, 0x00, 0x00, 0x00, 0x00, 0x00, 0x00, 0x00, 0x00, 0x20, 0x00, 0x20, 0x00, 0x61, 0x08,
    0x20, 0x00, 0x14, 0x9d, 0x9f, 0xef, 0x9f, 0xef, 0x9e, 0xef, 0xbf, 0xf7, 0xbf, 0xf7, 0x9f, 0xf7,
    0x9e, 0xef, 0xbf, 0xf7, 0x9f, 0xef, 0x9e, 0xef, 0x7e, 0xef, 0x7e, 0xef, 0x7e, 0xef, 0xd3, 0x94,
    0x20, 0x00, 0x61, 0x08, 0x20, 0x00, 0x00, 0x00, 0x00, 0x00, 0x00, 0x00, 0x00, 0x00, 0x00, 0x00,
    0x00, 0x00, 0x00, 0x00, 0x00, 0x00, 0x00, 0x00, 0x00, 0x00, 0x20, 0x00, 0x20, 0x00, 0x61, 0x08,
    0x20, 0x00, 0x14, 0x9d, 0x9f, 0xef, 0x9f, 0xef, 0x9e, 0xef, 0xbf, 0xf7, 0xbf, 0xf7, 0x9f, 0xf7,
    0x9e, 0xef, 0xbf, 0xf7, 0x9f, 0xef, 0x9e, 0xef, 0x7e, 0xef, 0x7e, 0xef, 0x7e, 0xef, 0xd3, 0x94,
    0x20, 0x00, 0x61, 0x08, 0x20, 0x00, 0x00, 0x00, 0x00, 0x00, 0x00, 0x00, 0x00, 0x00, 0x00, 0x00,
    0x00, 0x00, 0x00, 0x00, 0x00, 0x00, 0x00, 0x00, 0x00, 0x00, 0x20, 0x00, 0x20, 0x00, 0x61, 0x08,
    0x20, 0x00, 0x14, 0x9d, 0x9f, 0xef, 0x9f, 0xef, 0x9e, 0xef, 0xbf, 0xf7, 0xbf, 0xf7, 0x9f, 0xf7,
    0x9e, 0xef, 0xbf, 0xf7, 0x9f, 0xef, 0x9e, 0xef, 0x7e, 0xef, 0x7e, 0xef, 0x7e, 0xef, 0xd3, 0x94,
    0x20, 0x00, 0x61, 0x08, 0x20, 0x00, 0x00, 0x00, 0x00, 0x00, 0x00, 0x00, 0x00, 0x00, 0x00, 0x00,
    0x00, 0x00, 0x00, 0x00, 0x00, 0x00, 0x00, 0x00, 0x00, 0x00, 0x20, 0x00, 0x20, 0x00, 0x61, 0x08,
    0x20, 0x00, 0x14, 0x9d, 0x9f, 0xef, 0x9f, 0xef, 0x9e, 0xef, 0xbf, 0xf7, 0xbf, 0xf7, 0x9f, 0xf7,
    0x9e, 0xef, 0xbf, 0xf7, 0x9f, 0xef, 0x9e, 0xef, 0x7e, 0xef, 0x7e, 0xef, 0x7e, 0xef, 0xd3, 0x94,
    0x20, 0x00, 0x61, 0x08, 0x20, 0x00, 0x00, 0x00, 0x00, 0x00, 0x00, 0x00, 0x00, 0x00, 0x00, 0x00,
    0x00, 0x00, 0x00, 0x00, 0x00, 0x00, 0x00, 0x00, 0x00, 0x00, 0x20, 0x00, 0x20, 0x00, 0x61, 0x08,
    0x20, 0x00, 0x14, 0x9d, 0x9f, 0xef, 0x9f, 0xef, 0x9e, 0xef, 0xbf, 0xf7, 0xbf, 0xf7, 0x9f, 0xf7,
    0x9e, 0xef, 0xbf, 0xf7, 0x9f, 0xef, 0x9e, 0xef, 0x7e, 0xef, 0x7e, 0xef, 0x7e, 0xef, 0xd3, 0x94,
    0x20, 0x00, 0x61, 0x08, 0x20, 0x00, 0x00, 0x00, 0x00, 0x00, 0x00, 0x00, 0x00, 0x00, 0x00, 0x00,
    0x00, 0x00, 0x00, 0x00, 0x00, 0x00, 0x00, 0x00, 0x00, 0x00, 0x20, 0x00, 0x20, 0x00, 0x61, 0x08,
    0x20, 0x00, 0x14, 0x9d, 0x9f, 0xef, 0x9f, 0xef, 0x9e, 0xef, 0xbf, 0xf7, 0xbf, 0xf7, 0x9f, 0xf7,
    0x9e, 0xef, 0xbf, 0xf7, 0x9f, 0xef, 0x9e, 0xef, 0x7e, 0xef, 0x7e, 0xef, 0x7e, 0xef, 0xd3, 0x94,
    0x20, 0x00, 0x61, 0x08, 0x20, 0x00, 0x00, 0x00, 0x00, 0x00, 0x00, 0x00, 0x00, 0x00, 0x00, 0x00,
    0x00, 0x00, 0x00, 0x00, 0x00, 0x00, 0x00, 0x00, 0x00, 0x00, 0x20, 0x00, 0x20, 0x00, 0x61, 0x08,
    0x20, 0x00, 0x14, 0x9d, 0x9f, 0xef, 0x9f, 0xef, 0x9e, 0xef, 0xbf, 0xf7, 0xbf, 0xf7, 0x9f, 0xf7,
    0x9e, 0xef, 0xbf, 0xf7, 0x9f, 0xef, 0x9e, 0xef, 0x7e, 0xef, 0x7e, 0xef, 0x7e, 0xef, 0xd3, 0x94,
    0x20, 0x00, 0x61, 0x08, 0x20, 0x00, 0x00, 0x00, 0x00, 0x00, 0x00, 0x00, 0x00, 0x00, 0x00, 0x00,
    0x00, 0x00, 0x00, 0x00, 0x00, 0x00, 0x00, 0x00, 0x00, 0x00, 0x20, 0x00, 0x20, 0x00, 0x61, 0x08,
    0x20, 0x00, 0x14, 0x9d, 0x9f, 0xef, 0x9f, 0xef, 0x9e, 0xef, 0xbf, 0xf7, 0xbf, 0xf7, 0x9f, 0xf7,
    0x9e, 0xef, 0xbf, 0xf7, 0x9f, 0xef, 0x9e, 0xef, 0x7e, 0xef, 0x7e, 0xef, 0x7e, 0xef, 0xd3, 0x94,
    0x20, 0x00, 0x61, 0x08, 0x20, 0x00, 0x00, 0x00, 0x00, 0x00, 0x00, 0x00, 0x00, 0x00, 0x00, 0x00,
    0x00, 0x00, 0x00, 0x00, 0x00, 0x00, 0x00, 0x00, 0x00, 0x00, 0x20, 0x00, 0x20, 0x00, 0x61, 0x08,
    0x20, 0x00, 0x14, 0x9d, 0x9f, 0xef, 0x9f, 0xef, 0x9e, 0xef, 0xbf, 0xf7, 0xbf, 0xf7, 0x9f, 0xf7,
    0x9e, 0xef, 0xbf, 0xf7, 0x9f, 0xef, 0x9e, 0xef, 0x7e, 0xef, 0x7e, 0xef, 0x7e, 0xef, 0xd3, 0x94,
    0x20, 0x00, 0x61, 0x08, 0x20, 0x00, 0x00, 0x00, 0x00, 0x00, 0x00, 0x00, 0x00, 0x00, 0x00, 0x00,
    0x00, 0x00, 0x00, 0x00, 0x00, 0x00, 0x00, 0x00, 0x00, 0x00, 0x20, 0x00, 0x20, 0x00, 0x61, 0x08,
    0x20, 0x00, 0x14, 0x9d, 0x9f, 0xef, 0x9f, 0xef, 0x9e, 0xef, 0xbf, 0xf7, 0xbf, 0xf7, 0x9f, 0xf7,
    0x9e, 0xef, 0xbf, 0xf7, 0x9f, 0xef, 0x9e, 0xef, 0x7e, 0xef, 0x7e, 0xef, 0x7e, 0xef, 0xd3, 0x94,
    0x20, 0x00, 0x61, 0x08, 0x20, 0x00, 0x00, 0x00, 0x00, 0x00, 0x00, 0x00, 0x00, 0x00, 0x00, 0x00,
    0x00, 0x00, 0x00, 0x00, 0x00, 0x00, 0x00, 0x00, 0x00, 0x00, 0x20, 0x00, 0x20, 0x00, 0x61, 0x08,
    0x20, 0x00, 0x14, 0x9d, 0x9f, 0xef, 0x9f, 0xef, 0x9e, 0xef, 0xbf, 0xf7, 0xbf, 0xf7, 0x9f, 0xf7,
    0x9e, 0xef, 0xbf, 0xf7, 0x9f, 0xef, 0x9e, 0xef, 0x7e, 0xef, 0x7e, 0xef, 0x7e, 0xef, 0xd3, 0x94,
    0x20, 0x00, 0x61, 0x08, 0x20, 0x00, 0x00, 0x00, 0x00, 0x00, 0x00, 0x00, 0x00, 0x00, 0x00, 0x00,
    0x00, 0x00, 0x00, 0x00, 0x00, 0x00, 0x00, 0x00, 0x00, 0x00, 0x20, 0x00, 0x20, 0x00, 0x61, 0x08,
    0x20, 0x00, 0x14, 0x9d, 0x9f, 0xef, 0x9f, 0xef, 0x9e, 0xef, 0xbf, 0xf7, 0xbf, 0xf7, 0x9f, 0xf7,
    0x9e, 0xef, 0xbf, 0xf7, 0x9f, 0xef, 0x9e, 0xef, 0x7e, 0xef, 0x7e, 0xef, 0x7e, 0xef, 0xd3, 0x94,
    0x20, 0x00, 0x61, 0x08, 0x20, 0x00, 0x00, 0x00, 0x00, 0x00, 0x00, 0x00, 0x00, 0x00, 0x00, 0x00,
    0x00, 0x00, 0x00, 0x00, 0x00, 0x00, 0x00, 0x00, 0x00, 0x00, 0x20, 0x00, 0x20, 0x00, 0x61, 0x08,
    0x20, 0x00, 0x14, 0x9d, 0x9f, 0xef, 0x9f, 0xef, 0x9e, 0xef, 0xbf, 0xf7, 0xbf, 0xf7, 0x9f, 0xf7,
    0x9e, 0xef, 0xbf, 0xf7, 0x9f, 0xef, 0x9e, 0xef, 0x7e, 0xef, 0x7e, 0xef, 0x7e, 0xef, 0xd3, 0x94,
    0x20, 0x00, 0x61, 0x08, 0x20, 0x00, 0x00, 0x00, 0x00, 0x00, 0x00, 0x00, 0x00, 0x00, 0x00, 0x00,
    0x00, 0x00, 0x00, 0x00, 0x00, 0x00, 0x00, 0x00, 0x00, 0x00, 0x20, 0x00, 0x20, 0x00, 0x61, 0x08,
    0x20, 0x00, 0x14, 0x9d, 0x9f, 0xef, 0x9f, 0xef, 0x9e, 0xef, 0xbf, 0xf7, 0xbf, 0xf7, 0x9f, 0xf7,
    0x9e, 0xef, 0xbf, 0xf7, 0x9f, 0xef, 0x9e, 0xef, 0x7e, 0xef, 0x7e, 0xef, 0x7e, 0xef, 0xd3, 0x94,
    0x20, 0x00, 0x61, 0x08, 0x20, 0x00, 0x00, 0x00, 0x00, 0x00, 0x00, 0x00, 0x00, 0x00, 0x00, 0x00,
    0x00, 0x00, 0x00, 0x00, 0x00, 0x00, 0x00, 0x00, 0x00, 0x00, 0x20, 0x00, 0x20, 0x00, 0x61, 0x08,
    0x20, 0x00, 0x14, 0x9d, 0x9f, 0xef, 0x9f, 0xef, 0x9e, 0xef, 0xbf, 0xf7, 0xbf, 0xf7, 0x9f, 0xf7,
    0x9e, 0xef, 0xbf, 0xf7, 0x9f, 0xef, 0x9e, 0xef, 0x7e, 0xef, 0x7e, 0xef, 0x7e, 0xef, 0xd3, 0x94,
    0x20, 0x00, 0x61, 0x08, 0x20, 0x00, 0x00, 0x00, 0x00, 0x00, 0x00, 0x00, 0x00, 0x00, 0x00, 0x00,
    0x00, 0x00, 0x00, 0x00, 0x00, 0x00, 0x00, 0x00, 0x00, 0x00, 0x20, 0x00, 0x20, 0x00, 0x61, 0x08,
    0x20, 0x00, 0x14, 0x9d, 0x9f, 0xef, 0x9f, 0xef, 0x9e, 0xef, 0xbf, 0xf7, 0xbf, 0xf7, 0x9f, 0xf7,
    0x9e, 0xef, 0xbf, 0xf7, 0x9f, 0xef, 0x9e, 0xef, 0x7e, 0xef, 0x7e, 0xef, 0x7e, 0xef, 0xd3, 0x94,
    0x20, 0x00, 0x61, 0x08, 0x20, 0x00, 0x00, 0x00, 0x00, 0x00, 0x00, 0x00, 0x00, 0x00, 0x00, 0x00,
    0x00, 0x00, 0x00, 0x00, 0x00, 0x00, 0x00, 0x00, 0x00, 0x00, 0x20, 0x00, 0x20, 0x00, 0x61, 0x08,
    0x20, 0x00, 0x14, 0x9d, 0x9f, 0xef, 0x9f, 0xef, 0x9e, 0xef, 0xbf, 0xf7, 0xbf, 0xf7, 0x9f, 0xf7,
    0x9e, 0xef, 0xbf, 0xf7, 0x9f, 0xef, 0x9e, 0xef, 0x7e, 0xef, 0x7e, 0xef, 0x7e, 0xef, 0xd3, 0x94,
    0x20, 0x00, 0x61, 0x08, 0x20, 0x00, 0x00, 0x00, 0x00, 0x00, 0x00, 0x00, 0x00, 0x00, 0x00, 0x00,
    0x00, 0x00, 0x00, 0x00, 0x00, 0x00, 0x00, 0x00, 0x00, 0x00, 0x20, 0x00, 0x20, 0x00, 0x61, 0x08,
    0x20, 0x00, 0x14, 0x9d, 0x9f, 0xef, 0x9f, 0xef, 0x9e, 0xef, 0xbf, 0xf7, 0xbf, 0xf7, 0x9f, 0xf7,
    0x9e, 0xef, 0xbf, 0xf7, 0x9f, 0xef, 0x9e, 0xef, 0x7e, 0xef, 0x7e, 0xef, 0x7e, 0xef, 0xd3, 0x94,
    0x20, 0x00, 0x61, 0x08, 0x20, 0x00, 0x00, 0x00, 0x00, 0x00, 0x00, 0x00, 0x00, 0x00, 0x00, 0x00,
    0x00, 0x00, 0x00, 0x00, 0x00, 0x00, 0x00, 0x00, 0x00, 0x00, 0x20, 0x00, 0x20, 0x00, 0x61, 0x08,
    0x20, 0x00, 0x14, 0x9d, 0x9f, 0xef, 0x9f, 0xef, 0x9e, 0xef, 0xbf, 0xf7, 0xbf, 0xf7, 0x9f, 0xf7,
    0x9e, 0xef, 0xbf, 0xf7, 0x9f, 0xef, 0x9e, 0xef, 0x7e, 0xef, 0x7e, 0xef, 0x7e, 0xef, 0xd3, 0x94,
    0x20, 0x00, 0x61, 0x08, 0x20, 0x00, 0x00, 0x00, 0x00, 0x00, 0x00, 0x00, 0x00, 0x00, 0x00, 0x00,
    0x00, 0x00, 0x00, 0x00, 0x00, 0x00, 0x00, 0x00, 0x00, 0x00, 0x20, 0x00, 0x20, 0x00, 0x61, 0x08,
    0x20, 0x00, 0x14, 0x9d, 0x9f, 0xef, 0x9f, 0xef, 0x9e, 0xef, 0xbf, 0xf7, 0xbf, 0xf7, 0x9f, 0xf7,
    0x9e, 0xef, 0xbf, 0xf7, 0x9f, 0xef, 0x9e, 0xef, 0x7e, 0xef, 0x7e, 0xef, 0x7e, 0xef, 0xd3, 0x94,
    0x20, 0x00, 0x61, 0x08, 0x20, 0x00, 0x00, 0x00, 0x00, 0x00, 0x00, 0x00, 0x00, 0x00, 0x00, 0x00,
    0x00, 0x00, 0x00, 0x00, 0x00, 0x00, 0x00, 0x00, 0x00, 0x00, 0x20, 0x00, 0x20, 0x00, 0x61, 0x08,
    0x20, 0x00, 0x14, 0x9d, 0x9f, 0xef, 0x9f, 0xef, 0x9e, 0xef, 0xbf, 0xf7, 0xbf, 0xf7, 0x9f, 0xf7,
    0x9e, 0xef, 0xbf, 0xf7, 0x9f, 0xef, 0x9e, 0xef, 0x7e, 0xef, 0x7e, 0xef, 0x7e, 0xef, 0xd3, 0x94,
    0x20, 0x00, 0x61, 0x08, 0x20, 0x00, 0x00, 0x00, 0x00, 0x00, 0x00, 0x00, 0x00, 0x00, 0x00, 0x00,
    0x00, 0x00, 0x00, 0x00, 0x00, 0x00, 0x00, 0x00, 0x00, 0x00, 0x20, 0x00, 0x20, 0x00, 0x61, 0x08,
    0x20, 0x00, 0x14, 0x9d, 0x9f, 0xef, 0x9f, 0xef, 0x9e, 0xef, 0xbf, 0xf7, 0xbf, 0xf7, 0x9f, 0xf7,
    0x9e, 0xef, 0xbf, 0xf7, 0x9f, 0xef, 0x9e, 0xef, 0x7e, 0xef, 0x7e, 0xef, 0x7e, 0xef, 0xd3, 0x94,
    0x20, 0x00, 0x61, 0x08, 0x20, 0x00, 0x00, 0x00, 0x00, 0x00, 0x00, 0x00, 0x00, 0x00, 0x00, 0x00,
    0x00, 0x00, 0x00, 0x00, 0x00, 0x00, 0x00, 0x00, 0x00, 0x00, 0x00, 0x00, 0x00, 0x00, 0x61, 0x08,
    0x20, 0x00, 0x14, 0x9d, 0x9f, 0xef, 0x9f, 0xef, 0x9e, 0xef, 0xbf, 0xf7, 0xbf, 0xf7, 0x9f, 0xf7,
    0x9e, 0xef, 0xbf, 0xf7, 0x9f, 0xef, 0x9e, 0xef, 0x7e, 0xef, 0x7e, 0xef, 0x7e, 0xef, 0xd3, 0x94,
    0x20, 0x00, 0x61, 0x08, 0x00, 0x00, 0x00, 0x00, 0x00, 0x00, 0x00, 0x00, 0x00, 0x00, 0x00, 0x00,
    0x00, 0x00, 0x00, 0x00, 0x00, 0x00, 0x00, 0x00, 0x00, 0x00, 0x00, 0x00, 0x20, 0x00, 0x61, 0x08,
    0x20, 0x00, 0x14, 0x9d, 0x9f, 0xef, 0x9f, 0xef, 0x9e, 0xef, 0xbf, 0xf7, 0xbf, 0xf7, 0x9f, 0xf7,
    0x9e, 0xef, 0xbf, 0xf7, 0x9f, 0xef, 0x9e, 0xef, 0x7e, 0xef, 0x7e, 0xef, 0x7e, 0xef, 0xd3, 0x94,
    0x20, 0x00, 0x61, 0x08, 0x20, 0x00, 0x00, 0x00, 0x00, 0x00, 0x00, 0x00, 0x00, 0x00, 0x00, 0x00,
    0x00, 0x00, 0x00, 0x00, 0x00, 0x00, 0x00, 0x00, 0x00, 0x00, 0x20, 0x00, 0x20, 0x00, 0x61, 0x08,
    0x20, 0x00, 0x14, 0x9d, 0x9f, 0xef, 0x9f, 0xef, 0x9e, 0xef, 0xbf, 0xf7, 0xbf, 0xf7, 0x9f, 0xf7,
    0x9e, 0xef, 0xbf, 0xf7, 0x9f, 0xef, 0x9e, 0xef, 0x7e, 0xef, 0x7e, 0xef, 0x7e, 0xef, 0xd3, 0x94,
    0x20, 0x00, 0x61, 0x08, 0x20, 0x00, 0x00, 0x00, 0x00, 0x00, 0x00, 0x00, 0x00, 0x00, 0x00, 0x00,
    0x00, 0x00, 0x00, 0x00, 0x00, 0x00, 0x00, 0x00, 0x00, 0x00, 0x20, 0x00, 0x20, 0x00, 0x61, 0x08,
    0x20, 0x00, 0x14, 0x9d, 0x9f, 0xef, 0x9f, 0xef, 0x9e, 0xef, 0xbf, 0xf7, 0xbf, 0xf7, 0x9f, 0xf7,
    0x9e, 0xef, 0xbf, 0xf7, 0x9f, 0xef, 0x9e, 0xef, 0x7e, 0xef, 0x7e, 0xef, 0x7e, 0xef, 0xd3, 0x94,
    0x20, 0x00, 0x61, 0x08, 0x20, 0x00, 0x00, 0x00, 0x00, 0x00, 0x00, 0x00, 0x00, 0x00, 0x00, 0x00,
    0x00, 0x00, 0x00, 0x00, 0x00, 0x00, 0x00, 0x00, 0x00, 0x00, 0x20, 0x00, 0x20, 0x00, 0x61, 0x08,
    0x20, 0x00, 0x14, 0x9d, 0x9f, 0xef, 0x9f, 0xef, 0x9e, 0xef, 0xbf, 0xf7, 0xbf, 0xf7, 0x9f, 0xf7,
    0x9e, 0xef, 0xbf, 0xf7, 0x9f, 0xef, 0x9e, 0xef, 0x7e, 0xef, 0x7e, 0xef, 0x7e, 0xef, 0xd3, 0x94,
    0x20, 0x00, 0x61, 0x08, 0x20, 0x00, 0x00, 0x00, 0x00, 0x00, 0x00, 0x00, 0x00, 0x00, 0x00, 0x00,
    0x00, 0x00, 0x00, 0x00, 0x00, 0x00, 0x00, 0x00, 0x00, 0x00, 0x20, 0x00, 0x20, 0x00, 0x61, 0x08,
    0x20, 0x00, 0x14, 0x9d, 0x9f, 0xef, 0x9f, 0xef, 0x9e, 0xef, 0xbf, 0xf7, 0xbf, 0xf7, 0x9f, 0xf7,
    0x9e, 0xef, 0xbf, 0xf7, 0x9f, 0xef, 0x9e, 0xef, 0x7e, 0xef, 0x7e, 0xef, 0x7e, 0xef, 0xd3, 0x94,
    0x20, 0x00, 0x61, 0x08, 0x20, 0x00, 0x00, 0x00, 0x00, 0x00, 0x00, 0x00, 0x00, 0x00, 0x00, 0x00,
    0x00, 0x00, 0x00, 0x00, 0x00, 0x00, 0x00, 0x00, 0x00, 0x00, 0x20, 0x00, 0x20, 0x00, 0x61, 0x08,
    0x20, 0x00, 0x14, 0x9d, 0x9f, 0xef, 0x9f, 0xef, 0x9e, 0xef, 0xbf, 0xf7, 0xbf, 0xf7, 0x9f, 0xf7,
    0x9e, 0xef, 0xbf, 0xf7, 0x9f, 0xef, 0x9e, 0xef, 0x7e, 0xef, 0x7e, 0xef, 0x7e, 0xef, 0xd3, 0x94,
    0x20, 0x00, 0x61, 0x08, 0x20, 0x00, 0x00, 0x00, 0x00, 0x00, 0x00, 0x00, 0x00, 0x00, 0x00, 0x00,
    0x00, 0x00, 0x00, 0x00, 0x00, 0x00, 0x00, 0x00, 0x00, 0x00, 0x00, 0x00, 0x00, 0x00, 0x61, 0x08,
    0x20, 0x00, 0x14, 0x9d, 0x9f, 0xef, 0x9f, 0xef, 0x9e, 0xef, 0xbf, 0xf7, 0xbf, 0xf7, 0x9f, 0xf7,
    0x9e, 0xef, 0xbf, 0xf7, 0x9f, 0xef, 0x9e, 0xef, 0x7e, 0xef, 0x7e, 0xef, 0x7e, 0xef, 0xd3, 0x94,
    0x20, 0x00, 0x61, 0x08, 0x00, 0x00, 0x00, 0x00, 0x00, 0x00, 0x00, 0x00, 0x00, 0x00, 0x00, 0x00,
    0x00, 0x00, 0x00, 0x00, 0x00, 0x00, 0x00, 0x00, 0x00, 0x00, 0x00, 0x00, 0x20, 0x00, 0x61, 0x08,
    0x20, 0x00, 0x14, 0x9d, 0x9f, 0xef, 0x9f, 0xef, 0x9e, 0xef, 0xbf, 0xf7, 0xbf, 0xf7, 0x9f, 0xf7,
    0x9e, 0xef, 0xbf, 0xf7, 0x9f, 0xef, 0x9e, 0xef, 0x7e, 0xef, 0x7e, 0xef, 0x7e, 0xef, 0xd3, 0x94,
    0x20, 0x00, 0x61, 0x08, 0x20, 0x00, 0x00, 0x00, 0x00, 0x00, 0x00, 0x00, 0x00, 0x00, 0x00, 0x00,
    0x00, 0x00, 0x00, 0x00, 0x00, 0x00, 0x00, 0x00, 0x00, 0x00, 0x20, 0x00, 0x20, 0x00, 0x61, 0x08,
    0x20, 0x00, 0x14, 0x9d, 0x9f, 0xef, 0x9f, 0xef, 0x9e, 0xef, 0xbf, 0xf7, 0xbf, 0xf7, 0x9f, 0xf7,
    0x9e, 0xef, 0xbf, 0xf7, 0x9f, 0xef, 0x9e, 0xef, 0x7e, 0xef, 0x7e, 0xef, 0x7e, 0xef, 0xd3, 0x94,
    0x20, 0x00, 0x61, 0x08, 0x20, 0x00, 0x00, 0x00, 0x00, 0x00, 0x00, 0x00, 0x00, 0x00, 0x00, 0x00,
    0x00, 0x00, 0x00, 0x00, 0x00, 0x00, 0x00, 0x00, 0x00, 0x00, 0x20, 0x00, 0x20, 0x00, 0x61, 0x08,
    0x20, 0x00, 0x14, 0x9d, 0x9f, 0xef, 0x9f, 0xef, 0x9e, 0xef, 0xbf, 0xf7, 0xbf, 0xf7, 0x9f, 0xf7,
    0x9e, 0xef, 0xbf, 0xf7, 0x9f, 0xef, 0x9e, 0xef, 0x7e, 0xef, 0x7e, 0xef, 0x7e, 0xef, 0xd3, 0x94,
    0x20, 0x00, 0x61, 0x08, 0x20, 0x00, 0x00, 0x00, 0x00, 0x00, 0x00, 0x00, 0x00, 0x00, 0x00, 0x00,
    0x00, 0x00, 0x00, 0x00, 0x00, 0x00, 0x00, 0x00, 0x00, 0x00, 0x20, 0x00, 0x20, 0x00, 0x61, 0x08,
    0x20, 0x00, 0x14, 0x9d, 0x9f, 0xef, 0x9f, 0xef, 0x9e, 0xef, 0xbf, 0xf7, 0xbf, 0xf7, 0x9f, 0xf7,
    0x9e, 0xef, 0xbf, 0xf7, 0x9f, 0xef, 0x9e, 0xef, 0x7e, 0xef, 0x7e, 0xef, 0x7e, 0xef, 0xd3, 0x94,
    0x20, 0x00, 0x61, 0x08, 0x20, 0x00, 0x00, 0x00, 0x00, 0x00, 0x00, 0x00, 0x00, 0x00, 0x00, 0x00,
    0x00, 0x00, 0x00, 0x00, 0x00, 0x00, 0x00, 0x00, 0x00, 0x00, 0x20, 0x00, 0x20, 0x00, 0x61, 0x08,
    0x20, 0x00, 0x14, 0x9d, 0x9f, 0xef, 0x9f, 0xef, 0x9e, 0xef, 0xbf, 0xf7, 0xbf, 0xf7, 0x9f, 0xf7,
    0x9e, 0xef, 0xbf, 0xf7, 0x9f, 0xef, 0x9e, 0xef, 0x7e, 0xef, 0x7e, 0xef, 0x7e, 0xef, 0xd3, 0x94,
    0x20, 0x00, 0x61, 0x08, 0x20, 0x00, 0x00, 0x00, 0x00, 0x00, 0x00, 0x00, 0x00, 0x00, 0x00, 0x00,
    0x00, 0x00, 0x00, 0x00, 0x00, 0x00, 0x00, 0x00, 0x00, 0x00, 0x20, 0x00, 0x20, 0x00, 0x61, 0x08,
    0x20, 0x00, 0x14, 0x9d, 0x9f, 0xef, 0x9f, 0xef, 0x9e, 0xef, 0xbf, 0xf7, 0xbf, 0xf7, 0x9f, 0xf7,
    0x9e, 0xef, 0xbf, 0xf7, 0x9f, 0xef, 0x9e, 0xef, 0x7e, 0xef, 0x7e, 0xef, 0x7e, 0xef, 0xd3, 0x94,
    0x20, 0x00, 0x61, 0x08, 0x20, 0x00, 0x00, 0x00, 0x00, 0x00, 0x00, 0x00, 0x00, 0x00, 0x00, 0x00,
    0x00, 0x00, 0x00, 0x00, 0x00, 0x00, 0x00, 0x00, 0x00, 0x00, 0x20, 0x00, 0x20, 0x00, 0x61, 0x08,
    0x20, 0x00, 0x14, 0x9d, 0x9f, 0xef, 0x9f, 0xef, 0x9e, 0xef, 0xbf, 0xf7, 0xbf, 0xf7, 0x9f, 0xf7,
    0x9e, 0xef, 0xbf, 0xf7, 0x9f, 0xef, 0x9e, 0xef, 0x7e, 0xef, 0x7e, 0xef, 0x7e, 0xef, 0xd3, 0x94,
    0x20, 0x00, 0x61, 0x08, 0x20, 0x00, 0x00, 0x00, 0x00, 0x00, 0x00, 0x00, 0x00, 0x00, 0x00, 0x00,
    0x00, 0x00, 0x00, 0x00, 0x00, 0x00, 0x00, 0x00, 0x00, 0x00, 0x20, 0x00, 0x20, 0x00, 0x61, 0x08,
    0x20, 0x00, 0x14, 0x9d, 0x9f, 0xef, 0x9f, 0xef, 0x9e, 0xef, 0xbf, 0xf7, 0xbf, 0xf7, 0x9f, 0xf7,
    0x9e, 0xef, 0xbf, 0xf7, 0x9f, 0xef, 0x9e, 0xef, 0x7e, 0xef, 0x7e, 0xef, 0x7e, 0xef, 0xd3, 0x94,
    0x20, 0x00, 0x61, 0x08, 0x20, 0x00, 0x00, 0x00, 0x00, 0x00, 0x00, 0x00, 0x00, 0x00, 0x00, 0x00,
    0x00, 0x00, 0x00, 0x00, 0x00, 0x00, 0x00, 0x00, 0x00, 0x00, 0x20, 0x00, 0x20, 0x00, 0x61, 0x08,
    0x20, 0x00, 0x14, 0x9d, 0x9f, 0xef, 0x9f, 0xef, 0x9e, 0xef, 0xbf, 0xf7, 0xbf, 0xf7, 0x9f, 0xf7,
    0x9e, 0xef, 0xbf, 0xf7, 0x9f, 0xef, 0x9e, 0xef, 0x7e, 0xef, 0x7e, 0xef, 0x7e, 0xef, 0xd3, 0x94,
    0x20, 0x00, 0x61, 0x08, 0x20, 0x00, 0x00, 0x00, 0x00, 0x00, 0x00, 0x00, 0x00, 0x00, 0x00, 0x00,
    0x00, 0x00, 0x00, 0x00, 0x00, 0x00, 0x00, 0x00, 0x00, 0x00, 0x20, 0x00, 0x20, 0x00, 0x61, 0x08,
    0x20, 0x00, 0x14, 0x9d, 0x9f, 0xef, 0x9f, 0xef, 0x9e, 0xef, 0xbf, 0xf7, 0xbf, 0xf7, 0x9f, 0xf7,
    0x9e, 0xef, 0xbf, 0xf7, 0x9f, 0xef, 0x9e, 0xef, 0x7e, 0xef, 0x7e, 0xef, 0x7e, 0xef, 0xd3, 0x94,
    0x20, 0x00, 0x61, 0x08, 0x20, 0x00, 0x00, 0x00, 0x00, 0x00, 0x00, 0x00, 0x00, 0x00, 0x00, 0x00,
    0x00, 0x00, 0x00, 0x00, 0x00, 0x00, 0x00, 0x00, 0x00, 0x00, 0x20, 0x00, 0x20, 0x00, 0x61, 0x08,
    0x20, 0x00, 0x14, 0x9d, 0x9f, 0xef, 0x9f, 0xef, 0x9e, 0xef, 0xbf, 0xf7, 0xbf, 0xf7, 0x9f, 0xf7,
    0x9e, 0xef, 0xbf, 0xf7, 0x9f, 0xef, 0x9e, 0xef, 0x7e, 0xef, 0x7e, 0xef, 0x7e, 0xef, 0xd3, 0x94,
    0x20, 0x00, 0x61, 0x08, 0x20, 0x00, 0x00, 0x00, 0x00, 0x00, 0x00, 0x00, 0x00, 0x00, 0x00, 0x00,
    0x00, 0x00, 0x00, 0x00, 0x00, 0x00, 0x00, 0x00, 0x00, 0x00, 0x20, 0x00, 0x20, 0x00, 0x61, 0x08,
    0x20, 0x00, 0x14, 0x9d, 0x9f, 0xef, 0x9f, 0xef, 0x9e, 0xef, 0xbf, 0xf7, 0xbf, 0xf7, 0x9f, 0xf7,
    0x9e, 0xef, 0xbf, 0xf7, 0x9f, 0xef, 0x9e, 0xef, 0x7e, 0xef, 0x7e, 0xef, 0x7e, 0xef, 0xd3, 0x94,
    0x20, 0x00, 0x61, 0x08, 0x20, 0x00, 0x00, 0x00, 0x00, 0x00, 0x00, 0x00, 0x00, 0x00, 0x00, 0x00,
    0x00, 0x00, 0x00, 0x00, 0x00, 0x00, 0x00, 0x00, 0x00, 0x00, 0x20, 0x00, 0x20, 0x00, 0x61, 0x08,
    0x20, 0x00, 0x14, 0x9d, 0x9f, 0xef, 0x9f, 0xef, 0x9e, 0xef, 0xbf, 0xf7, 0xbf, 0xf7, 0x9f, 0xf7,
    0x9e, 0xef, 0xbf, 0xf7, 0x9f, 0xef, 0x9e, 0xef, 0x7e, 0xef, 0x7e, 0xef, 0x7e, 0xef, 0xd3, 0x94,
    0x20, 0x00, 0x61, 0x08, 0x20, 0x00, 0x00, 0x00, 0x00, 0x00, 0x00, 0x00, 0x00, 0x00, 0x00, 0x00,
    0x00, 0x00, 0x00, 0x00, 0x00, 0x00, 0x00, 0x00, 0x00, 0x00, 0x20, 0x00, 0x81, 0x08, 0x86, 0x29,
    0x5e, 0xe7, 0x9e, 0xef, 0xbf, 0xf7, 0xbf, 0xf7, 0xbf, 0xf7, 0xbf, 0xf7, 0xbf, 0xf7, 0xbf, 0xf7,
    0x9f, 0xf7, 0x9f, 0xef, 0xbf, 0xf7, 0x9f, 0xf7, 0x9f, 0xef, 0x7e, 0xef, 0x9f, 0xef, 0x7e, 0xef,
    0x1d, 0xdf, 0x65, 0x29, 0x81, 0x08, 0x20, 0x00, 0x00, 0x00, 0x00, 0x00, 0x00, 0x00, 0x00, 0x00,
    0x00, 0x00, 0x00, 0x00, 0x00, 0x00, 0x00, 0x00, 0x00, 0x00, 0x20, 0x00, 0x81, 0x08, 0x86, 0x29,
    0x5e, 0xe7, 0x9e, 0xef, 0xbf, 0xf7, 0xbf, 0xf7, 0xbf, 0xf7, 0xbf, 0xf7, 0xbf, 0xf7, 0xbf, 0xf7,
    0x9f, 0xf7, 0x9f, 0xef, 0xbf, 0xf7, 0x9f, 0xf7, 0x9f, 0xef, 0x7e, 0xef, 0x9f, 0xef, 0x7e, 0xef,
    0x1d, 0xdf, 0x65, 0x29, 0x81, 0x08, 0x20, 0x00, 0x00, 0x00, 0x00, 0x00, 0x00, 0x00, 0x00, 0x00,
    0x00, 0x00, 0x00, 0x00, 0x00, 0x00, 0x00, 0x00, 0x00, 0x00, 0x20, 0x00, 0x81, 0x08, 0x86, 0x29,
    0x5e, 0xe7, 0x9e, 0xef, 0xbf, 0xf7, 0xbf, 0xf7, 0xbf, 0xf7, 0xbf, 0xf7, 0xbf, 0xf7, 0xbf, 0xf7,
    0x9f, 0xf7, 0x9f, 0xef, 0xbf, 0xf7, 0x9f, 0xf7, 0x9f, 0xef, 0x7e, 0xef, 0x9f, 0xef, 0x7e, 0xef,
    0x1d, 0xdf, 0x65, 0x29, 0x81, 0x08, 0x20, 0x00, 0x00, 0x00, 0x00, 0x00, 0x00, 0x00, 0x00, 0x00,
    0x00, 0x00, 0x00, 0x00, 0x00, 0x00, 0x00, 0x00, 0x00, 0x00, 0x20, 0x00, 0x81, 0x08, 0x86, 0x29,
    0x5e, 0xe7, 0x9e, 0xef, 0xbf, 0xf7, 0xbf, 0xf7, 0xbf, 0xf7, 0xbf, 0xf7, 0xbf, 0xf7, 0xbf, 0xf7,
    0x9f, 0xf7, 0x9f, 0xef, 0xbf, 0xf7, 0x9f, 0xf7, 0x9f, 0xef, 0x7e, 0xef, 0x9f, 0xef, 0x7e, 0xef,
    0x1d, 0xdf, 0x65, 0x29, 0x81, 0x08, 0x20, 0x00, 0x00, 0x00, 0x00, 0x00, 0x00, 0x00, 0x00, 0x00,
    0x00, 0x00, 0x00, 0x00, 0x00, 0x00, 0x00, 0x00, 0x00, 0x00, 0x20, 0x00, 0x81, 0x08, 0x86, 0x29,
    0x5e, 0xe7, 0x9e, 0xef, 0xbf, 0xf7, 0xbf, 0xf7, 0xbf, 0xf7, 0xbf, 0xf7, 0xbf, 0xf7, 0xbf, 0xf7,
    0x9f, 0xf7, 0x9f, 0xef, 0xbf, 0xf7, 0x9f, 0xf7, 0x9f, 0xef, 0x7e, 0xef, 0x9f, 0xef, 0x7e, 0xef,
    0x1d, 0xdf, 0x65, 0x29, 0x81, 0x08, 0x20, 0x00, 0x00, 0x00, 0x00, 0x00, 0x00, 0x00, 0x00, 0x00,
    0x00, 0x00, 0x00, 0x00, 0x00, 0x00, 0x00, 0x00, 0x00, 0x00, 0x20, 0x00, 0x81, 0x08, 0x86, 0x29,
    0x5e, 0xe7, 0x9e, 0xef, 0xbf, 0xf7, 0xbf, 0xf7, 0xbf, 0xf7, 0xbf, 0xf7, 0xbf, 0xf7, 0xbf, 0xf7,
    0x9f, 0xf7, 0x9f, 0xef, 0xbf, 0xf7, 0x9f, 0xf7, 0x9f, 0xef, 0x7e, 0xef, 0x9f, 0xef, 0x7e, 0xef,
    0x1d, 0xdf, 0x65, 0x29, 0x81, 0x08, 0x20, 0x00, 0x00, 0x00, 0x00, 0x00, 0x00, 0x00, 0x00, 0x00,
    0x00, 0x00, 0x00, 0x00, 0x00, 0x00, 0x00, 0x00, 0x00, 0x00, 0x20, 0x00, 0x81, 0x08, 0x86, 0x29,
    0x5e, 0xe7, 0x9e, 0xef, 0xbf, 0xf7, 0xbf, 0xf7, 0xbf, 0xf7, 0xbf, 0xf7, 0xbf, 0xf7, 0xbf, 0xf7,
    0x9f, 0xf7, 0x9f, 0xef, 0xbf, 0xf7, 0x9f, 0xf7, 0x9f, 0xef, 0x7e, 0xef, 0x9f, 0xef, 0x7e, 0xef,
    0x1d, 0xdf, 0x65, 0x29, 0x81, 0x08, 0x20, 0x00, 0x00, 0x00, 0x00, 0x00, 0x00, 0x00, 0x00, 0x00,
    0x00, 0x00, 0x00, 0x00, 0x00, 0x00, 0x00, 0x00, 0x00, 0x00, 0x20, 0x00, 0x81, 0x08, 0x86, 0x29,
    0x5e, 0xe7, 0x9e, 0xef, 0xbf, 0xf7, 0xbf, 0xf7, 0xbf, 0xf7, 0xbf, 0xf7, 0xbf, 0xf7, 0xbf, 0xf7,
    0x9f, 0xf7, 0x9f, 0xef, 0xbf, 0xf7, 0x9f, 0xf7, 0x9f, 0xef, 0x7e, 0xef, 0x9f, 0xef, 0x7e, 0xef,
    0x1d, 0xdf, 0x65, 0x29, 0x81, 0x08, 0x20, 0x00, 0x00, 0x00, 0x00, 0x00, 0x00, 0x00, 0x00, 0x00,
    0x00, 0x00, 0x00, 0x00, 0x00, 0x00, 0x00, 0x00, 0x00, 0x00, 0x20, 0x00, 0x81, 0x08, 0x86, 0x29,
    0x5e, 0xe7, 0x9e, 0xef, 0xbf, 0xf7, 0xbf, 0xf7, 0xbf, 0xf7, 0xbf, 0xf7, 0xbf, 0xf7, 0xbf, 0xf7,
    0x9f, 0xf7, 0x9f, 0xef, 0xbf, 0xf7, 0x9f, 0xf7, 0x9f, 0xef, 0x7e, 0xef, 0x9f, 0xef, 0x7e, 0xef,
    0x1d, 0xdf, 0x65, 0x29, 0x81, 0x08, 0x20, 0x00, 0x00, 0x00, 0x00, 0x00, 0x00, 0x00, 0x00, 0x00,
    0x00, 0x00, 0x00, 0x00, 0x00, 0x00, 0x00, 0x00, 0x00, 0x00, 0x20, 0x00, 0x81, 0x08, 0x86, 0x29,
    0x5e, 0xe7, 0x9e, 0xef, 0xbf, 0xf7, 0xbf, 0xf7, 0xbf, 0xf7, 0xbf, 0xf7, 0xbf, 0xf7, 0xbf, 0xf7,
    0x9f, 0xf7, 0x9f, 0xef, 0xbf, 0xf7, 0x9f, 0xf7, 0x9f, 0xef, 0x7e, 0xef, 0x9f, 0xef, 0x7e, 0xef,
    0x1d, 0xdf, 0x65, 0x29, 0x81, 0x08, 0x20, 0x00, 0x00, 0x00, 0x00, 0x00, 0x00, 0x00, 0x00, 0x00,
    0x00, 0x00, 0x00, 0x00, 0x00, 0x00, 0x00, 0x00, 0x00, 0x00, 0x20, 0x00, 0x81, 0x08, 0x86, 0x29,
    0x5e, 0xe7, 0x9e, 0xef, 0xbf, 0xf7, 0xbf, 0xf7, 0xbf, 0xf7, 0xbf, 0xf7, 0xbf, 0xf7, 0xbf, 0xf7,
    0x9f, 0xf7, 0x9f, 0xef, 0xbf, 0xf7, 0x9f, 0xf7, 0x9f, 0xef, 0x7e, 0xef, 0x9f, 0xef, 0x7e, 0xef,
    0x1d, 0xdf, 0x65, 0x29, 0x81, 0x08, 0x20, 0x00, 0x00, 0x00, 0x00, 0x00, 0x00, 0x00, 0x00, 0x00,
    0x00, 0x00, 0x00, 0x00, 0x00, 0x00, 0x00, 0x00, 0x00, 0x00, 0x20, 0x00, 0x81, 0x08, 0x86, 0x29,
    0x5e, 0xe7, 0x9e, 0xef, 0xbf, 0xf7, 0xbf, 0xf7, 0xbf, 0xf7, 0xbf, 0xf7, 0xbf, 0xf7, 0xbf, 0xf7,
    0x9f, 0xf7, 0x9f, 0xef, 0xbf, 0xf7, 0x9f, 0xf7, 0x9f, 0xef, 0x7e, 0xef, 0x9f, 0xef, 0x7e, 0xef,
    0x1d, 0xdf, 0x65, 0x29, 0x81, 0x08, 0x20, 0x00, 0x00, 0x00, 0x00, 0x00, 0x00, 0x00, 0x00, 0x00,
    0x00, 0x00, 0x00, 0x00, 0x00, 0x00, 0x00, 0x00, 0x00, 0x00, 0x20, 0x00, 0x81, 0x08, 0x86, 0x29,
    0x5e, 0xe7, 0x9e, 0xef, 0xbf, 0xf7, 0xbf, 0xf7, 0xbf, 0xf7, 0xbf, 0xf7, 0xbf, 0xf7, 0xbf, 0xf7,
    0x9f, 0xf7, 0x9f, 0xef, 0xbf, 0xf7, 0x9f, 0xf7, 0x9f, 0xef, 0x7e, 0xef, 0x9f, 0xef, 0x7e, 0xef,
    0x1d, 0xdf, 0x65, 0x29, 0x81, 0x08, 0x20, 0x00, 0x00, 0x00, 0x00, 0x00, 0x00, 0x00, 0x00, 0x00,
    0x00, 0x00, 0x00, 0x00, 0x00, 0x00, 0x00, 0x00, 0x00, 0x00, 0x20, 0x00, 0x81, 0x08, 0x86, 0x29,
    0x5e, 0xe7, 0x9e, 0xef, 0xbf, 0xf7, 0xbf, 0xf7, 0xbf, 0xf7, 0xbf, 0xf7, 0xbf, 0xf7, 0xbf, 0xf7,
    0x9f, 0xf7, 0x9f, 0xef, 0xbf, 0xf7, 0x9f, 0xf7, 0x9f, 0xef, 0x7e, 0xef, 0x9f, 0xef, 0x7e, 0xef,
    0x1d, 0xdf, 0x65, 0x29, 0x81, 0x08, 0x20, 0x00, 0x00, 0x00, 0x00, 0x00, 0x00, 0x00, 0x00, 0x00,
    0x00, 0x00, 0x00, 0x00, 0x00, 0x00, 0x00, 0x00, 0x00, 0x00, 0x20, 0x00, 0x81, 0x08, 0x86, 0x29,
    0x5e, 0xe7, 0x9e, 0xef, 0xbf, 0xf7, 0xbf, 0xf7, 0xbf, 0xf7, 0xbf, 0xf7, 0xbf, 0xf7, 0xbf, 0xf7,
    0x9f, 0xf7, 0x9f, 0xef, 0xbf, 0xf7, 0x9f, 0xf7, 0x9f, 0xef, 0x7e, 0xef, 0x9f, 0xef, 0x7e, 0xef,
    0x1d, 0xdf, 0x65, 0x29, 0x81, 0x08, 0x20, 0x00, 0x00, 0x00, 0x00, 0x00, 0x00, 0x00, 0x00, 0x00,
    0x00, 0x00, 0x00, 0x00, 0x00, 0x00, 0x00, 0x00, 0x00, 0x00, 0x20, 0x00, 0x81, 0x08, 0x86, 0x29,
    0x5e, 0xe7, 0x9e, 0xef, 0xbf, 0xf7, 0xbf, 0xf7, 0xbf, 0xf7, 0xbf, 0xf7, 0xbf, 0xf7, 0xbf, 0xf7,
    0x9f, 0xf7, 0x9f, 0xef, 0xbf, 0xf7, 0x9f, 0xf7, 0x9f, 0xef, 0x7e, 0xef, 0x9f, 0xef, 0x7e, 0xef,
    0x1d, 0xdf, 0x65, 0x29, 0x81, 0x08, 0x20, 0x00, 0x00, 0x00, 0x00, 0x00, 0x00, 0x00, 0x00, 0x00,
    0x00, 0x00, 0x00, 0x00, 0x00, 0x00, 0x00, 0x00, 0x00, 0x00, 0x20, 0x00, 0x81, 0x08, 0x86, 0x29,
    0x5e, 0xe7, 0x9e, 0xef, 0xbf, 0xf7, 0xbf, 0xf7, 0xbf, 0xf7, 0xbf, 0xf7, 0xbf, 0xf7, 0xbf, 0xf7,
    0x9f, 0xf7, 0x9f, 0xef, 0xbf, 0xf7, 0x9f, 0xf7, 0x9f, 0xef, 0x7e, 0xef, 0x9f, 0xef, 0x7e, 0xef,
    0x1d, 0xdf, 0x65, 0x29, 0x81, 0x08, 0x20, 0x00, 0x00, 0x00, 0x00, 0x00, 0x00, 0x00, 0x00, 0x00,
    0x00, 0x00, 0x00, 0x00, 0x00, 0x00, 0x00, 0x00, 0x00, 0x00, 0x20, 0x00, 0x81, 0x08, 0x86, 0x29,
    0x5e, 0xe7, 0x9e, 0xef, 0xbf, 0xf7, 0xbf, 0xf7, 0xbf, 0xf7, 0xbf, 0xf7, 0xbf, 0xf7, 0xbf, 0xf7,
    0x9f, 0xf7, 0x9f, 0xef, 0xbf, 0xf7, 0x9f, 0xf7, 0x9f, 0xef, 0x7e, 0xef, 0x9f, 0xef, 0x7e, 0xef,
    0x1d, 0xdf, 0x65, 0x29, 0x81, 0x08, 0x20, 0x00, 0x00, 0x00, 0x00, 0x00, 0x00, 0x00, 0x00, 0x00,
    0x00, 0x00, 0x00, 0x00, 0x00, 0x00, 0x00, 0x00, 0x00, 0x00, 0x20, 0x00, 0x81, 0x08, 0x86, 0x29,
    0x5e, 0xe7, 0x9e, 0xef, 0xbf, 0xf7, 0xbf, 0xf7, 0xbf, 0xf7, 0xbf, 0xf7, 0xbf, 0xf7, 0xbf, 0xf7,
    0x9f, 0xf7, 0x9f, 0xef, 0xbf, 0xf7, 0x9f, 0xf7, 0x9f, 0xef, 0x7e, 0xef, 0x9f, 0xef, 0x7e, 0xef,
    0x1d, 0xdf, 0x65, 0x29, 0x81, 0x08, 0x20, 0x00, 0x00, 0x00, 0x00, 0x00, 0x00, 0x00, 0x00, 0x00,
    0x00, 0x00, 0x00, 0x00, 0x00, 0x00, 0x00, 0x00, 0x00, 0x00, 0x20, 0x00, 0x81, 0x08, 0x86, 0x29,
    0x5e, 0xe7, 0x9e, 0xef, 0xbf, 0xf7, 0xbf, 0xf7, 0xbf, 0xf7, 0xbf, 0xf7, 0xbf, 0xf7, 0xbf, 0xf7,
    0x9f, 0xf7, 0x9f, 0xef, 0xbf, 0xf7, 0x9f, 0xf7, 0x9f, 0xef, 0x7e, 0xef, 0x9f, 0xef, 0x7e, 0xef,
    0x1d, 0xdf, 0x65, 0x29, 0x81, 0x08, 0x20, 0x00, 0x00, 0x00, 0x00, 0x00, 0x00, 0x00, 0x00, 0x00,
    0x00, 0x00, 0x00, 0x00, 0x00, 0x00, 0x00, 0x00, 0x00, 0x00, 0x20, 0x00, 0x81, 0x08, 0x86, 0x29,
    0x00, 0x00, 0x9e, 0xef, 0xbf, 0xf7, 0xbf, 0xf7, 0xbf, 0xf7, 0xbf, 0xf7, 0xbf, 0xf7, 0xbf, 0xf7,
    0x9f, 0xf7, 0x9f, 0xef, 0xbf, 0xf7, 0x9f, 0xf7, 0x9f, 0xef, 0x7e, 0xef, 0x9f, 0xef, 0x7e, 0xef,
    0x1d, 0xdf, 0x65, 0x29, 0x81, 0x08, 0x20, 0x00, 0x00, 0x00, 0x00, 0x00, 0x00, 0x00, 0x00, 0x00,
    0x00, 0x00, 0x00, 0x00, 0x00, 0x00, 0x00, 0x00, 0x00, 0x00, 0x20, 0x00, 0x00, 0x00, 0x00, 0x00,
    0x5e, 0xe7, 0x9e, 0xef, 0xbf, 0xf7, 0xbf, 0xf7, 0xbf, 0xf7, 0xbf, 0xf7, 0xbf, 0xf7, 0xbf, 0xf7,
    0x9f, 0xf7, 0x9f, 0xef, 0xbf, 0xf7, 0x9f, 0xf7, 0x9f, 0xef, 0x7e, 0xef, 0x9f, 0xef, 0x7e, 0xef,
    0x1d, 0xdf, 0x65, 0x29, 0x81, 0x08, 0x00, 0x00, 0x00, 0x00, 0x00, 0x00, 0x00, 0x00, 0x00, 0x00,
    0x00, 0x00, 0x00, 0x00, 0x00, 0x00, 0x00, 0x00, 0x00, 0x00, 0x00, 0x00, 0x81, 0x08, 0x86, 0x29,
    0x5e, 0xe7, 0x9e, 0xef, 0xbf, 0xf7, 0xbf, 0xf7, 0xbf, 0xf7, 0x00, 0x00, 0xbf, 0xf7, 0xbf, 0xf7,
    0x9f, 0xf7, 0x9f, 0xef, 0xbf, 0xf7, 0x9f, 0xf7, 0x9f, 0xef, 0x7e, 0xef, 0x9f, 0xef, 0x7e, 0xef,
    0x1d, 0xdf, 0x65, 0x29, 0x81, 0x08, 0x00, 0x00, 0x00, 0x00, 0x00, 0x00, 0x00, 0x00, 0x00, 0x00,
    0x00, 0x00, 0x00, 0x00, 0x00, 0x00, 0x00, 0x00, 0x00, 0x00, 0x00, 0x00, 0x81, 0x08, 0x86, 0x29,
    0x5e, 0xe7, 0x9e, 0xef, 0xbf, 0xf7, 0xbf, 0xf7, 0xbf, 0xf7, 0xbf, 0xf7, 0xbf, 0xf7, 0xbf, 0xf7,
    0x9f, 0xf7, 0x9f, 0xef, 0xbf, 0xf7, 0x9f, 0xf7, 0x9f, 0xef, 0x7e, 0xef, 0x9f, 0xef, 0x7e, 0xef,
    0x1d, 0xdf, 0x65, 0x29, 0x81, 0x08, 0x00, 0x00, 0x00, 0x00, 0x00, 0x00, 0x00, 0x00, 0x00, 0x00,
    0x00, 0x00, 0x00, 0x00, 0x00, 0x00, 0x00, 0x00, 0x00, 0x00, 0x20, 0x00, 0x81, 0x08, 0x86, 0x29,
    0x5e, 0xe7, 0x9e, 0xef, 0xbf, 0xf7, 0xbf, 0xf7, 0xbf, 0xf7, 0xbf, 0xf7, 0xbf, 0xf7, 0xbf, 0xf7,
    0x9f, 0xf7, 0x9f, 0xef, 0xbf, 0xf7, 0x9f, 0xf7, 0x9f, 0xef, 0x7e, 0xef, 0x9f, 0xef, 0x7e, 0xef,
    0x1d, 0xdf, 0x65, 0x29, 0x81, 0x08, 0x20, 0x00, 0x00, 0x00, 0x00, 0x00, 0x00, 0x00, 0x00, 0x00,
    0x00, 0x00, 0x00, 0x00, 0x00, 0x00, 0x00, 0x00, 0x00, 0x00, 0x20, 0x00, 0x81, 0x08, 0x86, 0x29,
    0x5e, 0xe7, 0x9e, 0xef, 0xbf, 0xf7, 0xbf, 0xf7, 0xbf, 0xf7, 0xbf, 0xf7, 0xbf, 0xf7, 0xbf, 0xf7,
    0x9f, 0xf7, 0x9f, 0xef, 0xbf, 0xf7, 0x9f, 0xf7, 0x9f, 0xef, 0x7e, 0xef, 0x9f, 0xef, 0x7e, 0xef,
    0x1d, 0xdf, 0x65, 0x29, 0x81, 0x08, 0x20, 0x00, 0x00, 0x00, 0x00, 0x00, 0x00, 0x00, 0x00, 0x00,
    0x00, 0x00, 0x00, 0x00, 0x00, 0x00, 0x00, 0x00, 0x00, 0x00, 0x20, 0x00, 0x81, 0x08, 0x86, 0x29,
    0x5e, 0xe7, 0x9e, 0xef, 0xbf, 0xf7, 0xbf, 0xf7, 0xbf, 0xf7, 0xbf, 0xf7, 0xbf, 0xf7, 0xbf, 0xf7,
    0x9f, 0xf7, 0x9f, 0xef, 0xbf, 0xf7, 0x9f, 0xf7, 0x9f, 0xef, 0x7e, 0xef, 0x9f, 0xef, 0x7e, 0xef,
    0x1d, 0xdf, 0x65, 0x29, 0x81, 0x08, 0x20, 0x00, 0x00, 0x00, 0x00, 0x00, 0x00, 0x00, 0x00, 0x00,
    0x00, 0x00, 0x00, 0x00, 0x00, 0x00, 0x00, 0x00, 0x00, 0x00, 0x20, 0x00, 0x81, 0x08, 0x86, 0x29,
    0x5e, 0xe7, 0x9e, 0xef, 0xbf, 0xf7, 0xbf, 0xf7, 0xbf, 0xf7, 0xbf, 0xf7, 0xbf, 0xf7, 0xbf, 0xf7,
    0x9f, 0xf7, 0x9f, 0xef, 0xbf, 0xf7, 0x9f, 0xf7, 0x9f, 0xef, 0x7e, 0xef, 0x9f, 0xef, 0x7e, 0xef,
    0x1d, 0xdf, 0x65, 0x29, 0x81, 0x08, 0x20, 0x00, 0x00, 0x00, 0x00, 0x00, 0x00, 0x00, 0x00, 0x00,
    0x00, 0x00, 0x00, 0x00, 0x00, 0x00, 0x00, 0x00, 0x00, 0x00, 0x20, 0x00, 0x81, 0x08, 0x86, 0x29,
    0x5e, 0xe7, 0x9e, 0xef, 0xbf, 0xf7, 0xbf, 0xf7, 0xbf, 0xf7, 0xbf, 0xf7, 0xbf, 0xf7, 0xbf, 0xf7,
    0x9f, 0xf7, 0x9f, 0xef, 0xbf, 0xf7, 0x9f, 0xf7, 0x9f, 0xef, 0x7e, 0xef, 0x9f, 0xef, 0x7e, 0xef,
    0x1d, 0xdf, 0x65, 0x29, 0x81, 0x08, 0x20, 0x00, 0x00, 0x00, 0x00, 0x00, 0x00, 0x00, 0x00, 0x00,
    0x00, 0x00, 0x00, 0x00, 0x00, 0x00, 0x00, 0x00, 0x00, 0x00, 0x00, 0x00, 0x00, 0x00, 0x00, 0x00,
    0x00, 0x00, 0x9e, 0xef, 0xbf, 0xf7, 0xbf, 0xf7, 0xbf, 0xf7, 0x00, 0x00, 0xbf, 0xf7, 0xbf, 0xf7,
    0x9f, 0xf7, 0x9f, 0xef, 0xbf, 0xf7, 0x00, 0x00, 0x9f, 0xef, 0x7e, 0xef, 0x9f, 0xef, 0x7e, 0xef,
    0x00, 0x00, 0x00, 0x00, 0x00, 0x00, 0x00, 0x00, 0x00, 0x00, 0x00, 0x00, 0x00, 0x00, 0x00, 0x00,
    0x00, 0x00, 0x00, 0x00, 0x00, 0x00, 0x00, 0x00, 0x00, 0x00, 0x00, 0x00, 0x00, 0x00, 0x00, 0x00,
    0x5e, 0xe7, 0x9e, 0xef, 0xbf, 0xf7, 0xbf, 0xf7, 0xbf, 0xf7, 0x00, 0x00, 0xbf, 0xf7, 0xbf, 0xf7,
    0x9f, 0xf7, 0x9f, 0xef, 0xbf, 0xf7, 0x00, 0x00, 0x9f, 0xef, 0x7e, 0xef, 0x9f, 0xef, 0x7e, 0xef,
    0x1d, 0xdf, 0x00, 0x00, 0x00, 0x00, 0x00, 0x00, 0x00, 0x00, 0x00, 0x00, 0x00, 0x00, 0x00, 0x00,
    0x00, 0x00, 0x00, 0x00, 0x00, 0x00, 0x00, 0x00, 0x00, 0x00, 0x20, 0x00, 0x81, 0x08, 0x86, 0x29,
    0x5e, 0xe7, 0x9e, 0xef, 0xbf, 0xf7, 0xbf, 0xf7, 0xbf, 0xf7, 0xbf, 0xf7, 0xbf, 0xf7, 0xbf, 0xf7,
    0x9f, 0xf7, 0x9f, 0xef, 0xbf, 0xf7, 0x9f, 0xf7, 0x9f, 0xef, 0x7e, 0xef, 0x9f, 0xef, 0x7e, 0xef,
    0x1d, 0xdf, 0x65, 0x29, 0x81, 0x08, 0x20, 0x00, 0x00, 0x00, 0x00, 0x00, 0x00, 0x00, 0x00, 0x00,
    0x00, 0x00, 0x00, 0x00, 0x00, 0x00, 0x00, 0x00, 0x00, 0x00, 0x20, 0x00, 0x81, 0x08, 0x86, 0x29,
    0x5e, 0xe7, 0x9e, 0xef, 0xbf, 0xf7, 0xbf, 0xf7, 0xbf, 0xf7, 0xbf, 0xf7, 0xbf, 0xf7, 0xbf, 0xf7,
    0x9f, 0xf7, 0x9f, 0xef, 0xbf, 0xf7, 0x9f, 0xf7, 0x9f, 0xef, 0x7e, 0xef, 0x9f, 0xef, 0x7e, 0xef,
    0x1d, 0xdf, 0x65, 0x29, 0x81, 0x08, 0x20, 0x00, 0x00, 0x00, 0x00, 0x00, 0x00, 0x00, 0x00, 0x00,
    0x00, 0x00, 0x00, 0x00, 0x00, 0x00, 0x00, 0x00, 0x00, 0x00, 0x20, 0x00, 0x81, 0x08, 0x86, 0x29,
    0x5e, 0xe7, 0x9e, 0xef, 0xbf, 0xf7, 0xbf, 0xf7, 0xbf, 0xf7, 0xbf, 0xf7, 0xbf, 0xf7, 0xbf, 0xf7,
    0x9f, 0xf7, 0x9f, 0xef, 0xbf, 0xf7, 0x9f, 0xf7, 0x9f, 0xef, 0x7e, 0xef, 0x9f, 0xef, 0x7e, 0xef,
    0x1d, 0xdf, 0x65, 0x29, 0x81, 0x08, 0x20, 0x00, 0x00, 0x00, 0x00, 0x00, 0x00, 0x00, 0x00, 0x00,
    0x00, 0x00, 0x00, 0x00, 0x00, 0x00, 0x00, 0x00, 0x00, 0x00, 0x20, 0x00, 0x81, 0x08, 0x86, 0x29,
    0x5e, 0xe7, 0x9e, 0xef, 0xbf, 0xf7, 0xbf, 0xf7, 0xbf, 0xf7, 0xbf, 0xf7, 0xbf, 0xf7, 0xbf, 0xf7,
    0x9f, 0xf7, 0x9f, 0xef, 0xbf, 0xf7, 0x9f, 0xf7, 0x9f, 0xef, 0x7e, 0xef, 0x9f, 0xef, 0x7e, 0xef,
    0x1d, 0xdf, 0x65, 0x29, 0x81, 0x08, 0x20, 0x00, 0x00, 0x00, 0x00, 0x00, 0x00, 0x00, 0x00, 0x00,
    0x00, 0x00, 0x00, 0x00, 0x00, 0x00, 0x00, 0x00, 0x00, 0x00, 0x20, 0x00, 0x81, 0x08, 0x86, 0x29,
    0x5e, 0xe7, 0x9e, 0xef, 0xbf, 0xf7, 0xbf, 0xf7, 0xbf, 0xf7, 0xbf, 0xf7, 0xbf, 0xf7, 0xbf, 0xf7,
    0x9f, 0xf7, 0x9f, 0xef, 0xbf, 0xf7, 0x9f, 0xf7, 0x9f, 0xef, 0x7e, 0xef, 0x9f, 0xef, 0x7e, 0xef,
    0x1d, 0xdf, 0x65, 0x29, 0x81, 0x08, 0x20, 0x00, 0x00, 0x00, 0x00, 0x00, 0x00, 0x00, 0x00, 0x00,
    0x00, 0x00, 0x00, 0x00, 0x00, 0x00, 0x00, 0x00, 0x00, 0x00, 0x00, 0x00, 0x00, 0x00, 0x00, 0x00,
    0x00, 0x00, 0x9e, 0xef, 0xbf, 0xf7, 0xbf, 0xf7, 0xbf, 0xf7, 0x00, 0x00, 0xbf, 0xf7, 0xbf, 0xf7,
    0x9f, 0xf7, 0x9f, 0xef, 0xbf, 0xf7, 0x00, 0x00, 0x9f, 0xef, 0x7e, 0xef, 0x9f, 0xef, 0x7e, 0xef,
    0x00, 0x00, 0x00, 0x00, 0x00, 0x00, 0x00, 0x00, 0x00, 0x00, 0x00, 0x00, 0x00, 0x00, 0x00, 0x00,
    0x00, 0x00, 0x00, 0x00, 0x00, 0x00, 0x00, 0x00, 0x00, 0x00, 0x00, 0x00, 0x00, 0x00, 0x00, 0x00,
    0x5e, 0xe7, 0x9e, 0xef, 0xbf, 0xf7, 0xbf, 0xf7, 0xbf, 0xf7, 0x00, 0x00, 0xbf, 0xf7, 0xbf, 0xf7,
    0x9f, 0xf7, 0x9f, 0xef, 0xbf, 0xf7, 0x00, 0x00, 0x9f, 0xef, 0x7e, 0xef, 0x9f, 0xef, 0x7e, 0xef,
    0x1d, 0xdf, 0x00, 0x00, 0x00, 0x00, 0x00, 0x00, 0x00, 0x00, 0x00, 0x00, 0x00, 0x00, 0x00, 0x00,
    0x00, 0x00, 0x00, 0x00, 0x00, 0x00, 0x00, 0x00, 0x00, 0x00, 0x20, 0x00, 0x81, 0x08, 0x86, 0x29,
    0x5e, 0xe7, 0x9e, 0xef, 0xbf, 0xf7, 0xbf, 0xf7, 0xbf, 0xf7, 0xbf, 0xf7, 0xbf, 0xf7, 0xbf, 0xf7,
    0x9f, 0xf7, 0x9f, 0xef, 0xbf, 0xf7, 0x9f, 0xf7, 0x9f, 0xef, 0x7e, 0xef, 0x9f, 0xef, 0x7e, 0xef,
    0x1d, 0xdf, 0x65, 0x29, 0x81, 0x08, 0x20, 0x00, 0x00, 0x00, 0x00, 0x00, 0x00, 0x00, 0x00, 0x00,
    0x00, 0x00, 0x00, 0x00, 0x00, 0x00, 0x00, 0x00, 0x00, 0x00, 0x20, 0x00, 0x81, 0x08, 0x86, 0x29,
    0x5e, 0xe7, 0x9e, 0xef, 0xbf, 0xf7, 0xbf, 0xf7, 0xbf, 0xf7, 0xbf, 0xf7, 0xbf, 0xf7, 0xbf, 0xf7,
    0x9f, 0xf7, 0x9f, 0xef, 0xbf, 0xf7, 0x9f, 0xf7, 0x9f, 0xef, 0x7e, 0xef, 0x9f, 0xef, 0x7e, 0xef,
    0x1d, 0xdf, 0x65, 0x29, 0x81, 0x08, 0x20, 0x00, 0x00, 0x00, 0x00, 0x00, 0x00, 0x00, 0x00, 0x00,
    0x00, 0x00, 0x00, 0x00, 0x00, 0x00, 0x00, 0x00, 0x00, 0x00, 0x20, 0x00, 0x81, 0x08, 0x86, 0x29,
    0x5e, 0xe7, 0x9e, 0xef, 0xbf, 0xf7, 0xbf, 0xf7, 0xbf, 0xf7, 0xbf, 0xf7, 0xbf, 0xf7, 0xbf, 0xf7,
    0x9f, 0xf7, 0x9f, 0xef, 0xbf, 0xf7, 0x9f, 0xf7, 0x9f, 0xef, 0x7e, 0xef, 0x9f, 0xef, 0x7e, 0xef,
    0x1d, 0xdf, 0x65, 0x29, 0x81, 0x08, 0x20, 0x00, 0x00, 0x00, 0x00, 0x00, 0x00, 0x00, 0x00, 0x00,
    0x00, 0x00, 0x00, 0x00, 0x00, 0x00, 0x00, 0x00, 0x00, 0x00, 0x20, 0x00, 0x81, 0x08, 0x86, 0x29,
    0x5e, 0xe7, 0x9e, 0xef, 0xbf, 0xf7, 0xbf, 0xf7, 0xbf, 0xf7, 0xbf, 0xf7, 0xbf, 0xf7, 0xbf, 0xf7,
    0x9f, 0xf7, 0x9f, 0xef, 0xbf, 0xf7, 0x9f, 0xf7, 0x9f, 0xef, 0x7e, 0xef, 0x9f, 0xef, 0x7e, 0xef,
    0x1d, 0xdf, 0x65, 0x29, 0x81, 0x08, 0x20, 0x00, 0x00, 0x00, 0x00, 0x00, 0x00, 0x00, 0x00, 0x00,
    0x00, 0x00, 0x00, 0x00, 0x00, 0x00, 0x00, 0x00, 0x00, 0x00, 0x20, 0x00, 0x81, 0x08, 0x86, 0x29,
    0x5e, 0xe7, 0x9e, 0xef, 0xbf, 0xf7, 0xbf, 0xf7, 0xbf, 0xf7, 0xbf, 0xf7, 0xbf, 0xf7, 0xbf, 0xf7,
    0x9f, 0xf7, 0x9f, 0xef, 0xbf, 0xf7, 0x9f, 0xf7, 0x9f, 0xef, 0x7e, 0xef, 0x9f, 0xef, 0x7e, 0xef,
    0x1d, 0xdf, 0x65, 0x29, 0x81, 0x08, 0x20, 0x00, 0x00, 0x00, 0x00, 0x00, 0x00, 0x00, 0x00, 0x00,
    0x00, 0x00, 0x00, 0x00, 0x00, 0x00, 0x00, 0x00, 0x00, 0x00, 0x20, 0x00, 0x81, 0x08, 0x86, 0x29,
    0x5e, 0xe7, 0x9e, 0xef, 0xbf, 0xf7, 0xbf, 0xf7, 0xbf, 0xf7, 0xbf, 0xf7, 0xbf, 0xf7, 0xbf, 0xf7,
    0x9f, 0xf7, 0x9f, 0xef, 0xbf, 0xf7, 0x9f, 0xf7, 0x9f, 0xef, 0x7e, 0xef, 0x9f, 0xef, 0x7e, 0xef,
    0x1d, 0xdf, 0x65, 0x29, 0x81, 0x08, 0x20, 0x00, 0x00, 0x00, 0x00, 0x00, 0x00, 0x00, 0x00, 0x00,
    0x00, 0x00, 0x00, 0x00, 0x00, 0x00, 0x00, 0x00, 0x00, 0x00, 0x20, 0x00, 0x81, 0x08, 0x86, 0x29,
    0x5e, 0xe7, 0x9e, 0xef, 0xbf, 0xf7, 0xbf, 0xf7, 0xbf, 0xf7, 0xbf, 0xf7, 0xbf, 0xf7, 0xbf, 0xf7,
    0x9f, 0xf7, 0x9f, 0xef, 0xbf, 0xf7, 0x9f, 0xf7, 0x9f, 0xef, 0x7e, 0xef, 0x9f, 0xef, 0x7e, 0xef,
    0x1d, 0xdf, 0x65, 0x29, 0x81, 0x08, 0x20, 0x00, 0x00, 0x00, 0x00, 0x00, 0x00, 0x00, 0x00, 0x00,
    0x00, 0x00, 0x00, 0x00, 0x00, 0x00, 0x00, 0x00, 0x00, 0x00, 0x20, 0x00, 0x81, 0x08, 0x86, 0x29,
    0x5e, 0xe7, 0x9e, 0xef, 0xbf, 0xf7, 0xbf, 0xf7, 0xbf, 0xf7, 0xbf, 0xf7, 0xbf, 0xf7, 0xbf, 0xf7,
    0x9f, 0xf7, 0x9f, 0xef, 0xbf, 0xf7, 0x9f, 0xf7, 0x9f, 0xef, 0x7e, 0xef, 0x9f, 0xef, 0x7e, 0xef,
    0x1d, 0xdf, 0x65, 0x29, 0x81, 0x08, 0x20, 0x00, 0x00, 0x00, 0x00, 0x00, 0x00, 0x00, 0x00, 0x00,
    0x00, 0x00, 0x00, 0x00, 0x00, 0x00, 0x00, 0x00, 0x00, 0x00, 0x20, 0x00, 0x81, 0x08, 0x86, 0x29,
    0x5e, 0xe7, 0x9e, 0xef, 0xbf, 0xf7, 0xbf, 0xf7, 0xbf, 0xf7, 0xbf, 0xf7, 0xbf, 0xf7, 0xbf, 0xf7,
    0x9f, 0xf7, 0x9f, 0xef, 0xbf, 0xf7, 0x9f, 0xf7, 0x9f, 0xef, 0x7e, 0xef, 0x9f, 0xef, 0x7e, 0xef,
    0x1d, 0xdf, 0x65, 0x29, 0x81, 0x08, 0x20, 0x00, 0x00, 0x00, 0x00, 0x00, 0x00, 0x00, 0x00, 0x00,
    0x00, 0x00, 0x00, 0x00, 0x00, 0x00, 0x00, 0x00, 0x00, 0x00, 0x20, 0x00, 0x81, 0x08, 0x86, 0x29,
    0x5e, 0xe7, 0x9e, 0xef, 0xbf, 0xf7, 0xbf, 0xf7, 0xbf, 0xf7, 0xbf, 0xf7, 0xbf, 0xf7, 0xbf, 0xf7,
    0x9f, 0xf7, 0x9f, 0xef, 0xbf, 0xf7, 0x9f, 0xf7, 0x9f, 0xef, 0x7e, 0xef, 0x9f, 0xef, 0x7e, 0xef,
    0x1d, 0xdf, 0x65, 0x29, 0x81, 0x08, 0x20, 0x00, 0x00, 0x00, 0x00, 0x00, 0x00, 0x00, 0x00, 0x00,
    0x00, 0x00, 0x00, 0x00, 0x00, 0x00, 0x00, 0x00, 0x00, 0x00, 0x20, 0x00, 0x81, 0x08, 0x86, 0x29,
    0x5e, 0xe7, 0x9e, 0xef, 0xbf, 0xf7, 0xbf, 0xf7, 0xbf, 0xf7, 0xbf, 0xf7, 0xbf, 0xf7, 0xbf, 0xf7,
    0x9f, 0xf7, 0x9f, 0xef, 0xbf, 0xf7, 0x9f, 0xf7, 0x9f, 0xef, 0x7e, 0xef, 0x9f, 0xef, 0x7e, 0xef,
    0x1d, 0xdf, 0x65, 0x29, 0x81, 0x08, 0x20, 0x00, 0x00, 0x00, 0x00, 0x00, 0x00, 0x00, 0x00, 0x00,
    0x00, 0x00, 0x00, 0x00, 0x00, 0x00, 0x00, 0x00, 0x00, 0x00, 0x20, 0x00, 0x81, 0x08, 0x86, 0x29,
    0x5e, 0xe7, 0x9e, 0xef, 0xbf, 0xf7, 0xbf, 0xf7, 0xbf, 0xf7, 0xbf, 0xf7, 0xbf, 0xf7, 0xbf, 0xf7,
    0x9f, 0xf7, 0x9f, 0xef, 0xbf, 0xf7, 0x9f, 0xf7, 0x9f, 0xef, 0x7e, 0xef, 0x9f, 0xef, 0x7e, 0xef,
    0x1d, 0xdf, 0x65, 0x29, 0x81, 0x08, 0x20, 0x00, 0x00, 0x00, 0x00, 0x00, 0x00, 0x00, 0x00, 0x00,
    0x00, 0x00, 0x00, 0x00, 0x00, 0x00, 0x00, 0x00, 0x20, 0x00, 0x61, 0x08, 0x28, 0x42, 0xbf, 0xf7,
    0xbf, 0xf7, 0xbf, 0xf7, 0xbf, 0xf7, 0xbf, 0xf7, 0xbf, 0xf7, 0xbf, 0xf7, 0xbf, 0xf7, 0xbf, 0xf7,
    0xbf, 0xf7, 0xbf, 0xf7, 0x9f, 0xf7, 0xbf, 0xf7, 0xbf, 0xef, 0x9e, 0xef, 0x7e, 0xef, 0x9f, 0xef,
    0x7e, 0xef, 0x5e, 0xe7, 0x28, 0x3a, 0x81, 0x08, 0x20, 0x00, 0x00, 0x00, 0x00, 0x00, 0x00, 0x00,
    0x00, 0x00, 0x00, 0x00, 0x00, 0x00, 0x00, 0x00, 0x20, 0x00, 0x61, 0x08, 0x28, 0x42, 0xbf, 0xf7,
    0xbf, 0xf7, 0xbf, 0xf7, 0xbf, 0xf7, 0xbf, 0xf7, 0xbf, 0xf7, 0xbf, 0xf7, 0xbf, 0xf7, 0xbf, 0xf7,
    0xbf, 0xf7, 0xbf, 0xf7, 0x9f, 0xf7, 0xbf, 0xf7, 0xbf, 0xef, 0x9e, 0xef, 0x7e, 0xef, 0x9f, 0xef,
    0x7e, 0xef, 0x5e, 0xe7, 0x28, 0x3a, 0x81, 0x08, 0x20, 0x00, 0x00, 0x00, 0x00, 0x00, 0x00, 0x00,
    0x00, 0x00, 0x00, 0x00, 0x00, 0x00, 0x00, 0x00, 0x20, 0x00, 0x61, 0x08, 0x28, 0x42, 0xbf, 0xf7,
    0xbf, 0xf7, 0xbf, 0xf7, 0xbf, 0xf7, 0xbf, 0xf7, 0xbf, 0xf7, 0xbf, 0xf7, 0xbf, 0xf7, 0xbf, 0xf7,
    0xbf, 0xf7, 0xbf, 0xf7, 0x9f, 0xf7, 0xbf, 0xf7, 0xbf, 0xef, 0x9e, 0xef, 0x7e, 0xef, 0x9f, 0xef,
    0x7e, 0xef, 0x5e, 0xe7, 0x28, 0x3a, 0x81, 0x08, 0x20, 0x00, 0x00, 0x00, 0x00, 0x00, 0x00, 0x00,
    0x00, 0x00, 0x00, 0x00, 0x00, 0x00, 0x00, 0x00, 0x20, 0x00, 0x61, 0x08, 0x28, 0x42, 0xbf, 0xf7,
    0xbf, 0xf7, 0xbf, 0xf7, 0xbf, 0xf7, 0xbf, 0xf7, 0xbf, 0xf7, 0xbf, 0xf7, 0xbf, 0xf7, 0xbf, 0xf7,
    0xbf, 0xf7, 0xbf, 0xf7, 0x9f, 0xf7, 0xbf, 0xf7, 0xbf, 0xef, 0x9e, 0xef, 0x7e, 0xef, 0x9f, 0xef,
    0x7e, 0xef, 0x5e, 0xe7, 0x28, 0x3a, 0x81, 0x08, 0x20, 0x00, 0x00, 0x00, 0x00, 0x00, 0x00, 0x00,
    0x00, 0x00, 0x00, 0x00, 0x00, 0x00, 0x00, 0x00, 0x20, 0x00, 0x61, 0x08, 0x28, 0x42, 0xbf, 0xf7,
    0xbf, 0xf7, 0xbf, 0xf7, 0xbf, 0xf7, 0xbf, 0xf7, 0xbf, 0xf7, 0xbf, 0xf7, 0xbf, 0xf7, 0xbf, 0xf7,
    0xbf, 0xf7, 0xbf, 0xf7, 0x9f, 0xf7, 0xbf, 0xf7, 0xbf, 0xef, 0x9e, 0xef, 0x7e, 0xef, 0x9f, 0xef,
    0x7e, 0xef, 0x5e, 0xe7, 0x28, 0x3a, 0x81, 0x08, 0x20, 0x00, 0x00, 0x00, 0x00, 0x00, 0x00, 0x00,
    0x00, 0x00, 0x00, 0x00, 0x00, 0x00, 0x00, 0x00, 0x20, 0x00, 0x61, 0x08, 0x28, 0x42, 0xbf, 0xf7,
    0xbf, 0xf7, 0xbf, 0xf7, 0xbf, 0xf7, 0xbf, 0xf7, 0xbf, 0xf7, 0xbf, 0xf7, 0xbf, 0xf7, 0xbf, 0xf7,
    0xbf, 0xf7, 0xbf, 0xf7, 0x9f, 0xf7, 0xbf, 0xf7, 0xbf, 0xef, 0x9e, 0xef, 0x7e, 0xef, 0x9f, 0xef,
    0x7e, 0xef, 0x5e, 0xe7, 0x28, 0x3a, 0x81, 0x08, 0x20, 0x00, 0x00, 0x00, 0x00, 0x00, 0x00, 0x00,
    0x00, 0x00, 0x00, 0x00, 0x00, 0x00, 0x00, 0x00, 0x20, 0x00, 0x61, 0x08, 0x28, 0x42, 0xbf, 0xf7,
    0xbf, 0xf7, 0xbf, 0xf7, 0xbf, 0xf7, 0xbf, 0xf7, 0xbf, 0xf7, 0xbf, 0xf7, 0xbf, 0xf7, 0xbf, 0xf7,
    0xbf, 0xf7, 0xbf, 0xf7, 0x9f, 0xf7, 0xbf, 0xf7, 0xbf, 0xef, 0x9e, 0xef, 0x7e, 0xef, 0x9f, 0xef,
    0x7e, 0xef, 0x5e, 0xe7, 0x28, 0x3a, 0x81, 0x08, 0x20, 0x00, 0x00, 0x00, 0x00, 0x00, 0x00, 0x00,
    0x00, 0x00, 0x00, 0x00, 0x00, 0x00, 0x00, 0x00, 0x20, 0x00, 0x61, 0x08, 0x28, 0x42, 0xbf, 0xf7,
    0xbf, 0xf7, 0xbf, 0xf7, 0xbf, 0xf7, 0xbf, 0xf7, 0xbf, 0xf7, 0xbf, 0xf7, 0xbf, 0xf7, 0xbf, 0xf7,
    0xbf, 0xf7, 0xbf, 0xf7, 0x9f, 0xf7, 0xbf, 0xf7, 0xbf, 0xef, 0x9e, 0xef, 0x7e, 0xef, 0x9f, 0xef,
    0x7e, 0xef, 0x5e, 0xe7, 0x28, 0x3a, 0x81, 0x08, 0x20, 0x00, 0x00, 0x00, 0x00, 0x00, 0x00, 0x00,
    0x00, 0x00, 0x00, 0x00, 0x00, 0x00, 0x00, 0x00, 0x20, 0x00, 0x61, 0x08, 0x28, 0x42, 0xbf, 0xf7,
    0xbf, 0xf7, 0xbf, 0xf7, 0xbf, 0xf7, 0xbf, 0xf7, 0xbf, 0xf7, 0xbf, 0xf7, 0xbf, 0xf7, 0xbf, 0xf7,
    0xbf, 0xf7, 0xbf, 0xf7, 0x9f, 0xf7, 0xbf, 0xf7, 0xbf, 0xef, 0x9e, 0xef, 0x7e, 0xef, 0x9f, 0xef,
    0x7e, 0xef, 0x5e, 0xe7, 0x28, 0x3a, 0x81, 0x08, 0x20, 0x00, 0x00, 0x00, 0x00, 0x00, 0x00, 0x00,
    0x00, 0x00, 0x00, 0x00, 0x00, 0x00, 0x00, 0x00, 0x20, 0x00, 0x61, 0x08, 0x28, 0x42, 0xbf, 0xf7,
    0xbf, 0xf7, 0xbf, 0xf7, 0xbf, 0xf7, 0xbf, 0xf7, 0xbf, 0xf7, 0xbf, 0xf7, 0xbf, 0xf7, 0xbf, 0xf7,
    0xbf, 0xf7, 0xbf, 0xf7, 0x9f, 0xf7, 0xbf, 0xf7, 0xbf, 0xef, 0x9e, 0xef, 0x7e, 0xef, 0x9f, 0xef,
    0x7e, 0xef, 0x5e, 0xe7, 0x28, 0x3a, 0x81, 0x08, 0x20, 0x00, 0x00, 0x00, 0x00, 0x00, 0x00, 0x00,
    0x00, 0x00, 0x00, 0x00, 0x00, 0x00, 0x00, 0x00, 0x20, 0x00, 0x61, 0x08, 0x28, 0x42, 0xbf, 0xf7,
    0xbf, 0xf7, 0xbf, 0xf7, 0xbf, 0xf7, 0xbf, 0xf7, 0xbf, 0xf7, 0xbf, 0xf7, 0xbf, 0xf7, 0xbf, 0xf7,
    0xbf, 0xf7, 0xbf, 0xf7, 0x9f, 0xf7, 0xbf, 0xf7, 0xbf, 0xef, 0x9e, 0xef, 0x7e, 0xef, 0x9f, 0xef,
    0x7e, 0xef, 0x5e, 0xe7, 0x28, 0x3a, 0x81, 0x08, 0x20, 0x00, 0x00, 0x00, 0x00, 0x00, 0x00, 0x00,
    0x00, 0x00, 0x00, 0x00, 0x00, 0x00, 0x00, 0x00, 0x20, 0x00, 0x61, 0x08, 0x28, 0x42, 0xbf, 0xf7,
    0xbf, 0xf7, 0xbf, 0xf7, 0xbf, 0xf7, 0xbf, 0xf7, 0xbf, 0xf7, 0xbf, 0xf7, 0xbf, 0xf7, 0xbf, 0xf7,
    0xbf, 0xf7, 0xbf, 0xf7, 0x9f, 0xf7, 0xbf, 0xf7, 0xbf, 0xef, 0x9e, 0xef, 0x7e, 0xef, 0x9f, 0xef,
    0x7e, 0xef, 0x5e, 0xe7, 0x28, 0x3a, 0x81, 0x08, 0x20, 0x00, 0x00, 0x00, 0x00, 0x00, 0x00, 0x00,
    0x00, 0x00, 0x00, 0x00, 0x00, 0x00, 0x00, 0x00, 0x20, 0x00, 0x61, 0x08, 0x28, 0x42, 0xbf, 0xf7,
    0xbf, 0xf7, 0xbf, 0xf7, 0xbf, 0xf7, 0xbf, 0xf7, 0xbf, 0xf7, 0xbf, 0xf7, 0xbf, 0xf7, 0xbf, 0xf7,
    0xbf, 0xf7, 0xbf, 0xf7, 0x9f, 0xf7, 0xbf, 0xf7, 0xbf, 0xef, 0x9e, 0xef, 0x7e, 0xef, 0x9f, 0xef,
    0x7e, 0xef, 0x5e, 0xe7, 0x28, 0x3a, 0x81, 0x08, 0x20, 0x00, 0x00, 0x00, 0x00, 0x00, 0x00, 0x00,
    0x00, 0x00, 0x00, 0x00, 0x00, 0x00, 0x00, 0x00, 0x20, 0x00, 0x61, 0x08, 0x28, 0x42, 0xbf, 0xf7,
    0xbf, 0xf7, 0xbf, 0xf7, 0xbf, 0xf7, 0xbf, 0xf7, 0xbf, 0xf7, 0xbf, 0xf7, 0xbf, 0xf7, 0xbf, 0xf7,
    0xbf, 0xf7, 0xbf, 0xf7, 0x9f, 0xf7, 0xbf, 0xf7, 0xbf, 0xef, 0x9e, 0xef, 0x7e, 0xef, 0x9f, 0xef,
    0x7e, 0xef, 0x5e, 0xe7, 0x28, 0x3a, 0x81, 0x08, 0x20, 0x00, 0x00, 0x00, 0x00, 0x00, 0x00, 0x00,
    0x00, 0x00, 0x00, 0x00, 0x00, 0x00, 0x00, 0x00, 0x20, 0x00, 0x61, 0x08, 0x28, 0x42, 0xbf, 0xf7,
    0xbf, 0xf7, 0xbf, 0xf7, 0xbf, 0xf7, 0xbf, 0xf7, 0xbf, 0xf7, 0xbf, 0xf7, 0xbf, 0xf7, 0xbf, 0xf7,
    0xbf, 0xf7, 0xbf, 0xf7, 0x9f, 0xf7, 0xbf, 0xf7, 0xbf, 0xef, 0x9e, 0xef, 0x7e, 0xef, 0x9f, 0xef,
    0x7e, 0xef, 0x5e, 0xe7, 0x28, 0x3a, 0x81, 0x08, 0x20, 0x00, 0x00, 0x00, 0x00, 0x00, 0x00, 0x00,
    0x00, 0x00, 0x00, 0x00, 0x00, 0x00, 0x00, 0x00, 0x20, 0x00, 0x61, 0x08, 0x28, 0x42, 0xbf, 0xf7,
    0xbf, 0xf7, 0xbf, 0xf7, 0xbf, 0xf7, 0xbf, 0xf7, 0xbf, 0xf7, 0xbf, 0xf7, 0xbf, 0xf7, 0xbf, 0xf7,
    0xbf, 0xf7, 0xbf, 0xf7, 0x9f, 0xf7, 0xbf, 0xf7, 0xbf, 0xef, 0x9e, 0xef, 0x7e, 0xef, 0x9f, 0xef,
    0x7e, 0xef, 0x5e, 0xe7, 0x28, 0x3a, 0x81, 0x08, 0x20, 0x00, 0x00, 0x00, 0x00, 0x00, 0x00, 0x00,
    0x00, 0x00, 0x00, 0x00, 0x00, 0x00, 0x00, 0x00, 0x20, 0x00, 0x61, 0x08, 0x28, 0x42, 0xbf, 0xf7,
    0xbf, 0xf7, 0xbf, 0xf7, 0xbf, 0xf7, 0xbf, 0xf7, 0xbf, 0xf7, 0xbf, 0xf7, 0xbf, 0xf7, 0xbf, 0xf7,
    0xbf, 0xf7, 0xbf, 0xf7, 0x9f, 0xf7, 0xbf, 0xf7, 0xbf, 0xef, 0x9e, 0xef, 0x7e, 0xef, 0x9f, 0xef,
    0x7e, 0xef, 0x5e, 0xe7, 0x28, 0x3a, 0x81, 0x08, 0x20, 0x00, 0x00, 0x00, 0x00, 0x00, 0x00, 0x00,
    0x00, 0x00, 0x00, 0x00, 0x00, 0x00, 0x00, 0x00, 0x20, 0x00, 0x61, 0x08, 0x28, 0x42, 0xbf, 0xf7,
    0xbf, 0xf7, 0xbf, 0xf7, 0xbf, 0xf7, 0xbf, 0xf7, 0xbf, 0xf7, 0xbf, 0xf7, 0xbf, 0xf7, 0xbf, 0xf7,
    0xbf, 0xf7, 0xbf, 0xf7, 0x9f, 0xf7, 0xbf, 0xf7, 0xbf, 0xef, 0x9e, 0xef, 0x7e, 0xef, 0x9f, 0xef,
    0x7e, 0xef, 0x5e, 0xe7, 0x28, 0x3a, 0x81, 0x08, 0x20, 0x00, 0x00, 0x00, 0x00, 0x00, 0x00, 0x00,
    0x00, 0x00, 0x00, 0x00, 0x00, 0x00, 0x00, 0x00, 0x20, 0x00, 0x61, 0x08, 0x28, 0x42, 0xbf, 0xf7,
    0xbf, 0xf7, 0xbf, 0xf7, 0xbf, 0xf7, 0xbf, 0xf7, 0xbf, 0xf7, 0xbf, 0xf7, 0xbf, 0xf7, 0xbf, 0xf7,
    0xbf, 0xf7, 0xbf, 0xf7, 0x9f, 0xf7, 0xbf, 0xf7, 0xbf, 0xef, 0x9e, 0xef, 0x7e, 0xef, 0x9f, 0xef,
    0x7e, 0xef, 0x5e, 0xe7, 0x28, 0x3a, 0x81, 0x08, 0x20, 0x00, 0x00, 0x00, 0x00, 0x00, 0x00, 0x00,
    0x00, 0x00, 0x00, 0x00, 0x00, 0x00, 0x00, 0x00, 0x20, 0x00, 0x61, 0x08, 0x28, 0x42, 0xbf, 0xf7,
    0xbf, 0xf7, 0xbf, 0xf7, 0xbf, 0xf7, 0xbf, 0xf7, 0xbf, 0xf7, 0xbf, 0xf7, 0xbf, 0xf7, 0xbf, 0xf7,
    0xbf, 0xf7, 0xbf, 0xf7, 0x9f, 0xf7, 0xbf, 0xf7, 0xbf, 0xef, 0x9e, 0xef, 0x7e, 0xef, 0x9f, 0xef,
    0x7e, 0xef, 0x5e, 0xe7, 0x28, 0x3a, 0x81, 0x08, 0x20, 0x00, 0x00, 0x00, 0x00, 0x00, 0x00, 0x00,
    0x00, 0x00, 0x00, 0x00, 0x00, 0x00, 0x00, 0x00, 0x20, 0x00, 0x61, 0x08, 0x28, 0x42, 0xbf, 0xf7,
    0x00, 0x00, 0x00, 0x00, 0x00, 0x00, 0xbf, 0xf7, 0xbf, 0xf7, 0xbf, 0xf7, 0xbf, 0xf7, 0xbf, 0xf7,
    0xbf, 0xf7, 0xbf, 0xf7, 0x9f, 0xf7, 0xbf, 0xf7, 0xbf, 0xef, 0x00, 0x00, 0x7e, 0xef, 0x9f, 0xef,
    0x7e, 0xef, 0x5e, 0xe7, 0x00, 0x00, 0x00, 0x00, 0x00, 0x00, 0x00, 0x00, 0x00, 0x00, 0x00, 0x00,
    0x00, 0x00, 0x00, 0x00, 0x00, 0x00, 0x00, 0x00, 0x20, 0x00, 0x61, 0x08, 0x00, 0x00, 0x00, 0x00,
    0x00, 0x00, 0x00, 0x00, 0x00, 0x00, 0xbf, 0xf7, 0xbf, 0xf7, 0xbf, 0xf7, 0x00, 0x00, 0xbf, 0xf7,
    0xbf, 0xf7, 0xbf, 0xf7, 0x9f, 0xf7, 0xbf, 0xf7, 0x00, 0x00, 0x9e, 0xef, 0x7e, 0xef, 0x9f, 0xef,
    0x00, 0x00, 0x00, 0x00, 0x00, 0x00, 0x00, 0x00, 0x00, 0x00, 0x00, 0x00, 0x00, 0x00, 0x00, 0x00,
    0x00, 0x00, 0x00, 0x00, 0x00, 0x00, 0x00, 0x00, 0x00, 0x00, 0x00, 0x00, 0x00, 0x00, 0x00, 0x00,
    0x00, 0x00, 0xbf, 0xf7, 0xbf, 0xf7, 0xbf, 0xf7, 0xbf, 0xf7, 0x00, 0x00, 0xbf, 0xf7, 0xbf, 0xf7,
    0xbf, 0xf7, 0xbf, 0xf7, 0x9f, 0xf7, 0xbf, 0xf7, 0xbf, 0xef, 0x9e, 0xef, 0x7e, 0xef, 0x9f, 0xef,
    0x00, 0x00, 0x00, 0x00, 0x00, 0x00, 0x00, 0x00, 0x00, 0x00, 0x00, 0x00, 0x00, 0x00, 0x00, 0x00,
    0x00, 0x00, 0x00, 0x00, 0x00, 0x00, 0x00, 0x00, 0x00, 0x00, 0x00, 0x00, 0x00, 0x00, 0x00, 0x00,
    0xbf, 0xf7, 0xbf, 0xf7, 0xbf, 0xf7, 0xbf, 0xf7, 0xbf, 0xf7, 0x00, 0x00, 0xbf, 0xf7, 0xbf, 0xf7,
    0xbf, 0xf7, 0xbf, 0xf7, 0x9f, 0xf7, 0x00, 0x00, 0xbf, 0xef, 0x9e, 0xef, 0x7e, 0xef, 0x9f, 0xef,
    0x7e, 0xef, 0x00, 0x00, 0x00, 0x00, 0x00, 0x00, 0x00, 0x00, 0x00, 0x00, 0x00, 0x00, 0x00, 0x00,
    0x00, 0x00, 0x00, 0x00, 0x00, 0x00, 0x00, 0x00, 0x20, 0x00, 0x61, 0x08, 0x28, 0x42, 0xbf, 0xf7,
    0xbf, 0xf7, 0xbf, 0xf7, 0xbf, 0xf7, 0xbf, 0xf7, 0xbf, 0xf7, 0x00, 0x00, 0xbf, 0xf7, 0xbf, 0xf7,
    0xbf, 0xf7, 0xbf, 0xf7, 0x9f, 0xf7, 0x00, 0x00, 0xbf, 0xef, 0x9e, 0xef, 0x7e, 0xef, 0x9f, 0xef,
    0x7e, 0xef, 0x5e, 0xe7, 0x28, 0x3a, 0x81, 0x08, 0x20, 0x00, 0x00, 0x00, 0x00, 0x00, 0x00, 0x00,
    0x00, 0x00, 0x00, 0x00, 0x00, 0x00, 0x00, 0x00, 0x20, 0x00, 0x61, 0x08, 0x28, 0x42, 0xbf, 0xf7,
    0xbf, 0xf7, 0xbf, 0xf7, 0xbf, 0xf7, 0xbf, 0xf7, 0xbf, 0xf7, 0xbf, 0xf7, 0xbf, 0xf7, 0xbf, 0xf7,
    0xbf, 0xf7, 0xbf, 0xf7, 0x9f, 0xf7, 0xbf, 0xf7, 0xbf, 0xef, 0x9e, 0xef, 0x7e, 0xef, 0x9f, 0xef,
    0x7e, 0xef, 0x5e, 0xe7, 0x28, 0x3a, 0x81, 0x08, 0x20, 0x00, 0x00, 0x00, 0x00, 0x00, 0x00, 0x00,
    0x00, 0x00, 0x00, 0x00, 0x00, 0x00, 0x00, 0x00, 0x20, 0x00, 0x61, 0x08, 0x28, 0x42, 0xbf, 0xf7,
    0xbf, 0xf7, 0xbf, 0xf7, 0xbf, 0xf7, 0xbf, 0xf7, 0xbf, 0xf7, 0xbf, 0xf7, 0xbf, 0xf7, 0xbf, 0xf7,
    0xbf, 0xf7, 0xbf, 0xf7, 0x9f, 0xf7, 0xbf, 0xf7, 0xbf, 0xef, 0x9e, 0xef, 0x7e, 0xef, 0x9f, 0xef,
    0x7e, 0xef, 0x5e, 0xe7, 0x28, 0x3a, 0x81, 0x08, 0x20, 0x00, 0x00, 0x00, 0x00, 0x00, 0x00, 0x00,
    0x00, 0x00, 0x00, 0x00, 0x00, 0x00, 0x00, 0x00, 0x20, 0x00, 0x61, 0x08, 0x28, 0x42, 0xbf, 0xf7,
    0xbf, 0xf7, 0xbf, 0xf7, 0xbf, 0xf7, 0xbf, 0xf7, 0xbf, 0xf7, 0xbf, 0xf7, 0xbf, 0xf7, 0xbf, 0xf7,
    0xbf, 0xf7, 0xbf, 0xf7, 0x9f, 0xf7, 0xbf, 0xf7, 0xbf, 0xef, 0x9e, 0xef, 0x7e, 0xef, 0x9f, 0xef,
    0x7e, 0xef, 0x5e, 0xe7, 0x28, 0x3a, 0x81, 0x08, 0x20, 0x00, 0x00, 0x00, 0x00, 0x00, 0x00, 0x00,
    0x00, 0x00, 0x00, 0x00, 0x00, 0x00, 0x00, 0x00, 0x20, 0x00, 0x61, 0x08, 0x28, 0x42, 0xbf, 0xf7,
    0xbf, 0xf7, 0xbf, 0xf7, 0xbf, 0xf7, 0xbf, 0xf7, 0xbf, 0xf7, 0x00, 0x00, 0xbf, 0xf7, 0xbf, 0xf7,
    0xbf, 0xf7, 0xbf, 0xf7, 0x9f, 0xf7, 0x00, 0x00, 0xbf, 0xef, 0x9e, 0xef, 0x7e, 0xef, 0x9f, 0xef,
    0x7e, 0xef, 0x5e, 0xe7, 0x28, 0x3a, 0x81, 0x08, 0x20, 0x00, 0x00, 0x00, 0x00, 0x00, 0x00, 0x00,
    0x00, 0x00, 0x00, 0x00, 0x00, 0x00, 0x00, 0x00, 0x20, 0x00, 0x61, 0x08, 0x00, 0x00, 0x00, 0x00,
    0x00, 0x00, 0x00, 0x00, 0xbf, 0xf7, 0xbf, 0xf7, 0x00, 0x00, 0x00, 0x00, 0xbf, 0xf7, 0xbf, 0xf7,
    0xbf, 0xf7, 0xbf, 0xf7, 0x9f, 0xf7, 0x00, 0x00, 0x00, 0x00, 0x9e, 0xef, 0x7e, 0xef, 0x00, 0x00,
    0x00, 0x00, 0x00, 0x00, 0x00, 0x00, 0x81, 0x08, 0x20, 0x00, 0x00, 0x00, 0x00, 0x00, 0x00, 0x00,
    0x00, 0x00, 0x00, 0x00, 0x00, 0x00, 0x00, 0x00, 0x20, 0x00, 0x61, 0x08, 0x00, 0x00, 0x00, 0x00,
    0x00, 0x00, 0x00, 0x00, 0xbf, 0xf7, 0xbf, 0xf7, 0x00, 0x00, 0x00, 0x00, 0xbf, 0xf7, 0xbf, 0xf7,
    0xbf, 0xf7, 0xbf, 0xf7, 0x9f, 0xf7, 0x00, 0x00, 0x00, 0x00, 0x9e, 0xef, 0x7e, 0xef, 0x00, 0x00,
    0x00, 0x00, 0x00, 0x00, 0x00, 0x00, 0x81, 0x08, 0x20, 0x00, 0x00, 0x00, 0x00, 0x00, 0x00, 0x00,
    0x00, 0x00, 0x00, 0x00, 0x00, 0x00, 0x00, 0x00, 0x20, 0x00, 0x61, 0x08, 0x28, 0x42, 0xbf, 0xf7,
    0xbf, 0xf7, 0xbf, 0xf7, 0xbf, 0xf7, 0xbf, 0xf7, 0xbf, 0xf7, 0x00, 0x00, 0xbf, 0xf7, 0xbf, 0xf7,
    0xbf, 0xf7, 0xbf, 0xf7, 0x9f, 0xf7, 0x00, 0x00, 0xbf, 0xef, 0x9e, 0xef, 0x7e, 0xef, 0x9f, 0xef,
    0x7e, 0xef, 0x5e, 0xe7, 0x28, 0x3a, 0x81, 0x08, 0x20, 0x00, 0x00, 0x00, 0x00, 0x00, 0x00, 0x00,
    0x00, 0x00, 0x00, 0x00, 0x00, 0x00, 0x00, 0x00, 0x20, 0x00, 0x61, 0x08, 0x28, 0x42, 0xbf, 0xf7,
    0xbf, 0xf7, 0xbf, 0xf7, 0xbf, 0xf7, 0xbf, 0xf7, 0xbf, 0xf7, 0xbf, 0xf7, 0xbf, 0xf7, 0xbf, 0xf7,
    0xbf, 0xf7, 0xbf, 0xf7, 0x9f, 0xf7, 0xbf, 0xf7, 0xbf, 0xef, 0x9e, 0xef, 0x7e, 0xef, 0x9f, 0xef,
    0x7e, 0xef, 0x5e, 0xe7, 0x28, 0x3a, 0x81, 0x08, 0x20, 0x00, 0x00, 0x00, 0x00, 0x00, 0x00, 0x00,
    0x00, 0x00, 0x00, 0x00, 0x00, 0x00, 0x00, 0x00, 0x20, 0x00, 0x61, 0x08, 0x28, 0x42, 0xbf, 0xf7,
    0xbf, 0xf7, 0xbf, 0xf7, 0xbf, 0xf7, 0xbf, 0xf7, 0xbf, 0xf7, 0xbf, 0xf7, 0xbf, 0xf7, 0xbf, 0xf7,
    0xbf, 0xf7, 0xbf, 0xf7, 0x9f, 0xf7, 0xbf, 0xf7, 0xbf, 0xef, 0x9e, 0xef, 0x7e, 0xef, 0x9f, 0xef,
    0x7e, 0xef, 0x5e, 0xe7, 0x28, 0x3a, 0x81, 0x08, 0x20, 0x00, 0x00, 0x00, 0x00, 0x00, 0x00, 0x00,
    0x00, 0x00, 0x00, 0x00, 0x00, 0x00, 0x00, 0x00, 0x20, 0x00, 0x61, 0x08, 0x28, 0x42, 0xbf, 0xf7,
    0xbf, 0xf7, 0xbf, 0xf7, 0xbf, 0xf7, 0xbf, 0xf7, 0xbf, 0xf7, 0xbf, 0xf7, 0xbf, 0xf7, 0xbf, 0xf7,
    0xbf, 0xf7, 0xbf, 0xf7, 0x9f, 0xf7, 0xbf, 0xf7, 0xbf, 0xef, 0x9e, 0xef, 0x7e, 0xef, 0x9f, 0xef,
    0x7e, 0xef, 0x5e, 0xe7, 0x28, 0x3a, 0x81, 0x08, 0x20, 0x00, 0x00, 0x00, 0x00, 0x00, 0x00, 0x00,
    0x00, 0x00, 0x00, 0x00, 0x00, 0x00, 0x00, 0x00, 0x20, 0x00, 0x61, 0x08, 0x28, 0x42, 0xbf, 0xf7,
    0xbf, 0xf7, 0xbf, 0xf7, 0xbf, 0xf7, 0xbf, 0xf7, 0xbf, 0xf7, 0x00, 0x00, 0xbf, 0xf7, 0xbf, 0xf7,
    0xbf, 0xf7, 0xbf, 0xf7, 0x9f, 0xf7, 0x00, 0x00, 0xbf, 0xef, 0x9e, 0xef, 0x7e, 0xef, 0x9f, 0xef,
    0x7e, 0xef, 0x5e, 0xe7, 0x28, 0x3a, 0x81, 0x08, 0x20, 0x00, 0x00, 0x00, 0x00, 0x00, 0x00, 0x00,
    0x00, 0x00, 0x00, 0x00, 0x00, 0x00, 0x00, 0x00, 0x20, 0x00, 0x61, 0x08, 0x00, 0x00, 0x00, 0x00,
    0x00, 0x00, 0x00, 0x00, 0xbf, 0xf7, 0xbf, 0xf7, 0x00, 0x00, 0x00, 0x00, 0xbf, 0xf7, 0xbf, 0xf7,
    0xbf, 0xf7, 0xbf, 0xf7, 0x9f, 0xf7, 0x00, 0x00, 0x00, 0x00, 0x9e, 0xef, 0x7e, 0xef, 0x00, 0x00,
    0x00, 0x00, 0x00, 0x00, 0x00, 0x00, 0x81, 0x08, 0x20, 0x00, 0x00, 0x00, 0x00, 0x00, 0x00, 0x00,
    0x00, 0x00, 0x00, 0x00, 0x00, 0x00, 0x00, 0x00, 0x20, 0x00, 0x61, 0x08, 0x00, 0x00, 0x00, 0x00,
    0x00, 0x00, 0x00, 0x00, 0xbf, 0xf7, 0xbf, 0xf7, 0x00, 0x00, 0x00, 0x00, 0xbf, 0xf7, 0xbf, 0xf7,
    0xbf, 0xf7, 0xbf, 0xf7, 0x9f, 0xf7, 0x00, 0x00, 0x00, 0x00, 0x9e, 0xef, 0x7e, 0xef, 0x00, 0x00,
    0x00, 0x00, 0x00, 0x00, 0x00, 0x00, 0x81, 0x08, 0x20, 0x00, 0x00, 0x00, 0x00, 0x00, 0x00, 0x00,
    0x00, 0x00, 0x00, 0x00, 0x00, 0x00, 0x00, 0x00, 0x20, 0x00, 0x61, 0x08, 0x28, 0x42, 0xbf, 0xf7,
    0xbf, 0xf7, 0xbf, 0xf7, 0xbf, 0xf7, 0xbf, 0xf7, 0x00, 0x00, 0xbf, 0xf7, 0xbf, 0xf7, 0xbf, 0xf7,
    0xbf, 0xf7, 0xbf, 0xf7, 0x9f, 0xf7, 0xbf, 0xf7, 0xbf, 0xef, 0x9e, 0xef, 0x7e, 0xef, 0x9f, 0xef,
    0x7e, 0xef, 0x5e, 0xe7, 0x28, 0x3a, 0x81, 0x08, 0x20, 0x00, 0x00, 0x00, 0x00, 0x00, 0x00, 0x00,
    0x00, 0x00, 0x00, 0x00, 0x00, 0x00, 0x00, 0x00, 0x20, 0x00, 0x61, 0x08, 0x28, 0x42, 0xbf, 0xf7,
    0xbf, 0xf7, 0xbf, 0xf7, 0xbf, 0xf7, 0xbf, 0xf7, 0xbf, 0xf7, 0xbf, 0xf7, 0xbf, 0xf7, 0xbf, 0xf7,
    0xbf, 0xf7, 0xbf, 0xf7, 0x9f, 0xf7, 0xbf, 0xf7, 0xbf, 0xef, 0x9e, 0xef, 0x7e, 0xef, 0x9f, 0xef,
    0x7e, 0xef, 0x5e, 0xe7, 0x28, 0x3a, 0x81, 0x08, 0x20, 0x00, 0x00, 0x00, 0x00, 0x00, 0x00, 0x00,
    0x00, 0x00, 0x00, 0x00, 0x00, 0x00, 0x00, 0x00, 0x20, 0x00, 0x61, 0x08, 0x28, 0x42, 0xbf, 0xf7,
    0x00, 0x00, 0xbf, 0xf7, 0xbf, 0xf7, 0xbf, 0xf7, 0xbf, 0xf7, 0xbf, 0xf7, 0x00, 0x00, 0xbf, 0xf7,
    0xbf, 0xf7, 0xbf, 0xf7, 0x9f, 0xf7, 0xbf, 0xf7, 0xbf, 0xef, 0x9e, 0xef, 0x7e, 0xef, 0x9f, 0xef,
    0x7e, 0xef, 0x5e, 0xe7, 0x28, 0x3a, 0x81, 0x08, 0x20, 0x00, 0x00, 0x00, 0x00, 0x00, 0x00, 0x00,
    0x00, 0x00, 0x00, 0x00, 0x00, 0x00, 0x00, 0x00, 0x20, 0x00, 0x61, 0x08, 0x28, 0x42, 0xbf, 0xf7,
    0xbf, 0xf7, 0xbf, 0xf7, 0xbf, 0xf7, 0xbf, 0xf7, 0xbf, 0xf7, 0xbf, 0xf7, 0xbf, 0xf7, 0xbf, 0xf7,
    0xbf, 0xf7, 0xbf, 0xf7, 0x9f, 0xf7, 0xbf, 0xf7, 0xbf, 0xef, 0x9e, 0xef, 0x7e, 0xef, 0x9f, 0xef,
    0x7e, 0xef, 0x5e, 0xe7, 0x28, 0x3a, 0x81, 0x08, 0x20, 0x00, 0x00, 0x00, 0x00, 0x00, 0x00, 0x00,
    0x00, 0x00, 0x00, 0x00, 0x00, 0x00, 0x00, 0x00, 0x20, 0x00, 0x61, 0x08, 0x28, 0x42, 0xbf, 0xf7,
    0xbf, 0xf7, 0xbf, 0xf7, 0xbf, 0xf7, 0xbf, 0xf7, 0xbf, 0xf7, 0xbf, 0xf7, 0xbf, 0xf7, 0xbf, 0xf7,
    0xbf, 0xf7, 0xbf, 0xf7, 0x9f, 0xf7, 0xbf, 0xf7, 0xbf, 0xef, 0x9e, 0xef, 0x7e, 0xef, 0x9f, 0xef,
    0x7e, 0xef, 0x5e, 0xe7, 0x28, 0x3a, 0x81, 0x08, 0x20, 0x00, 0x00, 0x00, 0x00, 0x00, 0x00, 0x00,
    0x00, 0x00, 0x00, 0x00, 0x00, 0x00, 0x00, 0x00, 0x20, 0x00, 0x61, 0x08, 0x28, 0x42, 0xbf, 0xf7,
    0xbf, 0xf7, 0xbf, 0xf7, 0xbf, 0xf7, 0xbf, 0xf7, 0xbf, 0xf7, 0xbf, 0xf7, 0xbf, 0xf7, 0xbf, 0xf7,
    0xbf, 0xf7, 0xbf, 0xf7, 0x9f, 0xf7, 0xbf, 0xf7, 0xbf, 0xef, 0x9e, 0xef, 0x7e, 0xef, 0x9f, 0xef,
    0x7e, 0xef, 0x5e, 0xe7, 0x28, 0x3a, 0x81, 0x08, 0x20, 0x00, 0x00, 0x00, 0x00, 0x00, 0x00, 0x00,
    0x00, 0x00, 0x00, 0x00, 0x00, 0x00, 0x00, 0x00, 0x20, 0x00, 0x61, 0x08, 0x28, 0x42, 0xbf, 0xf7,
    0xbf, 0xf7, 0xbf, 0xf7, 0xbf, 0xf7, 0xbf, 0xf7, 0xbf, 0xf7, 0xbf, 0xf7, 0xbf, 0xf7, 0xbf, 0xf7,
    0xbf, 0xf7, 0xbf, 0xf7, 0x9f, 0xf7, 0xbf, 0xf7, 0xbf, 0xef, 0x9e, 0xef, 0x7e, 0xef, 0x9f, 0xef,
    0x7e, 0xef, 0x5e, 0xe7, 0x28, 0x3a, 0x81, 0x08, 0x20, 0x00, 0x00, 0x00, 0x00, 0x00, 0x00, 0x00,
    0x00, 0x00, 0x00, 0x00, 0x00, 0x00, 0x00, 0x00, 0x20, 0x00, 0x61, 0x08, 0x28, 0x42, 0xbf, 0xf7,
    0xbf, 0xf7, 0xbf, 0xf7, 0xbf, 0xf7, 0xbf, 0xf7, 0xbf, 0xf7, 0xbf, 0xf7, 0xbf, 0xf7, 0xbf, 0xf7,
    0xbf, 0xf7, 0xbf, 0xf7, 0x9f, 0xf7, 0xbf, 0xf7, 0xbf, 0xef, 0x9e, 0xef, 0x7e, 0xef, 0x9f, 0xef,
    0x7e, 0xef, 0x5e, 0xe7, 0x28, 0x3a, 0x81, 0x08, 0x20, 0x00, 0x00, 0x00, 0x00, 0x00, 0x00, 0x00,
    0x00, 0x00, 0x00, 0x00, 0x00, 0x00, 0x00, 0x00, 0x20, 0x00, 0x61, 0x08, 0x28, 0x42, 0xbf, 0xf7,
    0xbf, 0xf7, 0xbf, 0xf7, 0xbf, 0xf7, 0xbf, 0xf7, 0xbf, 0xf7, 0xbf, 0xf7, 0xbf, 0xf7, 0xbf, 0xf7,
    0xbf, 0xf7, 0xbf, 0xf7, 0x9f, 0xf7, 0xbf, 0xf7, 0xbf, 0xef, 0x9e, 0xef, 0x7e, 0xef, 0x9f, 0xef,
    0x7e, 0xef, 0x5e, 0xe7, 0x28, 0x3a, 0x81, 0x08, 0x20, 0x00, 0x00, 0x00, 0x00, 0x00, 0x00, 0x00,
    0x00, 0x00, 0x00, 0x00, 0x00, 0x00, 0x00, 0x00, 0x20, 0x00, 0x61, 0x08, 0x28, 0x42, 0xbf, 0xf7,
    0xbf, 0xf7, 0xbf, 0xf7, 0xbf, 0xf7, 0xbf, 0xf7, 0xbf, 0xf7, 0xbf, 0xf7, 0xbf, 0xf7, 0xbf, 0xf7,
    0xbf, 0xf7, 0xbf, 0xf7, 0x9f, 0xf7, 0xbf, 0xf7, 0xbf, 0xef, 0x9e, 0xef, 0x7e, 0xef, 0x9f, 0xef,
    0x7e, 0xef, 0x5e, 0xe7, 0x28, 0x3a, 0x81, 0x08, 0x20, 0x00, 0x00, 0x00, 0x00, 0x00, 0x00, 0x00,
    0x00, 0x00, 0x00, 0x00, 0x00, 0x00, 0x00, 0x00, 0x20, 0x00, 0x61, 0x08, 0x28, 0x42, 0xbf, 0xf7,
    0xbf, 0xf7, 0xbf, 0xf7, 0xbf, 0xf7, 0xbf, 0xf7, 0xbf, 0xf7, 0xbf, 0xf7, 0xbf, 0xf7, 0xbf, 0xf7,
    0xbf, 0xf7, 0xbf, 0xf7, 0x9f, 0xf7, 0xbf, 0xf7, 0xbf, 0xef, 0x9e, 0xef, 0x7e, 0xef, 0x9f, 0xef,
    0x7e, 0xef, 0x5e, 0xe7, 0x28, 0x3a, 0x81, 0x08, 0x20, 0x00, 0x00, 0x00, 0x00, 0x00, 0x00, 0x00,
    0x00, 0x00, 0x00, 0x00, 0x00, 0x00, 0x00, 0x00, 0x20, 0x00, 0x61, 0x08, 0x28, 0x42, 0xbf, 0xf7,
    0xbf, 0xf7, 0xbf, 0xf7, 0xbf, 0xf7, 0xbf, 0xf7, 0xbf, 0xf7, 0xbf, 0xf7, 0xbf, 0xf7, 0xbf, 0xf7,
    0xbf, 0xf7, 0xbf, 0xf7, 0x9f, 0xf7, 0xbf, 0xf7, 0xbf, 0xef, 0x9e, 0xef, 0x7e, 0xef, 0x9f, 0xef,
    0x7e, 0xef, 0x5e, 0xe7, 0x28, 0x3a, 0x81, 0x08, 0x20, 0x00, 0x00, 0x00, 0x00, 0x00, 0x00, 0x00,
    0x00, 0x00, 0x00, 0x00, 0x00, 0x00, 0x00, 0x00, 0x61, 0x08, 0x86, 0x29, 0x9f, 0xef, 0x9f, 0xef,
    0xbf, 0xf7, 0xbf, 0xf7, 0xbf, 0xf7, 0xbf, 0xf7, 0xdf, 0xf7, 0xbf, 0xf7, 0xbf, 0xf7, 0xbf, 0xf7,
    0xdf, 0xf7, 0xbf, 0xf7, 0xbf, 0xf7, 0x9f, 0xf7, 0xbf, 0xf7, 0x9f, 0xf7, 0x9e, 0xef, 0x7e, 0xef,
    0x9e, 0xef, 0x7e, 0xef, 0x5e, 0xe7, 0x65, 0x29, 0x61, 0x08, 0x20, 0x00, 0x00, 0x00, 0x00, 0x00,
    0x00, 0x00, 0x00, 0x00, 0x00, 0x00, 0x00, 0x00, 0x61, 0x08, 0x86, 0x29, 0x9f, 0xef, 0x9f, 0xef,
    0xbf, 0xf7, 0xbf, 0xf7, 0xbf, 0xf7, 0xbf, 0xf7, 0xdf, 0xf7, 0xbf, 0xf7, 0xbf, 0xf7, 0xbf, 0xf7,
    0xdf, 0xf7, 0xbf, 0xf7, 0xbf, 0xf7, 0x9f, 0xf7, 0xbf, 0xf7, 0x9f, 0xf7, 0x9e, 0xef, 0x7e, 0xef,
    0x9e, 0xef, 0x7e, 0xef, 0x5e, 0xe7, 0x65, 0x29, 0x61, 0x08, 0x20, 0x00, 0x00, 0x00, 0x00, 0x00,
    0x00, 0x00, 0x00, 0x00, 0x00, 0x00, 0x00, 0x00, 0x61, 0x08, 0x86, 0x29, 0x9f, 0xef, 0x9f, 0xef,
    0xbf, 0xf7, 0xbf, 0xf7, 0xbf, 0xf7, 0xbf, 0xf7, 0xdf, 0xf7, 0xbf, 0xf7, 0xbf, 0xf7, 0xbf, 0xf7,
    0xdf, 0xf7, 0xbf, 0xf7, 0xbf, 0xf7, 0x9f, 0xf7, 0xbf, 0xf7, 0x9f, 0xf7, 0x9e, 0xef, 0x7e, 0xef,
    0x9e, 0xef, 0x7e, 0xef, 0x5e, 0xe7, 0x65, 0x29, 0x61, 0x08, 0x20, 0x00, 0x00, 0x00, 0x00, 0x00,
    0x00, 0x00, 0x00, 0x00, 0x00, 0x00, 0x00, 0x00, 0x61, 0x08, 0x86, 0x29, 0x9f, 0xef, 0x9f, 0xef,
    0xbf, 0xf7, 0xbf, 0xf7, 0xbf, 0xf7, 0xbf, 0xf7, 0xdf, 0xf7, 0xbf, 0xf7, 0xbf, 0xf7, 0xbf, 0xf7,
    0xdf, 0xf7, 0xbf, 0xf7, 0xbf, 0xf7, 0x9f, 0xf7, 0xbf, 0xf7, 0x9f, 0xf7, 0x9e, 0xef, 0x7e, 0xef,
    0x9e, 0xef, 0x7e, 0xef, 0x5e, 0xe7, 0x65, 0x29, 0x61, 0x08, 0x20, 0x00, 0x00, 0x00, 0x00, 0x00,
    0x00, 0x00, 0x00, 0x00, 0x00, 0x00, 0x00, 0x00, 0x61, 0x08, 0x86, 0x29, 0x9f, 0xef, 0x9f, 0xef,
    0xbf, 0xf7, 0xbf, 0xf7, 0xbf, 0xf7, 0xbf, 0xf7, 0xdf, 0xf7, 0xbf, 0xf7, 0xbf, 0xf7, 0xbf, 0xf7,
    0xdf, 0xf7, 0xbf, 0xf7, 0xbf, 0xf7, 0x9f, 0xf7, 0xbf, 0xf7, 0x9f, 0xf7, 0x9e, 0xef, 0x7e, 0xef,
    0x9e, 0xef, 0x7e, 0xef, 0x5e, 0xe7, 0x65, 0x29, 0x61, 0x08, 0x20, 0x00, 0x00, 0x00, 0x00, 0x00,
    0x00, 0x00, 0x00, 0x00, 0x00, 0x00, 0x00, 0x00, 0x61, 0x08, 0x86, 0x29, 0x9f, 0xef, 0x9f, 0xef,
    0xbf, 0xf7, 0xbf, 0xf7, 0xbf, 0xf7, 0xbf, 0xf7, 0xdf, 0xf7, 0xbf, 0xf7, 0xbf, 0xf7, 0xbf, 0xf7,
    0xdf, 0xf7, 0xbf, 0xf7, 0xbf, 0xf7, 0x9f, 0xf7, 0xbf, 0xf7, 0x9f, 0xf7, 0x9e, 0xef, 0x7e, 0xef,
    0x9e, 0xef, 0x7e, 0xef, 0x5e, 0xe7, 0x65, 0x29, 0x61, 0x08, 0x20, 0x00, 0x00, 0x00, 0x00, 0x00,
    0x00, 0x00, 0x00, 0x00, 0x00, 0x00, 0x00, 0x00, 0x61, 0x08, 0x86, 0x29, 0x9f, 0xef, 0x9f, 0xef,
    0xbf, 0xf7, 0xbf, 0xf7, 0xbf, 0xf7, 0xbf, 0xf7, 0xdf, 0xf7, 0xbf, 0xf7, 0xbf, 0xf7, 0xbf, 0xf7,
    0xdf, 0xf7, 0xbf, 0xf7, 0xbf, 0xf7, 0x9f, 0xf7, 0xbf, 0xf7, 0x9f, 0xf7, 0x9e, 0xef, 0x7e, 0xef,
    0x9e, 0xef, 0x7e, 0xef, 0x5e, 0xe7, 0x65, 0x29, 0x61, 0x08, 0x20, 0x00, 0x00, 0x00, 0x00, 0x00,
    0x00, 0x00, 0x00, 0x00, 0x00, 0x00, 0x00, 0x00, 0x61, 0x08, 0x86, 0x29, 0x9f, 0xef, 0x9f, 0xef,
    0xbf, 0xf7, 0xbf, 0xf7, 0xbf, 0xf7, 0xbf, 0xf7, 0xdf, 0xf7, 0xbf, 0xf7, 0xbf, 0xf7, 0xbf, 0xf7,
    0xdf, 0xf7, 0xbf, 0xf7, 0xbf, 0xf7, 0x9f, 0xf7, 0xbf, 0xf7, 0x9f, 0xf7, 0x9e, 0xef, 0x7e, 0xef,
    0x9e, 0xef, 0x7e, 0xef, 0x5e, 0xe7, 0x65, 0x29, 0x61, 0x08, 0x20, 0x00, 0x00, 0x00, 0x00, 0x00,
    0x00, 0x00, 0x00, 0x00, 0x00, 0x00, 0x00, 0x00, 0x61, 0x08, 0x86, 0x29, 0x9f, 0xef, 0x9f, 0xef,
    0xbf, 0xf7, 0xbf, 0xf7, 0xbf, 0xf7, 0xbf, 0xf7, 0xdf, 0xf7, 0xbf, 0xf7, 0xbf, 0xf7, 0xbf, 0xf7,
    0xdf, 0xf7, 0xbf, 0xf7, 0xbf, 0xf7, 0x9f, 0xf7, 0xbf, 0xf7, 0x9f, 0xf7, 0x9e, 0xef, 0x7e, 0xef,
    0x9e, 0xef, 0x7e, 0xef, 0x5e, 0xe7, 0x65, 0x29, 0x61, 0x08, 0x20, 0x00, 0x00, 0x00, 0x00, 0x00,
    0x00, 0x00, 0x00, 0x00, 0x00, 0x00, 0x00, 0x00, 0x61, 0x08, 0x86, 0x29, 0x9f, 0xef, 0x9f, 0xef,
    0xbf, 0xf7, 0xbf, 0xf7, 0xbf, 0xf7, 0xbf, 0xf7, 0xdf, 0xf7, 0xbf, 0xf7, 0xbf, 0xf7, 0xbf, 0xf7,
    0xdf, 0xf7, 0xbf, 0xf7, 0xbf, 0xf7, 0x9f, 0xf7, 0xbf, 0xf7, 0x9f, 0xf7, 0x9e, 0xef, 0x7e, 0xef,
    0x9e, 0xef, 0x7e, 0xef, 0x5e, 0xe7, 0x65, 0x29, 0x61, 0x08, 0x20, 0x00, 0x00, 0x00, 0x00, 0x00,
    0x00, 0x00, 0x00, 0x00, 0x00, 0x00, 0x00, 0x00, 0x61, 0x08, 0x86, 0x29, 0x9f, 0xef, 0x9f, 0xef,
    0xbf, 0xf7, 0xbf, 0xf7, 0xbf, 0xf7, 0xbf, 0xf7, 0xdf, 0xf7, 0xbf, 0xf7, 0xbf, 0xf7, 0xbf, 0xf7,
    0xdf, 0xf7, 0xbf, 0xf7, 0xbf, 0xf7, 0x9f, 0xf7, 0xbf, 0xf7, 0x9f, 0xf7, 0x9e, 0xef, 0x7e, 0xef,
    0x9e, 0xef, 0x7e, 0xef, 0x5e, 0xe7, 0x65, 0x29, 0x61, 0x08, 0x20, 0x00, 0x00, 0x00, 0x00, 0x00,
    0x00, 0x00, 0x00, 0x00, 0x00, 0x00, 0x00, 0x00, 0x61, 0x08, 0x86, 0x29, 0x9f, 0xef, 0x9f, 0xef,
    0xbf, 0xf7, 0xbf, 0xf7, 0xbf, 0xf7, 0xbf, 0xf7, 0xdf, 0xf7, 0xbf, 0xf7, 0xbf, 0xf7, 0xbf, 0xf7,
    0xdf, 0xf7, 0xbf, 0xf7, 0xbf, 0xf7, 0x9f, 0xf7, 0xbf, 0xf7, 0x9f, 0xf7, 0x9e, 0xef, 0x7e, 0xef,
    0x9e, 0xef, 0x7e, 0xef, 0x5e, 0xe7, 0x65, 0x29, 0x61, 0x08, 0x20, 0x00, 0x00, 0x00, 0x00, 0x00,
    0x00, 0x00, 0x00, 0x00, 0x00, 0x00, 0x00, 0x00, 0x61, 0x08, 0x86, 0x29, 0x9f, 0xef, 0x9f, 0xef,
    0xbf, 0xf7, 0xbf, 0xf7, 0xbf, 0xf7, 0xbf, 0xf7, 0xdf, 0xf7, 0xbf, 0xf7, 0xbf, 0xf7, 0xbf, 0xf7,
    0xdf, 0xf7, 0xbf, 0xf7, 0xbf, 0xf7, 0x9f, 0xf7, 0xbf, 0xf7, 0x9f, 0xf7, 0x9e, 0xef, 0x7e, 0xef,
    0x9e, 0xef, 0x7e, 0xef, 0x5e, 0xe7, 0x65, 0x29, 0x61, 0x08, 0x20, 0x00, 0x00, 0x00, 0x00, 0x00,
    0x00, 0x00, 0x00, 0x00, 0x00, 0x00, 0x00, 0x00, 0x61, 0x08, 0x86, 0x29, 0x9f, 0xef, 0x9f, 0xef,
    0xbf, 0xf7, 0xbf, 0xf7, 0xbf, 0xf7, 0xbf, 0xf7, 0xdf, 0xf7, 0xbf, 0xf7, 0xbf, 0xf7, 0xbf, 0xf7,
    0xdf, 0xf7, 0xbf, 0xf7, 0xbf, 0xf7, 0x9f, 0xf7, 0xbf, 0xf7, 0x9f, 0xf7, 0x9e, 0xef, 0x7e, 0xef,
    0x9e, 0xef, 0x7e, 0xef, 0x5e, 0xe7, 0x65, 0x29, 0x61, 0x08, 0x20, 0x00, 0x00, 0x00, 0x00, 0x00,
    0x00, 0x00, 0x00, 0x00, 0x00, 0x00, 0x00, 0x00, 0x61, 0x08, 0x86, 0x29, 0x9f, 0xef, 0x9f, 0xef,
    0xbf, 0xf7, 0xbf, 0xf7, 0xbf, 0xf7, 0xbf, 0xf7, 0xdf, 0xf7, 0xbf, 0xf7, 0xbf, 0xf7, 0xbf, 0xf7,
    0xdf, 0xf7, 0xbf, 0xf7, 0xbf, 0xf7, 0x9f, 0xf7, 0xbf, 0xf7, 0x9f, 0xf7, 0x9e, 0xef, 0x7e, 0xef,
    0x9e, 0xef, 0x7e, 0xef, 0x5e, 0xe7, 0x65, 0x29, 0x61, 0x08, 0x20, 0x00, 0x00, 0x00, 0x00, 0x00,
    0x00, 0x00, 0x00, 0x00, 0x00, 0x00, 0x00, 0x00, 0x61, 0x08, 0x86, 0x29, 0x9f, 0xef, 0x9f, 0xef,
    0xbf, 0xf7, 0xbf, 0xf7, 0xbf, 0xf7, 0xbf, 0xf7, 0xdf, 0xf7, 0xbf, 0xf7, 0xbf, 0xf7, 0xbf, 0xf7,
    0xdf, 0xf7, 0xbf, 0xf7, 0xbf, 0xf7, 0x9f, 0xf7, 0xbf, 0xf7, 0x9f, 0xf7, 0x9e, 0xef, 0x7e, 0xef,
    0x9e, 0xef, 0x7e, 0xef, 0x5e, 0xe7, 0x65, 0x29, 0x61, 0x08, 0x20, 0x00, 0x00, 0x00, 0x00, 0x00,
    0x00, 0x00, 0x00, 0x00, 0x00, 0x00, 0x00, 0x00, 0x61, 0x08, 0x86, 0x29, 0x9f, 0xef, 0x9f, 0xef,
    0xbf, 0xf7, 0xbf, 0xf7, 0xbf, 0xf7, 0xbf, 0xf7, 0xdf, 0xf7, 0xbf, 0xf7, 0xbf, 0xf7, 0xbf, 0xf7,
    0xdf, 0xf7, 0xbf, 0xf7, 0xbf, 0xf7, 0x9f, 0xf7, 0xbf, 0xf7, 0x9f, 0xf7, 0x9e, 0xef, 0x7e, 0xef,
    0x9e, 0xef, 0x7e, 0xef, 0x5e, 0xe7, 0x65, 0x29, 0x61, 0x08, 0x20, 0x00, 0x00, 0x00, 0x00, 0x00,
    0x00, 0x00, 0x00, 0x00, 0x00, 0x00, 0x00, 0x00, 0x61, 0x08, 0x86, 0x29, 0x9f, 0xef, 0x9f, 0xef,
    0xbf, 0xf7, 0xbf, 0xf7, 0xbf, 0xf7, 0xbf, 0xf7, 0xdf, 0xf7, 0xbf, 0xf7, 0xbf, 0xf7, 0xbf, 0xf7,
    0xdf, 0xf7, 0xbf, 0xf7, 0xbf, 0xf7, 0x9f, 0xf7, 0xbf, 0xf7, 0x9f, 0xf7, 0x9e, 0xef, 0x7e, 0xef,
    0x9e, 0xef, 0x7e, 0xef, 0x5e, 0xe7, 0x65, 0x29, 0x61, 0x08, 0x20, 0x00, 0x00, 0x00, 0x00, 0x00,
    0x00, 0x00, 0x00, 0x00, 0x00, 0x00, 0x00, 0x00, 0x61, 0x08, 0x86, 0x29, 0x9f, 0xef, 0x9f, 0xef,
    0xbf, 0xf7, 0xbf, 0xf7, 0xbf, 0xf7, 0xbf, 0xf7, 0xdf, 0xf7, 0xbf, 0xf7, 0xbf, 0xf7, 0xbf, 0xf7,
    0xdf, 0xf7, 0xbf, 0xf7, 0xbf, 0xf7, 0x9f, 0xf7, 0xbf, 0xf7, 0x9f, 0xf7, 0x9e, 0xef, 0x7e, 0xef,
    0x9e, 0xef, 0x7e, 0xef, 0x5e, 0xe7, 0x65, 0x29, 0x61, 0x08, 0x20, 0x00, 0x00, 0x00, 0x00, 0x00,
    0x00, 0x00, 0x00, 0x00, 0x00, 0x00, 0x00, 0x00, 0x61, 0x08, 0x86, 0x29, 0x9f, 0xef, 0x9f, 0xef,
    0xbf, 0xf7, 0xbf, 0xf7, 0xbf, 0xf7, 0xbf, 0xf7, 0xdf, 0xf7, 0xbf, 0xf7, 0xbf, 0xf7, 0xbf, 0xf7,
    0xdf, 0xf7, 0x00, 0x00, 0xbf, 0xf7, 0x9f, 0xf7, 0xbf, 0xf7, 0x9f, 0xf7, 0x9e, 0xef, 0x7e, 0xef,
    0x9e, 0xef, 0x7e, 0xef, 0x5e, 0xe7, 0x65, 0x29, 0x61, 0x08, 0x20, 0x00, 0x00, 0x00, 0x00, 0x00,
    0x00, 0x00, 0x00, 0x00, 0x00, 0x00, 0x00, 0x00, 0x61, 0x08, 0x86, 0x29, 0x9f, 0xef, 0x9f, 0xef,
    0x00, 0x00, 0x00, 0x00, 0x00, 0x00, 0x00, 0x00, 0x00, 0x00, 0xbf, 0xf7, 0xbf, 0xf7, 0x00, 0x00,
    0xdf, 0xf7, 0xbf, 0xf7, 0xbf, 0xf7, 0x9f, 0xf7, 0xbf, 0xf7, 0x00, 0x00, 0x9e, 0xef, 0x7e, 0xef,
    0x00, 0x00, 0x00, 0x00, 0x00, 0x00, 0x00, 0x00, 0x00, 0x00, 0x20, 0x00, 0x00, 0x00, 0x00, 0x00,
    0x00, 0x00, 0x00, 0x00, 0x00, 0x00, 0x00, 0x00, 0x61, 0x08, 0x86, 0x29, 0x00, 0x00, 0x00, 0x00,
    0xbf, 0xf7, 0x00, 0x00, 0x00, 0x00, 0x00, 0x00, 0xdf, 0xf7, 0xbf, 0xf7, 0x00, 0x00, 0xbf, 0xf7,
    0xdf, 0xf7, 0xbf, 0xf7, 0xbf, 0xf7, 0x9f, 0xf7, 0x00, 0x00, 0x9f, 0xf7, 0x9e, 0xef, 0x00, 0x00,
    0x00, 0x00, 0x00, 0x00, 0x5e, 0xe7, 0x00, 0x00, 0x00, 0x00, 0x20, 0x00, 0x00, 0x00, 0x00, 0x00,
    0x00, 0x00, 0x00, 0x00, 0x00, 0x00, 0x00, 0x00, 0x00, 0x00, 0x86, 0x29, 0x00, 0x00, 0x00, 0x00,
    0x00, 0x00, 0x00, 0x00, 0xbf, 0xf7, 0xbf, 0xf7, 0xdf, 0xf7, 0x00, 0x00, 0xbf, 0xf7, 0xbf, 0xf7,
    0xdf, 0xf7, 0xbf, 0xf7, 0xbf, 0xf7, 0x00, 0x00, 0x00, 0x00, 0x9f, 0xf7, 0x9e, 0xef, 0x00, 0x00,
    0x00, 0x00, 0x00, 0x00, 0x00, 0x00, 0x65, 0x29, 0x00, 0x00, 0x00, 0x00, 0x00, 0x00, 0x00, 0x00,
    0x00, 0x00, 0x00, 0x00, 0x00, 0x00, 0x00, 0x00, 0x61, 0x08, 0x00, 0x00, 0x00, 0x00, 0x00, 0x00,
    0x00, 0x00, 0x00, 0x00, 0xbf, 0xf7, 0xbf, 0xf7, 0x00, 0x00, 0x00, 0x00, 0xbf, 0xf7, 0xbf, 0xf7,
    0xdf, 0xf7, 0xbf, 0xf7, 0xbf, 0xf7, 0x00, 0x00, 0x00, 0x00, 0x9f, 0xf7, 0x9e, 0xef, 0x00, 0x00,
    0x00, 0x00, 0x00, 0x00, 0x00, 0x00, 0x00, 0x00, 0x61, 0x08, 0x00, 0x00, 0x00, 0x00, 0x00, 0x00,
    0x00, 0x00, 0x00, 0x00, 0x00, 0x00, 0x00, 0x00, 0x61, 0x08, 0x86, 0x29, 0x9f, 0xef, 0x9f, 0xef,
    0xbf, 0xf7, 0xbf, 0xf7, 0xbf, 0xf7, 0xbf, 0xf7, 0x00, 0x00, 0x00, 0x00, 0xbf, 0xf7, 0xbf, 0xf7,
    0xdf, 0xf7, 0xbf, 0xf7, 0xbf, 0xf7, 0x00, 0x00, 0x00, 0x00, 0x9f, 0xf7, 0x9e, 0xef, 0x7e, 0xef,
    0x9e, 0xef, 0x7e, 0xef, 0x5e, 0xe7, 0x65, 0x29, 0x61, 0x08, 0x20, 0x00, 0x00, 0x00, 0x00, 0x00,
    0x00, 0x00, 0x00, 0x00, 0x00, 0x00, 0x00, 0x00, 0x61, 0x08, 0x86, 0x29, 0x9f, 0xef, 0x9f, 0xef,
    0xbf, 0xf7, 0xbf, 0xf7, 0xbf, 0xf7, 0xbf, 0xf7, 0xdf, 0xf7, 0xbf, 0xf7, 0xbf, 0xf7, 0xbf, 0xf7,
    0xdf, 0xf7, 0xbf, 0xf7, 0xbf, 0xf7, 0x9f, 0xf7, 0xbf, 0xf7, 0x9f, 0xf7, 0x9e, 0xef, 0x7e, 0xef,
    0x9e, 0xef, 0x7e, 0xef, 0x5e, 0xe7, 0x65, 0x29, 0x61, 0x08, 0x20, 0x00, 0x00, 0x00, 0x00, 0x00,
    0x00, 0x00, 0x00, 0x00, 0x00, 0x00, 0x00, 0x00, 0x61, 0x08, 0x86, 0x29, 0x9f, 0xef, 0x9f, 0xef,
    0xbf, 0xf7, 0xbf, 0xf7, 0xbf, 0xf7, 0xbf, 0xf7, 0xdf, 0xf7, 0xbf, 0xf7, 0xbf, 0xf7, 0xbf, 0xf7,
    0xdf, 0xf7, 0xbf, 0xf7, 0xbf, 0xf7, 0x9f, 0xf7, 0xbf, 0xf7, 0x9f, 0xf7, 0x9e, 0xef, 0x7e, 0xef,
    0x9e, 0xef, 0x7e, 0xef, 0x5e, 0xe7, 0x65, 0x29, 0x61, 0x08, 0x20, 0x00, 0x00, 0x00, 0x00, 0x00,
    0x00, 0x00, 0x00, 0x00, 0x00, 0x00, 0x00, 0x00, 0x61, 0x08, 0x86, 0x29, 0x9f, 0xef, 0x9f, 0xef,
    0xbf, 0xf7, 0xbf, 0xf7, 0xbf, 0xf7, 0xbf, 0xf7, 0xdf, 0xf7, 0x00, 0x00, 0xbf, 0xf7, 0xbf, 0xf7,
    0xdf, 0xf7, 0xbf, 0xf7, 0xbf, 0xf7, 0x00, 0x00, 0xbf, 0xf7, 0x9f, 0xf7, 0x9e, 0xef, 0x7e, 0xef,
    0x9e, 0xef, 0x7e, 0xef, 0x5e, 0xe7, 0x65, 0x29, 0x61, 0x08, 0x20, 0x00, 0x00, 0x00, 0x00, 0x00,
    0x00, 0x00, 0x00, 0x00, 0x00, 0x00, 0x00, 0x00, 0x61, 0x08, 0x86, 0x29, 0x9f, 0xef, 0x9f, 0xef,
    0xbf, 0xf7, 0xbf, 0xf7, 0xbf, 0xf7, 0xbf, 0xf7, 0x00, 0x00, 0x00, 0x00, 0xbf, 0xf7, 0xbf, 0xf7,
    0xdf, 0xf7, 0xbf, 0xf7, 0xbf, 0xf7, 0x00, 0x00, 0x00, 0x00, 0x9f, 0xf7, 0x9e, 0xef, 0x7e, 0xef,
    0x9e, 0xef, 0x7e, 0xef, 0x5e, 0xe7, 0x65, 0x29, 0x61, 0x08, 0x20, 0x00, 0x00, 0x00, 0x00, 0x00,
    0x00, 0x00, 0x00, 0x00, 0x00, 0x00, 0x00, 0x00, 0x61, 0x08, 0x86, 0x29, 0x00, 0x00, 0x00, 0x00,
    0x00, 0x00, 0xbf, 0xf7, 0x00, 0x00, 0xbf, 0xf7, 0x00, 0x00, 0x00, 0x00, 0xbf, 0xf7, 0xbf, 0xf7,
    0xdf, 0xf7, 0xbf, 0xf7, 0xbf, 0xf7, 0x00, 0x00, 0x00, 0x00, 0x9f, 0xf7, 0x00, 0x00, 0x7e, 0xef,
    0x00, 0x00, 0x00, 0x00, 0x00, 0x00, 0x65, 0x29, 0x61, 0x08, 0x20, 0x00, 0x00, 0x00, 0x00, 0x00,
    0x00, 0x00, 0x00, 0x00, 0x00, 0x00, 0x00, 0x00, 0x61, 0x08, 0x86, 0x29, 0x00, 0x00, 0x00, 0x00,
    0x00, 0x00, 0x00, 0x00, 0x00, 0x00, 0xbf, 0xf7, 0x00, 0x00, 0x00, 0x00, 0xbf, 0xf7, 0xbf, 0xf7,
    0xdf, 0xf7, 0xbf, 0xf7, 0xbf, 0xf7, 0x00, 0x00, 0x00, 0x00, 0x9f, 0xf7, 0x00, 0x00, 0x00, 0x00,
    0x00, 0x00, 0x00, 0x00, 0x00, 0x00, 0x65, 0x29, 0x61, 0x08, 0x20, 0x00, 0x00, 0x00, 0x00, 0x00,
    0x00, 0x00, 0x00, 0x00, 0x00, 0x00, 0x00, 0x00, 0x61, 0x08, 0x86, 0x29, 0x9f, 0xef, 0x9f, 0xef,
    0xbf, 0xf7, 0xbf, 0xf7, 0xbf, 0xf7, 0xbf, 0xf7, 0x00, 0x00, 0x00, 0x00, 0xbf, 0xf7, 0xbf, 0xf7,
    0xdf, 0xf7, 0xbf, 0xf7, 0xbf, 0xf7, 0x00, 0x00, 0x00, 0x00, 0x9f, 0xf7, 0x9e, 0xef, 0x7e, 0xef,
    0x9e, 0xef, 0x7e, 0xef, 0x5e, 0xe7, 0x65, 0x29, 0x61, 0x08, 0x20, 0x00, 0x00, 0x00, 0x00, 0x00,
    0x00, 0x00, 0x00, 0x00, 0x00, 0x00, 0x00, 0x00, 0x61, 0x08, 0x86, 0x29, 0x9f, 0xef, 0x9f, 0xef,
    0xbf, 0xf7, 0xbf, 0xf7, 0xbf, 0xf7, 0xbf, 0xf7, 0xdf, 0xf7, 0xbf, 0xf7, 0xbf, 0xf7, 0xbf, 0xf7,
    0xdf, 0xf7, 0xbf, 0xf7, 0xbf, 0xf7, 0x9f, 0xf7, 0xbf, 0xf7, 0x9f, 0xf7, 0x9e, 0xef, 0x7e, 0xef,
    0x9e, 0xef, 0x7e, 0xef, 0x5e, 0xe7, 0x65, 0x29, 0x61, 0x08, 0x20, 0x00, 0x00, 0x00, 0x00, 0x00,
    0x00, 0x00, 0x00, 0x00, 0x00, 0x00, 0x00, 0x00, 0x61, 0x08, 0x86, 0x29, 0x9f, 0xef, 0x9f, 0xef,
    0xbf, 0xf7, 0xbf, 0xf7, 0xbf, 0xf7, 0xbf, 0xf7, 0xdf, 0xf7, 0xbf, 0xf7, 0xbf, 0xf7, 0xbf, 0xf7,
    0xdf, 0xf7, 0xbf, 0xf7, 0xbf, 0xf7, 0x9f, 0xf7, 0xbf, 0xf7, 0x9f, 0xf7, 0x9e, 0xef, 0x7e, 0xef,
    0x9e, 0xef, 0x7e, 0xef, 0x5e, 0xe7, 0x65, 0x29, 0x61, 0x08, 0x20, 0x00, 0x00, 0x00, 0x00, 0x00,
    0x00, 0x00, 0x00, 0x00, 0x00, 0x00, 0x00, 0x00, 0x61, 0x08, 0x86, 0x29, 0x9f, 0xef, 0x9f, 0xef,
    0xbf, 0xf7, 0xbf, 0xf7, 0xbf, 0xf7, 0xbf, 0xf7, 0xdf, 0xf7, 0x00, 0x00, 0xbf, 0xf7, 0xbf, 0xf7,
    0xdf, 0xf7, 0xbf, 0xf7, 0xbf, 0xf7, 0x00, 0x00, 0xbf, 0xf7, 0x9f, 0xf7, 0x9e, 0xef, 0x7e, 0xef,
    0x9e, 0xef, 0x7e, 0xef, 0x5e, 0xe7, 0x65, 0x29, 0x61, 0x08, 0x20, 0x00, 0x00, 0x00, 0x00, 0x00,
    0x00, 0x00, 0x00, 0x00, 0x00, 0x00, 0x00, 0x00, 0x61, 0x08, 0x86, 0x29, 0x9f, 0xef, 0x9f, 0xef,
    0xbf, 0xf7, 0xbf, 0xf7, 0xbf, 0xf7, 0xbf, 0xf7, 0x00, 0x00, 0x00, 0x00, 0xbf, 0xf7, 0xbf, 0xf7,
    0xdf, 0xf7, 0xbf, 0xf7, 0xbf, 0xf7, 0x00, 0x00, 0x00, 0x00, 0x9f, 0xf7, 0x9e, 0xef, 0x7e, 0xef,
    0x9e, 0xef, 0x7e, 0xef, 0x5e, 0xe7, 0x65, 0x29, 0x61, 0x08, 0x20, 0x00, 0x00, 0x00, 0x00, 0x00,
    0x00, 0x00, 0x00, 0x00, 0x00, 0x00, 0x00, 0x00, 0x61, 0x08, 0x86, 0x29, 0x00, 0x00, 0x00, 0x00,
    0x00, 0x00, 0xbf, 0xf7, 0x00, 0x00, 0xbf, 0xf7, 0x00, 0x00, 0x00, 0x00, 0xbf, 0xf7, 0xbf, 0xf7,
    0xdf, 0xf7, 0xbf, 0xf7, 0xbf, 0xf7, 0x00, 0x00, 0x00, 0x00, 0x9f, 0xf7, 0x00, 0x00, 0x7e, 0xef,
    0x00, 0x00, 0x00, 0x00, 0x00, 0x00, 0x65, 0x29, 0x61, 0x08, 0x20, 0x00, 0x00, 0x00, 0x00, 0x00,
    0x00, 0x00, 0x00, 0x00, 0x00, 0x00, 0x00, 0x00, 0x61, 0x08, 0x86, 0x29, 0x00, 0x00, 0x00, 0x00,
    0x00, 0x00, 0x00, 0x00, 0x00, 0x00, 0xbf, 0xf7, 0x00, 0x00, 0x00, 0x00, 0xbf, 0xf7, 0xbf, 0xf7,
    0xdf, 0xf7, 0xbf, 0xf7, 0xbf, 0xf7, 0x00, 0x00, 0x00, 0x00, 0x9f, 0xf7, 0x00, 0x00, 0x00, 0x00,
    0x00, 0x00, 0x00, 0x00, 0x00, 0x00, 0x65, 0x29, 0x61, 0x08, 0x20, 0x00, 0x00, 0x00, 0x00, 0x00,
    0x00, 0x00, 0x00, 0x00, 0x00, 0x00, 0x00, 0x00, 0x61, 0x08, 0x86, 0x29, 0x9f, 0xef, 0x9f, 0xef,
    0xbf, 0xf7, 0xbf, 0xf7, 0xbf, 0xf7, 0xbf, 0xf7, 0x00, 0x00, 0xbf, 0xf7, 0xbf, 0xf7, 0xbf, 0xf7,
    0xdf, 0xf7, 0xbf, 0xf7, 0x00, 0x00, 0x00, 0x00, 0xbf, 0xf7, 0x9f, 0xf7, 0x9e, 0xef, 0x7e, 0xef,
    0x9e, 0xef, 0x7e, 0xef, 0x5e, 0xe7, 0x65, 0x29, 0x61, 0x08, 0x20, 0x00, 0x00, 0x00, 0x00, 0x00,
    0x00, 0x00, 0x00, 0x00, 0x00, 0x00, 0x00, 0x00, 0x61, 0x08, 0x86, 0x29, 0x9f, 0xef, 0x9f, 0xef,
    0xbf, 0xf7, 0xbf, 0xf7, 0x00, 0x00, 0x00, 0x00, 0xdf, 0xf7, 0xbf, 0xf7, 0xbf, 0xf7, 0xbf, 0xf7,
    0x00, 0x00, 0x00, 0x00, 0xbf, 0xf7, 0x9f, 0xf7, 0xbf, 0xf7, 0x9f, 0xf7, 0x9e, 0xef, 0x7e, 0xef,
    0x9e, 0xef, 0x7e, 0xef, 0x5e, 0xe7, 0x65, 0x29, 0x61, 0x08, 0x20, 0x00, 0x00, 0x00, 0x00, 0x00,
    0x00, 0x00, 0x00, 0x00, 0x00, 0x00, 0x00, 0x00, 0x61, 0x08, 0x86, 0x29, 0x9f, 0xef, 0x9f, 0xef,
    0x00, 0x00, 0x00, 0x00, 0xbf, 0xf7, 0xbf, 0xf7, 0xdf, 0xf7, 0x00, 0x00, 0x00, 0x00, 0xbf, 0xf7,
    0xdf, 0xf7, 0xbf, 0xf7, 0xbf, 0xf7, 0x9f, 0xf7, 0xbf, 0xf7, 0x9f, 0xf7, 0x9e, 0xef, 0x7e, 0xef,
    0x9e, 0xef, 0x7e, 0xef, 0x5e, 0xe7, 0x65, 0x29, 0x61, 0x08, 0x20, 0x00, 0x00, 0x00, 0x00, 0x00,
    0x00, 0x00, 0x00, 0x00, 0x00, 0x00, 0x00, 0x00, 0x00, 0x00, 0x86, 0x29, 0x9f, 0xef, 0x9f, 0xef,
    0xbf, 0xf7, 0xbf, 0xf7, 0xbf, 0xf7, 0xbf, 0xf7, 0xdf, 0xf7, 0xbf, 0xf7, 0xbf, 0xf7, 0xbf, 0xf7,
    0xdf, 0xf7, 0xbf, 0xf7, 0xbf, 0xf7, 0x9f, 0xf7, 0xbf, 0xf7, 0x9f, 0xf7, 0x9e, 0xef, 0x7e, 0xef,
    0x9e, 0xef, 0x7e, 0xef, 0x5e, 0xe7, 0x65, 0x29, 0x61, 0x08, 0x20, 0x00, 0x00, 0x00, 0x00, 0x00,
    0x00, 0x00, 0x00, 0x00, 0x00, 0x00, 0x00, 0x00, 0x61, 0x08, 0x86, 0x29, 0x9f, 0xef, 0x9f, 0xef,
    0xbf, 0xf7, 0xbf, 0xf7, 0xbf, 0xf7, 0xbf, 0xf7, 0xdf, 0xf7, 0xbf, 0xf7, 0xbf, 0xf7, 0xbf, 0xf7,
    0xdf, 0xf7, 0xbf, 0xf7, 0xbf, 0xf7, 0x9f, 0xf7, 0xbf, 0xf7, 0x9f, 0xf7, 0x9e, 0xef, 0x7e, 0xef,
    0x9e, 0xef, 0x7e, 0xef, 0x5e, 0xe7, 0x65, 0x29, 0x61, 0x08, 0x20, 0x00, 0x00, 0x00, 0x00, 0x00,
    0x00, 0x00, 0x00, 0x00, 0x00, 0x00, 0x00, 0x00, 0x61, 0x08, 0x86, 0x29, 0x9f, 0xef, 0x9f, 0xef,
    0xbf, 0xf7, 0xbf, 0xf7, 0xbf, 0xf7, 0xbf, 0xf7, 0xdf, 0xf7, 0xbf, 0xf7, 0xbf, 0xf7, 0xbf, 0xf7,
    0xdf, 0xf7, 0xbf, 0xf7, 0xbf, 0xf7, 0x9f, 0xf7, 0xbf, 0xf7, 0x9f, 0xf7, 0x9e, 0xef, 0x7e, 0xef,
    0x9e, 0xef, 0x7e, 0xef, 0x5e, 0xe7, 0x65, 0x29, 0x61, 0x08, 0x20, 0x00, 0x00, 0x00, 0x00, 0x00,
    0x00, 0x00, 0x00, 0x00, 0x00, 0x00, 0x00, 0x00, 0x61, 0x08, 0x86, 0x29, 0x9f, 0xef, 0x9f, 0xef,
    0xbf, 0xf7, 0xbf, 0xf7, 0xbf, 0xf7, 0xbf, 0xf7, 0xdf, 0xf7, 0xbf, 0xf7, 0xbf, 0xf7, 0xbf, 0xf7,
    0xdf, 0xf7, 0xbf, 0xf7, 0xbf, 0xf7, 0x9f, 0xf7, 0xbf, 0xf7, 0x9f, 0xf7, 0x9e, 0xef, 0x7e, 0xef,
    0x9e, 0xef, 0x7e, 0xef, 0x5e, 0xe7, 0x65, 0x29, 0x61, 0x08, 0x20, 0x00, 0x00, 0x00, 0x00, 0x00,
    0x00, 0x00, 0x00, 0x00, 0x00, 0x00, 0x00, 0x00, 0x61, 0x08, 0x86, 0x29, 0x9f, 0xef, 0x9f, 0xef,
    0xbf, 0xf7, 0xbf, 0xf7, 0xbf, 0xf7, 0xbf, 0xf7, 0xdf, 0xf7, 0xbf, 0xf7, 0xbf, 0xf7, 0xbf, 0xf7,
    0xdf, 0xf7, 0xbf, 0xf7, 0xbf, 0xf7, 0x9f, 0xf7, 0xbf, 0xf7, 0x9f, 0xf7, 0x9e, 0xef, 0x7e, 0xef,
    0x9e, 0xef, 0x7e, 0xef, 0x5e, 0xe7, 0x65, 0x29, 0x61, 0x08, 0x20, 0x00, 0x00, 0x00, 0x00, 0x00,
    0x00, 0x00, 0x00, 0x00, 0x00, 0x00, 0x00, 0x00, 0x61, 0x08, 0x86, 0x29, 0x9f, 0xef, 0x9f, 0xef,
    0xbf, 0xf7, 0xbf, 0xf7, 0xbf, 0xf7, 0xbf, 0xf7, 0xdf, 0xf7, 0xbf, 0xf7, 0xbf, 0xf7, 0xbf, 0xf7,
    0xdf, 0xf7, 0xbf, 0xf7, 0xbf, 0xf7, 0x9f, 0xf7, 0xbf, 0xf7, 0x9f, 0xf7, 0x9e, 0xef, 0x7e, 0xef,
    0x9e, 0xef, 0x7e, 0xef, 0x5e, 0xe7, 0x65, 0x29, 0x61, 0x08, 0x20, 0x00, 0x00, 0x00, 0x00, 0x00,
    0x00, 0x00, 0x00, 0x00, 0x00, 0x00, 0x00, 0x00, 0x61, 0x08, 0x86, 0x29, 0x9f, 0xef, 0x9f, 0xef,
    0xbf, 0xf7, 0xbf, 0xf7, 0xbf, 0xf7, 0xbf, 0xf7, 0xdf, 0xf7, 0xbf, 0xf7, 0xbf, 0xf7, 0xbf, 0xf7,
    0xdf, 0xf7, 0xbf, 0xf7, 0xbf, 0xf7, 0x9f, 0xf7, 0xbf, 0xf7, 0x9f, 0xf7, 0x9e, 0xef, 0x7e, 0xef,
    0x9e, 0xef, 0x7e, 0xef, 0x5e, 0xe7, 0x65, 0x29, 0x61, 0x08, 0x20, 0x00, 0x00, 0x00, 0x00, 0x00,
    0x00, 0x00, 0x00, 0x00, 0x00, 0x00, 0x00, 0x00, 0x61, 0x08, 0x86, 0x29, 0x9f, 0xef, 0x9f, 0xef,
    0xbf, 0xf7, 0xbf, 0xf7, 0xbf, 0xf7, 0xbf, 0xf7, 0xdf, 0xf7, 0xbf, 0xf7, 0xbf, 0xf7, 0xbf, 0xf7,
    0xdf, 0xf7, 0xbf, 0xf7, 0xbf, 0xf7, 0x9f, 0xf7, 0xbf, 0xf7, 0x9f, 0xf7, 0x9e, 0xef, 0x7e, 0xef,
    0x9e, 0xef, 0x7e, 0xef, 0x5e, 0xe7, 0x65, 0x29, 0x61, 0x08, 0x20, 0x00, 0x00, 0x00, 0x00, 0x00,
    0x00, 0x00, 0x00, 0x00, 0x00, 0x00, 0x00, 0x00, 0x61, 0x08, 0x86, 0x29, 0x9f, 0xef, 0x9f, 0xef,
    0xbf, 0xf7, 0xbf, 0xf7, 0xbf, 0xf7, 0xbf, 0xf7, 0xdf, 0xf7, 0xbf, 0xf7, 0xbf, 0xf7, 0xbf, 0xf7,
    0xdf, 0xf7, 0xbf, 0xf7, 0xbf, 0xf7, 0x9f, 0xf7, 0xbf, 0xf7, 0x9f, 0xf7, 0x9e, 0xef, 0x7e, 0xef,
    0x9e, 0xef, 0x7e, 0xef, 0x5e, 0xe7, 0x65, 0x29, 0x61, 0x08, 0x20, 0x00, 0x00, 0x00, 0x00, 0x00,
    0x00, 0x00, 0x00, 0x00, 0x20, 0x00, 0x41, 0x00, 0x20, 0x00, 0x7e, 0xef, 0xbf, 0xf7, 0xbf, 0xf7,
    0xbf, 0xf7, 0xdf, 0xf7, 0xbf, 0xf7, 0xbf, 0xf7, 0xbf, 0xf7, 0xdf, 0xf7, 0xbf, 0xf7, 0xbf, 0xf7,
    0xbf, 0xf7, 0xbf, 0xf7, 0xbf, 0xf7, 0xbf, 0xf7, 0x9f, 0xf7, 0xbf, 0xf7, 0x9f, 0xf7, 0x9e, 0xef,
    0x7e, 0xef, 0x9e, 0xef, 0x7e, 0xef, 0x1d, 0xdf, 0x20, 0x00, 0x61, 0x08, 0x20, 0x00, 0x00, 0x00,
    0x00, 0x00, 0x00, 0x00, 0x20, 0x00, 0x41, 0x00, 0x20, 0x00, 0x7e, 0xef, 0xbf, 0xf7, 0xbf, 0xf7,
    0xbf, 0xf7, 0xdf, 0xf7, 0xbf, 0xf7, 0xbf, 0xf7, 0xbf, 0xf7, 0xdf, 0xf7, 0xbf, 0xf7, 0xbf, 0xf7,
    0xbf, 0xf7, 0xbf, 0xf7, 0xbf, 0xf7, 0xbf, 0xf7, 0x9f, 0xf7, 0xbf, 0xf7, 0x9f, 0xf7, 0x9e, 0xef,
    0x7e, 0xef, 0x9e, 0xef, 0x7e, 0xef, 0x1d, 0xdf, 0x20, 0x00, 0x61, 0x08, 0x20, 0x00, 0x00, 0x00,
    0x00, 0x00, 0x00, 0x00, 0x20, 0x00, 0x41, 0x00, 0x20, 0x00, 0x7e, 0xef, 0xbf, 0xf7, 0xbf, 0xf7,
    0xbf, 0xf7, 0xdf, 0xf7, 0xbf, 0xf7, 0xbf, 0xf7, 0xbf, 0xf7, 0xdf, 0xf7, 0xbf, 0xf7, 0xbf, 0xf7,
    0xbf, 0xf7, 0xbf, 0xf7, 0xbf, 0xf7, 0xbf, 0xf7, 0x9f, 0xf7, 0xbf, 0xf7, 0x9f, 0xf7, 0x9e, 0xef,
    0x7e, 0xef, 0x9e, 0xef, 0x7e, 0xef, 0x1d, 0xdf, 0x20, 0x00, 0x61, 0x08, 0x20, 0x00, 0x00, 0x00,
    0x00, 0x00, 0x00, 0x00, 0x20, 0x00, 0x41, 0x00, 0x20, 0x00, 0x7e, 0xef, 0xbf, 0xf7, 0xbf, 0xf7,
    0xbf, 0xf7, 0xdf, 0xf7, 0xbf, 0xf7, 0xbf, 0xf7, 0xbf, 0xf7, 0xdf, 0xf7, 0xbf, 0xf7, 0xbf, 0xf7,
    0xbf, 0xf7, 0xbf, 0xf7, 0xbf, 0xf7, 0xbf, 0xf7, 0x9f, 0xf7, 0xbf, 0xf7, 0x9f, 0xf7, 0x9e, 0xef,
    0x7e, 0xef, 0x9e, 0xef, 0x7e, 0xef, 0x1d, 0xdf, 0x20, 0x00, 0x61, 0x08, 0x20, 0x00, 0x00, 0x00,
    0x00, 0x00, 0x00, 0x00, 0x20, 0x00, 0x41, 0x00, 0x20, 0x00, 0x7e, 0xef, 0xbf, 0xf7, 0xbf, 0xf7,
    0xbf, 0xf7, 0xdf, 0xf7, 0xbf, 0xf7, 0xbf, 0xf7, 0xbf, 0xf7, 0xdf, 0xf7, 0xbf, 0xf7, 0xbf, 0xf7,
    0xbf, 0xf7, 0xbf, 0xf7, 0xbf, 0xf7, 0xbf, 0xf7, 0x9f, 0xf7, 0xbf, 0xf7, 0x9f, 0xf7, 0x9e, 0xef,
    0x7e, 0xef, 0x9e, 0xef, 0x7e, 0xef, 0x1d, 0xdf, 0x20, 0x00, 0x61, 0x08, 0x20, 0x00, 0x00, 0x00,
    0x00, 0x00, 0x00, 0x00, 0x20, 0x00, 0x41, 0x00, 0x20, 0x00, 0x7e, 0xef, 0xbf, 0xf7, 0xbf, 0xf7,
    0xbf, 0xf7, 0xdf, 0xf7, 0xbf, 0xf7, 0xbf, 0xf7, 0xbf, 0xf7, 0xdf, 0xf7, 0xbf, 0xf7, 0xbf, 0xf7,
    0xbf, 0xf7, 0xbf, 0xf7, 0xbf, 0xf7, 0xbf, 0xf7, 0x9f, 0xf7, 0xbf, 0xf7, 0x9f, 0xf7, 0x9e, 0xef,
    0x7e, 0xef, 0x9e, 0xef, 0x7e, 0xef, 0x1d, 0xdf, 0x20, 0x00, 0x61, 0x08, 0x20, 0x00, 0x00, 0x00,
    0x00, 0x00, 0x00, 0x00, 0x20, 0x00, 0x41, 0x00, 0x20, 0x00, 0x7e, 0xef, 0xbf, 0xf7, 0xbf, 0xf7,
    0xbf, 0xf7, 0xdf, 0xf7, 0xbf, 0xf7, 0xbf, 0xf7, 0xbf, 0xf7, 0xdf, 0xf7, 0xbf, 0xf7, 0xbf, 0xf7,
    0xbf, 0xf7, 0xbf, 0xf7, 0xbf, 0xf7, 0xbf, 0xf7, 0x9f, 0xf7, 0xbf, 0xf7, 0x9f, 0xf7, 0x9e, 0xef,
    0x7e, 0xef, 0x9e, 0xef, 0x7e, 0xef, 0x1d, 0xdf, 0x20, 0x00, 0x61, 0x08, 0x20, 0x00, 0x00, 0x00,
    0x00, 0x00, 0x00, 0x00, 0x20, 0x00, 0x41, 0x00, 0x20, 0x00, 0x7e, 0xef, 0xbf, 0xf7, 0xbf, 0xf7,
    0xbf, 0xf7, 0xdf, 0xf7, 0xbf, 0xf7, 0xbf, 0xf7, 0xbf, 0xf7, 0xdf, 0xf7, 0xbf, 0xf7, 0xbf, 0xf7,
    0xbf, 0xf7, 0xbf, 0xf7, 0xbf, 0xf7, 0xbf, 0xf7, 0x9f, 0xf7, 0xbf, 0xf7, 0x9f, 0xf7, 0x9e, 0xef,
    0x7e, 0xef, 0x9e, 0xef, 0x7e, 0xef, 0x1d, 0xdf, 0x20, 0x00, 0x61, 0x08, 0x20, 0x00, 0x00, 0x00,
    0x00, 0x00, 0x00, 0x00, 0x20, 0x00, 0x41, 0x00, 0x20, 0x00, 0x7e, 0xef, 0xbf, 0xf7, 0xbf, 0xf7,
    0xbf, 0xf7, 0xdf, 0xf7, 0xbf, 0xf7, 0xbf, 0xf7, 0xbf, 0xf7, 0xdf, 0xf7, 0xbf, 0xf7, 0xbf, 0xf7,
    0xbf, 0xf7, 0xbf, 0xf7, 0xbf, 0xf7, 0xbf, 0xf7, 0x9f, 0xf7, 0xbf, 0xf7, 0x9f, 0xf7, 0x9e, 0xef,
    0x7e, 0xef, 0x9e, 0xef, 0x7e, 0xef, 0x1d, 0xdf, 0x20, 0x00, 0x61, 0x08, 0x20, 0x00, 0x00, 0x00,
    0x00, 0x00, 0x00, 0x00, 0x20, 0x00, 0x41, 0x00, 0x20, 0x00, 0x7e, 0xef, 0xbf, 0xf7, 0xbf, 0xf7,
    0xbf, 0xf7, 0xdf, 0xf7, 0xbf, 0xf7, 0xbf, 0xf7, 0xbf, 0xf7, 0xdf, 0xf7, 0xbf, 0xf7, 0xbf, 0xf7,
    0xbf, 0xf7, 0xbf, 0xf7, 0xbf, 0xf7, 0xbf, 0xf7, 0x9f, 0xf7, 0xbf, 0xf7, 0x9f, 0xf7, 0x9e, 0xef,
    0x7e, 0xef, 0x9e, 0xef, 0x7e, 0xef, 0x1d, 0xdf, 0x20, 0x00, 0x61, 0x08, 0x20, 0x00, 0x00, 0x00,
    0x00, 0x00, 0x00, 0x00, 0x20, 0x00, 0x41, 0x00, 0x20, 0x00, 0x7e, 0xef, 0xbf, 0xf7, 0xbf, 0xf7,
    0xbf, 0xf7, 0xdf, 0xf7, 0xbf, 0xf7, 0xbf, 0xf7, 0xbf, 0xf7, 0xdf, 0xf7, 0xbf, 0xf7, 0xbf, 0xf7,
    0xbf, 0xf7, 0xbf, 0xf7, 0xbf, 0xf7, 0xbf, 0xf7, 0x9f, 0xf7, 0xbf, 0xf7, 0x9f, 0xf7, 0x9e, 0xef,
    0x7e, 0xef, 0x9e, 0xef, 0x7e, 0xef, 0x1d, 0xdf, 0x20, 0x00, 0x61, 0x08, 0x20, 0x00, 0x00, 0x00,
    0x00, 0x00, 0x00, 0x00, 0x20, 0x00, 0x41, 0x00, 0x20, 0x00, 0x7e, 0xef, 0xbf, 0xf7, 0xbf, 0xf7,
    0xbf, 0xf7, 0xdf, 0xf7, 0xbf, 0xf7, 0xbf, 0xf7, 0xbf, 0xf7, 0xdf, 0xf7, 0xbf, 0xf7, 0xbf, 0xf7,
    0xbf, 0xf7, 0xbf, 0xf7, 0xbf, 0xf7, 0xbf, 0xf7, 0x9f, 0xf7, 0xbf, 0xf7, 0x9f, 0xf7, 0x9e, 0xef,
    0x7e, 0xef, 0x9e, 0xef, 0x7e, 0xef, 0x1d, 0xdf, 0x20, 0x00, 0x61, 0x08, 0x20, 0x00, 0x00, 0x00,
    0x00, 0x00, 0x00, 0x00, 0x20, 0x00, 0x41, 0x00, 0x20, 0x00, 0x7e, 0xef, 0xbf, 0xf7, 0xbf, 0xf7,
    0xbf, 0xf7, 0xdf, 0xf7, 0xbf, 0xf7, 0xbf, 0xf7, 0xbf, 0xf7, 0xdf, 0xf7, 0xbf, 0xf7, 0xbf, 0xf7,
    0xbf, 0xf7, 0xbf, 0xf7, 0xbf, 0xf7, 0xbf, 0xf7, 0x9f, 0xf7, 0xbf, 0xf7, 0x9f, 0xf7, 0x9e, 0xef,
    0x7e, 0xef, 0x9e, 0xef, 0x7e, 0xef, 0x1d, 0xdf, 0x20, 0x00, 0x61, 0x08, 0x20, 0x00, 0x00, 0x00,
    0x00, 0x00, 0x00, 0x00, 0x20, 0x00, 0x41, 0x00, 0x20, 0x00, 0x7e, 0xef, 0xbf, 0xf7, 0xbf, 0xf7,
    0xbf, 0xf7, 0xdf, 0xf7, 0xbf, 0xf7, 0xbf, 0xf7, 0xbf, 0xf7, 0xdf, 0xf7, 0xbf, 0xf7, 0xbf, 0xf7,
    0xbf, 0xf7, 0xbf, 0xf7, 0xbf, 0xf7, 0xbf, 0xf7, 0x9f, 0xf7, 0xbf, 0xf7, 0x9f, 0xf7, 0x9e, 0xef,
    0x7e, 0xef, 0x9e, 0xef, 0x7e, 0xef, 0x1d, 0xdf, 0x20, 0x00, 0x61, 0x08, 0x20, 0x00, 0x00, 0x00,
    0x00, 0x00, 0x00, 0x00, 0x20, 0x00, 0x41, 0x00, 0x20, 0x00, 0x7e, 0xef, 0xbf, 0xf7, 0xbf, 0xf7,
    0xbf, 0xf7, 0xdf, 0xf7, 0xbf, 0xf7, 0xbf, 0xf7, 0xbf, 0xf7, 0xdf, 0xf7, 0xbf, 0xf7, 0xbf, 0xf7,
    0xbf, 0xf7, 0xbf, 0xf7, 0xbf, 0xf7, 0xbf, 0xf7, 0x9f, 0xf7, 0xbf, 0xf7, 0x9f, 0xf7, 0x9e, 0xef,
    0x7e, 0xef, 0x9e, 0xef, 0x7e, 0xef, 0x1d, 0xdf, 0x20, 0x00, 0x61, 0x08, 0x20, 0x00, 0x00, 0x00,
    0x00, 0x00, 0x00, 0x00, 0x20, 0x00, 0x41, 0x00, 0x20, 0x00, 0x7e, 0xef, 0xbf, 0xf7, 0xbf, 0xf7,
    0xbf, 0xf7, 0xdf, 0xf7, 0xbf, 0xf7, 0xbf, 0xf7, 0xbf, 0xf7, 0xdf, 0xf7, 0xbf, 0xf7, 0xbf, 0xf7,
    0xbf, 0xf7, 0xbf, 0xf7, 0xbf, 0xf7, 0xbf, 0xf7, 0x9f, 0xf7, 0xbf, 0xf7, 0x9f, 0xf7, 0x9e, 0xef,
    0x7e, 0xef, 0x9e, 0xef, 0x7e, 0xef, 0x1d, 0xdf, 0x20, 0x00, 0x61, 0x08, 0x20, 0x00, 0x00, 0x00,
    0x00, 0x00, 0x00, 0x00, 0x20, 0x00, 0x41, 0x00, 0x20, 0x00, 0x7e, 0xef, 0xbf, 0xf7, 0xbf, 0xf7,
    0xbf, 0xf7, 0xdf, 0xf7, 0xbf, 0xf7, 0xbf, 0xf7, 0xbf, 0xf7, 0xdf, 0xf7, 0xbf, 0xf7, 0xbf, 0xf7,
    0xbf, 0xf7, 0xbf, 0xf7, 0xbf, 0xf7, 0xbf, 0xf7, 0x9f, 0xf7, 0xbf, 0xf7, 0x9f, 0xf7, 0x9e, 0xef,
    0x7e, 0xef, 0x9e, 0xef, 0x7e, 0xef, 0x1d, 0xdf, 0x20, 0x00, 0x61, 0x08, 0x20, 0x00, 0x00, 0x00,
    0x00, 0x00, 0x00, 0x00, 0x20, 0x00, 0x41, 0x00, 0x20, 0x00, 0x7e, 0xef, 0xbf, 0xf7, 0xbf, 0xf7,
    0xbf, 0xf7, 0xdf, 0xf7, 0xbf, 0xf7, 0xbf, 0xf7, 0xbf, 0xf7, 0xdf, 0xf7, 0xbf, 0xf7, 0xbf, 0xf7,
    0xbf, 0xf7, 0xbf, 0xf7, 0xbf, 0xf7, 0xbf, 0xf7, 0x9f, 0xf7, 0xbf, 0xf7, 0x9f, 0xf7, 0x9e, 0xef,
    0x7e, 0xef, 0x9e, 0xef, 0x7e, 0xef, 0x1d, 0xdf, 0x20, 0x00, 0x61, 0x08, 0x20, 0x00, 0x00, 0x00,
    0x00, 0x00, 0x00, 0x00, 0x20, 0x00, 0x41, 0x00, 0x20, 0x00, 0x7e, 0xef, 0xbf, 0xf7, 0xbf, 0xf7,
    0xbf, 0xf7, 0xdf, 0xf7, 0xbf, 0xf7, 0xbf, 0xf7, 0xbf, 0xf7, 0xdf, 0xf7, 0xbf, 0xf7, 0xbf, 0xf7,
    0xbf, 0xf7, 0xbf, 0xf7, 0xbf, 0xf7, 0xbf, 0xf7, 0x9f, 0xf7, 0xbf, 0xf7, 0x9f, 0xf7, 0x9e, 0xef,
    0x7e, 0xef, 0x9e, 0xef, 0x7e, 0xef, 0x1d, 0xdf, 0x20, 0x00, 0x61, 0x08, 0x20, 0x00, 0x00, 0x00,
    0x00, 0x00, 0x00, 0x00, 0x20, 0x00, 0x41, 0x00, 0x20, 0x00, 0x7e, 0xef, 0xbf, 0xf7, 0xbf, 0xf7,
    0xbf, 0xf7, 0xdf, 0xf7, 0xbf, 0xf7, 0xbf, 0xf7, 0xbf, 0xf7, 0xdf, 0xf7, 0xbf, 0xf7, 0xbf, 0xf7,
    0xbf, 0xf7, 0x00, 0x00, 0xbf, 0xf7, 0xbf, 0xf7, 0x9f, 0xf7, 0xbf, 0xf7, 0x00, 0x00, 0x9e, 0xef,
    0x7e, 0xef, 0x9e, 0xef, 0x7e, 0xef, 0x1d, 0xdf, 0x20, 0x00, 0x61, 0x08, 0x20, 0x00, 0x00, 0x00,
    0x00, 0x00, 0x00, 0x00, 0x20, 0x00, 0x41, 0x00, 0x20, 0x00, 0x7e, 0xef, 0xbf, 0xf7, 0xbf, 0xf7,
    0x00, 0x00, 0xdf, 0xf7, 0xbf, 0xf7, 0x00, 0x00, 0x00, 0x00, 0x00, 0x00, 0xbf, 0xf7, 0x00, 0x00,
    0xbf, 0xf7, 0xbf, 0xf7, 0xbf, 0xf7, 0xbf, 0xf7, 0x9f, 0xf7, 0x00, 0x00, 0x9f, 0xf7, 0x00, 0x00,
    0x00, 0x00, 0x00, 0x00, 0x7e, 0xef, 0x1d, 0xdf, 0x00, 0x00, 0x61, 0x08, 0x20, 0x00, 0x00, 0x00,
    0x00, 0x00, 0x00, 0x00, 0x20, 0x00, 0x41, 0x00, 0x20, 0x00, 0x7e, 0xef, 0x00, 0x00, 0xbf, 0xf7,
    0xbf, 0xf7, 0x00, 0x00, 0x00, 0x00, 0x00, 0x00, 0x00, 0x00, 0x00, 0x00, 0x00, 0x00, 0xbf, 0xf7,
    0xbf, 0xf7, 0xbf, 0xf7, 0xbf, 0xf7, 0xbf, 0xf7, 0x00, 0x00, 0x00, 0x00, 0x00, 0x00, 0x00, 0x00,
    0x00, 0x00, 0x00, 0x00, 0x7e, 0xef, 0x1d, 0xdf, 0x00, 0x00, 0x61, 0x08, 0x20, 0x00, 0x00, 0x00,
    0x00, 0x00, 0x00, 0x00, 0x20, 0x00, 0x00, 0x00, 0x20, 0x00, 0x7e, 0xef, 0xbf, 0xf7, 0x00, 0x00,
    0x00, 0x00, 0x00, 0x00, 0x00, 0x00, 0xbf, 0xf7, 0x00, 0x00, 0x00, 0x00, 0x00, 0x00, 0xbf, 0xf7,
    0xbf, 0xf7, 0xbf, 0xf7, 0xbf, 0xf7, 0x00, 0x00, 0x00, 0x00, 0xbf, 0xf7, 0x00, 0x00, 0x00, 0x00,
    0x00, 0x00, 0x00, 0x00, 0x7e, 0xef, 0x1d, 0xdf, 0x20, 0x00, 0x00, 0x00, 0x20, 0x00, 0x00, 0x00,
    0x00, 0x00, 0x00, 0x00, 0x00, 0x00, 0x41, 0x00, 0x20, 0x00, 0x7e, 0xef, 0x00, 0x00, 0x00, 0x00,
    0x00, 0x00, 0x00, 0x00, 0x00, 0x00, 0xbf, 0xf7, 0x00, 0x00, 0x00, 0x00, 0xbf, 0xf7, 0xbf, 0xf7,
    0xbf, 0xf7, 0xbf, 0xf7, 0xbf, 0xf7, 0x00, 0x00, 0x00, 0x00, 0xbf, 0xf7, 0x00, 0x00, 0x00, 0x00,
    0x00, 0x00, 0x00, 0x00, 0x00, 0x00, 0x1d, 0xdf, 0x20, 0x00, 0x61, 0x08, 0x00, 0x00, 0x00, 0x00,
    0x00, 0x00, 0x00, 0x00, 0x20, 0x00, 0x41, 0x00, 0x20, 0x00, 0x7e, 0xef, 0xbf, 0xf7, 0xbf, 0xf7,
    0xbf, 0xf7, 0xdf, 0xf7, 0xbf, 0xf7, 0xbf, 0xf7, 0x00, 0x00, 0x00, 0x00, 0xbf, 0xf7, 0xbf, 0xf7,
    0xbf, 0xf7, 0xbf, 0xf7, 0xbf, 0xf7, 0x00, 0x00, 0x00, 0x00, 0xbf, 0xf7, 0x9f, 0xf7, 0x9e, 0xef,
    0x7e, 0xef, 0x9e, 0xef, 0x7e, 0xef, 0x1d, 0xdf, 0x20, 0x00, 0x61, 0x08, 0x20, 0x00, 0x00, 0x00,
    0x00, 0x00, 0x00, 0x00, 0x20, 0x00, 0x41, 0x00, 0x20, 0x00, 0x7e, 0xef, 0xbf, 0xf7, 0xbf, 0xf7,
    0xbf, 0xf7, 0xdf, 0xf7, 0xbf, 0xf7, 0xbf, 0xf7, 0x00, 0x00, 0x00, 0x00, 0xbf, 0xf7, 0xbf, 0xf7,
    0xbf, 0xf7, 0xbf, 0xf7, 0xbf, 0xf7, 0x00, 0x00, 0x00, 0x00, 0xbf, 0xf7, 0x9f, 0xf7, 0x9e, 0xef,
    0x7e, 0xef, 0x9e, 0xef, 0x7e, 0xef, 0x1d, 0xdf, 0x20, 0x00, 0x61, 0x08, 0x20, 0x00, 0x00, 0x00,
    0x00, 0x00, 0x00, 0x00, 0x20, 0x00, 0x41, 0x00, 0x20, 0x00, 0x7e, 0xef, 0xbf, 0xf7, 0xbf, 0xf7,
    0xbf, 0xf7, 0xdf, 0xf7, 0xbf, 0xf7, 0xbf, 0xf7, 0xbf, 0xf7, 0x00, 0x00, 0xbf, 0xf7, 0xbf, 0xf7,
    0xbf, 0xf7, 0xbf, 0xf7, 0xbf, 0xf7, 0x00, 0x00, 0x9f, 0xf7, 0xbf, 0xf7, 0x9f, 0xf7, 0x9e, 0xef,
    0x7e, 0xef, 0x9e, 0xef, 0x7e, 0xef, 0x1d, 0xdf, 0x20, 0x00, 0x61, 0x08, 0x20, 0x00, 0x00, 0x00,
    0x00, 0x00, 0x00, 0x00, 0x20, 0x00, 0x41, 0x00, 0x20, 0x00, 0x7e, 0xef, 0xbf, 0xf7, 0xbf, 0xf7,
    0xbf, 0xf7, 0xdf, 0xf7, 0xbf, 0xf7, 0xbf, 0xf7, 0x00, 0x00, 0x00, 0x00, 0xbf, 0xf7, 0xbf, 0xf7,
    0xbf, 0xf7, 0xbf, 0xf7, 0xbf, 0xf7, 0x00, 0x00, 0x00, 0x00, 0xbf, 0xf7, 0x9f, 0xf7, 0x9e, 0xef,
    0x7e, 0xef, 0x9e, 0xef, 0x7e, 0xef, 0x1d, 0xdf, 0x20, 0x00, 0x61, 0x08, 0x20, 0x00, 0x00, 0x00,
    0x00, 0x00, 0x00, 0x00, 0x20, 0x00, 0x41, 0x00, 0x20, 0x00, 0x7e, 0xef, 0xbf, 0xf7, 0xbf, 0xf7,
    0xbf, 0xf7, 0xdf, 0xf7, 0xbf, 0xf7, 0xbf, 0xf7, 0x00, 0x00, 0x00, 0x00, 0xbf, 0xf7, 0xbf, 0xf7,
    0xbf, 0xf7, 0xbf, 0xf7, 0xbf, 0xf7, 0x00, 0x00, 0x00, 0x00, 0xbf, 0xf7, 0x9f, 0xf7, 0x9e, 0xef,
    0x7e, 0xef, 0x9e, 0xef, 0x7e, 0xef, 0x1d, 0xdf, 0x20, 0x00, 0x61, 0x08, 0x20, 0x00, 0x00, 0x00,
    0x00, 0x00, 0x00, 0x00, 0x20, 0x00, 0x41, 0x00, 0x20, 0x00, 0x7e, 0xef, 0xbf, 0xf7, 0x00, 0x00,
    0xbf, 0xf7, 0xdf, 0xf7, 0x00, 0x00, 0x00, 0x00, 0x00, 0x00, 0x00, 0x00, 0x00, 0x00, 0x00, 0x00,
    0x00, 0x00, 0x00, 0x00, 0x00, 0x00, 0x00, 0x00, 0x00, 0x00, 0x00, 0x00, 0x00, 0x00, 0x9e, 0xef,
    0x7e, 0xef, 0x00, 0x00, 0x7e, 0xef, 0x1d, 0xdf, 0x20, 0x00, 0x61, 0x08, 0x20, 0x00, 0x00, 0x00,
    0x00, 0x00, 0x00, 0x00, 0x20, 0x00, 0x41, 0x00, 0x20, 0x00, 0x7e, 0xef, 0xbf, 0xf7, 0x00, 0x00,
    0xbf, 0xf7, 0xdf, 0xf7, 0x00, 0x00, 0x00, 0x00, 0x00, 0x00, 0x00, 0x00, 0x00, 0x00, 0xbf, 0xf7,
    0x00, 0x00, 0xbf, 0xf7, 0x00, 0x00, 0x00, 0x00, 0x00, 0x00, 0x00, 0x00, 0x00, 0x00, 0x9e, 0xef,
    0x7e, 0xef, 0x00, 0x00, 0x7e, 0xef, 0x1d, 0xdf, 0x20, 0x00, 0x61, 0x08, 0x20, 0x00, 0x00, 0x00,
    0x00, 0x00, 0x00, 0x00, 0x20, 0x00, 0x41, 0x00, 0x20, 0x00, 0x7e, 0xef, 0xbf, 0xf7, 0xbf, 0xf7,
    0xbf, 0xf7, 0xdf, 0xf7, 0xbf, 0xf7, 0xbf, 0xf7, 0x00, 0x00, 0x00, 0x00, 0xbf, 0xf7, 0xbf, 0xf7,
    0xbf, 0xf7, 0xbf, 0xf7, 0xbf, 0xf7, 0x00, 0x00, 0x00, 0x00, 0xbf, 0xf7, 0x9f, 0xf7, 0x9e, 0xef,
    0x7e, 0xef, 0x9e, 0xef, 0x7e, 0xef, 0x1d, 0xdf, 0x20, 0x00, 0x61, 0x08, 0x20, 0x00, 0x00, 0x00,
    0x00, 0x00, 0x00, 0x00, 0x20, 0x00, 0x41, 0x00, 0x20, 0x00, 0x7e, 0xef, 0xbf, 0xf7, 0xbf, 0xf7,
    0xbf, 0xf7, 0xdf, 0xf7, 0xbf, 0xf7, 0xbf, 0xf7, 0x00, 0x00, 0x00, 0x00, 0xbf, 0xf7, 0xbf, 0xf7,
    0xbf, 0xf7, 0xbf, 0xf7, 0xbf, 0xf7, 0x00, 0x00, 0x00, 0x00, 0xbf, 0xf7, 0x9f, 0xf7, 0x9e, 0xef,
    0x7e, 0xef, 0x9e, 0xef, 0x7e, 0xef, 0x1d, 0xdf, 0x20, 0x00, 0x61, 0x08, 0x20, 0x00, 0x00, 0x00,
    0x00, 0x00, 0x00, 0x00, 0x20, 0x00, 0x41, 0x00, 0x20, 0x00, 0x7e, 0xef, 0xbf, 0xf7, 0xbf, 0xf7,
    0xbf, 0xf7, 0xdf, 0xf7, 0xbf, 0xf7, 0xbf, 0xf7, 0xbf, 0xf7, 0x00, 0x00, 0xbf, 0xf7, 0xbf, 0xf7,
    0xbf, 0xf7, 0xbf, 0xf7, 0xbf, 0xf7, 0x00, 0x00, 0x9f, 0xf7, 0xbf, 0xf7, 0x9f, 0xf7, 0x9e, 0xef,
    0x7e, 0xef, 0x9e, 0xef, 0x7e, 0xef, 0x1d, 0xdf, 0x20, 0x00, 0x61, 0x08, 0x20, 0x00, 0x00, 0x00,
    0x00, 0x00, 0x00, 0x00, 0x20, 0x00, 0x41, 0x00, 0x20, 0x00, 0x7e, 0xef, 0xbf, 0xf7, 0xbf, 0xf7,
    0xbf, 0xf7, 0xdf, 0xf7, 0xbf, 0xf7, 0xbf, 0xf7, 0x00, 0x00, 0x00, 0x00, 0xbf, 0xf7, 0xbf, 0xf7,
    0xbf, 0xf7, 0xbf, 0xf7, 0xbf, 0xf7, 0x00, 0x00, 0x00, 0x00, 0xbf, 0xf7, 0x9f, 0xf7, 0x9e, 0xef,
    0x7e, 0xef, 0x9e, 0xef, 0x7e, 0xef, 0x1d, 0xdf, 0x20, 0x00, 0x61, 0x08, 0x20, 0x00, 0x00, 0x00,
    0x00, 0x00, 0x00, 0x00, 0x20, 0x00, 0x41, 0x00, 0x20, 0x00, 0x7e, 0xef, 0xbf, 0xf7, 0xbf, 0xf7,
    0xbf, 0xf7, 0xdf, 0xf7, 0xbf, 0xf7, 0xbf, 0xf7, 0x00, 0x00, 0x00, 0x00, 0xbf, 0xf7, 0xbf, 0xf7,
    0xbf, 0xf7, 0xbf, 0xf7, 0xbf, 0xf7, 0x00, 0x00, 0x00, 0x00, 0xbf, 0xf7, 0x9f, 0xf7, 0x9e, 0xef,
    0x7e, 0xef, 0x9e, 0xef, 0x7e, 0xef, 0x1d, 0xdf, 0x20, 0x00, 0x61, 0x08, 0x20, 0x00, 0x00, 0x00,
    0x00, 0x00, 0x00, 0x00, 0x20, 0x00, 0x41, 0x00, 0x20, 0x00, 0x7e, 0xef, 0xbf, 0xf7, 0x00, 0x00,
    0xbf, 0xf7, 0xdf, 0xf7, 0x00, 0x00, 0x00, 0x00, 0x00, 0x00, 0x00, 0x00, 0x00, 0x00, 0x00, 0x00,
    0x00, 0x00, 0x00, 0x00, 0x00, 0x00, 0x00, 0x00, 0x00, 0x00, 0x00, 0x00, 0x00, 0x00, 0x9e, 0xef,
    0x7e, 0xef, 0x00, 0x00, 0x7e, 0xef, 0x1d, 0xdf, 0x20, 0x00, 0x61, 0x08, 0x20, 0x00, 0x00, 0x00,
    0x00, 0x00, 0x00, 0x00, 0x20, 0x00, 0x41, 0x00, 0x20, 0x00, 0x7e, 0xef, 0xbf, 0xf7, 0x00, 0x00,
    0xbf, 0xf7, 0xdf, 0xf7, 0x00, 0x00, 0x00, 0x00, 0x00, 0x00, 0x00, 0x00, 0x00, 0x00, 0xbf, 0xf7,
    0x00, 0x00, 0xbf, 0xf7, 0x00, 0x00, 0x00, 0x00, 0x00, 0x00, 0x00, 0x00, 0x00, 0x00, 0x9e, 0xef,
    0x7e, 0xef, 0x00, 0x00, 0x7e, 0xef, 0x1d, 0xdf, 0x20, 0x00, 0x61, 0x08, 0x20, 0x00, 0x00, 0x00,
    0x00, 0x00, 0x00, 0x00, 0x20, 0x00, 0x41, 0x00, 0x20, 0x00, 0x7e, 0xef, 0xbf, 0xf7, 0xbf, 0xf7,
    0xbf, 0xf7, 0xdf, 0xf7, 0xbf, 0xf7, 0xbf, 0xf7, 0x00, 0x00, 0xdf, 0xf7, 0xbf, 0xf7, 0xbf, 0xf7,
    0xbf, 0xf7, 0xbf, 0xf7, 0x00, 0x00, 0x00, 0x00, 0x9f, 0xf7, 0xbf, 0xf7, 0x9f, 0xf7, 0x9e, 0xef,
    0x7e, 0xef, 0x9e, 0xef, 0x7e, 0xef, 0x1d, 0xdf, 0x20, 0x00, 0x61, 0x08, 0x20, 0x00, 0x00, 0x00,
    0x00, 0x00, 0x00, 0x00, 0x20, 0x00, 0x41, 0x00, 0x20, 0x00, 0x7e, 0xef, 0xbf, 0xf7, 0xbf, 0xf7,
    0xbf, 0xf7, 0xdf, 0xf7, 0x00, 0x00, 0x00, 0x00, 0xbf, 0xf7, 0xdf, 0xf7, 0xbf, 0xf7, 0xbf, 0xf7,
    0x00, 0x00, 0x00, 0x00, 0xbf, 0xf7, 0xbf, 0xf7, 0x9f, 0xf7, 0xbf, 0xf7, 0x9f, 0xf7, 0x9e, 0xef,
    0x7e, 0xef, 0x9e, 0xef, 0x7e, 0xef, 0x1d, 0xdf, 0x20, 0x00, 0x61, 0x08, 0x20, 0x00, 0x00, 0x00,
    0x00, 0x00, 0x00, 0x00, 0x20, 0x00, 0x41, 0x00, 0x20, 0x00, 0x7e, 0xef, 0xbf, 0xf7, 0xbf, 0xf7,
    0x00, 0x00, 0x00, 0x00, 0xbf, 0xf7, 0xbf, 0xf7, 0xbf, 0xf7, 0x00, 0x00, 0x00, 0x00, 0xbf, 0xf7,
    0xbf, 0xf7, 0xbf, 0xf7, 0xbf, 0xf7, 0xbf, 0xf7, 0x9f, 0xf7, 0xbf, 0xf7, 0x9f, 0xf7, 0x9e, 0xef,
    0x7e, 0xef, 0x9e, 0xef, 0x7e, 0xef, 0x1d, 0xdf, 0x20, 0x00, 0x61, 0x08, 0x20, 0x00, 0x00, 0x00,
    0x00, 0x00, 0x00, 0x00, 0x20, 0x00, 0x00, 0x00, 0x00, 0x00, 0x00, 0x00, 0xbf, 0xf7, 0xbf, 0xf7,
    0xbf, 0xf7, 0xdf, 0xf7, 0xbf, 0xf7, 0x00, 0x00, 0xbf, 0xf7, 0xdf, 0xf7, 0xbf, 0xf7, 0xbf, 0xf7,
    0xbf, 0xf7, 0xbf, 0xf7, 0xbf, 0xf7, 0xbf, 0xf7, 0x9f, 0xf7, 0xbf, 0xf7, 0x9f, 0xf7, 0x9e, 0xef,
    0x7e, 0xef, 0x9e, 0xef, 0x7e, 0xef, 0x1d, 0xdf, 0x20, 0x00, 0x61, 0x08, 0x20, 0x00, 0x00, 0x00,
    0x00, 0x00, 0x00, 0x00, 0x20, 0x00, 0x41, 0x00, 0x20, 0x00, 0x7e, 0xef, 0xbf, 0xf7, 0xbf, 0xf7,
    0xbf, 0xf7, 0xdf, 0xf7, 0xbf, 0xf7, 0xbf, 0xf7, 0xbf, 0xf7, 0xdf, 0xf7, 0xbf, 0xf7, 0xbf, 0xf7,
    0xbf, 0xf7, 0xbf, 0xf7, 0xbf, 0xf7, 0xbf, 0xf7, 0x9f, 0xf7, 0xbf, 0xf7, 0x9f, 0xf7, 0x9e, 0xef,
    0x7e, 0xef, 0x9e, 0xef, 0x7e, 0xef, 0x1d, 0xdf, 0x20, 0x00, 0x61, 0x08, 0x20, 0x00, 0x00, 0x00,
    0x00, 0x00, 0x00, 0x00, 0x20, 0x00, 0x41, 0x00, 0x20, 0x00, 0x7e, 0xef, 0xbf, 0xf7, 0xbf, 0xf7,
    0xbf, 0xf7, 0xdf, 0xf7, 0xbf, 0xf7, 0xbf, 0xf7, 0xbf, 0xf7, 0xdf, 0xf7, 0xbf, 0xf7, 0xbf, 0xf7,
    0xbf, 0xf7, 0xbf, 0xf7, 0xbf, 0xf7, 0xbf, 0xf7, 0x9f, 0xf7, 0xbf, 0xf7, 0x9f, 0xf7, 0x9e, 0xef,
    0x7e, 0xef, 0x9e, 0xef, 0x7e, 0xef, 0x1d, 0xdf, 0x20, 0x00, 0x61, 0x08, 0x20, 0x00, 0x00, 0x00,
    0x00, 0x00, 0x00, 0x00, 0x20, 0x00, 0x41, 0x00, 0x20, 0x00, 0x7e, 0xef, 0xbf, 0xf7, 0xbf, 0xf7,
    0xbf, 0xf7, 0xdf, 0xf7, 0xbf, 0xf7, 0xbf, 0xf7, 0xbf, 0xf7, 0xdf, 0xf7, 0xbf, 0xf7, 0xbf, 0xf7,
    0xbf, 0xf7, 0xbf, 0xf7, 0xbf, 0xf7, 0xbf, 0xf7, 0x9f, 0xf7, 0xbf, 0xf7, 0x9f, 0xf7, 0x9e, 0xef,
    0x7e, 0xef, 0x9e, 0xef, 0x7e, 0xef, 0x1d, 0xdf, 0x20, 0x00, 0x61, 0x08, 0x20, 0x00, 0x00, 0x00,
    0x00, 0x00, 0x00, 0x00, 0x20, 0x00, 0x41, 0x00, 0x20, 0x00, 0x7e, 0xef, 0xbf, 0xf7, 0xbf, 0xf7,
    0xbf, 0xf7, 0xdf, 0xf7, 0xbf, 0xf7, 0xbf, 0xf7, 0xbf, 0xf7, 0xdf, 0xf7, 0xbf, 0xf7, 0xbf, 0xf7,
    0xbf, 0xf7, 0xbf, 0xf7, 0xbf, 0xf7, 0xbf, 0xf7, 0x9f, 0xf7, 0xbf, 0xf7, 0x9f, 0xf7, 0x9e, 0xef,
    0x7e, 0xef, 0x9e, 0xef, 0x7e, 0xef, 0x1d, 0xdf, 0x20, 0x00, 0x61, 0x08, 0x20, 0x00, 0x00, 0x00,
    0x00, 0x00, 0x00, 0x00, 0x20, 0x00, 0x41, 0x00, 0x20, 0x00, 0x7e, 0xef, 0xbf, 0xf7, 0xbf, 0xf7,
    0xbf, 0xf7, 0xdf, 0xf7, 0xbf, 0xf7, 0xbf, 0xf7, 0xbf, 0xf7, 0xdf, 0xf7, 0xbf, 0xf7, 0xbf, 0xf7,
    0xbf, 0xf7, 0xbf, 0xf7, 0xbf, 0xf7, 0xbf, 0xf7, 0x9f, 0xf7, 0xbf, 0xf7, 0x9f, 0xf7, 0x9e, 0xef,
    0x7e, 0xef, 0x9e, 0xef, 0x7e, 0xef, 0x1d, 0xdf, 0x20, 0x00, 0x61, 0x08, 0x20, 0x00, 0x00, 0x00,
    0x00, 0x00, 0x00, 0x00, 0x20, 0x00, 0x41, 0x00, 0x20, 0x00, 0x7e, 0xef, 0xbf, 0xf7, 0xbf, 0xf7,
    0xbf, 0xf7, 0xdf, 0xf7, 0xbf, 0xf7, 0xbf, 0xf7, 0xbf, 0xf7, 0xdf, 0xf7, 0xbf, 0xf7, 0xbf, 0xf7,
    0xbf, 0xf7, 0xbf, 0xf7, 0xbf, 0xf7, 0xbf, 0xf7, 0x9f, 0xf7, 0xbf, 0xf7, 0x9f, 0xf7, 0x9e, 0xef,
    0x7e, 0xef, 0x9e, 0xef, 0x7e, 0xef, 0x1d, 0xdf, 0x20, 0x00, 0x61, 0x08, 0x20, 0x00, 0x00, 0x00,
    0x00, 0x00, 0x00, 0x00, 0x20, 0x00, 0x41, 0x00, 0x20, 0x00, 0x7e, 0xef, 0xbf, 0xf7, 0xbf, 0xf7,
    0xbf, 0xf7, 0xdf, 0xf7, 0xbf, 0xf7, 0xbf, 0xf7, 0xbf, 0xf7, 0xdf, 0xf7, 0xbf, 0xf7, 0xbf, 0xf7,
    0xbf, 0xf7, 0xbf, 0xf7, 0xbf, 0xf7, 0xbf, 0xf7, 0x9f, 0xf7, 0xbf, 0xf7, 0x9f, 0xf7, 0x9e, 0xef,
    0x7e, 0xef, 0x9e, 0xef, 0x7e, 0xef, 0x1d, 0xdf, 0x20, 0x00, 0x61, 0x08, 0x20, 0x00, 0x00, 0x00,
    0x00, 0x00, 0x00, 0x00, 0x20, 0x00, 0x41, 0x00, 0x20, 0x00, 0x7e, 0xef, 0xbf, 0xf7, 0xbf, 0xf7,
    0xbf, 0xf7, 0xdf, 0xf7, 0xbf, 0xf7, 0xbf, 0xf7, 0xbf, 0xf7, 0xdf, 0xf7, 0xbf, 0xf7, 0xbf, 0xf7,
    0xbf, 0xf7, 0xbf, 0xf7, 0xbf, 0xf7, 0xbf, 0xf7, 0x9f, 0xf7, 0xbf, 0xf7, 0x9f, 0xf7, 0x9e, 0xef,
    0x7e, 0xef, 0x9e, 0xef, 0x7e, 0xef, 0x1d, 0xdf, 0x20, 0x00, 0x61, 0x08, 0x20, 0x00, 0x00, 0x00,
    0x00, 0x00, 0x00, 0x00, 0x41, 0x00, 0x61, 0x08, 0xf4, 0x9c, 0x9e, 0xef, 0xbf, 0xf7, 0xbf, 0xf7,
    0xbf, 0xf7, 0xbf, 0xf7, 0xdf, 0xf7, 0xbf, 0xf7, 0xbf, 0xf7, 0xbf, 0xf7, 0xdf, 0xf7, 0xdf, 0xf7,
    0xbf, 0xf7, 0xbf, 0xf7, 0xbf, 0xf7, 0xbf, 0xf7, 0xbf, 0xf7, 0x9f, 0xef, 0xbf, 0xf7, 0x9f, 0xef,
    0x9e, 0xef, 0x7e, 0xef, 0x7e, 0xef, 0x5e, 0xe7, 0xd3, 0x94, 0x41, 0x08, 0x41, 0x00, 0x00, 0x00,
    0x00, 0x00, 0x00, 0x00, 0x41, 0x00, 0x61, 0x08, 0xf4, 0x9c, 0x9e, 0xef, 0xbf, 0xf7, 0xbf, 0xf7,
    0xbf, 0xf7, 0xbf, 0xf7, 0xdf, 0xf7, 0xbf, 0xf7, 0xbf, 0xf7, 0xbf, 0xf7, 0xdf, 0xf7, 0xdf, 0xf7,
    0xbf, 0xf7, 0xbf, 0xf7, 0xbf, 0xf7, 0xbf, 0xf7, 0xbf, 0xf7, 0x9f, 0xef, 0xbf, 0xf7, 0x9f, 0xef,
    0x9e, 0xef, 0x7e, 0xef, 0x7e, 0xef, 0x5e, 0xe7, 0xd3, 0x94, 0x41, 0x08, 0x41, 0x00, 0x00, 0x00,
    0x00, 0x00, 0x00, 0x00, 0x41, 0x00, 0x61, 0x08, 0xf4, 0x9c, 0x9e, 0xef, 0xbf, 0xf7, 0xbf, 0xf7,
    0xbf, 0xf7, 0xbf, 0xf7, 0xdf, 0xf7, 0xbf, 0xf7, 0xbf, 0xf7, 0xbf, 0xf7, 0xdf, 0xf7, 0xdf, 0xf7,
    0xbf, 0xf7, 0xbf, 0xf7, 0xbf, 0xf7, 0xbf, 0xf7, 0xbf, 0xf7, 0x9f, 0xef, 0xbf, 0xf7, 0x9f, 0xef,
    0x9e, 0xef, 0x7e, 0xef, 0x7e, 0xef, 0x5e, 0xe7, 0xd3, 0x94, 0x41, 0x08, 0x41, 0x00, 0x00, 0x00,
    0x00, 0x00, 0x00, 0x00, 0x41, 0x00, 0x61, 0x08, 0xf4, 0x9c, 0x9e, 0xef, 0xbf, 0xf7, 0xbf, 0xf7,
    0xbf, 0xf7, 0xbf, 0xf7, 0xdf, 0xf7, 0xbf, 0xf7, 0xbf, 0xf7, 0xbf, 0xf7, 0xdf, 0xf7, 0xdf, 0xf7,
    0xbf, 0xf7, 0xbf, 0xf7, 0xbf, 0xf7, 0xbf, 0xf7, 0xbf, 0xf7, 0x9f, 0xef, 0xbf, 0xf7, 0x9f, 0xef,
    0x9e, 0xef, 0x7e, 0xef, 0x7e, 0xef, 0x5e, 0xe7, 0xd3, 0x94, 0x41, 0x08, 0x41, 0x00, 0x00, 0x00,
    0x00, 0x00, 0x00, 0x00, 0x41, 0x00, 0x61, 0x08, 0xf4, 0x9c, 0x9e, 0xef, 0xbf, 0xf7, 0xbf, 0xf7,
    0xbf, 0xf7, 0xbf, 0xf7, 0xdf, 0xf7, 0xbf, 0xf7, 0xbf, 0xf7, 0xbf, 0xf7, 0xdf, 0xf7, 0xdf, 0xf7,
    0xbf, 0xf7, 0xbf, 0xf7, 0xbf, 0xf7, 0xbf, 0xf7, 0xbf, 0xf7, 0x9f, 0xef, 0xbf, 0xf7, 0x9f, 0xef,
    0x9e, 0xef, 0x7e, 0xef, 0x7e, 0xef, 0x5e, 0xe7, 0xd3, 0x94, 0x41, 0x08, 0x41, 0x00, 0x00, 0x00,
    0x00, 0x00, 0x00, 0x00, 0x41, 0x00, 0x61, 0x08, 0xf4, 0x9c, 0x9e, 0xef, 0xbf, 0xf7, 0xbf, 0xf7,
    0xbf, 0xf7, 0xbf, 0xf7, 0xdf, 0xf7, 0xbf, 0xf7, 0xbf, 0xf7, 0xbf, 0xf7, 0xdf, 0xf7, 0xdf, 0xf7,
    0xbf, 0xf7, 0xbf, 0xf7, 0xbf, 0xf7, 0xbf, 0xf7, 0xbf, 0xf7, 0x9f, 0xef, 0xbf, 0xf7, 0x9f, 0xef,
    0x9e, 0xef, 0x7e, 0xef, 0x7e, 0xef, 0x5e, 0xe7, 0xd3, 0x94, 0x41, 0x08, 0x41, 0x00, 0x00, 0x00,
    0x00, 0x00, 0x00, 0x00, 0x41, 0x00, 0x61, 0x08, 0xf4, 0x9c, 0x9e, 0xef, 0xbf, 0xf7, 0xbf, 0xf7,
    0xbf, 0xf7, 0xbf, 0xf7, 0xdf, 0xf7, 0xbf, 0xf7, 0xbf, 0xf7, 0xbf, 0xf7, 0xdf, 0xf7, 0xdf, 0xf7,
    0xbf, 0xf7, 0xbf, 0xf7, 0xbf, 0xf7, 0xbf, 0xf7, 0xbf, 0xf7, 0x9f, 0xef, 0xbf, 0xf7, 0x9f, 0xef,
    0x9e, 0xef, 0x7e, 0xef, 0x7e, 0xef, 0x5e, 0xe7, 0xd3, 0x94, 0x41, 0x08, 0x41, 0x00, 0x00, 0x00,
    0x00, 0x00, 0x00, 0x00, 0x41, 0x00, 0x61, 0x08, 0xf4, 0x9c, 0x9e, 0xef, 0xbf, 0xf7, 0xbf, 0xf7,
    0xbf, 0xf7, 0xbf, 0xf7, 0xdf, 0xf7, 0xbf, 0xf7, 0xbf, 0xf7, 0xbf, 0xf7, 0xdf, 0xf7, 0xdf, 0xf7,
    0xbf, 0xf7, 0xbf, 0xf7, 0xbf, 0xf7, 0xbf, 0xf7, 0xbf, 0xf7, 0x9f, 0xef, 0xbf, 0xf7, 0x9f, 0xef,
    0x9e, 0xef, 0x7e, 0xef, 0x7e, 0xef, 0x5e, 0xe7, 0xd3, 0x94, 0x41, 0x08, 0x41, 0x00, 0x00, 0x00,
    0x00, 0x00, 0x00, 0x00, 0x41, 0x00, 0x61, 0x08, 0xf4, 0x9c, 0x9e, 0xef, 0xbf, 0xf7, 0xbf, 0xf7,
    0xbf, 0xf7, 0xbf, 0xf7, 0xdf, 0xf7, 0xbf, 0xf7, 0xbf, 0xf7, 0xbf, 0xf7, 0xdf, 0xf7, 0xdf, 0xf7,
    0xbf, 0xf7, 0xbf, 0xf7, 0xbf, 0xf7, 0xbf, 0xf7, 0xbf, 0xf7, 0x9f, 0xef, 0xbf, 0xf7, 0x9f, 0xef,
    0x9e, 0xef, 0x7e, 0xef, 0x7e, 0xef, 0x5e, 0xe7, 0xd3, 0x94, 0x41, 0x08, 0x41, 0x00, 0x00, 0x00,
    0x00, 0x00, 0x00, 0x00, 0x41, 0x00, 0x61, 0x08, 0xf4, 0x9c, 0x9e, 0xef, 0xbf, 0xf7, 0xbf, 0xf7,
    0xbf, 0xf7, 0xbf, 0xf7, 0xdf, 0xf7, 0xbf, 0xf7, 0xbf, 0xf7, 0xbf, 0xf7, 0xdf, 0xf7, 0xdf, 0xf7,
    0xbf, 0xf7, 0xbf, 0xf7, 0xbf, 0xf7, 0xbf, 0xf7, 0xbf, 0xf7, 0x9f, 0xef, 0xbf, 0xf7, 0x9f, 0xef,
    0x9e, 0xef, 0x7e, 0xef, 0x7e, 0xef, 0x5e, 0xe7, 0xd3, 0x94, 0x41, 0x08, 0x41, 0x00, 0x00, 0x00,
    0x00, 0x00, 0x00, 0x00, 0x41, 0x00, 0x61, 0x08, 0xf4, 0x9c, 0x9e, 0xef, 0xbf, 0xf7, 0xbf, 0xf7,
    0xbf, 0xf7, 0xbf, 0xf7, 0xdf, 0xf7, 0xbf, 0xf7, 0xbf, 0xf7, 0xbf, 0xf7, 0xdf, 0xf7, 0xdf, 0xf7,
    0xbf, 0xf7, 0xbf, 0xf7, 0xbf, 0xf7, 0xbf, 0xf7, 0xbf, 0xf7, 0x9f, 0xef, 0xbf, 0xf7, 0x9f, 0xef,
    0x9e, 0xef, 0x7e, 0xef, 0x7e, 0xef, 0x5e, 0xe7, 0xd3, 0x94, 0x41, 0x08, 0x41, 0x00, 0x00, 0x00,
    0x00, 0x00, 0x00, 0x00, 0x41, 0x00, 0x61, 0x08, 0xf4, 0x9c, 0x9e, 0xef, 0xbf, 0xf7, 0xbf, 0xf7,
    0xbf, 0xf7, 0xbf, 0xf7, 0xdf, 0xf7, 0xbf, 0xf7, 0xbf, 0xf7, 0xbf, 0xf7, 0xdf, 0xf7, 0xdf, 0xf7,
    0xbf, 0xf7, 0xbf, 0xf7, 0xbf, 0xf7, 0xbf, 0xf7, 0xbf, 0xf7, 0x9f, 0xef, 0xbf, 0xf7, 0x9f, 0xef,
    0x9e, 0xef, 0x7e, 0xef, 0x7e, 0xef, 0x5e, 0xe7, 0xd3, 0x94, 0x41, 0x08, 0x41, 0x00, 0x00, 0x00,
    0x00, 0x00, 0x00, 0x00, 0x41, 0x00, 0x61, 0x08, 0xf4, 0x9c, 0x9e, 0xef, 0xbf, 0xf7, 0xbf, 0xf7,
    0xbf, 0xf7, 0xbf, 0xf7, 0xdf, 0xf7, 0xbf, 0xf7, 0xbf, 0xf7, 0xbf, 0xf7, 0xdf, 0xf7, 0xdf, 0xf7,
    0xbf, 0xf7, 0xbf, 0xf7, 0xbf, 0xf7, 0xbf, 0xf7, 0xbf, 0xf7, 0x9f, 0xef, 0xbf, 0xf7, 0x9f, 0xef,
    0x9e, 0xef, 0x7e, 0xef, 0x7e, 0xef, 0x5e, 0xe7, 0xd3, 0x94, 0x41, 0x08, 0x41, 0x00, 0x00, 0x00,
    0x00, 0x00, 0x00, 0x00, 0x41, 0x00, 0x61, 0x08, 0xf4, 0x9c, 0x9e, 0xef, 0xbf, 0xf7, 0xbf, 0xf7,
    0xbf, 0xf7, 0xbf, 0xf7, 0xdf, 0xf7, 0xbf, 0xf7, 0xbf, 0xf7, 0xbf, 0xf7, 0xdf, 0xf7, 0xdf, 0xf7,
    0xbf, 0xf7, 0xbf, 0xf7, 0xbf, 0xf7, 0xbf, 0xf7, 0xbf, 0xf7, 0x9f, 0xef, 0xbf, 0xf7, 0x9f, 0xef,
    0x9e, 0xef, 0x7e, 0xef, 0x7e, 0xef, 0x5e, 0xe7, 0xd3, 0x94, 0x41, 0x08, 0x41, 0x00, 0x00, 0x00,
    0x00, 0x00, 0x00, 0x00, 0x41, 0x00, 0x61, 0x08, 0xf4, 0x9c, 0x9e, 0xef, 0xbf, 0xf7, 0xbf, 0xf7,
    0xbf, 0xf7, 0xbf, 0xf7, 0xdf, 0xf7, 0xbf, 0xf7, 0xbf, 0xf7, 0xbf, 0xf7, 0xdf, 0xf7, 0xdf, 0xf7,
    0xbf, 0xf7, 0xbf, 0xf7, 0xbf, 0xf7, 0xbf, 0xf7, 0xbf, 0xf7, 0x9f, 0xef, 0xbf, 0xf7, 0x9f, 0xef,
    0x9e, 0xef, 0x7e, 0xef, 0x7e, 0xef, 0x5e, 0xe7, 0xd3, 0x94, 0x41, 0x08, 0x41, 0x00, 0x00, 0x00,
    0x00, 0x00, 0x00, 0x00, 0x41, 0x00, 0x61, 0x08, 0xf4, 0x9c, 0x9e, 0xef, 0xbf, 0xf7, 0xbf, 0xf7,
    0xbf, 0xf7, 0xbf, 0xf7, 0xdf, 0xf7, 0xbf, 0xf7, 0xbf, 0xf7, 0xbf, 0xf7, 0xdf, 0xf7, 0xdf, 0xf7,
    0xbf, 0xf7, 0xbf, 0xf7, 0xbf, 0xf7, 0xbf, 0xf7, 0xbf, 0xf7, 0x9f, 0xef, 0xbf, 0xf7, 0x9f, 0xef,
    0x9e, 0xef, 0x7e, 0xef, 0x7e, 0xef, 0x5e, 0xe7, 0xd3, 0x94, 0x41, 0x08, 0x41, 0x00, 0x00, 0x00,
    0x00, 0x00, 0x00, 0x00, 0x41, 0x00, 0x61, 0x08, 0xf4, 0x9c, 0x9e, 0xef, 0xbf, 0xf7, 0xbf, 0xf7,
    0xbf, 0xf7, 0xbf, 0xf7, 0xdf, 0xf7, 0xbf, 0xf7, 0xbf, 0xf7, 0xbf, 0xf7, 0xdf, 0xf7, 0xdf, 0xf7,
    0xbf, 0xf7, 0xbf, 0xf7, 0xbf, 0xf7, 0xbf, 0xf7, 0xbf, 0xf7, 0x9f, 0xef, 0xbf, 0xf7, 0x9f, 0xef,
    0x9e, 0xef, 0x7e, 0xef, 0x7e, 0xef, 0x5e, 0xe7, 0xd3, 0x94, 0x41, 0x08, 0x41, 0x00, 0x00, 0x00,
    0x00, 0x00, 0x00, 0x00, 0x41, 0x00, 0x61, 0x08, 0xf4, 0x9c, 0x9e, 0xef, 0xbf, 0xf7, 0xbf, 0xf7,
    0xbf, 0xf7, 0xbf, 0xf7, 0xdf, 0xf7, 0xbf, 0xf7, 0xbf, 0xf7, 0xbf, 0xf7, 0xdf, 0xf7, 0xdf, 0xf7,
    0xbf, 0xf7, 0xbf, 0xf7, 0xbf, 0xf7, 0xbf, 0xf7, 0xbf, 0xf7, 0x9f, 0xef, 0xbf, 0xf7, 0x9f, 0xef,
    0x9e, 0xef, 0x7e, 0xef, 0x7e, 0xef, 0x5e, 0xe7, 0xd3, 0x94, 0x41, 0x08, 0x41, 0x00, 0x00, 0x00,
    0x00, 0x00, 0x00, 0x00, 0x41, 0x00, 0x61, 0x08, 0xf4, 0x9c, 0x9e, 0xef, 0xbf, 0xf7, 0xbf, 0xf7,
    0xbf, 0xf7, 0xbf, 0xf7, 0xdf, 0xf7, 0xbf, 0xf7, 0xbf, 0xf7, 0xbf, 0xf7, 0xdf, 0xf7, 0xdf, 0xf7,
    0xbf, 0xf7, 0xbf, 0xf7, 0xbf, 0xf7, 0x00, 0x00, 0xbf, 0xf7, 0x9f, 0xef, 0xbf, 0xf7, 0x00, 0x00,
    0x9e, 0xef, 0x7e, 0xef, 0x7e, 0xef, 0x5e, 0xe7, 0xd3, 0x94, 0x41, 0x08, 0x41, 0x00, 0x00, 0x00,
    0x00, 0x00, 0x00, 0x00, 0x41, 0x00, 0x61, 0x08, 0xf4, 0x9c, 0x9e, 0xef, 0xbf, 0xf7, 0xbf, 0xf7,
    0xbf, 0xf7, 0xbf, 0xf7, 0xdf, 0xf7, 0xbf, 0xf7, 0xbf, 0xf7, 0xbf, 0xf7, 0xdf, 0xf7, 0xdf, 0xf7,
    0xbf, 0xf7, 0x00, 0x00, 0xbf, 0xf7, 0xbf, 0xf7, 0xbf, 0xf7, 0x9f, 0xef, 0x00, 0x00, 0x9f, 0xef,
    0x9e, 0xef, 0x7e, 0xef, 0x7e, 0xef, 0x5e, 0xe7, 0xd3, 0x94, 0x41, 0x08, 0x41, 0x00, 0x00, 0x00,
    0x00, 0x00, 0x00, 0x00, 0x41, 0x00, 0x61, 0x08, 0xf4, 0x9c, 0x9e, 0xef, 0xbf, 0xf7, 0xbf, 0xf7,
    0x00, 0x00, 0xbf, 0xf7, 0xdf, 0xf7, 0x00, 0x00, 0x00, 0x00, 0xbf, 0xf7, 0x00, 0x00, 0x00, 0x00,
    0x00, 0x00, 0xbf, 0xf7, 0xbf, 0xf7, 0xbf, 0xf7, 0xbf, 0xf7, 0x00, 0x00, 0x00, 0x00, 0x9f, 0xef,
    0x00, 0x00, 0x00, 0x00, 0x7e, 0xef, 0x5e, 0xe7, 0x00, 0x00, 0x41, 0x08, 0x41, 0x00, 0x00, 0x00,
    0x00, 0x00, 0x00, 0x00, 0x41, 0x00, 0x61, 0x08, 0xf4, 0x9c, 0x9e, 0xef, 0xbf, 0xf7, 0xbf, 0xf7,
    0xbf, 0xf7, 0xbf, 0xf7, 0x00, 0x00, 0xbf, 0xf7, 0x00, 0x00, 0x00, 0x00, 0x00, 0x00, 0x00, 0x00,
    0xbf, 0xf7, 0xbf, 0xf7, 0xbf, 0xf7, 0x00, 0x00, 0x00, 0x00, 0x00, 0x00, 0x00, 0x00, 0x9f, 0xef,
    0x00, 0x00, 0x7e, 0xef, 0x7e, 0xef, 0x5e, 0xe7, 0xd3, 0x94, 0x41, 0x08, 0x41, 0x00, 0x00, 0x00,
    0x00, 0x00, 0x00, 0x00, 0x41, 0x00, 0x61, 0x08, 0xf4, 0x9c, 0x9e, 0xef, 0xbf, 0xf7, 0x00, 0x00,
    0x00, 0x00, 0xbf, 0xf7, 0x00, 0x00, 0x00, 0x00, 0x00, 0x00, 0x00, 0x00, 0x00, 0x00, 0xdf, 0xf7,
    0x00, 0x00, 0xbf, 0xf7, 0xbf, 0xf7, 0x00, 0x00, 0x00, 0x00, 0x00, 0x00, 0x00, 0x00, 0x9f, 0xef,
    0x00, 0x00, 0x00, 0x00, 0x7e, 0xef, 0x5e, 0xe7, 0xd3, 0x94, 0x41, 0x08, 0x41, 0x00, 0x00, 0x00,
    0x00, 0x00, 0x00, 0x00, 0x41, 0x00, 0x61, 0x08, 0xf4, 0x9c, 0x9e, 0xef, 0x00, 0x00, 0x00, 0x00,
    0xbf, 0xf7, 0xbf, 0xf7, 0x00, 0x00, 0x00, 0x00, 0x00, 0x00, 0x00, 0x00, 0xdf, 0xf7, 0xdf, 0xf7,
    0xbf, 0xf7, 0xbf, 0xf7, 0xbf, 0xf7, 0x00, 0x00, 0x00, 0x00, 0x00, 0x00, 0x00, 0x00, 0x9f, 0xef,
    0x9e, 0xef, 0x00, 0x00, 0x00, 0x00, 0x5e, 0xe7, 0xd3, 0x94, 0x41, 0x08, 0x41, 0x00, 0x00, 0x00,
    0x00, 0x00, 0x00, 0x00, 0x41, 0x00, 0x61, 0x08, 0xf4, 0x9c, 0x9e, 0xef, 0xbf, 0xf7, 0xbf, 0xf7,
    0xbf, 0xf7, 0xbf, 0xf7, 0xdf, 0xf7, 0xbf, 0xf7, 0x00, 0x00, 0x00, 0x00, 0xdf, 0xf7, 0xdf, 0xf7,
    0xbf, 0xf7, 0xbf, 0xf7, 0xbf, 0xf7, 0x00, 0x00, 0x00, 0x00, 0x9f, 0xef, 0xbf, 0xf7, 0x9f, 0xef,
    0x9e, 0xef, 0x7e, 0xef, 0x7e, 0xef, 0x5e, 0xe7, 0xd3, 0x94, 0x41, 0x08, 0x41, 0x00, 0x00, 0x00,
    0x00, 0x00, 0x00, 0x00, 0x41, 0x00, 0x61, 0x08, 0xf4, 0x9c, 0x9e, 0xef, 0xbf, 0xf7, 0xbf, 0xf7,
    0xbf, 0xf7, 0xbf, 0xf7, 0xdf, 0xf7, 0xbf, 0xf7, 0x00, 0x00, 0x00, 0x00, 0xdf, 0xf7, 0xdf, 0xf7,
    0xbf, 0xf7, 0xbf, 0xf7, 0xbf, 0xf7, 0x00, 0x00, 0x00, 0x00, 0x9f, 0xef, 0xbf, 0xf7, 0x9f, 0xef,
    0x9e, 0xef, 0x7e, 0xef, 0x7e, 0xef, 0x5e, 0xe7, 0xd3, 0x94, 0x41, 0x08, 0x41, 0x00, 0x00, 0x00,
    0x00, 0x00, 0x00, 0x00, 0x41, 0x00, 0x61, 0x08, 0xf4, 0x9c, 0x9e, 0xef, 0xbf, 0xf7, 0xbf, 0xf7,
    0xbf, 0xf7, 0xbf, 0xf7, 0xdf, 0xf7, 0xbf, 0xf7, 0x00, 0x00, 0x00, 0x00, 0xdf, 0xf7, 0xdf, 0xf7,
    0xbf, 0xf7, 0xbf, 0xf7, 0xbf, 0xf7, 0x00, 0x00, 0x00, 0x00, 0x9f, 0xef, 0xbf, 0xf7, 0x9f, 0xef,
    0x9e, 0xef, 0x7e, 0xef, 0x7e, 0xef, 0x5e, 0xe7, 0xd3, 0x94, 0x41, 0x08, 0x41, 0x00, 0x00, 0x00,
    0x00, 0x00, 0x00, 0x00, 0x41, 0x00, 0x61, 0x08, 0xf4, 0x9c, 0x9e, 0xef, 0xbf, 0xf7, 0xbf, 0xf7,
    0xbf, 0xf7, 0xbf, 0xf7, 0xdf, 0xf7, 0xbf, 0xf7, 0x00, 0x00, 0x00, 0x00, 0xdf, 0xf7, 0xdf, 0xf7,
    0xbf, 0xf7, 0xbf, 0xf7, 0xbf, 0xf7, 0x00, 0x00, 0x00, 0x00, 0x9f, 0xef, 0xbf, 0xf7, 0x9f, 0xef,
    0x9e, 0xef, 0x7e, 0xef, 0x7e, 0xef, 0x5e, 0xe7, 0xd3, 0x94, 0x41, 0x08, 0x41, 0x00, 0x00, 0x00,
    0x00, 0x00, 0x00, 0x00, 0x41, 0x00, 0x61, 0x08, 0xf4, 0x9c, 0x9e, 0xef, 0xbf, 0xf7, 0xbf, 0xf7,
    0xbf, 0xf7, 0xbf, 0xf7, 0xdf, 0xf7, 0xbf, 0xf7, 0x00, 0x00, 0x00, 0x00, 0x00, 0x00, 0x00, 0x00,
    0x00, 0x00, 0x00, 0x00, 0x00, 0x00, 0x00, 0x00, 0x00, 0x00, 0x9f, 0xef, 0xbf, 0xf7, 0x9f, 0xef,
    0x9e, 0xef, 0x7e, 0xef, 0x7e, 0xef, 0x5e, 0xe7, 0xd3, 0x94, 0x41, 0x08, 0x41, 0x00, 0x00, 0x00,
    0x00, 0x00, 0x00, 0x00, 0x41, 0x00, 0x61, 0x08, 0xf4, 0x9c, 0x9e, 0xef, 0xbf, 0xf7, 0xbf, 0xf7,
    0xbf, 0xf7, 0xbf, 0xf7, 0xdf, 0xf7, 0x00, 0x00, 0x00, 0x00, 0x00, 0x00, 0x00, 0x00, 0x00, 0x00,
    0x00, 0x00, 0x00, 0x00, 0x00, 0x00, 0x00, 0x00, 0x00, 0x00, 0x00, 0x00, 0xbf, 0xf7, 0x9f, 0xef,
    0x9e, 0xef, 0x7e, 0xef, 0x7e, 0xef, 0x5e, 0xe7, 0xd3, 0x94, 0x41, 0x08, 0x41, 0x00, 0x00, 0x00,
    0x00, 0x00, 0x00, 0x00, 0x41, 0x00, 0x61, 0x08, 0xf4, 0x9c, 0x9e, 0xef, 0xbf, 0xf7, 0x00, 0x00,
    0xbf, 0xf7, 0xbf, 0xf7, 0xdf, 0xf7, 0x00, 0x00, 0x00, 0x00, 0x00, 0x00, 0x00, 0x00, 0x00, 0x00,
    0x00, 0x00, 0x00, 0x00, 0x00, 0x00, 0x00, 0x00, 0x00, 0x00, 0x00, 0x00, 0xbf, 0xf7, 0x9f, 0xef,
    0x9e, 0xef, 0x00, 0x00, 0x7e, 0xef, 0x5e, 0xe7, 0xd3, 0x94, 0x41, 0x08, 0x41, 0x00, 0x00, 0x00,
    0x00, 0x00, 0x00, 0x00, 0x41, 0x00, 0x61, 0x08, 0xf4, 0x9c, 0x9e, 0xef, 0xbf, 0xf7, 0xbf, 0xf7,
    0xbf, 0xf7, 0xbf, 0xf7, 0xdf, 0xf7, 0xbf, 0xf7, 0x00, 0x00, 0x00, 0x00, 0xdf, 0xf7, 0xdf, 0xf7,
    0xbf, 0xf7, 0xbf, 0xf7, 0xbf, 0xf7, 0x00, 0x00, 0x00, 0x00, 0x9f, 0xef, 0xbf, 0xf7, 0x9f, 0xef,
    0x9e, 0xef, 0x7e, 0xef, 0x7e, 0xef, 0x5e, 0xe7, 0xd3, 0x94, 0x41, 0x08, 0x41, 0x00, 0x00, 0x00,
    0x00, 0x00, 0x00, 0x00, 0x41, 0x00, 0x61, 0x08, 0xf4, 0x9c, 0x9e, 0xef, 0xbf, 0xf7, 0xbf, 0xf7,
    0xbf, 0xf7, 0xbf, 0xf7, 0xdf, 0xf7, 0xbf, 0xf7, 0x00, 0x00, 0x00, 0x00, 0xdf, 0xf7, 0xdf, 0xf7,
    0xbf, 0xf7, 0xbf, 0xf7, 0xbf, 0xf7, 0x00, 0x00, 0x00, 0x00, 0x9f, 0xef, 0xbf, 0xf7, 0x9f, 0xef,
    0x9e, 0xef, 0x7e, 0xef, 0x7e, 0xef, 0x5e, 0xe7, 0xd3, 0x94, 0x41, 0x08, 0x41, 0x00, 0x00, 0x00,
    0x00, 0x00, 0x00, 0x00, 0x41, 0x00, 0x61, 0x08, 0xf4, 0x9c, 0x9e, 0xef, 0xbf, 0xf7, 0xbf, 0xf7,
    0xbf, 0xf7, 0xbf, 0xf7, 0xdf, 0xf7, 0xbf, 0xf7, 0x00, 0x00, 0x00, 0x00, 0xdf, 0xf7, 0xdf, 0xf7,
    0xbf, 0xf7, 0xbf, 0xf7, 0xbf, 0xf7, 0x00, 0x00, 0x00, 0x00, 0x9f, 0xef, 0xbf, 0xf7, 0x9f, 0xef,
    0x9e, 0xef, 0x7e, 0xef, 0x7e, 0xef, 0x5e, 0xe7, 0xd3, 0x94, 0x41, 0x08, 0x41, 0x00, 0x00, 0x00,
    0x00, 0x00, 0x00, 0x00, 0x41, 0x00, 0x61, 0x08, 0xf4, 0x9c, 0x9e, 0xef, 0xbf, 0xf7, 0xbf, 0xf7,
    0xbf, 0xf7, 0xbf, 0xf7, 0xdf, 0xf7, 0xbf, 0xf7, 0x00, 0x00, 0x00, 0x00, 0xdf, 0xf7, 0xdf, 0xf7,
    0xbf, 0xf7, 0xbf, 0xf7, 0xbf, 0xf7, 0x00, 0x00, 0x00, 0x00, 0x9f, 0xef, 0xbf, 0xf7, 0x9f, 0xef,
    0x9e, 0xef, 0x7e, 0xef, 0x7e, 0xef, 0x5e, 0xe7, 0xd3, 0x94, 0x41, 0x08, 0x41, 0x00, 0x00, 0x00,
    0x00, 0x00, 0x00, 0x00, 0x41, 0x00, 0x61, 0x08, 0xf4, 0x9c, 0x9e, 0xef, 0xbf, 0xf7, 0xbf, 0xf7,
    0xbf, 0xf7, 0xbf, 0xf7, 0xdf, 0xf7, 0xbf, 0xf7, 0x00, 0x00, 0x00, 0x00, 0x00, 0x00, 0x00, 0x00,
    0x00, 0x00, 0x00, 0x00, 0x00, 0x00, 0x00, 0x00, 0x00, 0x00, 0x9f, 0xef, 0xbf, 0xf7, 0x9f, 0xef,
    0x9e, 0xef, 0x7e, 0xef, 0x7e, 0xef, 0x5e, 0xe7, 0xd3, 0x94, 0x41, 0x08, 0x41, 0x00, 0x00, 0x00,
    0x00, 0x00, 0x00, 0x00, 0x41, 0x00, 0x61, 0x08, 0xf4, 0x9c, 0x9e, 0xef, 0xbf, 0xf7, 0xbf, 0xf7,
    0xbf, 0xf7, 0xbf, 0xf7, 0xdf, 0xf7, 0x00, 0x00, 0x00, 0x00, 0x00, 0x00, 0x00, 0x00, 0x00, 0x00,
    0x00, 0x00, 0x00, 0x00, 0x00, 0x00, 0x00, 0x00, 0x00, 0x00, 0x00, 0x00, 0xbf, 0xf7, 0x9f, 0xef,
    0x9e, 0xef, 0x7e, 0xef, 0x7e, 0xef, 0x5e, 0xe7, 0xd3, 0x94, 0x41, 0x08, 0x41, 0x00, 0x00, 0x00,
    0x00, 0x00, 0x00, 0x00, 0x41, 0x00, 0x61, 0x08, 0xf4, 0x9c, 0x9e, 0xef, 0xbf, 0xf7, 0x00, 0x00,
    0xbf, 0xf7, 0xbf, 0xf7, 0xdf, 0xf7, 0x00, 0x00, 0x00, 0x00, 0x00, 0x00, 0x00, 0x00, 0x00, 0x00,
    0x00, 0x00, 0x00, 0x00, 0x00, 0x00, 0x00, 0x00, 0x00, 0x00, 0x00, 0x00, 0xbf, 0xf7, 0x9f, 0xef,
    0x9e, 0xef, 0x00, 0x00, 0x7e, 0xef, 0x5e, 0xe7, 0xd3, 0x94, 0x41, 0x08, 0x41, 0x00, 0x00, 0x00,
    0x00, 0x00, 0x00, 0x00, 0x41, 0x00, 0x61, 0x08, 0xf4, 0x9c, 0x9e, 0xef, 0xbf, 0xf7, 0xbf, 0xf7,
    0xbf, 0xf7, 0xbf, 0xf7, 0xdf, 0xf7, 0x00, 0x00, 0x00, 0x00, 0x00, 0x00, 0xdf, 0xf7, 0xdf, 0xf7,
    0xbf, 0xf7, 0xbf, 0xf7, 0x00, 0x00, 0x00, 0x00, 0xbf, 0xf7, 0x9f, 0xef, 0xbf, 0xf7, 0x9f, 0xef,
    0x9e, 0xef, 0x7e, 0xef, 0x7e, 0xef, 0x5e, 0xe7, 0xd3, 0x94, 0x41, 0x08, 0x41, 0x00, 0x00, 0x00,
    0x00, 0x00, 0x00, 0x00, 0x41, 0x00, 0x61, 0x08, 0xf4, 0x9c, 0x9e, 0xef, 0xbf, 0xf7, 0xbf, 0xf7,
    0xbf, 0xf7, 0xbf, 0xf7, 0x00, 0x00, 0x00, 0x00, 0x00, 0x00, 0x00, 0x00, 0x00, 0x00, 0xdf, 0xf7,
    0x00, 0x00, 0x00, 0x00, 0xbf, 0xf7, 0xbf, 0xf7, 0xbf, 0xf7, 0x9f, 0xef, 0xbf, 0xf7, 0x9f, 0xef,
    0x9e, 0xef, 0x7e, 0xef, 0x7e, 0xef, 0x5e, 0xe7, 0xd3, 0x94, 0x41, 0x08, 0x41, 0x00, 0x00, 0x00,
    0x00, 0x00, 0x00, 0x00, 0x41, 0x00, 0x61, 0x08, 0xf4, 0x9c, 0x9e, 0xef, 0xbf, 0xf7, 0x00, 0x00,
    0x00, 0x00, 0x00, 0x00, 0x00, 0x00, 0x00, 0x00, 0x00, 0x00, 0x00, 0x00, 0x00, 0x00, 0x00, 0x00,
    0xbf, 0xf7, 0xbf, 0xf7, 0xbf, 0xf7, 0xbf, 0xf7, 0xbf, 0xf7, 0x9f, 0xef, 0xbf, 0xf7, 0x9f, 0xef,
    0x9e, 0xef, 0x7e, 0xef, 0x7e, 0xef, 0x5e, 0xe7, 0xd3, 0x94, 0x41, 0x08, 0x41, 0x00, 0x00, 0x00,
    0x00, 0x00, 0x00, 0x00, 0x41, 0x00, 0x00, 0x00, 0xf4, 0x9c, 0x00, 0x00, 0x00, 0x00, 0xbf, 0xf7,
    0xbf, 0xf7, 0xbf, 0xf7, 0xdf, 0xf7, 0x00, 0x00, 0xbf, 0xf7, 0xbf, 0xf7, 0xdf, 0xf7, 0xdf, 0xf7,
    0xbf, 0xf7, 0xbf, 0xf7, 0xbf, 0xf7, 0xbf, 0xf7, 0xbf, 0xf7, 0x9f, 0xef, 0xbf, 0xf7, 0x9f, 0xef,
    0x9e, 0xef, 0x7e, 0xef, 0x7e, 0xef, 0x5e, 0xe7, 0xd3, 0x94, 0x41, 0x08, 0x41, 0x00, 0x00, 0x00,
    0x00, 0x00, 0x00, 0x00, 0x41, 0x00, 0x00, 0x00, 0x00, 0x00, 0x9e, 0xef, 0xbf, 0xf7, 0xbf, 0xf7,
    0xbf, 0xf7, 0xbf, 0xf7, 0xdf, 0xf7, 0xbf, 0xf7, 0xbf, 0xf7, 0xbf, 0xf7, 0xdf, 0xf7, 0xdf, 0xf7,
    0xbf, 0xf7, 0xbf, 0xf7, 0xbf, 0xf7, 0xbf, 0xf7, 0xbf, 0xf7, 0x9f, 0xef, 0xbf, 0xf7, 0x9f, 0xef,
    0x9e, 0xef, 0x7e, 0xef, 0x7e, 0xef, 0x5e, 0xe7, 0xd3, 0x94, 0x41, 0x08, 0x41, 0x00, 0x00, 0x00,
    0x00, 0x00, 0x00, 0x00, 0x41, 0x00, 0x61, 0x08, 0xf4, 0x9c, 0x9e, 0xef, 0xbf, 0xf7, 0xbf, 0xf7,
    0xbf, 0xf7, 0xbf, 0xf7, 0xdf, 0xf7, 0xbf, 0xf7, 0xbf, 0xf7, 0xbf, 0xf7, 0xdf, 0xf7, 0xdf, 0xf7,
    0xbf, 0xf7, 0xbf, 0xf7, 0xbf, 0xf7, 0xbf, 0xf7, 0xbf, 0xf7, 0x9f, 0xef, 0xbf, 0xf7, 0x9f, 0xef,
    0x9e, 0xef, 0x7e, 0xef, 0x7e, 0xef, 0x5e, 0xe7, 0xd3, 0x94, 0x41, 0x08, 0x41, 0x00, 0x00, 0x00,
    0x00, 0x00, 0x00, 0x00, 0x41, 0x00, 0x61, 0x08, 0xf4, 0x9c, 0x9e, 0xef, 0xbf, 0xf7, 0xbf, 0xf7,
    0xbf, 0xf7, 0xbf, 0xf7, 0xdf, 0xf7, 0xbf, 0xf7, 0xbf, 0xf7, 0xbf, 0xf7, 0xdf, 0xf7, 0xdf, 0xf7,
    0xbf, 0xf7, 0xbf, 0xf7, 0xbf, 0xf7, 0xbf, 0xf7, 0xbf, 0xf7, 0x9f, 0xef, 0xbf, 0xf7, 0x9f, 0xef,
    0x9e, 0xef, 0x7e, 0xef, 0x7e, 0xef, 0x5e, 0xe7, 0xd3, 0x94, 0x41, 0x08, 0x41, 0x00, 0x00, 0x00,
    0x00, 0x00, 0x00, 0x00, 0x41, 0x00, 0x61, 0x08, 0xf4, 0x9c, 0x9e, 0xef, 0xbf, 0xf7, 0xbf, 0xf7,
    0xbf, 0xf7, 0xbf, 0xf7, 0xdf, 0xf7, 0xbf, 0xf7, 0xbf, 0xf7, 0xbf, 0xf7, 0xdf, 0xf7, 0xdf, 0xf7,
    0xbf, 0xf7, 0xbf, 0xf7, 0xbf, 0xf7, 0xbf, 0xf7, 0xbf, 0xf7, 0x9f, 0xef, 0xbf, 0xf7, 0x9f, 0xef,
    0x9e, 0xef, 0x7e, 0xef, 0x7e, 0xef, 0x5e, 0xe7, 0xd3, 0x94, 0x41, 0x08, 0x41, 0x00, 0x00, 0x00,
    0x00, 0x00, 0x00, 0x00, 0x41, 0x00, 0x61, 0x08, 0xf4, 0x9c, 0x9e, 0xef, 0xbf, 0xf7, 0xbf, 0xf7,
    0xbf, 0xf7, 0xbf, 0xf7, 0xdf, 0xf7, 0xbf, 0xf7, 0xbf, 0xf7, 0xbf, 0xf7, 0xdf, 0xf7, 0xdf, 0xf7,
    0xbf, 0xf7, 0xbf, 0xf7, 0xbf, 0xf7, 0xbf, 0xf7, 0xbf, 0xf7, 0x9f, 0xef, 0xbf, 0xf7, 0x9f, 0xef,
    0x9e, 0xef, 0x7e, 0xef, 0x7e, 0xef, 0x5e, 0xe7, 0xd3, 0x94, 0x41, 0x08, 0x41, 0x00, 0x00, 0x00,
    0x00, 0x00, 0x00, 0x00, 0x41, 0x00, 0x61, 0x08, 0xf4, 0x9c, 0x9e, 0xef, 0xbf, 0xf7, 0xbf, 0xf7,
    0xbf, 0xf7, 0xbf, 0xf7, 0xdf, 0xf7, 0xbf, 0xf7, 0xbf, 0xf7, 0xbf, 0xf7, 0xdf, 0xf7, 0xdf, 0xf7,
    0xbf, 0xf7, 0xbf, 0xf7, 0xbf, 0xf7, 0xbf, 0xf7, 0xbf, 0xf7, 0x9f, 0xef, 0xbf, 0xf7, 0x9f, 0xef,
    0x9e, 0xef, 0x7e, 0xef, 0x7e, 0xef, 0x5e, 0xe7, 0xd3, 0x94, 0x41, 0x08, 0x41, 0x00, 0x00, 0x00,
    0x00, 0x00, 0x00, 0x00, 0x41, 0x00, 0x61, 0x08, 0xf4, 0x9c, 0x9e, 0xef, 0xbf, 0xf7, 0xbf, 0xf7,
    0xbf, 0xf7, 0xbf, 0xf7, 0xdf, 0xf7, 0xbf, 0xf7, 0xbf, 0xf7, 0xbf, 0xf7, 0xdf, 0xf7, 0xdf, 0xf7,
    0xbf, 0xf7, 0xbf, 0xf7, 0xbf, 0xf7, 0xbf, 0xf7, 0xbf, 0xf7, 0x9f, 0xef, 0xbf, 0xf7, 0x9f, 0xef,
    0x9e, 0xef, 0x7e, 0xef, 0x7e, 0xef, 0x5e, 0xe7, 0xd3, 0x94, 0x41, 0x08, 0x41, 0x00, 0x00, 0x00,
    0x00, 0x00, 0x00, 0x00, 0x41, 0x00, 0x61, 0x08, 0xf4, 0x9c, 0x9e, 0xef, 0xbf, 0xf7, 0xbf, 0xf7,
    0xbf, 0xf7, 0xbf, 0xf7, 0xdf, 0xf7, 0xbf, 0xf7, 0xbf, 0xf7, 0xbf, 0xf7, 0xdf, 0xf7, 0xdf, 0xf7,
    0xbf, 0xf7, 0xbf, 0xf7, 0xbf, 0xf7, 0xbf, 0xf7, 0xbf, 0xf7, 0x9f, 0xef, 0xbf, 0xf7, 0x9f, 0xef,
    0x9e, 0xef, 0x7e, 0xef, 0x7e, 0xef, 0x5e, 0xe7, 0xd3, 0x94, 0x41, 0x08, 0x41, 0x00, 0x00, 0x00,
    0x00, 0x00, 0x00, 0x00, 0x20, 0x00, 0xe3, 0x10, 0x9f, 0xef, 0x9f, 0xf7, 0xbf, 0xf7, 0xdf, 0xf7,
    0xbf, 0xf7, 0xbf, 0xf7, 0xbf, 0xf7, 0xdf, 0xf7, 0xdf, 0xf7, 0xbf, 0xf7, 0xbf, 0xf7, 0xdf, 0xf7,
    0xbf, 0xf7, 0xbf, 0xf7, 0xbf, 0xf7, 0xdf, 0xf7, 0xbf, 0xf7, 0xbf, 0xf7, 0x9f, 0xef, 0xbf, 0xf7,
    0x9f, 0xef, 0x9e, 0xef, 0x7e, 0xef, 0x7e, 0xef, 0x5e, 0xe7, 0xa2, 0x10, 0x20, 0x00, 0x20, 0x00,
    0x00, 0x00, 0x00, 0x00, 0x20, 0x00, 0xe3, 0x10, 0x9f, 0xef, 0x9f, 0xf7, 0xbf, 0xf7, 0xdf, 0xf7,
    0xbf, 0xf7, 0xbf, 0xf7, 0xbf, 0xf7, 0xdf, 0xf7, 0xdf, 0xf7, 0xbf, 0xf7, 0xbf, 0xf7, 0xdf, 0xf7,
    0xbf, 0xf7, 0xbf, 0xf7, 0xbf, 0xf7, 0xdf, 0xf7, 0xbf, 0xf7, 0xbf, 0xf7, 0x9f, 0xef, 0xbf, 0xf7,
    0x9f, 0xef, 0x9e, 0xef, 0x7e, 0xef, 0x7e, 0xef, 0x5e, 0xe7, 0xa2, 0x10, 0x20, 0x00, 0x20, 0x00,
    0x00, 0x00, 0x00, 0x00, 0x20, 0x00, 0xe3, 0x10, 0x9f, 0xef, 0x9f, 0xf7, 0xbf, 0xf7, 0xdf, 0xf7,
    0xbf, 0xf7, 0xbf, 0xf7, 0xbf, 0xf7, 0xdf, 0xf7, 0xdf, 0xf7, 0xbf, 0xf7, 0xbf, 0xf7, 0xdf, 0xf7,
    0xbf, 0xf7, 0xbf, 0xf7, 0xbf, 0xf7, 0xdf, 0xf7, 0xbf, 0xf7, 0xbf, 0xf7, 0x9f, 0xef, 0xbf, 0xf7,
    0x9f, 0xef, 0x9e, 0xef, 0x7e, 0xef, 0x7e, 0xef, 0x5e, 0xe7, 0xa2, 0x10, 0x20, 0x00, 0x20, 0x00,
    0x00, 0x00, 0x00, 0x00, 0x20, 0x00, 0xe3, 0x10, 0x9f, 0xef, 0x9f, 0xf7, 0xbf, 0xf7, 0xdf, 0xf7,
    0xbf, 0xf7, 0xbf, 0xf7, 0xbf, 0xf7, 0xdf, 0xf7, 0xdf, 0xf7, 0xbf, 0xf7, 0xbf, 0xf7, 0xdf, 0xf7,
    0xbf, 0xf7, 0xbf, 0xf7, 0xbf, 0xf7, 0xdf, 0xf7, 0xbf, 0xf7, 0xbf, 0xf7, 0x9f, 0xef, 0xbf, 0xf7,
    0x9f, 0xef, 0x9e, 0xef, 0x7e, 0xef, 0x7e, 0xef, 0x5e, 0xe7, 0xa2, 0x10, 0x20, 0x00, 0x20, 0x00,
    0x00, 0x00, 0x00, 0x00, 0x20, 0x00, 0xe3, 0x10, 0x9f, 0xef, 0x9f, 0xf7, 0xbf, 0xf7, 0xdf, 0xf7,
    0xbf, 0xf7, 0xbf, 0xf7, 0xbf, 0xf7, 0xdf, 0xf7, 0xdf, 0xf7, 0xbf, 0xf7, 0xbf, 0xf7, 0xdf, 0xf7,
    0xbf, 0xf7, 0xbf, 0xf7, 0xbf, 0xf7, 0xdf, 0xf7, 0xbf, 0xf7, 0xbf, 0xf7, 0x9f, 0xef, 0xbf, 0xf7,
    0x9f, 0xef, 0x9e, 0xef, 0x7e, 0xef, 0x7e, 0xef, 0x5e, 0xe7, 0xa2, 0x10, 0x20, 0x00, 0x20, 0x00,
    0x00, 0x00, 0x00, 0x00, 0x20, 0x00, 0xe3, 0x10, 0x9f, 0xef, 0x9f, 0xf7, 0xbf, 0xf7, 0xdf, 0xf7,
    0xbf, 0xf7, 0xbf, 0xf7, 0xbf, 0xf7, 0xdf, 0xf7, 0xdf, 0xf7, 0xbf, 0xf7, 0xbf, 0xf7, 0xdf, 0xf7,
    0xbf, 0xf7, 0xbf, 0xf7, 0xbf, 0xf7, 0xdf, 0xf7, 0xbf, 0xf7, 0xbf, 0xf7, 0x9f, 0xef, 0xbf, 0xf7,
    0x9f, 0xef, 0x9e, 0xef, 0x7e, 0xef, 0x7e, 0xef, 0x5e, 0xe7, 0xa2, 0x10, 0x20, 0x00, 0x20, 0x00,
    0x00, 0x00, 0x00, 0x00, 0x20, 0x00, 0xe3, 0x10, 0x9f, 0xef, 0x9f, 0xf7, 0xbf, 0xf7, 0xdf, 0xf7,
    0xbf, 0xf7, 0xbf, 0xf7, 0xbf, 0xf7, 0xdf, 0xf7, 0xdf, 0xf7, 0xbf, 0xf7, 0xbf, 0xf7, 0xdf, 0xf7,
    0xbf, 0xf7, 0xbf, 0xf7, 0xbf, 0xf7, 0xdf, 0xf7, 0xbf, 0xf7, 0xbf, 0xf7, 0x9f, 0xef, 0xbf, 0xf7,
    0x9f, 0xef, 0x9e, 0xef, 0x7e, 0xef, 0x7e, 0xef, 0x5e, 0xe7, 0xa2, 0x10, 0x20, 0x00, 0x20, 0x00,
    0x00, 0x00, 0x00, 0x00, 0x20, 0x00, 0xe3, 0x10, 0x9f, 0xef, 0x9f, 0xf7, 0xbf, 0xf7, 0xdf, 0xf7,
    0xbf, 0xf7, 0xbf, 0xf7, 0xbf, 0xf7, 0xdf, 0xf7, 0xdf, 0xf7, 0xbf, 0xf7, 0xbf, 0xf7, 0xdf, 0xf7,
    0xbf, 0xf7, 0xbf, 0xf7, 0xbf, 0xf7, 0xdf, 0xf7, 0xbf, 0xf7, 0xbf, 0xf7, 0x9f, 0xef, 0xbf, 0xf7,
    0x9f, 0xef, 0x9e, 0xef, 0x7e, 0xef, 0x7e, 0xef, 0x5e, 0xe7, 0xa2, 0x10, 0x20, 0x00, 0x20, 0x00,
    0x00, 0x00, 0x00, 0x00, 0x20, 0x00, 0xe3, 0x10, 0x9f, 0xef, 0x9f, 0xf7, 0xbf, 0xf7, 0xdf, 0xf7,
    0xbf, 0xf7, 0xbf, 0xf7, 0xbf, 0xf7, 0xdf, 0xf7, 0xdf, 0xf7, 0xbf, 0xf7, 0xbf, 0xf7, 0xdf, 0xf7,
    0xbf, 0xf7, 0xbf, 0xf7, 0xbf, 0xf7, 0xdf, 0xf7, 0xbf, 0xf7, 0xbf, 0xf7, 0x9f, 0xef, 0xbf, 0xf7,
    0x9f, 0xef, 0x9e, 0xef, 0x7e, 0xef, 0x7e, 0xef, 0x5e, 0xe7, 0xa2, 0x10, 0x20, 0x00, 0x20, 0x00,
    0x00, 0x00, 0x00, 0x00, 0x20, 0x00, 0xe3, 0x10, 0x9f, 0xef, 0x9f, 0xf7, 0xbf, 0xf7, 0xdf, 0xf7,
    0xbf, 0xf7, 0xbf, 0xf7, 0xbf, 0xf7, 0xdf, 0xf7, 0xdf, 0xf7, 0xbf, 0xf7, 0xbf, 0xf7, 0xdf, 0xf7,
    0xbf, 0xf7, 0xbf, 0xf7, 0xbf, 0xf7, 0xdf, 0xf7, 0xbf, 0xf7, 0xbf, 0xf7, 0x9f, 0xef, 0xbf, 0xf7,
    0x9f, 0xef, 0x9e, 0xef, 0x7e, 0xef, 0x7e, 0xef, 0x5e, 0xe7, 0xa2, 0x10, 0x20, 0x00, 0x20, 0x00,
    0x00, 0x00, 0x00, 0x00, 0x20, 0x00, 0xe3, 0x10, 0x9f, 0xef, 0x9f, 0xf7, 0xbf, 0xf7, 0xdf, 0xf7,
    0xbf, 0xf7, 0xbf, 0xf7, 0xbf, 0xf7, 0xdf, 0xf7, 0xdf, 0xf7, 0xbf, 0xf7, 0xbf, 0xf7, 0xdf, 0xf7,
    0xbf, 0xf7, 0xbf, 0xf7, 0xbf, 0xf7, 0xdf, 0xf7, 0xbf, 0xf7, 0xbf, 0xf7, 0x9f, 0xef, 0xbf, 0xf7,
    0x9f, 0xef, 0x9e, 0xef, 0x7e, 0xef, 0x7e, 0xef, 0x5e, 0xe7, 0xa2, 0x10, 0x20, 0x00, 0x20, 0x00,
    0x00, 0x00, 0x00, 0x00, 0x20, 0x00, 0xe3, 0x10, 0x9f, 0xef, 0x9f, 0xf7, 0xbf, 0xf7, 0xdf, 0xf7,
    0xbf, 0xf7, 0xbf, 0xf7, 0xbf, 0xf7, 0xdf, 0xf7, 0xdf, 0xf7, 0xbf, 0xf7, 0xbf, 0xf7, 0xdf, 0xf7,
    0xbf, 0xf7, 0xbf, 0xf7, 0xbf, 0xf7, 0xdf, 0xf7, 0xbf, 0xf7, 0xbf, 0xf7, 0x9f, 0xef, 0xbf, 0xf7,
    0x9f, 0xef, 0x9e, 0xef, 0x7e, 0xef, 0x7e, 0xef, 0x5e, 0xe7, 0xa2, 0x10, 0x20, 0x00, 0x20, 0x00,
    0x00, 0x00, 0x00, 0x00, 0x20, 0x00, 0xe3, 0x10, 0x9f, 0xef, 0x9f, 0xf7, 0xbf, 0xf7, 0xdf, 0xf7,
    0xbf, 0xf7, 0xbf, 0xf7, 0xbf, 0xf7, 0xdf, 0xf7, 0xdf, 0xf7, 0xbf, 0xf7, 0xbf, 0xf7, 0xdf, 0xf7,
    0xbf, 0xf7, 0xbf, 0xf7, 0xbf, 0xf7, 0xdf, 0xf7, 0xbf, 0xf7, 0xbf, 0xf7, 0x9f, 0xef, 0xbf, 0xf7,
    0x9f, 0xef, 0x9e, 0xef, 0x7e, 0xef, 0x7e, 0xef, 0x5e, 0xe7, 0xa2, 0x10, 0x20, 0x00, 0x20, 0x00,
    0x00, 0x00, 0x00, 0x00, 0x20, 0x00, 0xe3, 0x10, 0x9f, 0xef, 0x9f, 0xf7, 0xbf, 0xf7, 0xdf, 0xf7,
    0xbf, 0xf7, 0xbf, 0xf7, 0xbf, 0xf7, 0xdf, 0xf7, 0xdf, 0xf7, 0xbf, 0xf7, 0xbf, 0xf7, 0xdf, 0xf7,
    0xbf, 0xf7, 0xbf, 0xf7, 0xbf, 0xf7, 0xdf, 0xf7, 0xbf, 0xf7, 0xbf, 0xf7, 0x9f, 0xef, 0xbf, 0xf7,
    0x9f, 0xef, 0x9e, 0xef, 0x7e, 0xef, 0x7e, 0xef, 0x5e, 0xe7, 0xa2, 0x10, 0x20, 0x00, 0x20, 0x00,
    0x00, 0x00, 0x00, 0x00, 0x20, 0x00, 0xe3, 0x10, 0x9f, 0xef, 0x9f, 0xf7, 0xbf, 0xf7, 0xdf, 0xf7,
    0xbf, 0xf7, 0xbf, 0xf7, 0xbf, 0xf7, 0xdf, 0xf7, 0xdf, 0xf7, 0xbf, 0xf7, 0xbf, 0xf7, 0xdf, 0xf7,
    0xbf, 0xf7, 0xbf, 0xf7, 0xbf, 0xf7, 0xdf, 0xf7, 0xbf, 0xf7, 0xbf, 0xf7, 0x9f, 0xef, 0xbf, 0xf7,
    0x9f, 0xef, 0x9e, 0xef, 0x7e, 0xef, 0x7e, 0xef, 0x5e, 0xe7, 0xa2, 0x10, 0x20, 0x00, 0x20, 0x00,
    0x00, 0x00, 0x00, 0x00, 0x20, 0x00, 0xe3, 0x10, 0x9f, 0xef, 0x9f, 0xf7, 0xbf, 0xf7, 0xdf, 0xf7,
    0xbf, 0xf7, 0xbf, 0xf7, 0xbf, 0xf7, 0xdf, 0xf7, 0xdf, 0xf7, 0xbf, 0xf7, 0xbf, 0xf7, 0xdf, 0xf7,
    0xbf, 0xf7, 0xbf, 0xf7, 0xbf, 0xf7, 0xdf, 0xf7, 0xbf, 0xf7, 0xbf, 0xf7, 0x9f, 0xef, 0xbf, 0xf7,
    0x9f, 0xef, 0x9e, 0xef, 0x7e, 0xef, 0x7e, 0xef, 0x5e, 0xe7, 0xa2, 0x10, 0x20, 0x00, 0x20, 0x00,
    0x00, 0x00, 0x00, 0x00, 0x20, 0x00, 0xe3, 0x10, 0x9f, 0xef, 0x9f, 0xf7, 0xbf, 0xf7, 0xdf, 0xf7,
    0xbf, 0xf7, 0xbf, 0xf7, 0xbf, 0xf7, 0xdf, 0xf7, 0xdf, 0xf7, 0xbf, 0xf7, 0xbf, 0xf7, 0xdf, 0xf7,
    0xbf, 0xf7, 0xbf, 0xf7, 0xbf, 0xf7, 0xdf, 0xf7, 0xbf, 0xf7, 0xbf, 0xf7, 0x9f, 0xef, 0xbf, 0xf7,
    0x9f, 0xef, 0x9e, 0xef, 0x7e, 0xef, 0x7e, 0xef, 0x5e, 0xe7, 0xa2, 0x10, 0x20, 0x00, 0x20, 0x00,
    0x00, 0x00, 0x00, 0x00, 0x20, 0x00, 0xe3, 0x10, 0x9f, 0xef, 0x9f, 0xf7, 0xbf, 0xf7, 0xdf, 0xf7,
    0xbf, 0xf7, 0xbf, 0xf7, 0xbf, 0xf7, 0xdf, 0xf7, 0xdf, 0xf7, 0xbf, 0xf7, 0xbf, 0xf7, 0xdf, 0xf7,
    0xbf, 0xf7, 0xbf, 0xf7, 0xbf, 0xf7, 0xdf, 0xf7, 0xbf, 0xf7, 0xbf, 0xf7, 0x9f, 0xef, 0xbf, 0xf7,
    0x9f, 0xef, 0x9e, 0xef, 0x7e, 0xef, 0x7e, 0xef, 0x5e, 0xe7, 0xa2, 0x10, 0x20, 0x00, 0x20, 0x00,
    0x00, 0x00, 0x00, 0x00, 0x20, 0x00, 0xe3, 0x10, 0x9f, 0xef, 0x9f, 0xf7, 0xbf, 0xf7, 0xdf, 0xf7,
    0xbf, 0xf7, 0xbf, 0xf7, 0xbf, 0xf7, 0xdf, 0xf7, 0xdf, 0xf7, 0xbf, 0xf7, 0xbf, 0xf7, 0xdf, 0xf7,
    0xbf, 0xf7, 0xbf, 0xf7, 0xbf, 0xf7, 0x00, 0x00, 0xbf, 0xf7, 0xbf, 0xf7, 0x9f, 0xef, 0x00, 0x00,
    0x9f, 0xef, 0x9e, 0xef, 0x7e, 0xef, 0x7e, 0xef, 0x5e, 0xe7, 0xa2, 0x10, 0x20, 0x00, 0x20, 0x00,
    0x00, 0x00, 0x00, 0x00, 0x20, 0x00, 0xe3, 0x10, 0x9f, 0xef, 0x9f, 0xf7, 0xbf, 0xf7, 0xdf, 0xf7,
    0xbf, 0xf7, 0xbf, 0xf7, 0xbf, 0xf7, 0xdf, 0xf7, 0xdf, 0xf7, 0xbf, 0xf7, 0xbf, 0xf7, 0xdf, 0xf7,
    0x00, 0x00, 0x00, 0x00, 0xbf, 0xf7, 0xdf, 0xf7, 0xbf, 0xf7, 0xbf, 0xf7, 0x00, 0x00, 0x00, 0x00,
    0x9f, 0xef, 0x9e, 0xef, 0x7e, 0xef, 0x7e, 0xef, 0x5e, 0xe7, 0xa2, 0x10, 0x20, 0x00, 0x20, 0x00,
    0x00, 0x00, 0x00, 0x00, 0x20, 0x00, 0xe3, 0x10, 0x9f, 0xef, 0x9f, 0xf7, 0xbf, 0xf7, 0xdf, 0xf7,
    0xbf, 0xf7, 0xbf, 0xf7, 0xbf, 0xf7, 0xdf, 0xf7, 0xdf, 0xf7, 0xbf, 0xf7, 0x00, 0x00, 0x00, 0x00,
    0x00, 0x00, 0x00, 0x00, 0x00, 0x00, 0x00, 0x00, 0x00, 0x00, 0x00, 0x00, 0x00, 0x00, 0xbf, 0xf7,
    0x9f, 0xef, 0x9e, 0xef, 0x7e, 0xef, 0x7e, 0xef, 0x5e, 0xe7, 0xa2, 0x10, 0x20, 0x00, 0x20, 0x00,
    0x00, 0x00, 0x00, 0x00, 0x20, 0x00, 0xe3, 0x10, 0x9f, 0xef, 0x9f, 0xf7, 0xbf, 0xf7, 0xdf, 0xf7,
    0xbf, 0xf7, 0xbf, 0xf7, 0x00, 0x00, 0xdf, 0xf7, 0xdf, 0xf7, 0x00, 0x00, 0x00, 0x00, 0x00, 0x00,
    0x00, 0x00, 0x00, 0x00, 0x00, 0x00, 0x00, 0x00, 0x00, 0x00, 0x00, 0x00, 0x9f, 0xef, 0xbf, 0xf7,
    0x00, 0x00, 0x9e, 0xef, 0x7e, 0xef, 0x7e, 0xef, 0x5e, 0xe7, 0xa2, 0x10, 0x20, 0x00, 0x20, 0x00,
    0x00, 0x00, 0x00, 0x00, 0x20, 0x00, 0xe3, 0x10, 0x9f, 0xef, 0x9f, 0xf7, 0xbf, 0xf7, 0xdf, 0xf7,
    0xbf, 0xf7, 0xbf, 0xf7, 0xbf, 0xf7, 0x00, 0x00, 0x00, 0x00, 0x00, 0x00, 0x00, 0x00, 0x00, 0x00,
    0x00, 0x00, 0x00, 0x00, 0x00, 0x00, 0x00, 0x00, 0x00, 0x00, 0x00, 0x00, 0x9f, 0xef, 0xbf, 0xf7,
    0x9f, 0xef, 0x9e, 0xef, 0x7e, 0xef, 0x7e, 0xef, 0x5e, 0xe7, 0xa2, 0x10, 0x20, 0x00, 0x20, 0x00,
    0x00, 0x00, 0x00, 0x00, 0x20, 0x00, 0xe3, 0x10, 0x9f, 0xef, 0x9f, 0xf7, 0xbf, 0xf7, 0x00, 0x00,
    0xbf, 0xf7, 0xbf, 0xf7, 0x00, 0x00, 0x00, 0x00, 0x00, 0x00, 0x00, 0x00, 0x00, 0x00, 0x00, 0x00,
    0x00, 0x00, 0x00, 0x00, 0x00, 0x00, 0x00, 0x00, 0x00, 0x00, 0x00, 0x00, 0x00, 0x00, 0xbf, 0xf7,
    0x9f, 0xef, 0x00, 0x00, 0x7e, 0xef, 0x7e, 0xef, 0x5e, 0xe7, 0xa2, 0x10, 0x20, 0x00, 0x20, 0x00,
    0x00, 0x00, 0x00, 0x00, 0x20, 0x00, 0xe3, 0x10, 0x9f, 0xef, 0x9f, 0xf7, 0xbf, 0xf7, 0xdf, 0xf7,
    0xbf, 0xf7, 0xbf, 0xf7, 0xbf, 0xf7, 0x00, 0x00, 0x00, 0x00, 0x00, 0x00, 0x00, 0x00, 0x00, 0x00,
    0x00, 0x00, 0x00, 0x00, 0x00, 0x00, 0x00, 0x00, 0x00, 0x00, 0x00, 0x00, 0x9f, 0xef, 0xbf, 0xf7,
    0x9f, 0xef, 0x9e, 0xef, 0x7e, 0xef, 0x7e, 0xef, 0x5e, 0xe7, 0xa2, 0x10, 0x20, 0x00, 0x20, 0x00,
    0x00, 0x00, 0x00, 0x00, 0x20, 0x00, 0xe3, 0x10, 0x9f, 0xef, 0x9f, 0xf7, 0xbf, 0xf7, 0xdf, 0xf7,
    0xbf, 0xf7, 0xbf, 0xf7, 0xbf, 0xf7, 0xdf, 0xf7, 0x00, 0x00, 0x00, 0x00, 0xbf, 0xf7, 0xdf, 0xf7,
    0xbf, 0xf7, 0xbf, 0xf7, 0xbf, 0xf7, 0x00, 0x00, 0x00, 0x00, 0xbf, 0xf7, 0x9f, 0xef, 0xbf, 0xf7,
    0x9f, 0xef, 0x9e, 0xef, 0x7e, 0xef, 0x7e, 0xef, 0x5e, 0xe7, 0xa2, 0x10, 0x20, 0x00, 0x20, 0x00,
    0x00, 0x00, 0x00, 0x00, 0x20, 0x00, 0xe3, 0x10, 0x9f, 0xef, 0x9f, 0xf7, 0xbf, 0xf7, 0xdf, 0xf7,
    0xbf, 0xf7, 0xbf, 0xf7, 0xbf, 0xf7, 0xdf, 0xf7, 0x00, 0x00, 0x00, 0x00, 0xbf, 0xf7, 0xdf, 0xf7,
    0xbf, 0xf7, 0xbf, 0xf7, 0xbf, 0xf7, 0x00, 0x00, 0x00, 0x00, 0xbf, 0xf7, 0x9f, 0xef, 0xbf, 0xf7,
    0x9f, 0xef, 0x9e, 0xef, 0x7e, 0xef, 0x7e, 0xef, 0x5e, 0xe7, 0xa2, 0x10, 0x20, 0x00, 0x20, 0x00,
    0x00, 0x00, 0x00, 0x00, 0x20, 0x00, 0xe3, 0x10, 0x9f, 0xef, 0x9f, 0xf7, 0xbf, 0xf7, 0xdf, 0xf7,
    0xbf, 0xf7, 0xbf, 0xf7, 0xbf, 0xf7, 0xdf, 0xf7, 0x00, 0x00, 0x00, 0x00, 0x00, 0x00, 0x00, 0x00,
    0x00, 0x00, 0x00, 0x00, 0x00, 0x00, 0x00, 0x00, 0x00, 0x00, 0xbf, 0xf7, 0x9f, 0xef, 0xbf, 0xf7,
    0x9f, 0xef, 0x9e, 0xef, 0x7e, 0xef, 0x7e, 0xef, 0x5e, 0xe7, 0xa2, 0x10, 0x20, 0x00, 0x20, 0x00,
    0x00, 0x00, 0x00, 0x00, 0x20, 0x00, 0xe3, 0x10, 0x9f, 0xef, 0x9f, 0xf7, 0xbf, 0xf7, 0xdf, 0xf7,
    0xbf, 0xf7, 0xbf, 0xf7, 0xbf, 0xf7, 0x00, 0x00, 0x00, 0x00, 0x00, 0x00, 0x00, 0x00, 0x00, 0x00,
    0x00, 0x00, 0x00, 0x00, 0x00, 0x00, 0x00, 0x00, 0x00, 0x00, 0x00, 0x00, 0x9f, 0xef, 0xbf, 0xf7,
    0x9f, 0xef, 0x9e, 0xef, 0x7e, 0xef, 0x7e, 0xef, 0x5e, 0xe7, 0xa2, 0x10, 0x20, 0x00, 0x20, 0x00,
    0x00, 0x00, 0x00, 0x00, 0x20, 0x00, 0xe3, 0x10, 0x9f, 0xef, 0x9f, 0xf7, 0xbf, 0xf7, 0xdf, 0xf7,
    0xbf, 0xf7, 0xbf, 0xf7, 0xbf, 0xf7, 0x00, 0x00, 0x00, 0x00, 0x00, 0x00, 0x00, 0x00, 0x00, 0x00,
    0x00, 0x00, 0x00, 0x00, 0x00, 0x00, 0x00, 0x00, 0x00, 0x00, 0x00, 0x00, 0x9f, 0xef, 0xbf, 0xf7,
    0x9f, 0xef, 0x9e, 0xef, 0x7e, 0xef, 0x7e, 0xef, 0x5e, 0xe7, 0xa2, 0x10, 0x20, 0x00, 0x20, 0x00,
    0x00, 0x00, 0x00, 0x00, 0x20, 0x00, 0xe3, 0x10, 0x9f, 0xef, 0x9f, 0xf7, 0xbf, 0xf7, 0xdf, 0xf7,
    0xbf, 0xf7, 0xbf, 0xf7, 0xbf, 0xf7, 0x00, 0x00, 0x00, 0x00, 0x00, 0x00, 0x00, 0x00, 0x00, 0x00,
    0x00, 0x00, 0x00, 0x00, 0x00, 0x00, 0x00, 0x00, 0x00, 0x00, 0x00, 0x00, 0x9f, 0xef, 0xbf, 0xf7,
    0x9f, 0xef, 0x9e, 0xef, 0x7e, 0xef, 0x7e, 0xef, 0x5e, 0xe7, 0xa2, 0x10, 0x20, 0x00, 0x20, 0x00,
    0x00, 0x00, 0x00, 0x00, 0x20, 0x00, 0xe3, 0x10, 0x9f, 0xef, 0x9f, 0xf7, 0xbf, 0xf7, 0xdf, 0xf7,
    0xbf, 0xf7, 0xbf, 0xf7, 0xbf, 0xf7, 0x00, 0x00, 0x00, 0x00, 0x00, 0x00, 0x00, 0x00, 0x00, 0x00,
    0x00, 0x00, 0x00, 0x00, 0x00, 0x00, 0x00, 0x00, 0x00, 0x00, 0x00, 0x00, 0x9f, 0xef, 0xbf, 0xf7,
    0x9f, 0xef, 0x9e, 0xef, 0x7e, 0xef, 0x7e, 0xef, 0x5e, 0xe7, 0xa2, 0x10, 0x20, 0x00, 0x20, 0x00,
    0x00, 0x00, 0x00, 0x00, 0x20, 0x00, 0xe3, 0x10, 0x9f, 0xef, 0x9f, 0xf7, 0xbf, 0xf7, 0xdf, 0xf7,
    0xbf, 0xf7, 0xbf, 0xf7, 0xbf, 0xf7, 0xdf, 0xf7, 0x00, 0x00, 0x00, 0x00, 0xbf, 0xf7, 0xdf, 0xf7,
    0xbf, 0xf7, 0xbf, 0xf7, 0xbf, 0xf7, 0x00, 0x00, 0x00, 0x00, 0xbf, 0xf7, 0x9f, 0xef, 0xbf, 0xf7,
    0x9f, 0xef, 0x9e, 0xef, 0x7e, 0xef, 0x7e, 0xef, 0x5e, 0xe7, 0xa2, 0x10, 0x20, 0x00, 0x20, 0x00,
    0x00, 0x00, 0x00, 0x00, 0x20, 0x00, 0xe3, 0x10, 0x9f, 0xef, 0x9f, 0xf7, 0xbf, 0xf7, 0xdf, 0xf7,
    0xbf, 0xf7, 0xbf, 0xf7, 0xbf, 0xf7, 0xdf, 0xf7, 0x00, 0x00, 0x00, 0x00, 0xbf, 0xf7, 0xdf, 0xf7,
    0xbf, 0xf7, 0xbf, 0xf7, 0xbf, 0xf7, 0x00, 0x00, 0x00, 0x00, 0xbf, 0xf7, 0x9f, 0xef, 0xbf, 0xf7,
    0x9f, 0xef, 0x9e, 0xef, 0x7e, 0xef, 0x7e, 0xef, 0x5e, 0xe7, 0xa2, 0x10, 0x20, 0x00, 0x20, 0x00,
    0x00, 0x00, 0x00, 0x00, 0x20, 0x00, 0xe3, 0x10, 0x9f, 0xef, 0x9f, 0xf7, 0xbf, 0xf7, 0xdf, 0xf7,
    0xbf, 0xf7, 0xbf, 0xf7, 0xbf, 0xf7, 0xdf, 0xf7, 0x00, 0x00, 0x00, 0x00, 0x00, 0x00, 0x00, 0x00,
    0x00, 0x00, 0x00, 0x00, 0x00, 0x00, 0x00, 0x00, 0x00, 0x00, 0xbf, 0xf7, 0x9f, 0xef, 0xbf, 0xf7,
    0x9f, 0xef, 0x9e, 0xef, 0x7e, 0xef, 0x7e, 0xef, 0x5e, 0xe7, 0xa2, 0x10, 0x20, 0x00, 0x20, 0x00,
    0x00, 0x00, 0x00, 0x00, 0x20, 0x00, 0xe3, 0x10, 0x9f, 0xef, 0x9f, 0xf7, 0xbf, 0xf7, 0xdf, 0xf7,
    0xbf, 0xf7, 0xbf, 0xf7, 0xbf, 0xf7, 0x00, 0x00, 0x00, 0x00, 0x00, 0x00, 0x00, 0x00, 0x00, 0x00,
    0x00, 0x00, 0x00, 0x00, 0x00, 0x00, 0x00, 0x00, 0x00, 0x00, 0x00, 0x00, 0x9f, 0xef, 0xbf, 0xf7,
    0x9f, 0xef, 0x9e, 0xef, 0x7e, 0xef, 0x7e, 0xef, 0x5e, 0xe7, 0xa2, 0x10, 0x20, 0x00, 0x20, 0x00,
    0x00, 0x00, 0x00, 0x00, 0x20, 0x00, 0xe3, 0x10, 0x9f, 0xef, 0x9f, 0xf7, 0xbf, 0xf7, 0xdf, 0xf7,
    0xbf, 0xf7, 0xbf, 0xf7, 0xbf, 0xf7, 0x00, 0x00, 0x00, 0x00, 0x00, 0x00, 0x00, 0x00, 0x00, 0x00,
    0x00, 0x00, 0x00, 0x00, 0x00, 0x00, 0x00, 0x00, 0x00, 0x00, 0x00, 0x00, 0x9f, 0xef, 0xbf, 0xf7,
    0x9f, 0xef, 0x9e, 0xef, 0x7e, 0xef, 0x7e, 0xef, 0x5e, 0xe7, 0xa2, 0x10, 0x20, 0x00, 0x20, 0x00,
    0x00, 0x00, 0x00, 0x00, 0x20, 0x00, 0xe3, 0x10, 0x9f, 0xef, 0x9f, 0xf7, 0xbf, 0xf7, 0xdf, 0xf7,
    0xbf, 0xf7, 0xbf, 0xf7, 0xbf, 0xf7, 0x00, 0x00, 0x00, 0x00, 0x00, 0x00, 0x00, 0x00, 0x00, 0x00,
    0x00, 0x00, 0x00, 0x00, 0x00, 0x00, 0x00, 0x00, 0x00, 0x00, 0x00, 0x00, 0x9f, 0xef, 0xbf, 0xf7,
    0x9f, 0xef, 0x9e, 0xef, 0x7e, 0xef, 0x7e, 0xef, 0x5e, 0xe7, 0xa2, 0x10, 0x20, 0x00, 0x20, 0x00,
    0x00, 0x00, 0x00, 0x00, 0x20, 0x00, 0xe3, 0x10, 0x9f, 0xef, 0x9f, 0xf7, 0xbf, 0xf7, 0xdf, 0xf7,
    0xbf, 0xf7, 0xbf, 0xf7, 0xbf, 0xf7, 0x00, 0x00, 0x00, 0x00, 0x00, 0x00, 0x00, 0x00, 0x00, 0x00,
    0x00, 0x00, 0x00, 0x00, 0x00, 0x00, 0x00, 0x00, 0x00, 0x00, 0xbf, 0xf7, 0x9f, 0xef, 0xbf, 0xf7,
    0x9f, 0xef, 0x9e, 0xef, 0x7e, 0xef, 0x7e, 0xef, 0x5e, 0xe7, 0xa2, 0x10, 0x20, 0x00, 0x20, 0x00,
    0x00, 0x00, 0x00, 0x00, 0x20, 0x00, 0xe3, 0x10, 0x9f, 0xef, 0x9f, 0xf7, 0xbf, 0xf7, 0xdf, 0xf7,
    0xbf, 0xf7, 0x00, 0x00, 0x00, 0x00, 0x00, 0x00, 0x00, 0x00, 0x00, 0x00, 0x00, 0x00, 0x00, 0x00,
    0x00, 0x00, 0x00, 0x00, 0x00, 0x00, 0xdf, 0xf7, 0xbf, 0xf7, 0xbf, 0xf7, 0x9f, 0xef, 0xbf, 0xf7,
    0x9f, 0xef, 0x9e, 0xef, 0x7e, 0xef, 0x7e, 0xef, 0x5e, 0xe7, 0xa2, 0x10, 0x20, 0x00, 0x20, 0x00,
    0x00, 0x00, 0x00, 0x00, 0x20, 0x00, 0xe3, 0x10, 0x9f, 0xef, 0x9f, 0xf7, 0xbf, 0xf7, 0x00, 0x00,
    0x00, 0x00, 0x00, 0x00, 0x00, 0x00, 0x00, 0x00, 0x00, 0x00, 0x00, 0x00, 0x00, 0x00, 0x00, 0x00,
    0xbf, 0xf7, 0xbf, 0xf7, 0xbf, 0xf7, 0xdf, 0xf7, 0xbf, 0xf7, 0xbf, 0xf7, 0x9f, 0xef, 0xbf, 0xf7,
    0x9f, 0xef, 0x9e, 0xef, 0x7e, 0xef, 0x7e, 0xef, 0x5e, 0xe7, 0xa2, 0x10, 0x20, 0x00, 0x20, 0x00,
    0x00, 0x00, 0x00, 0x00, 0x20, 0x00, 0xe3, 0x10, 0x9f, 0xef, 0x00, 0x00, 0x00, 0x00, 0x00, 0x00,
    0xbf, 0xf7, 0xbf, 0xf7, 0x00, 0x00, 0x00, 0x00, 0xdf, 0xf7, 0xbf, 0xf7, 0xbf, 0xf7, 0xdf, 0xf7,
    0xbf, 0xf7, 0xbf, 0xf7, 0xbf, 0xf7, 0xdf, 0xf7, 0xbf, 0xf7, 0xbf, 0xf7, 0x9f, 0xef, 0xbf, 0xf7,
    0x9f, 0xef, 0x9e, 0xef, 0x7e, 0xef, 0x7e, 0xef, 0x5e, 0xe7, 0xa2, 0x10, 0x20, 0x00, 0x20, 0x00,
    0x00, 0x00, 0x00, 0x00, 0x20, 0x00, 0x00, 0x00, 0x00, 0x00, 0x00, 0x00, 0xbf, 0xf7, 0xdf, 0xf7,
    0xbf, 0xf7, 0x00, 0x00, 0xbf, 0xf7, 0xdf, 0xf7, 0xdf, 0xf7, 0xbf, 0xf7, 0xbf, 0xf7, 0xdf, 0xf7,
    0xbf, 0xf7, 0xbf, 0xf7, 0xbf, 0xf7, 0xdf, 0xf7, 0xbf, 0xf7, 0xbf, 0xf7, 0x9f, 0xef, 0xbf, 0xf7,
    0x9f, 0xef, 0x9e, 0xef, 0x7e, 0xef, 0x7e, 0xef, 0x5e, 0xe7, 0xa2, 0x10, 0x20, 0x00, 0x20, 0x00,
    0x00, 0x00, 0x00, 0x00, 0x20, 0x00, 0xe3, 0x10, 0x00, 0x00, 0x9f, 0xf7, 0xbf, 0xf7, 0xdf, 0xf7,
    0x00, 0x00, 0xbf, 0xf7, 0xbf, 0xf7, 0xdf, 0xf7, 0xdf, 0xf7, 0xbf, 0xf7, 0xbf, 0xf7, 0xdf, 0xf7,
    0xbf, 0xf7, 0xbf, 0xf7, 0xbf, 0xf7, 0xdf, 0xf7, 0xbf, 0xf7, 0xbf, 0xf7, 0x9f, 0xef, 0xbf, 0xf7,
    0x9f, 0xef, 0x9e, 0xef, 0x7e, 0xef, 0x7e, 0xef, 0x5e, 0xe7, 0xa2, 0x10, 0x20, 0x00, 0x20, 0x00,
    0x00, 0x00, 0x00, 0x00, 0x20, 0x00, 0xe3, 0x10, 0x9f, 0xef, 0x9f, 0xf7, 0xbf, 0xf7, 0xdf, 0xf7,
    0xbf, 0xf7, 0xbf, 0xf7, 0xbf, 0xf7, 0xdf, 0xf7, 0xdf, 0xf7, 0xbf, 0xf7, 0xbf, 0xf7, 0xdf, 0xf7,
    0xbf, 0xf7, 0xbf, 0xf7, 0xbf, 0xf7, 0xdf, 0xf7, 0xbf, 0xf7, 0xbf, 0xf7, 0x9f, 0xef, 0xbf, 0xf7,
    0x9f, 0xef, 0x9e, 0xef, 0x7e, 0xef, 0x7e, 0xef, 0x5e, 0xe7, 0xa2, 0x10, 0x20, 0x00, 0x20, 0x00,
    0x00, 0x00, 0x00, 0x00, 0x20, 0x00, 0xe3, 0x10, 0x9f, 0xef, 0x9f, 0xf7, 0xbf, 0xf7, 0xdf, 0xf7,
    0xbf, 0xf7, 0xbf, 0xf7, 0xbf, 0xf7, 0xdf, 0xf7, 0xdf, 0xf7, 0xbf, 0xf7, 0xbf, 0xf7, 0xdf, 0xf7,
    0xbf, 0xf7, 0xbf, 0xf7, 0xbf, 0xf7, 0xdf, 0xf7, 0xbf, 0xf7, 0xbf, 0xf7, 0x9f, 0xef, 0xbf, 0xf7,
    0x9f, 0xef, 0x9e, 0xef, 0x7e, 0xef, 0x7e, 0xef, 0x5e, 0xe7, 0xa2, 0x10, 0x20, 0x00, 0x20, 0x00,
    0x00, 0x00, 0x00, 0x00, 0x20, 0x00, 0xe3, 0x10, 0x9f, 0xef, 0x9f, 0xf7, 0xbf, 0xf7, 0xdf, 0xf7,
    0xbf, 0xf7, 0xbf, 0xf7, 0xbf, 0xf7, 0xdf, 0xf7, 0xdf, 0xf7, 0xbf, 0xf7, 0xbf, 0xf7, 0xdf, 0xf7,
    0xbf, 0xf7, 0xbf, 0xf7, 0xbf, 0xf7, 0xdf, 0xf7, 0xbf, 0xf7, 0xbf, 0xf7, 0x9f, 0xef, 0xbf, 0xf7,
    0x9f, 0xef, 0x9e, 0xef, 0x7e, 0xef, 0x7e, 0xef, 0x5e, 0xe7, 0xa2, 0x10, 0x20, 0x00, 0x20, 0x00,
    0x00, 0x00, 0x00, 0x00, 0x20, 0x00, 0xe3, 0x10, 0x9f, 0xef, 0x9f, 0xf7, 0xbf, 0xf7, 0xdf, 0xf7,
    0xbf, 0xf7, 0xbf, 0xf7, 0xbf, 0xf7, 0xdf, 0xf7, 0xdf, 0xf7, 0xbf, 0xf7, 0xbf, 0xf7, 0xdf, 0xf7,
    0xbf, 0xf7, 0xbf, 0xf7, 0xbf, 0xf7, 0xdf, 0xf7, 0xbf, 0xf7, 0xbf, 0xf7, 0x9f, 0xef, 0xbf, 0xf7,
    0x9f, 0xef, 0x9e, 0xef, 0x7e, 0xef, 0x7e, 0xef, 0x5e, 0xe7, 0xa2, 0x10, 0x20, 0x00, 0x20, 0x00,
    0x00, 0x00, 0x00, 0x00, 0x20, 0x00, 0xe3, 0x10, 0x9f, 0xef, 0x9f, 0xf7, 0xbf, 0xf7, 0xdf, 0xf7,
    0xbf, 0xf7, 0xbf, 0xf7, 0xbf, 0xf7, 0xdf, 0xf7, 0xdf, 0xf7, 0xbf, 0xf7, 0xbf, 0xf7, 0xdf, 0xf7,
    0xbf, 0xf7, 0xbf, 0xf7, 0xbf, 0xf7, 0xdf, 0xf7, 0xbf, 0xf7, 0xbf, 0xf7, 0x9f, 0xef, 0xbf, 0xf7,
    0x9f, 0xef, 0x9e, 0xef, 0x7e, 0xef, 0x7e, 0xef, 0x5e, 0xe7, 0xa2, 0x10, 0x20, 0x00, 0x20, 0x00,
    0x00, 0x00, 0x00, 0x00, 0x20, 0x00, 0xe3, 0x10, 0x9f, 0xef, 0x9f, 0xf7, 0xbf, 0xf7, 0xdf, 0xf7,
    0xbf, 0xf7, 0xbf, 0xf7, 0xbf, 0xf7, 0xdf, 0xf7, 0xdf, 0xf7, 0xbf, 0xf7, 0xbf, 0xf7, 0xdf, 0xf7,
    0xbf, 0xf7, 0xbf, 0xf7, 0xbf, 0xf7, 0xdf, 0xf7, 0xbf, 0xf7, 0xbf, 0xf7, 0x9f, 0xef, 0xbf, 0xf7,
    0x9f, 0xef, 0x9e, 0xef, 0x7e, 0xef, 0x7e, 0xef, 0x5e, 0xe7, 0xa2, 0x10, 0x20, 0x00, 0x20, 0x00,
    0x00, 0x00, 0x20, 0x00, 0x61, 0x08, 0x92, 0x8c, 0xbf, 0xf7, 0xbf, 0xf7, 0xbf, 0xf7, 0xbf, 0xf7,
    0xdf, 0xf7, 0xbf, 0xf7, 0xbf, 0xf7, 0xbf, 0xf7, 0xdf, 0xf7, 0xbf, 0xf7, 0xbf, 0xf7, 0xbf, 0xf7,
    0xdf, 0xf7, 0xbf, 0xf7, 0xbf, 0xf7, 0xbf, 0xf7, 0xbf, 0xf7, 0xbf, 0xf7, 0x9f, 0xf7, 0x9e, 0xef,
    0x9f, 0xf7, 0x9f, 0xef, 0x7e, 0xef, 0x7e, 0xe7, 0x7e, 0xe7, 0x72, 0x84, 0x61, 0x08, 0x00, 0x00,
    0x00, 0x00, 0x20, 0x00, 0x61, 0x08, 0x92, 0x8c, 0xbf, 0xf7, 0xbf, 0xf7, 0xbf, 0xf7, 0xbf, 0xf7,
    0xdf, 0xf7, 0xbf, 0xf7, 0xbf, 0xf7, 0xbf, 0xf7, 0xdf, 0xf7, 0xbf, 0xf7, 0xbf, 0xf7, 0xbf, 0xf7,
    0xdf, 0xf7, 0xbf, 0xf7, 0xbf, 0xf7, 0xbf, 0xf7, 0xbf, 0xf7, 0xbf, 0xf7, 0x9f, 0xf7, 0x9e, 0xef,
    0x9f, 0xf7, 0x9f, 0xef, 0x7e, 0xef, 0x7e, 0xe7, 0x7e, 0xe7, 0x72, 0x84, 0x61, 0x08, 0x00, 0x00,
    0x00, 0x00, 0x20, 0x00, 0x61, 0x08, 0x92, 0x8c, 0xbf, 0xf7, 0xbf, 0xf7, 0xbf, 0xf7, 0xbf, 0xf7,
    0xdf, 0xf7, 0xbf, 0xf7, 0xbf, 0xf7, 0xbf, 0xf7, 0xdf, 0xf7, 0xbf, 0xf7, 0xbf, 0xf7, 0xbf, 0xf7,
    0xdf, 0xf7, 0xbf, 0xf7, 0xbf, 0xf7, 0xbf, 0xf7, 0xbf, 0xf7, 0xbf, 0xf7, 0x9f, 0xf7, 0x9e, 0xef,
    0x9f, 0xf7, 0x9f, 0xef, 0x7e, 0xef, 0x7e, 0xe7, 0x7e, 0xe7, 0x72, 0x84, 0x61, 0x08, 0x00, 0x00,
    0x00, 0x00, 0x20, 0x00, 0x61, 0x08, 0x92, 0x8c, 0xbf, 0xf7, 0xbf, 0xf7, 0xbf, 0xf7, 0xbf, 0xf7,
    0xdf, 0xf7, 0xbf, 0xf7, 0xbf, 0xf7, 0xbf, 0xf7, 0xdf, 0xf7, 0xbf, 0xf7, 0xbf, 0xf7, 0xbf, 0xf7,
    0xdf, 0xf7, 0xbf, 0xf7, 0xbf, 0xf7, 0xbf, 0xf7, 0xbf, 0xf7, 0xbf, 0xf7, 0x9f, 0xf7, 0x9e, 0xef,
    0x9f, 0xf7, 0x9f, 0xef, 0x7e, 0xef, 0x7e, 0xe7, 0x7e, 0xe7, 0x72, 0x84, 0x61, 0x08, 0x00, 0x00,
    0x00, 0x00, 0x20, 0x00, 0x61, 0x08, 0x92, 0x8c, 0xbf, 0xf7, 0xbf, 0xf7, 0xbf, 0xf7, 0xbf, 0xf7,
    0xdf, 0xf7, 0xbf, 0xf7, 0xbf, 0xf7, 0xbf, 0xf7, 0xdf, 0xf7, 0xbf, 0xf7, 0xbf, 0xf7, 0xbf, 0xf7,
    0xdf, 0xf7, 0xbf, 0xf7, 0xbf, 0xf7, 0xbf, 0xf7, 0xbf, 0xf7, 0xbf, 0xf7, 0x9f, 0xf7, 0x9e, 0xef,
    0x9f, 0xf7, 0x9f, 0xef, 0x7e, 0xef, 0x7e, 0xe7, 0x7e, 0xe7, 0x72, 0x84, 0x61, 0x08, 0x00, 0x00,
    0x00, 0x00, 0x20, 0x00, 0x61, 0x08, 0x92, 0x8c, 0xbf, 0xf7, 0xbf, 0xf7, 0xbf, 0xf7, 0xbf, 0xf7,
    0xdf, 0xf7, 0xbf, 0xf7, 0xbf, 0xf7, 0xbf, 0xf7, 0xdf, 0xf7, 0xbf, 0xf7, 0xbf, 0xf7, 0xbf, 0xf7,
    0xdf, 0xf7, 0xbf, 0xf7, 0xbf, 0xf7, 0xbf, 0xf7, 0xbf, 0xf7, 0xbf, 0xf7, 0x9f, 0xf7, 0x9e, 0xef,
    0x9f, 0xf7, 0x9f, 0xef, 0x7e, 0xef, 0x7e, 0xe7, 0x7e, 0xe7, 0x72, 0x84, 0x61, 0x08, 0x00, 0x00,
    0x00, 0x00, 0x20, 0x00, 0x61, 0x08, 0x92, 0x8c, 0xbf, 0xf7, 0xbf, 0xf7, 0xbf, 0xf7, 0xbf, 0xf7,
    0xdf, 0xf7, 0xbf, 0xf7, 0xbf, 0xf7, 0xbf, 0xf7, 0xdf, 0xf7, 0xbf, 0xf7, 0xbf, 0xf7, 0xbf, 0xf7,
    0xdf, 0xf7, 0xbf, 0xf7, 0xbf, 0xf7, 0xbf, 0xf7, 0xbf, 0xf7, 0xbf, 0xf7, 0x9f, 0xf7, 0x9e, 0xef,
    0x9f, 0xf7, 0x9f, 0xef, 0x7e, 0xef, 0x7e, 0xe7, 0x7e, 0xe7, 0x72, 0x84, 0x61, 0x08, 0x00, 0x00,
    0x00, 0x00, 0x20, 0x00, 0x61, 0x08, 0x92, 0x8c, 0xbf, 0xf7, 0xbf, 0xf7, 0xbf, 0xf7, 0xbf, 0xf7,
    0xdf, 0xf7, 0xbf, 0xf7, 0xbf, 0xf7, 0xbf, 0xf7, 0xdf, 0xf7, 0xbf, 0xf7, 0xbf, 0xf7, 0xbf, 0xf7,
    0xdf, 0xf7, 0xbf, 0xf7, 0xbf, 0xf7, 0xbf, 0xf7, 0xbf, 0xf7, 0xbf, 0xf7, 0x9f, 0xf7, 0x9e, 0xef,
    0x9f, 0xf7, 0x9f, 0xef, 0x7e, 0xef, 0x7e, 0xe7, 0x7e, 0xe7, 0x72, 0x84, 0x61, 0x08, 0x00, 0x00,
    0x00, 0x00, 0x20, 0x00, 0x61, 0x08, 0x92, 0x8c, 0xbf, 0xf7, 0xbf, 0xf7, 0xbf, 0xf7, 0xbf, 0xf7,
    0xdf, 0xf7, 0xbf, 0xf7, 0xbf, 0xf7, 0xbf, 0xf7, 0xdf, 0xf7, 0xbf, 0xf7, 0xbf, 0xf7, 0xbf, 0xf7,
    0xdf, 0xf7, 0xbf, 0xf7, 0xbf, 0xf7, 0xbf, 0xf7, 0xbf, 0xf7, 0xbf, 0xf7, 0x9f, 0xf7, 0x9e, 0xef,
    0x9f, 0xf7, 0x9f, 0xef, 0x7e, 0xef, 0x7e, 0xe7, 0x7e, 0xe7, 0x72, 0x84, 0x61, 0x08, 0x00, 0x00,
    0x00, 0x00, 0x20, 0x00, 0x61, 0x08, 0x92, 0x8c, 0xbf, 0xf7, 0xbf, 0xf7, 0xbf, 0xf7, 0xbf, 0xf7,
    0xdf, 0xf7, 0xbf, 0xf7, 0xbf, 0xf7, 0xbf, 0xf7, 0xdf, 0xf7, 0xbf, 0xf7, 0xbf, 0xf7, 0xbf, 0xf7,
    0xdf, 0xf7, 0xbf, 0xf7, 0xbf, 0xf7, 0xbf, 0xf7, 0xbf, 0xf7, 0xbf, 0xf7, 0x9f, 0xf7, 0x9e, 0xef,
    0x9f, 0xf7, 0x9f, 0xef, 0x7e, 0xef, 0x7e, 0xe7, 0x7e, 0xe7, 0x72, 0x84, 0x61, 0x08, 0x00, 0x00,
    0x00, 0x00, 0x20, 0x00, 0x61, 0x08, 0x92, 0x8c, 0xbf, 0xf7, 0xbf, 0xf7, 0xbf, 0xf7, 0xbf, 0xf7,
    0xdf, 0xf7, 0xbf, 0xf7, 0xbf, 0xf7, 0xbf, 0xf7, 0xdf, 0xf7, 0xbf, 0xf7, 0xbf, 0xf7, 0xbf, 0xf7,
    0xdf, 0xf7, 0xbf, 0xf7, 0xbf, 0xf7, 0xbf, 0xf7, 0xbf, 0xf7, 0xbf, 0xf7, 0x9f, 0xf7, 0x9e, 0xef,
    0x9f, 0xf7, 0x9f, 0xef, 0x7e, 0xef, 0x7e, 0xe7, 0x7e, 0xe7, 0x72, 0x84, 0x61, 0x08, 0x00, 0x00,
    0x00, 0x00, 0x20, 0x00, 0x61, 0x08, 0x92, 0x8c, 0xbf, 0xf7, 0xbf, 0xf7, 0xbf, 0xf7, 0xbf, 0xf7,
    0xdf, 0xf7, 0xbf, 0xf7, 0xbf, 0xf7, 0xbf, 0xf7, 0xdf, 0xf7, 0xbf, 0xf7, 0xbf, 0xf7, 0xbf, 0xf7,
    0xdf, 0xf7, 0xbf, 0xf7, 0xbf, 0xf7, 0xbf, 0xf7, 0xbf, 0xf7, 0xbf, 0xf7, 0x9f, 0xf7, 0x9e, 0xef,
    0x9f, 0xf7, 0x9f, 0xef, 0x7e, 0xef, 0x7e, 0xe7, 0x7e, 0xe7, 0x72, 0x84, 0x61, 0x08, 0x00, 0x00,
    0x00, 0x00, 0x20, 0x00, 0x61, 0x08, 0x92, 0x8c, 0xbf, 0xf7, 0xbf, 0xf7, 0xbf, 0xf7, 0xbf, 0xf7,
    0xdf, 0xf7, 0xbf, 0xf7, 0xbf, 0xf7, 0xbf, 0xf7, 0xdf, 0xf7, 0xbf, 0xf7, 0xbf, 0xf7, 0xbf, 0xf7,
    0xdf, 0xf7, 0xbf, 0xf7, 0xbf, 0xf7, 0xbf, 0xf7, 0xbf, 0xf7, 0xbf, 0xf7, 0x9f, 0xf7, 0x9e, 0xef,
    0x9f, 0xf7, 0x9f, 0xef, 0x7e, 0xef, 0x7e, 0xe7, 0x7e, 0xe7, 0x72, 0x84, 0x61, 0x08, 0x00, 0x00,
    0x00, 0x00, 0x20, 0x00, 0x61, 0x08, 0x92, 0x8c, 0xbf, 0xf7, 0xbf, 0xf7, 0xbf, 0xf7, 0xbf, 0xf7,
    0xdf, 0xf7, 0xbf, 0xf7, 0xbf, 0xf7, 0xbf, 0xf7, 0xdf, 0xf7, 0xbf, 0xf7, 0xbf, 0xf7, 0xbf, 0xf7,
    0xdf, 0xf7, 0xbf, 0xf7, 0xbf, 0xf7, 0xbf, 0xf7, 0xbf, 0xf7, 0xbf, 0xf7, 0x9f, 0xf7, 0x9e, 0xef,
    0x9f, 0xf7, 0x9f, 0xef, 0x7e, 0xef, 0x7e, 0xe7, 0x7e, 0xe7, 0x72, 0x84, 0x61, 0x08, 0x00, 0x00,
    0x00, 0x00, 0x20, 0x00, 0x61, 0x08, 0x92, 0x8c, 0xbf, 0xf7, 0xbf, 0xf7, 0xbf, 0xf7, 0xbf, 0xf7,
    0xdf, 0xf7, 0xbf, 0xf7, 0xbf, 0xf7, 0xbf, 0xf7, 0xdf, 0xf7, 0xbf, 0xf7, 0xbf, 0xf7, 0xbf, 0xf7,
    0xdf, 0xf7, 0xbf, 0xf7, 0xbf, 0xf7, 0xbf, 0xf7, 0xbf, 0xf7, 0xbf, 0xf7, 0x9f, 0xf7, 0x9e, 0xef,
    0x9f, 0xf7, 0x9f, 0xef, 0x7e, 0xef, 0x7e, 0xe7, 0x7e, 0xe7, 0x72, 0x84, 0x61, 0x08, 0x00, 0x00,
    0x00, 0x00, 0x20, 0x00, 0x61, 0x08, 0x92, 0x8c, 0xbf, 0xf7, 0xbf, 0xf7, 0xbf, 0xf7, 0xbf, 0xf7,
    0xdf, 0xf7, 0xbf, 0xf7, 0xbf, 0xf7, 0xbf, 0xf7, 0xdf, 0xf7, 0xbf, 0xf7, 0xbf, 0xf7, 0xbf, 0xf7,
    0xdf, 0xf7, 0xbf, 0xf7, 0xbf, 0xf7, 0xbf, 0xf7, 0xbf, 0xf7, 0xbf, 0xf7, 0x9f, 0xf7, 0x9e, 0xef,
    0x9f, 0xf7, 0x9f, 0xef, 0x7e, 0xef, 0x7e, 0xe7, 0x7e, 0xe7, 0x72, 0x84, 0x61, 0x08, 0x00, 0x00,
    0x00, 0x00, 0x20, 0x00, 0x61, 0x08, 0x92, 0x8c, 0xbf, 0xf7, 0xbf, 0xf7, 0xbf, 0xf7, 0xbf, 0xf7,
    0xdf, 0xf7, 0xbf, 0xf7, 0xbf, 0xf7, 0xbf, 0xf7, 0xdf, 0xf7, 0xbf, 0xf7, 0xbf, 0xf7, 0xbf, 0xf7,
    0xdf, 0xf7, 0xbf, 0xf7, 0xbf, 0xf7, 0xbf, 0xf7, 0xbf, 0xf7, 0xbf, 0xf7, 0x9f, 0xf7, 0x9e, 0xef,
    0x9f, 0xf7, 0x9f, 0xef, 0x7e, 0xef, 0x7e, 0xe7, 0x7e, 0xe7, 0x72, 0x84, 0x61, 0x08, 0x00, 0x00,
    0x00, 0x00, 0x20, 0x00, 0x61, 0x08, 0x92, 0x8c, 0xbf, 0xf7, 0xbf, 0xf7, 0xbf, 0xf7, 0xbf, 0xf7,
    0xdf, 0xf7, 0xbf, 0xf7, 0xbf, 0xf7, 0xbf, 0xf7, 0xdf, 0xf7, 0xbf, 0xf7, 0xbf, 0xf7, 0xbf, 0xf7,
    0xdf, 0xf7, 0xbf, 0xf7, 0xbf, 0xf7, 0xbf, 0xf7, 0x00, 0x00, 0x00, 0x00, 0x9f, 0xf7, 0x9e, 0xef,
    0x00, 0x00, 0x00, 0x00, 0x7e, 0xef, 0x7e, 0xe7, 0x7e, 0xe7, 0x72, 0x84, 0x61, 0x08, 0x00, 0x00,
    0x00, 0x00, 0x20, 0x00, 0x61, 0x08, 0x92, 0x8c, 0xbf, 0xf7, 0xbf, 0xf7, 0xbf, 0xf7, 0xbf, 0xf7,
    0xdf, 0xf7, 0xbf, 0xf7, 0xbf, 0xf7, 0xbf, 0xf7, 0xdf, 0xf7, 0xbf, 0xf7, 0xbf, 0xf7, 0xbf, 0xf7,
    0xdf, 0xf7, 0xbf, 0xf7, 0x00, 0x00, 0x00, 0x00, 0xbf, 0xf7, 0x00, 0x00, 0x9f, 0xf7, 0x00, 0x00,
    0x00, 0x00, 0x9f, 0xef, 0x7e, 0xef, 0x7e, 0xe7, 0x7e, 0xe7, 0x72, 0x84, 0x61, 0x08, 0x00, 0x00,
    0x00, 0x00, 0x20, 0x00, 0x61, 0x08, 0x92, 0x8c, 0xbf, 0xf7, 0xbf, 0xf7, 0xbf, 0xf7, 0xbf, 0xf7,
    0xdf, 0xf7, 0xbf, 0xf7, 0xbf, 0xf7, 0xbf, 0xf7, 0xdf, 0xf7, 0xbf, 0xf7, 0xbf, 0xf7, 0xbf, 0xf7,
    0x00, 0x00, 0x00, 0x00, 0x00, 0x00, 0x00, 0x00, 0x00, 0x00, 0x00, 0x00, 0x00, 0x00, 0x00, 0x00,
    0x9f, 0xf7, 0x9f, 0xef, 0x7e, 0xef, 0x7e, 0xe7, 0x7e, 0xe7, 0x72, 0x84, 0x61, 0x08, 0x00, 0x00,
    0x00, 0x00, 0x20, 0x00, 0x61, 0x08, 0x92, 0x8c, 0xbf, 0xf7, 0xbf, 0xf7, 0xbf, 0xf7, 0xbf, 0xf7,
    0xdf, 0xf7, 0xbf, 0xf7, 0xbf, 0xf7, 0xbf, 0xf7, 0xdf, 0xf7, 0xbf, 0xf7, 0x00, 0x00, 0x00, 0x00,
    0x00, 0x00, 0x00, 0x00, 0x00, 0x00, 0x00, 0x00, 0x00, 0x00, 0x00, 0x00, 0x00, 0x00, 0x9e, 0xef,
    0x9f, 0xf7, 0x9f, 0xef, 0x7e, 0xef, 0x7e, 0xe7, 0x7e, 0xe7, 0x72, 0x84, 0x61, 0x08, 0x00, 0x00,
    0x00, 0x00, 0x20, 0x00, 0x61, 0x08, 0x92, 0x8c, 0xbf, 0xf7, 0xbf, 0xf7, 0xbf, 0xf7, 0xbf, 0xf7,
    0xdf, 0xf7, 0xbf, 0xf7, 0xbf, 0xf7, 0xbf, 0xf7, 0xdf, 0xf7, 0x00, 0x00, 0x00, 0x00, 0x00, 0x00,
    0x00, 0x00, 0x00, 0x00, 0x00, 0x00, 0x00, 0x00, 0x00, 0x00, 0x00, 0x00, 0x00, 0x00, 0x9e, 0xef,
    0x9f, 0xf7, 0x9f, 0xef, 0x7e, 0xef, 0x7e, 0xe7, 0x7e, 0xe7, 0x72, 0x84, 0x61, 0x08, 0x00, 0x00,
    0x00, 0x00, 0x20, 0x00, 0x61, 0x08, 0x92, 0x8c, 0xbf, 0xf7, 0xbf, 0xf7, 0xbf, 0xf7, 0xbf, 0xf7,
    0xdf, 0xf7, 0xbf, 0xf7, 0xbf, 0xf7, 0x00, 0x00, 0x00, 0x00, 0x00, 0x00, 0x00, 0x00, 0x00, 0x00,
    0x00, 0x00, 0x00, 0x00, 0x00, 0x00, 0x00, 0x00, 0x00, 0x00, 0x00, 0x00, 0x9f, 0xf7, 0x9e, 0xef,
    0x9f, 0xf7, 0x9f, 0xef, 0x7e, 0xef, 0x7e, 0xe7, 0x7e, 0xe7, 0x72, 0x84, 0x61, 0x08, 0x00, 0x00,
    0x00, 0x00, 0x20, 0x00, 0x61, 0x08, 0x92, 0x8c, 0xbf, 0xf7, 0xbf, 0xf7, 0xbf, 0xf7, 0xbf, 0xf7,
    0xdf, 0xf7, 0xbf, 0xf7, 0xbf, 0xf7, 0x00, 0x00, 0x00, 0x00, 0x00, 0x00, 0x00, 0x00, 0x00, 0x00,
    0x00, 0x00, 0x00, 0x00, 0x00, 0x00, 0x00, 0x00, 0x00, 0x00, 0x00, 0x00, 0x9f, 0xf7, 0x9e, 0xef,
    0x9f, 0xf7, 0x9f, 0xef, 0x7e, 0xef, 0x7e, 0xe7, 0x7e, 0xe7, 0x72, 0x84, 0x61, 0x08, 0x00, 0x00,
    0x00, 0x00, 0x20, 0x00, 0x61, 0x08, 0x92, 0x8c, 0xbf, 0xf7, 0xbf, 0xf7, 0xbf, 0xf7, 0xbf, 0xf7,
    0xdf, 0xf7, 0xbf, 0xf7, 0xbf, 0xf7, 0x00, 0x00, 0x00, 0x00, 0x00, 0x00, 0x00, 0x00, 0x00, 0x00,
    0x00, 0x00, 0x00, 0x00, 0x00, 0x00, 0x00, 0x00, 0x00, 0x00, 0x00, 0x00, 0x9f, 0xf7, 0x9e, 0xef,
    0x9f, 0xf7, 0x9f, 0xef, 0x7e, 0xef, 0x7e, 0xe7, 0x7e, 0xe7, 0x72, 0x84, 0x61, 0x08, 0x00, 0x00,
    0x00, 0x00, 0x20, 0x00, 0x61, 0x08, 0x92, 0x8c, 0xbf, 0xf7, 0xbf, 0xf7, 0xbf, 0xf7, 0xbf, 0xf7,
    0xdf, 0xf7, 0xbf, 0xf7, 0xbf, 0xf7, 0xbf, 0xf7, 0x00, 0x00, 0x00, 0x00, 0x00, 0x00, 0x00, 0x00,
    0x00, 0x00, 0x00, 0x00, 0x00, 0x00, 0x00, 0x00, 0x00, 0x00, 0xbf, 0xf7, 0x9f, 0xf7, 0x9e, 0xef,
    0x9f, 0xf7, 0x9f, 0xef, 0x7e, 0xef, 0x7e, 0xe7, 0x7e, 0xe7, 0x72, 0x84, 0x61, 0x08, 0x00, 0x00,
    0x00, 0x00, 0x20, 0x00, 0x61, 0x08, 0x92, 0x8c, 0xbf, 0xf7, 0xbf, 0xf7, 0xbf, 0xf7, 0xbf, 0xf7,
    0xdf, 0xf7, 0xbf, 0xf7, 0xbf, 0xf7, 0xbf, 0xf7, 0x00, 0x00, 0x00, 0x00, 0x00, 0x00, 0x00, 0x00,
    0x00, 0x00, 0x00, 0x00, 0x00, 0x00, 0x00, 0x00, 0x00, 0x00, 0xbf, 0xf7, 0x9f, 0xf7, 0x9e, 0xef,
    0x9f, 0xf7, 0x9f, 0xef, 0x7e, 0xef, 0x7e, 0xe7, 0x7e, 0xe7, 0x72, 0x84, 0x61, 0x08, 0x00, 0x00,
    0x00, 0x00, 0x20, 0x00, 0x61, 0x08, 0x92, 0x8c, 0xbf, 0xf7, 0xbf, 0xf7, 0xbf, 0xf7, 0xbf, 0xf7,
    0xdf, 0xf7, 0xbf, 0xf7, 0xbf, 0xf7, 0x00, 0x00, 0x00, 0x00, 0x00, 0x00, 0x00, 0x00, 0x00, 0x00,
    0x00, 0x00, 0x00, 0x00, 0x00, 0x00, 0x00, 0x00, 0x00, 0x00, 0x00, 0x00, 0x9f, 0xf7, 0x9e, 0xef,
    0x9f, 0xf7, 0x9f, 0xef, 0x7e, 0xef, 0x7e, 0xe7, 0x7e, 0xe7, 0x72, 0x84, 0x61, 0x08, 0x00, 0x00,
    0x00, 0x00, 0x20, 0x00, 0x61, 0x08, 0x92, 0x8c, 0xbf, 0xf7, 0xbf, 0xf7, 0xbf, 0xf7, 0xbf, 0xf7,
    0xdf, 0xf7, 0xbf, 0xf7, 0xbf, 0xf7, 0x00, 0x00, 0x00, 0x00, 0x00, 0x00, 0x00, 0x00, 0x00, 0x00,
    0x00, 0x00, 0x00, 0x00, 0x00, 0x00, 0x00, 0x00, 0x00, 0x00, 0x00, 0x00, 0x9f, 0xf7, 0x9e, 0xef,
    0x9f, 0xf7, 0x9f, 0xef, 0x7e, 0xef, 0x7e, 0xe7, 0x7e, 0xe7, 0x72, 0x84, 0x61, 0x08, 0x00, 0x00,
    0x00, 0x00, 0x20, 0x00, 0x61, 0x08, 0x92, 0x8c, 0xbf, 0xf7, 0xbf, 0xf7, 0xbf, 0xf7, 0xbf, 0xf7,
    0xdf, 0xf7, 0xbf, 0xf7, 0xbf, 0xf7, 0x00, 0x00, 0x00, 0x00, 0x00, 0x00, 0x00, 0x00, 0x00, 0x00,
    0x00, 0x00, 0x00, 0x00, 0x00, 0x00, 0x00, 0x00, 0x00, 0x00, 0x00, 0x00, 0x9f, 0xf7, 0x9e, 0xef,
    0x9f, 0xf7, 0x9f, 0xef, 0x7e, 0xef, 0x7e, 0xe7, 0x7e, 0xe7, 0x72, 0x84, 0x61, 0x08, 0x00, 0x00,
    0x00, 0x00, 0x20, 0x00, 0x61, 0x08, 0x92, 0x8c, 0xbf, 0xf7, 0xbf, 0xf7, 0xbf, 0xf7, 0xbf, 0xf7,
    0xdf, 0xf7, 0xbf, 0xf7, 0xbf, 0xf7, 0x00, 0x00, 0x00, 0x00, 0x00, 0x00, 0x00, 0x00, 0x00, 0x00,
    0x00, 0x00, 0x00, 0x00, 0x00, 0x00, 0x00, 0x00, 0x00, 0x00, 0x00, 0x00, 0x9f, 0xf7, 0x9e, 0xef,
    0x9f, 0xf7, 0x9f, 0xef, 0x7e, 0xef, 0x7e, 0xe7, 0x7e, 0xe7, 0x72, 0x84, 0x61, 0x08, 0x00, 0x00,
    0x00, 0x00, 0x20, 0x00, 0x61, 0x08, 0x92, 0x8c, 0xbf, 0xf7, 0xbf, 0xf7, 0xbf, 0xf7, 0xbf, 0xf7,
    0xdf, 0xf7, 0xbf, 0xf7, 0xbf, 0xf7, 0x00, 0x00, 0x00, 0x00, 0x00, 0x00, 0x00, 0x00, 0x00, 0x00,
    0x00, 0x00, 0x00, 0x00, 0x00, 0x00, 0x00, 0x00, 0x00, 0x00, 0x00, 0x00, 0x9f, 0xf7, 0x9e, 0xef,
    0x9f, 0xf7, 0x9f, 0xef, 0x7e, 0xef, 0x7e, 0xe7, 0x7e, 0xe7, 0x72, 0x84, 0x61, 0x08, 0x00, 0x00,
    0x00, 0x00, 0x20, 0x00, 0x61, 0x08, 0x92, 0x8c, 0xbf, 0xf7, 0xbf, 0xf7, 0xbf, 0xf7, 0xbf, 0xf7,
    0xdf, 0xf7, 0xbf, 0xf7, 0xbf, 0xf7, 0xbf, 0xf7, 0x00, 0x00, 0x00, 0x00, 0x00, 0x00, 0x00, 0x00,
    0x00, 0x00, 0x00, 0x00, 0x00, 0x00, 0x00, 0x00, 0x00, 0x00, 0xbf, 0xf7, 0x9f, 0xf7, 0x9e, 0xef,
    0x9f, 0xf7, 0x9f, 0xef, 0x7e, 0xef, 0x7e, 0xe7, 0x7e, 0xe7, 0x72, 0x84, 0x61, 0x08, 0x00, 0x00,
    0x00, 0x00, 0x20, 0x00, 0x61, 0x08, 0x92, 0x8c, 0xbf, 0xf7, 0xbf, 0xf7, 0xbf, 0xf7, 0xbf, 0xf7,
    0xdf, 0xf7, 0xbf, 0xf7, 0xbf, 0xf7, 0xbf, 0xf7, 0x00, 0x00, 0x00, 0x00, 0x00, 0x00, 0x00, 0x00,
    0x00, 0x00, 0x00, 0x00, 0x00, 0x00, 0x00, 0x00, 0x00, 0x00, 0xbf, 0xf7, 0x9f, 0xf7, 0x9e, 0xef,
    0x9f, 0xf7, 0x9f, 0xef, 0x7e, 0xef, 0x7e, 0xe7, 0x7e, 0xe7, 0x72, 0x84, 0x61, 0x08, 0x00, 0x00,
    0x00, 0x00, 0x20, 0x00, 0x61, 0x08, 0x92, 0x8c, 0xbf, 0xf7, 0xbf, 0xf7, 0xbf, 0xf7, 0xbf, 0xf7,
    0xdf, 0xf7, 0xbf, 0xf7, 0xbf, 0xf7, 0x00, 0x00, 0x00, 0x00, 0x00, 0x00, 0x00, 0x00, 0x00, 0x00,
    0x00, 0x00, 0x00, 0x00, 0x00, 0x00, 0x00, 0x00, 0x00, 0x00, 0x00, 0x00, 0x9f, 0xf7, 0x9e, 0xef,
    0x9f, 0xf7, 0x9f, 0xef, 0x7e, 0xef, 0x7e, 0xe7, 0x7e, 0xe7, 0x72, 0x84, 0x61, 0x08, 0x00, 0x00,
    0x00, 0x00, 0x20, 0x00, 0x61, 0x08, 0x92, 0x8c, 0xbf, 0xf7, 0xbf, 0xf7, 0xbf, 0xf7, 0xbf, 0xf7,
    0xdf, 0xf7, 0xbf, 0xf7, 0xbf, 0xf7, 0x00, 0x00, 0x00, 0x00, 0x00, 0x00, 0x00, 0x00, 0x00, 0x00,
    0x00, 0x00, 0x00, 0x00, 0x00, 0x00, 0x00, 0x00, 0x00, 0x00, 0x00, 0x00, 0x9f, 0xf7, 0x9e, 0xef,
    0x9f, 0xf7, 0x9f, 0xef, 0x7e, 0xef, 0x7e, 0xe7, 0x7e, 0xe7, 0x72, 0x84, 0x61, 0x08, 0x00, 0x00,
    0x00, 0x00, 0x20, 0x00, 0x61, 0x08, 0x92, 0x8c, 0xbf, 0xf7, 0xbf, 0xf7, 0xbf, 0xf7, 0xbf, 0xf7,
    0xdf, 0xf7, 0xbf, 0xf7, 0xbf, 0xf7, 0x00, 0x00, 0x00, 0x00, 0x00, 0x00, 0x00, 0x00, 0x00, 0x00,
    0x00, 0x00, 0x00, 0x00, 0x00, 0x00, 0x00, 0x00, 0x00, 0x00, 0x00, 0x00, 0x9f, 0xf7, 0x9e, 0xef,
    0x9f, 0xf7, 0x9f, 0xef, 0x7e, 0xef, 0x7e, 0xe7, 0x7e, 0xe7, 0x72, 0x84, 0x61, 0x08, 0x00, 0x00,
    0x00, 0x00, 0x20, 0x00, 0x61, 0x08, 0x92, 0x8c, 0xbf, 0xf7, 0xbf, 0xf7, 0xbf, 0xf7, 0xbf, 0xf7,
    0xdf, 0xf7, 0xbf, 0xf7, 0xbf, 0xf7, 0x00, 0x00, 0x00, 0x00, 0x00, 0x00, 0x00, 0x00, 0x00, 0x00,
    0x00, 0x00, 0x00, 0x00, 0x00, 0x00, 0x00, 0x00, 0x00, 0x00, 0x00, 0x00, 0x9f, 0xf7, 0x9e, 0xef,
    0x9f, 0xf7, 0x9f, 0xef, 0x7e, 0xef, 0x7e, 0xe7, 0x7e, 0xe7, 0x72, 0x84, 0x61, 0x08, 0x00, 0x00,
    0x00, 0x00, 0x20, 0x00, 0x61, 0x08, 0x92, 0x8c, 0xbf, 0xf7, 0xbf, 0xf7, 0xbf, 0xf7, 0xbf, 0xf7,
    0xdf, 0xf7, 0xbf, 0xf7, 0xbf, 0xf7, 0x00, 0x00, 0x00, 0x00, 0x00, 0x00, 0x00, 0x00, 0x00, 0x00,
    0x00, 0x00, 0x00, 0x00, 0x00, 0x00, 0x00, 0x00, 0x00, 0x00, 0xbf, 0xf7, 0x9f, 0xf7, 0x9e, 0xef,
    0x9f, 0xf7, 0x9f, 0xef, 0x7e, 0xef, 0x7e, 0xe7, 0x7e, 0xe7, 0x72, 0x84, 0x61, 0x08, 0x00, 0x00,
    0x00, 0x00, 0x20, 0x00, 0x61, 0x08, 0x92, 0x8c, 0xbf, 0xf7, 0xbf, 0xf7, 0xbf, 0xf7, 0xbf, 0xf7,
    0xdf, 0xf7, 0x00, 0x00, 0x00, 0x00, 0x00, 0x00, 0x00, 0x00, 0x00, 0x00, 0x00, 0x00, 0x00, 0x00,
    0x00, 0x00, 0x00, 0x00, 0x00, 0x00, 0xbf, 0xf7, 0xbf, 0xf7, 0xbf, 0xf7, 0x9f, 0xf7, 0x9e, 0xef,
    0x9f, 0xf7, 0x9f, 0xef, 0x7e, 0xef, 0x7e, 0xe7, 0x7e, 0xe7, 0x72, 0x84, 0x61, 0x08, 0x00, 0x00,
    0x00, 0x00, 0x20, 0x00, 0x61, 0x08, 0x92, 0x8c, 0xbf, 0xf7, 0xbf, 0xf7, 0xbf, 0xf7, 0x00, 0x00,
    0x00, 0x00, 0x00, 0x00, 0x00, 0x00, 0x00, 0x00, 0x00, 0x00, 0x00, 0x00, 0x00, 0x00, 0x00, 0x00,
    0xdf, 0xf7, 0xbf, 0xf7, 0xbf, 0xf7, 0xbf, 0xf7, 0xbf, 0xf7, 0xbf, 0xf7, 0x9f, 0xf7, 0x9e, 0xef,
    0x9f, 0xf7, 0x9f, 0xef, 0x7e, 0xef, 0x7e, 0xe7, 0x7e, 0xe7, 0x72, 0x84, 0x61, 0x08, 0x00, 0x00,
    0x00, 0x00, 0x20, 0x00, 0x61, 0x08, 0x92, 0x8c, 0xbf, 0xf7, 0x00, 0x00, 0x00, 0x00, 0x00, 0x00,
    0x00, 0x00, 0x00, 0x00, 0x00, 0x00, 0x00, 0x00, 0x00, 0x00, 0xbf, 0xf7, 0xbf, 0xf7, 0xbf, 0xf7,
    0xdf, 0xf7, 0xbf, 0xf7, 0xbf, 0xf7, 0xbf, 0xf7, 0xbf, 0xf7, 0xbf, 0xf7, 0x9f, 0xf7, 0x9e, 0xef,
    0x9f, 0xf7, 0x9f, 0xef, 0x7e, 0xef, 0x7e, 0xe7, 0x7e, 0xe7, 0x72, 0x84, 0x61, 0x08, 0x00, 0x00,
    0x00, 0x00, 0x20, 0x00, 0x61, 0x08, 0x00, 0x00, 0x00, 0x00, 0x00, 0x00, 0xbf, 0xf7, 0xbf, 0xf7,
    0xdf, 0xf7, 0x00, 0x00, 0xbf, 0xf7, 0xbf, 0xf7, 0xdf, 0xf7, 0xbf, 0xf7, 0xbf, 0xf7, 0xbf, 0xf7,
    0xdf, 0xf7, 0xbf, 0xf7, 0xbf, 0xf7, 0xbf, 0xf7, 0xbf, 0xf7, 0xbf, 0xf7, 0x9f, 0xf7, 0x9e, 0xef,
    0x9f, 0xf7, 0x9f, 0xef, 0x7e, 0xef, 0x7e, 0xe7, 0x7e, 0xe7, 0x72, 0x84, 0x61, 0x08, 0x00, 0x00,
    0x00, 0x00, 0x20, 0x00, 0x61, 0x08, 0x92, 0x8c, 0x00, 0x00, 0xbf, 0xf7, 0xbf, 0xf7, 0xbf, 0xf7,
    0x00, 0x00, 0xbf, 0xf7, 0xbf, 0xf7, 0xbf, 0xf7, 0xdf, 0xf7, 0xbf, 0xf7, 0xbf, 0xf7, 0xbf, 0xf7,
    0xdf, 0xf7, 0xbf, 0xf7, 0xbf, 0xf7, 0xbf, 0xf7, 0xbf, 0xf7, 0xbf, 0xf7, 0x9f, 0xf7, 0x9e, 0xef,
    0x9f, 0xf7, 0x9f, 0xef, 0x7e, 0xef, 0x7e, 0xe7, 0x7e, 0xe7, 0x72, 0x84, 0x61, 0x08, 0x00, 0x00,
    0x00, 0x00, 0x20, 0x00, 0x61, 0x08, 0x92, 0x8c, 0xbf, 0xf7, 0xbf, 0xf7, 0xbf, 0xf7, 0xbf, 0xf7,
    0xdf, 0xf7, 0xbf, 0xf7, 0xbf, 0xf7, 0xbf, 0xf7, 0xdf, 0xf7, 0xbf, 0xf7, 0xbf, 0xf7, 0xbf, 0xf7,
    0xdf, 0xf7, 0xbf, 0xf7, 0xbf, 0xf7, 0xbf, 0xf7, 0xbf, 0xf7, 0xbf, 0xf7, 0x9f, 0xf7, 0x9e, 0xef,
    0x9f, 0xf7, 0x9f, 0xef, 0x7e, 0xef, 0x7e, 0xe7, 0x7e, 0xe7, 0x72, 0x84, 0x61, 0x08, 0x00, 0x00,
    0x00, 0x00, 0x20, 0x00, 0x61, 0x08, 0x92, 0x8c, 0xbf, 0xf7, 0xbf, 0xf7, 0xbf, 0xf7, 0xbf, 0xf7,
    0xdf, 0xf7, 0xbf, 0xf7, 0xbf, 0xf7, 0xbf, 0xf7, 0xdf, 0xf7, 0xbf, 0xf7, 0xbf, 0xf7, 0xbf, 0xf7,
    0xdf, 0xf7, 0xbf, 0xf7, 0xbf, 0xf7, 0xbf, 0xf7, 0xbf, 0xf7, 0xbf, 0xf7, 0x9f, 0xf7, 0x9e, 0xef,
    0x9f, 0xf7, 0x9f, 0xef, 0x7e, 0xef, 0x7e, 0xe7, 0x7e, 0xe7, 0x72, 0x84, 0x61, 0x08, 0x00, 0x00,
    0x00, 0x00, 0x20, 0x00, 0x61, 0x08, 0x92, 0x8c, 0xbf, 0xf7, 0xbf, 0xf7, 0xbf, 0xf7, 0xbf, 0xf7,
    0xdf, 0xf7, 0xbf, 0xf7, 0xbf, 0xf7, 0xbf, 0xf7, 0xdf, 0xf7, 0xbf, 0xf7, 0xbf, 0xf7, 0xbf, 0xf7,
    0xdf, 0xf7, 0xbf, 0xf7, 0xbf, 0xf7, 0xbf, 0xf7, 0xbf, 0xf7, 0xbf, 0xf7, 0x9f, 0xf7, 0x9e, 0xef,
    0x9f, 0xf7, 0x9f, 0xef, 0x7e, 0xef, 0x7e, 0xe7, 0x7e, 0xe7, 0x72, 0x84, 0x61, 0x08, 0x00, 0x00,
    0x00, 0x00, 0x20, 0x00, 0x61, 0x08, 0x92, 0x8c, 0xbf, 0xf7, 0xbf, 0xf7, 0xbf, 0xf7, 0xbf, 0xf7,
    0xdf, 0xf7, 0xbf, 0xf7, 0xbf, 0xf7, 0xbf, 0xf7, 0xdf, 0xf7, 0xbf, 0xf7, 0xbf, 0xf7, 0xbf, 0xf7,
    0xdf, 0xf7, 0xbf, 0xf7, 0xbf, 0xf7, 0xbf, 0xf7, 0xbf, 0xf7, 0xbf, 0xf7, 0x9f, 0xf7, 0x9e, 0xef,
    0x9f, 0xf7, 0x9f, 0xef, 0x7e, 0xef, 0x7e, 0xe7, 0x7e, 0xe7, 0x72, 0x84, 0x61, 0x08, 0x00, 0x00,
    0x00, 0x00, 0x20, 0x00, 0x61, 0x08, 0x92, 0x8c, 0xbf, 0xf7, 0xbf, 0xf7, 0xbf, 0xf7, 0xbf, 0xf7,
    0xdf, 0xf7, 0xbf, 0xf7, 0xbf, 0xf7, 0xbf, 0xf7, 0xdf, 0xf7, 0xbf, 0xf7, 0xbf, 0xf7, 0xbf, 0xf7,
    0xdf, 0xf7, 0xbf, 0xf7, 0xbf, 0xf7, 0xbf, 0xf7, 0xbf, 0xf7, 0xbf, 0xf7, 0x9f, 0xf7, 0x9e, 0xef,
    0x9f, 0xf7, 0x9f, 0xef, 0x7e, 0xef, 0x7e, 0xe7, 0x7e, 0xe7, 0x72, 0x84, 0x61, 0x08, 0x00, 0x00,
    0x00, 0x00, 0x20, 0x00, 0x61, 0x08, 0x92, 0x8c, 0xbf, 0xf7, 0xbf, 0xf7, 0xbf, 0xf7, 0xbf, 0xf7,
    0xdf, 0xf7, 0xbf, 0xf7, 0xbf, 0xf7, 0xbf, 0xf7, 0xdf, 0xf7, 0xbf, 0xf7, 0xbf, 0xf7, 0xbf, 0xf7,
    0xdf, 0xf7, 0xbf, 0xf7, 0xbf, 0xf7, 0xbf, 0xf7, 0xbf, 0xf7, 0xbf, 0xf7, 0x9f, 0xf7, 0x9e, 0xef,
    0x9f, 0xf7, 0x9f, 0xef, 0x7e, 0xef, 0x7e, 0xe7, 0x7e, 0xe7, 0x72, 0x84, 0x61, 0x08, 0x00, 0x00,
    0x00, 0x00, 0x61, 0x08, 0x81, 0x08, 0x5d, 0xe7, 0x9e, 0xef, 0xbf, 0xf7, 0xbf, 0xf7, 0xbf, 0xf7,
    0xbf, 0xf7, 0xdf, 0xf7, 0xdf, 0xf7, 0xbf, 0xf7, 0xbf, 0xf7, 0xdf, 0xf7, 0xdf, 0xf7, 0xbf, 0xf7,
    0xbf, 0xf7, 0xdf, 0xf7, 0xbf, 0xf7, 0xbf, 0xf7, 0xbf, 0xf7, 0xbf, 0xf7, 0xbf, 0xf7, 0x9f, 0xef,
    0x9e, 0xef, 0x9f, 0xef, 0x9e, 0xef, 0x7e, 0xef, 0x5e, 0xe7, 0x1d, 0xdf, 0x81, 0x08, 0x20, 0x00,
    0x00, 0x00, 0x61, 0x08, 0x81, 0x08, 0x5d, 0xe7, 0x9e, 0xef, 0xbf, 0xf7, 0xbf, 0xf7, 0xbf, 0xf7,
    0xbf, 0xf7, 0xdf, 0xf7, 0xdf, 0xf7, 0xbf, 0xf7, 0xbf, 0xf7, 0xdf, 0xf7, 0xdf, 0xf7, 0xbf, 0xf7,
    0xbf, 0xf7, 0xdf, 0xf7, 0xbf, 0xf7, 0xbf, 0xf7, 0xbf, 0xf7, 0xbf, 0xf7, 0xbf, 0xf7, 0x9f, 0xef,
    0x9e, 0xef, 0x9f, 0xef, 0x9e, 0xef, 0x7e, 0xef, 0x5e, 0xe7, 0x1d, 0xdf, 0x81, 0x08, 0x20, 0x00,
    0x00, 0x00, 0x61, 0x08, 0x81, 0x08, 0x5d, 0xe7, 0x9e, 0xef, 0xbf, 0xf7, 0xbf, 0xf7, 0xbf, 0xf7,
    0xbf, 0xf7, 0xdf, 0xf7, 0xdf, 0xf7, 0xbf, 0xf7, 0xbf, 0xf7, 0xdf, 0xf7, 0xdf, 0xf7, 0xbf, 0xf7,
    0xbf, 0xf7, 0xdf, 0xf7, 0xbf, 0xf7, 0xbf, 0xf7, 0xbf, 0xf7, 0xbf, 0xf7, 0xbf, 0xf7, 0x9f, 0xef,
    0x9e, 0xef, 0x9f, 0xef, 0x9e, 0xef, 0x7e, 0xef, 0x5e, 0xe7, 0x1d, 0xdf, 0x81, 0x08, 0x20, 0x00,
    0x00, 0x00, 0x61, 0x08, 0x81, 0x08, 0x5d, 0xe7, 0x9e, 0xef, 0xbf, 0xf7, 0xbf, 0xf7, 0xbf, 0xf7,
    0xbf, 0xf7, 0xdf, 0xf7, 0xdf, 0xf7, 0xbf, 0xf7, 0xbf, 0xf7, 0xdf, 0xf7, 0xdf, 0xf7, 0xbf, 0xf7,
    0xbf, 0xf7, 0xdf, 0xf7, 0xbf, 0xf7, 0xbf, 0xf7, 0xbf, 0xf7, 0xbf, 0xf7, 0xbf, 0xf7, 0x9f, 0xef,
    0x9e, 0xef, 0x9f, 0xef, 0x9e, 0xef, 0x7e, 0xef, 0x5e, 0xe7, 0x1d, 0xdf, 0x81, 0x08, 0x20, 0x00,
    0x00, 0x00, 0x61, 0x08, 0x81, 0x08, 0x5d, 0xe7, 0x9e, 0xef, 0xbf, 0xf7, 0xbf, 0xf7, 0xbf, 0xf7,
    0xbf, 0xf7, 0xdf, 0xf7, 0xdf, 0xf7, 0xbf, 0xf7, 0xbf, 0xf7, 0xdf, 0xf7, 0xdf, 0xf7, 0xbf, 0xf7,
    0xbf, 0xf7, 0xdf, 0xf7, 0xbf, 0xf7, 0xbf, 0xf7, 0xbf, 0xf7, 0xbf, 0xf7, 0xbf, 0xf7, 0x9f, 0xef,
    0x9e, 0xef, 0x9f, 0xef, 0x9e, 0xef, 0x7e, 0xef, 0x5e, 0xe7, 0x1d, 0xdf, 0x81, 0x08, 0x20, 0x00,
    0x00, 0x00, 0x00, 0x00, 0x00, 0x00, 0x5d, 0xe7, 0x00, 0x00, 0x00, 0x00, 0xbf, 0xf7, 0xbf, 0xf7,
    0xbf, 0xf7, 0xdf, 0xf7, 0xdf, 0xf7, 0xbf, 0xf7, 0xbf, 0xf7, 0xdf, 0xf7, 0xdf, 0xf7, 0xbf, 0xf7,
    0xbf, 0xf7, 0xdf, 0xf7, 0xbf, 0xf7, 0xbf, 0xf7, 0xbf, 0xf7, 0xbf, 0xf7, 0xbf, 0xf7, 0x9f, 0xef,
    0x9e, 0xef, 0x9f, 0xef, 0x9e, 0xef, 0x7e, 0xef, 0x5e, 0xe7, 0x1d, 0xdf, 0x81, 0x08, 0x20, 0x00,
    0x00, 0x00, 0x61, 0x08, 0x81, 0x08, 0x5d, 0xe7, 0x9e, 0xef, 0xbf, 0xf7, 0xbf, 0xf7, 0xbf, 0xf7,
    0xbf, 0xf7, 0xdf, 0xf7, 0xdf, 0xf7, 0xbf, 0xf7, 0xbf, 0xf7, 0xdf, 0xf7, 0xdf, 0xf7, 0xbf, 0xf7,
    0xbf, 0xf7, 0xdf, 0xf7, 0xbf, 0xf7, 0xbf, 0xf7, 0xbf, 0xf7, 0xbf, 0xf7, 0xbf, 0xf7, 0x9f, 0xef,
    0x9e, 0xef, 0x9f, 0xef, 0x9e, 0xef, 0x7e, 0xef, 0x5e, 0xe7, 0x1d, 0xdf, 0x81, 0x08, 0x20, 0x00,
    0x00, 0x00, 0x61, 0x08, 0x81, 0x08, 0x5d, 0xe7, 0x9e, 0xef, 0xbf, 0xf7, 0xbf, 0xf7, 0xbf, 0xf7,
    0xbf, 0xf7, 0xdf, 0xf7, 0xdf, 0xf7, 0xbf, 0xf7, 0xbf, 0xf7, 0xdf, 0xf7, 0xdf, 0xf7, 0xbf, 0xf7,
    0xbf, 0xf7, 0xdf, 0xf7, 0xbf, 0xf7, 0xbf, 0xf7, 0xbf, 0xf7, 0xbf, 0xf7, 0xbf, 0xf7, 0x9f, 0xef,
    0x9e, 0xef, 0x9f, 0xef, 0x9e, 0xef, 0x7e, 0xef, 0x5e, 0xe7, 0x1d, 0xdf, 0x81, 0x08, 0x20, 0x00,
    0x00, 0x00, 0x61, 0x08, 0x81, 0x08, 0x5d, 0xe7, 0x9e, 0xef, 0xbf, 0xf7, 0xbf, 0xf7, 0xbf, 0xf7,
    0xbf, 0xf7, 0xdf, 0xf7, 0xdf, 0xf7, 0xbf, 0xf7, 0xbf, 0xf7, 0xdf, 0xf7, 0xdf, 0xf7, 0xbf, 0xf7,
    0xbf, 0xf7, 0xdf, 0xf7, 0xbf, 0xf7, 0xbf, 0xf7, 0xbf, 0xf7, 0xbf, 0xf7, 0xbf, 0xf7, 0x9f, 0xef,
    0x9e, 0xef, 0x9f, 0xef, 0x9e, 0xef, 0x7e, 0xef, 0x5e, 0xe7, 0x1d, 0xdf, 0x81, 0x08, 0x20, 0x00,
    0x00, 0x00, 0x61, 0x08, 0x81, 0x08, 0x5d, 0xe7, 0x9e, 0xef, 0xbf, 0xf7, 0xbf, 0xf7, 0xbf, 0xf7,
    0xbf, 0xf7, 0xdf, 0xf7, 0xdf, 0xf7, 0xbf, 0xf7, 0xbf, 0xf7, 0xdf, 0xf7, 0xdf, 0xf7, 0xbf, 0xf7,
    0xbf, 0xf7, 0xdf, 0xf7, 0xbf, 0xf7, 0xbf, 0xf7, 0xbf, 0xf7, 0xbf, 0xf7, 0xbf, 0xf7, 0x9f, 0xef,
    0x9e, 0xef, 0x9f, 0xef, 0x9e, 0xef, 0x7e, 0xef, 0x5e, 0xe7, 0x1d, 0xdf, 0x81, 0x08, 0x20, 0x00,
    0x00, 0x00, 0x61, 0x08, 0x81, 0x08, 0x5d, 0xe7, 0x9e, 0xef, 0xbf, 0xf7, 0xbf, 0xf7, 0xbf, 0xf7,
    0xbf, 0xf7, 0xdf, 0xf7, 0xdf, 0xf7, 0xbf, 0xf7, 0xbf, 0xf7, 0xdf, 0xf7, 0xdf, 0xf7, 0xbf, 0xf7,
    0xbf, 0xf7, 0xdf, 0xf7, 0xbf, 0xf7, 0xbf, 0xf7, 0xbf, 0xf7, 0xbf, 0xf7, 0xbf, 0xf7, 0x9f, 0xef,
    0x9e, 0xef, 0x9f, 0xef, 0x9e, 0xef, 0x7e, 0xef, 0x5e, 0xe7, 0x1d, 0xdf, 0x81, 0x08, 0x20, 0x00,
    0x00, 0x00, 0x61, 0x08, 0x81, 0x08, 0x5d, 0xe7, 0x9e, 0xef, 0xbf, 0xf7, 0xbf, 0xf7, 0xbf, 0xf7,
    0xbf, 0xf7, 0xdf, 0xf7, 0xdf, 0xf7, 0xbf, 0xf7, 0xbf, 0xf7, 0xdf, 0xf7, 0xdf, 0xf7, 0xbf, 0xf7,
    0xbf, 0xf7, 0xdf, 0xf7, 0xbf, 0xf7, 0xbf, 0xf7, 0xbf, 0xf7, 0xbf, 0xf7, 0xbf, 0xf7, 0x9f, 0xef,
    0x9e, 0xef, 0x9f, 0xef, 0x9e, 0xef, 0x7e, 0xef, 0x5e, 0xe7, 0x1d, 0xdf, 0x81, 0x08, 0x20, 0x00,
    0x00, 0x00, 0x61, 0x08, 0x81, 0x08, 0x5d, 0xe7, 0x9e, 0xef, 0xbf, 0xf7, 0xbf, 0xf7, 0xbf, 0xf7,
    0xbf, 0xf7, 0xdf, 0xf7, 0xdf, 0xf7, 0xbf, 0xf7, 0xbf, 0xf7, 0xdf, 0xf7, 0xdf, 0xf7, 0xbf, 0xf7,
    0xbf, 0xf7, 0xdf, 0xf7, 0xbf, 0xf7, 0xbf, 0xf7, 0xbf, 0xf7, 0xbf, 0xf7, 0xbf, 0xf7, 0x9f, 0xef,
    0x9e, 0xef, 0x9f, 0xef, 0x9e, 0xef, 0x7e, 0xef, 0x5e, 0xe7, 0x1d, 0xdf, 0x81, 0x08, 0x20, 0x00,
    0x00, 0x00, 0x61, 0x08, 0x81, 0x08, 0x5d, 0xe7, 0x9e, 0xef, 0xbf, 0xf7, 0xbf, 0xf7, 0xbf, 0xf7,
    0xbf, 0xf7, 0xdf, 0xf7, 0xdf, 0xf7, 0xbf, 0xf7, 0xbf, 0xf7, 0xdf, 0xf7, 0xdf, 0xf7, 0xbf, 0xf7,
    0xbf, 0xf7, 0xdf, 0xf7, 0xbf, 0xf7, 0xbf, 0xf7, 0xbf, 0xf7, 0xbf, 0xf7, 0xbf, 0xf7, 0x9f, 0xef,
    0x9e, 0xef, 0x9f, 0xef, 0x9e, 0xef, 0x7e, 0xef, 0x5e, 0xe7, 0x1d, 0xdf, 0x81, 0x08, 0x20, 0x00,
    0x00, 0x00, 0x61, 0x08, 0x81, 0x08, 0x5d, 0xe7, 0x9e, 0xef, 0xbf, 0xf7, 0xbf, 0xf7, 0xbf, 0xf7,
    0xbf, 0xf7, 0xdf, 0xf7, 0xdf, 0xf7, 0xbf, 0xf7, 0xbf, 0xf7, 0xdf, 0xf7, 0xdf, 0xf7, 0xbf, 0xf7,
    0xbf, 0xf7, 0xdf, 0xf7, 0xbf, 0xf7, 0xbf, 0xf7, 0xbf, 0xf7, 0xbf, 0xf7, 0xbf, 0xf7, 0x9f, 0xef,
    0x9e, 0xef, 0x9f, 0xef, 0x9e, 0xef, 0x7e, 0xef, 0x5e, 0xe7, 0x1d, 0xdf, 0x81, 0x08, 0x20, 0x00,
    0x00, 0x00, 0x61, 0x08, 0x81, 0x08, 0x5d, 0xe7, 0x9e, 0xef, 0xbf, 0xf7, 0xbf, 0xf7, 0xbf, 0xf7,
    0xbf, 0xf7, 0xdf, 0xf7, 0xdf, 0xf7, 0xbf, 0xf7, 0xbf, 0xf7, 0xdf, 0xf7, 0xdf, 0xf7, 0xbf, 0xf7,
    0xbf, 0xf7, 0xdf, 0xf7, 0xbf, 0xf7, 0xbf, 0xf7, 0xbf, 0xf7, 0xbf, 0xf7, 0xbf, 0xf7, 0x9f, 0xef,
    0x9e, 0xef, 0x9f, 0xef, 0x9e, 0xef, 0x7e, 0xef, 0x5e, 0xe7, 0x1d, 0xdf, 0x81, 0x08, 0x20, 0x00,
    0x00, 0x00, 0x61, 0x08, 0x81, 0x08, 0x5d, 0xe7, 0x9e, 0xef, 0xbf, 0xf7, 0xbf, 0xf7, 0xbf, 0xf7,
    0xbf, 0xf7, 0xdf, 0xf7, 0xdf, 0xf7, 0xbf, 0xf7, 0xbf, 0xf7, 0xdf, 0xf7, 0xdf, 0xf7, 0xbf, 0xf7,
    0xbf, 0xf7, 0xdf, 0xf7, 0xbf, 0xf7, 0xbf, 0xf7, 0xbf, 0xf7, 0xbf, 0xf7, 0x00, 0x00, 0x9f, 0xef,
    0x9e, 0xef, 0x9f, 0xef, 0x9e, 0xef, 0x7e, 0xef, 0x5e, 0xe7, 0x1d, 0xdf, 0x81, 0x08, 0x20, 0x00,
    0x00, 0x00, 0x61, 0x08, 0x81, 0x08, 0x5d, 0xe7, 0x9e, 0xef, 0xbf, 0xf7, 0xbf, 0xf7, 0xbf, 0xf7,
    0xbf, 0xf7, 0xdf, 0xf7, 0xdf, 0xf7, 0xbf, 0xf7, 0xbf, 0xf7, 0xdf, 0xf7, 0xdf, 0xf7, 0xbf, 0xf7,
    0xbf, 0xf7, 0xdf, 0xf7, 0xbf, 0xf7, 0xbf, 0xf7, 0x00, 0x00, 0x00, 0x00, 0x00, 0x00, 0x00, 0x00,
    0x00, 0x00, 0x00, 0x00, 0x9e, 0xef, 0x7e, 0xef, 0x5e, 0xe7, 0x1d, 0xdf, 0x81, 0x08, 0x20, 0x00,
    0x00, 0x00, 0x61, 0x08, 0x81, 0x08, 0x5d, 0xe7, 0x9e, 0xef, 0xbf, 0xf7, 0xbf, 0xf7, 0xbf, 0xf7,
    0xbf, 0xf7, 0xdf, 0xf7, 0xdf, 0xf7, 0xbf, 0xf7, 0xbf, 0xf7, 0xdf, 0xf7, 0xdf, 0xf7, 0xbf, 0xf7,
    0xbf, 0xf7, 0xdf, 0xf7, 0x00, 0x00, 0x00, 0x00, 0x00, 0x00, 0x00, 0x00, 0x00, 0x00, 0x00, 0x00,
    0x00, 0x00, 0x9f, 0xef, 0x9e, 0xef, 0x7e, 0xef, 0x5e, 0xe7, 0x1d, 0xdf, 0x81, 0x08, 0x20, 0x00,
    0x00, 0x00, 0x61, 0x08, 0x81, 0x08, 0x5d, 0xe7, 0x9e, 0xef, 0xbf, 0xf7, 0xbf, 0xf7, 0xbf, 0xf7,
    0xbf, 0xf7, 0xdf, 0xf7, 0xdf, 0xf7, 0xbf, 0xf7, 0xbf, 0xf7, 0xdf, 0xf7, 0xdf, 0xf7, 0xbf, 0xf7,
    0x00, 0x00, 0x00, 0x00, 0x00, 0x00, 0x00, 0x00, 0x00, 0x00, 0x00, 0x00, 0x00, 0x00, 0x00, 0x00,
    0x9e, 0xef, 0x9f, 0xef, 0x9e, 0xef, 0x7e, 0xef, 0x5e, 0xe7, 0x1d, 0xdf, 0x81, 0x08, 0x20, 0x00,
    0x00, 0x00, 0x61, 0x08, 0x81, 0x08, 0x5d, 0xe7, 0x9e, 0xef, 0xbf, 0xf7, 0xbf, 0xf7, 0xbf, 0xf7,
    0xbf, 0xf7, 0xdf, 0xf7, 0xdf, 0xf7, 0xbf, 0xf7, 0xbf, 0xf7, 0xdf, 0xf7, 0xdf, 0xf7, 0x00, 0x00,
    0x00, 0x00, 0x00, 0x00, 0x00, 0x00, 0x00, 0x00, 0x00, 0x00, 0x00, 0x00, 0xbf, 0xf7, 0x9f, 0xef,
    0x9e, 0xef, 0x9f, 0xef, 0x9e, 0xef, 0x7e, 0xef, 0x5e, 0xe7, 0x1d, 0xdf, 0x81, 0x08, 0x20, 0x00,
    0x00, 0x00, 0x61, 0x08, 0x81, 0x08, 0x5d, 0xe7, 0x9e, 0xef, 0xbf, 0xf7, 0xbf, 0xf7, 0xbf, 0xf7,
    0xbf, 0xf7, 0xdf, 0xf7, 0xdf, 0xf7, 0xbf, 0xf7, 0xbf, 0xf7, 0x00, 0x00, 0x00, 0x00, 0x00, 0x00,
    0x00, 0x00, 0x00, 0x00, 0x00, 0x00, 0x00, 0x00, 0x00, 0x00, 0x00, 0x00, 0xbf, 0xf7, 0x9f, 0xef,
    0x9e, 0xef, 0x9f, 0xef, 0x9e, 0xef, 0x7e, 0xef, 0x5e, 0xe7, 0x1d, 0xdf, 0x81, 0x08, 0x20, 0x00,
    0x00, 0x00, 0x61, 0x08, 0x81, 0x08, 0x5d, 0xe7, 0x9e, 0xef, 0xbf, 0xf7, 0xbf, 0xf7, 0xbf, 0xf7,
    0xbf, 0xf7, 0xdf, 0xf7, 0xdf, 0xf7, 0xbf, 0xf7, 0x00, 0x00, 0x00, 0x00, 0x00, 0x00, 0x00, 0x00,
    0x00, 0x00, 0x00, 0x00, 0x00, 0x00, 0x00, 0x00, 0x00, 0x00, 0xbf, 0xf7, 0xbf, 0xf7, 0x9f, 0xef,
    0x9e, 0xef, 0x9f, 0xef, 0x9e, 0xef, 0x7e, 0xef, 0x5e, 0xe7, 0x1d, 0xdf, 0x81, 0x08, 0x20, 0x00,
    0x00, 0x00, 0x61, 0x08, 0x81, 0x08, 0x5d, 0xe7, 0x9e, 0xef, 0xbf, 0xf7, 0xbf, 0xf7, 0xbf, 0xf7,
    0xbf, 0xf7, 0xdf, 0xf7, 0xdf, 0xf7, 0x00, 0x00, 0x00, 0x00, 0x00, 0x00, 0x00, 0x00, 0x00, 0x00,
    0x00, 0x00, 0x00, 0x00, 0x00, 0x00, 0x00, 0x00, 0x00, 0x00, 0x00, 0x00, 0xbf, 0xf7, 0x9f, 0xef,
    0x9e, 0xef, 0x9f, 0xef, 0x9e, 0xef, 0x7e, 0xef, 0x5e, 0xe7, 0x1d, 0xdf, 0x81, 0x08, 0x20, 0x00,
    0x00, 0x00, 0x61, 0x08, 0x81, 0x08, 0x5d, 0xe7, 0x9e, 0xef, 0xbf, 0xf7, 0xbf, 0xf7, 0xbf, 0xf7,
    0xbf, 0xf7, 0xdf, 0xf7, 0xdf, 0xf7, 0xbf, 0xf7, 0xbf, 0xf7, 0x00, 0x00, 0x00, 0x00, 0x00, 0x00,
    0x00, 0x00, 0x00, 0x00, 0x00, 0x00, 0x00, 0x00, 0xbf, 0xf7, 0xbf, 0xf7, 0xbf, 0xf7, 0x9f, 0xef,
    0x9e, 0xef, 0x9f, 0xef, 0x9e, 0xef, 0x7e, 0xef, 0x5e, 0xe7, 0x1d, 0xdf, 0x81, 0x08, 0x20, 0x00,
    0x00, 0x00, 0x61, 0x08, 0x81, 0x08, 0x5d, 0xe7, 0x9e, 0xef, 0xbf, 0xf7, 0xbf, 0xf7, 0xbf, 0xf7,
    0xbf, 0xf7, 0xdf, 0xf7, 0xdf, 0xf7, 0x00, 0x00, 0x00, 0x00, 0x00, 0x00, 0x00, 0x00, 0x00, 0x00,
    0x00, 0x00, 0x00, 0x00, 0x00, 0x00, 0x00, 0x00, 0x00, 0x00, 0x00, 0x00, 0xbf, 0xf7, 0x9f, 0xef,
    0x9e, 0xef, 0x9f, 0xef, 0x9e, 0xef, 0x7e, 0xef, 0x5e, 0xe7, 0x1d, 0xdf, 0x81, 0x08, 0x20, 0x00,
    0x00, 0x00, 0x61, 0x08, 0x81, 0x08, 0x5d, 0xe7, 0x9e, 0xef, 0xbf, 0xf7, 0xbf, 0xf7, 0xbf, 0xf7,
    0xbf, 0xf7, 0xdf, 0xf7, 0xdf, 0xf7, 0x00, 0x00, 0x00, 0x00, 0x00, 0x00, 0x00, 0x00, 0x00, 0x00,
    0x00, 0x00, 0x00, 0x00, 0x00, 0x00, 0x00, 0x00, 0x00, 0x00, 0x00, 0x00, 0xbf, 0xf7, 0x9f, 0xef,
    0x9e, 0xef, 0x9f, 0xef, 0x9e, 0xef, 0x7e, 0xef, 0x5e, 0xe7, 0x1d, 0xdf, 0x81, 0x08, 0x20, 0x00,
    0x00, 0x00, 0x61, 0x08, 0x81, 0x08, 0x5d, 0xe7, 0x9e, 0xef, 0xbf, 0xf7, 0xbf, 0xf7, 0xbf, 0xf7,
    0xbf, 0xf7, 0xdf, 0xf7, 0xdf, 0xf7, 0x00, 0x00, 0x00, 0x00, 0x00, 0x00, 0x00, 0x00, 0x00, 0x00,
    0x00, 0x00, 0x00, 0x00, 0x00, 0x00, 0x00, 0x00, 0x00, 0x00, 0x00, 0x00, 0xbf, 0xf7, 0x9f, 0xef,
    0x9e, 0xef, 0x9f, 0xef, 0x9e, 0xef, 0x7e, 0xef, 0x5e, 0xe7, 0x1d, 0xdf, 0x81, 0x08, 0x20, 0x00,
    0x00, 0x00, 0x61, 0x08, 0x81, 0x08, 0x5d, 0xe7, 0x9e, 0xef, 0xbf, 0xf7, 0xbf, 0xf7, 0xbf, 0xf7,
    0xbf, 0xf7, 0x00, 0x00, 0x00, 0x00, 0x00, 0x00, 0xbf, 0xf7, 0x00, 0x00, 0x00, 0x00, 0x00, 0x00,
    0x00, 0x00, 0x00, 0x00, 0x00, 0x00, 0x00, 0x00, 0xbf, 0xf7, 0x00, 0x00, 0x00, 0x00, 0x00, 0x00,
    0x9e, 0xef, 0x9f, 0xef, 0x9e, 0xef, 0x7e, 0xef, 0x5e, 0xe7, 0x1d, 0xdf, 0x81, 0x08, 0x20, 0x00,
    0x00, 0x00, 0x61, 0x08, 0x81, 0x08, 0x5d, 0xe7, 0x9e, 0xef, 0xbf, 0xf7, 0xbf, 0xf7, 0xbf, 0xf7,
    0xbf, 0xf7, 0xdf, 0xf7, 0xdf, 0xf7, 0xbf, 0xf7, 0xbf, 0xf7, 0x00, 0x00, 0x00, 0x00, 0x00, 0x00,
    0x00, 0x00, 0x00, 0x00, 0x00, 0x00, 0x00, 0x00, 0xbf, 0xf7, 0xbf, 0xf7, 0xbf, 0xf7, 0x9f, 0xef,
    0x9e, 0xef, 0x9f, 0xef, 0x9e, 0xef, 0x7e, 0xef, 0x5e, 0xe7, 0x1d, 0xdf, 0x81, 0x08, 0x20, 0x00,
    0x00, 0x00, 0x61, 0x08, 0x81, 0x08, 0x5d, 0xe7, 0x9e, 0xef, 0xbf, 0xf7, 0xbf, 0xf7, 0xbf, 0xf7,
    0xbf, 0xf7, 0xdf, 0xf7, 0xdf, 0xf7, 0xbf, 0xf7, 0x00, 0x00, 0x00, 0x00, 0x00, 0x00, 0x00, 0x00,
    0x00, 0x00, 0x00, 0x00, 0x00, 0x00, 0x00, 0x00, 0x00, 0x00, 0xbf, 0xf7, 0xbf, 0xf7, 0x9f, 0xef,
    0x9e, 0xef, 0x9f, 0xef, 0x9e, 0xef, 0x7e, 0xef, 0x5e, 0xe7, 0x1d, 0xdf, 0x81, 0x08, 0x20, 0x00,
    0x00, 0x00, 0x61, 0x08, 0x81, 0x08, 0x5d, 0xe7, 0x9e, 0xef, 0xbf, 0xf7, 0xbf, 0xf7, 0xbf, 0xf7,
    0xbf, 0xf7, 0xdf, 0xf7, 0xdf, 0xf7, 0xbf, 0xf7, 0xbf, 0xf7, 0x00, 0x00, 0x00, 0x00, 0x00, 0x00,
    0x00, 0x00, 0x00, 0x00, 0x00, 0x00, 0x00, 0x00, 0xbf, 0xf7, 0xbf, 0xf7, 0xbf, 0xf7, 0x9f, 0xef,
    0x9e, 0xef, 0x9f, 0xef, 0x9e, 0xef, 0x7e, 0xef, 0x5e, 0xe7, 0x1d, 0xdf, 0x81, 0x08, 0x20, 0x00,
    0x00, 0x00, 0x61, 0x08, 0x81, 0x08, 0x5d, 0xe7, 0x9e, 0xef, 0xbf, 0xf7, 0xbf, 0xf7, 0xbf, 0xf7,
    0xbf, 0xf7, 0xdf, 0xf7, 0xdf, 0xf7, 0x00, 0x00, 0x00, 0x00, 0x00, 0x00, 0x00, 0x00, 0x00, 0x00,
    0x00, 0x00, 0x00, 0x00, 0x00, 0x00, 0x00, 0x00, 0x00, 0x00, 0x00, 0x00, 0xbf, 0xf7, 0x9f, 0xef,
    0x9e, 0xef, 0x9f, 0xef, 0x9e, 0xef, 0x7e, 0xef, 0x5e, 0xe7, 0x1d, 0xdf, 0x81, 0x08, 0x20, 0x00,
    0x00, 0x00, 0x61, 0x08, 0x81, 0x08, 0x5d, 0xe7, 0x9e, 0xef, 0xbf, 0xf7, 0xbf, 0xf7, 0xbf, 0xf7,
    0xbf, 0xf7, 0xdf, 0xf7, 0xdf, 0xf7, 0x00, 0x00, 0x00, 0x00, 0x00, 0x00, 0x00, 0x00, 0x00, 0x00,
    0x00, 0x00, 0x00, 0x00, 0x00, 0x00, 0x00, 0x00, 0x00, 0x00, 0x00, 0x00, 0xbf, 0xf7, 0x9f, 0xef,
    0x9e, 0xef, 0x9f, 0xef, 0x9e, 0xef, 0x7e, 0xef, 0x5e, 0xe7, 0x1d, 0xdf, 0x81, 0x08, 0x20, 0x00,
    0x00, 0x00, 0x61, 0x08, 0x81, 0x08, 0x5d, 0xe7, 0x9e, 0xef, 0xbf, 0xf7, 0xbf, 0xf7, 0xbf, 0xf7,
    0xbf, 0xf7, 0xdf, 0xf7, 0xdf, 0xf7, 0x00, 0x00, 0x00, 0x00, 0x00, 0x00, 0x00, 0x00, 0x00, 0x00,
    0x00, 0x00, 0x00, 0x00, 0x00, 0x00, 0x00, 0x00, 0x00, 0x00, 0x00, 0x00, 0xbf, 0xf7, 0x9f, 0xef,
    0x9e, 0xef, 0x9f, 0xef, 0x9e, 0xef, 0x7e, 0xef, 0x5e, 0xe7, 0x1d, 0xdf, 0x81, 0x08, 0x20, 0x00,
    0x00, 0x00, 0x61, 0x08, 0x81, 0x08, 0x5d, 0xe7, 0x9e, 0xef, 0xbf, 0xf7, 0xbf, 0xf7, 0xbf, 0xf7,
    0xbf, 0xf7, 0x00, 0x00, 0x00, 0x00, 0x00, 0x00, 0xbf, 0xf7, 0x00, 0x00, 0x00, 0x00, 0x00, 0x00,
    0x00, 0x00, 0x00, 0x00, 0x00, 0x00, 0x00, 0x00, 0xbf, 0xf7, 0x00, 0x00, 0x00, 0x00, 0x00, 0x00,
    0x9e, 0xef, 0x9f, 0xef, 0x9e, 0xef, 0x7e, 0xef, 0x5e, 0xe7, 0x1d, 0xdf, 0x81, 0x08, 0x20, 0x00,
    0x00, 0x00, 0x61, 0x08, 0x81, 0x08, 0x5d, 0xe7, 0x9e, 0xef, 0xbf, 0xf7, 0xbf, 0xf7, 0xbf, 0xf7,
    0xbf, 0xf7, 0xdf, 0xf7, 0xdf, 0xf7, 0xbf, 0xf7, 0xbf, 0xf7, 0x00, 0x00, 0x00, 0x00, 0x00, 0x00,
    0x00, 0x00, 0x00, 0x00, 0x00, 0x00, 0x00, 0x00, 0xbf, 0xf7, 0xbf, 0xf7, 0xbf, 0xf7, 0x9f, 0xef,
    0x9e, 0xef, 0x9f, 0xef, 0x9e, 0xef, 0x7e, 0xef, 0x5e, 0xe7, 0x1d, 0xdf, 0x81, 0x08, 0x20, 0x00,
    0x00, 0x00, 0x61, 0x08, 0x81, 0x08, 0x5d, 0xe7, 0x9e, 0xef, 0xbf, 0xf7, 0xbf, 0xf7, 0xbf, 0xf7,
    0xbf, 0xf7, 0xdf, 0xf7, 0xdf, 0xf7, 0xbf, 0xf7, 0x00, 0x00, 0x00, 0x00, 0x00, 0x00, 0x00, 0x00,
    0x00, 0x00, 0x00, 0x00, 0x00, 0x00, 0x00, 0x00, 0x00, 0x00, 0xbf, 0xf7, 0xbf, 0xf7, 0x9f, 0xef,
    0x9e, 0xef, 0x9f, 0xef, 0x9e, 0xef, 0x7e, 0xef, 0x5e, 0xe7, 0x1d, 0xdf, 0x81, 0x08, 0x20, 0x00,
    0x00, 0x00, 0x61, 0x08, 0x81, 0x08, 0x5d, 0xe7, 0x9e, 0xef, 0xbf, 0xf7, 0xbf, 0xf7, 0xbf, 0xf7,
    0xbf, 0xf7, 0xdf, 0xf7, 0xdf, 0xf7, 0xbf, 0xf7, 0xbf, 0xf7, 0x00, 0x00, 0x00, 0x00, 0x00, 0x00,
    0x00, 0x00, 0x00, 0x00, 0x00, 0x00, 0xbf, 0xf7, 0xbf, 0xf7, 0xbf, 0xf7, 0xbf, 0xf7, 0x9f, 0xef,
    0x9e, 0xef, 0x9f, 0xef, 0x9e, 0xef, 0x7e, 0xef, 0x5e, 0xe7, 0x1d, 0xdf, 0x81, 0x08, 0x20, 0x00,
    0x00, 0x00, 0x61, 0x08, 0x81, 0x08, 0x5d, 0xe7, 0x9e, 0xef, 0xbf, 0xf7, 0xbf, 0xf7, 0xbf, 0xf7,
    0xbf, 0xf7, 0xdf, 0xf7, 0xdf, 0xf7, 0x00, 0x00, 0x00, 0x00, 0x00, 0x00, 0x00, 0x00, 0x00, 0x00,
    0x00, 0x00, 0xdf, 0xf7, 0xbf, 0xf7, 0xbf, 0xf7, 0xbf, 0xf7, 0xbf, 0xf7, 0xbf, 0xf7, 0x9f, 0xef,
    0x9e, 0xef, 0x9f, 0xef, 0x9e, 0xef, 0x7e, 0xef, 0x5e, 0xe7, 0x1d, 0xdf, 0x81, 0x08, 0x20, 0x00,
    0x00, 0x00, 0x61, 0x08, 0x81, 0x08, 0x5d, 0xe7, 0x9e, 0xef, 0xbf, 0xf7, 0x00, 0x00, 0xbf, 0xf7,
    0x00, 0x00, 0x00, 0x00, 0x00, 0x00, 0x00, 0x00, 0x00, 0x00, 0x00, 0x00, 0x00, 0x00, 0xbf, 0xf7,
    0x00, 0x00, 0xdf, 0xf7, 0xbf, 0xf7, 0xbf, 0xf7, 0xbf, 0xf7, 0xbf, 0xf7, 0xbf, 0xf7, 0x9f, 0xef,
    0x9e, 0xef, 0x9f, 0xef, 0x9e, 0xef, 0x7e, 0xef, 0x5e, 0xe7, 0x1d, 0xdf, 0x81, 0x08, 0x20, 0x00,
    0x00, 0x00, 0x61, 0x08, 0x81, 0x08, 0x5d, 0xe7, 0x9e, 0xef, 0xbf, 0xf7, 0xbf, 0xf7, 0x00, 0x00,
    0x00, 0x00, 0x00, 0x00, 0x00, 0x00, 0xbf, 0xf7, 0xbf, 0xf7, 0xdf, 0xf7, 0xdf, 0xf7, 0xbf, 0xf7,
    0xbf, 0xf7, 0xdf, 0xf7, 0xbf, 0xf7, 0xbf, 0xf7, 0xbf, 0xf7, 0xbf, 0xf7, 0xbf, 0xf7, 0x9f, 0xef,
    0x9e, 0xef, 0x9f, 0xef, 0x9e, 0xef, 0x7e, 0xef, 0x5e, 0xe7, 0x1d, 0xdf, 0x81, 0x08, 0x20, 0x00,
    0x00, 0x00, 0x61, 0x08, 0x81, 0x08, 0x5d, 0xe7, 0x00, 0x00, 0x00, 0x00, 0x00, 0x00, 0x00, 0x00,
    0x00, 0x00, 0x00, 0x00, 0xdf, 0xf7, 0xbf, 0xf7, 0xbf, 0xf7, 0xdf, 0xf7, 0xdf, 0xf7, 0xbf, 0xf7,
    0xbf, 0xf7, 0xdf, 0xf7, 0xbf, 0xf7, 0xbf, 0xf7, 0xbf, 0xf7, 0xbf, 0xf7, 0xbf, 0xf7, 0x9f, 0xef,
    0x9e, 0xef, 0x9f, 0xef, 0x9e, 0xef, 0x7e, 0xef, 0x5e, 0xe7, 0x1d, 0xdf, 0x81, 0x08, 0x20, 0x00,
    0x00, 0x00, 0x61, 0x08, 0x81, 0x08, 0x5d, 0xe7, 0x00, 0x00, 0xbf, 0xf7, 0xbf, 0xf7, 0xbf, 0xf7,
    0x00, 0x00, 0xdf, 0xf7, 0xdf, 0xf7, 0xbf, 0xf7, 0xbf, 0xf7, 0xdf, 0xf7, 0xdf, 0xf7, 0xbf, 0xf7,
    0xbf, 0xf7, 0xdf, 0xf7, 0xbf, 0xf7, 0xbf, 0xf7, 0xbf, 0xf7, 0xbf, 0xf7, 0xbf, 0xf7, 0x9f, 0xef,
    0x9e, 0xef, 0x9f, 0xef, 0x9e, 0xef, 0x7e, 0xef, 0x5e, 0xe7, 0x1d, 0xdf, 0x81, 0x08, 0x20, 0x00,
    0x00, 0x00, 0x61, 0x08, 0x81, 0x08, 0x5d, 0xe7, 0x9e, 0xef, 0xbf, 0xf7, 0x00, 0x00, 0xbf, 0xf7,
    0xbf, 0xf7, 0xdf, 0xf7, 0x00, 0x00, 0xbf, 0xf7, 0xbf, 0xf7, 0xdf, 0xf7, 0xdf, 0xf7, 0xbf, 0xf7,
    0xbf, 0xf7, 0xdf, 0xf7, 0xbf, 0xf7, 0xbf, 0xf7, 0xbf, 0xf7, 0xbf, 0xf7, 0xbf, 0xf7, 0x9f, 0xef,
    0x9e, 0xef, 0x9f, 0xef, 0x9e, 0xef, 0x7e, 0xef, 0x5e, 0xe7, 0x1d, 0xdf, 0x81, 0x08, 0x20, 0x00,
    0x00, 0x00, 0x61, 0x08, 0x81, 0x08, 0x5d, 0xe7, 0x9e, 0xef, 0xbf, 0xf7, 0xbf, 0xf7, 0xbf, 0xf7,
    0xbf, 0xf7, 0xdf, 0xf7, 0xdf, 0xf7, 0xbf, 0xf7, 0xbf, 0xf7, 0xdf, 0xf7, 0xdf, 0xf7, 0xbf, 0xf7,
    0xbf, 0xf7, 0xdf, 0xf7, 0xbf, 0xf7, 0xbf, 0xf7, 0xbf, 0xf7, 0xbf, 0xf7, 0xbf, 0xf7, 0x9f, 0xef,
    0x9e, 0xef, 0x9f, 0xef, 0x9e, 0xef, 0x7e, 0xef, 0x5e, 0xe7, 0x1d, 0xdf, 0x81, 0x08, 0x20, 0x00,
    0x00, 0x00, 0x61, 0x08, 0x81, 0x08, 0x5d, 0xe7, 0x9e, 0xef, 0xbf, 0xf7, 0xbf, 0xf7, 0xbf, 0xf7,
    0xbf, 0xf7, 0xdf, 0xf7, 0xdf, 0xf7, 0xbf, 0xf7, 0xbf, 0xf7, 0xdf, 0xf7, 0xdf, 0xf7, 0xbf, 0xf7,
    0xbf, 0xf7, 0xdf, 0xf7, 0xbf, 0xf7, 0xbf, 0xf7, 0xbf, 0xf7, 0xbf, 0xf7, 0xbf, 0xf7, 0x9f, 0xef,
    0x9e, 0xef, 0x9f, 0xef, 0x9e, 0xef, 0x7e, 0xef, 0x5e, 0xe7, 0x1d, 0xdf, 0x81, 0x08, 0x20, 0x00,
    0x00, 0x00, 0x61, 0x08, 0x81, 0x08, 0x5d, 0xe7, 0x9e, 0xef, 0xbf, 0xf7, 0xbf, 0xf7, 0xbf, 0xf7,
    0xbf, 0xf7, 0xdf, 0xf7, 0xdf, 0xf7, 0xbf, 0xf7, 0xbf, 0xf7, 0xdf, 0xf7, 0xdf, 0xf7, 0xbf, 0xf7,
    0xbf, 0xf7, 0xdf, 0xf7, 0xbf, 0xf7, 0xbf, 0xf7, 0xbf, 0xf7, 0xbf, 0xf7, 0xbf, 0xf7, 0x9f, 0xef,
    0x9e, 0xef, 0x9f, 0xef, 0x9e, 0xef, 0x7e, 0xef, 0x5e, 0xe7, 0x1d, 0xdf, 0x81, 0x08, 0x20, 0x00,
    0x00, 0x00, 0x61, 0x08, 0x81, 0x08, 0x5d, 0xe7, 0x9e, 0xef, 0xbf, 0xf7, 0xbf, 0xf7, 0xbf, 0xf7,
    0xbf, 0xf7, 0xdf, 0xf7, 0xdf, 0xf7, 0xbf, 0xf7, 0xbf, 0xf7, 0xdf, 0xf7, 0xdf, 0xf7, 0xbf, 0xf7,
    0xbf, 0xf7, 0xdf, 0xf7, 0xbf, 0xf7, 0xbf, 0xf7, 0xbf, 0xf7, 0xbf, 0xf7, 0xbf, 0xf7, 0x9f, 0xef,
    0x9e, 0xef, 0x9f, 0xef, 0x9e, 0xef, 0x7e, 0xef, 0x5e, 0xe7, 0x1d, 0xdf, 0x81, 0x08, 0x20, 0x00,
    0x00, 0x00, 0x61, 0x08, 0x81, 0x08, 0x5d, 0xe7, 0x9e, 0xef, 0xbf, 0xf7, 0xbf, 0xf7, 0xbf, 0xf7,
    0xbf, 0xf7, 0xdf, 0xf7, 0xdf, 0xf7, 0xbf, 0xf7, 0xbf, 0xf7, 0xdf, 0xf7, 0xdf, 0xf7, 0xbf, 0xf7,
    0xbf, 0xf7, 0xdf, 0xf7, 0xbf, 0xf7, 0xbf, 0xf7, 0xbf, 0xf7, 0xbf, 0xf7, 0xbf, 0xf7, 0x9f, 0xef,
    0x9e, 0xef, 0x9f, 0xef, 0x9e, 0xef, 0x7e, 0xef, 0x5e, 0xe7, 0x1d, 0xdf, 0x81, 0x08, 0x20, 0x00,
    0x00, 0x00, 0x20, 0x00, 0xe3, 0x10, 0x9f, 0xef, 0x9f, 0xef, 0x9f, 0xef, 0xbf, 0xf7, 0xbf, 0xf7,
    0xbf, 0xf7, 0xbf, 0xf7, 0xdf, 0xf7, 0xbf, 0xf7, 0xbf, 0xf7, 0xbf, 0xf7, 0xdf, 0xf7, 0xdf, 0xf7,
    0xbf, 0xf7, 0xbf, 0xf7, 0xdf, 0xf7, 0xbf, 0xf7, 0xbf, 0xf7, 0x9f, 0xf7, 0xbf, 0xf7, 0xbf, 0xf7,
    0x9e, 0xef, 0x9e, 0xef, 0x9e, 0xef, 0x7e, 0xef, 0x5e, 0xe7, 0x5e, 0xe7, 0xe3, 0x10, 0x61, 0x08,
    0x00, 0x00, 0x20, 0x00, 0xe3, 0x10, 0x9f, 0xef, 0x9f, 0xef, 0x9f, 0xef, 0xbf, 0xf7, 0xbf, 0xf7,
    0xbf, 0xf7, 0xbf, 0xf7, 0xdf, 0xf7, 0xbf, 0xf7, 0xbf, 0xf7, 0xbf, 0xf7, 0xdf, 0xf7, 0xdf, 0xf7,
    0xbf, 0xf7, 0xbf, 0xf7, 0xdf, 0xf7, 0xbf, 0xf7, 0xbf, 0xf7, 0x9f, 0xf7, 0xbf, 0xf7, 0xbf, 0xf7,
    0x9e, 0xef, 0x9e, 0xef, 0x9e, 0xef, 0x7e, 0xef, 0x5e, 0xe7, 0x5e, 0xe7, 0xe3, 0x10, 0x61, 0x08,
    0x00, 0x00, 0x20, 0x00, 0xe3, 0x10, 0x9f, 0xef, 0x9f, 0xef, 0x9f, 0xef, 0xbf, 0xf7, 0xbf, 0xf7,
    0xbf, 0xf7, 0xbf, 0xf7, 0xdf, 0xf7, 0xbf, 0xf7, 0xbf, 0xf7, 0xbf, 0xf7, 0xdf, 0xf7, 0xdf, 0xf7,
    0xbf, 0xf7, 0xbf, 0xf7, 0xdf, 0xf7, 0xbf, 0xf7, 0xbf, 0xf7, 0x9f, 0xf7, 0xbf, 0xf7, 0xbf, 0xf7,
    0x9e, 0xef, 0x9e, 0xef, 0x9e, 0xef, 0x7e, 0xef, 0x5e, 0xe7, 0x5e, 0xe7, 0xe3, 0x10, 0x61, 0x08,
    0x00, 0x00, 0x20, 0x00, 0xe3, 0x10, 0x9f, 0xef, 0x9f, 0xef, 0x9f, 0xef, 0xbf, 0xf7, 0xbf, 0xf7,
    0xbf, 0xf7, 0xbf, 0xf7, 0xdf, 0xf7, 0xbf, 0xf7, 0xbf, 0xf7, 0xbf, 0xf7, 0xdf, 0xf7, 0xdf, 0xf7,
    0xbf, 0xf7, 0xbf, 0xf7, 0xdf, 0xf7, 0xbf, 0xf7, 0xbf, 0xf7, 0x9f, 0xf7, 0xbf, 0xf7, 0xbf, 0xf7,
    0x9e, 0xef, 0x9e, 0xef, 0x9e, 0xef, 0x7e, 0xef, 0x5e, 0xe7, 0x5e, 0xe7, 0xe3, 0x10, 0x61, 0x08,
    0x00, 0x00, 0x20, 0x00, 0xe3, 0x10, 0x9f, 0xef, 0x9f, 0xef, 0x9f, 0xef, 0xbf, 0xf7, 0xbf, 0xf7,
    0xbf, 0xf7, 0xbf, 0xf7, 0xdf, 0xf7, 0xbf, 0xf7, 0xbf, 0xf7, 0xbf, 0xf7, 0xdf, 0xf7, 0xdf, 0xf7,
    0xbf, 0xf7, 0xbf, 0xf7, 0xdf, 0xf7, 0xbf, 0xf7, 0xbf, 0xf7, 0x9f, 0xf7, 0xbf, 0xf7, 0xbf, 0xf7,
    0x9e, 0xef, 0x9e, 0xef, 0x9e, 0xef, 0x7e, 0xef, 0x5e, 0xe7, 0x5e, 0xe7, 0xe3, 0x10, 0x61, 0x08,
    0x00, 0x00, 0x00, 0x00, 0x00, 0x00, 0x9f, 0xef, 0x00, 0x00, 0x00, 0x00, 0xbf, 0xf7, 0xbf, 0xf7,
    0xbf, 0xf7, 0xbf, 0xf7, 0xdf, 0xf7, 0xbf, 0xf7, 0xbf, 0xf7, 0xbf, 0xf7, 0xdf, 0xf7, 0xdf, 0xf7,
    0xbf, 0xf7, 0xbf, 0xf7, 0xdf, 0xf7, 0xbf, 0xf7, 0xbf, 0xf7, 0x9f, 0xf7, 0xbf, 0xf7, 0xbf, 0xf7,
    0x9e, 0xef, 0x9e, 0xef, 0x9e, 0xef, 0x7e, 0xef, 0x5e, 0xe7, 0x5e, 0xe7, 0xe3, 0x10, 0x61, 0x08,
    0x00, 0x00, 0x20, 0x00, 0xe3, 0x10, 0x9f, 0xef, 0x9f, 0xef, 0x9f, 0xef, 0xbf, 0xf7, 0xbf, 0xf7,
    0xbf, 0xf7, 0xbf, 0xf7, 0xdf, 0xf7, 0xbf, 0xf7, 0xbf, 0xf7, 0xbf, 0xf7, 0xdf, 0xf7, 0xdf, 0xf7,
    0xbf, 0xf7, 0xbf, 0xf7, 0xdf, 0xf7, 0xbf, 0xf7, 0xbf, 0xf7, 0x9f, 0xf7, 0xbf, 0xf7, 0xbf, 0xf7,
    0x9e, 0xef, 0x9e, 0xef, 0x9e, 0xef, 0x7e, 0xef, 0x5e, 0xe7, 0x5e, 0xe7, 0xe3, 0x10, 0x61, 0x08,
    0x00, 0x00, 0x20, 0x00, 0xe3, 0x10, 0x9f, 0xef, 0x9f, 0xef, 0x9f, 0xef, 0xbf, 0xf7, 0xbf, 0xf7,
    0xbf, 0xf7, 0xbf, 0xf7, 0xdf, 0xf7, 0xbf, 0xf7, 0xbf, 0xf7, 0xbf, 0xf7, 0xdf, 0xf7, 0xdf, 0xf7,
    0xbf, 0xf7, 0xbf, 0xf7, 0xdf, 0xf7, 0xbf, 0xf7, 0xbf, 0xf7, 0x9f, 0xf7, 0xbf, 0xf7, 0xbf, 0xf7,
    0x9e, 0xef, 0x9e, 0xef, 0x9e, 0xef, 0x7e, 0xef, 0x5e, 0xe7, 0x5e, 0xe7, 0xe3, 0x10, 0x61, 0x08,
    0x00, 0x00, 0x20, 0x00, 0xe3, 0x10, 0x9f, 0xef, 0x9f, 0xef, 0x9f, 0xef, 0xbf, 0xf7, 0xbf, 0xf7,
    0xbf, 0xf7, 0xbf, 0xf7, 0xdf, 0xf7, 0xbf, 0xf7, 0xbf, 0xf7, 0xbf, 0xf7, 0xdf, 0xf7, 0xdf, 0xf7,
    0xbf, 0xf7, 0xbf, 0xf7, 0xdf, 0xf7, 0xbf, 0xf7, 0xbf, 0xf7, 0x9f, 0xf7, 0xbf, 0xf7, 0xbf, 0xf7,
    0x9e, 0xef, 0x9e, 0xef, 0x9e, 0xef, 0x7e, 0xef, 0x5e, 0xe7, 0x5e, 0xe7, 0xe3, 0x10, 0x61, 0x08,
    0x00, 0x00, 0x20, 0x00, 0xe3, 0x10, 0x9f, 0xef, 0x9f, 0xef, 0x9f, 0xef, 0xbf, 0xf7, 0xbf, 0xf7,
    0xbf, 0xf7, 0xbf, 0xf7, 0xdf, 0xf7, 0xbf, 0xf7, 0xbf, 0xf7, 0xbf, 0xf7, 0xdf, 0xf7, 0xdf, 0xf7,
    0xbf, 0xf7, 0xbf, 0xf7, 0xdf, 0xf7, 0xbf, 0xf7, 0xbf, 0xf7, 0x9f, 0xf7, 0xbf, 0xf7, 0xbf, 0xf7,
    0x9e, 0xef, 0x9e, 0xef, 0x9e, 0xef, 0x7e, 0xef, 0x5e, 0xe7, 0x5e, 0xe7, 0xe3, 0x10, 0x61, 0x08,
    0x00, 0x00, 0x20, 0x00, 0xe3, 0x10, 0x9f, 0xef, 0x9f, 0xef, 0x9f, 0xef, 0xbf, 0xf7, 0xbf, 0xf7,
    0xbf, 0xf7, 0xbf, 0xf7, 0xdf, 0xf7, 0xbf, 0xf7, 0xbf, 0xf7, 0xbf, 0xf7, 0xdf, 0xf7, 0xdf, 0xf7,
    0xbf, 0xf7, 0xbf, 0xf7, 0xdf, 0xf7, 0xbf, 0xf7, 0xbf, 0xf7, 0x9f, 0xf7, 0xbf, 0xf7, 0xbf, 0xf7,
    0x9e, 0xef, 0x9e, 0xef, 0x9e, 0xef, 0x7e, 0xef, 0x5e, 0xe7, 0x5e, 0xe7, 0xe3, 0x10, 0x61, 0x08,
    0x00, 0x00, 0x20, 0x00, 0xe3, 0x10, 0x9f, 0xef, 0x9f, 0xef, 0x9f, 0xef, 0xbf, 0xf7, 0xbf, 0xf7,
    0xbf, 0xf7, 0xbf, 0xf7, 0xdf, 0xf7, 0xbf, 0xf7, 0xbf, 0xf7, 0xbf, 0xf7, 0xdf, 0xf7, 0xdf, 0xf7,
    0xbf, 0xf7, 0xbf, 0xf7, 0xdf, 0xf7, 0xbf, 0xf7, 0xbf, 0xf7, 0x9f, 0xf7, 0xbf, 0xf7, 0xbf, 0xf7,
    0x9e, 0xef, 0x9e, 0xef, 0x9e, 0xef, 0x7e, 0xef, 0x5e, 0xe7, 0x5e, 0xe7, 0xe3, 0x10, 0x61, 0x08,
    0x00, 0x00, 0x20, 0x00, 0xe3, 0x10, 0x9f, 0xef, 0x9f, 0xef, 0x9f, 0xef, 0xbf, 0xf7, 0xbf, 0xf7,
    0xbf, 0xf7, 0xbf, 0xf7, 0xdf, 0xf7, 0xbf, 0xf7, 0xbf, 0xf7, 0xbf, 0xf7, 0xdf, 0xf7, 0xdf, 0xf7,
    0xbf, 0xf7, 0xbf, 0xf7, 0xdf, 0xf7, 0xbf, 0xf7, 0xbf, 0xf7, 0x9f, 0xf7, 0xbf, 0xf7, 0xbf, 0xf7,
    0x9e, 0xef, 0x9e, 0xef, 0x9e, 0xef, 0x7e, 0xef, 0x5e, 0xe7, 0x5e, 0xe7, 0xe3, 0x10, 0x61, 0x08,
    0x00, 0x00, 0x20, 0x00, 0xe3, 0x10, 0x9f, 0xef, 0x9f, 0xef, 0x9f, 0xef, 0xbf, 0xf7, 0xbf, 0xf7,
    0xbf, 0xf7, 0xbf, 0xf7, 0xdf, 0xf7, 0xbf, 0xf7, 0xbf, 0xf7, 0xbf, 0xf7, 0xdf, 0xf7, 0xdf, 0xf7,
    0xbf, 0xf7, 0xbf, 0xf7, 0xdf, 0xf7, 0xbf, 0xf7, 0xbf, 0xf7, 0x9f, 0xf7, 0xbf, 0xf7, 0xbf, 0xf7,
    0x9e, 0xef, 0x9e, 0xef, 0x9e, 0xef, 0x7e, 0xef, 0x5e, 0xe7, 0x5e, 0xe7, 0xe3, 0x10, 0x61, 0x08,
    0x00, 0x00, 0x20, 0x00, 0xe3, 0x10, 0x9f, 0xef, 0x9f, 0xef, 0x9f, 0xef, 0xbf, 0xf7, 0xbf, 0xf7,
    0xbf, 0xf7, 0xbf, 0xf7, 0xdf, 0xf7, 0xbf, 0xf7, 0xbf, 0xf7, 0xbf, 0xf7, 0xdf, 0xf7, 0xdf, 0xf7,
    0xbf, 0xf7, 0xbf, 0xf7, 0xdf, 0xf7, 0xbf, 0xf7, 0xbf, 0xf7, 0x9f, 0xf7, 0xbf, 0xf7, 0xbf, 0xf7,
    0x9e, 0xef, 0x9e, 0xef, 0x9e, 0xef, 0x7e, 0xef, 0x5e, 0xe7, 0x5e, 0xe7, 0xe3, 0x10, 0x61, 0x08,
    0x00, 0x00, 0x20, 0x00, 0xe3, 0x10, 0x9f, 0xef, 0x9f, 0xef, 0x9f, 0xef, 0xbf, 0xf7, 0xbf, 0xf7,
    0xbf, 0xf7, 0xbf, 0xf7, 0xdf, 0xf7, 0xbf, 0xf7, 0xbf, 0xf7, 0xbf, 0xf7, 0xdf, 0xf7, 0xdf, 0xf7,
    0xbf, 0xf7, 0xbf, 0xf7, 0xdf, 0xf7, 0x00, 0x00, 0x00, 0x00, 0x9f, 0xf7, 0xbf, 0xf7, 0xbf, 0xf7,
    0x9e, 0xef, 0x9e, 0xef, 0x9e, 0xef, 0x7e, 0xef, 0x00, 0x00, 0x00, 0x00, 0xe3, 0x10, 0x61, 0x08,
    0x00, 0x00, 0x20, 0x00, 0xe3, 0x10, 0x9f, 0xef, 0x9f, 0xef, 0x9f, 0xef, 0xbf, 0xf7, 0xbf, 0xf7,
    0xbf, 0xf7, 0xbf, 0xf7, 0xdf, 0xf7, 0xbf, 0xf7, 0xbf, 0xf7, 0xbf, 0xf7, 0xdf, 0xf7, 0xdf, 0xf7,
    0xbf, 0xf7, 0xbf, 0xf7, 0xdf, 0xf7, 0xbf, 0xf7, 0xbf, 0xf7, 0x9f, 0xf7, 0x00, 0x00, 0x00, 0x00,
    0x00, 0x00, 0x00, 0x00, 0x00, 0x00, 0x7e, 0xef, 0x5e, 0xe7, 0x5e, 0xe7, 0xe3, 0x10, 0x61, 0x08,
    0x00, 0x00, 0x20, 0x00, 0xe3, 0x10, 0x9f, 0xef, 0x9f, 0xef, 0x9f, 0xef, 0xbf, 0xf7, 0xbf, 0xf7,
    0xbf, 0xf7, 0xbf, 0xf7, 0xdf, 0xf7, 0xbf, 0xf7, 0xbf, 0xf7, 0xbf, 0xf7, 0xdf, 0xf7, 0xdf, 0xf7,
    0xbf, 0xf7, 0xbf, 0xf7, 0xdf, 0xf7, 0xbf, 0xf7, 0x00, 0x00, 0x00, 0x00, 0x00, 0x00, 0x00, 0x00,
    0x00, 0x00, 0x00, 0x00, 0x9e, 0xef, 0x7e, 0xef, 0x5e, 0xe7, 0x5e, 0xe7, 0xe3, 0x10, 0x61, 0x08,
    0x00, 0x00, 0x20, 0x00, 0xe3, 0x10, 0x9f, 0xef, 0x9f, 0xef, 0x9f, 0xef, 0xbf, 0xf7, 0xbf, 0xf7,
    0xbf, 0xf7, 0xbf, 0xf7, 0xdf, 0xf7, 0xbf, 0xf7, 0xbf, 0xf7, 0xbf, 0xf7, 0xdf, 0xf7, 0xdf, 0xf7,
    0xbf, 0xf7, 0xbf, 0xf7, 0x00, 0x00, 0x00, 0x00, 0x00, 0x00, 0x00, 0x00, 0x00, 0x00, 0x00, 0x00,
    0x00, 0x00, 0x9e, 0xef, 0x9e, 0xef, 0x7e, 0xef, 0x5e, 0xe7, 0x5e, 0xe7, 0xe3, 0x10, 0x61, 0x08,
    0x00, 0x00, 0x20, 0x00, 0xe3, 0x10, 0x9f, 0xef, 0x9f, 0xef, 0x9f, 0xef, 0xbf, 0xf7, 0xbf, 0xf7,
    0xbf, 0xf7, 0xbf, 0xf7, 0xdf, 0xf7, 0xbf, 0xf7, 0xbf, 0xf7, 0xbf, 0xf7, 0xdf, 0xf7, 0xdf, 0xf7,
    0x00, 0x00, 0x00, 0x00, 0x00, 0x00, 0x00, 0x00, 0x00, 0x00, 0x00, 0x00, 0x00, 0x00, 0x00, 0x00,
    0x00, 0x00, 0x9e, 0xef, 0x9e, 0xef, 0x7e, 0xef, 0x5e, 0xe7, 0x5e, 0xe7, 0xe3, 0x10, 0x61, 0x08,
    0x00, 0x00, 0x20, 0x00, 0xe3, 0x10, 0x9f, 0xef, 0x9f, 0xef, 0x9f, 0xef, 0xbf, 0xf7, 0xbf, 0xf7,
    0xbf, 0xf7, 0xbf, 0xf7, 0xdf, 0xf7, 0xbf, 0xf7, 0xbf, 0xf7, 0xbf, 0xf7, 0xdf, 0xf7, 0x00, 0x00,
    0x00, 0x00, 0x00, 0x00, 0x00, 0x00, 0x00, 0x00, 0x00, 0x00, 0x00, 0x00, 0xbf, 0xf7, 0xbf, 0xf7,
    0x9e, 0xef, 0x9e, 0xef, 0x9e, 0xef, 0x7e, 0xef, 0x5e, 0xe7, 0x5e, 0xe7, 0xe3, 0x10, 0x61, 0x08,
    0x00, 0x00, 0x20, 0x00, 0xe3, 0x10, 0x9f, 0xef, 0x9f, 0xef, 0x9f, 0xef, 0xbf, 0xf7, 0xbf, 0xf7,
    0xbf, 0xf7, 0xbf, 0xf7, 0xdf, 0xf7, 0xbf, 0xf7, 0xbf, 0xf7, 0xbf, 0xf7, 0xdf, 0xf7, 0x00, 0x00,
    0x00, 0x00, 0x00, 0x00, 0x00, 0x00, 0x00, 0x00, 0x00, 0x00, 0x9f, 0xf7, 0xbf, 0xf7, 0xbf, 0xf7,
    0x9e, 0xef, 0x9e, 0xef, 0x9e, 0xef, 0x7e, 0xef, 0x5e, 0xe7, 0x5e, 0xe7, 0xe3, 0x10, 0x61, 0x08,
    0x00, 0x00, 0x20, 0x00, 0xe3, 0x10, 0x9f, 0xef, 0x9f, 0xef, 0x9f, 0xef, 0xbf, 0xf7, 0xbf, 0xf7,
    0xbf, 0xf7, 0xbf, 0xf7, 0xdf, 0xf7, 0xbf, 0xf7, 0x00, 0x00, 0xbf, 0xf7, 0x00, 0x00, 0x00, 0x00,
    0x00, 0x00, 0x00, 0x00, 0x00, 0x00, 0x00, 0x00, 0x00, 0x00, 0x9f, 0xf7, 0xbf, 0xf7, 0xbf, 0xf7,
    0x9e, 0xef, 0x9e, 0xef, 0x9e, 0xef, 0x7e, 0xef, 0x5e, 0xe7, 0x5e, 0xe7, 0xe3, 0x10, 0x61, 0x08,
    0x00, 0x00, 0x20, 0x00, 0xe3, 0x10, 0x9f, 0xef, 0x9f, 0xef, 0x9f, 0xef, 0xbf, 0xf7, 0xbf, 0xf7,
    0xbf, 0xf7, 0xbf, 0xf7, 0xdf, 0xf7, 0x00, 0x00, 0x00, 0x00, 0x00, 0x00, 0x00, 0x00, 0x00, 0x00,
    0x00, 0x00, 0x00, 0x00, 0x00, 0x00, 0x00, 0x00, 0x00, 0x00, 0x00, 0x00, 0xbf, 0xf7, 0xbf, 0xf7,
    0x9e, 0xef, 0x9e, 0xef, 0x9e, 0xef, 0x7e, 0xef, 0x5e, 0xe7, 0x5e, 0xe7, 0xe3, 0x10, 0x61, 0x08,
    0x00, 0x00, 0x20, 0x00, 0xe3, 0x10, 0x9f, 0xef, 0x9f, 0xef, 0x9f, 0xef, 0xbf, 0xf7, 0xbf, 0xf7,
    0x00, 0x00, 0x00, 0x00, 0x00, 0x00, 0x00, 0x00, 0x00, 0x00, 0x00, 0x00, 0x00, 0x00, 0x00, 0x00,
    0x00, 0x00, 0x00, 0x00, 0x00, 0x00, 0x00, 0x00, 0x00, 0x00, 0x00, 0x00, 0x00, 0x00, 0x00, 0x00,
    0x00, 0x00, 0x9e, 0xef, 0x9e, 0xef, 0x7e, 0xef, 0x5e, 0xe7, 0x5e, 0xe7, 0xe3, 0x10, 0x61, 0x08,
    0x00, 0x00, 0x20, 0x00, 0xe3, 0x10, 0x9f, 0xef, 0x9f, 0xef, 0x9f, 0xef, 0xbf, 0xf7, 0xbf, 0xf7,
    0xbf, 0xf7, 0xbf, 0xf7, 0xdf, 0xf7, 0xbf, 0xf7, 0xbf, 0xf7, 0x00, 0x00, 0x00, 0x00, 0x00, 0x00,
    0x00, 0x00, 0x00, 0x00, 0x00, 0x00, 0x00, 0x00, 0xbf, 0xf7, 0x9f, 0xf7, 0xbf, 0xf7, 0xbf, 0xf7,
    0x9e, 0xef, 0x9e, 0xef, 0x9e, 0xef, 0x7e, 0xef, 0x5e, 0xe7, 0x5e, 0xe7, 0xe3, 0x10, 0x61, 0x08,
    0x00, 0x00, 0x20, 0x00, 0xe3, 0x10, 0x9f, 0xef, 0x9f, 0xef, 0x9f, 0xef, 0xbf, 0xf7, 0xbf, 0xf7,
    0xbf, 0xf7, 0xbf, 0xf7, 0xdf, 0xf7, 0x00, 0x00, 0x00, 0x00, 0x00, 0x00, 0x00, 0x00, 0x00, 0x00,
    0x00, 0x00, 0x00, 0x00, 0x00, 0x00, 0x00, 0x00, 0x00, 0x00, 0x00, 0x00, 0xbf, 0xf7, 0xbf, 0xf7,
    0x9e, 0xef, 0x9e, 0xef, 0x9e, 0xef, 0x7e, 0xef, 0x5e, 0xe7, 0x5e, 0xe7, 0xe3, 0x10, 0x61, 0x08,
    0x00, 0x00, 0x20, 0x00, 0xe3, 0x10, 0x9f, 0xef, 0x9f, 0xef, 0x9f, 0xef, 0xbf, 0xf7, 0xbf, 0xf7,
    0xbf, 0xf7, 0x00, 0x00, 0xdf, 0xf7, 0xbf, 0xf7, 0xbf, 0xf7, 0x00, 0x00, 0x00, 0x00, 0x00, 0x00,
    0x00, 0x00, 0x00, 0x00, 0x00, 0x00, 0x00, 0x00, 0xbf, 0xf7, 0x9f, 0xf7, 0xbf, 0xf7, 0x00, 0x00,
    0x9e, 0xef, 0x9e, 0xef, 0x9e, 0xef, 0x7e, 0xef, 0x5e, 0xe7, 0x5e, 0xe7, 0xe3, 0x10, 0x61, 0x08,
    0x00, 0x00, 0x20, 0x00, 0xe3, 0x10, 0x9f, 0xef, 0x9f, 0xef, 0x9f, 0xef, 0xbf, 0xf7, 0xbf, 0xf7,
    0x00, 0x00, 0x00, 0x00, 0x00, 0x00, 0x00, 0x00, 0x00, 0x00, 0x00, 0x00, 0x00, 0x00, 0x00, 0x00,
    0x00, 0x00, 0x00, 0x00, 0x00, 0x00, 0x00, 0x00, 0x00, 0x00, 0x00, 0x00, 0x00, 0x00, 0x00, 0x00,
    0x00, 0x00, 0x9e, 0xef, 0x9e, 0xef, 0x7e, 0xef, 0x5e, 0xe7, 0x5e, 0xe7, 0xe3, 0x10, 0x61, 0x08,
    0x00, 0x00, 0x20, 0x00, 0xe3, 0x10, 0x9f, 0xef, 0x9f, 0xef, 0x9f, 0xef, 0xbf, 0xf7, 0xbf, 0xf7,
    0xbf, 0xf7, 0xbf, 0xf7, 0xdf, 0xf7, 0xbf, 0xf7, 0xbf, 0xf7, 0x00, 0x00, 0x00, 0x00, 0x00, 0x00,
    0x00, 0x00, 0x00, 0x00, 0x00, 0x00, 0x00, 0x00, 0xbf, 0xf7, 0x9f, 0xf7, 0xbf, 0xf7, 0xbf, 0xf7,
    0x9e, 0xef, 0x9e, 0xef, 0x9e, 0xef, 0x7e, 0xef, 0x5e, 0xe7, 0x5e, 0xe7, 0xe3, 0x10, 0x61, 0x08,
    0x00, 0x00, 0x20, 0x00, 0xe3, 0x10, 0x9f, 0xef, 0x9f, 0xef, 0x9f, 0xef, 0xbf, 0xf7, 0xbf, 0xf7,
    0xbf, 0xf7, 0xbf, 0xf7, 0xdf, 0xf7, 0xbf, 0xf7, 0xbf, 0xf7, 0x00, 0x00, 0x00, 0x00, 0x00, 0x00,
    0x00, 0x00, 0x00, 0x00, 0x00, 0x00, 0x00, 0x00, 0xbf, 0xf7, 0x9f, 0xf7, 0xbf, 0xf7, 0xbf, 0xf7,
    0x9e, 0xef, 0x9e, 0xef, 0x9e, 0xef, 0x7e, 0xef, 0x5e, 0xe7, 0x5e, 0xe7, 0xe3, 0x10, 0x61, 0x08,
    0x00, 0x00, 0x20, 0x00, 0xe3, 0x10, 0x9f, 0xef, 0x9f, 0xef, 0x9f, 0xef, 0xbf, 0xf7, 0xbf, 0xf7,
    0x00, 0x00, 0x00, 0x00, 0x00, 0x00, 0x00, 0x00, 0x00, 0x00, 0x00, 0x00, 0x00, 0x00, 0x00, 0x00,
    0x00, 0x00, 0x00, 0x00, 0x00, 0x00, 0x00, 0x00, 0x00, 0x00, 0x00, 0x00, 0x00, 0x00, 0x00, 0x00,
    0x00, 0x00, 0x9e, 0xef, 0x9e, 0xef, 0x7e, 0xef, 0x5e, 0xe7, 0x5e, 0xe7, 0xe3, 0x10, 0x61, 0x08,
    0x00, 0x00, 0x20, 0x00, 0xe3, 0x10, 0x9f, 0xef, 0x9f, 0xef, 0x9f, 0xef, 0xbf, 0xf7, 0xbf, 0xf7,
    0xbf, 0xf7, 0xbf, 0xf7, 0xdf, 0xf7, 0xbf, 0xf7, 0xbf, 0xf7, 0x00, 0x00, 0x00, 0x00, 0x00, 0x00,
    0x00, 0x00, 0x00, 0x00, 0x00, 0x00, 0x00, 0x00, 0xbf, 0xf7, 0x9f, 0xf7, 0xbf, 0xf7, 0xbf, 0xf7,
    0x9e, 0xef, 0x9e, 0xef, 0x9e, 0xef, 0x7e, 0xef, 0x5e, 0xe7, 0x5e, 0xe7, 0xe3, 0x10, 0x61, 0x08,
    0x00, 0x00, 0x20, 0x00, 0xe3, 0x10, 0x9f, 0xef, 0x9f, 0xef, 0x9f, 0xef, 0xbf, 0xf7, 0xbf, 0xf7,
    0xbf, 0xf7, 0xbf, 0xf7, 0xdf, 0xf7, 0x00, 0x00, 0x00, 0x00, 0x00, 0x00, 0x00, 0x00, 0x00, 0x00,
    0x00, 0x00, 0x00, 0x00, 0x00, 0x00, 0x00, 0x00, 0x00, 0x00, 0x00, 0x00, 0xbf, 0xf7, 0xbf, 0xf7,
    0x9e, 0xef, 0x9e, 0xef, 0x9e, 0xef, 0x7e, 0xef, 0x5e, 0xe7, 0x5e, 0xe7, 0xe3, 0x10, 0x61, 0x08,
    0x00, 0x00, 0x20, 0x00, 0xe3, 0x10, 0x9f, 0xef, 0x9f, 0xef, 0x9f, 0xef, 0xbf, 0xf7, 0xbf, 0xf7,
    0xbf, 0xf7, 0x00, 0x00, 0xdf, 0xf7, 0xbf, 0xf7, 0xbf, 0xf7, 0x00, 0x00, 0x00, 0x00, 0x00, 0x00,
    0x00, 0x00, 0x00, 0x00, 0x00, 0x00, 0x00, 0x00, 0xbf, 0xf7, 0x9f, 0xf7, 0xbf, 0xf7, 0x00, 0x00,
    0x9e, 0xef, 0x9e, 0xef, 0x9e, 0xef, 0x7e, 0xef, 0x5e, 0xe7, 0x5e, 0xe7, 0xe3, 0x10, 0x61, 0x08,
    0x00, 0x00, 0x20, 0x00, 0xe3, 0x10, 0x9f, 0xef, 0x9f, 0xef, 0x9f, 0xef, 0xbf, 0xf7, 0xbf, 0xf7,
    0x00, 0x00, 0x00, 0x00, 0x00, 0x00, 0x00, 0x00, 0x00, 0x00, 0x00, 0x00, 0x00, 0x00, 0x00, 0x00,
    0x00, 0x00, 0x00, 0x00, 0x00, 0x00, 0x00, 0x00, 0x00, 0x00, 0x00, 0x00, 0x00, 0x00, 0x00, 0x00,
    0x00, 0x00, 0x9e, 0xef, 0x9e, 0xef, 0x7e, 0xef, 0x5e, 0xe7, 0x5e, 0xe7, 0xe3, 0x10, 0x61, 0x08,
    0x00, 0x00, 0x20, 0x00, 0xe3, 0x10, 0x9f, 0xef, 0x9f, 0xef, 0x9f, 0xef, 0xbf, 0xf7, 0xbf, 0xf7,
    0xbf, 0xf7, 0xbf, 0xf7, 0xdf, 0xf7, 0xbf, 0xf7, 0xbf, 0xf7, 0x00, 0x00, 0x00, 0x00, 0x00, 0x00,
    0x00, 0x00, 0x00, 0x00, 0x00, 0x00, 0x00, 0x00, 0xbf, 0xf7, 0x9f, 0xf7, 0xbf, 0xf7, 0xbf, 0xf7,
    0x9e, 0xef, 0x9e, 0xef, 0x9e, 0xef, 0x7e, 0xef, 0x5e, 0xe7, 0x5e, 0xe7, 0xe3, 0x10, 0x61, 0x08,
    0x00, 0x00, 0x20, 0x00, 0xe3, 0x10, 0x9f, 0xef, 0x9f, 0xef, 0x9f, 0xef, 0xbf, 0xf7, 0xbf, 0xf7,
    0xbf, 0xf7, 0xbf, 0xf7, 0xdf, 0xf7, 0xbf, 0xf7, 0xbf, 0xf7, 0x00, 0x00, 0x00, 0x00, 0x00, 0x00,
    0x00, 0x00, 0x00, 0x00, 0x00, 0x00, 0x00, 0x00, 0xbf, 0xf7, 0x9f, 0xf7, 0xbf, 0xf7, 0xbf, 0xf7,
    0x9e, 0xef, 0x9e, 0xef, 0x9e, 0xef, 0x7e, 0xef, 0x5e, 0xe7, 0x5e, 0xe7, 0xe3, 0x10, 0x61, 0x08,
    0x00, 0x00, 0x20, 0x00, 0xe3, 0x10, 0x9f, 0xef, 0x9f, 0xef, 0x9f, 0xef, 0xbf, 0xf7, 0xbf, 0xf7,
    0xbf, 0xf7, 0x00, 0x00, 0x00, 0x00, 0x00, 0x00, 0x00, 0x00, 0x00, 0x00, 0x00, 0x00, 0x00, 0x00,
    0x00, 0x00, 0x00, 0x00, 0x00, 0x00, 0x00, 0x00, 0x00, 0x00, 0x00, 0x00, 0xbf, 0xf7, 0xbf, 0xf7,
    0x9e, 0xef, 0x9e, 0xef, 0x9e, 0xef, 0x7e, 0xef, 0x5e, 0xe7, 0x5e, 0xe7, 0xe3, 0x10, 0x61, 0x08,
    0x00, 0x00, 0x20, 0x00, 0xe3, 0x10, 0x9f, 0xef, 0x9f, 0xef, 0x9f, 0xef, 0xbf, 0xf7, 0xbf, 0xf7,
    0xbf, 0xf7, 0xbf, 0xf7, 0xdf, 0xf7, 0x00, 0x00, 0x00, 0x00, 0x00, 0x00, 0x00, 0x00, 0x00, 0x00,
    0x00, 0x00, 0xbf, 0xf7, 0xdf, 0xf7, 0xbf, 0xf7, 0xbf, 0xf7, 0x9f, 0xf7, 0xbf, 0xf7, 0xbf, 0xf7,
    0x9e, 0xef, 0x9e, 0xef, 0x9e, 0xef, 0x7e, 0xef, 0x5e, 0xe7, 0x5e, 0xe7, 0xe3, 0x10, 0x61, 0x08,
    0x00, 0x00, 0x20, 0x00, 0xe3, 0x10, 0x9f, 0xef, 0x9f, 0xef, 0x00, 0x00, 0x00, 0x00, 0xbf, 0xf7,
    0x00, 0x00, 0x00, 0x00, 0x00, 0x00, 0x00, 0x00, 0x00, 0x00, 0x00, 0x00, 0x00, 0x00, 0xdf, 0xf7,
    0x00, 0x00, 0x00, 0x00, 0xdf, 0xf7, 0xbf, 0xf7, 0xbf, 0xf7, 0x9f, 0xf7, 0xbf, 0xf7, 0xbf, 0xf7,
    0x9e, 0xef, 0x9e, 0xef, 0x9e, 0xef, 0x7e, 0xef, 0x5e, 0xe7, 0x5e, 0xe7, 0xe3, 0x10, 0x61, 0x08,
    0x00, 0x00, 0x20, 0x00, 0xe3, 0x10, 0x9f, 0xef, 0x9f, 0xef, 0x9f, 0xef, 0xbf, 0xf7, 0x00, 0x00,
    0x00, 0x00, 0x00, 0x00, 0x00, 0x00, 0xbf, 0xf7, 0xbf, 0xf7, 0xbf, 0xf7, 0xdf, 0xf7, 0xdf, 0xf7,
    0xbf, 0xf7, 0xbf, 0xf7, 0xdf, 0xf7, 0xbf, 0xf7, 0xbf, 0xf7, 0x9f, 0xf7, 0xbf, 0xf7, 0xbf, 0xf7,
    0x9e, 0xef, 0x9e, 0xef, 0x9e, 0xef, 0x7e, 0xef, 0x5e, 0xe7, 0x5e, 0xe7, 0xe3, 0x10, 0x61, 0x08,
    0x00, 0x00, 0x20, 0x00, 0xe3, 0x10, 0x9f, 0xef, 0x00, 0x00, 0x00, 0x00, 0x00, 0x00, 0x00, 0x00,
    0x00, 0x00, 0x00, 0x00, 0x00, 0x00, 0xbf, 0xf7, 0xbf, 0xf7, 0xbf, 0xf7, 0xdf, 0xf7, 0xdf, 0xf7,
    0xbf, 0xf7, 0xbf, 0xf7, 0xdf, 0xf7, 0xbf, 0xf7, 0xbf, 0xf7, 0x9f, 0xf7, 0xbf, 0xf7, 0xbf, 0xf7,
    0x9e, 0xef, 0x9e, 0xef, 0x9e, 0xef, 0x7e, 0xef, 0x5e, 0xe7, 0x5e, 0xe7, 0xe3, 0x10, 0x61, 0x08,
    0x00, 0x00, 0x20, 0x00, 0xe3, 0x10, 0x00, 0x00, 0x00, 0x00, 0x00, 0x00, 0x00, 0x00, 0x00, 0x00,
    0x00, 0x00, 0x00, 0x00, 0xdf, 0xf7, 0xbf, 0xf7, 0xbf, 0xf7, 0xbf, 0xf7, 0xdf, 0xf7, 0xdf, 0xf7,
    0xbf, 0xf7, 0xbf, 0xf7, 0xdf, 0xf7, 0xbf, 0xf7, 0xbf, 0xf7, 0x9f, 0xf7, 0xbf, 0xf7, 0xbf, 0xf7,
    0x9e, 0xef, 0x9e, 0xef, 0x9e, 0xef, 0x7e, 0xef, 0x5e, 0xe7, 0x5e, 0xe7, 0xe3, 0x10, 0x61, 0x08,
    0x00, 0x00, 0x20, 0x00, 0xe3, 0x10, 0x9f, 0xef, 0x9f, 0xef, 0x9f, 0xef, 0x00, 0x00, 0x00, 0x00,
    0x00, 0x00, 0x00, 0x00, 0x00, 0x00, 0xbf, 0xf7, 0xbf, 0xf7, 0xbf, 0xf7, 0xdf, 0xf7, 0xdf, 0xf7,
    0xbf, 0xf7, 0xbf, 0xf7, 0xdf, 0xf7, 0xbf, 0xf7, 0xbf, 0xf7, 0x9f, 0xf7, 0xbf, 0xf7, 0xbf, 0xf7,
    0x9e, 0xef, 0x9e, 0xef, 0x9e, 0xef, 0x7e, 0xef, 0x5e, 0xe7, 0x5e, 0xe7, 0xe3, 0x10, 0x61, 0x08,
    0x00, 0x00, 0x20, 0x00, 0xe3, 0x10, 0x9f, 0xef, 0x9f, 0xef, 0x9f, 0xef, 0xbf, 0xf7, 0xbf, 0xf7,
    0xbf, 0xf7, 0xbf, 0xf7, 0x00, 0x00, 0xbf, 0xf7, 0xbf, 0xf7, 0x00, 0x00, 0xdf, 0xf7, 0xdf, 0xf7,
    0xbf, 0xf7, 0xbf, 0xf7, 0xdf, 0xf7, 0xbf, 0xf7, 0xbf, 0xf7, 0x9f, 0xf7, 0xbf, 0xf7, 0xbf, 0xf7,
    0x9e, 0xef, 0x9e, 0xef, 0x9e, 0xef, 0x7e, 0xef, 0x5e, 0xe7, 0x5e, 0xe7, 0xe3, 0x10, 0x61, 0x08,
    0x00, 0x00, 0x20, 0x00, 0xe3, 0x10, 0x9f, 0xef, 0x9f, 0xef, 0x9f, 0xef, 0xbf, 0xf7, 0xbf, 0xf7,
    0xbf, 0xf7, 0xbf, 0xf7, 0xdf, 0xf7, 0xbf, 0xf7, 0xbf, 0xf7, 0xbf, 0xf7, 0xdf, 0xf7, 0xdf, 0xf7,
    0xbf, 0xf7, 0xbf, 0xf7, 0xdf, 0xf7, 0xbf, 0xf7, 0xbf, 0xf7, 0x9f, 0xf7, 0xbf, 0xf7, 0xbf, 0xf7,
    0x9e, 0xef, 0x9e, 0xef, 0x9e, 0xef, 0x7e, 0xef, 0x5e, 0xe7, 0x5e, 0xe7, 0xe3, 0x10, 0x61, 0x08,
    0x00, 0x00, 0x20, 0x00, 0xe3, 0x10, 0x9f, 0xef, 0x9f, 0xef, 0x9f, 0xef, 0xbf, 0xf7, 0xbf, 0xf7,
    0xbf, 0xf7, 0xbf, 0xf7, 0xdf, 0xf7, 0xbf, 0xf7, 0xbf, 0xf7, 0xbf, 0xf7, 0xdf, 0xf7, 0xdf, 0xf7,
    0xbf, 0xf7, 0xbf, 0xf7, 0xdf, 0xf7, 0xbf, 0xf7, 0xbf, 0xf7, 0x9f, 0xf7, 0xbf, 0xf7, 0xbf, 0xf7,
    0x9e, 0xef, 0x9e, 0xef, 0x9e, 0xef, 0x7e, 0xef, 0x5e, 0xe7, 0x5e, 0xe7, 0xe3, 0x10, 0x61, 0x08,
    0x00, 0x00, 0x20, 0x00, 0xe3, 0x10, 0x9f, 0xef, 0x9f, 0xef, 0x9f, 0xef, 0xbf, 0xf7, 0xbf, 0xf7,
    0xbf, 0xf7, 0xbf, 0xf7, 0xdf, 0xf7, 0xbf, 0xf7, 0xbf, 0xf7, 0xbf, 0xf7, 0xdf, 0xf7, 0xdf, 0xf7,
    0xbf, 0xf7, 0xbf, 0xf7, 0xdf, 0xf7, 0xbf, 0xf7, 0xbf, 0xf7, 0x9f, 0xf7, 0xbf, 0xf7, 0xbf, 0xf7,
    0x9e, 0xef, 0x9e, 0xef, 0x9e, 0xef, 0x7e, 0xef, 0x5e, 0xe7, 0x5e, 0xe7, 0xe3, 0x10, 0x61, 0x08,
    0x00, 0x00, 0x20, 0x00, 0xe3, 0x10, 0x9f, 0xef, 0x9f, 0xef, 0x9f, 0xef, 0xbf, 0xf7, 0xbf, 0xf7,
    0xbf, 0xf7, 0xbf, 0xf7, 0xdf, 0xf7, 0xbf, 0xf7, 0xbf, 0xf7, 0xbf, 0xf7, 0xdf, 0xf7, 0xdf, 0xf7,
    0xbf, 0xf7, 0xbf, 0xf7, 0xdf, 0xf7, 0xbf, 0xf7, 0xbf, 0xf7, 0x9f, 0xf7, 0xbf, 0xf7, 0xbf, 0xf7,
    0x9e, 0xef, 0x9e, 0xef, 0x9e, 0xef, 0x7e, 0xef, 0x5e, 0xe7, 0x5e, 0xe7, 0xe3, 0x10, 0x61, 0x08,
    0x20, 0x00, 0x41, 0x08, 0x28, 0x42, 0x9f, 0xef, 0x9f, 0xef, 0x9f, 0xf7, 0xbf, 0xf7, 0xdf, 0xf7,
    0xbf, 0xf7, 0xbf, 0xf7, 0xbf, 0xf7, 0xdf, 0xf7, 0xdf, 0xf7, 0xbf, 0xf7, 0xbf, 0xf7, 0xdf, 0xf7,
    0xbf, 0xf7, 0xbf, 0xf7, 0xbf, 0xf7, 0xdf, 0xf7, 0xbf, 0xf7, 0xbf, 0xf7, 0x9f, 0xef, 0xbf, 0xf7,
    0x9f, 0xef, 0x9e, 0xef, 0x7e, 0xef, 0x9e, 0xef, 0x7e, 0xef, 0x5e, 0xe7, 0x08, 0x3a, 0x61, 0x08,
    0x20, 0x00, 0x41, 0x08, 0x28, 0x42, 0x9f, 0xef, 0x9f, 0xef, 0x9f, 0xf7, 0xbf, 0xf7, 0xdf, 0xf7,
    0xbf, 0xf7, 0xbf, 0xf7, 0xbf, 0xf7, 0xdf, 0xf7, 0xdf, 0xf7, 0xbf, 0xf7, 0xbf, 0xf7, 0xdf, 0xf7,
    0xbf, 0xf7, 0xbf, 0xf7, 0xbf, 0xf7, 0xdf, 0xf7, 0xbf, 0xf7, 0xbf, 0xf7, 0x9f, 0xef, 0xbf, 0xf7,
    0x9f, 0xef, 0x9e, 0xef, 0x7e, 0xef, 0x9e, 0xef, 0x7e, 0xef, 0x5e, 0xe7, 0x08, 0x3a, 0x61, 0x08,
    0x20, 0x00, 0x41, 0x08, 0x28, 0x42, 0x9f, 0xef, 0x9f, 0xef, 0x9f, 0xf7, 0xbf, 0xf7, 0xdf, 0xf7,
    0xbf, 0xf7, 0xbf, 0xf7, 0xbf, 0xf7, 0xdf, 0xf7, 0xdf, 0xf7, 0xbf, 0xf7, 0xbf, 0xf7, 0xdf, 0xf7,
    0xbf, 0xf7, 0xbf, 0xf7, 0xbf, 0xf7, 0xdf, 0xf7, 0xbf, 0xf7, 0xbf, 0xf7, 0x9f, 0xef, 0xbf, 0xf7,
    0x9f, 0xef, 0x9e, 0xef, 0x7e, 0xef, 0x9e, 0xef, 0x7e, 0xef, 0x5e, 0xe7, 0x08, 0x3a, 0x61, 0x08,
    0x20, 0x00, 0x41, 0x08, 0x28, 0x42, 0x9f, 0xef, 0x9f, 0xef, 0x9f, 0xf7, 0xbf, 0xf7, 0xdf, 0xf7,
    0xbf, 0xf7, 0xbf, 0xf7, 0xbf, 0xf7, 0xdf, 0xf7, 0xdf, 0xf7, 0xbf, 0xf7, 0xbf, 0xf7, 0xdf, 0xf7,
    0xbf, 0xf7, 0xbf, 0xf7, 0xbf, 0xf7, 0xdf, 0xf7, 0xbf, 0xf7, 0xbf, 0xf7, 0x9f, 0xef, 0xbf, 0xf7,
    0x9f, 0xef, 0x9e, 0xef, 0x7e, 0xef, 0x9e, 0xef, 0x7e, 0xef, 0x5e, 0xe7, 0x08, 0x3a, 0x61, 0x08,
    0x00, 0x00, 0x00, 0x00, 0x28, 0x42, 0x9f, 0xef, 0x9f, 0xef, 0x9f, 0xf7, 0xbf, 0xf7, 0xdf, 0xf7,
    0xbf, 0xf7, 0xbf, 0xf7, 0xbf, 0xf7, 0xdf, 0xf7, 0xdf, 0xf7, 0xbf, 0xf7, 0xbf, 0xf7, 0xdf, 0xf7,
    0xbf, 0xf7, 0xbf, 0xf7, 0xbf, 0xf7, 0xdf, 0xf7, 0xbf, 0xf7, 0xbf, 0xf7, 0x9f, 0xef, 0xbf, 0xf7,
    0x9f, 0xef, 0x9e, 0xef, 0x7e, 0xef, 0x9e, 0xef, 0x7e, 0xef, 0x5e, 0xe7, 0x08, 0x3a, 0x61, 0x08,
    0x20, 0x00, 0x41, 0x08, 0x00, 0x00, 0x00, 0x00, 0x00, 0x00, 0x9f, 0xf7, 0xbf, 0xf7, 0xdf, 0xf7,
    0xbf, 0xf7, 0xbf, 0xf7, 0xbf, 0xf7, 0xdf, 0xf7, 0xdf, 0xf7, 0xbf, 0xf7, 0xbf, 0xf7, 0xdf, 0xf7,
    0xbf, 0xf7, 0xbf, 0xf7, 0xbf, 0xf7, 0xdf, 0xf7, 0xbf, 0xf7, 0xbf, 0xf7, 0x9f, 0xef, 0xbf, 0xf7,
    0x9f, 0xef, 0x9e, 0xef, 0x7e, 0xef, 0x9e, 0xef, 0x7e, 0xef, 0x5e, 0xe7, 0x08, 0x3a, 0x61, 0x08,
    0x20, 0x00, 0x41, 0x08, 0x28, 0x42, 0x9f, 0xef, 0x9f, 0xef, 0x00, 0x00, 0x00, 0x00, 0xdf, 0xf7,
    0x00, 0x00, 0x00, 0x00, 0xbf, 0xf7, 0xdf, 0xf7, 0xdf, 0xf7, 0xbf, 0xf7, 0xbf, 0xf7, 0xdf, 0xf7,
    0xbf, 0xf7, 0xbf, 0xf7, 0xbf, 0xf7, 0xdf, 0xf7, 0xbf, 0xf7, 0xbf, 0xf7, 0x9f, 0xef, 0xbf, 0xf7,
    0x9f, 0xef, 0x9e, 0xef, 0x7e, 0xef, 0x9e, 0xef, 0x7e, 0xef, 0x5e, 0xe7, 0x08, 0x3a, 0x61, 0x08,
    0x20, 0x00, 0x41, 0x08, 0x28, 0x42, 0x9f, 0xef, 0x9f, 0xef, 0x9f, 0xf7, 0xbf, 0xf7, 0xdf, 0xf7,
    0xbf, 0xf7, 0xbf, 0xf7, 0x00, 0x00, 0x00, 0x00, 0xdf, 0xf7, 0xbf, 0xf7, 0xbf, 0xf7, 0xdf, 0xf7,
    0xbf, 0xf7, 0xbf, 0xf7, 0xbf, 0xf7, 0xdf, 0xf7, 0xbf, 0xf7, 0xbf, 0xf7, 0x9f, 0xef, 0xbf, 0xf7,
    0x9f, 0xef, 0x9e, 0xef, 0x7e, 0xef, 0x9e, 0xef, 0x7e, 0xef, 0x5e, 0xe7, 0x08, 0x3a, 0x61, 0x08,
    0x20, 0x00, 0x41, 0x08, 0x28, 0x42, 0x9f, 0xef, 0x9f, 0xef, 0x9f, 0xf7, 0xbf, 0xf7, 0xdf, 0xf7,
    0xbf, 0xf7, 0xbf, 0xf7, 0xbf, 0xf7, 0xdf, 0xf7, 0xdf, 0xf7, 0x00, 0x00, 0xbf, 0xf7, 0x00, 0x00,
    0xbf, 0xf7, 0xbf, 0xf7, 0xbf, 0xf7, 0xdf, 0xf7, 0xbf, 0xf7, 0xbf, 0xf7, 0x9f, 0xef, 0xbf, 0xf7,
    0x9f, 0xef, 0x9e, 0xef, 0x7e, 0xef, 0x9e, 0xef, 0x7e, 0xef, 0x5e, 0xe7, 0x08, 0x3a, 0x61, 0x08,
    0x20, 0x00, 0x41, 0x08, 0x28, 0x42, 0x9f, 0xef, 0x9f, 0xef, 0x9f, 0xf7, 0xbf, 0xf7, 0xdf, 0xf7,
    0xbf, 0xf7, 0xbf, 0xf7, 0xbf, 0xf7, 0xdf, 0xf7, 0xdf, 0xf7, 0xbf, 0xf7, 0xbf, 0xf7, 0x00, 0x00,
    0xbf, 0xf7, 0x00, 0x00, 0xbf, 0xf7, 0x00, 0x00, 0xbf, 0xf7, 0x00, 0x00, 0x9f, 0xef, 0xbf, 0xf7,
    0x9f, 0xef, 0x9e, 0xef, 0x7e, 0xef, 0x9e, 0xef, 0x7e, 0xef, 0x5e, 0xe7, 0x08, 0x3a, 0x61, 0x08,
    0x20, 0x00, 0x41, 0x08, 0x28, 0x42, 0x9f, 0xef, 0x9f, 0xef, 0x9f, 0xf7, 0xbf, 0xf7, 0xdf, 0xf7,
    0xbf, 0xf7, 0xbf, 0xf7, 0xbf, 0xf7, 0xdf, 0xf7, 0xdf, 0xf7, 0xbf, 0xf7, 0xbf, 0xf7, 0xdf, 0xf7,
    0xbf, 0xf7, 0x00, 0x00, 0xbf, 0xf7, 0xdf, 0xf7, 0x00, 0x00, 0xbf, 0xf7, 0x00, 0x00, 0xbf, 0xf7,
    0x9f, 0xef, 0x00, 0x00, 0x7e, 0xef, 0x9e, 0xef, 0x7e, 0xef, 0x5e, 0xe7, 0x08, 0x3a, 0x61, 0x08,
    0x20, 0x00, 0x41, 0x08, 0x28, 0x42, 0x9f, 0xef, 0x9f, 0xef, 0x9f, 0xf7, 0xbf, 0xf7, 0xdf, 0xf7,
    0xbf, 0xf7, 0xbf, 0xf7, 0xbf, 0xf7, 0xdf, 0xf7, 0xdf, 0xf7, 0xbf, 0xf7, 0xbf, 0xf7, 0xdf, 0xf7,
    0xbf, 0xf7, 0xbf, 0xf7, 0xbf, 0xf7, 0xdf, 0xf7, 0xbf, 0xf7, 0xbf, 0xf7, 0x9f, 0xef, 0xbf, 0xf7,
    0x9f, 0xef, 0x9e, 0xef, 0x7e, 0xef, 0x9e, 0xef, 0x7e, 0xef, 0x5e, 0xe7, 0x08, 0x3a, 0x61, 0x08,
    0x20, 0x00, 0x41, 0x08, 0x28, 0x42, 0x9f, 0xef, 0x9f, 0xef, 0x9f, 0xf7, 0xbf, 0xf7, 0xdf, 0xf7,
    0xbf, 0xf7, 0xbf, 0xf7, 0xbf, 0xf7, 0xdf, 0xf7, 0xdf, 0xf7, 0xbf, 0xf7, 0xbf, 0xf7, 0xdf, 0xf7,
    0xbf, 0xf7, 0xbf, 0xf7, 0xbf, 0xf7, 0xdf, 0xf7, 0xbf, 0xf7, 0xbf, 0xf7, 0x9f, 0xef, 0xbf, 0xf7,
    0x9f, 0xef, 0x9e, 0xef, 0x7e, 0xef, 0x9e, 0xef, 0x7e, 0xef, 0x5e, 0xe7, 0x08, 0x3a, 0x61, 0x08,
    0x20, 0x00, 0x41, 0x08, 0x28, 0x42, 0x9f, 0xef, 0x9f, 0xef, 0x9f, 0xf7, 0xbf, 0xf7, 0xdf, 0xf7,
    0xbf, 0xf7, 0xbf, 0xf7, 0xbf, 0xf7, 0xdf, 0xf7, 0xdf, 0xf7, 0xbf, 0xf7, 0xbf, 0xf7, 0xdf, 0xf7,
    0xbf, 0xf7, 0xbf, 0xf7, 0xbf, 0xf7, 0xdf, 0xf7, 0xbf, 0xf7, 0xbf, 0xf7, 0x9f, 0xef, 0xbf, 0xf7,
    0x9f, 0xef, 0x9e, 0xef, 0x7e, 0xef, 0x9e, 0xef, 0x7e, 0xef, 0x5e, 0xe7, 0x08, 0x3a, 0x61, 0x08,
    0x20, 0x00, 0x41, 0x08, 0x28, 0x42, 0x9f, 0xef, 0x9f, 0xef, 0x9f, 0xf7, 0xbf, 0xf7, 0xdf, 0xf7,
    0xbf, 0xf7, 0xbf, 0xf7, 0xbf, 0xf7, 0xdf, 0xf7, 0xdf, 0xf7, 0xbf, 0xf7, 0xbf, 0xf7, 0xdf, 0xf7,
    0xbf, 0xf7, 0xbf, 0xf7, 0xbf, 0xf7, 0xdf, 0xf7, 0x00, 0x00, 0xbf, 0xf7, 0x9f, 0xef, 0xbf, 0xf7,
    0x9f, 0xef, 0x9e, 0xef, 0x7e, 0xef, 0x9e, 0xef, 0x7e, 0xef, 0x5e, 0xe7, 0x00, 0x00, 0x61, 0x08,
    0x20, 0x00, 0x41, 0x08, 0x28, 0x42, 0x9f, 0xef, 0x9f, 0xef, 0x9f, 0xf7, 0xbf, 0xf7, 0xdf, 0xf7,
    0xbf, 0xf7, 0xbf, 0xf7, 0xbf, 0xf7, 0xdf, 0xf7, 0xdf, 0xf7, 0xbf, 0xf7, 0xbf, 0xf7, 0xdf, 0xf7,
    0xbf, 0xf7, 0xbf, 0xf7, 0xbf, 0xf7, 0x00, 0x00, 0x00, 0x00, 0x00, 0x00, 0x9f, 0xef, 0x00, 0x00,
    0x9f, 0xef, 0x9e, 0xef, 0x00, 0x00, 0x00, 0x00, 0x00, 0x00, 0x00, 0x00, 0x08, 0x3a, 0x61, 0x08,
    0x20, 0x00, 0x41, 0x08, 0x28, 0x42, 0x9f, 0xef, 0x9f, 0xef, 0x9f, 0xf7, 0xbf, 0xf7, 0xdf, 0xf7,
    0xbf, 0xf7, 0xbf, 0xf7, 0xbf, 0xf7, 0xdf, 0xf7, 0xdf, 0xf7, 0xbf, 0xf7, 0xbf, 0xf7, 0xdf, 0xf7,
    0xbf, 0xf7, 0xbf, 0xf7, 0xbf, 0xf7, 0xdf, 0xf7, 0xbf, 0xf7, 0xbf, 0xf7, 0x00, 0x00, 0x00, 0x00,
    0x00, 0x00, 0x00, 0x00, 0x00, 0x00, 0x9e, 0xef, 0x7e, 0xef, 0x5e, 0xe7, 0x08, 0x3a, 0x61, 0x08,
    0x20, 0x00, 0x41, 0x08, 0x28, 0x42, 0x9f, 0xef, 0x9f, 0xef, 0x9f, 0xf7, 0xbf, 0xf7, 0xdf, 0xf7,
    0xbf, 0xf7, 0xbf, 0xf7, 0xbf, 0xf7, 0xdf, 0xf7, 0xdf, 0xf7, 0xbf, 0xf7, 0xbf, 0xf7, 0xdf, 0xf7,
    0xbf, 0xf7, 0xbf, 0xf7, 0xbf, 0xf7, 0xdf, 0xf7, 0xbf, 0xf7, 0x00, 0x00, 0x00, 0x00, 0x00, 0x00,
    0x00, 0x00, 0x9e, 0xef, 0x7e, 0xef, 0x9e, 0xef, 0x7e, 0xef, 0x5e, 0xe7, 0x08, 0x3a, 0x61, 0x08,
    0x20, 0x00, 0x41, 0x08, 0x28, 0x42, 0x9f, 0xef, 0x9f, 0xef, 0x9f, 0xf7, 0xbf, 0xf7, 0xdf, 0xf7,
    0xbf, 0xf7, 0xbf, 0xf7, 0xbf, 0xf7, 0xdf, 0xf7, 0xdf, 0xf7, 0xbf, 0xf7, 0xbf, 0xf7, 0xdf, 0xf7,
    0xbf, 0xf7, 0x00, 0x00, 0x00, 0x00, 0x00, 0x00, 0x00, 0x00, 0x00, 0x00, 0x00, 0x00, 0x00, 0x00,
    0x00, 0x00, 0x00, 0x00, 0x7e, 0xef, 0x9e, 0xef, 0x7e, 0xef, 0x5e, 0xe7, 0x08, 0x3a, 0x61, 0x08,
    0x20, 0x00, 0x41, 0x08, 0x28, 0x42, 0x9f, 0xef, 0x9f, 0xef, 0x9f, 0xf7, 0xbf, 0xf7, 0xdf, 0xf7,
    0xbf, 0xf7, 0xbf, 0xf7, 0xbf, 0xf7, 0xdf, 0xf7, 0xdf, 0xf7, 0xbf, 0xf7, 0xbf, 0xf7, 0x00, 0x00,
    0xbf, 0xf7, 0x00, 0x00, 0x00, 0x00, 0x00, 0x00, 0x00, 0x00, 0x00, 0x00, 0x00, 0x00, 0x00, 0x00,
    0x9f, 0xef, 0x00, 0x00, 0x7e, 0xef, 0x9e, 0xef, 0x7e, 0xef, 0x5e, 0xe7, 0x08, 0x3a, 0x61, 0x08,
    0x20, 0x00, 0x41, 0x08, 0x28, 0x42, 0x9f, 0xef, 0x9f, 0xef, 0x9f, 0xf7, 0xbf, 0xf7, 0xdf, 0xf7,
    0xbf, 0xf7, 0xbf, 0xf7, 0xbf, 0xf7, 0xdf, 0xf7, 0xdf, 0xf7, 0xbf, 0xf7, 0xbf, 0xf7, 0xdf, 0xf7,
    0x00, 0x00, 0x00, 0x00, 0x00, 0x00, 0x00, 0x00, 0x00, 0x00, 0xbf, 0xf7, 0x9f, 0xef, 0xbf, 0xf7,
    0x9f, 0xef, 0x9e, 0xef, 0x7e, 0xef, 0x9e, 0xef, 0x7e, 0xef, 0x5e, 0xe7, 0x08, 0x3a, 0x61, 0x08,
    0x20, 0x00, 0x41, 0x08, 0x28, 0x42, 0x9f, 0xef, 0x9f, 0xef, 0x9f, 0xf7, 0xbf, 0xf7, 0xdf, 0xf7,
    0xbf, 0xf7, 0xbf, 0xf7, 0xbf, 0xf7, 0xdf, 0xf7, 0xdf, 0xf7, 0xbf, 0xf7, 0xbf, 0xf7, 0x00, 0x00,
    0x00, 0x00, 0x00, 0x00, 0x00, 0x00, 0x00, 0x00, 0x00, 0x00, 0xbf, 0xf7, 0x9f, 0xef, 0xbf, 0xf7,
    0x9f, 0xef, 0x9e, 0xef, 0x7e, 0xef, 0x9e, 0xef, 0x7e, 0xef, 0x5e, 0xe7, 0x08, 0x3a, 0x61, 0x08,
    0x20, 0x00, 0x41, 0x08, 0x28, 0x42, 0x9f, 0xef, 0x9f, 0xef, 0x9f, 0xf7, 0xbf, 0xf7, 0xdf, 0xf7,
    0xbf, 0xf7, 0xbf, 0xf7, 0xbf, 0xf7, 0xdf, 0xf7, 0xdf, 0xf7, 0xbf, 0xf7, 0x00, 0x00, 0x00, 0x00,
    0x00, 0x00, 0x00, 0x00, 0x00, 0x00, 0x00, 0x00, 0xbf, 0xf7, 0xbf, 0xf7, 0x9f, 0xef, 0xbf, 0xf7,
    0x9f, 0xef, 0x9e, 0xef, 0x7e, 0xef, 0x9e, 0xef, 0x7e, 0xef, 0x5e, 0xe7, 0x08, 0x3a, 0x61, 0x08,
    0x20, 0x00, 0x41, 0x08, 0x28, 0x42, 0x9f, 0xef, 0x9f, 0xef, 0x9f, 0xf7, 0xbf, 0xf7, 0xdf, 0xf7,
    0xbf, 0xf7, 0xbf, 0xf7, 0xbf, 0xf7, 0xdf, 0xf7, 0xdf, 0xf7, 0x00, 0x00, 0x00, 0x00, 0x00, 0x00,
    0x00, 0x00, 0x00, 0x00, 0x00, 0x00, 0x00, 0x00, 0xbf, 0xf7, 0xbf, 0xf7, 0x9f, 0xef, 0xbf, 0xf7,
    0x9f, 0xef, 0x9e, 0xef, 0x7e, 0xef, 0x9e, 0xef, 0x7e, 0xef, 0x5e, 0xe7, 0x08, 0x3a, 0x61, 0x08,
    0x20, 0x00, 0x41, 0x08, 0x28, 0x42, 0x9f, 0xef, 0x9f, 0xef, 0x9f, 0xf7, 0xbf, 0xf7, 0x00, 0x00,
    0x00, 0x00, 0x00, 0x00, 0x00, 0x00, 0x00, 0x00, 0x00, 0x00, 0x00, 0x00, 0x00, 0x00, 0x00, 0x00,
    0x00, 0x00, 0x00, 0x00, 0x00, 0x00, 0x00, 0x00, 0x00, 0x00, 0x00, 0x00, 0x00, 0x00, 0x00, 0x00,
    0x00, 0x00, 0x00, 0x00, 0x7e, 0xef, 0x9e, 0xef, 0x7e, 0xef, 0x5e, 0xe7, 0x08, 0x3a, 0x61, 0x08,
    0x20, 0x00, 0x41, 0x08, 0x28, 0x42, 0x9f, 0xef, 0x9f, 0xef, 0x9f, 0xf7, 0xbf, 0xf7, 0xdf, 0xf7,
    0xbf, 0xf7, 0xbf, 0xf7, 0xbf, 0xf7, 0xdf, 0xf7, 0xdf, 0xf7, 0x00, 0x00, 0x00, 0x00, 0x00, 0x00,
    0x00, 0x00, 0x00, 0x00, 0x00, 0x00, 0x00, 0x00, 0xbf, 0xf7, 0xbf, 0xf7, 0x9f, 0xef, 0xbf, 0xf7,
    0x9f, 0xef, 0x9e, 0xef, 0x7e, 0xef, 0x9e, 0xef, 0x7e, 0xef, 0x5e, 0xe7, 0x08, 0x3a, 0x61, 0x08,
    0x20, 0x00, 0x41, 0x08, 0x28, 0x42, 0x9f, 0xef, 0x9f, 0xef, 0x9f, 0xf7, 0xbf, 0xf7, 0xdf, 0xf7,
    0xbf, 0xf7, 0xbf, 0xf7, 0xbf, 0xf7, 0xdf, 0xf7, 0xdf, 0xf7, 0x00, 0x00, 0x00, 0x00, 0x00, 0x00,
    0x00, 0x00, 0x00, 0x00, 0x00, 0x00, 0x00, 0x00, 0xbf, 0xf7, 0xbf, 0xf7, 0x9f, 0xef, 0xbf, 0xf7,
    0x9f, 0xef, 0x9e, 0xef, 0x7e, 0xef, 0x9e, 0xef, 0x7e, 0xef, 0x5e, 0xe7, 0x08, 0x3a, 0x61, 0x08,
    0x20, 0x00, 0x41, 0x08, 0x28, 0x42, 0x9f, 0xef, 0x9f, 0xef, 0x9f, 0xf7, 0xbf, 0xf7, 0xdf, 0xf7,
    0x00, 0x00, 0x00, 0x00, 0x00, 0x00, 0x00, 0x00, 0x00, 0x00, 0x00, 0x00, 0x00, 0x00, 0x00, 0x00,
    0x00, 0x00, 0x00, 0x00, 0x00, 0x00, 0x00, 0x00, 0x00, 0x00, 0x00, 0x00, 0x00, 0x00, 0x00, 0x00,
    0x00, 0x00, 0x9e, 0xef, 0x7e, 0xef, 0x9e, 0xef, 0x7e, 0xef, 0x5e, 0xe7, 0x08, 0x3a, 0x61, 0x08,
    0x20, 0x00, 0x41, 0x08, 0x28, 0x42, 0x9f, 0xef, 0x9f, 0xef, 0x9f, 0xf7, 0x00, 0x00, 0x00, 0x00,
    0x00, 0x00, 0xbf, 0xf7, 0x00, 0x00, 0x00, 0x00, 0x00, 0x00, 0x00, 0x00, 0x00, 0x00, 0x00, 0x00,
    0x00, 0x00, 0x00, 0x00, 0x00, 0x00, 0x00, 0x00, 0x00, 0x00, 0x00, 0x00, 0x00, 0x00, 0xbf, 0xf7,
    0x00, 0x00, 0x00, 0x00, 0x00, 0x00, 0x9e, 0xef, 0x7e, 0xef, 0x5e, 0xe7, 0x08, 0x3a, 0x61, 0x08,
    0x20, 0x00, 0x41, 0x08, 0x28, 0x42, 0x9f, 0xef, 0x9f, 0xef, 0x9f, 0xf7, 0xbf, 0xf7, 0xdf, 0xf7,
    0xbf, 0xf7, 0xbf, 0xf7, 0xbf, 0xf7, 0xdf, 0xf7, 0xdf, 0xf7, 0x00, 0x00, 0x00, 0x00, 0x00, 0x00,
    0x00, 0x00, 0x00, 0x00, 0x00, 0x00, 0x00, 0x00, 0xbf, 0xf7, 0xbf, 0xf7, 0x9f, 0xef, 0xbf, 0xf7,
    0x9f, 0xef, 0x9e, 0xef, 0x7e, 0xef, 0x9e, 0xef, 0x7e, 0xef, 0x5e, 0xe7, 0x08, 0x3a, 0x61, 0x08,
    0x20, 0x00, 0x41, 0x08, 0x28, 0x42, 0x9f, 0xef, 0x9f, 0xef, 0x9f, 0xf7, 0xbf, 0xf7, 0xdf, 0xf7,
    0xbf, 0xf7, 0xbf, 0xf7, 0xbf, 0xf7, 0xdf, 0xf7, 0xdf, 0xf7, 0x00, 0x00, 0x00, 0x00, 0x00, 0x00,
    0x00, 0x00, 0x00, 0x00, 0x00, 0x00, 0x00, 0x00, 0xbf, 0xf7, 0xbf, 0xf7, 0x9f, 0xef, 0xbf, 0xf7,
    0x9f, 0xef, 0x9e, 0xef, 0x7e, 0xef, 0x9e, 0xef, 0x7e, 0xef, 0x5e, 0xe7, 0x08, 0x3a, 0x61, 0x08,
    0x20, 0x00, 0x41, 0x08, 0x28, 0x42, 0x9f, 0xef, 0x9f, 0xef, 0x9f, 0xf7, 0xbf, 0xf7, 0x00, 0x00,
    0x00, 0x00, 0x00, 0x00, 0x00, 0x00, 0x00, 0x00, 0x00, 0x00, 0x00, 0x00, 0x00, 0x00, 0x00, 0x00,
    0x00, 0x00, 0x00, 0x00, 0x00, 0x00, 0x00, 0x00, 0x00, 0x00, 0x00, 0x00, 0x00, 0x00, 0x00, 0x00,
    0x00, 0x00, 0x00, 0x00, 0x7e, 0xef, 0x9e, 0xef, 0x7e, 0xef, 0x5e, 0xe7, 0x08, 0x3a, 0x61, 0x08,
    0x20, 0x00, 0x41, 0x08, 0x28, 0x42, 0x9f, 0xef, 0x9f, 0xef, 0x9f, 0xf7, 0xbf, 0xf7, 0xdf, 0xf7,
    0xbf, 0xf7, 0xbf, 0xf7, 0xbf, 0xf7, 0xdf, 0xf7, 0xdf, 0xf7, 0x00, 0x00, 0x00, 0x00, 0x00, 0x00,
    0x00, 0x00, 0x00, 0x00, 0x00, 0x00, 0x00, 0x00, 0xbf, 0xf7, 0xbf, 0xf7, 0x9f, 0xef, 0xbf, 0xf7,
    0x9f, 0xef, 0x9e, 0xef, 0x7e, 0xef, 0x9e, 0xef, 0x7e, 0xef, 0x5e, 0xe7, 0x08, 0x3a, 0x61, 0x08,
    0x20, 0x00, 0x41, 0x08, 0x28, 0x42, 0x9f, 0xef, 0x9f, 0xef, 0x9f, 0xf7, 0xbf, 0xf7, 0xdf, 0xf7,
    0xbf, 0xf7, 0xbf, 0xf7, 0xbf, 0xf7, 0xdf, 0xf7, 0xdf, 0xf7, 0x00, 0x00, 0x00, 0x00, 0x00, 0x00,
    0x00, 0x00, 0x00, 0x00, 0x00, 0x00, 0x00, 0x00, 0xbf, 0xf7, 0xbf, 0xf7, 0x9f, 0xef, 0xbf, 0xf7,
    0x9f, 0xef, 0x9e, 0xef, 0x7e, 0xef, 0x9e, 0xef, 0x7e, 0xef, 0x5e, 0xe7, 0x08, 0x3a, 0x61, 0x08,
    0x20, 0x00, 0x41, 0x08, 0x28, 0x42, 0x9f, 0xef, 0x9f, 0xef, 0x9f, 0xf7, 0xbf, 0xf7, 0xdf, 0xf7,
    0x00, 0x00, 0x00, 0x00, 0x00, 0x00, 0x00, 0x00, 0x00, 0x00, 0x00, 0x00, 0x00, 0x00, 0x00, 0x00,
    0x00, 0x00, 0x00, 0x00, 0x00, 0x00, 0x00, 0x00, 0x00, 0x00, 0x00, 0x00, 0x00, 0x00, 0x00, 0x00,
    0x00, 0x00, 0x9e, 0xef, 0x7e, 0xef, 0x9e, 0xef, 0x7e, 0xef, 0x5e, 0xe7, 0x08, 0x3a, 0x61, 0x08,
    0x20, 0x00, 0x41, 0x08, 0x28, 0x42, 0x9f, 0xef, 0x9f, 0xef, 0x9f, 0xf7, 0x00, 0x00, 0x00, 0x00,
    0x00, 0x00, 0xbf, 0xf7, 0x00, 0x00, 0x00, 0x00, 0x00, 0x00, 0x00, 0x00, 0x00, 0x00, 0x00, 0x00,
    0x00, 0x00, 0x00, 0x00, 0x00, 0x00, 0x00, 0x00, 0x00, 0x00, 0x00, 0x00, 0x00, 0x00, 0xbf, 0xf7,
    0x00, 0x00, 0x00, 0x00, 0x00, 0x00, 0x9e, 0xef, 0x7e, 0xef, 0x5e, 0xe7, 0x08, 0x3a, 0x61, 0x08,
    0x20, 0x00, 0x41, 0x08, 0x28, 0x42, 0x9f, 0xef, 0x9f, 0xef, 0x9f, 0xf7, 0xbf, 0xf7, 0xdf, 0xf7,
    0xbf, 0xf7, 0xbf, 0xf7, 0xbf, 0xf7, 0xdf, 0xf7, 0xdf, 0xf7, 0x00, 0x00, 0x00, 0x00, 0x00, 0x00,
    0x00, 0x00, 0x00, 0x00, 0x00, 0x00, 0x00, 0x00, 0xbf, 0xf7, 0xbf, 0xf7, 0x9f, 0xef, 0xbf, 0xf7,
    0x9f, 0xef, 0x9e, 0xef, 0x7e, 0xef, 0x9e, 0xef, 0x7e, 0xef, 0x5e, 0xe7, 0x08, 0x3a, 0x61, 0x08,
    0x20, 0x00, 0x41, 0x08, 0x28, 0x42, 0x9f, 0xef, 0x9f, 0xef, 0x9f, 0xf7, 0xbf, 0xf7, 0xdf, 0xf7,
    0xbf, 0xf7, 0xbf, 0xf7, 0xbf, 0xf7, 0xdf, 0xf7, 0xdf, 0xf7, 0x00, 0x00, 0x00, 0x00, 0x00, 0x00,
    0x00, 0x00, 0x00, 0x00, 0x00, 0x00, 0x00, 0x00, 0xbf, 0xf7, 0xbf, 0xf7, 0x9f, 0xef, 0xbf, 0xf7,
    0x9f, 0xef, 0x9e, 0xef, 0x7e, 0xef, 0x9e, 0xef, 0x7e, 0xef, 0x5e, 0xe7, 0x08, 0x3a, 0x61, 0x08,
    0x20, 0x00, 0x41, 0x08, 0x28, 0x42, 0x9f, 0xef, 0x9f, 0xef, 0x9f, 0xf7, 0xbf, 0xf7, 0x00, 0x00,
    0x00, 0x00, 0xbf, 0xf7, 0x00, 0x00, 0x00, 0x00, 0x00, 0x00, 0x00, 0x00, 0x00, 0x00, 0x00, 0x00,
    0x00, 0x00, 0x00, 0x00, 0x00, 0x00, 0x00, 0x00, 0x00, 0x00, 0xbf, 0xf7, 0x00, 0x00, 0x00, 0x00,
    0x9f, 0xef, 0x9e, 0xef, 0x7e, 0xef, 0x9e, 0xef, 0x7e, 0xef, 0x5e, 0xe7, 0x08, 0x3a, 0x61, 0x08,
    0x20, 0x00, 0x41, 0x08, 0x28, 0x42, 0x9f, 0xef, 0x9f, 0xef, 0x9f, 0xf7, 0xbf, 0xf7, 0xdf, 0xf7,
    0xbf, 0xf7, 0xbf, 0xf7, 0xbf, 0xf7, 0x00, 0x00, 0x00, 0x00, 0x00, 0x00, 0x00, 0x00, 0x00, 0x00,
    0x00, 0x00, 0xbf, 0xf7, 0xbf, 0xf7, 0xdf, 0xf7, 0xbf, 0xf7, 0xbf, 0xf7, 0x9f, 0xef, 0xbf, 0xf7,
    0x9f, 0xef, 0x9e, 0xef, 0x7e, 0xef, 0x9e, 0xef, 0x7e, 0xef, 0x5e, 0xe7, 0x08, 0x3a, 0x61, 0x08,
    0x20, 0x00, 0x41, 0x08, 0x28, 0x42, 0x9f, 0xef, 0x00, 0x00, 0x00, 0x00, 0x00, 0x00, 0xdf, 0xf7,
    0xbf, 0xf7, 0x00, 0x00, 0x00, 0x00, 0x00, 0x00, 0x00, 0x00, 0x00, 0x00, 0xbf, 0xf7, 0xdf, 0xf7,
    0x00, 0x00, 0x00, 0x00, 0x00, 0x00, 0xdf, 0xf7, 0xbf, 0xf7, 0xbf, 0xf7, 0x9f, 0xef, 0xbf, 0xf7,
    0x9f, 0xef, 0x9e, 0xef, 0x7e, 0xef, 0x9e, 0xef, 0x7e, 0xef, 0x5e, 0xe7, 0x08, 0x3a, 0x61, 0x08,
    0x20, 0x00, 0x41, 0x08, 0x28, 0x42, 0x9f, 0xef, 0x9f, 0xef, 0x9f, 0xf7, 0xbf, 0xf7, 0x00, 0x00,
    0x00, 0x00, 0x00, 0x00, 0x00, 0x00, 0xdf, 0xf7, 0xdf, 0xf7, 0xbf, 0xf7, 0xbf, 0xf7, 0xdf, 0xf7,
    0xbf, 0xf7, 0xbf, 0xf7, 0xbf, 0xf7, 0xdf, 0xf7, 0xbf, 0xf7, 0xbf, 0xf7, 0x9f, 0xef, 0xbf, 0xf7,
    0x9f, 0xef, 0x9e, 0xef, 0x7e, 0xef, 0x9e, 0xef, 0x7e, 0xef, 0x5e, 0xe7, 0x08, 0x3a, 0x61, 0x08,
    0x20, 0x00, 0x41, 0x08, 0x28, 0x42, 0x9f, 0xef, 0x9f, 0xef, 0x00, 0x00, 0x00, 0x00, 0x00, 0x00,
    0x00, 0x00, 0xbf, 0xf7, 0xbf, 0xf7, 0xdf, 0xf7, 0xdf, 0xf7, 0xbf, 0xf7, 0xbf, 0xf7, 0xdf, 0xf7,
    0xbf, 0xf7, 0xbf, 0xf7, 0xbf, 0xf7, 0xdf, 0xf7, 0xbf, 0xf7, 0xbf, 0xf7, 0x9f, 0xef, 0xbf, 0xf7,
    0x9f, 0xef, 0x9e, 0xef, 0x7e, 0xef, 0x9e, 0xef, 0x7e, 0xef, 0x5e, 0xe7, 0x08, 0x3a, 0x61, 0x08,
    0x20, 0x00, 0x41, 0x08, 0x28, 0x42, 0x9f, 0xef, 0x9f, 0xef, 0x00, 0x00, 0x00, 0x00, 0x00, 0x00,
    0xbf, 0xf7, 0xbf, 0xf7, 0xbf, 0xf7, 0xdf, 0xf7, 0xdf, 0xf7, 0xbf, 0xf7, 0xbf, 0xf7, 0xdf, 0xf7,
    0xbf, 0xf7, 0xbf, 0xf7, 0xbf, 0xf7, 0xdf, 0xf7, 0xbf, 0xf7, 0xbf, 0xf7, 0x9f, 0xef, 0xbf, 0xf7,
    0x9f, 0xef, 0x9e, 0xef, 0x7e, 0xef, 0x9e, 0xef, 0x7e, 0xef, 0x5e, 0xe7, 0x08, 0x3a, 0x61, 0x08,
    0x20, 0x00, 0x41, 0x08, 0x28, 0x42, 0x9f, 0xef, 0x9f, 0xef, 0x9f, 0xf7, 0xbf, 0xf7, 0x00, 0x00,
    0x00, 0x00, 0x00, 0x00, 0xbf, 0xf7, 0xdf, 0xf7, 0xdf, 0xf7, 0xbf, 0xf7, 0xbf, 0xf7, 0xdf, 0xf7,
    0xbf, 0xf7, 0xbf, 0xf7, 0xbf, 0xf7, 0xdf, 0xf7, 0xbf, 0xf7, 0xbf, 0xf7, 0x9f, 0xef, 0xbf, 0xf7,
    0x9f, 0xef, 0x9e, 0xef, 0x7e, 0xef, 0x9e, 0xef, 0x7e, 0xef, 0x5e, 0xe7, 0x08, 0x3a, 0x61, 0x08,
    0x20, 0x00, 0x41, 0x08, 0x28, 0x42, 0x9f, 0xef, 0x9f, 0xef, 0x9f, 0xf7, 0xbf, 0xf7, 0xdf, 0xf7,
    0xbf, 0xf7, 0xbf, 0xf7, 0xbf, 0xf7, 0xdf, 0xf7, 0x00, 0x00, 0xbf, 0xf7, 0xbf, 0xf7, 0xdf, 0xf7,
    0xbf, 0xf7, 0xbf, 0xf7, 0xbf, 0xf7, 0xdf, 0xf7, 0xbf, 0xf7, 0xbf, 0xf7, 0x9f, 0xef, 0xbf, 0xf7,
    0x9f, 0xef, 0x9e, 0xef, 0x7e, 0xef, 0x9e, 0xef, 0x7e, 0xef, 0x5e, 0xe7, 0x08, 0x3a, 0x61, 0x08,
    0x20, 0x00, 0x41, 0x08, 0x28, 0x42, 0x9f, 0xef, 0x9f, 0xef, 0x9f, 0xf7, 0xbf, 0xf7, 0xdf, 0xf7,
    0xbf, 0xf7, 0xbf, 0xf7, 0xbf, 0xf7, 0xdf, 0xf7, 0xdf, 0xf7, 0xbf, 0xf7, 0xbf, 0xf7, 0x00, 0x00,
    0xbf, 0xf7, 0xbf, 0xf7, 0x00, 0x00, 0xdf, 0xf7, 0xbf, 0xf7, 0xbf, 0xf7, 0x9f, 0xef, 0xbf, 0xf7,
    0x9f, 0xef, 0x9e, 0xef, 0x7e, 0xef, 0x9e, 0xef, 0x7e, 0xef, 0x5e, 0xe7, 0x08, 0x3a, 0x61, 0x08,
    0x20, 0x00, 0x41, 0x08, 0x28, 0x42, 0x9f, 0xef, 0x9f, 0xef, 0x9f, 0xf7, 0xbf, 0xf7, 0xdf, 0xf7,
    0xbf, 0xf7, 0xbf, 0xf7, 0xbf, 0xf7, 0xdf, 0xf7, 0xdf, 0xf7, 0xbf, 0xf7, 0xbf, 0xf7, 0xdf, 0xf7,
    0xbf, 0xf7, 0xbf, 0xf7, 0xbf, 0xf7, 0xdf, 0xf7, 0xbf, 0xf7, 0xbf, 0xf7, 0x9f, 0xef, 0xbf, 0xf7,
    0x9f, 0xef, 0x9e, 0xef, 0x7e, 0xef, 0x9e, 0xef, 0x7e, 0xef, 0x5e, 0xe7, 0x08, 0x3a, 0x61, 0x08,
    0x20, 0x00, 0x41, 0x08, 0x28, 0x42, 0x9f, 0xef, 0x9f, 0xef, 0x9f, 0xf7, 0xbf, 0xf7, 0xdf, 0xf7,
    0xbf, 0xf7, 0xbf, 0xf7, 0xbf, 0xf7, 0xdf, 0xf7, 0xdf, 0xf7, 0xbf, 0xf7, 0xbf, 0xf7, 0xdf, 0xf7,
    0xbf, 0xf7, 0xbf, 0xf7, 0xbf, 0xf7, 0xdf, 0xf7, 0xbf, 0xf7, 0xbf, 0xf7, 0x9f, 0xef, 0xbf, 0xf7,
    0x9f, 0xef, 0x9e, 0xef, 0x7e, 0xef, 0x9e, 0xef, 0x7e, 0xef, 0x5e, 0xe7, 0x08, 0x3a, 0x61, 0x08,
    0x20, 0x00, 0x41, 0x08, 0x28, 0x42, 0x9f, 0xef, 0x9f, 0xef, 0x9f, 0xf7, 0xbf, 0xf7, 0xdf, 0xf7,
    0xbf, 0xf7, 0xbf, 0xf7, 0xbf, 0xf7, 0xdf, 0xf7, 0xdf, 0xf7, 0xbf, 0xf7, 0xbf, 0xf7, 0xdf, 0xf7,
    0xbf, 0xf7, 0xbf, 0xf7, 0xbf, 0xf7, 0xdf, 0xf7, 0xbf, 0xf7, 0xbf, 0xf7, 0x9f, 0xef, 0xbf, 0xf7,
    0x9f, 0xef, 0x9e, 0xef, 0x7e, 0xef, 0x9e, 0xef, 0x7e, 0xef, 0x5e, 0xe7, 0x08, 0x3a, 0x61, 0x08,
    0x20, 0x00, 0x61, 0x08, 0x4d, 0x63, 0x7e, 0xef, 0xbf, 0xf7, 0xbf, 0xf7, 0xbf, 0xf7, 0xbf, 0xf7,
    0xbf, 0xf7, 0xbf, 0xf7, 0xbf, 0xf7, 0xbf, 0xf7, 0xdf, 0xf7, 0xbf, 0xf7, 0xbf, 0xf7, 0xbf, 0xf7,
    0xdf, 0xf7, 0xbf, 0xf7, 0xbf, 0xf7, 0xbf, 0xf7, 0xbf, 0xf7, 0xbf, 0xf7, 0x9f, 0xf7, 0x9e, 0xef,
    0x9f, 0xf7, 0x9f, 0xef, 0x7e, 0xef, 0x7e, 0xef, 0x7e, 0xef, 0x5e, 0xe7, 0x2d, 0x63, 0x41, 0x08,
    0x20, 0x00, 0x61, 0x08, 0x4d, 0x63, 0x7e, 0xef, 0xbf, 0xf7, 0xbf, 0xf7, 0xbf, 0xf7, 0xbf, 0xf7,
    0xbf, 0xf7, 0xbf, 0xf7, 0xbf, 0xf7, 0xbf, 0xf7, 0xdf, 0xf7, 0xbf, 0xf7, 0xbf, 0xf7, 0xbf, 0xf7,
    0xdf, 0xf7, 0xbf, 0xf7, 0xbf, 0xf7, 0xbf, 0xf7, 0xbf, 0xf7, 0xbf, 0xf7, 0x9f, 0xf7, 0x9e, 0xef,
    0x9f, 0xf7, 0x9f, 0xef, 0x7e, 0xef, 0x7e, 0xef, 0x7e, 0xef, 0x5e, 0xe7, 0x2d, 0x63, 0x41, 0x08,
    0x20, 0x00, 0x61, 0x08, 0x4d, 0x63, 0x7e, 0xef, 0xbf, 0xf7, 0xbf, 0xf7, 0xbf, 0xf7, 0xbf, 0xf7,
    0xbf, 0xf7, 0xbf, 0xf7, 0xbf, 0xf7, 0xbf, 0xf7, 0xdf, 0xf7, 0xbf, 0xf7, 0xbf, 0xf7, 0xbf, 0xf7,
    0xdf, 0xf7, 0xbf, 0xf7, 0xbf, 0xf7, 0xbf, 0xf7, 0xbf, 0xf7, 0xbf, 0xf7, 0x9f, 0xf7, 0x9e, 0xef,
    0x9f, 0xf7, 0x9f, 0xef, 0x7e, 0xef, 0x7e, 0xef, 0x7e, 0xef, 0x5e, 0xe7, 0x2d, 0x63, 0x41, 0x08,
    0x00, 0x00, 0x61, 0x08, 0x4d, 0x63, 0x7e, 0xef, 0xbf, 0xf7, 0xbf, 0xf7, 0xbf, 0xf7, 0xbf, 0xf7,
    0xbf, 0xf7, 0xbf, 0xf7, 0xbf, 0xf7, 0xbf, 0xf7, 0xdf, 0xf7, 0xbf, 0xf7, 0xbf, 0xf7, 0xbf, 0xf7,
    0xdf, 0xf7, 0xbf, 0xf7, 0xbf, 0xf7, 0xbf, 0xf7, 0xbf, 0xf7, 0xbf, 0xf7, 0x9f, 0xf7, 0x9e, 0xef,
    0x9f, 0xf7, 0x9f, 0xef, 0x7e, 0xef, 0x7e, 0xef, 0x7e, 0xef, 0x5e, 0xe7, 0x2d, 0x63, 0x41, 0x08,
    0x20, 0x00, 0x61, 0x08, 0x4d, 0x63, 0x7e, 0xef, 0xbf, 0xf7, 0xbf, 0xf7, 0xbf, 0xf7, 0xbf, 0xf7,
    0xbf, 0xf7, 0xbf, 0xf7, 0xbf, 0xf7, 0xbf, 0xf7, 0xdf, 0xf7, 0xbf, 0xf7, 0xbf, 0xf7, 0xbf, 0xf7,
    0xdf, 0xf7, 0xbf, 0xf7, 0xbf, 0xf7, 0xbf, 0xf7, 0xbf, 0xf7, 0xbf, 0xf7, 0x9f, 0xf7, 0x9e, 0xef,
    0x9f, 0xf7, 0x9f, 0xef, 0x7e, 0xef, 0x7e, 0xef, 0x7e, 0xef, 0x5e, 0xe7, 0x2d, 0x63, 0x41, 0x08,
    0x20, 0x00, 0x61, 0x08, 0x4d, 0x63, 0x7e, 0xef, 0xbf, 0xf7, 0xbf, 0xf7, 0xbf, 0xf7, 0xbf, 0xf7,
    0xbf, 0xf7, 0xbf, 0xf7, 0xbf, 0xf7, 0xbf, 0xf7, 0xdf, 0xf7, 0xbf, 0xf7, 0xbf, 0xf7, 0xbf, 0xf7,
    0xdf, 0xf7, 0xbf, 0xf7, 0xbf, 0xf7, 0xbf, 0xf7, 0xbf, 0xf7, 0xbf, 0xf7, 0x9f, 0xf7, 0x9e, 0xef,
    0x9f, 0xf7, 0x9f, 0xef, 0x7e, 0xef, 0x7e, 0xef, 0x7e, 0xef, 0x5e, 0xe7, 0x2d, 0x63, 0x41, 0x08,
    0x20, 0x00, 0x61, 0x08, 0x4d, 0x63, 0x7e, 0xef, 0xbf, 0xf7, 0x00, 0x00, 0x00, 0x00, 0x00, 0x00,
    0x00, 0x00, 0x00, 0x00, 0xbf, 0xf7, 0xbf, 0xf7, 0xdf, 0xf7, 0xbf, 0xf7, 0xbf, 0xf7, 0xbf, 0xf7,
    0xdf, 0xf7, 0xbf, 0xf7, 0xbf, 0xf7, 0xbf, 0xf7, 0xbf, 0xf7, 0xbf, 0xf7, 0x9f, 0xf7, 0x9e, 0xef,
    0x9f, 0xf7, 0x9f, 0xef, 0x7e, 0xef, 0x7e, 0xef, 0x7e, 0xef, 0x5e, 0xe7, 0x2d, 0x63, 0x41, 0x08,
    0x20, 0x00, 0x61, 0x08, 0x4d, 0x63, 0x7e, 0xef, 0xbf, 0xf7, 0xbf, 0xf7, 0xbf, 0xf7, 0xbf, 0xf7,
    0xbf, 0xf7, 0xbf, 0xf7, 0xbf, 0xf7, 0x00, 0x00, 0xdf, 0xf7, 0xbf, 0xf7, 0xbf, 0xf7, 0xbf, 0xf7,
    0xdf, 0xf7, 0xbf, 0xf7, 0xbf, 0xf7, 0xbf, 0xf7, 0xbf, 0xf7, 0xbf, 0xf7, 0x9f, 0xf7, 0x9e, 0xef,
    0x9f, 0xf7, 0x9f, 0xef, 0x7e, 0xef, 0x7e, 0xef, 0x7e, 0xef, 0x5e, 0xe7, 0x2d, 0x63, 0x41, 0x08,
    0x20, 0x00, 0x61, 0x08, 0x4d, 0x63, 0x7e, 0xef, 0xbf, 0xf7, 0xbf, 0xf7, 0xbf, 0xf7, 0xbf, 0xf7,
    0xbf, 0xf7, 0xbf, 0xf7, 0xbf, 0xf7, 0xbf, 0xf7, 0xdf, 0xf7, 0xbf, 0xf7, 0xbf, 0xf7, 0xbf, 0xf7,
    0xdf, 0xf7, 0xbf, 0xf7, 0xbf, 0xf7, 0xbf, 0xf7, 0xbf, 0xf7, 0xbf, 0xf7, 0x9f, 0xf7, 0x9e, 0xef,
    0x9f, 0xf7, 0x9f, 0xef, 0x7e, 0xef, 0x7e, 0xef, 0x7e, 0xef, 0x5e, 0xe7, 0x2d, 0x63, 0x41, 0x08,
    0x20, 0x00, 0x61, 0x08, 0x4d, 0x63, 0x7e, 0xef, 0xbf, 0xf7, 0xbf, 0xf7, 0xbf, 0xf7, 0xbf, 0xf7,
    0xbf, 0xf7, 0xbf, 0xf7, 0xbf, 0xf7, 0xbf, 0xf7, 0xdf, 0xf7, 0xbf, 0xf7, 0xbf, 0xf7, 0x00, 0x00,
    0x00, 0x00, 0x00, 0x00, 0xbf, 0xf7, 0x00, 0x00, 0x00, 0x00, 0x00, 0x00, 0x9f, 0xf7, 0x9e, 0xef,
    0x9f, 0xf7, 0x9f, 0xef, 0x7e, 0xef, 0x7e, 0xef, 0x7e, 0xef, 0x5e, 0xe7, 0x2d, 0x63, 0x41, 0x08,
    0x20, 0x00, 0x61, 0x08, 0x4d, 0x63, 0x7e, 0xef, 0xbf, 0xf7, 0xbf, 0xf7, 0xbf, 0xf7, 0xbf, 0xf7,
    0xbf, 0xf7, 0xbf, 0xf7, 0xbf, 0xf7, 0xbf, 0xf7, 0xdf, 0xf7, 0xbf, 0xf7, 0xbf, 0xf7, 0xbf, 0xf7,
    0xdf, 0xf7, 0x00, 0x00, 0x00, 0x00, 0x00, 0x00, 0xbf, 0xf7, 0xbf, 0xf7, 0x9f, 0xf7, 0x00, 0x00,
    0x00, 0x00, 0x00, 0x00, 0x7e, 0xef, 0x7e, 0xef, 0x7e, 0xef, 0x5e, 0xe7, 0x2d, 0x63, 0x41, 0x08,
    0x20, 0x00, 0x61, 0x08, 0x4d, 0x63, 0x7e, 0xef, 0xbf, 0xf7, 0xbf, 0xf7, 0xbf, 0xf7, 0xbf, 0xf7,
    0xbf, 0xf7, 0xbf, 0xf7, 0xbf, 0xf7, 0xbf, 0xf7, 0xdf, 0xf7, 0xbf, 0xf7, 0xbf, 0xf7, 0xbf, 0xf7,
    0xdf, 0xf7, 0xbf, 0xf7, 0xbf, 0xf7, 0xbf, 0xf7, 0xbf, 0xf7, 0xbf, 0xf7, 0x00, 0x00, 0x9e, 0xef,
    0x9f, 0xf7, 0x00, 0x00, 0x7e, 0xef, 0x7e, 0xef, 0x7e, 0xef, 0x5e, 0xe7, 0x2d, 0x63, 0x41, 0x08,
    0x20, 0x00, 0x61, 0x08, 0x4d, 0x63, 0x7e, 0xef, 0xbf, 0xf7, 0xbf, 0xf7, 0xbf, 0xf7, 0xbf, 0xf7,
    0xbf, 0xf7, 0xbf, 0xf7, 0xbf, 0xf7, 0xbf, 0xf7, 0xdf, 0xf7, 0xbf, 0xf7, 0xbf, 0xf7, 0xbf, 0xf7,
    0xdf, 0xf7, 0xbf, 0xf7, 0xbf, 0xf7, 0xbf, 0xf7, 0xbf, 0xf7, 0xbf, 0xf7, 0x9f, 0xf7, 0x00, 0x00,
    0x9f, 0xf7, 0x9f, 0xef, 0x00, 0x00, 0x7e, 0xef, 0x7e, 0xef, 0x5e, 0xe7, 0x2d, 0x63, 0x41, 0x08,
    0x20, 0x00, 0x61, 0x08, 0x4d, 0x63, 0x7e, 0xef, 0xbf, 0xf7, 0xbf, 0xf7, 0xbf, 0xf7, 0xbf, 0xf7,
    0xbf, 0xf7, 0xbf, 0xf7, 0xbf, 0xf7, 0xbf, 0xf7, 0xdf, 0xf7, 0xbf, 0xf7, 0xbf, 0xf7, 0xbf, 0xf7,
    0xdf, 0xf7, 0xbf, 0xf7, 0xbf, 0xf7, 0xbf, 0xf7, 0xbf, 0xf7, 0xbf, 0xf7, 0x9f, 0xf7, 0x9e, 0xef,
    0x9f, 0xf7, 0x9f, 0xef, 0x7e, 0xef, 0x7e, 0xef, 0x7e, 0xef, 0x5e, 0xe7, 0x2d, 0x63, 0x41, 0x08,
    0x20, 0x00, 0x61, 0x08, 0x4d, 0x63, 0x7e, 0xef, 0xbf, 0xf7, 0xbf, 0xf7, 0xbf, 0xf7, 0xbf, 0xf7,
    0xbf, 0xf7, 0xbf, 0xf7, 0xbf, 0xf7, 0xbf, 0xf7, 0xdf, 0xf7, 0xbf, 0xf7, 0xbf, 0xf7, 0xbf, 0xf7,
    0xdf, 0xf7, 0xbf, 0xf7, 0xbf, 0xf7, 0xbf, 0xf7, 0x00, 0x00, 0x00, 0x00, 0x00, 0x00, 0x9e, 0xef,
    0x00, 0x00, 0x9f, 0xef, 0x7e, 0xef, 0x00, 0x00, 0x00, 0x00, 0x00, 0x00, 0x00, 0x00, 0x41, 0x08,
    0x20, 0x00, 0x61, 0x08, 0x4d, 0x63, 0x7e, 0xef, 0xbf, 0xf7, 0xbf, 0xf7, 0xbf, 0xf7, 0xbf, 0xf7,
    0xbf, 0xf7, 0xbf, 0xf7, 0xbf, 0xf7, 0xbf, 0xf7, 0xdf, 0xf7, 0xbf, 0xf7, 0xbf, 0xf7, 0xbf, 0xf7,
    0xdf, 0xf7, 0xbf, 0xf7, 0xbf, 0xf7, 0xbf, 0xf7, 0xbf, 0xf7, 0x00, 0x00, 0x00, 0x00, 0x9e, 0xef,
    0x9f, 0xf7, 0x00, 0x00, 0x00, 0x00, 0x00, 0x00, 0x7e, 0xef, 0x5e, 0xe7, 0x2d, 0x63, 0x41, 0x08,
    0x20, 0x00, 0x61, 0x08, 0x4d, 0x63, 0x7e, 0xef, 0xbf, 0xf7, 0xbf, 0xf7, 0xbf, 0xf7, 0xbf, 0xf7,
    0xbf, 0xf7, 0xbf, 0xf7, 0xbf, 0xf7, 0xbf, 0xf7, 0xdf, 0xf7, 0xbf, 0xf7, 0xbf, 0xf7, 0xbf, 0xf7,
    0xdf, 0xf7, 0xbf, 0xf7, 0xbf, 0xf7, 0xbf, 0xf7, 0xbf, 0xf7, 0xbf, 0xf7, 0x9f, 0xf7, 0x00, 0x00,
    0x00, 0x00, 0x00, 0x00, 0x7e, 0xef, 0x7e, 0xef, 0x7e, 0xef, 0x5e, 0xe7, 0x2d, 0x63, 0x41, 0x08,
    0x20, 0x00, 0x61, 0x08, 0x4d, 0x63, 0x7e, 0xef, 0xbf, 0xf7, 0xbf, 0xf7, 0xbf, 0xf7, 0xbf, 0xf7,
    0xbf, 0xf7, 0xbf, 0xf7, 0xbf, 0xf7, 0xbf, 0xf7, 0xdf, 0xf7, 0xbf, 0xf7, 0xbf, 0xf7, 0xbf, 0xf7,
    0xdf, 0xf7, 0xbf, 0xf7, 0xbf, 0xf7, 0xbf, 0xf7, 0xbf, 0xf7, 0x00, 0x00, 0x00, 0x00, 0x00, 0x00,
    0x00, 0x00, 0x9f, 0xef, 0x7e, 0xef, 0x7e, 0xef, 0x7e, 0xef, 0x5e, 0xe7, 0x2d, 0x63, 0x41, 0x08,
    0x20, 0x00, 0x61, 0x08, 0x4d, 0x63, 0x7e, 0xef, 0xbf, 0xf7, 0xbf, 0xf7, 0xbf, 0xf7, 0xbf, 0xf7,
    0xbf, 0xf7, 0xbf, 0xf7, 0xbf, 0xf7, 0xbf, 0xf7, 0xdf, 0xf7, 0xbf, 0xf7, 0xbf, 0xf7, 0xbf, 0xf7,
    0x00, 0x00, 0x00, 0x00, 0xbf, 0xf7, 0x00, 0x00, 0x00, 0x00, 0x00, 0x00, 0x00, 0x00, 0x00, 0x00,
    0x9f, 0xf7, 0x00, 0x00, 0x00, 0x00, 0x7e, 0xef, 0x7e, 0xef, 0x5e, 0xe7, 0x2d, 0x63, 0x41, 0x08,
    0x20, 0x00, 0x61, 0x08, 0x4d, 0x63, 0x7e, 0xef, 0xbf, 0xf7, 0xbf, 0xf7, 0xbf, 0xf7, 0xbf, 0xf7,
    0xbf, 0xf7, 0xbf, 0xf7, 0xbf, 0xf7, 0xbf, 0xf7, 0xdf, 0xf7, 0xbf, 0xf7, 0x00, 0x00, 0x00, 0x00,
    0xdf, 0xf7, 0x00, 0x00, 0x00, 0x00, 0x00, 0x00, 0x00, 0x00, 0x00, 0x00, 0x00, 0x00, 0x00, 0x00,
    0x9f, 0xf7, 0x00, 0x00, 0x00, 0x00, 0x7e, 0xef, 0x7e, 0xef, 0x5e, 0xe7, 0x2d, 0x63, 0x41, 0x08,
    0x20, 0x00, 0x61, 0x08, 0x4d, 0x63, 0x7e, 0xef, 0xbf, 0xf7, 0xbf, 0xf7, 0xbf, 0xf7, 0xbf, 0xf7,
    0xbf, 0xf7, 0xbf, 0xf7, 0xbf, 0xf7, 0xbf, 0xf7, 0xdf, 0xf7, 0xbf, 0xf7, 0xbf, 0xf7, 0xbf, 0xf7,
    0x00, 0x00, 0x00, 0x00, 0x00, 0x00, 0x00, 0x00, 0x00, 0x00, 0x00, 0x00, 0x9f, 0xf7, 0x9e, 0xef,
    0x9f, 0xf7, 0x9f, 0xef, 0x7e, 0xef, 0x7e, 0xef, 0x7e, 0xef, 0x5e, 0xe7, 0x2d, 0x63, 0x41, 0x08,
    0x20, 0x00, 0x61, 0x08, 0x4d, 0x63, 0x7e, 0xef, 0xbf, 0xf7, 0xbf, 0xf7, 0xbf, 0xf7, 0xbf, 0xf7,
    0xbf, 0xf7, 0xbf, 0xf7, 0xbf, 0xf7, 0xbf, 0xf7, 0xdf, 0xf7, 0xbf, 0xf7, 0x00, 0x00, 0x00, 0x00,
    0x00, 0x00, 0x00, 0x00, 0x00, 0x00, 0x00, 0x00, 0x00, 0x00, 0xbf, 0xf7, 0x9f, 0xf7, 0x9e, 0xef,
    0x9f, 0xf7, 0x9f, 0xef, 0x7e, 0xef, 0x7e, 0xef, 0x7e, 0xef, 0x5e, 0xe7, 0x2d, 0x63, 0x41, 0x08,
    0x20, 0x00, 0x61, 0x08, 0x4d, 0x63, 0x7e, 0xef, 0xbf, 0xf7, 0xbf, 0xf7, 0xbf, 0xf7, 0xbf, 0xf7,
    0xbf, 0xf7, 0xbf, 0xf7, 0xbf, 0xf7, 0xbf, 0xf7, 0xdf, 0xf7, 0xbf, 0xf7, 0x00, 0x00, 0x00, 0x00,
    0x00, 0x00, 0x00, 0x00, 0x00, 0x00, 0x00, 0x00, 0xbf, 0xf7, 0xbf, 0xf7, 0x9f, 0xf7, 0x9e, 0xef,
    0x9f, 0xf7, 0x9f, 0xef, 0x7e, 0xef, 0x7e, 0xef, 0x7e, 0xef, 0x5e, 0xe7, 0x2d, 0x63, 0x41, 0x08,
    0x20, 0x00, 0x61, 0x08, 0x4d, 0x63, 0x7e, 0xef, 0xbf, 0xf7, 0xbf, 0xf7, 0xbf, 0xf7, 0xbf, 0xf7,
    0xbf, 0xf7, 0xbf, 0xf7, 0xbf, 0xf7, 0xbf, 0xf7, 0xdf, 0xf7, 0x00, 0x00, 0x00, 0x00, 0x00, 0x00,
    0x00, 0x00, 0x00, 0x00, 0x00, 0x00, 0x00, 0x00, 0xbf, 0xf7, 0xbf, 0xf7, 0x9f, 0xf7, 0x9e, 0xef,
    0x9f, 0xf7, 0x9f, 0xef, 0x7e, 0xef, 0x7e, 0xef, 0x7e, 0xef, 0x5e, 0xe7, 0x2d, 0x63, 0x41, 0x08,
    0x20, 0x00, 0x61, 0x08, 0x4d, 0x63, 0x7e, 0xef, 0xbf, 0xf7, 0xbf, 0xf7, 0x00, 0x00, 0x00, 0x00,
    0x00, 0x00, 0xbf, 0xf7, 0xbf, 0xf7, 0x00, 0x00, 0x00, 0x00, 0x00, 0x00, 0x00, 0x00, 0x00, 0x00,
    0x00, 0x00, 0x00, 0x00, 0x00, 0x00, 0x00, 0x00, 0x00, 0x00, 0x00, 0x00, 0x9f, 0xf7, 0x9e, 0xef,
    0x00, 0x00, 0x00, 0x00, 0x00, 0x00, 0x7e, 0xef, 0x7e, 0xef, 0x5e, 0xe7, 0x2d, 0x63, 0x41, 0x08,
    0x20, 0x00, 0x61, 0x08, 0x4d, 0x63, 0x7e, 0xef, 0xbf, 0xf7, 0xbf, 0xf7, 0xbf, 0xf7, 0xbf, 0xf7,
    0xbf, 0xf7, 0xbf, 0xf7, 0xbf, 0xf7, 0xbf, 0xf7, 0xdf, 0xf7, 0x00, 0x00, 0x00, 0x00, 0x00, 0x00,
    0x00, 0x00, 0x00, 0x00, 0x00, 0x00, 0x00, 0x00, 0xbf, 0xf7, 0xbf, 0xf7, 0x9f, 0xf7, 0x9e, 0xef,
    0x9f, 0xf7, 0x9f, 0xef, 0x7e, 0xef, 0x7e, 0xef, 0x7e, 0xef, 0x5e, 0xe7, 0x2d, 0x63, 0x41, 0x08,
    0x20, 0x00, 0x61, 0x08, 0x4d, 0x63, 0x7e, 0xef, 0xbf, 0xf7, 0xbf, 0xf7, 0xbf, 0xf7, 0xbf, 0xf7,
    0xbf, 0xf7, 0xbf, 0xf7, 0xbf, 0xf7, 0xbf, 0xf7, 0xdf, 0xf7, 0x00, 0x00, 0x00, 0x00, 0x00, 0x00,
    0x00, 0x00, 0x00, 0x00, 0x00, 0x00, 0x00, 0x00, 0xbf, 0xf7, 0xbf, 0xf7, 0x9f, 0xf7, 0x9e, 0xef,
    0x9f, 0xf7, 0x9f, 0xef, 0x7e, 0xef, 0x7e, 0xef, 0x7e, 0xef, 0x5e, 0xe7, 0x2d, 0x63, 0x41, 0x08,
    0x20, 0x00, 0x61, 0x08, 0x4d, 0x63, 0x7e, 0xef, 0xbf, 0xf7, 0xbf, 0xf7, 0xbf, 0xf7, 0x00, 0x00,
    0x00, 0x00, 0xbf, 0xf7, 0x00, 0x00, 0x00, 0x00, 0x00, 0x00, 0x00, 0x00, 0x00, 0x00, 0x00, 0x00,
    0x00, 0x00, 0x00, 0x00, 0x00, 0x00, 0x00, 0x00, 0x00, 0x00, 0x00, 0x00, 0x00, 0x00, 0x9e, 0xef,
    0x00, 0x00, 0x00, 0x00, 0x7e, 0xef, 0x7e, 0xef, 0x7e, 0xef, 0x5e, 0xe7, 0x2d, 0x63, 0x41, 0x08,
    0x20, 0x00, 0x61, 0x08, 0x4d, 0x63, 0x7e, 0xef, 0xbf, 0xf7, 0x00, 0x00, 0x00, 0x00, 0x00, 0x00,
    0xbf, 0xf7, 0xbf, 0xf7, 0xbf, 0xf7, 0x00, 0x00, 0x00, 0x00, 0x00, 0x00, 0x00, 0x00, 0x00, 0x00,
    0x00, 0x00, 0x00, 0x00, 0x00, 0x00, 0x00, 0x00, 0x00, 0x00, 0x00, 0x00, 0x9f, 0xf7, 0x9e, 0xef,
    0x9f, 0xf7, 0x00, 0x00, 0x00, 0x00, 0x00, 0x00, 0x7e, 0xef, 0x5e, 0xe7, 0x2d, 0x63, 0x41, 0x08,
    0x20, 0x00, 0x61, 0x08, 0x4d, 0x63, 0x7e, 0xef, 0xbf, 0xf7, 0xbf, 0xf7, 0xbf, 0xf7, 0xbf, 0xf7,
    0xbf, 0xf7, 0xbf, 0xf7, 0xbf, 0xf7, 0xbf, 0xf7, 0xdf, 0xf7, 0x00, 0x00, 0x00, 0x00, 0x00, 0x00,
    0x00, 0x00, 0x00, 0x00, 0x00, 0x00, 0x00, 0x00, 0xbf, 0xf7, 0xbf, 0xf7, 0x9f, 0xf7, 0x9e, 0xef,
    0x9f, 0xf7, 0x9f, 0xef, 0x7e, 0xef, 0x7e, 0xef, 0x7e, 0xef, 0x5e, 0xe7, 0x2d, 0x63, 0x41, 0x08,
    0x20, 0x00, 0x61, 0x08, 0x4d, 0x63, 0x7e, 0xef, 0xbf, 0xf7, 0xbf, 0xf7, 0xbf, 0xf7, 0xbf, 0xf7,
    0xbf, 0xf7, 0xbf, 0xf7, 0xbf, 0xf7, 0xbf, 0xf7, 0xdf, 0xf7, 0x00, 0x00, 0x00, 0x00, 0x00, 0x00,
    0x00, 0x00, 0x00, 0x00, 0x00, 0x00, 0x00, 0x00, 0xbf, 0xf7, 0xbf, 0xf7, 0x9f, 0xf7, 0x9e, 0xef,
    0x9f, 0xf7, 0x9f, 0xef, 0x7e, 0xef, 0x7e, 0xef, 0x7e, 0xef, 0x5e, 0xe7, 0x2d, 0x63, 0x41, 0x08,
    0x20, 0x00, 0x61, 0x08, 0x4d, 0x63, 0x7e, 0xef, 0xbf, 0xf7, 0xbf, 0xf7, 0x00, 0x00, 0x00, 0x00,
    0x00, 0x00, 0xbf, 0xf7, 0xbf, 0xf7, 0x00, 0x00, 0x00, 0x00, 0x00, 0x00, 0x00, 0x00, 0x00, 0x00,
    0x00, 0x00, 0x00, 0x00, 0x00, 0x00, 0x00, 0x00, 0x00, 0x00, 0x00, 0x00, 0x9f, 0xf7, 0x9e, 0xef,
    0x00, 0x00, 0x00, 0x00, 0x00, 0x00, 0x7e, 0xef, 0x7e, 0xef, 0x5e, 0xe7, 0x2d, 0x63, 0x41, 0x08,
    0x20, 0x00, 0x61, 0x08, 0x4d, 0x63, 0x7e, 0xef, 0xbf, 0xf7, 0xbf, 0xf7, 0xbf, 0xf7, 0xbf, 0xf7,
    0xbf, 0xf7, 0xbf, 0xf7, 0xbf, 0xf7, 0xbf, 0xf7, 0xdf, 0xf7, 0x00, 0x00, 0x00, 0x00, 0x00, 0x00,
    0x00, 0x00, 0x00, 0x00, 0x00, 0x00, 0x00, 0x00, 0xbf, 0xf7, 0xbf, 0xf7, 0x9f, 0xf7, 0x9e, 0xef,
    0x9f, 0xf7, 0x9f, 0xef, 0x7e, 0xef, 0x7e, 0xef, 0x7e, 0xef, 0x5e, 0xe7, 0x2d, 0x63, 0x41, 0x08,
    0x20, 0x00, 0x61, 0x08, 0x4d, 0x63, 0x7e, 0xef, 0xbf, 0xf7, 0xbf, 0xf7, 0xbf, 0xf7, 0xbf, 0xf7,
    0xbf, 0xf7, 0xbf, 0xf7, 0xbf, 0xf7, 0xbf, 0xf7, 0xdf, 0xf7, 0x00, 0x00, 0x00, 0x00, 0x00, 0x00,
    0x00, 0x00, 0x00, 0x00, 0x00, 0x00, 0x00, 0x00, 0xbf, 0xf7, 0xbf, 0xf7, 0x9f, 0xf7, 0x9e, 0xef,
    0x9f, 0xf7, 0x9f, 0xef, 0x7e, 0xef, 0x7e, 0xef, 0x7e, 0xef, 0x5e, 0xe7, 0x2d, 0x63, 0x41, 0x08,
    0x20, 0x00, 0x61, 0x08, 0x4d, 0x63, 0x7e, 0xef, 0xbf, 0xf7, 0xbf, 0xf7, 0xbf, 0xf7, 0x00, 0x00,
    0x00, 0x00, 0xbf, 0xf7, 0x00, 0x00, 0x00, 0x00, 0x00, 0x00, 0x00, 0x00, 0x00, 0x00, 0x00, 0x00,
    0x00, 0x00, 0x00, 0x00, 0x00, 0x00, 0x00, 0x00, 0x00, 0x00, 0x00, 0x00, 0x00, 0x00, 0x9e, 0xef,
    0x00, 0x00, 0x00, 0x00, 0x7e, 0xef, 0x7e, 0xef, 0x7e, 0xef, 0x5e, 0xe7, 0x2d, 0x63, 0x41, 0x08,
    0x20, 0x00, 0x61, 0x08, 0x4d, 0x63, 0x7e, 0xef, 0xbf, 0xf7, 0x00, 0x00, 0x00, 0x00, 0x00, 0x00,
    0xbf, 0xf7, 0xbf, 0xf7, 0xbf, 0xf7, 0x00, 0x00, 0x00, 0x00, 0x00, 0x00, 0x00, 0x00, 0x00, 0x00,
    0x00, 0x00, 0x00, 0x00, 0x00, 0x00, 0x00, 0x00, 0x00, 0x00, 0x00, 0x00, 0x9f, 0xf7, 0x9e, 0xef,
    0x9f, 0xf7, 0x00, 0x00, 0x00, 0x00, 0x00, 0x00, 0x7e, 0xef, 0x5e, 0xe7, 0x2d, 0x63, 0x41, 0x08,
    0x20, 0x00, 0x61, 0x08, 0x4d, 0x63, 0x7e, 0xef, 0xbf, 0xf7, 0xbf, 0xf7, 0xbf, 0xf7, 0xbf, 0xf7,
    0xbf, 0xf7, 0xbf, 0xf7, 0xbf, 0xf7, 0xbf, 0xf7, 0xdf, 0xf7, 0x00, 0x00, 0x00, 0x00, 0x00, 0x00,
    0x00, 0x00, 0x00, 0x00, 0x00, 0x00, 0x00, 0x00, 0xbf, 0xf7, 0xbf, 0xf7, 0x9f, 0xf7, 0x9e, 0xef,
    0x9f, 0xf7, 0x9f, 0xef, 0x7e, 0xef, 0x7e, 0xef, 0x7e, 0xef, 0x5e, 0xe7, 0x2d, 0x63, 0x41, 0x08,
    0x20, 0x00, 0x61, 0x08, 0x4d, 0x63, 0x7e, 0xef, 0xbf, 0xf7, 0xbf, 0xf7, 0xbf, 0xf7, 0xbf, 0xf7,
    0xbf, 0xf7, 0xbf, 0xf7, 0xbf, 0xf7, 0xbf, 0xf7, 0xdf, 0xf7, 0x00, 0x00, 0x00, 0x00, 0x00, 0x00,
    0x00, 0x00, 0x00, 0x00, 0x00, 0x00, 0x00, 0x00, 0xbf, 0xf7, 0xbf, 0xf7, 0x9f, 0xf7, 0x9e, 0xef,
    0x9f, 0xf7, 0x9f, 0xef, 0x7e, 0xef, 0x7e, 0xef, 0x7e, 0xef, 0x5e, 0xe7, 0x2d, 0x63, 0x41, 0x08,
    0x20, 0x00, 0x61, 0x08, 0x4d, 0x63, 0x7e, 0xef, 0xbf, 0xf7, 0xbf, 0xf7, 0x00, 0x00, 0x00, 0x00,
    0x00, 0x00, 0xbf, 0xf7, 0x00, 0x00, 0x00, 0x00, 0x00, 0x00, 0x00, 0x00, 0x00, 0x00, 0x00, 0x00,
    0x00, 0x00, 0x00, 0x00, 0x00, 0x00, 0x00, 0x00, 0x00, 0x00, 0xbf, 0xf7, 0x00, 0x00, 0x00, 0x00,
    0x00, 0x00, 0x9f, 0xef, 0x7e, 0xef, 0x7e, 0xef, 0x7e, 0xef, 0x5e, 0xe7, 0x2d, 0x63, 0x41, 0x08,
    0x20, 0x00, 0x61, 0x08, 0x4d, 0x63, 0x7e, 0xef, 0xbf, 0xf7, 0xbf, 0xf7, 0xbf, 0xf7, 0xbf, 0xf7,
    0xbf, 0xf7, 0xbf, 0xf7, 0x00, 0x00, 0x00, 0x00, 0x00, 0x00, 0x00, 0x00, 0x00, 0x00, 0x00, 0x00,
    0x00, 0x00, 0xbf, 0xf7, 0xbf, 0xf7, 0xbf, 0xf7, 0xbf, 0xf7, 0xbf, 0xf7, 0x9f, 0xf7, 0x9e, 0xef,
    0x9f, 0xf7, 0x9f, 0xef, 0x7e, 0xef, 0x7e, 0xef, 0x7e, 0xef, 0x5e, 0xe7, 0x2d, 0x63, 0x41, 0x08,
    0x20, 0x00, 0x61, 0x08, 0x4d, 0x63, 0x00, 0x00, 0x00, 0x00, 0xbf, 0xf7, 0xbf, 0xf7, 0xbf, 0xf7,
    0xbf, 0xf7, 0x00, 0x00, 0x00, 0x00, 0x00, 0x00, 0x00, 0x00, 0x00, 0x00, 0xbf, 0xf7, 0xbf, 0xf7,
    0xdf, 0xf7, 0xbf, 0xf7, 0x00, 0x00, 0x00, 0x00, 0xbf, 0xf7, 0xbf, 0xf7, 0x9f, 0xf7, 0x9e, 0xef,
    0x9f, 0xf7, 0x9f, 0xef, 0x7e, 0xef, 0x7e, 0xef, 0x7e, 0xef, 0x5e, 0xe7, 0x2d, 0x63, 0x41, 0x08,
    0x20, 0x00, 0x61, 0x08, 0x4d, 0x63, 0x7e, 0xef, 0xbf, 0xf7, 0xbf, 0xf7, 0xbf, 0xf7, 0x00, 0x00,
    0x00, 0x00, 0x00, 0x00, 0x00, 0x00, 0xbf, 0xf7, 0xdf, 0xf7, 0xbf, 0xf7, 0xbf, 0xf7, 0xbf, 0xf7,
    0xdf, 0xf7, 0xbf, 0xf7, 0xbf, 0xf7, 0xbf, 0xf7, 0xbf, 0xf7, 0xbf, 0xf7, 0x9f, 0xf7, 0x9e, 0xef,
    0x9f, 0xf7, 0x9f, 0xef, 0x7e, 0xef, 0x7e, 0xef, 0x7e, 0xef, 0x5e, 0xe7, 0x2d, 0x63, 0x41, 0x08,
    0x20, 0x00, 0x61, 0x08, 0x4d, 0x63, 0x7e, 0xef, 0xbf, 0xf7, 0x00, 0x00, 0x00, 0x00, 0x00, 0x00,
    0x00, 0x00, 0xbf, 0xf7, 0xbf, 0xf7, 0xbf, 0xf7, 0xdf, 0xf7, 0xbf, 0xf7, 0xbf, 0xf7, 0xbf, 0xf7,
    0xdf, 0xf7, 0xbf, 0xf7, 0xbf, 0xf7, 0xbf, 0xf7, 0xbf, 0xf7, 0xbf, 0xf7, 0x9f, 0xf7, 0x9e, 0xef,
    0x9f, 0xf7, 0x9f, 0xef, 0x7e, 0xef, 0x7e, 0xef, 0x7e, 0xef, 0x5e, 0xe7, 0x2d, 0x63, 0x41, 0x08,
    0x20, 0x00, 0x61, 0x08, 0x4d, 0x63, 0x7e, 0xef, 0xbf, 0xf7, 0x00, 0x00, 0x00, 0x00, 0x00, 0x00,
    0xbf, 0xf7, 0xbf, 0xf7, 0xbf, 0xf7, 0xbf, 0xf7, 0xdf, 0xf7, 0xbf, 0xf7, 0xbf, 0xf7, 0xbf, 0xf7,
    0xdf, 0xf7, 0xbf, 0xf7, 0xbf, 0xf7, 0xbf, 0xf7, 0xbf, 0xf7, 0xbf, 0xf7, 0x9f, 0xf7, 0x9e, 0xef,
    0x9f, 0xf7, 0x9f, 0xef, 0x7e, 0xef, 0x7e, 0xef, 0x7e, 0xef, 0x5e, 0xe7, 0x2d, 0x63, 0x41, 0x08,
    0x20, 0x00, 0x61, 0x08, 0x4d, 0x63, 0x7e, 0xef, 0xbf, 0xf7, 0xbf, 0xf7, 0xbf, 0xf7, 0x00, 0x00,
    0x00, 0x00, 0x00, 0x00, 0xbf, 0xf7, 0xbf, 0xf7, 0xdf, 0xf7, 0xbf, 0xf7, 0xbf, 0xf7, 0xbf, 0xf7,
    0xdf, 0xf7, 0xbf, 0xf7, 0xbf, 0xf7, 0xbf, 0xf7, 0xbf, 0xf7, 0xbf, 0xf7, 0x9f, 0xf7, 0x9e, 0xef,
    0x9f, 0xf7, 0x9f, 0xef, 0x7e, 0xef, 0x7e, 0xef, 0x7e, 0xef, 0x5e, 0xe7, 0x2d, 0x63, 0x41, 0x08,
    0x20, 0x00, 0x61, 0x08, 0x4d, 0x63, 0x7e, 0xef, 0xbf, 0xf7, 0xbf, 0xf7, 0xbf, 0xf7, 0xbf, 0xf7,
    0x00, 0x00, 0x00, 0x00, 0x00, 0x00, 0x00, 0x00, 0x00, 0x00, 0x00, 0x00, 0x00, 0x00, 0xbf, 0xf7,
    0xdf, 0xf7, 0xbf, 0xf7, 0xbf, 0xf7, 0xbf, 0xf7, 0xbf, 0xf7, 0xbf, 0xf7, 0x9f, 0xf7, 0x9e, 0xef,
    0x9f, 0xf7, 0x9f, 0xef, 0x7e, 0xef, 0x7e, 0xef, 0x7e, 0xef, 0x5e, 0xe7, 0x2d, 0x63, 0x41, 0x08,
    0x20, 0x00, 0x61, 0x08, 0x4d, 0x63, 0x7e, 0xef, 0xbf, 0xf7, 0xbf, 0xf7, 0xbf, 0xf7, 0xbf, 0xf7,
    0xbf, 0xf7, 0xbf, 0xf7, 0xbf, 0xf7, 0xbf, 0xf7, 0xdf, 0xf7, 0xbf, 0xf7, 0xbf, 0xf7, 0xbf, 0xf7,
    0x00, 0x00, 0x00, 0x00, 0xbf, 0xf7, 0xbf, 0xf7, 0xbf, 0xf7, 0xbf, 0xf7, 0x9f, 0xf7, 0x9e, 0xef,
    0x9f, 0xf7, 0x9f, 0xef, 0x7e, 0xef, 0x7e, 0xef, 0x7e, 0xef, 0x5e, 0xe7, 0x2d, 0x63, 0x41, 0x08,
    0x20, 0x00, 0x61, 0x08, 0x4d, 0x63, 0x7e, 0xef, 0xbf, 0xf7, 0xbf, 0xf7, 0xbf, 0xf7, 0xbf, 0xf7,
    0xbf, 0xf7, 0xbf, 0xf7, 0xbf, 0xf7, 0xbf, 0xf7, 0xdf, 0xf7, 0xbf, 0xf7, 0xbf, 0xf7, 0xbf, 0xf7,
    0xdf, 0xf7, 0xbf, 0xf7, 0xbf, 0xf7, 0xbf, 0xf7, 0xbf, 0xf7, 0x00, 0x00, 0x9f, 0xf7, 0x00, 0x00,
    0x9f, 0xf7, 0x9f, 0xef, 0x7e, 0xef, 0x7e, 0xef, 0x7e, 0xef, 0x5e, 0xe7, 0x2d, 0x63, 0x41, 0x08,
    0x20, 0x00, 0x61, 0x08, 0x4d, 0x63, 0x7e, 0xef, 0xbf, 0xf7, 0xbf, 0xf7, 0xbf, 0xf7, 0xbf, 0xf7,
    0xbf, 0xf7, 0xbf, 0xf7, 0xbf, 0xf7, 0xbf, 0xf7, 0xdf, 0xf7, 0xbf, 0xf7, 0xbf, 0xf7, 0xbf, 0xf7,
    0xdf, 0xf7, 0xbf, 0xf7, 0xbf, 0xf7, 0xbf, 0xf7, 0xbf, 0xf7, 0xbf, 0xf7, 0x9f, 0xf7, 0x9e, 0xef,
    0x9f, 0xf7, 0x9f, 0xef, 0x7e, 0xef, 0x7e, 0xef, 0x7e, 0xef, 0x5e, 0xe7, 0x2d, 0x63, 0x41, 0x08,
    0x20, 0x00, 0x61, 0x08, 0x4d, 0x63, 0x7e, 0xef, 0xbf, 0xf7, 0xbf, 0xf7, 0xbf, 0xf7, 0xbf, 0xf7,
    0xbf, 0xf7, 0xbf, 0xf7, 0xbf, 0xf7, 0xbf, 0xf7, 0xdf, 0xf7, 0xbf, 0xf7, 0xbf, 0xf7, 0xbf, 0xf7,
    0xdf, 0xf7, 0xbf, 0xf7, 0xbf, 0xf7, 0xbf, 0xf7, 0xbf, 0xf7, 0xbf, 0xf7, 0x9f, 0xf7, 0x9e, 0xef,
    0x9f, 0xf7, 0x9f, 0xef, 0x7e, 0xef, 0x7e, 0xef, 0x7e, 0xef, 0x5e, 0xe7, 0x2d, 0x63, 0x41, 0x08,
    0x00, 0x00, 0x61, 0x08, 0xaf, 0x73, 0x7e, 0xef, 0x9e, 0xef, 0xbf, 0xf7, 0xbf, 0xf7, 0xbf, 0xf7,
    0xbf, 0xf7, 0xbf, 0xf7, 0xbf, 0xf7, 0xbf, 0xf7, 0xbf, 0xf7, 0xdf, 0xf7, 0xbf, 0xf7, 0xbf, 0xf7,
    0xbf, 0xf7, 0xdf, 0xf7, 0xbf, 0xf7, 0xbf, 0xf7, 0x9f, 0xf7, 0xbf, 0xf7, 0xbf, 0xf7, 0x9f, 0xef,
    0x9e, 0xef, 0x9f, 0xef, 0x7e, 0xef, 0x7e, 0xef, 0x5e, 0xe7, 0x5e, 0xe7, 0xaf, 0x6b, 0x61, 0x08,
    0x00, 0x00, 0x61, 0x08, 0xaf, 0x73, 0x7e, 0xef, 0x9e, 0xef, 0xbf, 0xf7, 0xbf, 0xf7, 0xbf, 0xf7,
    0xbf, 0xf7, 0xbf, 0xf7, 0xbf, 0xf7, 0xbf, 0xf7, 0xbf, 0xf7, 0xdf, 0xf7, 0xbf, 0xf7, 0xbf, 0xf7,
    0xbf, 0xf7, 0xdf, 0xf7, 0xbf, 0xf7, 0xbf, 0xf7, 0x9f, 0xf7, 0xbf, 0xf7, 0xbf, 0xf7, 0x9f, 0xef,
    0x9e, 0xef, 0x9f, 0xef, 0x7e, 0xef, 0x7e, 0xef, 0x5e, 0xe7, 0x5e, 0xe7, 0xaf, 0x6b, 0x61, 0x08,
    0x00, 0x00, 0x61, 0x08, 0xaf, 0x73, 0x7e, 0xef, 0x9e, 0xef, 0xbf, 0xf7, 0xbf, 0xf7, 0xbf, 0xf7,
    0xbf, 0xf7, 0xbf, 0xf7, 0xbf, 0xf7, 0xbf, 0xf7, 0xbf, 0xf7, 0xdf, 0xf7, 0xbf, 0xf7, 0xbf, 0xf7,
    0xbf, 0xf7, 0xdf, 0xf7, 0xbf, 0xf7, 0xbf, 0xf7, 0x9f, 0xf7, 0xbf, 0xf7, 0xbf, 0xf7, 0x9f, 0xef,
    0x9e, 0xef, 0x9f, 0xef, 0x7e, 0xef, 0x7e, 0xef, 0x5e, 0xe7, 0x5e, 0xe7, 0xaf, 0x6b, 0x61, 0x08,
    0x00, 0x00, 0x61, 0x08, 0xaf, 0x73, 0x7e, 0xef, 0x9e, 0xef, 0xbf, 0xf7, 0xbf, 0xf7, 0xbf, 0xf7,
    0xbf, 0xf7, 0xbf, 0xf7, 0xbf, 0xf7, 0xbf, 0xf7, 0xbf, 0xf7, 0xdf, 0xf7, 0xbf, 0xf7, 0xbf, 0xf7,
    0xbf, 0xf7, 0xdf, 0xf7, 0xbf, 0xf7, 0xbf, 0xf7, 0x9f, 0xf7, 0xbf, 0xf7, 0xbf, 0xf7, 0x9f, 0xef,
    0x9e, 0xef, 0x9f, 0xef, 0x7e, 0xef, 0x7e, 0xef, 0x5e, 0xe7, 0x5e, 0xe7, 0xaf, 0x6b, 0x61, 0x08,
    0x00, 0x00, 0x61, 0x08, 0xaf, 0x73, 0x7e, 0xef, 0x9e, 0xef, 0xbf, 0xf7, 0xbf, 0xf7, 0xbf, 0xf7,
    0xbf, 0xf7, 0xbf, 0xf7, 0xbf, 0xf7, 0xbf, 0xf7, 0xbf, 0xf7, 0xdf, 0xf7, 0xbf, 0xf7, 0xbf, 0xf7,
    0xbf, 0xf7, 0xdf, 0xf7, 0xbf, 0xf7, 0xbf, 0xf7, 0x9f, 0xf7, 0xbf, 0xf7, 0xbf, 0xf7, 0x9f, 0xef,
    0x9e, 0xef, 0x9f, 0xef, 0x7e, 0xef, 0x7e, 0xef, 0x5e, 0xe7, 0x5e, 0xe7, 0xaf, 0x6b, 0x61, 0x08,
    0x00, 0x00, 0x61, 0x08, 0xaf, 0x73, 0x7e, 0xef, 0x9e, 0xef, 0xbf, 0xf7, 0xbf, 0xf7, 0xbf, 0xf7,
    0xbf, 0xf7, 0xbf, 0xf7, 0xbf, 0xf7, 0xbf, 0xf7, 0xbf, 0xf7, 0xdf, 0xf7, 0xbf, 0xf7, 0xbf, 0xf7,
    0xbf, 0xf7, 0xdf, 0xf7, 0xbf, 0xf7, 0xbf, 0xf7, 0x9f, 0xf7, 0xbf, 0xf7, 0xbf, 0xf7, 0x9f, 0xef,
    0x9e, 0xef, 0x9f, 0xef, 0x7e, 0xef, 0x7e, 0xef, 0x5e, 0xe7, 0x5e, 0xe7, 0xaf, 0x6b, 0x61, 0x08,
    0x00, 0x00, 0x61, 0x08, 0xaf, 0x73, 0x7e, 0xef, 0x9e, 0xef, 0xbf, 0xf7, 0x00, 0x00, 0x00, 0x00,
    0x00, 0x00, 0xbf, 0xf7, 0xbf, 0xf7, 0xbf, 0xf7, 0xbf, 0xf7, 0xdf, 0xf7, 0xbf, 0xf7, 0xbf, 0xf7,
    0xbf, 0xf7, 0xdf, 0xf7, 0xbf, 0xf7, 0xbf, 0xf7, 0x9f, 0xf7, 0xbf, 0xf7, 0xbf, 0xf7, 0x9f, 0xef,
    0x9e, 0xef, 0x9f, 0xef, 0x7e, 0xef, 0x7e, 0xef, 0x5e, 0xe7, 0x5e, 0xe7, 0xaf, 0x6b, 0x61, 0x08,
    0x00, 0x00, 0x61, 0x08, 0xaf, 0x73, 0x7e, 0xef, 0x9e, 0xef, 0xbf, 0xf7, 0xbf, 0xf7, 0xbf, 0xf7,
    0xbf, 0xf7, 0xbf, 0xf7, 0x00, 0x00, 0x00, 0x00, 0x00, 0x00, 0xdf, 0xf7, 0xbf, 0xf7, 0xbf, 0xf7,
    0xbf, 0xf7, 0xdf, 0xf7, 0xbf, 0xf7, 0xbf, 0xf7, 0x9f, 0xf7, 0xbf, 0xf7, 0xbf, 0xf7, 0x9f, 0xef,
    0x9e, 0xef, 0x9f, 0xef, 0x7e, 0xef, 0x7e, 0xef, 0x5e, 0xe7, 0x5e, 0xe7, 0xaf, 0x6b, 0x61, 0x08,
    0x00, 0x00, 0x61, 0x08, 0xaf, 0x73, 0x7e, 0xef, 0x9e, 0xef, 0xbf, 0xf7, 0xbf, 0xf7, 0xbf, 0xf7,
    0xbf, 0xf7, 0xbf, 0xf7, 0xbf, 0xf7, 0xbf, 0xf7, 0x00, 0x00, 0x00, 0x00, 0x00, 0x00, 0x00, 0x00,
    0x00, 0x00, 0xdf, 0xf7, 0xbf, 0xf7, 0xbf, 0xf7, 0x9f, 0xf7, 0xbf, 0xf7, 0xbf, 0xf7, 0x9f, 0xef,
    0x9e, 0xef, 0x9f, 0xef, 0x7e, 0xef, 0x7e, 0xef, 0x5e, 0xe7, 0x5e, 0xe7, 0xaf, 0x6b, 0x61, 0x08,
    0x00, 0x00, 0x61, 0x08, 0xaf, 0x73, 0x7e, 0xef, 0x9e, 0xef, 0xbf, 0xf7, 0xbf, 0xf7, 0xbf, 0xf7,
    0xbf, 0xf7, 0xbf, 0xf7, 0xbf, 0xf7, 0xbf, 0xf7, 0xbf, 0xf7, 0xdf, 0xf7, 0xbf, 0xf7, 0xbf, 0xf7,
    0x00, 0x00, 0x00, 0x00, 0x00, 0x00, 0x00, 0x00, 0x00, 0x00, 0xbf, 0xf7, 0xbf, 0xf7, 0x9f, 0xef,
    0x9e, 0xef, 0x9f, 0xef, 0x7e, 0xef, 0x7e, 0xef, 0x5e, 0xe7, 0x5e, 0xe7, 0xaf, 0x6b, 0x61, 0x08,
    0x00, 0x00, 0x61, 0x08, 0xaf, 0x73, 0x7e, 0xef, 0x9e, 0xef, 0xbf, 0xf7, 0xbf, 0xf7, 0xbf, 0xf7,
    0xbf, 0xf7, 0xbf, 0xf7, 0xbf, 0xf7, 0xbf, 0xf7, 0xbf, 0xf7, 0xdf, 0xf7, 0xbf, 0xf7, 0xbf, 0xf7,
    0xbf, 0xf7, 0xdf, 0xf7, 0x00, 0x00, 0x00, 0x00, 0x00, 0x00, 0x00, 0x00, 0x00, 0x00, 0x00, 0x00,
    0x00, 0x00, 0x9f, 0xef, 0x7e, 0xef, 0x7e, 0xef, 0x5e, 0xe7, 0x5e, 0xe7, 0xaf, 0x6b, 0x61, 0x08,
    0x00, 0x00, 0x61, 0x08, 0xaf, 0x73, 0x7e, 0xef, 0x9e, 0xef, 0xbf, 0xf7, 0xbf, 0xf7, 0xbf, 0xf7,
    0xbf, 0xf7, 0xbf, 0xf7, 0xbf, 0xf7, 0xbf, 0xf7, 0xbf, 0xf7, 0xdf, 0xf7, 0xbf, 0xf7, 0xbf, 0xf7,
    0xbf, 0xf7, 0xdf, 0xf7, 0xbf, 0xf7, 0xbf, 0xf7, 0x9f, 0xf7, 0xbf, 0xf7, 0xbf, 0xf7, 0x00, 0x00,
    0x00, 0x00, 0x9f, 0xef, 0x7e, 0xef, 0x7e, 0xef, 0x5e, 0xe7, 0x5e, 0xe7, 0xaf, 0x6b, 0x61, 0x08,
    0x00, 0x00, 0x61, 0x08, 0xaf, 0x73, 0x7e, 0xef, 0x9e, 0xef, 0xbf, 0xf7, 0xbf, 0xf7, 0xbf, 0xf7,
    0xbf, 0xf7, 0xbf, 0xf7, 0xbf, 0xf7, 0xbf, 0xf7, 0xbf, 0xf7, 0xdf, 0xf7, 0xbf, 0xf7, 0xbf, 0xf7,
    0xbf, 0xf7, 0xdf, 0xf7, 0xbf, 0xf7, 0xbf, 0xf7, 0x9f, 0xf7, 0xbf, 0xf7, 0xbf, 0xf7, 0x9f, 0xef,
    0x9e, 0xef, 0x9f, 0xef, 0x7e, 0xef, 0x7e, 0xef, 0x5e, 0xe7, 0x5e, 0xe7, 0xaf, 0x6b, 0x61, 0x08,
    0x00, 0x00, 0x61, 0x08, 0xaf, 0x73, 0x7e, 0xef, 0x9e, 0xef, 0xbf, 0xf7, 0xbf, 0xf7, 0xbf, 0xf7,
    0xbf, 0xf7, 0xbf, 0xf7, 0xbf, 0xf7, 0xbf, 0xf7, 0xbf, 0xf7, 0xdf, 0xf7, 0xbf, 0xf7, 0xbf, 0xf7,
    0xbf, 0xf7, 0xdf, 0xf7, 0xbf, 0xf7, 0xbf, 0xf7, 0x9f, 0xf7, 0x00, 0x00, 0x00, 0x00, 0x00, 0x00,
    0x00, 0x00, 0x9f, 0xef, 0x7e, 0xef, 0x00, 0x00, 0x5e, 0xe7, 0x00, 0x00, 0x00, 0x00, 0x00, 0x00,
    0x00, 0x00, 0x61, 0x08, 0xaf, 0x73, 0x7e, 0xef, 0x9e, 0xef, 0xbf, 0xf7, 0xbf, 0xf7, 0xbf, 0xf7,
    0xbf, 0xf7, 0xbf, 0xf7, 0xbf, 0xf7, 0xbf, 0xf7, 0xbf, 0xf7, 0xdf, 0xf7, 0xbf, 0xf7, 0xbf, 0xf7,
    0xbf, 0xf7, 0xdf, 0xf7, 0xbf, 0xf7, 0xbf, 0xf7, 0x9f, 0xf7, 0x00, 0x00, 0x00, 0x00, 0x00, 0x00,
    0x00, 0x00, 0x00, 0x00, 0x00, 0x00, 0x00, 0x00, 0x00, 0x00, 0x00, 0x00, 0xaf, 0x6b, 0x61, 0x08,
    0x00, 0x00, 0x61, 0x08, 0xaf, 0x73, 0x7e, 0xef, 0x9e, 0xef, 0xbf, 0xf7, 0xbf, 0xf7, 0xbf, 0xf7,
    0xbf, 0xf7, 0xbf, 0xf7, 0xbf, 0xf7, 0xbf, 0xf7, 0xbf, 0xf7, 0xdf, 0xf7, 0xbf, 0xf7, 0xbf, 0xf7,
    0xbf, 0xf7, 0xdf, 0xf7, 0xbf, 0xf7, 0xbf, 0xf7, 0x9f, 0xf7, 0xbf, 0xf7, 0x00, 0x00, 0x00, 0x00,
    0x00, 0x00, 0x00, 0x00, 0x00, 0x00, 0x7e, 0xef, 0x5e, 0xe7, 0x5e, 0xe7, 0xaf, 0x6b, 0x61, 0x08,
    0x00, 0x00, 0x61, 0x08, 0xaf, 0x73, 0x7e, 0xef, 0x9e, 0xef, 0xbf, 0xf7, 0xbf, 0xf7, 0xbf, 0xf7,
    0xbf, 0xf7, 0xbf, 0xf7, 0xbf, 0xf7, 0xbf, 0xf7, 0xbf, 0xf7, 0xdf, 0xf7, 0xbf, 0xf7, 0xbf, 0xf7,
    0xbf, 0xf7, 0xdf, 0xf7, 0xbf, 0xf7, 0xbf, 0xf7, 0x9f, 0xf7, 0xbf, 0xf7, 0xbf, 0xf7, 0x00, 0x00,
    0x00, 0x00, 0x00, 0x00, 0x7e, 0xef, 0x7e, 0xef, 0x5e, 0xe7, 0x5e, 0xe7, 0xaf, 0x6b, 0x61, 0x08,
    0x00, 0x00, 0x61, 0x08, 0xaf, 0x73, 0x7e, 0xef, 0x9e, 0xef, 0xbf, 0xf7, 0xbf, 0xf7, 0xbf, 0xf7,
    0xbf, 0xf7, 0xbf, 0xf7, 0xbf, 0xf7, 0xbf, 0xf7, 0xbf, 0xf7, 0xdf, 0xf7, 0xbf, 0xf7, 0xbf, 0xf7,
    0xbf, 0xf7, 0xdf, 0xf7, 0xbf, 0xf7, 0xbf, 0xf7, 0x9f, 0xf7, 0x00, 0x00, 0x00, 0x00, 0x00, 0x00,
    0x00, 0x00, 0x9f, 0xef, 0x7e, 0xef, 0x7e, 0xef, 0x5e, 0xe7, 0x5e, 0xe7, 0xaf, 0x6b, 0x61, 0x08,
    0x00, 0x00, 0x61, 0x08, 0xaf, 0x73, 0x7e, 0xef, 0x9e, 0xef, 0xbf, 0xf7, 0xbf, 0xf7, 0xbf, 0xf7,
    0xbf, 0xf7, 0xbf, 0xf7, 0xbf, 0xf7, 0xbf, 0xf7, 0xbf, 0xf7, 0xdf, 0xf7, 0xbf, 0xf7, 0x00, 0x00,
    0x00, 0x00, 0xdf, 0xf7, 0xbf, 0xf7, 0x00, 0x00, 0x00, 0x00, 0x00, 0x00, 0x00, 0x00, 0x00, 0x00,
    0x9e, 0xef, 0x9f, 0xef, 0x00, 0x00, 0x00, 0x00, 0x5e, 0xe7, 0x5e, 0xe7, 0xaf, 0x6b, 0x61, 0x08,
    0x00, 0x00, 0x61, 0x08, 0xaf, 0x73, 0x7e, 0xef, 0x9e, 0xef, 0xbf, 0xf7, 0xbf, 0xf7, 0xbf, 0xf7,
    0xbf, 0xf7, 0xbf, 0xf7, 0xbf, 0xf7, 0xbf, 0xf7, 0xbf, 0xf7, 0x00, 0x00, 0x00, 0x00, 0x00, 0x00,
    0xbf, 0xf7, 0x00, 0x00, 0x00, 0x00, 0x00, 0x00, 0x00, 0x00, 0x00, 0x00, 0x00, 0x00, 0x9f, 0xef,
    0x9e, 0xef, 0x00, 0x00, 0x00, 0x00, 0x00, 0x00, 0x5e, 0xe7, 0x5e, 0xe7, 0xaf, 0x6b, 0x61, 0x08,
    0x00, 0x00, 0x61, 0x08, 0xaf, 0x73, 0x7e, 0xef, 0x9e, 0xef, 0xbf, 0xf7, 0xbf, 0xf7, 0xbf, 0xf7,
    0xbf, 0xf7, 0xbf, 0xf7, 0xbf, 0xf7, 0xbf, 0xf7, 0xbf, 0xf7, 0xdf, 0xf7, 0xbf, 0xf7, 0xbf, 0xf7,
    0x00, 0x00, 0x00, 0x00, 0x00, 0x00, 0x00, 0x00, 0x00, 0x00, 0x00, 0x00, 0xbf, 0xf7, 0x9f, 0xef,
    0x9e, 0xef, 0x9f, 0xef, 0x7e, 0xef, 0x7e, 0xef, 0x5e, 0xe7, 0x5e, 0xe7, 0xaf, 0x6b, 0x61, 0x08,
    0x00, 0x00, 0x61, 0x08, 0xaf, 0x73, 0x7e, 0xef, 0x9e, 0xef, 0xbf, 0xf7, 0xbf, 0xf7, 0xbf, 0xf7,
    0xbf, 0xf7, 0xbf, 0xf7, 0xbf, 0xf7, 0xbf, 0xf7, 0xbf, 0xf7, 0xdf, 0xf7, 0x00, 0x00, 0x00, 0x00,
    0x00, 0x00, 0x00, 0x00, 0x00, 0x00, 0x00, 0x00, 0x00, 0x00, 0xbf, 0xf7, 0xbf, 0xf7, 0x9f, 0xef,
    0x9e, 0xef, 0x9f, 0xef, 0x7e, 0xef, 0x7e, 0xef, 0x5e, 0xe7, 0x5e, 0xe7, 0xaf, 0x6b, 0x61, 0x08,
    0x00, 0x00, 0x61, 0x08, 0xaf, 0x73, 0x7e, 0xef, 0x9e, 0xef, 0xbf, 0xf7, 0xbf, 0xf7, 0xbf, 0xf7,
    0xbf, 0xf7, 0xbf, 0xf7, 0xbf, 0xf7, 0xbf, 0xf7, 0xbf, 0xf7, 0x00, 0x00, 0x00, 0x00, 0x00, 0x00,
    0x00, 0x00, 0x00, 0x00, 0x00, 0x00, 0x00, 0x00, 0x9f, 0xf7, 0xbf, 0xf7, 0xbf, 0xf7, 0x9f, 0xef,
    0x9e, 0xef, 0x9f, 0xef, 0x7e, 0xef, 0x7e, 0xef, 0x5e, 0xe7, 0x5e, 0xe7, 0xaf, 0x6b, 0x61, 0x08,
    0x00, 0x00, 0x61, 0x08, 0xaf, 0x73, 0x7e, 0xef, 0x9e, 0xef, 0xbf, 0xf7, 0xbf, 0xf7, 0xbf, 0xf7,
    0xbf, 0xf7, 0xbf, 0xf7, 0xbf, 0xf7, 0xbf, 0xf7, 0xbf, 0xf7, 0x00, 0x00, 0x00, 0x00, 0x00, 0x00,
    0x00, 0x00, 0x00, 0x00, 0x00, 0x00, 0x00, 0x00, 0x9f, 0xf7, 0xbf, 0xf7, 0xbf, 0xf7, 0x9f, 0xef,
    0x9e, 0xef, 0x9f, 0xef, 0x7e, 0xef, 0x7e, 0xef, 0x5e, 0xe7, 0x5e, 0xe7, 0xaf, 0x6b, 0x61, 0x08,
    0x00, 0x00, 0x61, 0x08, 0xaf, 0x73, 0x7e, 0xef, 0x9e, 0xef, 0x00, 0x00, 0x00, 0x00, 0x00, 0x00,
    0xbf, 0xf7, 0xbf, 0xf7, 0xbf, 0xf7, 0x00, 0x00, 0x00, 0x00, 0x00, 0x00, 0x00, 0x00, 0x00, 0x00,
    0x00, 0x00, 0x00, 0x00, 0x00, 0x00, 0x00, 0x00, 0x00, 0x00, 0x00, 0x00, 0xbf, 0xf7, 0x9f, 0xef,
    0x9e, 0xef, 0x00, 0x00, 0x00, 0x00, 0x00, 0x00, 0x5e, 0xe7, 0x5e, 0xe7, 0xaf, 0x6b, 0x61, 0x08,
    0x00, 0x00, 0x61, 0x08, 0xaf, 0x73, 0x7e, 0xef, 0x9e, 0xef, 0xbf, 0xf7, 0xbf, 0xf7, 0xbf, 0xf7,
    0xbf, 0xf7, 0xbf, 0xf7, 0xbf, 0xf7, 0xbf, 0xf7, 0xbf, 0xf7, 0x00, 0x00, 0x00, 0x00, 0x00, 0x00,
    0x00, 0x00, 0x00, 0x00, 0x00, 0x00, 0x00, 0x00, 0x9f, 0xf7, 0xbf, 0xf7, 0xbf, 0xf7, 0x9f, 0xef,
    0x9e, 0xef, 0x9f, 0xef, 0x7e, 0xef, 0x7e, 0xef, 0x5e, 0xe7, 0x5e, 0xe7, 0xaf, 0x6b, 0x61, 0x08,
    0x00, 0x00, 0x61, 0x08, 0xaf, 0x73, 0x7e, 0xef, 0x9e, 0xef, 0xbf, 0xf7, 0xbf, 0xf7, 0xbf, 0xf7,
    0xbf, 0xf7, 0xbf, 0xf7, 0xbf, 0xf7, 0xbf, 0xf7, 0xbf, 0xf7, 0x00, 0x00, 0x00, 0x00, 0x00, 0x00,
    0x00, 0x00, 0x00, 0x00, 0x00, 0x00, 0x00, 0x00, 0x9f, 0xf7, 0xbf, 0xf7, 0xbf, 0xf7, 0x9f, 0xef,
    0x9e, 0xef, 0x9f, 0xef, 0x7e, 0xef, 0x7e, 0xef, 0x5e, 0xe7, 0x5e, 0xe7, 0xaf, 0x6b, 0x61, 0x08,
    0x00, 0x00, 0x61, 0x08, 0xaf, 0x73, 0x7e, 0xef, 0x9e, 0xef, 0xbf, 0xf7, 0x00, 0x00, 0x00, 0x00,
    0x00, 0x00, 0xbf, 0xf7, 0xbf, 0xf7, 0x00, 0x00, 0x00, 0x00, 0x00, 0x00, 0x00, 0x00, 0x00, 0x00,
    0x00, 0x00, 0x00, 0x00, 0x00, 0x00, 0x00, 0x00, 0x00, 0x00, 0x00, 0x00, 0xbf, 0xf7, 0x9f, 0xef,
    0x00, 0x00, 0x00, 0x00, 0x00, 0x00, 0x7e, 0xef, 0x5e, 0xe7, 0x5e, 0xe7, 0xaf, 0x6b, 0x61, 0x08,
    0x00, 0x00, 0x61, 0x08, 0xaf, 0x73, 0x7e, 0xef, 0x00, 0x00, 0x00, 0x00, 0x00, 0x00, 0x00, 0x00,
    0xbf, 0xf7, 0xbf, 0xf7, 0xbf, 0xf7, 0x00, 0x00, 0xbf, 0xf7, 0x00, 0x00, 0x00, 0x00, 0x00, 0x00,
    0x00, 0x00, 0x00, 0x00, 0x00, 0x00, 0x00, 0x00, 0x9f, 0xf7, 0x00, 0x00, 0xbf, 0xf7, 0x9f, 0xef,
    0x9e, 0xef, 0x00, 0x00, 0x00, 0x00, 0x00, 0x00, 0x00, 0x00, 0x5e, 0xe7, 0xaf, 0x6b, 0x61, 0x08,
    0x00, 0x00, 0x61, 0x08, 0xaf, 0x73, 0x7e, 0xef, 0x9e, 0xef, 0xbf, 0xf7, 0xbf, 0xf7, 0xbf, 0xf7,
    0xbf, 0xf7, 0xbf, 0xf7, 0xbf, 0xf7, 0xbf, 0xf7, 0xbf, 0xf7, 0x00, 0x00, 0x00, 0x00, 0x00, 0x00,
    0x00, 0x00, 0x00, 0x00, 0x00, 0x00, 0x00, 0x00, 0x9f, 0xf7, 0xbf, 0xf7, 0xbf, 0xf7, 0x9f, 0xef,
    0x9e, 0xef, 0x9f, 0xef, 0x7e, 0xef, 0x7e, 0xef, 0x5e, 0xe7, 0x5e, 0xe7, 0xaf, 0x6b, 0x61, 0x08,
    0x00, 0x00, 0x61, 0x08, 0xaf, 0x73, 0x7e, 0xef, 0x9e, 0xef, 0xbf, 0xf7, 0xbf, 0xf7, 0xbf, 0xf7,
    0xbf, 0xf7, 0xbf, 0xf7, 0xbf, 0xf7, 0xbf, 0xf7, 0xbf, 0xf7, 0x00, 0x00, 0x00, 0x00, 0x00, 0x00,
    0x00, 0x00, 0x00, 0x00, 0x00, 0x00, 0x00, 0x00, 0x9f, 0xf7, 0xbf, 0xf7, 0xbf, 0xf7, 0x9f, 0xef,
    0x9e, 0xef, 0x9f, 0xef, 0x7e, 0xef, 0x7e, 0xef, 0x5e, 0xe7, 0x5e, 0xe7, 0xaf, 0x6b, 0x61, 0x08,
    0x00, 0x00, 0x61, 0x08, 0xaf, 0x73, 0x7e, 0xef, 0x9e, 0xef, 0x00, 0x00, 0x00, 0x00, 0x00, 0x00,
    0xbf, 0xf7, 0xbf, 0xf7, 0xbf, 0xf7, 0x00, 0x00, 0x00, 0x00, 0x00, 0x00, 0x00, 0x00, 0x00, 0x00,
    0x00, 0x00, 0x00, 0x00, 0x00, 0x00, 0x00, 0x00, 0x00, 0x00, 0x00, 0x00, 0xbf, 0xf7, 0x9f, 0xef,
    0x9e, 0xef, 0x00, 0x00, 0x00, 0x00, 0x00, 0x00, 0x5e, 0xe7, 0x5e, 0xe7, 0xaf, 0x6b, 0x61, 0x08,
    0x00, 0x00, 0x61, 0x08, 0xaf, 0x73, 0x7e, 0xef, 0x9e, 0xef, 0xbf, 0xf7, 0xbf, 0xf7, 0xbf, 0xf7,
    0xbf, 0xf7, 0xbf, 0xf7, 0xbf, 0xf7, 0xbf, 0xf7, 0xbf, 0xf7, 0x00, 0x00, 0x00, 0x00, 0x00, 0x00,
    0x00, 0x00, 0x00, 0x00, 0x00, 0x00, 0x00, 0x00, 0x9f, 0xf7, 0xbf, 0xf7, 0xbf, 0xf7, 0x9f, 0xef,
    0x9e, 0xef, 0x9f, 0xef, 0x7e, 0xef, 0x7e, 0xef, 0x5e, 0xe7, 0x5e, 0xe7, 0xaf, 0x6b, 0x61, 0x08,
    0x00, 0x00, 0x61, 0x08, 0xaf, 0x73, 0x7e, 0xef, 0x9e, 0xef, 0xbf, 0xf7, 0xbf, 0xf7, 0xbf, 0xf7,
    0xbf, 0xf7, 0xbf, 0xf7, 0xbf, 0xf7, 0xbf, 0xf7, 0xbf, 0xf7, 0x00, 0x00, 0x00, 0x00, 0x00, 0x00,
    0x00, 0x00, 0x00, 0x00, 0x00, 0x00, 0x00, 0x00, 0x9f, 0xf7, 0xbf, 0xf7, 0xbf, 0xf7, 0x9f, 0xef,
    0x9e, 0xef, 0x9f, 0xef, 0x7e, 0xef, 0x7e, 0xef, 0x5e, 0xe7, 0x5e, 0xe7, 0xaf, 0x6b, 0x61, 0x08,
    0x00, 0x00, 0x61, 0x08, 0xaf, 0x73, 0x7e, 0xef, 0x9e, 0xef, 0xbf, 0xf7, 0x00, 0x00, 0x00, 0x00,
    0x00, 0x00, 0xbf, 0xf7, 0xbf, 0xf7, 0x00, 0x00, 0x00, 0x00, 0x00, 0x00, 0x00, 0x00, 0x00, 0x00,
    0x00, 0x00, 0x00, 0x00, 0x00, 0x00, 0x00, 0x00, 0x00, 0x00, 0x00, 0x00, 0xbf, 0xf7, 0x9f, 0xef,
    0x00, 0x00, 0x00, 0x00, 0x00, 0x00, 0x7e, 0xef, 0x5e, 0xe7, 0x5e, 0xe7, 0xaf, 0x6b, 0x61, 0x08,
    0x00, 0x00, 0x61, 0x08, 0xaf, 0x73, 0x7e, 0xef, 0x00, 0x00, 0x00, 0x00, 0x00, 0x00, 0x00, 0x00,
    0xbf, 0xf7, 0xbf, 0xf7, 0xbf, 0xf7, 0x00, 0x00, 0xbf, 0xf7, 0x00, 0x00, 0x00, 0x00, 0x00, 0x00,
    0x00, 0x00, 0x00, 0x00, 0x00, 0x00, 0x00, 0x00, 0x9f, 0xf7, 0x00, 0x00, 0xbf, 0xf7, 0x9f, 0xef,
    0x9e, 0xef, 0x00, 0x00, 0x00, 0x00, 0x00, 0x00, 0x00, 0x00, 0x5e, 0xe7, 0xaf, 0x6b, 0x61, 0x08,
    0x00, 0x00, 0x61, 0x08, 0xaf, 0x73, 0x7e, 0xef, 0x9e, 0xef, 0xbf, 0xf7, 0xbf, 0xf7, 0xbf, 0xf7,
    0xbf, 0xf7, 0xbf, 0xf7, 0xbf, 0xf7, 0xbf, 0xf7, 0xbf, 0xf7, 0x00, 0x00, 0x00, 0x00, 0x00, 0x00,
    0x00, 0x00, 0x00, 0x00, 0x00, 0x00, 0x00, 0x00, 0x9f, 0xf7, 0xbf, 0xf7, 0xbf, 0xf7, 0x9f, 0xef,
    0x9e, 0xef, 0x9f, 0xef, 0x7e, 0xef, 0x7e, 0xef, 0x5e, 0xe7, 0x5e, 0xe7, 0xaf, 0x6b, 0x61, 0x08,
    0x00, 0x00, 0x61, 0x08, 0xaf, 0x73, 0x7e, 0xef, 0x9e, 0xef, 0xbf, 0xf7, 0xbf, 0xf7, 0xbf, 0xf7,
    0xbf, 0xf7, 0xbf, 0xf7, 0xbf, 0xf7, 0xbf, 0xf7, 0xbf, 0xf7, 0x00, 0x00, 0x00, 0x00, 0x00, 0x00,
    0x00, 0x00, 0x00, 0x00, 0x00, 0x00, 0x00, 0x00, 0x9f, 0xf7, 0xbf, 0xf7, 0xbf, 0xf7, 0x9f, 0xef,
    0x9e, 0xef, 0x9f, 0xef, 0x7e, 0xef, 0x7e, 0xef, 0x5e, 0xe7, 0x5e, 0xe7, 0xaf, 0x6b, 0x61, 0x08,
    0x00, 0x00, 0x61, 0x08, 0xaf, 0x73, 0x7e, 0xef, 0x9e, 0xef, 0x00, 0x00, 0x00, 0x00, 0x00, 0x00,
    0xbf, 0xf7, 0xbf, 0xf7, 0xbf, 0xf7, 0x00, 0x00, 0xbf, 0xf7, 0x00, 0x00, 0x00, 0x00, 0x00, 0x00,
    0x00, 0x00, 0x00, 0x00, 0x00, 0x00, 0x00, 0x00, 0x9f, 0xf7, 0xbf, 0xf7, 0xbf, 0xf7, 0x00, 0x00,
    0x00, 0x00, 0x00, 0x00, 0x7e, 0xef, 0x7e, 0xef, 0x5e, 0xe7, 0x5e, 0xe7, 0xaf, 0x6b, 0x61, 0x08,
    0x00, 0x00, 0x61, 0x08, 0xaf, 0x73, 0x7e, 0xef, 0x9e, 0xef, 0xbf, 0xf7, 0xbf, 0xf7, 0xbf, 0xf7,
    0xbf, 0xf7, 0x00, 0x00, 0x00, 0x00, 0x00, 0x00, 0x00, 0x00, 0x00, 0x00, 0x00, 0x00, 0x00, 0x00,
    0x00, 0x00, 0x00, 0x00, 0xbf, 0xf7, 0xbf, 0xf7, 0x9f, 0xf7, 0xbf, 0xf7, 0xbf, 0xf7, 0x9f, 0xef,
    0x9e, 0xef, 0x9f, 0xef, 0x7e, 0xef, 0x7e, 0xef, 0x5e, 0xe7, 0x5e, 0xe7, 0xaf, 0x6b, 0x61, 0x08,
    0x00, 0x00, 0x61, 0x08, 0xaf, 0x73, 0x00, 0x00, 0x9e, 0xef, 0xbf, 0xf7, 0xbf, 0xf7, 0xbf, 0xf7,
    0xbf, 0xf7, 0x00, 0x00, 0x00, 0x00, 0x00, 0x00, 0x00, 0x00, 0x00, 0x00, 0xbf, 0xf7, 0xbf, 0xf7,
    0xbf, 0xf7, 0xdf, 0xf7, 0xbf, 0xf7, 0x00, 0x00, 0x9f, 0xf7, 0xbf, 0xf7, 0xbf, 0xf7, 0x9f, 0xef,
    0x9e, 0xef, 0x9f, 0xef, 0x7e, 0xef, 0x7e, 0xef, 0x5e, 0xe7, 0x5e, 0xe7, 0xaf, 0x6b, 0x61, 0x08,
    0x00, 0x00, 0x61, 0x08, 0xaf, 0x73, 0x7e, 0xef, 0x9e, 0xef, 0xbf, 0xf7, 0xbf, 0xf7, 0x00, 0x00,
    0x00, 0x00, 0x00, 0x00, 0x00, 0x00, 0xbf, 0xf7, 0xbf, 0xf7, 0xdf, 0xf7, 0xbf, 0xf7, 0xbf, 0xf7,
    0xbf, 0xf7, 0xdf, 0xf7, 0xbf, 0xf7, 0xbf, 0xf7, 0x9f, 0xf7, 0xbf, 0xf7, 0xbf, 0xf7, 0x9f, 0xef,
    0x9e, 0xef, 0x9f, 0xef, 0x7e, 0xef, 0x7e, 0xef, 0x5e, 0xe7, 0x5e, 0xe7, 0xaf, 0x6b, 0x61, 0x08,
    0x00, 0x00, 0x61, 0x08, 0xaf, 0x73, 0x7e, 0xef, 0x9e, 0xef, 0x00, 0x00, 0x00, 0x00, 0x00, 0x00,
    0x00, 0x00, 0xbf, 0xf7, 0xbf, 0xf7, 0xbf, 0xf7, 0xbf, 0xf7, 0xdf, 0xf7, 0xbf, 0xf7, 0xbf, 0xf7,
    0xbf, 0xf7, 0xdf, 0xf7, 0xbf, 0xf7, 0xbf, 0xf7, 0x9f, 0xf7, 0xbf, 0xf7, 0xbf, 0xf7, 0x9f, 0xef,
    0x9e, 0xef, 0x9f, 0xef, 0x7e, 0xef, 0x7e, 0xef, 0x5e, 0xe7, 0x5e, 0xe7, 0xaf, 0x6b, 0x61, 0x08,
    0x00, 0x00, 0x61, 0x08, 0xaf, 0x73, 0x7e, 0xef, 0x9e, 0xef, 0x00, 0x00, 0x00, 0x00, 0x00, 0x00,
    0xbf, 0xf7, 0xbf, 0xf7, 0xbf, 0xf7, 0xbf, 0xf7, 0xbf, 0xf7, 0xdf, 0xf7, 0xbf, 0xf7, 0xbf, 0xf7,
    0xbf, 0xf7, 0xdf, 0xf7, 0xbf, 0xf7, 0xbf, 0xf7, 0x9f, 0xf7, 0xbf, 0xf7, 0xbf, 0xf7, 0x9f, 0xef,
    0x9e, 0xef, 0x9f, 0xef, 0x7e, 0xef, 0x7e, 0xef, 0x5e, 0xe7, 0x5e, 0xe7, 0xaf, 0x6b, 0x61, 0x08,
    0x00, 0x00, 0x61, 0x08, 0xaf, 0x73, 0x7e, 0xef, 0x9e, 0xef, 0xbf, 0xf7, 0x00, 0x00, 0x00, 0x00,
    0x00, 0x00, 0x00, 0x00, 0x00, 0x00, 0xbf, 0xf7, 0xbf, 0xf7, 0xdf, 0xf7, 0xbf, 0xf7, 0xbf, 0xf7,
    0xbf, 0xf7, 0xdf, 0xf7, 0xbf, 0xf7, 0xbf, 0xf7, 0x9f, 0xf7, 0xbf, 0xf7, 0xbf, 0xf7, 0x9f, 0xef,
    0x9e, 0xef, 0x9f, 0xef, 0x7e, 0xef, 0x7e, 0xef, 0x5e, 0xe7, 0x5e, 0xe7, 0xaf, 0x6b, 0x61, 0x08,
    0x00, 0x00, 0x61, 0x08, 0xaf, 0x73, 0x7e, 0xef, 0x9e, 0xef, 0xbf, 0xf7, 0x00, 0x00, 0x00, 0x00,
    0x00, 0x00, 0x00, 0x00, 0x00, 0x00, 0x00, 0x00, 0x00, 0x00, 0x00, 0x00, 0x00, 0x00, 0x00, 0x00,
    0x00, 0x00, 0xdf, 0xf7, 0xbf, 0xf7, 0xbf, 0xf7, 0x9f, 0xf7, 0xbf, 0xf7, 0xbf, 0xf7, 0x9f, 0xef,
    0x9e, 0xef, 0x9f, 0xef, 0x7e, 0xef, 0x7e, 0xef, 0x5e, 0xe7, 0x5e, 0xe7, 0xaf, 0x6b, 0x61, 0x08,
    0x00, 0x00, 0x61, 0x08, 0xaf, 0x73, 0x7e, 0xef, 0x9e, 0xef, 0xbf, 0xf7, 0xbf, 0xf7, 0xbf, 0xf7,
    0xbf, 0xf7, 0xbf, 0xf7, 0xbf, 0xf7, 0xbf, 0xf7, 0xbf, 0xf7, 0xdf, 0xf7, 0xbf, 0xf7, 0x00, 0x00,
    0x00, 0x00, 0x00, 0x00, 0x00, 0x00, 0xbf, 0xf7, 0x9f, 0xf7, 0xbf, 0xf7, 0xbf, 0xf7, 0x9f, 0xef,
    0x9e, 0xef, 0x9f, 0xef, 0x7e, 0xef, 0x7e, 0xef, 0x5e, 0xe7, 0x5e, 0xe7, 0xaf, 0x6b, 0x61, 0x08,
    0x00, 0x00, 0x61, 0x08, 0xaf, 0x73, 0x7e, 0xef, 0x9e, 0xef, 0xbf, 0xf7, 0xbf, 0xf7, 0xbf, 0xf7,
    0xbf, 0xf7, 0xbf, 0xf7, 0xbf, 0xf7, 0xbf, 0xf7, 0xbf, 0xf7, 0xdf, 0xf7, 0xbf, 0xf7, 0xbf, 0xf7,
    0xbf, 0xf7, 0xdf, 0xf7, 0xbf, 0xf7, 0xbf, 0xf7, 0x9f, 0xf7, 0x00, 0x00, 0x00, 0x00, 0x00, 0x00,
    0x9e, 0xef, 0x9f, 0xef, 0x7e, 0xef, 0x7e, 0xef, 0x5e, 0xe7, 0x5e, 0xe7, 0xaf, 0x6b, 0x61, 0x08,
    0x00, 0x00, 0x61, 0x08, 0xaf, 0x73, 0x7e, 0xef, 0x9e, 0xef, 0xbf, 0xf7, 0xbf, 0xf7, 0xbf, 0xf7,
    0xbf, 0xf7, 0xbf, 0xf7, 0xbf, 0xf7, 0xbf, 0xf7, 0xbf, 0xf7, 0xdf, 0xf7, 0xbf, 0xf7, 0xbf, 0xf7,
    0xbf, 0xf7, 0xdf, 0xf7, 0xbf, 0xf7, 0xbf, 0xf7, 0x9f, 0xf7, 0xbf, 0xf7, 0xbf, 0xf7, 0x9f, 0xef,
    0x9e, 0xef, 0x9f, 0xef, 0x00, 0x00, 0x7e, 0xef, 0x00, 0x00, 0x00, 0x00, 0x00, 0x00, 0x61, 0x08,
    0x00, 0x00, 0x61, 0x08, 0xaf, 0x73, 0x7e, 0xef, 0x9e, 0xef, 0xbf, 0xf7, 0xbf, 0xf7, 0xbf, 0xf7,
    0xbf, 0xf7, 0xbf, 0xf7, 0xbf, 0xf7, 0xbf, 0xf7, 0xbf, 0xf7, 0xdf, 0xf7, 0xbf, 0xf7, 0xbf, 0xf7,
    0xbf, 0xf7, 0xdf, 0xf7, 0xbf, 0xf7, 0xbf, 0xf7, 0x9f, 0xf7, 0xbf, 0xf7, 0xbf, 0xf7, 0x9f, 0xef,
    0x9e, 0xef, 0x9f, 0xef, 0x7e, 0xef, 0x7e, 0xef, 0x5e, 0xe7, 0x5e, 0xe7, 0xaf, 0x6b, 0x61, 0x08,
    0x00, 0x00, 0x41, 0x08, 0x6e, 0x6b, 0x7e, 0xef, 0x9e, 0xef, 0x9e, 0xef, 0xbf, 0xf7, 0xbf, 0xf7,
    0xbf, 0xf7, 0xbf, 0xf7, 0xdf, 0xf7, 0xbf, 0xf7, 0xbf, 0xf7, 0xbf, 0xf7, 0xdf, 0xf7, 0xbf, 0xf7,
    0xbf, 0xf7, 0xbf, 0xf7, 0xbf, 0xf7, 0xbf, 0xf7, 0xbf, 0xf7, 0x9f, 0xf7, 0xbf, 0xf7, 0x9f, 0xf7,
    0x9f, 0xef, 0x7e, 0xef, 0x9f, 0xef, 0x7e, 0xef, 0x7e, 0xe7, 0x3e, 0xe7, 0x4e, 0x6b, 0x61, 0x08,
    0x00, 0x00, 0x41, 0x08, 0x6e, 0x6b, 0x7e, 0xef, 0x9e, 0xef, 0x9e, 0xef, 0xbf, 0xf7, 0xbf, 0xf7,
    0xbf, 0xf7, 0xbf, 0xf7, 0xdf, 0xf7, 0xbf, 0xf7, 0xbf, 0xf7, 0xbf, 0xf7, 0xdf, 0xf7, 0xbf, 0xf7,
    0xbf, 0xf7, 0xbf, 0xf7, 0xbf, 0xf7, 0xbf, 0xf7, 0xbf, 0xf7, 0x9f, 0xf7, 0xbf, 0xf7, 0x9f, 0xf7,
    0x9f, 0xef, 0x7e, 0xef, 0x9f, 0xef, 0x7e, 0xef, 0x7e, 0xe7, 0x3e, 0xe7, 0x4e, 0x6b, 0x61, 0x08,
    0x00, 0x00, 0x41, 0x08, 0x6e, 0x6b, 0x7e, 0xef, 0x9e, 0xef, 0x9e, 0xef, 0xbf, 0xf7, 0xbf, 0xf7,
    0xbf, 0xf7, 0xbf, 0xf7, 0xdf, 0xf7, 0xbf, 0xf7, 0xbf, 0xf7, 0xbf, 0xf7, 0xdf, 0xf7, 0xbf, 0xf7,
    0xbf, 0xf7, 0xbf, 0xf7, 0xbf, 0xf7, 0xbf, 0xf7, 0xbf, 0xf7, 0x9f, 0xf7, 0xbf, 0xf7, 0x9f, 0xf7,
    0x9f, 0xef, 0x7e, 0xef, 0x9f, 0xef, 0x7e, 0xef, 0x7e, 0xe7, 0x3e, 0xe7, 0x4e, 0x6b, 0x61, 0x08,
    0x00, 0x00, 0x41, 0x08, 0x6e, 0x6b, 0x7e, 0xef, 0x9e, 0xef, 0x9e, 0xef, 0xbf, 0xf7, 0xbf, 0xf7,
    0xbf, 0xf7, 0xbf, 0xf7, 0xdf, 0xf7, 0xbf, 0xf7, 0xbf, 0xf7, 0xbf, 0xf7, 0xdf, 0xf7, 0xbf, 0xf7,
    0xbf, 0xf7, 0xbf, 0xf7, 0xbf, 0xf7, 0xbf, 0xf7, 0xbf, 0xf7, 0x9f, 0xf7, 0xbf, 0xf7, 0x9f, 0xf7,
    0x9f, 0xef, 0x7e, 0xef, 0x9f, 0xef, 0x7e, 0xef, 0x7e, 0xe7, 0x3e, 0xe7, 0x4e, 0x6b, 0x61, 0x08,
    0x00, 0x00, 0x41, 0x08, 0x6e, 0x6b, 0x7e, 0xef, 0x9e, 0xef, 0x9e, 0xef, 0xbf, 0xf7, 0xbf, 0xf7,
    0xbf, 0xf7, 0xbf, 0xf7, 0xdf, 0xf7, 0xbf, 0xf7, 0xbf, 0xf7, 0xbf, 0xf7, 0xdf, 0xf7, 0xbf, 0xf7,
    0xbf, 0xf7, 0xbf, 0xf7, 0xbf, 0xf7, 0xbf, 0xf7, 0xbf, 0xf7, 0x9f, 0xf7, 0xbf, 0xf7, 0x9f, 0xf7,
    0x9f, 0xef, 0x7e, 0xef, 0x9f, 0xef, 0x7e, 0xef, 0x7e, 0xe7, 0x3e, 0xe7, 0x4e, 0x6b, 0x61, 0x08,
    0x00, 0x00, 0x41, 0x08, 0x6e, 0x6b, 0x7e, 0xef, 0x9e, 0xef, 0x9e, 0xef, 0xbf, 0xf7, 0xbf, 0xf7,
    0xbf, 0xf7, 0xbf, 0xf7, 0xdf, 0xf7, 0xbf, 0xf7, 0xbf, 0xf7, 0xbf, 0xf7, 0xdf, 0xf7, 0xbf, 0xf7,
    0xbf, 0xf7, 0xbf, 0xf7, 0xbf, 0xf7, 0xbf, 0xf7, 0xbf, 0xf7, 0x9f, 0xf7, 0xbf, 0xf7, 0x9f, 0xf7,
    0x9f, 0xef, 0x7e, 0xef, 0x9f, 0xef, 0x7e, 0xef, 0x7e, 0xe7, 0x3e, 0xe7, 0x4e, 0x6b, 0x61, 0x08,
    0x00, 0x00, 0x41, 0x08, 0x6e, 0x6b, 0x7e, 0xef, 0x9e, 0xef, 0x9e, 0xef, 0xbf, 0xf7, 0xbf, 0xf7,
    0xbf, 0xf7, 0xbf, 0xf7, 0xdf, 0xf7, 0xbf, 0xf7, 0xbf, 0xf7, 0xbf, 0xf7, 0xdf, 0xf7, 0xbf, 0xf7,
    0xbf, 0xf7, 0xbf, 0xf7, 0xbf, 0xf7, 0xbf, 0xf7, 0xbf, 0xf7, 0x9f, 0xf7, 0xbf, 0xf7, 0x9f, 0xf7,
    0x9f, 0xef, 0x7e, 0xef, 0x9f, 0xef, 0x7e, 0xef, 0x7e, 0xe7, 0x3e, 0xe7, 0x4e, 0x6b, 0x61, 0x08,
    0x00, 0x00, 0x41, 0x08, 0x6e, 0x6b, 0x7e, 0xef, 0x9e, 0xef, 0x9e, 0xef, 0xbf, 0xf7, 0xbf, 0xf7,
    0x00, 0x00, 0x00, 0x00, 0x00, 0x00, 0xbf, 0xf7, 0x00, 0x00, 0x00, 0x00, 0x00, 0x00, 0xbf, 0xf7,
    0xbf, 0xf7, 0xbf, 0xf7, 0xbf, 0xf7, 0xbf, 0xf7, 0xbf, 0xf7, 0x9f, 0xf7, 0xbf, 0xf7, 0x9f, 0xf7,
    0x9f, 0xef, 0x7e, 0xef, 0x9f, 0xef, 0x7e, 0xef, 0x7e, 0xe7, 0x3e, 0xe7, 0x4e, 0x6b, 0x61, 0x08,
    0x00, 0x00, 0x41, 0x08, 0x6e, 0x6b, 0x7e, 0xef, 0x9e, 0xef, 0x9e, 0xef, 0xbf, 0xf7, 0xbf, 0xf7,
    0xbf, 0xf7, 0xbf, 0xf7, 0xdf, 0xf7, 0x00, 0x00, 0x00, 0x00, 0x00, 0x00, 0xdf, 0xf7, 0x00, 0x00,
    0x00, 0x00, 0x00, 0x00, 0xbf, 0xf7, 0xbf, 0xf7, 0xbf, 0xf7, 0x9f, 0xf7, 0xbf, 0xf7, 0x9f, 0xf7,
    0x9f, 0xef, 0x7e, 0xef, 0x9f, 0xef, 0x7e, 0xef, 0x7e, 0xe7, 0x3e, 0xe7, 0x4e, 0x6b, 0x61, 0x08,
    0x00, 0x00, 0x41, 0x08, 0x6e, 0x6b, 0x7e, 0xef, 0x9e, 0xef, 0x9e, 0xef, 0xbf, 0xf7, 0xbf, 0xf7,
    0xbf, 0xf7, 0xbf, 0xf7, 0xdf, 0xf7, 0xbf, 0xf7, 0xbf, 0xf7, 0xbf, 0xf7, 0xdf, 0xf7, 0xbf, 0xf7,
    0xbf, 0xf7, 0xbf, 0xf7, 0x00, 0x00, 0x00, 0x00, 0xbf, 0xf7, 0x9f, 0xf7, 0xbf, 0xf7, 0x9f, 0xf7,
    0x9f, 0xef, 0x7e, 0xef, 0x9f, 0xef, 0x7e, 0xef, 0x7e, 0xe7, 0x3e, 0xe7, 0x4e, 0x6b, 0x61, 0x08,
    0x00, 0x00, 0x41, 0x08, 0x6e, 0x6b, 0x7e, 0xef, 0x9e, 0xef, 0x9e, 0xef, 0xbf, 0xf7, 0xbf, 0xf7,
    0xbf, 0xf7, 0xbf, 0xf7, 0xdf, 0xf7, 0xbf, 0xf7, 0xbf, 0xf7, 0xbf, 0xf7, 0xdf, 0xf7, 0xbf, 0xf7,
    0xbf, 0xf7, 0xbf, 0xf7, 0xbf, 0xf7, 0xbf, 0xf7, 0x00, 0x00, 0x00, 0x00, 0x00, 0x00, 0x9f, 0xf7,
    0x9f, 0xef, 0x7e, 0xef, 0x9f, 0xef, 0x7e, 0xef, 0x7e, 0xe7, 0x3e, 0xe7, 0x4e, 0x6b, 0x61, 0x08,
    0x00, 0x00, 0x41, 0x08, 0x6e, 0x6b, 0x7e, 0xef, 0x9e, 0xef, 0x9e, 0xef, 0xbf, 0xf7, 0xbf, 0xf7,
    0xbf, 0xf7, 0xbf, 0xf7, 0xdf, 0xf7, 0xbf, 0xf7, 0xbf, 0xf7, 0xbf, 0xf7, 0xdf, 0xf7, 0xbf, 0xf7,
    0xbf, 0xf7, 0xbf, 0xf7, 0xbf, 0xf7, 0xbf, 0xf7, 0xbf, 0xf7, 0x00, 0x00, 0x00, 0x00, 0x00, 0x00,
    0x00, 0x00, 0x00, 0x00, 0x9f, 0xef, 0x7e, 0xef, 0x7e, 0xe7, 0x3e, 0xe7, 0x4e, 0x6b, 0x61, 0x08,
    0x00, 0x00, 0x41, 0x08, 0x6e, 0x6b, 0x7e, 0xef, 0x9e, 0xef, 0x9e, 0xef, 0xbf, 0xf7, 0xbf, 0xf7,
    0xbf, 0xf7, 0xbf, 0xf7, 0xdf, 0xf7, 0xbf, 0xf7, 0xbf, 0xf7, 0xbf, 0xf7, 0xdf, 0xf7, 0xbf, 0xf7,
    0xbf, 0xf7, 0xbf, 0xf7, 0xbf, 0xf7, 0xbf, 0xf7, 0xbf, 0xf7, 0x9f, 0xf7, 0xbf, 0xf7, 0x9f, 0xf7,
    0x9f, 0xef, 0x00, 0x00, 0x00, 0x00, 0x7e, 0xef, 0x7e, 0xe7, 0x3e, 0xe7, 0x4e, 0x6b, 0x61, 0x08,
    0x00, 0x00, 0x41, 0x08, 0x6e, 0x6b, 0x7e, 0xef, 0x9e, 0xef, 0x9e, 0xef, 0xbf, 0xf7, 0xbf, 0xf7,
    0xbf, 0xf7, 0xbf, 0xf7, 0xdf, 0xf7, 0xbf, 0xf7, 0xbf, 0xf7, 0xbf, 0xf7, 0xdf, 0xf7, 0xbf, 0xf7,
    0xbf, 0xf7, 0xbf, 0xf7, 0xbf, 0xf7, 0xbf, 0xf7, 0xbf, 0xf7, 0x00, 0x00, 0x00, 0x00, 0x00, 0x00,
    0x00, 0x00, 0x00, 0x00, 0x00, 0x00, 0x00, 0x00, 0x00, 0x00, 0x00, 0x00, 0x00, 0x00, 0x00, 0x00,
    0x00, 0x00, 0x41, 0x08, 0x6e, 0x6b, 0x7e, 0xef, 0x9e, 0xef, 0x9e, 0xef, 0xbf, 0xf7, 0xbf, 0xf7,
    0xbf, 0xf7, 0xbf, 0xf7, 0xdf, 0xf7, 0xbf, 0xf7, 0xbf, 0xf7, 0xbf, 0xf7, 0xdf, 0xf7, 0xbf, 0xf7,
    0xbf, 0xf7, 0xbf, 0xf7, 0xbf, 0xf7, 0xbf, 0xf7, 0xbf, 0xf7, 0x9f, 0xf7, 0xbf, 0xf7, 0x00, 0x00,
    0x00, 0x00, 0x00, 0x00, 0x00, 0x00, 0x00, 0x00, 0x7e, 0xe7, 0x3e, 0xe7, 0x4e, 0x6b, 0x61, 0x08,
    0x00, 0x00, 0x41, 0x08, 0x6e, 0x6b, 0x7e, 0xef, 0x9e, 0xef, 0x9e, 0xef, 0xbf, 0xf7, 0xbf, 0xf7,
    0xbf, 0xf7, 0xbf, 0xf7, 0xdf, 0xf7, 0xbf, 0xf7, 0xbf, 0xf7, 0xbf, 0xf7, 0xdf, 0xf7, 0xbf, 0xf7,
    0xbf, 0xf7, 0xbf, 0xf7, 0xbf, 0xf7, 0xbf, 0xf7, 0xbf, 0xf7, 0x9f, 0xf7, 0xbf, 0xf7, 0x00, 0x00,
    0x00, 0x00, 0x00, 0x00, 0x00, 0x00, 0x7e, 0xef, 0x7e, 0xe7, 0x3e, 0xe7, 0x4e, 0x6b, 0x61, 0x08,
    0x00, 0x00, 0x41, 0x08, 0x6e, 0x6b, 0x7e, 0xef, 0x9e, 0xef, 0x9e, 0xef, 0xbf, 0xf7, 0xbf, 0xf7,
    0xbf, 0xf7, 0xbf, 0xf7, 0xdf, 0xf7, 0xbf, 0xf7, 0xbf, 0xf7, 0xbf, 0xf7, 0xdf, 0xf7, 0xbf, 0xf7,
    0xbf, 0xf7, 0xbf, 0xf7, 0xbf, 0xf7, 0xbf, 0xf7, 0xbf, 0xf7, 0x9f, 0xf7, 0xbf, 0xf7, 0x00, 0x00,
    0x00, 0x00, 0x00, 0x00, 0x00, 0x00, 0x7e, 0xef, 0x7e, 0xe7, 0x3e, 0xe7, 0x4e, 0x6b, 0x61, 0x08,
    0x00, 0x00, 0x41, 0x08, 0x6e, 0x6b, 0x7e, 0xef, 0x9e, 0xef, 0x9e, 0xef, 0xbf, 0xf7, 0xbf, 0xf7,
    0xbf, 0xf7, 0xbf, 0xf7, 0xdf, 0xf7, 0xbf, 0xf7, 0xbf, 0xf7, 0xbf, 0xf7, 0xdf, 0xf7, 0xbf, 0xf7,
    0xbf, 0xf7, 0xbf, 0xf7, 0xbf, 0xf7, 0xbf, 0xf7, 0xbf, 0xf7, 0x00, 0x00, 0x00, 0x00, 0x00, 0x00,
    0x00, 0x00, 0x7e, 0xef, 0x9f, 0xef, 0x7e, 0xef, 0x7e, 0xe7, 0x3e, 0xe7, 0x4e, 0x6b, 0x61, 0x08,
    0x00, 0x00, 0x41, 0x08, 0x6e, 0x6b, 0x7e, 0xef, 0x9e, 0xef, 0x9e, 0xef, 0xbf, 0xf7, 0xbf, 0xf7,
    0xbf, 0xf7, 0xbf, 0xf7, 0xdf, 0xf7, 0xbf, 0xf7, 0xbf, 0xf7, 0xbf, 0xf7, 0x00, 0x00, 0xbf, 0xf7,
    0x00, 0x00, 0xbf, 0xf7, 0xbf, 0xf7, 0x00, 0x00, 0x00, 0x00, 0x00, 0x00, 0x00, 0x00, 0x00, 0x00,
    0x9f, 0xef, 0x7e, 0xef, 0x00, 0x00, 0x7e, 0xef, 0x00, 0x00, 0x3e, 0xe7, 0x4e, 0x6b, 0x61, 0x08,
    0x00, 0x00, 0x41, 0x08, 0x6e, 0x6b, 0x7e, 0xef, 0x9e, 0xef, 0x9e, 0xef, 0xbf, 0xf7, 0xbf, 0xf7,
    0xbf, 0xf7, 0xbf, 0xf7, 0xdf, 0xf7, 0xbf, 0xf7, 0x00, 0x00, 0x00, 0x00, 0xdf, 0xf7, 0xbf, 0xf7,
    0xbf, 0xf7, 0xbf, 0xf7, 0x00, 0x00, 0x00, 0x00, 0x00, 0x00, 0x00, 0x00, 0xbf, 0xf7, 0x9f, 0xf7,
    0x9f, 0xef, 0x7e, 0xef, 0x9f, 0xef, 0x00, 0x00, 0x00, 0x00, 0x3e, 0xe7, 0x4e, 0x6b, 0x61, 0x08,
    0x00, 0x00, 0x41, 0x08, 0x6e, 0x6b, 0x7e, 0xef, 0x9e, 0xef, 0x9e, 0xef, 0xbf, 0xf7, 0xbf, 0xf7,
    0xbf, 0xf7, 0xbf, 0xf7, 0xdf, 0xf7, 0xbf, 0xf7, 0xbf, 0xf7, 0xbf, 0xf7, 0xdf, 0xf7, 0xbf, 0xf7,
    0x00, 0x00, 0x00, 0x00, 0x00, 0x00, 0x00, 0x00, 0x00, 0x00, 0x9f, 0xf7, 0xbf, 0xf7, 0x9f, 0xf7,
    0x9f, 0xef, 0x7e, 0xef, 0x9f, 0xef, 0x7e, 0xef, 0x7e, 0xe7, 0x3e, 0xe7, 0x4e, 0x6b, 0x61, 0x08,
    0x00, 0x00, 0x41, 0x08, 0x6e, 0x6b, 0x7e, 0xef, 0x9e, 0xef, 0x9e, 0xef, 0xbf, 0xf7, 0xbf, 0xf7,
    0xbf, 0xf7, 0xbf, 0xf7, 0xdf, 0xf7, 0xbf, 0xf7, 0xbf, 0xf7, 0xbf, 0xf7, 0xdf, 0xf7, 0x00, 0x00,
    0x00, 0x00, 0x00, 0x00, 0x00, 0x00, 0x00, 0x00, 0x00, 0x00, 0x9f, 0xf7, 0xbf, 0xf7, 0x9f, 0xf7,
    0x9f, 0xef, 0x7e, 0xef, 0x9f, 0xef, 0x7e, 0xef, 0x7e, 0xe7, 0x3e, 0xe7, 0x4e, 0x6b, 0x61, 0x08,
    0x00, 0x00, 0x41, 0x08, 0x6e, 0x6b, 0x7e, 0xef, 0x9e, 0xef, 0x9e, 0xef, 0xbf, 0xf7, 0xbf, 0xf7,
    0xbf, 0xf7, 0xbf, 0xf7, 0xdf, 0xf7, 0xbf, 0xf7, 0xbf, 0xf7, 0xbf, 0xf7, 0x00, 0x00, 0x00, 0x00,
    0x00, 0x00, 0x00, 0x00, 0x00, 0x00, 0x00, 0x00, 0xbf, 0xf7, 0x9f, 0xf7, 0xbf, 0xf7, 0x9f, 0xf7,
    0x9f, 0xef, 0x7e, 0xef, 0x9f, 0xef, 0x7e, 0xef, 0x7e, 0xe7, 0x3e, 0xe7, 0x4e, 0x6b, 0x61, 0x08,
    0x00, 0x00, 0x41, 0x08, 0x6e, 0x6b, 0x7e, 0xef, 0x9e, 0xef, 0x9e, 0xef, 0xbf, 0xf7, 0xbf, 0xf7,
    0xbf, 0xf7, 0xbf, 0xf7, 0xdf, 0xf7, 0xbf, 0xf7, 0xbf, 0xf7, 0x00, 0x00, 0x00, 0x00, 0x00, 0x00,
    0x00, 0x00, 0x00, 0x00, 0x00, 0x00, 0x00, 0x00, 0xbf, 0xf7, 0x9f, 0xf7, 0xbf, 0xf7, 0x9f, 0xf7,
    0x9f, 0xef, 0x7e, 0xef, 0x9f, 0xef, 0x7e, 0xef, 0x7e, 0xe7, 0x3e, 0xe7, 0x4e, 0x6b, 0x61, 0x08,
    0x00, 0x00, 0x41, 0x08, 0x6e, 0x6b, 0x00, 0x00, 0x00, 0x00, 0x00, 0x00, 0x00, 0x00, 0x00, 0x00,
    0xbf, 0xf7, 0xbf, 0xf7, 0xdf, 0xf7, 0xbf, 0xf7, 0xbf, 0xf7, 0x00, 0x00, 0x00, 0x00, 0x00, 0x00,
    0x00, 0x00, 0x00, 0x00, 0x00, 0x00, 0x00, 0x00, 0xbf, 0xf7, 0x9f, 0xf7, 0xbf, 0xf7, 0x9f, 0xf7,
    0x9f, 0xef, 0x00, 0x00, 0x00, 0x00, 0x00, 0x00, 0x00, 0x00, 0x00, 0x00, 0x4e, 0x6b, 0x61, 0x08,
    0x00, 0x00, 0x41, 0x08, 0x6e, 0x6b, 0x7e, 0xef, 0x9e, 0xef, 0x9e, 0xef, 0xbf, 0xf7, 0xbf, 0xf7,
    0xbf, 0xf7, 0xbf, 0xf7, 0xdf, 0xf7, 0xbf, 0xf7, 0xbf, 0xf7, 0x00, 0x00, 0x00, 0x00, 0x00, 0x00,
    0x00, 0x00, 0x00, 0x00, 0x00, 0x00, 0x00, 0x00, 0xbf, 0xf7, 0x9f, 0xf7, 0xbf, 0xf7, 0x9f, 0xf7,
    0x9f, 0xef, 0x7e, 0xef, 0x9f, 0xef, 0x7e, 0xef, 0x7e, 0xe7, 0x3e, 0xe7, 0x4e, 0x6b, 0x61, 0x08,
    0x00, 0x00, 0x41, 0x08, 0x6e, 0x6b, 0x7e, 0xef, 0x9e, 0xef, 0x9e, 0xef, 0xbf, 0xf7, 0xbf, 0xf7,
    0xbf, 0xf7, 0xbf, 0xf7, 0xdf, 0xf7, 0xbf, 0xf7, 0xbf, 0xf7, 0x00, 0x00, 0x00, 0x00, 0x00, 0x00,
    0x00, 0x00, 0x00, 0x00, 0x00, 0x00, 0x00, 0x00, 0xbf, 0xf7, 0x9f, 0xf7, 0xbf, 0xf7, 0x9f, 0xf7,
    0x9f, 0xef, 0x7e, 0xef, 0x9f, 0xef, 0x7e, 0xef, 0x7e, 0xe7, 0x3e, 0xe7, 0x4e, 0x6b, 0x61, 0x08,
    0x00, 0x00, 0x41, 0x08, 0x6e, 0x6b, 0x7e, 0xef, 0x00, 0x00, 0x00, 0x00, 0x00, 0x00, 0x00, 0x00,
    0xbf, 0xf7, 0xbf, 0xf7, 0xdf, 0xf7, 0x00, 0x00, 0x00, 0x00, 0x00, 0x00, 0x00, 0x00, 0x00, 0x00,
    0x00, 0x00, 0x00, 0x00, 0x00, 0x00, 0x00, 0x00, 0x00, 0x00, 0x00, 0x00, 0xbf, 0xf7, 0x9f, 0xf7,
    0x9f, 0xef, 0x00, 0x00, 0x00, 0x00, 0x00, 0x00, 0x00, 0x00, 0x3e, 0xe7, 0x4e, 0x6b, 0x61, 0x08,
    0x00, 0x00, 0x41, 0x08, 0x6e, 0x6b, 0x00, 0x00, 0x00, 0x00, 0x9e, 0xef, 0x00, 0x00, 0x00, 0x00,
    0xbf, 0xf7, 0xbf, 0xf7, 0xdf, 0xf7, 0xbf, 0xf7, 0xbf, 0xf7, 0x00, 0x00, 0x00, 0x00, 0x00, 0x00,
    0x00, 0x00, 0x00, 0x00, 0x00, 0x00, 0x00, 0x00, 0xbf, 0xf7, 0x9f, 0xf7, 0xbf, 0xf7, 0x9f, 0xf7,
    0x9f, 0xef, 0x00, 0x00, 0x00, 0x00, 0x7e, 0xef, 0x00, 0x00, 0x00, 0x00, 0x4e, 0x6b, 0x61, 0x08,
    0x00, 0x00, 0x41, 0x08, 0x6e, 0x6b, 0x7e, 0xef, 0x9e, 0xef, 0x9e, 0xef, 0xbf, 0xf7, 0xbf, 0xf7,
    0xbf, 0xf7, 0xbf, 0xf7, 0xdf, 0xf7, 0xbf, 0xf7, 0xbf, 0xf7, 0xbf, 0xf7, 0x00, 0x00, 0x00, 0x00,
    0x00, 0x00, 0x00, 0x00, 0x00, 0x00, 0xbf, 0xf7, 0xbf, 0xf7, 0x9f, 0xf7, 0xbf, 0xf7, 0x9f, 0xf7,
    0x9f, 0xef, 0x7e, 0xef, 0x9f, 0xef, 0x7e, 0xef, 0x7e, 0xe7, 0x3e, 0xe7, 0x4e, 0x6b, 0x61, 0x08,
    0x00, 0x00, 0x41, 0x08, 0x6e, 0x6b, 0x7e, 0xef, 0x9e, 0xef, 0x9e, 0xef, 0xbf, 0xf7, 0xbf, 0xf7,
    0xbf, 0xf7, 0xbf, 0xf7, 0xdf, 0xf7, 0xbf, 0xf7, 0xbf, 0xf7, 0x00, 0x00, 0x00, 0x00, 0x00, 0x00,
    0x00, 0x00, 0x00, 0x00, 0x00, 0x00, 0x00, 0x00, 0xbf, 0xf7, 0x9f, 0xf7, 0xbf, 0xf7, 0x9f, 0xf7,
    0x9f, 0xef, 0x7e, 0xef, 0x9f, 0xef, 0x7e, 0xef, 0x7e, 0xe7, 0x3e, 0xe7, 0x4e, 0x6b, 0x61, 0x08,
    0x00, 0x00, 0x41, 0x08, 0x6e, 0x6b, 0x00, 0x00, 0x00, 0x00, 0x00, 0x00, 0x00, 0x00, 0x00, 0x00,
    0xbf, 0xf7, 0xbf, 0xf7, 0xdf, 0xf7, 0xbf, 0xf7, 0xbf, 0xf7, 0x00, 0x00, 0x00, 0x00, 0x00, 0x00,
    0x00, 0x00, 0x00, 0x00, 0x00, 0x00, 0x00, 0x00, 0xbf, 0xf7, 0x9f, 0xf7, 0xbf, 0xf7, 0x9f, 0xf7,
    0x9f, 0xef, 0x00, 0x00, 0x00, 0x00, 0x00, 0x00, 0x00, 0x00, 0x00, 0x00, 0x4e, 0x6b, 0x61, 0x08,
    0x00, 0x00, 0x41, 0x08, 0x6e, 0x6b, 0x7e, 0xef, 0x9e, 0xef, 0x9e, 0xef, 0xbf, 0xf7, 0xbf, 0xf7,
    0xbf, 0xf7, 0xbf, 0xf7, 0xdf, 0xf7, 0xbf, 0xf7, 0xbf, 0xf7, 0x00, 0x00, 0x00, 0x00, 0x00, 0x00,
    0x00, 0x00, 0x00, 0x00, 0x00, 0x00, 0x00, 0x00, 0xbf, 0xf7, 0x9f, 0xf7, 0xbf, 0xf7, 0x9f, 0xf7,
    0x9f, 0xef, 0x7e, 0xef, 0x9f, 0xef, 0x7e, 0xef, 0x7e, 0xe7, 0x3e, 0xe7, 0x4e, 0x6b, 0x61, 0x08,
    0x00, 0x00, 0x41, 0x08, 0x6e, 0x6b, 0x7e, 0xef, 0x9e, 0xef, 0x9e, 0xef, 0xbf, 0xf7, 0xbf, 0xf7,
    0xbf, 0xf7, 0xbf, 0xf7, 0xdf, 0xf7, 0xbf, 0xf7, 0xbf, 0xf7, 0x00, 0x00, 0x00, 0x00, 0x00, 0x00,
    0x00, 0x00, 0x00, 0x00, 0x00, 0x00, 0x00, 0x00, 0xbf, 0xf7, 0x9f, 0xf7, 0xbf, 0xf7, 0x9f, 0xf7,
    0x9f, 0xef, 0x7e, 0xef, 0x9f, 0xef, 0x7e, 0xef, 0x7e, 0xe7, 0x3e, 0xe7, 0x4e, 0x6b, 0x61, 0x08,
    0x00, 0x00, 0x41, 0x08, 0x6e, 0x6b, 0x7e, 0xef, 0x00, 0x00, 0x00, 0x00, 0x00, 0x00, 0x00, 0x00,
    0xbf, 0xf7, 0xbf, 0xf7, 0xdf, 0xf7, 0x00, 0x00, 0x00, 0x00, 0x00, 0x00, 0x00, 0x00, 0x00, 0x00,
    0x00, 0x00, 0x00, 0x00, 0x00, 0x00, 0x00, 0x00, 0x00, 0x00, 0x00, 0x00, 0xbf, 0xf7, 0x9f, 0xf7,
    0x9f, 0xef, 0x00, 0x00, 0x00, 0x00, 0x00, 0x00, 0x00, 0x00, 0x3e, 0xe7, 0x4e, 0x6b, 0x61, 0x08,
    0x00, 0x00, 0x41, 0x08, 0x6e, 0x6b, 0x00, 0x00, 0x00, 0x00, 0x9e, 0xef, 0x00, 0x00, 0x00, 0x00,
    0xbf, 0xf7, 0xbf, 0xf7, 0xdf, 0xf7, 0xbf, 0xf7, 0xbf, 0xf7, 0x00, 0x00, 0x00, 0x00, 0x00, 0x00,
    0x00, 0x00, 0x00, 0x00, 0x00, 0x00, 0x00, 0x00, 0xbf, 0xf7, 0x9f, 0xf7, 0xbf, 0xf7, 0x9f, 0xf7,
    0x9f, 0xef, 0x00, 0x00, 0x00, 0x00, 0x7e, 0xef, 0x00, 0x00, 0x00, 0x00, 0x4e, 0x6b, 0x61, 0x08,
    0x00, 0x00, 0x41, 0x08, 0x6e, 0x6b, 0x7e, 0xef, 0x9e, 0xef, 0x9e, 0xef, 0xbf, 0xf7, 0xbf, 0xf7,
    0xbf, 0xf7, 0xbf, 0xf7, 0xdf, 0xf7, 0xbf, 0xf7, 0xbf, 0xf7, 0xbf, 0xf7, 0x00, 0x00, 0x00, 0x00,
    0x00, 0x00, 0x00, 0x00, 0x00, 0x00, 0xbf, 0xf7, 0xbf, 0xf7, 0x9f, 0xf7, 0xbf, 0xf7, 0x9f, 0xf7,
    0x9f, 0xef, 0x7e, 0xef, 0x9f, 0xef, 0x7e, 0xef, 0x7e, 0xe7, 0x3e, 0xe7, 0x4e, 0x6b, 0x61, 0x08,
    0x00, 0x00, 0x41, 0x08, 0x6e, 0x6b, 0x7e, 0xef, 0x9e, 0xef, 0x9e, 0xef, 0xbf, 0xf7, 0xbf, 0xf7,
    0xbf, 0xf7, 0xbf, 0xf7, 0xdf, 0xf7, 0xbf, 0xf7, 0xbf, 0xf7, 0x00, 0x00, 0x00, 0x00, 0x00, 0x00,
    0x00, 0x00, 0x00, 0x00, 0x00, 0x00, 0x00, 0x00, 0xbf, 0xf7, 0x9f, 0xf7, 0xbf, 0xf7, 0x9f, 0xf7,
    0x9f, 0xef, 0x7e, 0xef, 0x9f, 0xef, 0x7e, 0xef, 0x7e, 0xe7, 0x3e, 0xe7, 0x4e, 0x6b, 0x61, 0x08,
    0x00, 0x00, 0x41, 0x08, 0x6e, 0x6b, 0x7e, 0xef, 0x00, 0x00, 0x00, 0x00, 0x00, 0x00, 0x00, 0x00,
    0xbf, 0xf7, 0xbf, 0xf7, 0xdf, 0xf7, 0x00, 0x00, 0xbf, 0xf7, 0x00, 0x00, 0x00, 0x00, 0x00, 0x00,
    0x00, 0x00, 0x00, 0x00, 0x00, 0x00, 0x00, 0x00, 0xbf, 0xf7, 0x9f, 0xf7, 0xbf, 0xf7, 0x00, 0x00,
    0x00, 0x00, 0x00, 0x00, 0x00, 0x00, 0x7e, 0xef, 0x7e, 0xe7, 0x3e, 0xe7, 0x4e, 0x6b, 0x61, 0x08,
    0x00, 0x00, 0x41, 0x08, 0x6e, 0x6b, 0x7e, 0xef, 0x9e, 0xef, 0x9e, 0xef, 0xbf, 0xf7, 0xbf, 0xf7,
    0x00, 0x00, 0x00, 0x00, 0x00, 0x00, 0x00, 0x00, 0x00, 0x00, 0x00, 0x00, 0x00, 0x00, 0x00, 0x00,
    0x00, 0x00, 0x00, 0x00, 0x00, 0x00, 0xbf, 0xf7, 0xbf, 0xf7, 0x9f, 0xf7, 0xbf, 0xf7, 0x9f, 0xf7,
    0x9f, 0xef, 0x7e, 0xef, 0x9f, 0xef, 0x7e, 0xef, 0x7e, 0xe7, 0x3e, 0xe7, 0x4e, 0x6b, 0x61, 0x08,
    0x00, 0x00, 0x41, 0x08, 0x6e, 0x6b, 0x00, 0x00, 0x9e, 0xef, 0x9e, 0xef, 0xbf, 0xf7, 0xbf, 0xf7,
    0xbf, 0xf7, 0xbf, 0xf7, 0x00, 0x00, 0x00, 0x00, 0x00, 0x00, 0xbf, 0xf7, 0xdf, 0xf7, 0xbf, 0xf7,
    0xbf, 0xf7, 0xbf, 0xf7, 0xbf, 0xf7, 0x00, 0x00, 0xbf, 0xf7, 0x9f, 0xf7, 0xbf, 0xf7, 0x9f, 0xf7,
    0x9f, 0xef, 0x7e, 0xef, 0x9f, 0xef, 0x7e, 0xef, 0x7e, 0xe7, 0x3e, 0xe7, 0x4e, 0x6b, 0x61, 0x08,
    0x00, 0x00, 0x41, 0x08, 0x6e, 0x6b, 0x7e, 0xef, 0x9e, 0xef, 0x9e, 0xef, 0xbf, 0xf7, 0x00, 0x00,
    0x00, 0x00, 0x00, 0x00, 0x00, 0x00, 0xbf, 0xf7, 0xbf, 0xf7, 0xbf, 0xf7, 0xdf, 0xf7, 0xbf, 0xf7,
    0xbf, 0xf7, 0xbf, 0xf7, 0xbf, 0xf7, 0xbf, 0xf7, 0xbf, 0xf7, 0x9f, 0xf7, 0xbf, 0xf7, 0x9f, 0xf7,
    0x9f, 0xef, 0x7e, 0xef, 0x9f, 0xef, 0x7e, 0xef, 0x7e, 0xe7, 0x3e, 0xe7, 0x4e, 0x6b, 0x61, 0x08,
    0x00, 0x00, 0x41, 0x08, 0x6e, 0x6b, 0x7e, 0xef, 0x9e, 0xef, 0x00, 0x00, 0x00, 0x00, 0x00, 0x00,
    0x00, 0x00, 0xbf, 0xf7, 0xdf, 0xf7, 0xbf, 0xf7, 0xbf, 0xf7, 0xbf, 0xf7, 0xdf, 0xf7, 0xbf, 0xf7,
    0xbf, 0xf7, 0xbf, 0xf7, 0xbf, 0xf7, 0xbf, 0xf7, 0xbf, 0xf7, 0x9f, 0xf7, 0xbf, 0xf7, 0x9f, 0xf7,
    0x9f, 0xef, 0x7e, 0xef, 0x9f, 0xef, 0x7e, 0xef, 0x7e, 0xe7, 0x3e, 0xe7, 0x4e, 0x6b, 0x61, 0x08,
    0x00, 0x00, 0x41, 0x08, 0x6e, 0x6b, 0x7e, 0xef, 0x00, 0x00, 0x00, 0x00, 0x00, 0x00, 0x00, 0x00,
    0xbf, 0xf7, 0xbf, 0xf7, 0xdf, 0xf7, 0xbf, 0xf7, 0xbf, 0xf7, 0xbf, 0xf7, 0xdf, 0xf7, 0xbf, 0xf7,
    0xbf, 0xf7, 0xbf, 0xf7, 0xbf, 0xf7, 0xbf, 0xf7, 0xbf, 0xf7, 0x9f, 0xf7, 0xbf, 0xf7, 0x9f, 0xf7,
    0x9f, 0xef, 0x7e, 0xef, 0x9f, 0xef, 0x7e, 0xef, 0x7e, 0xe7, 0x3e, 0xe7, 0x4e, 0x6b, 0x61, 0x08,
    0x00, 0x00, 0x41, 0x08, 0x6e, 0x6b, 0x7e, 0xef, 0x9e, 0xef, 0x00, 0x00, 0x00, 0x00, 0x00, 0x00,
    0x00, 0x00, 0x00, 0x00, 0x00, 0x00, 0x00, 0x00, 0xbf, 0xf7, 0xbf, 0xf7, 0xdf, 0xf7, 0xbf, 0xf7,
    0xbf, 0xf7, 0xbf, 0xf7, 0xbf, 0xf7, 0xbf, 0xf7, 0xbf, 0xf7, 0x9f, 0xf7, 0xbf, 0xf7, 0x9f, 0xf7,
    0x9f, 0xef, 0x7e, 0xef, 0x9f, 0xef, 0x7e, 0xef, 0x7e, 0xe7, 0x3e, 0xe7, 0x4e, 0x6b, 0x61, 0x08,
    0x00, 0x00, 0x41, 0x08, 0x6e, 0x6b, 0x7e, 0xef, 0x9e, 0xef, 0x9e, 0xef, 0x00, 0x00, 0x00, 0x00,
    0xbf, 0xf7, 0xbf, 0xf7, 0xdf, 0xf7, 0x00, 0x00, 0x00, 0x00, 0xbf, 0xf7, 0xdf, 0xf7, 0x00, 0x00,
    0x00, 0x00, 0xbf, 0xf7, 0xbf, 0xf7, 0xbf, 0xf7, 0xbf, 0xf7, 0x9f, 0xf7, 0xbf, 0xf7, 0x9f, 0xf7,
    0x9f, 0xef, 0x7e, 0xef, 0x9f, 0xef, 0x7e, 0xef, 0x7e, 0xe7, 0x3e, 0xe7, 0x4e, 0x6b, 0x61, 0x08,
    0x00, 0x00, 0x41, 0x08, 0x6e, 0x6b, 0x7e, 0xef, 0x9e, 0xef, 0x9e, 0xef, 0xbf, 0xf7, 0xbf, 0xf7,
    0xbf, 0xf7, 0xbf, 0xf7, 0xdf, 0xf7, 0xbf, 0xf7, 0xbf, 0xf7, 0xbf, 0xf7, 0x00, 0x00, 0x00, 0x00,
    0x00, 0x00, 0x00, 0x00, 0x00, 0x00, 0xbf, 0xf7, 0xbf, 0xf7, 0x9f, 0xf7, 0xbf, 0xf7, 0x9f, 0xf7,
    0x9f, 0xef, 0x7e, 0xef, 0x9f, 0xef, 0x7e, 0xef, 0x7e, 0xe7, 0x3e, 0xe7, 0x4e, 0x6b, 0x61, 0x08,
    0x00, 0x00, 0x41, 0x08, 0x6e, 0x6b, 0x7e, 0xef, 0x9e, 0xef, 0x9e, 0xef, 0xbf, 0xf7, 0xbf, 0xf7,
    0xbf, 0xf7, 0xbf, 0xf7, 0xdf, 0xf7, 0xbf, 0xf7, 0xbf, 0xf7, 0xbf, 0xf7, 0xdf, 0xf7, 0xbf, 0xf7,
    0xbf, 0xf7, 0xbf, 0xf7, 0xbf, 0xf7, 0x00, 0x00, 0x00, 0x00, 0x00, 0x00, 0x00, 0x00, 0x00, 0x00,
    0x00, 0x00, 0x00, 0x00, 0x9f, 0xef, 0x7e, 0xef, 0x7e, 0xe7, 0x3e, 0xe7, 0x4e, 0x6b, 0x61, 0x08,
    0x00, 0x00, 0x41, 0x08, 0x6e, 0x6b, 0x7e, 0xef, 0x9e, 0xef, 0x9e, 0xef, 0xbf, 0xf7, 0xbf, 0xf7,
    0xbf, 0xf7, 0xbf, 0xf7, 0xdf, 0xf7, 0xbf, 0xf7, 0xbf, 0xf7, 0xbf, 0xf7, 0xdf, 0xf7, 0xbf, 0xf7,
    0xbf, 0xf7, 0xbf, 0xf7, 0xbf, 0xf7, 0xbf, 0xf7, 0xbf, 0xf7, 0x9f, 0xf7, 0xbf, 0xf7, 0x9f, 0xf7,
    0x9f, 0xef, 0x7e, 0xef, 0x00, 0x00, 0x00, 0x00, 0x7e, 0xe7, 0x00, 0x00, 0x00, 0x00, 0x61, 0x08,
    0x00, 0x00, 0x41, 0x08, 0x6e, 0x6b, 0x7e, 0xef, 0x9e, 0xef, 0x9e, 0xef, 0xbf, 0xf7, 0xbf, 0xf7,
    0xbf, 0xf7, 0xbf, 0xf7, 0xdf, 0xf7, 0xbf, 0xf7, 0xbf, 0xf7, 0xbf, 0xf7, 0xdf, 0xf7, 0xbf, 0xf7,
    0xbf, 0xf7, 0xbf, 0xf7, 0xbf, 0xf7, 0xbf, 0xf7, 0xbf, 0xf7, 0x9f, 0xf7, 0xbf, 0xf7, 0x9f, 0xf7,
    0x9f, 0xef, 0x7e, 0xef, 0x9f, 0xef, 0x7e, 0xef, 0x7e, 0xe7, 0x3e, 0xe7, 0x4e, 0x6b, 0x61, 0x08,
    0x20, 0x00, 0x41, 0x08, 0x28, 0x42, 0x7f, 0xef, 0x9f, 0xef, 0x9e, 0xef, 0x9e, 0xef, 0xbf, 0xf7,
    0xbf, 0xf7, 0xbf, 0xf7, 0xbf, 0xf7, 0xbf, 0xf7, 0xbf, 0xf7, 0xbf, 0xf7, 0xbf, 0xf7, 0xdf, 0xf7,
    0xbf, 0xf7, 0xbf, 0xf7, 0xbf, 0xf7, 0xbf, 0xf7, 0xbf, 0xf7, 0xbf, 0xf7, 0x9f, 0xef, 0xbf, 0xf7,
    0x9f, 0xef, 0x9e, 0xef, 0x7e, 0xef, 0x7e, 0xef, 0x7e, 0xe7, 0x5e, 0xe7, 0x08, 0x3a, 0x61, 0x08,
    0x20, 0x00, 0x41, 0x08, 0x28, 0x42, 0x7f, 0xef, 0x9f, 0xef, 0x9e, 0xef, 0x9e, 0xef, 0xbf, 0xf7,
    0xbf, 0xf7, 0xbf, 0xf7, 0xbf, 0xf7, 0xbf, 0xf7, 0xbf, 0xf7, 0xbf, 0xf7, 0xbf, 0xf7, 0xdf, 0xf7,
    0xbf, 0xf7, 0xbf, 0xf7, 0xbf, 0xf7, 0xbf, 0xf7, 0xbf, 0xf7, 0xbf, 0xf7, 0x9f, 0xef, 0xbf, 0xf7,
    0x9f, 0xef, 0x9e, 0xef, 0x7e, 0xef, 0x7e, 0xef, 0x7e, 0xe7, 0x5e, 0xe7, 0x08, 0x3a, 0x61, 0x08,
    0x20, 0x00, 0x41, 0x08, 0x28, 0x42, 0x7f, 0xef, 0x9f, 0xef, 0x9e, 0xef, 0x9e, 0xef, 0xbf, 0xf7,
    0xbf, 0xf7, 0xbf, 0xf7, 0xbf, 0xf7, 0xbf, 0xf7, 0xbf, 0xf7, 0xbf, 0xf7, 0xbf, 0xf7, 0xdf, 0xf7,
    0xbf, 0xf7, 0xbf, 0xf7, 0xbf, 0xf7, 0xbf, 0xf7, 0xbf, 0xf7, 0xbf, 0xf7, 0x9f, 0xef, 0xbf, 0xf7,
    0x9f, 0xef, 0x9e, 0xef, 0x7e, 0xef, 0x7e, 0xef, 0x7e, 0xe7, 0x5e, 0xe7, 0x08, 0x3a, 0x61, 0x08,
    0x20, 0x00, 0x41, 0x08, 0x28, 0x42, 0x7f, 0xef, 0x9f, 0xef, 0x9e, 0xef, 0x9e, 0xef, 0xbf, 0xf7,
    0xbf, 0xf7, 0xbf, 0xf7, 0xbf, 0xf7, 0xbf, 0xf7, 0xbf, 0xf7, 0xbf, 0xf7, 0xbf, 0xf7, 0xdf, 0xf7,
    0xbf, 0xf7, 0xbf, 0xf7, 0xbf, 0xf7, 0xbf, 0xf7, 0xbf, 0xf7, 0xbf, 0xf7, 0x9f, 0xef, 0xbf, 0xf7,
    0x9f, 0xef, 0x9e, 0xef, 0x7e, 0xef, 0x7e, 0xef, 0x7e, 0xe7, 0x5e, 0xe7, 0x08, 0x3a, 0x61, 0x08,
    0x20, 0x00, 0x41, 0x08, 0x28, 0x42, 0x7f, 0xef, 0x9f, 0xef, 0x9e, 0xef, 0x9e, 0xef, 0xbf, 0xf7,
    0xbf, 0xf7, 0xbf, 0xf7, 0xbf, 0xf7, 0xbf, 0xf7, 0xbf, 0xf7, 0xbf, 0xf7, 0xbf, 0xf7, 0xdf, 0xf7,
    0xbf, 0xf7, 0xbf, 0xf7, 0xbf, 0xf7, 0xbf, 0xf7, 0xbf, 0xf7, 0xbf, 0xf7, 0x9f, 0xef, 0xbf, 0xf7,
    0x9f, 0xef, 0x9e, 0xef, 0x7e, 0xef, 0x7e, 0xef, 0x7e, 0xe7, 0x5e, 0xe7, 0x08, 0x3a, 0x61, 0x08,
    0x20, 0x00, 0x41, 0x08, 0x28, 0x42, 0x7f, 0xef, 0x9f, 0xef, 0x9e, 0xef, 0x9e, 0xef, 0xbf, 0xf7,
    0xbf, 0xf7, 0xbf, 0xf7, 0xbf, 0xf7, 0xbf, 0xf7, 0xbf, 0xf7, 0xbf, 0xf7, 0xbf, 0xf7, 0xdf, 0xf7,
    0xbf, 0xf7, 0xbf, 0xf7, 0xbf, 0xf7, 0xbf, 0xf7, 0xbf, 0xf7, 0xbf, 0xf7, 0x9f, 0xef, 0xbf, 0xf7,
    0x9f, 0xef, 0x9e, 0xef, 0x7e, 0xef, 0x7e, 0xef, 0x7e, 0xe7, 0x5e, 0xe7, 0x08, 0x3a, 0x61, 0x08,
    0x20, 0x00, 0x41, 0x08, 0x28, 0x42, 0x7f, 0xef, 0x9f, 0xef, 0x9e, 0xef, 0x9e, 0xef, 0xbf, 0xf7,
    0xbf, 0xf7, 0xbf, 0xf7, 0xbf, 0xf7, 0xbf, 0xf7, 0xbf, 0xf7, 0xbf, 0xf7, 0xbf, 0xf7, 0xdf, 0xf7,
    0xbf, 0xf7, 0xbf, 0xf7, 0xbf, 0xf7, 0xbf, 0xf7, 0xbf, 0xf7, 0xbf, 0xf7, 0x9f, 0xef, 0xbf, 0xf7,
    0x9f, 0xef, 0x9e, 0xef, 0x7e, 0xef, 0x7e, 0xef, 0x7e, 0xe7, 0x5e, 0xe7, 0x08, 0x3a, 0x61, 0x08,
    0x20, 0x00, 0x41, 0x08, 0x28, 0x42, 0x7f, 0xef, 0x9f, 0xef, 0x9e, 0xef, 0x9e, 0xef, 0xbf, 0xf7,
    0x00, 0x00, 0x00, 0x00, 0xbf, 0xf7, 0xbf, 0xf7, 0xbf, 0xf7, 0x00, 0x00, 0x00, 0x00, 0xdf, 0xf7,
    0xbf, 0xf7, 0xbf, 0xf7, 0xbf, 0xf7, 0xbf, 0xf7, 0xbf, 0xf7, 0xbf, 0xf7, 0x9f, 0xef, 0xbf, 0xf7,
    0x9f, 0xef, 0x9e, 0xef, 0x7e, 0xef, 0x7e, 0xef, 0x7e, 0xe7, 0x5e, 0xe7, 0x08, 0x3a, 0x61, 0x08,
    0x20, 0x00, 0x41, 0x08, 0x28, 0x42, 0x7f, 0xef, 0x9f, 0xef, 0x9e, 0xef, 0x9e, 0xef, 0xbf, 0xf7,
    0xbf, 0xf7, 0xbf, 0xf7, 0xbf, 0xf7, 0x00, 0x00, 0xbf, 0xf7, 0xbf, 0xf7, 0xbf, 0xf7, 0xdf, 0xf7,
    0xbf, 0xf7, 0x00, 0x00, 0xbf, 0xf7, 0xbf, 0xf7, 0xbf, 0xf7, 0xbf, 0xf7, 0x9f, 0xef, 0xbf, 0xf7,
    0x9f, 0xef, 0x9e, 0xef, 0x7e, 0xef, 0x7e, 0xef, 0x7e, 0xe7, 0x5e, 0xe7, 0x08, 0x3a, 0x61, 0x08,
    0x20, 0x00, 0x41, 0x08, 0x28, 0x42, 0x7f, 0xef, 0x9f, 0xef, 0x9e, 0xef, 0x9e, 0xef, 0xbf, 0xf7,
    0xbf, 0xf7, 0xbf, 0xf7, 0xbf, 0xf7, 0xbf, 0xf7, 0xbf, 0xf7, 0xbf, 0xf7, 0xbf, 0xf7, 0xdf, 0xf7,
    0xbf, 0xf7, 0xbf, 0xf7, 0xbf, 0xf7, 0xbf, 0xf7, 0xbf, 0xf7, 0xbf, 0xf7, 0x9f, 0xef, 0xbf, 0xf7,
    0x9f, 0xef, 0x9e, 0xef, 0x7e, 0xef, 0x7e, 0xef, 0x7e, 0xe7, 0x5e, 0xe7, 0x08, 0x3a, 0x61, 0x08,
    0x20, 0x00, 0x41, 0x08, 0x28, 0x42, 0x7f, 0xef, 0x9f, 0xef, 0x9e, 0xef, 0x9e, 0xef, 0xbf, 0xf7,
    0xbf, 0xf7, 0xbf, 0xf7, 0xbf, 0xf7, 0xbf, 0xf7, 0xbf, 0xf7, 0xbf, 0xf7, 0xbf, 0xf7, 0xdf, 0xf7,
    0xbf, 0xf7, 0xbf, 0xf7, 0xbf, 0xf7, 0xbf, 0xf7, 0xbf, 0xf7, 0xbf, 0xf7, 0x9f, 0xef, 0xbf, 0xf7,
    0x9f, 0xef, 0x9e, 0xef, 0x7e, 0xef, 0x7e, 0xef, 0x7e, 0xe7, 0x5e, 0xe7, 0x08, 0x3a, 0x61, 0x08,
    0x20, 0x00, 0x41, 0x08, 0x28, 0x42, 0x7f, 0xef, 0x9f, 0xef, 0x9e, 0xef, 0x9e, 0xef, 0xbf, 0xf7,
    0xbf, 0xf7, 0xbf, 0xf7, 0xbf, 0xf7, 0xbf, 0xf7, 0xbf, 0xf7, 0xbf, 0xf7, 0xbf, 0xf7, 0xdf, 0xf7,
    0xbf, 0xf7, 0xbf, 0xf7, 0xbf, 0xf7, 0x00, 0x00, 0x00, 0x00, 0x00, 0x00, 0x00, 0x00, 0x00, 0x00,
    0x00, 0x00, 0x00, 0x00, 0x00, 0x00, 0x00, 0x00, 0x7e, 0xe7, 0x5e, 0xe7, 0x08, 0x3a, 0x61, 0x08,
    0x20, 0x00, 0x41, 0x08, 0x28, 0x42, 0x7f, 0xef, 0x9f, 0xef, 0x9e, 0xef, 0x9e, 0xef, 0xbf, 0xf7,
    0xbf, 0xf7, 0xbf, 0xf7, 0xbf, 0xf7, 0xbf, 0xf7, 0xbf, 0xf7, 0xbf, 0xf7, 0xbf, 0xf7, 0xdf, 0xf7,
    0xbf, 0xf7, 0xbf, 0xf7, 0xbf, 0xf7, 0xbf, 0xf7, 0xbf, 0xf7, 0xbf, 0xf7, 0x9f, 0xef, 0x00, 0x00,
    0x00, 0x00, 0x00, 0x00, 0x00, 0x00, 0x00, 0x00, 0x7e, 0xe7, 0x5e, 0xe7, 0x08, 0x3a, 0x61, 0x08,
    0x20, 0x00, 0x41, 0x08, 0x28, 0x42, 0x7f, 0xef, 0x9f, 0xef, 0x9e, 0xef, 0x9e, 0xef, 0xbf, 0xf7,
    0xbf, 0xf7, 0xbf, 0xf7, 0xbf, 0xf7, 0xbf, 0xf7, 0xbf, 0xf7, 0xbf, 0xf7, 0xbf, 0xf7, 0xdf, 0xf7,
    0xbf, 0xf7, 0xbf, 0xf7, 0xbf, 0xf7, 0xbf, 0xf7, 0xbf, 0xf7, 0xbf, 0xf7, 0x9f, 0xef, 0xbf, 0xf7,
    0x00, 0x00, 0x00, 0x00, 0x00, 0x00, 0x00, 0x00, 0x00, 0x00, 0x5e, 0xe7, 0x08, 0x3a, 0x61, 0x08,
    0x20, 0x00, 0x41, 0x08, 0x28, 0x42, 0x7f, 0xef, 0x9f, 0xef, 0x9e, 0xef, 0x9e, 0xef, 0xbf, 0xf7,
    0xbf, 0xf7, 0xbf, 0xf7, 0xbf, 0xf7, 0xbf, 0xf7, 0xbf, 0xf7, 0xbf, 0xf7, 0xbf, 0xf7, 0xdf, 0xf7,
    0xbf, 0xf7, 0xbf, 0xf7, 0xbf, 0xf7, 0xbf, 0xf7, 0xbf, 0xf7, 0xbf, 0xf7, 0x9f, 0xef, 0xbf, 0xf7,
    0x9f, 0xef, 0x00, 0x00, 0x00, 0x00, 0x00, 0x00, 0x7e, 0xe7, 0x5e, 0xe7, 0x08, 0x3a, 0x61, 0x08,
    0x20, 0x00, 0x41, 0x08, 0x28, 0x42, 0x7f, 0xef, 0x9f, 0xef, 0x9e, 0xef, 0x9e, 0xef, 0xbf, 0xf7,
    0xbf, 0xf7, 0xbf, 0xf7, 0xbf, 0xf7, 0xbf, 0xf7, 0xbf, 0xf7, 0xbf, 0xf7, 0xbf, 0xf7, 0xdf, 0xf7,
    0xbf, 0xf7, 0xbf, 0xf7, 0xbf, 0xf7, 0xbf, 0xf7, 0xbf, 0xf7, 0xbf, 0xf7, 0x9f, 0xef, 0xbf, 0xf7,
    0x00, 0x00, 0x00, 0x00, 0x00, 0x00, 0x7e, 0xef, 0x7e, 0xe7, 0x5e, 0xe7, 0x08, 0x3a, 0x61, 0x08,
    0x20, 0x00, 0x41, 0x08, 0x28, 0x42, 0x7f, 0xef, 0x9f, 0xef, 0x9e, 0xef, 0x9e, 0xef, 0xbf, 0xf7,
    0xbf, 0xf7, 0xbf, 0xf7, 0xbf, 0xf7, 0xbf, 0xf7, 0xbf, 0xf7, 0xbf, 0xf7, 0xbf, 0xf7, 0xdf, 0xf7,
    0xbf, 0xf7, 0xbf, 0xf7, 0xbf, 0xf7, 0xbf, 0xf7, 0xbf, 0xf7, 0xbf, 0xf7, 0x9f, 0xef, 0x00, 0x00,
    0x00, 0x00, 0x9e, 0xef, 0x7e, 0xef, 0x00, 0x00, 0x7e, 0xe7, 0x5e, 0xe7, 0x08, 0x3a, 0x61, 0x08,
    0x20, 0x00, 0x41, 0x08, 0x28, 0x42, 0x7f, 0xef, 0x9f, 0xef, 0x9e, 0xef, 0x9e, 0xef, 0xbf, 0xf7,
    0xbf, 0xf7, 0xbf, 0xf7, 0xbf, 0xf7, 0xbf, 0xf7, 0xbf, 0xf7, 0xbf, 0xf7, 0xbf, 0xf7, 0xdf, 0xf7,
    0xbf, 0xf7, 0xbf, 0xf7, 0xbf, 0xf7, 0xbf, 0xf7, 0xbf, 0xf7, 0xbf, 0xf7, 0x00, 0x00, 0x00, 0x00,
    0x00, 0x00, 0x00, 0x00, 0x7e, 0xef, 0x7e, 0xef, 0x7e, 0xe7, 0x5e, 0xe7, 0x08, 0x3a, 0x61, 0x08,
    0x20, 0x00, 0x41, 0x08, 0x28, 0x42, 0x7f, 0xef, 0x9f, 0xef, 0x9e, 0xef, 0x9e, 0xef, 0xbf, 0xf7,
    0xbf, 0xf7, 0xbf, 0xf7, 0xbf, 0xf7, 0xbf, 0xf7, 0xbf, 0xf7, 0xbf, 0xf7, 0x00, 0x00, 0xdf, 0xf7,
    0xbf, 0xf7, 0xbf, 0xf7, 0xbf, 0xf7, 0xbf, 0xf7, 0x00, 0x00, 0x00, 0x00, 0x00, 0x00, 0xbf, 0xf7,
    0x9f, 0xef, 0x9e, 0xef, 0x7e, 0xef, 0x7e, 0xef, 0x00, 0x00, 0x5e, 0xe7, 0x08, 0x3a, 0x61, 0x08,
    0x20, 0x00, 0x41, 0x08, 0x28, 0x42, 0x7f, 0xef, 0x9f, 0xef, 0x9e, 0xef, 0x9e, 0xef, 0xbf, 0xf7,
    0xbf, 0xf7, 0xbf, 0xf7, 0xbf, 0xf7, 0xbf, 0xf7, 0x00, 0x00, 0xbf, 0xf7, 0xbf, 0xf7, 0xdf, 0xf7,
    0xbf, 0xf7, 0xbf, 0xf7, 0x00, 0x00, 0x00, 0x00, 0x00, 0x00, 0x00, 0x00, 0x9f, 0xef, 0xbf, 0xf7,
    0x9f, 0xef, 0x9e, 0xef, 0x7e, 0xef, 0x7e, 0xef, 0x00, 0x00, 0x5e, 0xe7, 0x08, 0x3a, 0x61, 0x08,
    0x20, 0x00, 0x41, 0x08, 0x28, 0x42, 0x7f, 0xef, 0x9f, 0xef, 0x9e, 0xef, 0x9e, 0xef, 0xbf, 0xf7,
    0xbf, 0xf7, 0xbf, 0xf7, 0xbf, 0xf7, 0xbf, 0xf7, 0xbf, 0xf7, 0xbf, 0xf7, 0xbf, 0xf7, 0xdf, 0xf7,
    0x00, 0x00, 0x00, 0x00, 0x00, 0x00, 0x00, 0x00, 0x00, 0x00, 0xbf, 0xf7, 0x9f, 0xef, 0xbf, 0xf7,
    0x9f, 0xef, 0x9e, 0xef, 0x7e, 0xef, 0x7e, 0xef, 0x7e, 0xe7, 0x5e, 0xe7, 0x08, 0x3a, 0x61, 0x08,
    0x20, 0x00, 0x41, 0x08, 0x28, 0x42, 0x7f, 0xef, 0x9f, 0xef, 0x9e, 0xef, 0x9e, 0xef, 0xbf, 0xf7,
    0xbf, 0xf7, 0xbf, 0xf7, 0xbf, 0xf7, 0xbf, 0xf7, 0xbf, 0xf7, 0xbf, 0xf7, 0xbf, 0xf7, 0x00, 0x00,
    0x00, 0x00, 0x00, 0x00, 0x00, 0x00, 0x00, 0x00, 0xbf, 0xf7, 0xbf, 0xf7, 0x9f, 0xef, 0xbf, 0xf7,
    0x9f, 0xef, 0x9e, 0xef, 0x7e, 0xef, 0x7e, 0xef, 0x7e, 0xe7, 0x5e, 0xe7, 0x08, 0x3a, 0x61, 0x08,
    0x20, 0x00, 0x41, 0x08, 0x28, 0x42, 0x7f, 0xef, 0x9f, 0xef, 0x9e, 0xef, 0x9e, 0xef, 0xbf, 0xf7,
    0xbf, 0xf7, 0xbf, 0xf7, 0xbf, 0xf7, 0xbf, 0xf7, 0xbf, 0xf7, 0xbf, 0xf7, 0x00, 0x00, 0x00, 0x00,
    0x00, 0x00, 0x00, 0x00, 0x00, 0x00, 0x00, 0x00, 0xbf, 0xf7, 0xbf, 0xf7, 0x9f, 0xef, 0xbf, 0xf7,
    0x9f, 0xef, 0x9e, 0xef, 0x7e, 0xef, 0x7e, 0xef, 0x7e, 0xe7, 0x5e, 0xe7, 0x08, 0x3a, 0x61, 0x08,
    0x20, 0x00, 0x41, 0x08, 0x28, 0x42, 0x7f, 0xef, 0x9f, 0xef, 0x9e, 0xef, 0x9e, 0xef, 0xbf, 0xf7,
    0xbf, 0xf7, 0xbf, 0xf7, 0xbf, 0xf7, 0xbf, 0xf7, 0xbf, 0xf7, 0x00, 0x00, 0x00, 0x00, 0x00, 0x00,
    0x00, 0x00, 0x00, 0x00, 0x00, 0x00, 0x00, 0x00, 0xbf, 0xf7, 0xbf, 0xf7, 0x9f, 0xef, 0xbf, 0xf7,
    0x9f, 0xef, 0x9e, 0xef, 0x7e, 0xef, 0x7e, 0xef, 0x7e, 0xe7, 0x5e, 0xe7, 0x08, 0x3a, 0x61, 0x08,
    0x20, 0x00, 0x41, 0x08, 0x00, 0x00, 0x00, 0x00, 0x00, 0x00, 0x9e, 0xef, 0x00, 0x00, 0x00, 0x00,
    0xbf, 0xf7, 0xbf, 0xf7, 0xbf, 0xf7, 0xbf, 0xf7, 0xbf, 0xf7, 0x00, 0x00, 0x00, 0x00, 0x00, 0x00,
    0x00, 0x00, 0x00, 0x00, 0x00, 0x00, 0x00, 0x00, 0xbf, 0xf7, 0xbf, 0xf7, 0x9f, 0xef, 0xbf, 0xf7,
    0x9f, 0xef, 0x00, 0x00, 0x00, 0x00, 0x7e, 0xef, 0x00, 0x00, 0x00, 0x00, 0x00, 0x00, 0x61, 0x08,
    0x20, 0x00, 0x41, 0x08, 0x28, 0x42, 0x7f, 0xef, 0x9f, 0xef, 0x9e, 0xef, 0x9e, 0xef, 0xbf, 0xf7,
    0xbf, 0xf7, 0xbf, 0xf7, 0xbf, 0xf7, 0x00, 0x00, 0x00, 0x00, 0x00, 0x00, 0x00, 0x00, 0x00, 0x00,
    0x00, 0x00, 0x00, 0x00, 0x00, 0x00, 0x00, 0x00, 0x00, 0x00, 0x00, 0x00, 0x9f, 0xef, 0xbf, 0xf7,
    0x9f, 0xef, 0x9e, 0xef, 0x7e, 0xef, 0x7e, 0xef, 0x7e, 0xe7, 0x5e, 0xe7, 0x08, 0x3a, 0x61, 0x08,
    0x20, 0x00, 0x41, 0x08, 0x28, 0x42, 0x7f, 0xef, 0x9f, 0xef, 0x9e, 0xef, 0x9e, 0xef, 0xbf, 0xf7,
    0xbf, 0xf7, 0xbf, 0xf7, 0xbf, 0xf7, 0xbf, 0xf7, 0x00, 0x00, 0x00, 0x00, 0x00, 0x00, 0x00, 0x00,
    0x00, 0x00, 0x00, 0x00, 0x00, 0x00, 0x00, 0x00, 0x00, 0x00, 0xbf, 0xf7, 0x9f, 0xef, 0xbf, 0xf7,
    0x9f, 0xef, 0x9e, 0xef, 0x7e, 0xef, 0x7e, 0xef, 0x7e, 0xe7, 0x5e, 0xe7, 0x08, 0x3a, 0x61, 0x08,
    0x20, 0x00, 0x41, 0x08, 0x28, 0x42, 0x00, 0x00, 0x00, 0x00, 0x00, 0x00, 0x00, 0x00, 0x00, 0x00,
    0xbf, 0xf7, 0xbf, 0xf7, 0xbf, 0xf7, 0xbf, 0xf7, 0xbf, 0xf7, 0x00, 0x00, 0x00, 0x00, 0x00, 0x00,
    0x00, 0x00, 0x00, 0x00, 0x00, 0x00, 0x00, 0x00, 0xbf, 0xf7, 0xbf, 0xf7, 0x9f, 0xef, 0xbf, 0xf7,
    0x9f, 0xef, 0x00, 0x00, 0x00, 0x00, 0x00, 0x00, 0x00, 0x00, 0x00, 0x00, 0x08, 0x3a, 0x61, 0x08,
    0x20, 0x00, 0x41, 0x08, 0x00, 0x00, 0x00, 0x00, 0x9f, 0xef, 0x9e, 0xef, 0x9e, 0xef, 0xbf, 0xf7,
    0xbf, 0xf7, 0xbf, 0xf7, 0xbf, 0xf7, 0xbf, 0xf7, 0xbf, 0xf7, 0xbf, 0xf7, 0x00, 0x00, 0x00, 0x00,
    0x00, 0x00, 0x00, 0x00, 0x00, 0x00, 0xbf, 0xf7, 0xbf, 0xf7, 0xbf, 0xf7, 0x9f, 0xef, 0xbf, 0xf7,
    0x9f, 0xef, 0x9e, 0xef, 0x7e, 0xef, 0x7e, 0xef, 0x7e, 0xe7, 0x00, 0x00, 0x00, 0x00, 0x61, 0x08,
    0x20, 0x00, 0x41, 0x08, 0x28, 0x42, 0x7f, 0xef, 0x9f, 0xef, 0x9e, 0xef, 0x9e, 0xef, 0xbf, 0xf7,
    0xbf, 0xf7, 0xbf, 0xf7, 0xbf, 0xf7, 0xbf, 0xf7, 0xbf, 0xf7, 0xbf, 0xf7, 0x00, 0x00, 0x00, 0x00,
    0x00, 0x00, 0x00, 0x00, 0x00, 0x00, 0xbf, 0xf7, 0xbf, 0xf7, 0xbf, 0xf7, 0x9f, 0xef, 0xbf, 0xf7,
    0x9f, 0xef, 0x9e, 0xef, 0x7e, 0xef, 0x7e, 0xef, 0x7e, 0xe7, 0x5e, 0xe7, 0x08, 0x3a, 0x61, 0x08,
    0x20, 0x00, 0x41, 0x08, 0x28, 0x42, 0x7f, 0xef, 0x9f, 0xef, 0x9e, 0xef, 0x9e, 0xef, 0xbf, 0xf7,
    0xbf, 0xf7, 0xbf, 0xf7, 0xbf, 0xf7, 0xbf, 0xf7, 0xbf, 0xf7, 0xbf, 0xf7, 0x00, 0x00, 0x00, 0x00,
    0x00, 0x00, 0x00, 0x00, 0x00, 0x00, 0xbf, 0xf7, 0xbf, 0xf7, 0xbf, 0xf7, 0x9f, 0xef, 0xbf, 0xf7,
    0x9f, 0xef, 0x9e, 0xef, 0x7e, 0xef, 0x7e, 0xef, 0x7e, 0xe7, 0x5e, 0xe7, 0x08, 0x3a, 0x61, 0x08,
    0x20, 0x00, 0x41, 0x08, 0x00, 0x00, 0x00, 0x00, 0x00, 0x00, 0x9e, 0xef, 0x00, 0x00, 0x00, 0x00,
    0xbf, 0xf7, 0xbf, 0xf7, 0xbf, 0xf7, 0xbf, 0xf7, 0xbf, 0xf7, 0x00, 0x00, 0x00, 0x00, 0x00, 0x00,
    0x00, 0x00, 0x00, 0x00, 0x00, 0x00, 0x00, 0x00, 0xbf, 0xf7, 0xbf, 0xf7, 0x9f, 0xef, 0xbf, 0xf7,
    0x9f, 0xef, 0x00, 0x00, 0x00, 0x00, 0x7e, 0xef, 0x00, 0x00, 0x00, 0x00, 0x00, 0x00, 0x61, 0x08,
    0x20, 0x00, 0x41, 0x08, 0x28, 0x42, 0x7f, 0xef, 0x9f, 0xef, 0x9e, 0xef, 0x9e, 0xef, 0xbf, 0xf7,
    0xbf, 0xf7, 0xbf, 0xf7, 0xbf, 0xf7, 0x00, 0x00, 0x00, 0x00, 0x00, 0x00, 0x00, 0x00, 0x00, 0x00,
    0x00, 0x00, 0x00, 0x00, 0x00, 0x00, 0x00, 0x00, 0x00, 0x00, 0x00, 0x00, 0x9f, 0xef, 0xbf, 0xf7,
    0x9f, 0xef, 0x9e, 0xef, 0x7e, 0xef, 0x7e, 0xef, 0x7e, 0xe7, 0x5e, 0xe7, 0x08, 0x3a, 0x61, 0x08,
    0x20, 0x00, 0x41, 0x08, 0x28, 0x42, 0x7f, 0xef, 0x9f, 0xef, 0x9e, 0xef, 0x9e, 0xef, 0xbf, 0xf7,
    0xbf, 0xf7, 0xbf, 0xf7, 0xbf, 0xf7, 0xbf, 0xf7, 0x00, 0x00, 0x00, 0x00, 0x00, 0x00, 0x00, 0x00,
    0x00, 0x00, 0x00, 0x00, 0x00, 0x00, 0x00, 0x00, 0x00, 0x00, 0xbf, 0xf7, 0x9f, 0xef, 0xbf, 0xf7,
    0x9f, 0xef, 0x9e, 0xef, 0x7e, 0xef, 0x7e, 0xef, 0x7e, 0xe7, 0x5e, 0xe7, 0x08, 0x3a, 0x61, 0x08,
    0x20, 0x00, 0x41, 0x08, 0x28, 0x42, 0x00, 0x00, 0x00, 0x00, 0x00, 0x00, 0x00, 0x00, 0x00, 0x00,
    0xbf, 0xf7, 0xbf, 0xf7, 0xbf, 0xf7, 0xbf, 0xf7, 0xbf, 0xf7, 0x00, 0x00, 0x00, 0x00, 0x00, 0x00,
    0x00, 0x00, 0x00, 0x00, 0x00, 0x00, 0x00, 0x00, 0xbf, 0xf7, 0xbf, 0xf7, 0x9f, 0xef, 0xbf, 0xf7,
    0x9f, 0xef, 0x00, 0x00, 0x00, 0x00, 0x00, 0x00, 0x00, 0x00, 0x00, 0x00, 0x08, 0x3a, 0x61, 0x08,
    0x20, 0x00, 0x41, 0x08, 0x00, 0x00, 0x00, 0x00, 0x9f, 0xef, 0x9e, 0xef, 0x9e, 0xef, 0xbf, 0xf7,
    0xbf, 0xf7, 0xbf, 0xf7, 0xbf, 0xf7, 0xbf, 0xf7, 0xbf, 0xf7, 0xbf, 0xf7, 0x00, 0x00, 0x00, 0x00,
    0x00, 0x00, 0x00, 0x00, 0x00, 0x00, 0xbf, 0xf7, 0xbf, 0xf7, 0xbf, 0xf7, 0x9f, 0xef, 0xbf, 0xf7,
    0x9f, 0xef, 0x9e, 0xef, 0x7e, 0xef, 0x7e, 0xef, 0x7e, 0xe7, 0x00, 0x00, 0x00, 0x00, 0x61, 0x08,
    0x20, 0x00, 0x41, 0x08, 0x28, 0x42, 0x7f, 0xef, 0x9f, 0xef, 0x9e, 0xef, 0x9e, 0xef, 0xbf, 0xf7,
    0xbf, 0xf7, 0xbf, 0xf7, 0xbf, 0xf7, 0xbf, 0xf7, 0xbf, 0xf7, 0xbf, 0xf7, 0x00, 0x00, 0x00, 0x00,
    0x00, 0x00, 0x00, 0x00, 0x00, 0x00, 0xbf, 0xf7, 0xbf, 0xf7, 0xbf, 0xf7, 0x9f, 0xef, 0xbf, 0xf7,
    0x9f, 0xef, 0x9e, 0xef, 0x7e, 0xef, 0x7e, 0xef, 0x7e, 0xe7, 0x5e, 0xe7, 0x08, 0x3a, 0x61, 0x08,
    0x20, 0x00, 0x41, 0x08, 0x28, 0x42, 0x7f, 0xef, 0x9f, 0xef, 0x9e, 0xef, 0x9e, 0xef, 0xbf, 0xf7,
    0xbf, 0xf7, 0xbf, 0xf7, 0xbf, 0xf7, 0xbf, 0xf7, 0xbf, 0xf7, 0xbf, 0xf7, 0x00, 0x00, 0x00, 0x00,
    0x00, 0x00, 0x00, 0x00, 0x00, 0x00, 0xbf, 0xf7, 0xbf, 0xf7, 0xbf, 0xf7, 0x9f, 0xef, 0xbf, 0xf7,
    0x9f, 0xef, 0x9e, 0xef, 0x7e, 0xef, 0x7e, 0xef, 0x7e, 0xe7, 0x5e, 0xe7, 0x08, 0x3a, 0x61, 0x08,
    0x20, 0x00, 0x41, 0x08, 0x28, 0x42, 0x00, 0x00, 0x00, 0x00, 0x9e, 0xef, 0x9e, 0xef, 0x00, 0x00,
    0xbf, 0xf7, 0xbf, 0xf7, 0xbf, 0xf7, 0xbf, 0xf7, 0xbf, 0xf7, 0x00, 0x00, 0x00, 0x00, 0x00, 0x00,
    0x00, 0x00, 0x00, 0x00, 0x00, 0x00, 0xbf, 0xf7, 0xbf, 0xf7, 0xbf, 0xf7, 0x9f, 0xef, 0x00, 0x00,
    0x9f, 0xef, 0x9e, 0xef, 0x00, 0x00, 0x00, 0x00, 0x7e, 0xe7, 0x5e, 0xe7, 0x08, 0x3a, 0x61, 0x08,
    0x20, 0x00, 0x41, 0x08, 0x28, 0x42, 0x7f, 0xef, 0x9f, 0xef, 0x9e, 0xef, 0x9e, 0xef, 0x00, 0x00,
    0xbf, 0xf7, 0x00, 0x00, 0x00, 0x00, 0xbf, 0xf7, 0x00, 0x00, 0x00, 0x00, 0x00, 0x00, 0x00, 0x00,
    0x00, 0x00, 0x00, 0x00, 0xbf, 0xf7, 0x00, 0x00, 0xbf, 0xf7, 0xbf, 0xf7, 0x9f, 0xef, 0xbf, 0xf7,
    0x9f, 0xef, 0x9e, 0xef, 0x7e, 0xef, 0x7e, 0xef, 0x7e, 0xe7, 0x5e, 0xe7, 0x08, 0x3a, 0x61, 0x08,
    0x20, 0x00, 0x41, 0x08, 0x28, 0x42, 0x00, 0x00, 0x9f, 0xef, 0x9e, 0xef, 0x9e, 0xef, 0xbf, 0xf7,
    0xbf, 0xf7, 0xbf, 0xf7, 0xbf, 0xf7, 0xbf, 0xf7, 0xbf, 0xf7, 0xbf, 0xf7, 0xbf, 0xf7, 0xdf, 0xf7,
    0xbf, 0xf7, 0xbf, 0xf7, 0xbf, 0xf7, 0x00, 0x00, 0xbf, 0xf7, 0xbf, 0xf7, 0x9f, 0xef, 0xbf, 0xf7,
    0x9f, 0xef, 0x9e, 0xef, 0x7e, 0xef, 0x7e, 0xef, 0x7e, 0xe7, 0x5e, 0xe7, 0x08, 0x3a, 0x61, 0x08,
    0x20, 0x00, 0x41, 0x08, 0x28, 0x42, 0x7f, 0xef, 0x9f, 0xef, 0x9e, 0xef, 0x9e, 0xef, 0xbf, 0xf7,
    0x00, 0x00, 0x00, 0x00, 0xbf, 0xf7, 0xbf, 0xf7, 0xbf, 0xf7, 0xbf, 0xf7, 0xbf, 0xf7, 0xdf, 0xf7,
    0xbf, 0xf7, 0xbf, 0xf7, 0xbf, 0xf7, 0xbf, 0xf7, 0xbf, 0xf7, 0xbf, 0xf7, 0x9f, 0xef, 0xbf, 0xf7,
    0x9f, 0xef, 0x9e, 0xef, 0x7e, 0xef, 0x7e, 0xef, 0x7e, 0xe7, 0x5e, 0xe7, 0x08, 0x3a, 0x61, 0x08,
    0x20, 0x00, 0x41, 0x08, 0x28, 0x42, 0x7f, 0xef, 0x9f, 0xef, 0x9e, 0xef, 0x00, 0x00, 0x00, 0x00,
    0x00, 0x00, 0xbf, 0xf7, 0xbf, 0xf7, 0xbf, 0xf7, 0xbf, 0xf7, 0xbf, 0xf7, 0xbf, 0xf7, 0xdf, 0xf7,
    0xbf, 0xf7, 0xbf, 0xf7, 0xbf, 0xf7, 0xbf, 0xf7, 0xbf, 0xf7, 0xbf, 0xf7, 0x9f, 0xef, 0xbf, 0xf7,
    0x9f, 0xef, 0x9e, 0xef, 0x7e, 0xef, 0x7e, 0xef, 0x7e, 0xe7, 0x5e, 0xe7, 0x08, 0x3a, 0x61, 0x08,
    0x20, 0x00, 0x41, 0x08, 0x28, 0x42, 0x7f, 0xef, 0x00, 0x00, 0x00, 0x00, 0x00, 0x00, 0x00, 0x00,
    0xbf, 0xf7, 0xbf, 0xf7, 0xbf, 0xf7, 0xbf, 0xf7, 0xbf, 0xf7, 0xbf, 0xf7, 0xbf, 0xf7, 0xdf, 0xf7,
    0xbf, 0xf7, 0xbf, 0xf7, 0xbf, 0xf7, 0xbf, 0xf7, 0xbf, 0xf7, 0xbf, 0xf7, 0x9f, 0xef, 0xbf, 0xf7,
    0x9f, 0xef, 0x9e, 0xef, 0x7e, 0xef, 0x7e, 0xef, 0x7e, 0xe7, 0x5e, 0xe7, 0x08, 0x3a, 0x61, 0x08,
    0x20, 0x00, 0x41, 0x08, 0x28, 0x42, 0x00, 0x00, 0x00, 0x00, 0x9e, 0xef, 0x00, 0x00, 0xbf, 0xf7,
    0x00, 0x00, 0xbf, 0xf7, 0x00, 0x00, 0xbf, 0xf7, 0x00, 0x00, 0x00, 0x00, 0xbf, 0xf7, 0xdf, 0xf7,
    0xbf, 0xf7, 0xbf, 0xf7, 0xbf, 0xf7, 0xbf, 0xf7, 0xbf, 0xf7, 0xbf, 0xf7, 0x9f, 0xef, 0xbf, 0xf7,
    0x9f, 0xef, 0x9e, 0xef, 0x7e, 0xef, 0x7e, 0xef, 0x7e, 0xe7, 0x5e, 0xe7, 0x08, 0x3a, 0x61, 0x08,
    0x20, 0x00, 0x41, 0x08, 0x28, 0x42, 0x7f, 0xef, 0x9f, 0xef, 0x9e, 0xef, 0x9e, 0xef, 0xbf, 0xf7,
    0xbf, 0xf7, 0xbf, 0xf7, 0xbf, 0xf7, 0xbf, 0xf7, 0xbf, 0xf7, 0xbf, 0xf7, 0xbf, 0xf7, 0xdf, 0xf7,
    0xbf, 0xf7, 0xbf, 0xf7, 0xbf, 0xf7, 0xbf, 0xf7, 0xbf, 0xf7, 0xbf, 0xf7, 0x9f, 0xef, 0xbf, 0xf7,
    0x9f, 0xef, 0x9e, 0xef, 0x7e, 0xef, 0x7e, 0xef, 0x7e, 0xe7, 0x5e, 0xe7, 0x08, 0x3a, 0x61, 0x08,
    0x20, 0x00, 0x41, 0x08, 0x28, 0x42, 0x7f, 0xef, 0x9f, 0xef, 0x9e, 0xef, 0x9e, 0xef, 0xbf, 0xf7,
    0xbf, 0xf7, 0xbf, 0xf7, 0xbf, 0xf7, 0xbf, 0xf7, 0x00, 0x00, 0x00, 0x00, 0x00, 0x00, 0xdf, 0xf7,
    0xbf, 0xf7, 0xbf, 0xf7, 0x00, 0x00, 0x00, 0x00, 0x00, 0x00, 0xbf, 0xf7, 0x9f, 0xef, 0xbf, 0xf7,
    0x9f, 0xef, 0x9e, 0xef, 0x7e, 0xef, 0x7e, 0xef, 0x7e, 0xe7, 0x5e, 0xe7, 0x08, 0x3a, 0x61, 0x08,
    0x20, 0x00, 0x41, 0x08, 0x28, 0x42, 0x7f, 0xef, 0x9f, 0xef, 0x9e, 0xef, 0x9e, 0xef, 0xbf, 0xf7,
    0xbf, 0xf7, 0xbf, 0xf7, 0xbf, 0xf7, 0xbf, 0xf7, 0xbf, 0xf7, 0xbf, 0xf7, 0xbf, 0xf7, 0xdf, 0xf7,
    0xbf, 0xf7, 0xbf, 0xf7, 0xbf, 0xf7, 0x00, 0x00, 0x00, 0x00, 0xbf, 0xf7, 0x9f, 0xef, 0xbf, 0xf7,
    0x00, 0x00, 0x00, 0x00, 0x7e, 0xef, 0x7e, 0xef, 0x7e, 0xe7, 0x5e, 0xe7, 0x08, 0x3a, 0x61, 0x08,
    0x20, 0x00, 0x41, 0x08, 0x28, 0x42, 0x7f, 0xef, 0x9f, 0xef, 0x9e, 0xef, 0x9e, 0xef, 0xbf, 0xf7,
    0xbf, 0xf7, 0xbf, 0xf7, 0xbf, 0xf7, 0xbf, 0xf7, 0xbf, 0xf7, 0xbf, 0xf7, 0xbf, 0xf7, 0xdf, 0xf7,
    0xbf, 0xf7, 0xbf, 0xf7, 0xbf, 0xf7, 0xbf, 0xf7, 0xbf, 0xf7, 0xbf, 0xf7, 0x9f, 0xef, 0xbf, 0xf7,
    0x9f, 0xef, 0x9e, 0xef, 0x7e, 0xef, 0x00, 0x00, 0x7e, 0xe7, 0x00, 0x00, 0x08, 0x3a, 0x61, 0x08,
    0x20, 0x00, 0x41, 0x08, 0x28, 0x42, 0x7f, 0xef, 0x9f, 0xef, 0x9e, 0xef, 0x9e, 0xef, 0xbf, 0xf7,
    0xbf, 0xf7, 0xbf, 0xf7, 0xbf, 0xf7, 0xbf, 0xf7, 0xbf, 0xf7, 0xbf, 0xf7, 0xbf, 0xf7, 0xdf, 0xf7,
    0xbf, 0xf7, 0xbf, 0xf7, 0xbf, 0xf7, 0xbf, 0xf7, 0xbf, 0xf7, 0xbf, 0xf7, 0x9f, 0xef, 0xbf, 0xf7,
    0x9f, 0xef, 0x9e, 0xef, 0x7e, 0xef, 0x7e, 0xef, 0x7e, 0xe7, 0x5e, 0xe7, 0x08, 0x3a, 0x61, 0x08,
    0x20, 0x00, 0x61, 0x08, 0xa2, 0x10, 0x5e, 0xe7, 0x9f, 0xef, 0x9f, 0xef, 0x9e, 0xef, 0x9e, 0xef,
    0xbf, 0xf7, 0xbf, 0xf7, 0xbf, 0xf7, 0xbf, 0xf7, 0xbf, 0xf7, 0xbf, 0xf7, 0xbf, 0xf7, 0xbf, 0xf7,
    0xbf, 0xf7, 0xbf, 0xf7, 0xbf, 0xf7, 0x9f, 0xf7, 0xbf, 0xf7, 0xbf, 0xf7, 0x9f, 0xef, 0x9e, 0xef,
    0x9f, 0xef, 0x9e, 0xef, 0x7e, 0xef, 0x5e, 0xe7, 0x7e, 0xe7, 0x5e, 0xe7, 0xa2, 0x10, 0x20, 0x00,
    0x20, 0x00, 0x61, 0x08, 0xa2, 0x10, 0x5e, 0xe7, 0x9f, 0xef, 0x9f, 0xef, 0x9e, 0xef, 0x9e, 0xef,
    0xbf, 0xf7, 0xbf, 0xf7, 0xbf, 0xf7, 0xbf, 0xf7, 0xbf, 0xf7, 0xbf, 0xf7, 0xbf, 0xf7, 0xbf, 0xf7,
    0xbf, 0xf7, 0xbf, 0xf7, 0xbf, 0xf7, 0x9f, 0xf7, 0xbf, 0xf7, 0xbf, 0xf7, 0x9f, 0xef, 0x9e, 0xef,
    0x9f, 0xef, 0x9e, 0xef, 0x7e, 0xef, 0x5e, 0xe7, 0x7e, 0xe7, 0x5e, 0xe7, 0xa2, 0x10, 0x20, 0x00,
    0x20, 0x00, 0x61, 0x08, 0xa2, 0x10, 0x5e, 0xe7, 0x9f, 0xef, 0x9f, 0xef, 0x9e, 0xef, 0x9e, 0xef,
    0xbf, 0xf7, 0xbf, 0xf7, 0xbf, 0xf7, 0xbf, 0xf7, 0xbf, 0xf7, 0xbf, 0xf7, 0xbf, 0xf7, 0xbf, 0xf7,
    0xbf, 0xf7, 0xbf, 0xf7, 0xbf, 0xf7, 0x9f, 0xf7, 0xbf, 0xf7, 0xbf, 0xf7, 0x9f, 0xef, 0x9e, 0xef,
    0x9f, 0xef, 0x9e, 0xef, 0x7e, 0xef, 0x5e, 0xe7, 0x7e, 0xe7, 0x5e, 0xe7, 0xa2, 0x10, 0x20, 0x00,
    0x20, 0x00, 0x61, 0x08, 0xa2, 0x10, 0x5e, 0xe7, 0x9f, 0xef, 0x9f, 0xef, 0x9e, 0xef, 0x9e, 0xef,
    0xbf, 0xf7, 0xbf, 0xf7, 0xbf, 0xf7, 0xbf, 0xf7, 0xbf, 0xf7, 0xbf, 0xf7, 0xbf, 0xf7, 0xbf, 0xf7,
    0xbf, 0xf7, 0xbf, 0xf7, 0xbf, 0xf7, 0x9f, 0xf7, 0xbf, 0xf7, 0xbf, 0xf7, 0x9f, 0xef, 0x9e, 0xef,
    0x9f, 0xef, 0x9e, 0xef, 0x7e, 0xef, 0x5e, 0xe7, 0x7e, 0xe7, 0x5e, 0xe7, 0xa2, 0x10, 0x20, 0x00,
    0x20, 0x00, 0x61, 0x08, 0xa2, 0x10, 0x5e, 0xe7, 0x9f, 0xef, 0x9f, 0xef, 0x9e, 0xef, 0x9e, 0xef,
    0xbf, 0xf7, 0xbf, 0xf7, 0xbf, 0xf7, 0xbf, 0xf7, 0xbf, 0xf7, 0xbf, 0xf7, 0xbf, 0xf7, 0xbf, 0xf7,
    0xbf, 0xf7, 0xbf, 0xf7, 0xbf, 0xf7, 0x9f, 0xf7, 0xbf, 0xf7, 0xbf, 0xf7, 0x9f, 0xef, 0x9e, 0xef,
    0x9f, 0xef, 0x9e, 0xef, 0x7e, 0xef, 0x5e, 0xe7, 0x7e, 0xe7, 0x5e, 0xe7, 0xa2, 0x10, 0x20, 0x00,
    0x20, 0x00, 0x61, 0x08, 0xa2, 0x10, 0x5e, 0xe7, 0x9f, 0xef, 0x9f, 0xef, 0x9e, 0xef, 0x9e, 0xef,
    0xbf, 0xf7, 0xbf, 0xf7, 0xbf, 0xf7, 0xbf, 0xf7, 0xbf, 0xf7, 0xbf, 0xf7, 0xbf, 0xf7, 0xbf, 0xf7,
    0xbf, 0xf7, 0xbf, 0xf7, 0xbf, 0xf7, 0x9f, 0xf7, 0xbf, 0xf7, 0xbf, 0xf7, 0x9f, 0xef, 0x9e, 0xef,
    0x9f, 0xef, 0x9e, 0xef, 0x7e, 0xef, 0x5e, 0xe7, 0x7e, 0xe7, 0x5e, 0xe7, 0xa2, 0x10, 0x20, 0x00,
    0x20, 0x00, 0x61, 0x08, 0xa2, 0x10, 0x5e, 0xe7, 0x9f, 0xef, 0x9f, 0xef, 0x9e, 0xef, 0x9e, 0xef,
    0xbf, 0xf7, 0xbf, 0xf7, 0xbf, 0xf7, 0xbf, 0xf7, 0xbf, 0xf7, 0xbf, 0xf7, 0xbf, 0xf7, 0xbf, 0xf7,
    0xbf, 0xf7, 0xbf, 0xf7, 0xbf, 0xf7, 0x9f, 0xf7, 0xbf, 0xf7, 0xbf, 0xf7, 0x9f, 0xef, 0x9e, 0xef,
    0x9f, 0xef, 0x9e, 0xef, 0x7e, 0xef, 0x5e, 0xe7, 0x7e, 0xe7, 0x5e, 0xe7, 0xa2, 0x10, 0x20, 0x00,
    0x20, 0x00, 0x61, 0x08, 0xa2, 0x10, 0x5e, 0xe7, 0x9f, 0xef, 0x9f, 0xef, 0x9e, 0xef, 0x9e, 0xef,
    0xbf, 0xf7, 0xbf, 0xf7, 0xbf, 0xf7, 0xbf, 0xf7, 0xbf, 0xf7, 0xbf, 0xf7, 0xbf, 0xf7, 0xbf, 0xf7,
    0xbf, 0xf7, 0xbf, 0xf7, 0xbf, 0xf7, 0x9f, 0xf7, 0xbf, 0xf7, 0xbf, 0xf7, 0x9f, 0xef, 0x9e, 0xef,
    0x9f, 0xef, 0x9e, 0xef, 0x7e, 0xef, 0x5e, 0xe7, 0x7e, 0xe7, 0x5e, 0xe7, 0xa2, 0x10, 0x20, 0x00,
    0x20, 0x00, 0x61, 0x08, 0xa2, 0x10, 0x5e, 0xe7, 0x9f, 0xef, 0x9f, 0xef, 0x9e, 0xef, 0x9e, 0xef,
    0xbf, 0xf7, 0xbf, 0xf7, 0xbf, 0xf7, 0xbf, 0xf7, 0xbf, 0xf7, 0xbf, 0xf7, 0xbf, 0xf7, 0xbf, 0xf7,
    0xbf, 0xf7, 0xbf, 0xf7, 0xbf, 0xf7, 0x9f, 0xf7, 0xbf, 0xf7, 0xbf, 0xf7, 0x9f, 0xef, 0x9e, 0xef,
    0x9f, 0xef, 0x9e, 0xef, 0x7e, 0xef, 0x5e, 0xe7, 0x7e, 0xe7, 0x5e, 0xe7, 0xa2, 0x10, 0x20, 0x00,
    0x20, 0x00, 0x61, 0x08, 0xa2, 0x10, 0x5e, 0xe7, 0x9f, 0xef, 0x9f, 0xef, 0x9e, 0xef, 0x9e, 0xef,
    0xbf, 0xf7, 0xbf, 0xf7, 0xbf, 0xf7, 0xbf, 0xf7, 0xbf, 0xf7, 0xbf, 0xf7, 0xbf, 0xf7, 0xbf, 0xf7,
    0xbf, 0xf7, 0xbf, 0xf7, 0xbf, 0xf7, 0x9f, 0xf7, 0xbf, 0xf7, 0xbf, 0xf7, 0x9f, 0xef, 0x9e, 0xef,
    0x9f, 0xef, 0x9e, 0xef, 0x7e, 0xef, 0x5e, 0xe7, 0x7e, 0xe7, 0x5e, 0xe7, 0xa2, 0x10, 0x20, 0x00,
    0x20, 0x00, 0x61, 0x08, 0xa2, 0x10, 0x5e, 0xe7, 0x9f, 0xef, 0x9f, 0xef, 0x9e, 0xef, 0x9e, 0xef,
    0xbf, 0xf7, 0xbf, 0xf7, 0xbf, 0xf7, 0xbf, 0xf7, 0xbf, 0xf7, 0xbf, 0xf7, 0xbf, 0xf7, 0xbf, 0xf7,
    0xbf, 0xf7, 0xbf, 0xf7, 0xbf, 0xf7, 0x9f, 0xf7, 0xbf, 0xf7, 0xbf, 0xf7, 0x9f, 0xef, 0x9e, 0xef,
    0x9f, 0xef, 0x9e, 0xef, 0x7e, 0xef, 0x5e, 0xe7, 0x7e, 0xe7, 0x5e, 0xe7, 0xa2, 0x10, 0x20, 0x00,
    0x20, 0x00, 0x61, 0x08, 0xa2, 0x10, 0x5e, 0xe7, 0x9f, 0xef, 0x9f, 0xef, 0x9e, 0xef, 0x9e, 0xef,
    0xbf, 0xf7, 0xbf, 0xf7, 0xbf, 0xf7, 0xbf, 0xf7, 0xbf, 0xf7, 0xbf, 0xf7, 0xbf, 0xf7, 0xbf, 0xf7,
    0xbf, 0xf7, 0xbf, 0xf7, 0xbf, 0xf7, 0x00, 0x00, 0x00, 0x00, 0xbf, 0xf7, 0x9f, 0xef, 0x9e, 0xef,
    0x9f, 0xef, 0x9e, 0xef, 0x00, 0x00, 0x00, 0x00, 0x7e, 0xe7, 0x5e, 0xe7, 0xa2, 0x10, 0x20, 0x00,
    0x20, 0x00, 0x61, 0x08, 0xa2, 0x10, 0x5e, 0xe7, 0x9f, 0xef, 0x9f, 0xef, 0x9e, 0xef, 0x9e, 0xef,
    0xbf, 0xf7, 0xbf, 0xf7, 0xbf, 0xf7, 0xbf, 0xf7, 0xbf, 0xf7, 0xbf, 0xf7, 0xbf, 0xf7, 0xbf, 0xf7,
    0xbf, 0xf7, 0xbf, 0xf7, 0xbf, 0xf7, 0x9f, 0xf7, 0xbf, 0xf7, 0x00, 0x00, 0x00, 0x00, 0x00, 0x00,
    0x00, 0x00, 0x9e, 0xef, 0x00, 0x00, 0x00, 0x00, 0x00, 0x00, 0x00, 0x00, 0xa2, 0x10, 0x20, 0x00,
    0x20, 0x00, 0x61, 0x08, 0xa2, 0x10, 0x5e, 0xe7, 0x9f, 0xef, 0x9f, 0xef, 0x9e, 0xef, 0x9e, 0xef,
    0xbf, 0xf7, 0xbf, 0xf7, 0xbf, 0xf7, 0xbf, 0xf7, 0xbf, 0xf7, 0xbf, 0xf7, 0xbf, 0xf7, 0xbf, 0xf7,
    0xbf, 0xf7, 0xbf, 0xf7, 0xbf, 0xf7, 0x9f, 0xf7, 0xbf, 0xf7, 0xbf, 0xf7, 0x9f, 0xef, 0x9e, 0xef,
    0x9f, 0xef, 0x00, 0x00, 0x00, 0x00, 0x00, 0x00, 0x7e, 0xe7, 0x5e, 0xe7, 0xa2, 0x10, 0x20, 0x00,
    0x20, 0x00, 0x61, 0x08, 0xa2, 0x10, 0x5e, 0xe7, 0x9f, 0xef, 0x9f, 0xef, 0x9e, 0xef, 0x9e, 0xef,
    0xbf, 0xf7, 0xbf, 0xf7, 0xbf, 0xf7, 0xbf, 0xf7, 0xbf, 0xf7, 0xbf, 0xf7, 0xbf, 0xf7, 0xbf, 0xf7,
    0xbf, 0xf7, 0xbf, 0xf7, 0xbf, 0xf7, 0x9f, 0xf7, 0xbf, 0xf7, 0xbf, 0xf7, 0x9f, 0xef, 0x9e, 0xef,
    0x9f, 0xef, 0x9e, 0xef, 0x7e, 0xef, 0x5e, 0xe7, 0x7e, 0xe7, 0x5e, 0xe7, 0xa2, 0x10, 0x20, 0x00,
    0x20, 0x00, 0x61, 0x08, 0xa2, 0x10, 0x5e, 0xe7, 0x9f, 0xef, 0x9f, 0xef, 0x9e, 0xef, 0x9e, 0xef,
    0xbf, 0xf7, 0xbf, 0xf7, 0xbf, 0xf7, 0xbf, 0xf7, 0xbf, 0xf7, 0xbf, 0xf7, 0xbf, 0xf7, 0xbf, 0xf7,
    0xbf, 0xf7, 0xbf, 0xf7, 0xbf, 0xf7, 0x9f, 0xf7, 0xbf, 0xf7, 0xbf, 0xf7, 0x9f, 0xef, 0x9e, 0xef,
    0x9f, 0xef, 0x9e, 0xef, 0x7e, 0xef, 0x5e, 0xe7, 0x7e, 0xe7, 0x5e, 0xe7, 0xa2, 0x10, 0x20, 0x00,
    0x20, 0x00, 0x61, 0x08, 0xa2, 0x10, 0x5e, 0xe7, 0x9f, 0xef, 0x9f, 0xef, 0x9e, 0xef, 0x9e, 0xef,
    0xbf, 0xf7, 0xbf, 0xf7, 0xbf, 0xf7, 0xbf, 0xf7, 0xbf, 0xf7, 0xbf, 0xf7, 0xbf, 0xf7, 0xbf, 0xf7,
    0xbf, 0xf7, 0xbf, 0xf7, 0xbf, 0xf7, 0x9f, 0xf7, 0xbf, 0xf7, 0xbf, 0xf7, 0x9f, 0xef, 0x9e, 0xef,
    0x9f, 0xef, 0x9e, 0xef, 0x7e, 0xef, 0x00, 0x00, 0x7e, 0xe7, 0x5e, 0xe7, 0xa2, 0x10, 0x20, 0x00,
    0x20, 0x00, 0x61, 0x08, 0xa2, 0x10, 0x5e, 0xe7, 0x9f, 0xef, 0x9f, 0xef, 0x9e, 0xef, 0x9e, 0xef,
    0xbf, 0xf7, 0xbf, 0xf7, 0xbf, 0xf7, 0xbf, 0xf7, 0xbf, 0xf7, 0xbf, 0xf7, 0xbf, 0xf7, 0xbf, 0xf7,
    0xbf, 0xf7, 0xbf, 0xf7, 0xbf, 0xf7, 0x9f, 0xf7, 0xbf, 0xf7, 0xbf, 0xf7, 0x9f, 0xef, 0x9e, 0xef,
    0x9f, 0xef, 0x00, 0x00, 0x00, 0x00, 0x5e, 0xe7, 0x7e, 0xe7, 0x5e, 0xe7, 0xa2, 0x10, 0x20, 0x00,
    0x20, 0x00, 0x61, 0x08, 0xa2, 0x10, 0x5e, 0xe7, 0x9f, 0xef, 0x9f, 0xef, 0x9e, 0xef, 0x9e, 0xef,
    0xbf, 0xf7, 0xbf, 0xf7, 0xbf, 0xf7, 0xbf, 0xf7, 0xbf, 0xf7, 0xbf, 0xf7, 0x00, 0x00, 0xbf, 0xf7,
    0xbf, 0xf7, 0xbf, 0xf7, 0xbf, 0xf7, 0x9f, 0xf7, 0xbf, 0xf7, 0xbf, 0xf7, 0x9f, 0xef, 0x9e, 0xef,
    0x9f, 0xef, 0x9e, 0xef, 0x7e, 0xef, 0x5e, 0xe7, 0x00, 0x00, 0x5e, 0xe7, 0xa2, 0x10, 0x20, 0x00,
    0x20, 0x00, 0x61, 0x08, 0xa2, 0x10, 0x5e, 0xe7, 0x9f, 0xef, 0x9f, 0xef, 0x9e, 0xef, 0x9e, 0xef,
    0xbf, 0xf7, 0xbf, 0xf7, 0xbf, 0xf7, 0xbf, 0xf7, 0x00, 0x00, 0xbf, 0xf7, 0xbf, 0xf7, 0xbf, 0xf7,
    0xbf, 0xf7, 0xbf, 0xf7, 0xbf, 0xf7, 0x00, 0x00, 0x00, 0x00, 0xbf, 0xf7, 0x9f, 0xef, 0x9e, 0xef,
    0x9f, 0xef, 0x9e, 0xef, 0x7e, 0xef, 0x5e, 0xe7, 0x00, 0x00, 0x5e, 0xe7, 0xa2, 0x10, 0x20, 0x00,
    0x20, 0x00, 0x61, 0x08, 0xa2, 0x10, 0x5e, 0xe7, 0x9f, 0xef, 0x9f, 0xef, 0x9e, 0xef, 0x9e, 0xef,
    0xbf, 0xf7, 0xbf, 0xf7, 0xbf, 0xf7, 0xbf, 0xf7, 0xbf, 0xf7, 0xbf, 0xf7, 0xbf, 0xf7, 0xbf, 0xf7,
    0xbf, 0xf7, 0x00, 0x00, 0x00, 0x00, 0x00, 0x00, 0xbf, 0xf7, 0xbf, 0xf7, 0x9f, 0xef, 0x9e, 0xef,
    0x9f, 0xef, 0x9e, 0xef, 0x7e, 0xef, 0x5e, 0xe7, 0x7e, 0xe7, 0x5e, 0xe7, 0xa2, 0x10, 0x20, 0x00,
    0x20, 0x00, 0x61, 0x08, 0xa2, 0x10, 0x5e, 0xe7, 0x9f, 0xef, 0x9f, 0xef, 0x9e, 0xef, 0x9e, 0xef,
    0xbf, 0xf7, 0xbf, 0xf7, 0xbf, 0xf7, 0xbf, 0xf7, 0xbf, 0xf7, 0xbf, 0xf7, 0xbf, 0xf7, 0x00, 0x00,
    0x00, 0x00, 0x00, 0x00, 0x00, 0x00, 0x00, 0x00, 0xbf, 0xf7, 0xbf, 0xf7, 0x9f, 0xef, 0x9e, 0xef,
    0x9f, 0xef, 0x9e, 0xef, 0x7e, 0xef, 0x5e, 0xe7, 0x7e, 0xe7, 0x5e, 0xe7, 0xa2, 0x10, 0x20, 0x00,
    0x20, 0x00, 0x61, 0x08, 0xa2, 0x10, 0x5e, 0xe7, 0x9f, 0xef, 0x9f, 0xef, 0x9e, 0xef, 0x9e, 0xef,
    0xbf, 0xf7, 0xbf, 0xf7, 0xbf, 0xf7, 0xbf, 0xf7, 0xbf, 0xf7, 0xbf, 0xf7, 0x00, 0x00, 0x00, 0x00,
    0x00, 0x00, 0x00, 0x00, 0x00, 0x00, 0x9f, 0xf7, 0xbf, 0xf7, 0xbf, 0xf7, 0x9f, 0xef, 0x9e, 0xef,
    0x9f, 0xef, 0x9e, 0xef, 0x7e, 0xef, 0x5e, 0xe7, 0x7e, 0xe7, 0x5e, 0xe7, 0xa2, 0x10, 0x20, 0x00,
    0x20, 0x00, 0x61, 0x08, 0xa2, 0x10, 0x5e, 0xe7, 0x9f, 0xef, 0x9f, 0xef, 0x9e, 0xef, 0x9e, 0xef,
    0xbf, 0xf7, 0xbf, 0xf7, 0xbf, 0xf7, 0xbf, 0xf7, 0xbf, 0xf7, 0xbf, 0xf7, 0x00, 0x00, 0x00, 0x00,
    0x00, 0x00, 0x00, 0x00, 0x00, 0x00, 0x9f, 0xf7, 0xbf, 0xf7, 0xbf, 0xf7, 0x9f, 0xef, 0x9e, 0xef,
    0x9f, 0xef, 0x9e, 0xef, 0x7e, 0xef, 0x5e, 0xe7, 0x7e, 0xe7, 0x5e, 0xe7, 0xa2, 0x10, 0x20, 0x00,
    0x20, 0x00, 0x61, 0x08, 0x00, 0x00, 0x00, 0x00, 0x9f, 0xef, 0x9f, 0xef, 0x9e, 0xef, 0x9e, 0xef,
    0xbf, 0xf7, 0xbf, 0xf7, 0xbf, 0xf7, 0xbf, 0xf7, 0xbf, 0xf7, 0xbf, 0xf7, 0x00, 0x00, 0x00, 0x00,
    0x00, 0x00, 0x00, 0x00, 0x00, 0x00, 0x9f, 0xf7, 0xbf, 0xf7, 0xbf, 0xf7, 0x9f, 0xef, 0x9e, 0xef,
    0x9f, 0xef, 0x9e, 0xef, 0x7e, 0xef, 0x5e, 0xe7, 0x7e, 0xe7, 0x00, 0x00, 0x00, 0x00, 0x20, 0x00,
    0x20, 0x00, 0x61, 0x08, 0xa2, 0x10, 0x5e, 0xe7, 0x9f, 0xef, 0x9f, 0xef, 0x9e, 0xef, 0x9e, 0xef,
    0xbf, 0xf7, 0x00, 0x00, 0x00, 0x00, 0x00, 0x00, 0x00, 0x00, 0x00, 0x00, 0x00, 0x00, 0x00, 0x00,
    0x00, 0x00, 0x00, 0x00, 0x00, 0x00, 0x00, 0x00, 0x00, 0x00, 0x00, 0x00, 0x00, 0x00, 0x00, 0x00,
    0x9f, 0xef, 0x9e, 0xef, 0x7e, 0xef, 0x5e, 0xe7, 0x7e, 0xe7, 0x5e, 0xe7, 0xa2, 0x10, 0x20, 0x00,
    0x20, 0x00, 0x61, 0x08, 0xa2, 0x10, 0x5e, 0xe7, 0x9f, 0xef, 0x9f, 0xef, 0x9e, 0xef, 0x9e, 0xef,
    0xbf, 0xf7, 0xbf, 0xf7, 0x00, 0x00, 0x00, 0x00, 0x00, 0x00, 0x00, 0x00, 0x00, 0x00, 0x00, 0x00,
    0x00, 0x00, 0x00, 0x00, 0x00, 0x00, 0x00, 0x00, 0x00, 0x00, 0x00, 0x00, 0x00, 0x00, 0x9e, 0xef,
    0x9f, 0xef, 0x9e, 0xef, 0x7e, 0xef, 0x5e, 0xe7, 0x7e, 0xe7, 0x5e, 0xe7, 0xa2, 0x10, 0x20, 0x00,
    0x20, 0x00, 0x61, 0x08, 0x00, 0x00, 0x00, 0x00, 0x9f, 0xef, 0x9f, 0xef, 0x00, 0x00, 0x9e, 0xef,
    0xbf, 0xf7, 0xbf, 0xf7, 0xbf, 0xf7, 0xbf, 0xf7, 0xbf, 0xf7, 0xbf, 0xf7, 0x00, 0x00, 0x00, 0x00,
    0x00, 0x00, 0x00, 0x00, 0x00, 0x00, 0x9f, 0xf7, 0xbf, 0xf7, 0xbf, 0xf7, 0x9f, 0xef, 0x9e, 0xef,
    0x9f, 0xef, 0x9e, 0xef, 0x00, 0x00, 0x5e, 0xe7, 0x7e, 0xe7, 0x00, 0x00, 0x00, 0x00, 0x20, 0x00,
    0x20, 0x00, 0x61, 0x08, 0x00, 0x00, 0x00, 0x00, 0x9f, 0xef, 0x9f, 0xef, 0x9e, 0xef, 0x9e, 0xef,
    0xbf, 0xf7, 0xbf, 0xf7, 0xbf, 0xf7, 0xbf, 0xf7, 0xbf, 0xf7, 0xbf, 0xf7, 0x00, 0x00, 0x00, 0x00,
    0x00, 0x00, 0x00, 0x00, 0x00, 0x00, 0x9f, 0xf7, 0xbf, 0xf7, 0xbf, 0xf7, 0x9f, 0xef, 0x9e, 0xef,
    0x9f, 0xef, 0x9e, 0xef, 0x7e, 0xef, 0x5e, 0xe7, 0x7e, 0xe7, 0x00, 0x00, 0x00, 0x00, 0x20, 0x00,
    0x20, 0x00, 0x61, 0x08, 0xa2, 0x10, 0x5e, 0xe7, 0x9f, 0xef, 0x9f, 0xef, 0x9e, 0xef, 0x9e, 0xef,
    0xbf, 0xf7, 0xbf, 0xf7, 0xbf, 0xf7, 0xbf, 0xf7, 0xbf, 0xf7, 0xbf, 0xf7, 0xbf, 0xf7, 0x00, 0x00,
    0x00, 0x00, 0x00, 0x00, 0xbf, 0xf7, 0x9f, 0xf7, 0xbf, 0xf7, 0xbf, 0xf7, 0x9f, 0xef, 0x9e, 0xef,
    0x9f, 0xef, 0x9e, 0xef, 0x7e, 0xef, 0x5e, 0xe7, 0x7e, 0xe7, 0x5e, 0xe7, 0xa2, 0x10, 0x20, 0x00,
    0x20, 0x00, 0x61, 0x08, 0xa2, 0x10, 0x5e, 0xe7, 0x9f, 0xef, 0x9f, 0xef, 0x9e, 0xef, 0x9e, 0xef,
    0xbf, 0xf7, 0xbf, 0xf7, 0xbf, 0xf7, 0xbf, 0xf7, 0xbf, 0xf7, 0xbf, 0xf7, 0xbf, 0xf7, 0x00, 0x00,
    0x00, 0x00, 0x00, 0x00, 0xbf, 0xf7, 0x9f, 0xf7, 0xbf, 0xf7, 0xbf, 0xf7, 0x9f, 0xef, 0x9e, 0xef,
    0x9f, 0xef, 0x9e, 0xef, 0x7e, 0xef, 0x5e, 0xe7, 0x7e, 0xe7, 0x5e, 0xe7, 0xa2, 0x10, 0x20, 0x00,
    0x20, 0x00, 0x61, 0x08, 0x00, 0x00, 0x00, 0x00, 0x9f, 0xef, 0x9f, 0xef, 0x9e, 0xef, 0x9e, 0xef,
    0xbf, 0xf7, 0xbf, 0xf7, 0xbf, 0xf7, 0xbf, 0xf7, 0xbf, 0xf7, 0xbf, 0xf7, 0x00, 0x00, 0x00, 0x00,
    0x00, 0x00, 0x00, 0x00, 0x00, 0x00, 0x9f, 0xf7, 0xbf, 0xf7, 0xbf, 0xf7, 0x9f, 0xef, 0x9e, 0xef,
    0x9f, 0xef, 0x9e, 0xef, 0x7e, 0xef, 0x5e, 0xe7, 0x7e, 0xe7, 0x00, 0x00, 0x00, 0x00, 0x20, 0x00,
    0x20, 0x00, 0x61, 0x08, 0xa2, 0x10, 0x5e, 0xe7, 0x9f, 0xef, 0x9f, 0xef, 0x9e, 0xef, 0x9e, 0xef,
    0xbf, 0xf7, 0x00, 0x00, 0x00, 0x00, 0x00, 0x00, 0x00, 0x00, 0x00, 0x00, 0x00, 0x00, 0x00, 0x00,
    0x00, 0x00, 0x00, 0x00, 0x00, 0x00, 0x00, 0x00, 0x00, 0x00, 0x00, 0x00, 0x00, 0x00, 0x00, 0x00,
    0x9f, 0xef, 0x9e, 0xef, 0x7e, 0xef, 0x5e, 0xe7, 0x7e, 0xe7, 0x5e, 0xe7, 0xa2, 0x10, 0x20, 0x00,
    0x20, 0x00, 0x61, 0x08, 0xa2, 0x10, 0x5e, 0xe7, 0x9f, 0xef, 0x9f, 0xef, 0x9e, 0xef, 0x9e, 0xef,
    0xbf, 0xf7, 0xbf, 0xf7, 0x00, 0x00, 0x00, 0x00, 0x00, 0x00, 0x00, 0x00, 0x00, 0x00, 0x00, 0x00,
    0x00, 0x00, 0x00, 0x00, 0x00, 0x00, 0x00, 0x00, 0x00, 0x00, 0x00, 0x00, 0x00, 0x00, 0x9e, 0xef,
    0x9f, 0xef, 0x9e, 0xef, 0x7e, 0xef, 0x5e, 0xe7, 0x7e, 0xe7, 0x5e, 0xe7, 0xa2, 0x10, 0x20, 0x00,
    0x20, 0x00, 0x61, 0x08, 0x00, 0x00, 0x00, 0x00, 0x9f, 0xef, 0x9f, 0xef, 0x00, 0x00, 0x9e, 0xef,
    0xbf, 0xf7, 0xbf, 0xf7, 0xbf, 0xf7, 0xbf, 0xf7, 0xbf, 0xf7, 0xbf, 0xf7, 0x00, 0x00, 0x00, 0x00,
    0x00, 0x00, 0x00, 0x00, 0x00, 0x00, 0x9f, 0xf7, 0xbf, 0xf7, 0xbf, 0xf7, 0x9f, 0xef, 0x9e, 0xef,
    0x9f, 0xef, 0x9e, 0xef, 0x00, 0x00, 0x5e, 0xe7, 0x7e, 0xe7, 0x00, 0x00, 0x00, 0x00, 0x20, 0x00,
    0x20, 0x00, 0x61, 0x08, 0x00, 0x00, 0x00, 0x00, 0x9f, 0xef, 0x9f, 0xef, 0x9e, 0xef, 0x9e, 0xef,
    0xbf, 0xf7, 0xbf, 0xf7, 0xbf, 0xf7, 0xbf, 0xf7, 0xbf, 0xf7, 0xbf, 0xf7, 0x00, 0x00, 0x00, 0x00,
    0x00, 0x00, 0x00, 0x00, 0x00, 0x00, 0x9f, 0xf7, 0xbf, 0xf7, 0xbf, 0xf7, 0x9f, 0xef, 0x9e, 0xef,
    0x9f, 0xef, 0x9e, 0xef, 0x7e, 0xef, 0x5e, 0xe7, 0x7e, 0xe7, 0x00, 0x00, 0x00, 0x00, 0x20, 0x00,
    0x20, 0x00, 0x61, 0x08, 0xa2, 0x10, 0x5e, 0xe7, 0x9f, 0xef, 0x9f, 0xef, 0x9e, 0xef, 0x9e, 0xef,
    0xbf, 0xf7, 0xbf, 0xf7, 0xbf, 0xf7, 0xbf, 0xf7, 0xbf, 0xf7, 0xbf, 0xf7, 0xbf, 0xf7, 0x00, 0x00,
    0x00, 0x00, 0x00, 0x00, 0xbf, 0xf7, 0x9f, 0xf7, 0xbf, 0xf7, 0xbf, 0xf7, 0x9f, 0xef, 0x9e, 0xef,
    0x9f, 0xef, 0x9e, 0xef, 0x7e, 0xef, 0x5e, 0xe7, 0x7e, 0xe7, 0x5e, 0xe7, 0xa2, 0x10, 0x20, 0x00,
    0x20, 0x00, 0x61, 0x08, 0xa2, 0x10, 0x5e, 0xe7, 0x9f, 0xef, 0x9f, 0xef, 0x9e, 0xef, 0x9e, 0xef,
    0xbf, 0xf7, 0xbf, 0xf7, 0xbf, 0xf7, 0xbf, 0xf7, 0xbf, 0xf7, 0xbf, 0xf7, 0xbf, 0xf7, 0x00, 0x00,
    0x00, 0x00, 0x00, 0x00, 0xbf, 0xf7, 0x9f, 0xf7, 0xbf, 0xf7, 0xbf, 0xf7, 0x9f, 0xef, 0x9e, 0xef,
    0x9f, 0xef, 0x9e, 0xef, 0x7e, 0xef, 0x5e, 0xe7, 0x7e, 0xe7, 0x5e, 0xe7, 0xa2, 0x10, 0x20, 0x00,
    0x20, 0x00, 0x61, 0x08, 0xa2, 0x10, 0x00, 0x00, 0x00, 0x00, 0x9f, 0xef, 0x9e, 0xef, 0x00, 0x00,
    0xbf, 0xf7, 0xbf, 0xf7, 0xbf, 0xf7, 0xbf, 0xf7, 0xbf, 0xf7, 0x00, 0x00, 0x00, 0x00, 0x00, 0x00,
    0x00, 0x00, 0x00, 0x00, 0xbf, 0xf7, 0x9f, 0xf7, 0xbf, 0xf7, 0xbf, 0xf7, 0x9f, 0xef, 0x00, 0x00,
    0x9f, 0xef, 0x9e, 0xef, 0x00, 0x00, 0x00, 0x00, 0x7e, 0xe7, 0x5e, 0xe7, 0xa2, 0x10, 0x20, 0x00,
    0x20, 0x00, 0x61, 0x08, 0xa2, 0x10, 0x5e, 0xe7, 0x9f, 0xef, 0x9f, 0xef, 0x00, 0x00, 0x00, 0x00,
    0xbf, 0xf7, 0xbf, 0xf7, 0xbf, 0xf7, 0xbf, 0xf7, 0xbf, 0xf7, 0x00, 0x00, 0x00, 0x00, 0xbf, 0xf7,
    0xbf, 0xf7, 0xbf, 0xf7, 0xbf, 0xf7, 0x00, 0x00, 0x00, 0x00, 0xbf, 0xf7, 0x9f, 0xef, 0x9e, 0xef,
    0x9f, 0xef, 0x9e, 0xef, 0x7e, 0xef, 0x5e, 0xe7, 0x7e, 0xe7, 0x5e, 0xe7, 0xa2, 0x10, 0x20, 0x00,
    0x20, 0x00, 0x61, 0x08, 0xa2, 0x10, 0x00, 0x00, 0x9f, 0xef, 0x9f, 0xef, 0x9e, 0xef, 0x9e, 0xef,
    0xbf, 0xf7, 0xbf, 0xf7, 0xbf, 0xf7, 0xbf, 0xf7, 0xbf, 0xf7, 0xbf, 0xf7, 0xbf, 0xf7, 0xbf, 0xf7,
    0xbf, 0xf7, 0xbf, 0xf7, 0xbf, 0xf7, 0x00, 0x00, 0xbf, 0xf7, 0xbf, 0xf7, 0x9f, 0xef, 0x9e, 0xef,
    0x9f, 0xef, 0x9e, 0xef, 0x7e, 0xef, 0x5e, 0xe7, 0x7e, 0xe7, 0x5e, 0xe7, 0xa2, 0x10, 0x20, 0x00,
    0x20, 0x00, 0x61, 0x08, 0xa2, 0x10, 0x5e, 0xe7, 0x9f, 0xef, 0x9f, 0xef, 0x9e, 0xef, 0x9e, 0xef,
    0xbf, 0xf7, 0xbf, 0xf7, 0xbf, 0xf7, 0xbf, 0xf7, 0xbf, 0xf7, 0xbf, 0xf7, 0xbf, 0xf7, 0xbf, 0xf7,
    0xbf, 0xf7, 0xbf, 0xf7, 0xbf, 0xf7, 0x9f, 0xf7, 0xbf, 0xf7, 0xbf, 0xf7, 0x9f, 0xef, 0x9e, 0xef,
    0x9f, 0xef, 0x9e, 0xef, 0x7e, 0xef, 0x5e, 0xe7, 0x7e, 0xe7, 0x5e, 0xe7, 0xa2, 0x10, 0x20, 0x00,
    0x20, 0x00, 0x61, 0x08, 0xa2, 0x10, 0x5e, 0xe7, 0x9f, 0xef, 0x9f, 0xef, 0x9e, 0xef, 0x9e, 0xef,
    0xbf, 0xf7, 0xbf, 0xf7, 0xbf, 0xf7, 0xbf, 0xf7, 0xbf, 0xf7, 0xbf, 0xf7, 0xbf, 0xf7, 0xbf, 0xf7,
    0xbf, 0xf7, 0xbf, 0xf7, 0xbf, 0xf7, 0x9f, 0xf7, 0xbf, 0xf7, 0xbf, 0xf7, 0x9f, 0xef, 0x9e, 0xef,
    0x9f, 0xef, 0x9e, 0xef, 0x7e, 0xef, 0x5e, 0xe7, 0x7e, 0xe7, 0x5e, 0xe7, 0xa2, 0x10, 0x20, 0x00,
    0x20, 0x00, 0x61, 0x08, 0xa2, 0x10, 0x00, 0x00, 0x9f, 0xef, 0x9f, 0xef, 0x9e, 0xef, 0x9e, 0xef,
    0xbf, 0xf7, 0xbf, 0xf7, 0xbf, 0xf7, 0xbf, 0xf7, 0xbf, 0xf7, 0xbf, 0xf7, 0xbf, 0xf7, 0xbf, 0xf7,
    0xbf, 0xf7, 0xbf, 0xf7, 0xbf, 0xf7, 0x9f, 0xf7, 0xbf, 0xf7, 0xbf, 0xf7, 0x9f, 0xef, 0x9e, 0xef,
    0x9f, 0xef, 0x9e, 0xef, 0x7e, 0xef, 0x5e, 0xe7, 0x7e, 0xe7, 0x5e, 0xe7, 0xa2, 0x10, 0x20, 0x00,
    0x20, 0x00, 0x61, 0x08, 0x00, 0x00, 0x00, 0x00, 0x00, 0x00, 0x9f, 0xef, 0x9e, 0xef, 0x9e, 0xef,
    0xbf, 0xf7, 0xbf, 0xf7, 0xbf, 0xf7, 0xbf, 0xf7, 0x00, 0x00, 0x00, 0x00, 0x00, 0x00, 0xbf, 0xf7,
    0xbf, 0xf7, 0xbf, 0xf7, 0xbf, 0xf7, 0x9f, 0xf7, 0xbf, 0xf7, 0xbf, 0xf7, 0x9f, 0xef, 0x9e, 0xef,
    0x9f, 0xef, 0x9e, 0xef, 0x7e, 0xef, 0x5e, 0xe7, 0x7e, 0xe7, 0x5e, 0xe7, 0xa2, 0x10, 0x20, 0x00,
    0x20, 0x00, 0x61, 0x08, 0xa2, 0x10, 0x5e, 0xe7, 0x9f, 0xef, 0x9f, 0xef, 0x9e, 0xef, 0x9e, 0xef,
    0xbf, 0xf7, 0xbf, 0xf7, 0xbf, 0xf7, 0xbf, 0xf7, 0xbf, 0xf7, 0xbf, 0xf7, 0xbf, 0xf7, 0xbf, 0xf7,
    0xbf, 0xf7, 0xbf, 0xf7, 0xbf, 0xf7, 0x9f, 0xf7, 0xbf, 0xf7, 0xbf, 0xf7, 0x9f, 0xef, 0x9e, 0xef,
    0x9f, 0xef, 0x9e, 0xef, 0x7e, 0xef, 0x5e, 0xe7, 0x7e, 0xe7, 0x5e, 0xe7, 0xa2, 0x10, 0x20, 0x00,
    0x20, 0x00, 0x61, 0x08, 0xa2, 0x10, 0x5e, 0xe7, 0x9f, 0xef, 0x9f, 0xef, 0x9e, 0xef, 0x9e, 0xef,
    0xbf, 0xf7, 0xbf, 0xf7, 0xbf, 0xf7, 0xbf, 0xf7, 0x00, 0x00, 0x00, 0x00, 0xbf, 0xf7, 0xbf, 0xf7,
    0xbf, 0xf7, 0xbf, 0xf7, 0xbf, 0xf7, 0x00, 0x00, 0x00, 0x00, 0xbf, 0xf7, 0x9f, 0xef, 0x9e, 0xef,
    0x9f, 0xef, 0x9e, 0xef, 0x7e, 0xef, 0x5e, 0xe7, 0x7e, 0xe7, 0x5e, 0xe7, 0xa2, 0x10, 0x20, 0x00,
    0x20, 0x00, 0x61, 0x08, 0xa2, 0x10, 0x5e, 0xe7, 0x9f, 0xef, 0x9f, 0xef, 0x9e, 0xef, 0x9e, 0xef,
    0xbf, 0xf7, 0xbf, 0xf7, 0xbf, 0xf7, 0xbf, 0xf7, 0xbf, 0xf7, 0xbf, 0xf7, 0xbf, 0xf7, 0xbf, 0xf7,
    0xbf, 0xf7, 0xbf, 0xf7, 0xbf, 0xf7, 0x9f, 0xf7, 0xbf, 0xf7, 0xbf, 0xf7, 0x9f, 0xef, 0x9e, 0xef,
    0x9f, 0xef, 0x9e, 0xef, 0x7e, 0xef, 0x5e, 0xe7, 0x7e, 0xe7, 0x5e, 0xe7, 0xa2, 0x10, 0x20, 0x00,
    0x20, 0x00, 0x61, 0x08, 0xa2, 0x10, 0x5e, 0xe7, 0x9f, 0xef, 0x9f, 0xef, 0x9e, 0xef, 0x9e, 0xef,
    0xbf, 0xf7, 0xbf, 0xf7, 0xbf, 0xf7, 0xbf, 0xf7, 0xbf, 0xf7, 0xbf, 0xf7, 0xbf, 0xf7, 0xbf, 0xf7,
    0xbf, 0xf7, 0xbf, 0xf7, 0xbf, 0xf7, 0x9f, 0xf7, 0xbf, 0xf7, 0xbf, 0xf7, 0x9f, 0xef, 0x9e, 0xef,
    0x9f, 0xef, 0x9e, 0xef, 0x7e, 0xef, 0x5e, 0xe7, 0x7e, 0xe7, 0x5e, 0xe7, 0xa2, 0x10, 0x20, 0x00,
    0x20, 0x00, 0x61, 0x08, 0xa2, 0x10, 0x5e, 0xe7, 0x9f, 0xef, 0x9f, 0xef, 0x9e, 0xef, 0x9e, 0xef,
    0xbf, 0xf7, 0xbf, 0xf7, 0xbf, 0xf7, 0xbf, 0xf7, 0xbf, 0xf7, 0xbf, 0xf7, 0xbf, 0xf7, 0xbf, 0xf7,
    0xbf, 0xf7, 0xbf, 0xf7, 0xbf, 0xf7, 0x9f, 0xf7, 0xbf, 0xf7, 0xbf, 0xf7, 0x9f, 0xef, 0x9e, 0xef,
    0x9f, 0xef, 0x9e, 0xef, 0x7e, 0xef, 0x5e, 0xe7, 0x7e, 0xe7, 0x5e, 0xe7, 0xa2, 0x10, 0x20, 0x00,
    0x00, 0x00, 0x61, 0x08, 0x81, 0x08, 0x3d, 0xe7, 0x7e, 0xef, 0x9f, 0xef, 0x9f, 0xef, 0x9f, 0xef,
    0x9f, 0xef, 0xbf, 0xf7, 0xbf, 0xf7, 0xbf, 0xf7, 0x9f, 0xf7, 0xbf, 0xf7, 0xbf, 0xf7, 0xbf, 0xf7,
    0x9f, 0xf7, 0xbf, 0xf7, 0xbf, 0xf7, 0xbf, 0xf7, 0x9e, 0xef, 0xbf, 0xf7, 0x9f, 0xef, 0x9e, 0xef,
    0x7e, 0xef, 0x9f, 0xef, 0x7e, 0xef, 0x5e, 0xe7, 0x5e, 0xe7, 0x1d, 0xdf, 0x81, 0x08, 0x20, 0x00,
    0x00, 0x00, 0x61, 0x08, 0x81, 0x08, 0x3d, 0xe7, 0x7e, 0xef, 0x9f, 0xef, 0x9f, 0xef, 0x9f, 0xef,
    0x9f, 0xef, 0xbf, 0xf7, 0xbf, 0xf7, 0xbf, 0xf7, 0x9f, 0xf7, 0xbf, 0xf7, 0xbf, 0xf7, 0xbf, 0xf7,
    0x9f, 0xf7, 0xbf, 0xf7, 0xbf, 0xf7, 0xbf, 0xf7, 0x9e, 0xef, 0xbf, 0xf7, 0x9f, 0xef, 0x9e, 0xef,
    0x7e, 0xef, 0x9f, 0xef, 0x7e, 0xef, 0x5e, 0xe7, 0x5e, 0xe7, 0x1d, 0xdf, 0x81, 0x08, 0x20, 0x00,
    0x00, 0x00, 0x61, 0x08, 0x81, 0x08, 0x3d, 0xe7, 0x7e, 0xef, 0x9f, 0xef, 0x9f, 0xef, 0x9f, 0xef,
    0x9f, 0xef, 0xbf, 0xf7, 0xbf, 0xf7, 0xbf, 0xf7, 0x9f, 0xf7, 0xbf, 0xf7, 0xbf, 0xf7, 0xbf, 0xf7,
    0x9f, 0xf7, 0xbf, 0xf7, 0xbf, 0xf7, 0xbf, 0xf7, 0x9e, 0xef, 0xbf, 0xf7, 0x9f, 0xef, 0x9e, 0xef,
    0x7e, 0xef, 0x9f, 0xef, 0x7e, 0xef, 0x5e, 0xe7, 0x5e, 0xe7, 0x1d, 0xdf, 0x81, 0x08, 0x20, 0x00,
    0x00, 0x00, 0x61, 0x08, 0x81, 0x08, 0x3d, 0xe7, 0x7e, 0xef, 0x9f, 0xef, 0x9f, 0xef, 0x9f, 0xef,
    0x9f, 0xef, 0xbf, 0xf7, 0xbf, 0xf7, 0xbf, 0xf7, 0x9f, 0xf7, 0xbf, 0xf7, 0xbf, 0xf7, 0xbf, 0xf7,
    0x9f, 0xf7, 0xbf, 0xf7, 0xbf, 0xf7, 0xbf, 0xf7, 0x9e, 0xef, 0xbf, 0xf7, 0x9f, 0xef, 0x9e, 0xef,
    0x7e, 0xef, 0x9f, 0xef, 0x7e, 0xef, 0x5e, 0xe7, 0x5e, 0xe7, 0x1d, 0xdf, 0x81, 0x08, 0x20, 0x00,
    0x00, 0x00, 0x61, 0x08, 0x81, 0x08, 0x3d, 0xe7, 0x7e, 0xef, 0x9f, 0xef, 0x9f, 0xef, 0x9f, 0xef,
    0x9f, 0xef, 0xbf, 0xf7, 0xbf, 0xf7, 0xbf, 0xf7, 0x9f, 0xf7, 0xbf, 0xf7, 0xbf, 0xf7, 0xbf, 0xf7,
    0x9f, 0xf7, 0xbf, 0xf7, 0xbf, 0xf7, 0xbf, 0xf7, 0x9e, 0xef, 0xbf, 0xf7, 0x9f, 0xef, 0x9e, 0xef,
    0x7e, 0xef, 0x9f, 0xef, 0x7e, 0xef, 0x5e, 0xe7, 0x5e, 0xe7, 0x1d, 0xdf, 0x81, 0x08, 0x20, 0x00,
    0x00, 0x00, 0x61, 0x08, 0x81, 0x08, 0x3d, 0xe7, 0x7e, 0xef, 0x9f, 0xef, 0x9f, 0xef, 0x9f, 0xef,
    0x9f, 0xef, 0xbf, 0xf7, 0xbf, 0xf7, 0xbf, 0xf7, 0x9f, 0xf7, 0xbf, 0xf7, 0xbf, 0xf7, 0xbf, 0xf7,
    0x9f, 0xf7, 0xbf, 0xf7, 0xbf, 0xf7, 0xbf, 0xf7, 0x9e, 0xef, 0xbf, 0xf7, 0x9f, 0xef, 0x9e, 0xef,
    0x7e, 0xef, 0x9f, 0xef, 0x7e, 0xef, 0x5e, 0xe7, 0x5e, 0xe7, 0x1d, 0xdf, 0x81, 0x08, 0x20, 0x00,
    0x00, 0x00, 0x61, 0x08, 0x81, 0x08, 0x3d, 0xe7, 0x7e, 0xef, 0x9f, 0xef, 0x9f, 0xef, 0x9f, 0xef,
    0x9f, 0xef, 0xbf, 0xf7, 0xbf, 0xf7, 0xbf, 0xf7, 0x9f, 0xf7, 0xbf, 0xf7, 0xbf, 0xf7, 0xbf, 0xf7,
    0x9f, 0xf7, 0xbf, 0xf7, 0xbf, 0xf7, 0xbf, 0xf7, 0x9e, 0xef, 0xbf, 0xf7, 0x9f, 0xef, 0x9e, 0xef,
    0x7e, 0xef, 0x9f, 0xef, 0x7e, 0xef, 0x5e, 0xe7, 0x5e, 0xe7, 0x1d, 0xdf, 0x81, 0x08, 0x20, 0x00,
    0x00, 0x00, 0x61, 0x08, 0x81, 0x08, 0x3d, 0xe7, 0x7e, 0xef, 0x9f, 0xef, 0x9f, 0xef, 0x9f, 0xef,
    0x9f, 0xef, 0xbf, 0xf7, 0xbf, 0xf7, 0xbf, 0xf7, 0x9f, 0xf7, 0xbf, 0xf7, 0xbf, 0xf7, 0xbf, 0xf7,
    0x9f, 0xf7, 0xbf, 0xf7, 0xbf, 0xf7, 0xbf, 0xf7, 0x9e, 0xef, 0xbf, 0xf7, 0x9f, 0xef, 0x9e, 0xef,
    0x7e, 0xef, 0x9f, 0xef, 0x7e, 0xef, 0x5e, 0xe7, 0x5e, 0xe7, 0x1d, 0xdf, 0x81, 0x08, 0x20, 0x00,
    0x00, 0x00, 0x61, 0x08, 0x81, 0x08, 0x3d, 0xe7, 0x7e, 0xef, 0x9f, 0xef, 0x9f, 0xef, 0x9f, 0xef,
    0x9f, 0xef, 0xbf, 0xf7, 0xbf, 0xf7, 0xbf, 0xf7, 0x9f, 0xf7, 0xbf, 0xf7, 0xbf, 0xf7, 0xbf, 0xf7,
    0x9f, 0xf7, 0xbf, 0xf7, 0xbf, 0xf7, 0xbf, 0xf7, 0x9e, 0xef, 0xbf, 0xf7, 0x9f, 0xef, 0x9e, 0xef,
    0x7e, 0xef, 0x9f, 0xef, 0x7e, 0xef, 0x5e, 0xe7, 0x5e, 0xe7, 0x1d, 0xdf, 0x81, 0x08, 0x20, 0x00,
    0x00, 0x00, 0x61, 0x08, 0x81, 0x08, 0x3d, 0xe7, 0x7e, 0xef, 0x9f, 0xef, 0x9f, 0xef, 0x9f, 0xef,
    0x9f, 0xef, 0xbf, 0xf7, 0xbf, 0xf7, 0xbf, 0xf7, 0x9f, 0xf7, 0xbf, 0xf7, 0xbf, 0xf7, 0xbf, 0xf7,
    0x9f, 0xf7, 0xbf, 0xf7, 0xbf, 0xf7, 0xbf, 0xf7, 0x9e, 0xef, 0xbf, 0xf7, 0x9f, 0xef, 0x9e, 0xef,
    0x7e, 0xef, 0x9f, 0xef, 0x7e, 0xef, 0x5e, 0xe7, 0x5e, 0xe7, 0x1d, 0xdf, 0x81, 0x08, 0x20, 0x00,
    0x00, 0x00, 0x61, 0x08, 0x81, 0x08, 0x3d, 0xe7, 0x7e, 0xef, 0x9f, 0xef, 0x9f, 0xef, 0x9f, 0xef,
    0x9f, 0xef, 0xbf, 0xf7, 0xbf, 0xf7, 0xbf, 0xf7, 0x9f, 0xf7, 0xbf, 0xf7, 0xbf, 0xf7, 0xbf, 0xf7,
    0x9f, 0xf7, 0xbf, 0xf7, 0xbf, 0xf7, 0xbf, 0xf7, 0x9e, 0xef, 0xbf, 0xf7, 0x9f, 0xef, 0x9e, 0xef,
    0x7e, 0xef, 0x9f, 0xef, 0x7e, 0xef, 0x5e, 0xe7, 0x5e, 0xe7, 0x1d, 0xdf, 0x81, 0x08, 0x20, 0x00,
    0x00, 0x00, 0x61, 0x08, 0x81, 0x08, 0x3d, 0xe7, 0x7e, 0xef, 0x9f, 0xef, 0x9f, 0xef, 0x9f, 0xef,
    0x9f, 0xef, 0xbf, 0xf7, 0xbf, 0xf7, 0xbf, 0xf7, 0x9f, 0xf7, 0xbf, 0xf7, 0xbf, 0xf7, 0xbf, 0xf7,
    0x9f, 0xf7, 0xbf, 0xf7, 0xbf, 0xf7, 0xbf, 0xf7, 0x9e, 0xef, 0xbf, 0xf7, 0x9f, 0xef, 0x9e, 0xef,
    0x7e, 0xef, 0x9f, 0xef, 0x7e, 0xef, 0x5e, 0xe7, 0x5e, 0xe7, 0x1d, 0xdf, 0x81, 0x08, 0x20, 0x00,
    0x00, 0x00, 0x61, 0x08, 0x81, 0x08, 0x3d, 0xe7, 0x7e, 0xef, 0x9f, 0xef, 0x9f, 0xef, 0x9f, 0xef,
    0x9f, 0xef, 0xbf, 0xf7, 0xbf, 0xf7, 0xbf, 0xf7, 0x9f, 0xf7, 0xbf, 0xf7, 0xbf, 0xf7, 0xbf, 0xf7,
    0x9f, 0xf7, 0xbf, 0xf7, 0xbf, 0xf7, 0xbf, 0xf7, 0x9e, 0xef, 0x00, 0x00, 0x00, 0x00, 0x9e, 0xef,
    0x7e, 0xef, 0x9f, 0xef, 0x7e, 0xef, 0x5e, 0xe7, 0x00, 0x00, 0x00, 0x00, 0x81, 0x08, 0x20, 0x00,
    0x00, 0x00, 0x61, 0x08, 0x81, 0x08, 0x3d, 0xe7, 0x7e, 0xef, 0x9f, 0xef, 0x9f, 0xef, 0x9f, 0xef,
    0x9f, 0xef, 0xbf, 0xf7, 0xbf, 0xf7, 0xbf, 0xf7, 0x9f, 0xf7, 0xbf, 0xf7, 0xbf, 0xf7, 0xbf, 0xf7,
    0x9f, 0xf7, 0xbf, 0xf7, 0xbf, 0xf7, 0xbf, 0xf7, 0x9e, 0xef, 0xbf, 0xf7, 0x9f, 0xef, 0x9e, 0xef,
    0x7e, 0xef, 0x9f, 0xef, 0x7e, 0xef, 0x5e, 0xe7, 0x5e, 0xe7, 0x1d, 0xdf, 0x81, 0x08, 0x20, 0x00,
    0x00, 0x00, 0x61, 0x08, 0x81, 0x08, 0x3d, 0xe7, 0x7e, 0xef, 0x9f, 0xef, 0x9f, 0xef, 0x9f, 0xef,
    0x9f, 0xef, 0xbf, 0xf7, 0xbf, 0xf7, 0xbf, 0xf7, 0x9f, 0xf7, 0xbf, 0xf7, 0xbf, 0xf7, 0xbf, 0xf7,
    0x9f, 0xf7, 0xbf, 0xf7, 0xbf, 0xf7, 0xbf, 0xf7, 0x9e, 0xef, 0xbf, 0xf7, 0x9f, 0xef, 0x9e, 0xef,
    0x7e, 0xef, 0x9f, 0xef, 0x7e, 0xef, 0x5e, 0xe7, 0x5e, 0xe7, 0x1d, 0xdf, 0x81, 0x08, 0x20, 0x00,
    0x00, 0x00, 0x61, 0x08, 0x81, 0x08, 0x3d, 0xe7, 0x7e, 0xef, 0x9f, 0xef, 0x9f, 0xef, 0x9f, 0xef,
    0x9f, 0xef, 0xbf, 0xf7, 0xbf, 0xf7, 0xbf, 0xf7, 0x9f, 0xf7, 0xbf, 0xf7, 0xbf, 0xf7, 0xbf, 0xf7,
    0x9f, 0xf7, 0xbf, 0xf7, 0xbf, 0xf7, 0xbf, 0xf7, 0x9e, 0xef, 0xbf, 0xf7, 0x9f, 0xef, 0x9e, 0xef,
    0x7e, 0xef, 0x9f, 0xef, 0x7e, 0xef, 0x5e, 0xe7, 0x5e, 0xe7, 0x1d, 0xdf, 0x81, 0x08, 0x20, 0x00,
    0x00, 0x00, 0x61, 0x08, 0x81, 0x08, 0x3d, 0xe7, 0x7e, 0xef, 0x9f, 0xef, 0x9f, 0xef, 0x9f, 0xef,
    0x9f, 0xef, 0xbf, 0xf7, 0xbf, 0xf7, 0xbf, 0xf7, 0x9f, 0xf7, 0xbf, 0xf7, 0xbf, 0xf7, 0xbf, 0xf7,
    0x9f, 0xf7, 0xbf, 0xf7, 0xbf, 0xf7, 0xbf, 0xf7, 0x9e, 0xef, 0xbf, 0xf7, 0x9f, 0xef, 0x9e, 0xef,
    0x7e, 0xef, 0x9f, 0xef, 0x7e, 0xef, 0x5e, 0xe7, 0x00, 0x00, 0x1d, 0xdf, 0x81, 0x08, 0x20, 0x00,
    0x00, 0x00, 0x61, 0x08, 0x81, 0x08, 0x3d, 0xe7, 0x7e, 0xef, 0x9f, 0xef, 0x9f, 0xef, 0x9f, 0xef,
    0x9f, 0xef, 0xbf, 0xf7, 0xbf, 0xf7, 0xbf, 0xf7, 0x9f, 0xf7, 0xbf, 0xf7, 0xbf, 0xf7, 0xbf, 0xf7,
    0x9f, 0xf7, 0xbf, 0xf7, 0xbf, 0xf7, 0xbf, 0xf7, 0x9e, 0xef, 0xbf, 0xf7, 0x9f, 0xef, 0x9e, 0xef,
    0x7e, 0xef, 0x9f, 0xef, 0x7e, 0xef, 0x00, 0x00, 0x5e, 0xe7, 0x1d, 0xdf, 0x81, 0x08, 0x20, 0x00,
    0x00, 0x00, 0x61, 0x08, 0x81, 0x08, 0x3d, 0xe7, 0x7e, 0xef, 0x9f, 0xef, 0x9f, 0xef, 0x9f, 0xef,
    0x9f, 0xef, 0xbf, 0xf7, 0xbf, 0xf7, 0xbf, 0xf7, 0x9f, 0xf7, 0xbf, 0xf7, 0x00, 0x00, 0xbf, 0xf7,
    0x9f, 0xf7, 0xbf, 0xf7, 0xbf, 0xf7, 0xbf, 0xf7, 0x9e, 0xef, 0xbf, 0xf7, 0x9f, 0xef, 0x9e, 0xef,
    0x7e, 0xef, 0x9f, 0xef, 0x7e, 0xef, 0x5e, 0xe7, 0x00, 0x00, 0x1d, 0xdf, 0x81, 0x08, 0x20, 0x00,
    0x00, 0x00, 0x61, 0x08, 0x81, 0x08, 0x3d, 0xe7, 0x7e, 0xef, 0x9f, 0xef, 0x9f, 0xef, 0x9f, 0xef,
    0x9f, 0xef, 0xbf, 0xf7, 0xbf, 0xf7, 0xbf, 0xf7, 0x00, 0x00, 0xbf, 0xf7, 0xbf, 0xf7, 0xbf, 0xf7,
    0x9f, 0xf7, 0xbf, 0xf7, 0xbf, 0xf7, 0xbf, 0xf7, 0x9e, 0xef, 0xbf, 0xf7, 0x9f, 0xef, 0x9e, 0xef,
    0x7e, 0xef, 0x9f, 0xef, 0x7e, 0xef, 0x5e, 0xe7, 0x00, 0x00, 0x1d, 0xdf, 0x81, 0x08, 0x20, 0x00,
    0x00, 0x00, 0x61, 0x08, 0x81, 0x08, 0x3d, 0xe7, 0x7e, 0xef, 0x9f, 0xef, 0x9f, 0xef, 0x9f, 0xef,
    0x9f, 0xef, 0xbf, 0xf7, 0xbf, 0xf7, 0xbf, 0xf7, 0x9f, 0xf7, 0xbf, 0xf7, 0xbf, 0xf7, 0xbf, 0xf7,
    0x9f, 0xf7, 0xbf, 0xf7, 0xbf, 0xf7, 0xbf, 0xf7, 0x9e, 0xef, 0xbf, 0xf7, 0x9f, 0xef, 0x9e, 0xef,
    0x7e, 0xef, 0x9f, 0xef, 0x7e, 0xef, 0x5e, 0xe7, 0x5e, 0xe7, 0x1d, 0xdf, 0x81, 0x08, 0x20, 0x00,
    0x00, 0x00, 0x61, 0x08, 0x81, 0x08, 0x3d, 0xe7, 0x7e, 0xef, 0x9f, 0xef, 0x9f, 0xef, 0x9f, 0xef,
    0x9f, 0xef, 0xbf, 0xf7, 0xbf, 0xf7, 0xbf, 0xf7, 0x9f, 0xf7, 0xbf, 0xf7, 0xbf, 0xf7, 0xbf, 0xf7,
    0x9f, 0xf7, 0x00, 0x00, 0xbf, 0xf7, 0xbf, 0xf7, 0x9e, 0xef, 0xbf, 0xf7, 0x9f, 0xef, 0x9e, 0xef,
    0x7e, 0xef, 0x9f, 0xef, 0x7e, 0xef, 0x5e, 0xe7, 0x5e, 0xe7, 0x1d, 0xdf, 0x81, 0x08, 0x20, 0x00,
    0x00, 0x00, 0x61, 0x08, 0x81, 0x08, 0x3d, 0xe7, 0x7e, 0xef, 0x9f, 0xef, 0x9f, 0xef, 0x9f, 0xef,
    0x9f, 0xef, 0xbf, 0xf7, 0xbf, 0xf7, 0xbf, 0xf7, 0x9f, 0xf7, 0xbf, 0xf7, 0xbf, 0xf7, 0x00, 0x00,
    0x00, 0x00, 0x00, 0x00, 0xbf, 0xf7, 0xbf, 0xf7, 0x9e, 0xef, 0xbf, 0xf7, 0x9f, 0xef, 0x9e, 0xef,
    0x7e, 0xef, 0x9f, 0xef, 0x7e, 0xef, 0x5e, 0xe7, 0x5e, 0xe7, 0x1d, 0xdf, 0x81, 0x08, 0x20, 0x00,
    0x00, 0x00, 0x61, 0x08, 0x81, 0x08, 0x3d, 0xe7, 0x7e, 0xef, 0x9f, 0xef, 0x9f, 0xef, 0x9f, 0xef,
    0x9f, 0xef, 0xbf, 0xf7, 0xbf, 0xf7, 0xbf, 0xf7, 0x9f, 0xf7, 0xbf, 0xf7, 0x00, 0x00, 0x00, 0x00,
    0x00, 0x00, 0x00, 0x00, 0x00, 0x00, 0xbf, 0xf7, 0x9e, 0xef, 0xbf, 0xf7, 0x9f, 0xef, 0x9e, 0xef,
    0x7e, 0xef, 0x9f, 0xef, 0x7e, 0xef, 0x5e, 0xe7, 0x5e, 0xe7, 0x1d, 0xdf, 0x81, 0x08, 0x20, 0x00,
    0x00, 0x00, 0x61, 0x08, 0x00, 0x00, 0x00, 0x00, 0x7e, 0xef, 0x9f, 0xef, 0x9f, 0xef, 0x9f, 0xef,
    0x9f, 0xef, 0xbf, 0xf7, 0xbf, 0xf7, 0xbf, 0xf7, 0x9f, 0xf7, 0xbf, 0xf7, 0x00, 0x00, 0x00, 0x00,
    0x00, 0x00, 0x00, 0x00, 0x00, 0x00, 0xbf, 0xf7, 0x9e, 0xef, 0xbf, 0xf7, 0x9f, 0xef, 0x9e, 0xef,
    0x7e, 0xef, 0x9f, 0xef, 0x7e, 0xef, 0x5e, 0xe7, 0x5e, 0xe7, 0x00, 0x00, 0x00, 0x00, 0x20, 0x00,
    0x00, 0x00, 0x61, 0x08, 0x81, 0x08, 0x3d, 0xe7, 0x7e, 0xef, 0x9f, 0xef, 0x9f, 0xef, 0x9f, 0xef,
    0x00, 0x00, 0x00, 0x00, 0x00, 0x00, 0x00, 0x00, 0x00, 0x00, 0xbf, 0xf7, 0x00, 0x00, 0x00, 0x00,
    0x00, 0x00, 0x00, 0x00, 0x00, 0x00, 0xbf, 0xf7, 0x00, 0x00, 0x00, 0x00, 0x00, 0x00, 0x00, 0x00,
    0x00, 0x00, 0x9f, 0xef, 0x7e, 0xef, 0x5e, 0xe7, 0x5e, 0xe7, 0x1d, 0xdf, 0x81, 0x08, 0x20, 0x00,
    0x00, 0x00, 0x61, 0x08, 0x81, 0x08, 0x3d, 0xe7, 0x7e, 0xef, 0x9f, 0xef, 0x9f, 0xef, 0x9f, 0xef,
    0x9f, 0xef, 0x00, 0x00, 0x00, 0x00, 0x00, 0x00, 0x00, 0x00, 0xbf, 0xf7, 0x00, 0x00, 0x00, 0x00,
    0x00, 0x00, 0x00, 0x00, 0x00, 0x00, 0xbf, 0xf7, 0x00, 0x00, 0x00, 0x00, 0x00, 0x00, 0x00, 0x00,
    0x7e, 0xef, 0x9f, 0xef, 0x7e, 0xef, 0x5e, 0xe7, 0x5e, 0xe7, 0x1d, 0xdf, 0x81, 0x08, 0x20, 0x00,
    0x00, 0x00, 0x61, 0x08, 0x00, 0x00, 0x00, 0x00, 0x7e, 0xef, 0x9f, 0xef, 0x9f, 0xef, 0x9f, 0xef,
    0x9f, 0xef, 0xbf, 0xf7, 0xbf, 0xf7, 0xbf, 0xf7, 0x9f, 0xf7, 0xbf, 0xf7, 0x00, 0x00, 0x00, 0x00,
    0x00, 0x00, 0x00, 0x00, 0x00, 0x00, 0xbf, 0xf7, 0x9e, 0xef, 0xbf, 0xf7, 0x9f, 0xef, 0x9e, 0xef,
    0x7e, 0xef, 0x9f, 0xef, 0x7e, 0xef, 0x5e, 0xe7, 0x5e, 0xe7, 0x00, 0x00, 0x00, 0x00, 0x20, 0x00,
    0x00, 0x00, 0x61, 0x08, 0x00, 0x00, 0x3d, 0xe7, 0x7e, 0xef, 0x9f, 0xef, 0x9f, 0xef, 0x9f, 0xef,
    0x9f, 0xef, 0xbf, 0xf7, 0xbf, 0xf7, 0xbf, 0xf7, 0x9f, 0xf7, 0xbf, 0xf7, 0xbf, 0xf7, 0x00, 0x00,
    0x00, 0x00, 0x00, 0x00, 0xbf, 0xf7, 0xbf, 0xf7, 0x9e, 0xef, 0xbf, 0xf7, 0x9f, 0xef, 0x9e, 0xef,
    0x7e, 0xef, 0x9f, 0xef, 0x7e, 0xef, 0x5e, 0xe7, 0x5e, 0xe7, 0x1d, 0xdf, 0x00, 0x00, 0x20, 0x00,
    0x00, 0x00, 0x61, 0x08, 0x81, 0x08, 0x3d, 0xe7, 0x7e, 0xef, 0x9f, 0xef, 0x9f, 0xef, 0x9f, 0xef,
    0x9f, 0xef, 0xbf, 0xf7, 0xbf, 0xf7, 0xbf, 0xf7, 0x9f, 0xf7, 0xbf, 0xf7, 0xbf, 0xf7, 0xbf, 0xf7,
    0x9f, 0xf7, 0xbf, 0xf7, 0xbf, 0xf7, 0xbf, 0xf7, 0x9e, 0xef, 0xbf, 0xf7, 0x9f, 0xef, 0x9e, 0xef,
    0x7e, 0xef, 0x9f, 0xef, 0x7e, 0xef, 0x5e, 0xe7, 0x5e, 0xe7, 0x1d, 0xdf, 0x81, 0x08, 0x20, 0x00,
    0x00, 0x00, 0x61, 0x08, 0x81, 0x08, 0x3d, 0xe7, 0x7e, 0xef, 0x9f, 0xef, 0x9f, 0xef, 0x9f, 0xef,
    0x9f, 0xef, 0xbf, 0xf7, 0xbf, 0xf7, 0xbf, 0xf7, 0x9f, 0xf7, 0xbf, 0xf7, 0xbf, 0xf7, 0xbf, 0xf7,
    0x9f, 0xf7, 0xbf, 0xf7, 0xbf, 0xf7, 0xbf, 0xf7, 0x9e, 0xef, 0xbf, 0xf7, 0x9f, 0xef, 0x9e, 0xef,
    0x7e, 0xef, 0x9f, 0xef, 0x7e, 0xef, 0x5e, 0xe7, 0x5e, 0xe7, 0x1d, 0xdf, 0x81, 0x08, 0x20, 0x00,
    0x00, 0x00, 0x61, 0x08, 0x00, 0x00, 0x00, 0x00, 0x7e, 0xef, 0x9f, 0xef, 0x9f, 0xef, 0x9f, 0xef,
    0x9f, 0xef, 0xbf, 0xf7, 0xbf, 0xf7, 0xbf, 0xf7, 0x9f, 0xf7, 0xbf, 0xf7, 0x00, 0x00, 0x00, 0x00,
    0x00, 0x00, 0x00, 0x00, 0x00, 0x00, 0xbf, 0xf7, 0x9e, 0xef, 0xbf, 0xf7, 0x9f, 0xef, 0x9e, 0xef,
    0x7e, 0xef, 0x9f, 0xef, 0x7e, 0xef, 0x5e, 0xe7, 0x5e, 0xe7, 0x00, 0x00, 0x00, 0x00, 0x20, 0x00,
    0x00, 0x00, 0x61, 0x08, 0x81, 0x08, 0x3d, 0xe7, 0x7e, 0xef, 0x9f, 0xef, 0x9f, 0xef, 0x9f, 0xef,
    0x00, 0x00, 0x00, 0x00, 0x00, 0x00, 0x00, 0x00, 0x00, 0x00, 0xbf, 0xf7, 0x00, 0x00, 0x00, 0x00,
    0x00, 0x00, 0x00, 0x00, 0x00, 0x00, 0xbf, 0xf7, 0x00, 0x00, 0x00, 0x00, 0x00, 0x00, 0x00, 0x00,
    0x00, 0x00, 0x9f, 0xef, 0x7e, 0xef, 0x5e, 0xe7, 0x5e, 0xe7, 0x1d, 0xdf, 0x81, 0x08, 0x20, 0x00,
    0x00, 0x00, 0x61, 0x08, 0x81, 0x08, 0x3d, 0xe7, 0x7e, 0xef, 0x9f, 0xef, 0x9f, 0xef, 0x9f, 0xef,
    0x9f, 0xef, 0x00, 0x00, 0x00, 0x00, 0x00, 0x00, 0x00, 0x00, 0xbf, 0xf7, 0x00, 0x00, 0x00, 0x00,
    0x00, 0x00, 0x00, 0x00, 0x00, 0x00, 0xbf, 0xf7, 0x00, 0x00, 0x00, 0x00, 0x00, 0x00, 0x00, 0x00,
    0x7e, 0xef, 0x9f, 0xef, 0x7e, 0xef, 0x5e, 0xe7, 0x5e, 0xe7, 0x1d, 0xdf, 0x81, 0x08, 0x20, 0x00,
    0x00, 0x00, 0x61, 0x08, 0x00, 0x00, 0x00, 0x00, 0x7e, 0xef, 0x9f, 0xef, 0x9f, 0xef, 0x9f, 0xef,
    0x9f, 0xef, 0xbf, 0xf7, 0xbf, 0xf7, 0xbf, 0xf7, 0x9f, 0xf7, 0xbf, 0xf7, 0x00, 0x00, 0x00, 0x00,
    0x00, 0x00, 0x00, 0x00, 0x00, 0x00, 0xbf, 0xf7, 0x9e, 0xef, 0xbf, 0xf7, 0x9f, 0xef, 0x9e, 0xef,
    0x7e, 0xef, 0x9f, 0xef, 0x7e, 0xef, 0x5e, 0xe7, 0x5e, 0xe7, 0x00, 0x00, 0x00, 0x00, 0x20, 0x00,
    0x00, 0x00, 0x61, 0x08, 0x00, 0x00, 0x3d, 0xe7, 0x7e, 0xef, 0x9f, 0xef, 0x9f, 0xef, 0x9f, 0xef,
    0x9f, 0xef, 0xbf, 0xf7, 0xbf, 0xf7, 0xbf, 0xf7, 0x9f, 0xf7, 0xbf, 0xf7, 0xbf, 0xf7, 0x00, 0x00,
    0x00, 0x00, 0x00, 0x00, 0xbf, 0xf7, 0xbf, 0xf7, 0x9e, 0xef, 0xbf, 0xf7, 0x9f, 0xef, 0x9e, 0xef,
    0x7e, 0xef, 0x9f, 0xef, 0x7e, 0xef, 0x5e, 0xe7, 0x5e, 0xe7, 0x1d, 0xdf, 0x00, 0x00, 0x20, 0x00,
    0x00, 0x00, 0x61, 0x08, 0x81, 0x08, 0x3d, 0xe7, 0x7e, 0xef, 0x9f, 0xef, 0x9f, 0xef, 0x9f, 0xef,
    0x9f, 0xef, 0xbf, 0xf7, 0xbf, 0xf7, 0xbf, 0xf7, 0x9f, 0xf7, 0xbf, 0xf7, 0xbf, 0xf7, 0xbf, 0xf7,
    0x9f, 0xf7, 0xbf, 0xf7, 0xbf, 0xf7, 0xbf, 0xf7, 0x9e, 0xef, 0xbf, 0xf7, 0x9f, 0xef, 0x9e, 0xef,
    0x7e, 0xef, 0x9f, 0xef, 0x7e, 0xef, 0x5e, 0xe7, 0x5e, 0xe7, 0x1d, 0xdf, 0x81, 0x08, 0x20, 0x00,
    0x00, 0x00, 0x61, 0x08, 0x81, 0x08, 0x3d, 0xe7, 0x7e, 0xef, 0x9f, 0xef, 0x9f, 0xef, 0x9f, 0xef,
    0x9f, 0xef, 0xbf, 0xf7, 0xbf, 0xf7, 0xbf, 0xf7, 0x9f, 0xf7, 0xbf, 0xf7, 0xbf, 0xf7, 0xbf, 0xf7,
    0x9f, 0xf7, 0xbf, 0xf7, 0xbf, 0xf7, 0xbf, 0xf7, 0x9e, 0xef, 0xbf, 0xf7, 0x9f, 0xef, 0x9e, 0xef,
    0x7e, 0xef, 0x9f, 0xef, 0x7e, 0xef, 0x5e, 0xe7, 0x5e, 0xe7, 0x1d, 0xdf, 0x81, 0x08, 0x20, 0x00,
    0x00, 0x00, 0x61, 0x08, 0x81, 0x08, 0x00, 0x00, 0x7e, 0xef, 0x9f, 0xef, 0x9f, 0xef, 0x9f, 0xef,
    0x9f, 0xef, 0xbf, 0xf7, 0xbf, 0xf7, 0xbf, 0xf7, 0x9f, 0xf7, 0xbf, 0xf7, 0x00, 0x00, 0x00, 0x00,
    0x00, 0x00, 0xbf, 0xf7, 0xbf, 0xf7, 0xbf, 0xf7, 0x9e, 0xef, 0xbf, 0xf7, 0x9f, 0xef, 0x9e, 0xef,
    0x7e, 0xef, 0x9f, 0xef, 0x7e, 0xef, 0x00, 0x00, 0x5e, 0xe7, 0x1d, 0xdf, 0x81, 0x08, 0x20, 0x00,
    0x00, 0x00, 0x61, 0x08, 0x81, 0x08, 0x3d, 0xe7, 0x7e, 0xef, 0x00, 0x00, 0x00, 0x00, 0x00, 0x00,
    0x9f, 0xef, 0xbf, 0xf7, 0xbf, 0xf7, 0xbf, 0xf7, 0x9f, 0xf7, 0xbf, 0xf7, 0xbf, 0xf7, 0xbf, 0xf7,
    0x9f, 0xf7, 0xbf, 0xf7, 0xbf, 0xf7, 0x00, 0x00, 0x00, 0x00, 0x00, 0x00, 0x9f, 0xef, 0x9e, 0xef,
    0x7e, 0xef, 0x9f, 0xef, 0x7e, 0xef, 0x5e, 0xe7, 0x5e, 0xe7, 0x1d, 0xdf, 0x81, 0x08, 0x20, 0x00,
    0x00, 0x00, 0x61, 0x08, 0x81, 0x08, 0x3d, 0xe7, 0x7e, 0xef, 0x9f, 0xef, 0x9f, 0xef, 0x9f, 0xef,
    0x9f, 0xef, 0xbf, 0xf7, 0xbf, 0xf7, 0xbf, 0xf7, 0x9f, 0xf7, 0xbf, 0xf7, 0xbf, 0xf7, 0xbf, 0xf7,
    0x9f, 0xf7, 0xbf, 0xf7, 0xbf, 0xf7, 0xbf, 0xf7, 0x9e, 0xef, 0xbf, 0xf7, 0x9f, 0xef, 0x9e, 0xef,
    0x7e, 0xef, 0x9f, 0xef, 0x7e, 0xef, 0x5e, 0xe7, 0x5e, 0xe7, 0x1d, 0xdf, 0x81, 0x08, 0x20, 0x00,
    0x00, 0x00, 0x61, 0x08, 0x81, 0x08, 0x3d, 0xe7, 0x7e, 0xef, 0x9f, 0xef, 0x9f, 0xef, 0x9f, 0xef,
    0x9f, 0xef, 0xbf, 0xf7, 0xbf, 0xf7, 0xbf, 0xf7, 0x9f, 0xf7, 0xbf, 0xf7, 0xbf, 0xf7, 0xbf, 0xf7,
    0x9f, 0xf7, 0xbf, 0xf7, 0xbf, 0xf7, 0xbf, 0xf7, 0x9e, 0xef, 0xbf, 0xf7, 0x9f, 0xef, 0x9e, 0xef,
    0x7e, 0xef, 0x9f, 0xef, 0x7e, 0xef, 0x5e, 0xe7, 0x5e, 0xe7, 0x1d, 0xdf, 0x81, 0x08, 0x20, 0x00,
    0x00, 0x00, 0x61, 0x08, 0x81, 0x08, 0x3d, 0xe7, 0x7e, 0xef, 0x9f, 0xef, 0x9f, 0xef, 0x9f, 0xef,
    0x9f, 0xef, 0xbf, 0xf7, 0xbf, 0xf7, 0xbf, 0xf7, 0x9f, 0xf7, 0xbf, 0xf7, 0xbf, 0xf7, 0xbf, 0xf7,
    0x9f, 0xf7, 0xbf, 0xf7, 0xbf, 0xf7, 0xbf, 0xf7, 0x9e, 0xef, 0xbf, 0xf7, 0x9f, 0xef, 0x9e, 0xef,
    0x7e, 0xef, 0x9f, 0xef, 0x7e, 0xef, 0x5e, 0xe7, 0x5e, 0xe7, 0x1d, 0xdf, 0x81, 0x08, 0x20, 0x00,
    0x00, 0x00, 0x61, 0x08, 0x00, 0x00, 0x00, 0x00, 0x7e, 0xef, 0x9f, 0xef, 0x9f, 0xef, 0x9f, 0xef,
    0x9f, 0xef, 0xbf, 0xf7, 0xbf, 0xf7, 0xbf, 0xf7, 0x9f, 0xf7, 0xbf, 0xf7, 0xbf, 0xf7, 0xbf, 0xf7,
    0x9f, 0xf7, 0xbf, 0xf7, 0xbf, 0xf7, 0xbf, 0xf7, 0x9e, 0xef, 0xbf, 0xf7, 0x9f, 0xef, 0x9e, 0xef,
    0x7e, 0xef, 0x9f, 0xef, 0x7e, 0xef, 0x5e, 0xe7, 0x5e, 0xe7, 0x1d, 0xdf, 0x81, 0x08, 0x20, 0x00,
    0x00, 0x00, 0x61, 0x08, 0x00, 0x00, 0x3d, 0xe7, 0x00, 0x00, 0x9f, 0xef, 0x9f, 0xef, 0x9f, 0xef,
    0x9f, 0xef, 0xbf, 0xf7, 0xbf, 0xf7, 0xbf, 0xf7, 0x00, 0x00, 0xbf, 0xf7, 0x00, 0x00, 0xbf, 0xf7,
    0x9f, 0xf7, 0xbf, 0xf7, 0xbf, 0xf7, 0xbf, 0xf7, 0x9e, 0xef, 0xbf, 0xf7, 0x9f, 0xef, 0x9e, 0xef,
    0x7e, 0xef, 0x9f, 0xef, 0x7e, 0xef, 0x5e, 0xe7, 0x5e, 0xe7, 0x1d, 0xdf, 0x81, 0x08, 0x20, 0x00,
    0x00, 0x00, 0x61, 0x08, 0x81, 0x08, 0x3d, 0xe7, 0x7e, 0xef, 0x9f, 0xef, 0x9f, 0xef, 0x9f, 0xef,
    0x9f, 0xef, 0xbf, 0xf7, 0xbf, 0xf7, 0xbf, 0xf7, 0x9f, 0xf7, 0xbf, 0xf7, 0xbf, 0xf7, 0xbf, 0xf7,
    0x9f, 0xf7, 0xbf, 0xf7, 0xbf, 0xf7, 0xbf, 0xf7, 0x9e, 0xef, 0xbf, 0xf7, 0x9f, 0xef, 0x9e, 0xef,
    0x7e, 0xef, 0x9f, 0xef, 0x7e, 0xef, 0x5e, 0xe7, 0x5e, 0xe7, 0x1d, 0xdf, 0x81, 0x08, 0x20, 0x00,
    0x00, 0x00, 0x61, 0x08, 0x81, 0x08, 0x3d, 0xe7, 0x7e, 0xef, 0x9f, 0xef, 0x9f, 0xef, 0x9f, 0xef,
    0x9f, 0xef, 0xbf, 0xf7, 0xbf, 0xf7, 0xbf, 0xf7, 0x9f, 0xf7, 0xbf, 0xf7, 0xbf, 0xf7, 0xbf, 0xf7,
    0x9f, 0xf7, 0xbf, 0xf7, 0xbf, 0xf7, 0xbf, 0xf7, 0x9e, 0xef, 0xbf, 0xf7, 0x9f, 0xef, 0x9e, 0xef,
    0x7e, 0xef, 0x9f, 0xef, 0x7e, 0xef, 0x5e, 0xe7, 0x5e, 0xe7, 0x1d, 0xdf, 0x81, 0x08, 0x20, 0x00,
    0x00, 0x00, 0x61, 0x08, 0x81, 0x08, 0x3d, 0xe7, 0x7e, 0xef, 0x9f, 0xef, 0x9f, 0xef, 0x9f, 0xef,
    0x9f, 0xef, 0xbf, 0xf7, 0xbf, 0xf7, 0xbf, 0xf7, 0x9f, 0xf7, 0xbf, 0xf7, 0xbf, 0xf7, 0xbf, 0xf7,
    0x9f, 0xf7, 0xbf, 0xf7, 0xbf, 0xf7, 0xbf, 0xf7, 0x9e, 0xef, 0xbf, 0xf7, 0x9f, 0xef, 0x9e, 0xef,
    0x7e, 0xef, 0x9f, 0xef, 0x7e, 0xef, 0x5e, 0xe7, 0x5e, 0xe7, 0x1d, 0xdf, 0x81, 0x08, 0x20, 0x00,
    0x00, 0x00, 0x61, 0x08, 0x81, 0x08, 0x3d, 0xe7, 0x7e, 0xef, 0x9f, 0xef, 0x9f, 0xef, 0x9f, 0xef,
    0x9f, 0xef, 0xbf, 0xf7, 0xbf, 0xf7, 0xbf, 0xf7, 0x9f, 0xf7, 0xbf, 0xf7, 0xbf, 0xf7, 0xbf, 0xf7,
    0x9f, 0xf7, 0xbf, 0xf7, 0xbf, 0xf7, 0xbf, 0xf7, 0x9e, 0xef, 0xbf, 0xf7, 0x9f, 0xef, 0x9e, 0xef,
    0x7e, 0xef, 0x9f, 0xef, 0x7e, 0xef, 0x5e, 0xe7, 0x5e, 0xe7, 0x1d, 0xdf, 0x81, 0x08, 0x20, 0x00,
    0x00, 0x00, 0x61, 0x08, 0x81, 0x08, 0x3d, 0xe7, 0x7e, 0xef, 0x9f, 0xef, 0x9f, 0xef, 0x9f, 0xef,
    0x9f, 0xef, 0xbf, 0xf7, 0xbf, 0xf7, 0xbf, 0xf7, 0x9f, 0xf7, 0xbf, 0xf7, 0xbf, 0xf7, 0xbf, 0xf7,
    0x9f, 0xf7, 0xbf, 0xf7, 0xbf, 0xf7, 0xbf, 0xf7, 0x9e, 0xef, 0xbf, 0xf7, 0x9f, 0xef, 0x9e, 0xef,
    0x7e, 0xef, 0x9f, 0xef, 0x7e, 0xef, 0x5e, 0xe7, 0x5e, 0xe7, 0x1d, 0xdf, 0x81, 0x08, 0x20, 0x00,
    0x00, 0x00, 0x00, 0x00, 0x81, 0x08, 0x92, 0x8c, 0x7e, 0xef, 0x7e, 0xef, 0x9f, 0xef, 0x9f, 0xef,
    0x9f, 0xef, 0x9f, 0xef, 0xbf, 0xf7, 0xbf, 0xf7, 0xbf, 0xf7, 0x9f, 0xf7, 0xbf, 0xf7, 0xbf, 0xf7,
    0xbf, 0xf7, 0x9f, 0xf7, 0xbf, 0xf7, 0xbf, 0xf7, 0x9f, 0xef, 0x9e, 0xef, 0x9f, 0xef, 0x9e, 0xef,
    0x7e, 0xef, 0x7e, 0xef, 0x7e, 0xef, 0x5e, 0xe7, 0x3e, 0xe7, 0x51, 0x84, 0x81, 0x08, 0x20, 0x00,
    0x00, 0x00, 0x00, 0x00, 0x81, 0x08, 0x92, 0x8c, 0x7e, 0xef, 0x7e, 0xef, 0x9f, 0xef, 0x9f, 0xef,
    0x9f, 0xef, 0x9f, 0xef, 0xbf, 0xf7, 0xbf, 0xf7, 0xbf, 0xf7, 0x9f, 0xf7, 0xbf, 0xf7, 0xbf, 0xf7,
    0xbf, 0xf7, 0x9f, 0xf7, 0xbf, 0xf7, 0xbf, 0xf7, 0x9f, 0xef, 0x9e, 0xef, 0x9f, 0xef, 0x9e, 0xef,
    0x7e, 0xef, 0x7e, 0xef, 0x7e, 0xef, 0x5e, 0xe7, 0x3e, 0xe7, 0x51, 0x84, 0x81, 0x08, 0x20, 0x00,
    0x00, 0x00, 0x00, 0x00, 0x81, 0x08, 0x92, 0x8c, 0x7e, 0xef, 0x7e, 0xef, 0x9f, 0xef, 0x9f, 0xef,
    0x9f, 0xef, 0x9f, 0xef, 0xbf, 0xf7, 0xbf, 0xf7, 0xbf, 0xf7, 0x9f, 0xf7, 0xbf, 0xf7, 0xbf, 0xf7,
    0xbf, 0xf7, 0x9f, 0xf7, 0xbf, 0xf7, 0xbf, 0xf7, 0x9f, 0xef, 0x9e, 0xef, 0x9f, 0xef, 0x9e, 0xef,
    0x7e, 0xef, 0x7e, 0xef, 0x7e, 0xef, 0x5e, 0xe7, 0x3e, 0xe7, 0x51, 0x84, 0x81, 0x08, 0x20, 0x00,
    0x00, 0x00, 0x00, 0x00, 0x81, 0x08, 0x92, 0x8c, 0x7e, 0xef, 0x7e, 0xef, 0x9f, 0xef, 0x9f, 0xef,
    0x9f, 0xef, 0x9f, 0xef, 0xbf, 0xf7, 0xbf, 0xf7, 0xbf, 0xf7, 0x9f, 0xf7, 0xbf, 0xf7, 0xbf, 0xf7,
    0xbf, 0xf7, 0x9f, 0xf7, 0xbf, 0xf7, 0xbf, 0xf7, 0x9f, 0xef, 0x9e, 0xef, 0x9f, 0xef, 0x9e, 0xef,
    0x7e, 0xef, 0x7e, 0xef, 0x7e, 0xef, 0x5e, 0xe7, 0x3e, 0xe7, 0x51, 0x84, 0x81, 0x08, 0x20, 0x00,
    0x00, 0x00, 0x00, 0x00, 0x81, 0x08, 0x92, 0x8c, 0x7e, 0xef, 0x7e, 0xef, 0x9f, 0xef, 0x9f, 0xef,
    0x9f, 0xef, 0x9f, 0xef, 0xbf, 0xf7, 0xbf, 0xf7, 0xbf, 0xf7, 0x9f, 0xf7, 0xbf, 0xf7, 0xbf, 0xf7,
    0xbf, 0xf7, 0x9f, 0xf7, 0xbf, 0xf7, 0xbf, 0xf7, 0x9f, 0xef, 0x9e, 0xef, 0x9f, 0xef, 0x9e, 0xef,
    0x7e, 0xef, 0x7e, 0xef, 0x7e, 0xef, 0x5e, 0xe7, 0x3e, 0xe7, 0x51, 0x84, 0x81, 0x08, 0x20, 0x00,
    0x00, 0x00, 0x00, 0x00, 0x81, 0x08, 0x92, 0x8c, 0x7e, 0xef, 0x7e, 0xef, 0x9f, 0xef, 0x9f, 0xef,
    0x9f, 0xef, 0x9f, 0xef, 0xbf, 0xf7, 0xbf, 0xf7, 0xbf, 0xf7, 0x9f, 0xf7, 0xbf, 0xf7, 0xbf, 0xf7,
    0xbf, 0xf7, 0x9f, 0xf7, 0xbf, 0xf7, 0xbf, 0xf7, 0x9f, 0xef, 0x9e, 0xef, 0x9f, 0xef, 0x9e, 0xef,
    0x7e, 0xef, 0x7e, 0xef, 0x7e, 0xef, 0x5e, 0xe7, 0x3e, 0xe7, 0x51, 0x84, 0x81, 0x08, 0x20, 0x00,
    0x00, 0x00, 0x00, 0x00, 0x81, 0x08, 0x92, 0x8c, 0x7e, 0xef, 0x7e, 0xef, 0x9f, 0xef, 0x9f, 0xef,
    0x9f, 0xef, 0x9f, 0xef, 0xbf, 0xf7, 0xbf, 0xf7, 0xbf, 0xf7, 0x9f, 0xf7, 0xbf, 0xf7, 0xbf, 0xf7,
    0xbf, 0xf7, 0x9f, 0xf7, 0xbf, 0xf7, 0xbf, 0xf7, 0x9f, 0xef, 0x9e, 0xef, 0x9f, 0xef, 0x9e, 0xef,
    0x7e, 0xef, 0x7e, 0xef, 0x7e, 0xef, 0x5e, 0xe7, 0x3e, 0xe7, 0x51, 0x84, 0x81, 0x08, 0x20, 0x00,
    0x00, 0x00, 0x00, 0x00, 0x81, 0x08, 0x92, 0x8c, 0x7e, 0xef, 0x7e, 0xef, 0x9f, 0xef, 0x9f, 0xef,
    0x9f, 0xef, 0x9f, 0xef, 0xbf, 0xf7, 0xbf, 0xf7, 0xbf, 0xf7, 0x9f, 0xf7, 0xbf, 0xf7, 0xbf, 0xf7,
    0xbf, 0xf7, 0x9f, 0xf7, 0xbf, 0xf7, 0xbf, 0xf7, 0x9f, 0xef, 0x9e, 0xef, 0x9f, 0xef, 0x9e, 0xef,
    0x7e, 0xef, 0x7e, 0xef, 0x7e, 0xef, 0x5e, 0xe7, 0x3e, 0xe7, 0x51, 0x84, 0x81, 0x08, 0x20, 0x00,
    0x00, 0x00, 0x00, 0x00, 0x81, 0x08, 0x92, 0x8c, 0x7e, 0xef, 0x7e, 0xef, 0x9f, 0xef, 0x9f, 0xef,
    0x9f, 0xef, 0x9f, 0xef, 0xbf, 0xf7, 0xbf, 0xf7, 0xbf, 0xf7, 0x9f, 0xf7, 0xbf, 0xf7, 0xbf, 0xf7,
    0xbf, 0xf7, 0x9f, 0xf7, 0xbf, 0xf7, 0xbf, 0xf7, 0x9f, 0xef, 0x9e, 0xef, 0x9f, 0xef, 0x9e, 0xef,
    0x7e, 0xef, 0x7e, 0xef, 0x7e, 0xef, 0x5e, 0xe7, 0x3e, 0xe7, 0x51, 0x84, 0x81, 0x08, 0x20, 0x00,
    0x00, 0x00, 0x00, 0x00, 0x81, 0x08, 0x92, 0x8c, 0x7e, 0xef, 0x7e, 0xef, 0x9f, 0xef, 0x9f, 0xef,
    0x9f, 0xef, 0x9f, 0xef, 0xbf, 0xf7, 0xbf, 0xf7, 0xbf, 0xf7, 0x9f, 0xf7, 0xbf, 0xf7, 0xbf, 0xf7,
    0xbf, 0xf7, 0x9f, 0xf7, 0xbf, 0xf7, 0xbf, 0xf7, 0x9f, 0xef, 0x9e, 0xef, 0x9f, 0xef, 0x9e, 0xef,
    0x7e, 0xef, 0x7e, 0xef, 0x7e, 0xef, 0x5e, 0xe7, 0x3e, 0xe7, 0x51, 0x84, 0x81, 0x08, 0x20, 0x00,
    0x00, 0x00, 0x00, 0x00, 0x81, 0x08, 0x92, 0x8c, 0x7e, 0xef, 0x7e, 0xef, 0x9f, 0xef, 0x9f, 0xef,
    0x9f, 0xef, 0x9f, 0xef, 0xbf, 0xf7, 0xbf, 0xf7, 0xbf, 0xf7, 0x9f, 0xf7, 0xbf, 0xf7, 0xbf, 0xf7,
    0xbf, 0xf7, 0x9f, 0xf7, 0xbf, 0xf7, 0xbf, 0xf7, 0x9f, 0xef, 0x9e, 0xef, 0x9f, 0xef, 0x9e, 0xef,
    0x7e, 0xef, 0x7e, 0xef, 0x7e, 0xef, 0x5e, 0xe7, 0x3e, 0xe7, 0x51, 0x84, 0x81, 0x08, 0x20, 0x00,
    0x00, 0x00, 0x00, 0x00, 0x81, 0x08, 0x92, 0x8c, 0x7e, 0xef, 0x7e, 0xef, 0x9f, 0xef, 0x9f, 0xef,
    0x9f, 0xef, 0x9f, 0xef, 0xbf, 0xf7, 0xbf, 0xf7, 0xbf, 0xf7, 0x9f, 0xf7, 0xbf, 0xf7, 0xbf, 0xf7,
    0xbf, 0xf7, 0x9f, 0xf7, 0xbf, 0xf7, 0xbf, 0xf7, 0x9f, 0xef, 0x9e, 0xef, 0x9f, 0xef, 0x9e, 0xef,
    0x7e, 0xef, 0x7e, 0xef, 0x7e, 0xef, 0x5e, 0xe7, 0x3e, 0xe7, 0x51, 0x84, 0x81, 0x08, 0x20, 0x00,
    0x00, 0x00, 0x00, 0x00, 0x81, 0x08, 0x92, 0x8c, 0x7e, 0xef, 0x7e, 0xef, 0x9f, 0xef, 0x9f, 0xef,
    0x9f, 0xef, 0x9f, 0xef, 0xbf, 0xf7, 0xbf, 0xf7, 0xbf, 0xf7, 0x9f, 0xf7, 0xbf, 0xf7, 0xbf, 0xf7,
    0xbf, 0xf7, 0x9f, 0xf7, 0xbf, 0xf7, 0xbf, 0xf7, 0x9f, 0xef, 0x9e, 0xef, 0x9f, 0xef, 0x9e, 0xef,
    0x7e, 0xef, 0x7e, 0xef, 0x7e, 0xef, 0x5e, 0xe7, 0x3e, 0xe7, 0x51, 0x84, 0x81, 0x08, 0x20, 0x00,
    0x00, 0x00, 0x00, 0x00, 0x81, 0x08, 0x92, 0x8c, 0x7e, 0xef, 0x7e, 0xef, 0x9f, 0xef, 0x9f, 0xef,
    0x9f, 0xef, 0x9f, 0xef, 0xbf, 0xf7, 0xbf, 0xf7, 0xbf, 0xf7, 0x9f, 0xf7, 0xbf, 0xf7, 0xbf, 0xf7,
    0xbf, 0xf7, 0x9f, 0xf7, 0xbf, 0xf7, 0xbf, 0xf7, 0x9f, 0xef, 0x9e, 0xef, 0x9f, 0xef, 0x9e, 0xef,
    0x7e, 0xef, 0x7e, 0xef, 0x7e, 0xef, 0x5e, 0xe7, 0x3e, 0xe7, 0x51, 0x84, 0x81, 0x08, 0x20, 0x00,
    0x00, 0x00, 0x00, 0x00, 0x81, 0x08, 0x92, 0x8c, 0x7e, 0xef, 0x7e, 0xef, 0x9f, 0xef, 0x9f, 0xef,
    0x9f, 0xef, 0x9f, 0xef, 0xbf, 0xf7, 0xbf, 0xf7, 0xbf, 0xf7, 0x9f, 0xf7, 0xbf, 0xf7, 0xbf, 0xf7,
    0xbf, 0xf7, 0x9f, 0xf7, 0xbf, 0xf7, 0xbf, 0xf7, 0x9f, 0xef, 0x9e, 0xef, 0x9f, 0xef, 0x9e, 0xef,
    0x7e, 0xef, 0x7e, 0xef, 0x7e, 0xef, 0x5e, 0xe7, 0x3e, 0xe7, 0x51, 0x84, 0x81, 0x08, 0x20, 0x00,
    0x00, 0x00, 0x00, 0x00, 0x81, 0x08, 0x92, 0x8c, 0x7e, 0xef, 0x7e, 0xef, 0x9f, 0xef, 0x9f, 0xef,
    0x9f, 0xef, 0x9f, 0xef, 0xbf, 0xf7, 0xbf, 0xf7, 0xbf, 0xf7, 0x9f, 0xf7, 0xbf, 0xf7, 0xbf, 0xf7,
    0xbf, 0xf7, 0x9f, 0xf7, 0xbf, 0xf7, 0xbf, 0xf7, 0x9f, 0xef, 0x9e, 0xef, 0x9f, 0xef, 0x9e, 0xef,
    0x7e, 0xef, 0x7e, 0xef, 0x7e, 0xef, 0x5e, 0xe7, 0x3e, 0xe7, 0x51, 0x84, 0x81, 0x08, 0x20, 0x00,
    0x00, 0x00, 0x00, 0x00, 0x81, 0x08, 0x92, 0x8c, 0x7e, 0xef, 0x7e, 0xef, 0x9f, 0xef, 0x9f, 0xef,
    0x9f, 0xef, 0x9f, 0xef, 0xbf, 0xf7, 0xbf, 0xf7, 0xbf, 0xf7, 0x9f, 0xf7, 0xbf, 0xf7, 0xbf, 0xf7,
    0xbf, 0xf7, 0x9f, 0xf7, 0xbf, 0xf7, 0xbf, 0xf7, 0x9f, 0xef, 0x9e, 0xef, 0x9f, 0xef, 0x9e, 0xef,
    0x7e, 0xef, 0x7e, 0xef, 0x7e, 0xef, 0x5e, 0xe7, 0x00, 0x00, 0x51, 0x84, 0x81, 0x08, 0x20, 0x00,
    0x00, 0x00, 0x00, 0x00, 0x81, 0x08, 0x92, 0x8c, 0x7e, 0xef, 0x7e, 0xef, 0x9f, 0xef, 0x9f, 0xef,
    0x9f, 0xef, 0x9f, 0xef, 0xbf, 0xf7, 0xbf, 0xf7, 0xbf, 0xf7, 0x9f, 0xf7, 0xbf, 0xf7, 0xbf, 0xf7,
    0xbf, 0xf7, 0x9f, 0xf7, 0xbf, 0xf7, 0xbf, 0xf7, 0x9f, 0xef, 0x9e, 0xef, 0x9f, 0xef, 0x9e, 0xef,
    0x7e, 0xef, 0x7e, 0xef, 0x7e, 0xef, 0x00, 0x00, 0x3e, 0xe7, 0x51, 0x84, 0x81, 0x08, 0x20, 0x00,
    0x00, 0x00, 0x00, 0x00, 0x81, 0x08, 0x92, 0x8c, 0x7e, 0xef, 0x7e, 0xef, 0x9f, 0xef, 0x9f, 0xef,
    0x9f, 0xef, 0x9f, 0xef, 0xbf, 0xf7, 0xbf, 0xf7, 0xbf, 0xf7, 0x9f, 0xf7, 0xbf, 0xf7, 0xbf, 0xf7,
    0xbf, 0xf7, 0x9f, 0xf7, 0xbf, 0xf7, 0xbf, 0xf7, 0x9f, 0xef, 0x9e, 0xef, 0x9f, 0xef, 0x9e, 0xef,
    0x7e, 0xef, 0x7e, 0xef, 0x7e, 0xef, 0x5e, 0xe7, 0x3e, 0xe7, 0x51, 0x84, 0x81, 0x08, 0x20, 0x00,
    0x00, 0x00, 0x00, 0x00, 0x81, 0x08, 0x92, 0x8c, 0x7e, 0xef, 0x7e, 0xef, 0x9f, 0xef, 0x9f, 0xef,
    0x9f, 0xef, 0x9f, 0xef, 0xbf, 0xf7, 0xbf, 0xf7, 0xbf, 0xf7, 0x9f, 0xf7, 0xbf, 0xf7, 0xbf, 0xf7,
    0xbf, 0xf7, 0x9f, 0xf7, 0xbf, 0xf7, 0xbf, 0xf7, 0x9f, 0xef, 0x9e, 0xef, 0x9f, 0xef, 0x9e, 0xef,
    0x7e, 0xef, 0x7e, 0xef, 0x7e, 0xef, 0x5e, 0xe7, 0x3e, 0xe7, 0x51, 0x84, 0x81, 0x08, 0x20, 0x00,
    0x00, 0x00, 0x00, 0x00, 0x81, 0x08, 0x92, 0x8c, 0x7e, 0xef, 0x7e, 0xef, 0x9f, 0xef, 0x9f, 0xef,
    0x9f, 0xef, 0x9f, 0xef, 0xbf, 0xf7, 0xbf, 0xf7, 0xbf, 0xf7, 0x9f, 0xf7, 0xbf, 0xf7, 0xbf, 0xf7,
    0xbf, 0xf7, 0x9f, 0xf7, 0xbf, 0xf7, 0xbf, 0xf7, 0x9f, 0xef, 0x9e, 0xef, 0x9f, 0xef, 0x9e, 0xef,
    0x7e, 0xef, 0x7e, 0xef, 0x7e, 0xef, 0x5e, 0xe7, 0x3e, 0xe7, 0x51, 0x84, 0x81, 0x08, 0x20, 0x00,
    0x00, 0x00, 0x00, 0x00, 0x81, 0x08, 0x92, 0x8c, 0x7e, 0xef, 0x7e, 0xef, 0x9f, 0xef, 0x9f, 0xef,
    0x9f, 0xef, 0x9f, 0xef, 0xbf, 0xf7, 0xbf, 0xf7, 0xbf, 0xf7, 0x9f, 0xf7, 0xbf, 0xf7, 0xbf, 0xf7,
    0xbf, 0xf7, 0x9f, 0xf7, 0xbf, 0xf7, 0xbf, 0xf7, 0x9f, 0xef, 0x9e, 0xef, 0x9f, 0xef, 0x9e, 0xef,
    0x7e, 0xef, 0x7e, 0xef, 0x7e, 0xef, 0x5e, 0xe7, 0x3e, 0xe7, 0x51, 0x84, 0x81, 0x08, 0x20, 0x00,
    0x00, 0x00, 0x00, 0x00, 0x81, 0x08, 0x92, 0x8c, 0x7e, 0xef, 0x7e, 0xef, 0x9f, 0xef, 0x9f, 0xef,
    0x9f, 0xef, 0x9f, 0xef, 0xbf, 0xf7, 0xbf, 0xf7, 0xbf, 0xf7, 0x9f, 0xf7, 0xbf, 0xf7, 0xbf, 0xf7,
    0xbf, 0xf7, 0x9f, 0xf7, 0xbf, 0xf7, 0xbf, 0xf7, 0x9f, 0xef, 0x9e, 0xef, 0x9f, 0xef, 0x9e, 0xef,
    0x7e, 0xef, 0x7e, 0xef, 0x7e, 0xef, 0x5e, 0xe7, 0x3e, 0xe7, 0x51, 0x84, 0x81, 0x08, 0x20, 0x00,
    0x00, 0x00, 0x00, 0x00, 0x81, 0x08, 0x92, 0x8c, 0x7e, 0xef, 0x7e, 0xef, 0x9f, 0xef, 0x9f, 0xef,
    0x9f, 0xef, 0x9f, 0xef, 0xbf, 0xf7, 0xbf, 0xf7, 0xbf, 0xf7, 0x9f, 0xf7, 0xbf, 0xf7, 0xbf, 0xf7,
    0x00, 0x00, 0x9f, 0xf7, 0xbf, 0xf7, 0xbf, 0xf7, 0x9f, 0xef, 0x9e, 0xef, 0x9f, 0xef, 0x9e, 0xef,
    0x7e, 0xef, 0x7e, 0xef, 0x7e, 0xef, 0x5e, 0xe7, 0x3e, 0xe7, 0x51, 0x84, 0x81, 0x08, 0x20, 0x00,
    0x00, 0x00, 0x00, 0x00, 0x00, 0x00, 0x92, 0x8c, 0x7e, 0xef, 0x7e, 0xef, 0x9f, 0xef, 0x9f, 0xef,
    0x9f, 0xef, 0x9f, 0xef, 0xbf, 0xf7, 0xbf, 0xf7, 0xbf, 0xf7, 0x9f, 0xf7, 0xbf, 0xf7, 0xbf, 0xf7,
    0x00, 0x00, 0x9f, 0xf7, 0xbf, 0xf7, 0xbf, 0xf7, 0x9f, 0xef, 0x9e, 0xef, 0x9f, 0xef, 0x9e, 0xef,
    0x7e, 0xef, 0x7e, 0xef, 0x7e, 0xef, 0x5e, 0xe7, 0x3e, 0xe7, 0x51, 0x84, 0x00, 0x00, 0x20, 0x00,
    0x00, 0x00, 0x00, 0x00, 0x81, 0x08, 0x92, 0x8c, 0x7e, 0xef, 0x7e, 0xef, 0x9f, 0xef, 0x00, 0x00,
    0x00, 0x00, 0x9f, 0xef, 0xbf, 0xf7, 0x00, 0x00, 0xbf, 0xf7, 0x9f, 0xf7, 0x00, 0x00, 0x00, 0x00,
    0x00, 0x00, 0x00, 0x00, 0x00, 0x00, 0xbf, 0xf7, 0x9f, 0xef, 0x00, 0x00, 0x9f, 0xef, 0x9e, 0xef,
    0x00, 0x00, 0x00, 0x00, 0x7e, 0xef, 0x5e, 0xe7, 0x3e, 0xe7, 0x51, 0x84, 0x81, 0x08, 0x20, 0x00,
    0x00, 0x00, 0x00, 0x00, 0x81, 0x08, 0x92, 0x8c, 0x7e, 0xef, 0x7e, 0xef, 0x9f, 0xef, 0x00, 0x00,
    0x00, 0x00, 0x00, 0x00, 0x00, 0x00, 0x00, 0x00, 0x00, 0x00, 0x9f, 0xf7, 0x00, 0x00, 0x00, 0x00,
    0x00, 0x00, 0x00, 0x00, 0x00, 0x00, 0xbf, 0xf7, 0x00, 0x00, 0x00, 0x00, 0x00, 0x00, 0x00, 0x00,
    0x00, 0x00, 0x00, 0x00, 0x7e, 0xef, 0x5e, 0xe7, 0x3e, 0xe7, 0x51, 0x84, 0x81, 0x08, 0x20, 0x00,
    0x00, 0x00, 0x00, 0x00, 0x00, 0x00, 0x92, 0x8c, 0x7e, 0xef, 0x7e, 0xef, 0x9f, 0xef, 0x9f, 0xef,
    0x9f, 0xef, 0x9f, 0xef, 0xbf, 0xf7, 0xbf, 0xf7, 0xbf, 0xf7, 0x9f, 0xf7, 0xbf, 0xf7, 0x00, 0x00,
    0x00, 0x00, 0x00, 0x00, 0xbf, 0xf7, 0xbf, 0xf7, 0x9f, 0xef, 0x9e, 0xef, 0x9f, 0xef, 0x9e, 0xef,
    0x7e, 0xef, 0x7e, 0xef, 0x7e, 0xef, 0x5e, 0xe7, 0x3e, 0xe7, 0x51, 0x84, 0x00, 0x00, 0x20, 0x00,
    0x00, 0x00, 0x00, 0x00, 0x00, 0x00, 0x92, 0x8c, 0x7e, 0xef, 0x7e, 0xef, 0x9f, 0xef, 0x9f, 0xef,
    0x9f, 0xef, 0x9f, 0xef, 0xbf, 0xf7, 0xbf, 0xf7, 0xbf, 0xf7, 0x9f, 0xf7, 0xbf, 0xf7, 0xbf, 0xf7,
    0xbf, 0xf7, 0x9f, 0xf7, 0xbf, 0xf7, 0xbf, 0xf7, 0x9f, 0xef, 0x9e, 0xef, 0x9f, 0xef, 0x9e, 0xef,
    0x7e, 0xef, 0x7e, 0xef, 0x7e, 0xef, 0x5e, 0xe7, 0x3e, 0xe7, 0x51, 0x84, 0x00, 0x00, 0x20, 0x00,
    0x00, 0x00, 0x00, 0x00, 0x81, 0x08, 0x92, 0x8c, 0x7e, 0xef, 0x7e, 0xef, 0x9f, 0xef, 0x9f, 0xef,
    0x9f, 0xef, 0x9f, 0xef, 0xbf, 0xf7, 0xbf, 0xf7, 0xbf, 0xf7, 0x9f, 0xf7, 0xbf, 0xf7, 0xbf, 0xf7,
    0xbf, 0xf7, 0x9f, 0xf7, 0xbf, 0xf7, 0xbf, 0xf7, 0x9f, 0xef, 0x9e, 0xef, 0x9f, 0xef, 0x9e, 0xef,
    0x7e, 0xef, 0x7e, 0xef, 0x7e, 0xef, 0x5e, 0xe7, 0x3e, 0xe7, 0x51, 0x84, 0x81, 0x08, 0x20, 0x00,
    0x00, 0x00, 0x00, 0x00, 0x81, 0x08, 0x92, 0x8c, 0x7e, 0xef, 0x7e, 0xef, 0x9f, 0xef, 0x9f, 0xef,
    0x9f, 0xef, 0x9f, 0xef, 0xbf, 0xf7, 0xbf, 0xf7, 0xbf, 0xf7, 0x9f, 0xf7, 0xbf, 0xf7, 0xbf, 0xf7,
    0xbf, 0xf7, 0x9f, 0xf7, 0xbf, 0xf7, 0xbf, 0xf7, 0x9f, 0xef, 0x9e, 0xef, 0x9f, 0xef, 0x9e, 0xef,
    0x7e, 0xef, 0x7e, 0xef, 0x7e, 0xef, 0x5e, 0xe7, 0x3e, 0xe7, 0x51, 0x84, 0x81, 0x08, 0x20, 0x00,
    0x00, 0x00, 0x00, 0x00, 0x00, 0x00, 0x92, 0x8c, 0x7e, 0xef, 0x7e, 0xef, 0x9f, 0xef, 0x9f, 0xef,
    0x9f, 0xef, 0x9f, 0xef, 0xbf, 0xf7, 0xbf, 0xf7, 0xbf, 0xf7, 0x9f, 0xf7, 0xbf, 0xf7, 0xbf, 0xf7,
    0x00, 0x00, 0x9f, 0xf7, 0xbf, 0xf7, 0xbf, 0xf7, 0x9f, 0xef, 0x9e, 0xef, 0x9f, 0xef, 0x9e, 0xef,
    0x7e, 0xef, 0x7e, 0xef, 0x7e, 0xef, 0x5e, 0xe7, 0x3e, 0xe7, 0x51, 0x84, 0x00, 0x00, 0x20, 0x00,
    0x00, 0x00, 0x00, 0x00, 0x81, 0x08, 0x92, 0x8c, 0x7e, 0xef, 0x7e, 0xef, 0x9f, 0xef, 0x00, 0x00,
    0x00, 0x00, 0x9f, 0xef, 0xbf, 0xf7, 0x00, 0x00, 0xbf, 0xf7, 0x9f, 0xf7, 0x00, 0x00, 0x00, 0x00,
    0x00, 0x00, 0x00, 0x00, 0x00, 0x00, 0xbf, 0xf7, 0x9f, 0xef, 0x00, 0x00, 0x9f, 0xef, 0x9e, 0xef,
    0x00, 0x00, 0x00, 0x00, 0x7e, 0xef, 0x5e, 0xe7, 0x3e, 0xe7, 0x51, 0x84, 0x81, 0x08, 0x20, 0x00,
    0x00, 0x00, 0x00, 0x00, 0x81, 0x08, 0x92, 0x8c, 0x7e, 0xef, 0x7e, 0xef, 0x9f, 0xef, 0x00, 0x00,
    0x00, 0x00, 0x00, 0x00, 0x00, 0x00, 0x00, 0x00, 0x00, 0x00, 0x9f, 0xf7, 0x00, 0x00, 0x00, 0x00,
    0x00, 0x00, 0x00, 0x00, 0x00, 0x00, 0xbf, 0xf7, 0x00, 0x00, 0x00, 0x00, 0x00, 0x00, 0x00, 0x00,
    0x00, 0x00, 0x00, 0x00, 0x7e, 0xef, 0x5e, 0xe7, 0x3e, 0xe7, 0x51, 0x84, 0x81, 0x08, 0x20, 0x00,
    0x00, 0x00, 0x00, 0x00, 0x00, 0x00, 0x92, 0x8c, 0x7e, 0xef, 0x7e, 0xef, 0x9f, 0xef, 0x9f, 0xef,
    0x9f, 0xef, 0x9f, 0xef, 0xbf, 0xf7, 0xbf, 0xf7, 0xbf, 0xf7, 0x9f, 0xf7, 0xbf, 0xf7, 0x00, 0x00,
    0x00, 0x00, 0x00, 0x00, 0xbf, 0xf7, 0xbf, 0xf7, 0x9f, 0xef, 0x9e, 0xef, 0x9f, 0xef, 0x9e, 0xef,
    0x7e, 0xef, 0x7e, 0xef, 0x7e, 0xef, 0x5e, 0xe7, 0x3e, 0xe7, 0x51, 0x84, 0x00, 0x00, 0x20, 0x00,
    0x00, 0x00, 0x00, 0x00, 0x00, 0x00, 0x92, 0x8c, 0x7e, 0xef, 0x7e, 0xef, 0x9f, 0xef, 0x9f, 0xef,
    0x9f, 0xef, 0x9f, 0xef, 0xbf, 0xf7, 0xbf, 0xf7, 0xbf, 0xf7, 0x9f, 0xf7, 0xbf, 0xf7, 0xbf, 0xf7,
    0xbf, 0xf7, 0x9f, 0xf7, 0xbf, 0xf7, 0xbf, 0xf7, 0x9f, 0xef, 0x9e, 0xef, 0x9f, 0xef, 0x9e, 0xef,
    0x7e, 0xef, 0x7e, 0xef, 0x7e, 0xef, 0x5e, 0xe7, 0x3e, 0xe7, 0x51, 0x84, 0x00, 0x00, 0x20, 0x00,
    0x00, 0x00, 0x00, 0x00, 0x81, 0x08, 0x92, 0x8c, 0x7e, 0xef, 0x7e, 0xef, 0x9f, 0xef, 0x9f, 0xef,
    0x9f, 0xef, 0x9f, 0xef, 0xbf, 0xf7, 0xbf, 0xf7, 0xbf, 0xf7, 0x9f, 0xf7, 0xbf, 0xf7, 0xbf, 0xf7,
    0xbf, 0xf7, 0x9f, 0xf7, 0xbf, 0xf7, 0xbf, 0xf7, 0x9f, 0xef, 0x9e, 0xef, 0x9f, 0xef, 0x9e, 0xef,
    0x7e, 0xef, 0x7e, 0xef, 0x7e, 0xef, 0x5e, 0xe7, 0x3e, 0xe7, 0x51, 0x84, 0x81, 0x08, 0x20, 0x00,
    0x00, 0x00, 0x00, 0x00, 0x81, 0x08, 0x92, 0x8c, 0x7e, 0xef, 0x7e, 0xef, 0x9f, 0xef, 0x9f, 0xef,
    0x9f, 0xef, 0x9f, 0xef, 0xbf, 0xf7, 0xbf, 0xf7, 0xbf, 0xf7, 0x9f, 0xf7, 0xbf, 0xf7, 0xbf, 0xf7,
    0xbf, 0xf7, 0x9f, 0xf7, 0xbf, 0xf7, 0xbf, 0xf7, 0x9f, 0xef, 0x9e, 0xef, 0x9f, 0xef, 0x9e, 0xef,
    0x7e, 0xef, 0x7e, 0xef, 0x7e, 0xef, 0x5e, 0xe7, 0x3e, 0xe7, 0x51, 0x84, 0x81, 0x08, 0x20, 0x00,
    0x00, 0x00, 0x00, 0x00, 0x81, 0x08, 0x00, 0x00, 0x7e, 0xef, 0x7e, 0xef, 0x9f, 0xef, 0x9f, 0xef,
    0x9f, 0xef, 0x9f, 0xef, 0xbf, 0xf7, 0xbf, 0xf7, 0xbf, 0xf7, 0x9f, 0xf7, 0xbf, 0xf7, 0xbf, 0xf7,
    0xbf, 0xf7, 0x9f, 0xf7, 0xbf, 0xf7, 0xbf, 0xf7, 0x9f, 0xef, 0x9e, 0xef, 0x9f, 0xef, 0x9e, 0xef,
    0x7e, 0xef, 0x7e, 0xef, 0x7e, 0xef, 0x00, 0x00, 0x3e, 0xe7, 0x51, 0x84, 0x81, 0x08, 0x20, 0x00,
    0x00, 0x00, 0x00, 0x00, 0x81, 0x08, 0x92, 0x8c, 0x00, 0x00, 0x00, 0x00, 0x00, 0x00, 0x9f, 0xef,
    0x9f, 0xef, 0x9f, 0xef, 0xbf, 0xf7, 0xbf, 0xf7, 0xbf, 0xf7, 0x9f, 0xf7, 0xbf, 0xf7, 0xbf, 0xf7,
    0xbf, 0xf7, 0x9f, 0xf7, 0xbf, 0xf7, 0xbf, 0xf7, 0x00, 0x00, 0x00, 0x00, 0x00, 0x00, 0x9e, 0xef,
    0x7e, 0xef, 0x7e, 0xef, 0x7e, 0xef, 0x5e, 0xe7, 0x3e, 0xe7, 0x51, 0x84, 0x81, 0x08, 0x20, 0x00,
    0x00, 0x00, 0x00, 0x00, 0x81, 0x08, 0x92, 0x8c, 0x7e, 0xef, 0x7e, 0xef, 0x9f, 0xef, 0x9f, 0xef,
    0x9f, 0xef, 0x9f, 0xef, 0xbf, 0xf7, 0xbf, 0xf7, 0xbf, 0xf7, 0x9f, 0xf7, 0xbf, 0xf7, 0xbf, 0xf7,
    0xbf, 0xf7, 0x9f, 0xf7, 0xbf, 0xf7, 0xbf, 0xf7, 0x9f, 0xef, 0x9e, 0xef, 0x9f, 0xef, 0x9e, 0xef,
    0x7e, 0xef, 0x7e, 0xef, 0x7e, 0xef, 0x5e, 0xe7, 0x3e, 0xe7, 0x51, 0x84, 0x81, 0x08, 0x20, 0x00,
    0x00, 0x00, 0x00, 0x00, 0x81, 0x08, 0x92, 0x8c, 0x7e, 0xef, 0x7e, 0xef, 0x9f, 0xef, 0x9f, 0xef,
    0x9f, 0xef, 0x9f, 0xef, 0xbf, 0xf7, 0xbf, 0xf7, 0xbf, 0xf7, 0x9f, 0xf7, 0xbf, 0xf7, 0xbf, 0xf7,
    0xbf, 0xf7, 0x9f, 0xf7, 0xbf, 0xf7, 0xbf, 0xf7, 0x9f, 0xef, 0x9e, 0xef, 0x9f, 0xef, 0x9e, 0xef,
    0x7e, 0xef, 0x7e, 0xef, 0x7e, 0xef, 0x5e, 0xe7, 0x3e, 0xe7, 0x51, 0x84, 0x81, 0x08, 0x20, 0x00,
    0x00, 0x00, 0x00, 0x00, 0x81, 0x08, 0x92, 0x8c, 0x7e, 0xef, 0x7e, 0xef, 0x9f, 0xef, 0x9f, 0xef,
    0x9f, 0xef, 0x9f, 0xef, 0xbf, 0xf7, 0xbf, 0xf7, 0xbf, 0xf7, 0x9f, 0xf7, 0xbf, 0xf7, 0xbf, 0xf7,
    0xbf, 0xf7, 0x9f, 0xf7, 0xbf, 0xf7, 0xbf, 0xf7, 0x9f, 0xef, 0x9e, 0xef, 0x9f, 0xef, 0x9e, 0xef,
    0x7e, 0xef, 0x7e, 0xef, 0x7e, 0xef, 0x5e, 0xe7, 0x3e, 0xe7, 0x51, 0x84, 0x81, 0x08, 0x20, 0x00,
    0x00, 0x00, 0x00, 0x00, 0x00, 0x00, 0x92, 0x8c, 0x7e, 0xef, 0x7e, 0xef, 0x9f, 0xef, 0x9f, 0xef,
    0x9f, 0xef, 0x9f, 0xef, 0xbf, 0xf7, 0xbf, 0xf7, 0xbf, 0xf7, 0x9f, 0xf7, 0xbf, 0xf7, 0xbf, 0xf7,
    0xbf, 0xf7, 0x9f, 0xf7, 0xbf, 0xf7, 0xbf, 0xf7, 0x9f, 0xef, 0x9e, 0xef, 0x9f, 0xef, 0x9e, 0xef,
    0x7e, 0xef, 0x7e, 0xef, 0x7e, 0xef, 0x5e, 0xe7, 0x3e, 0xe7, 0x51, 0x84, 0x81, 0x08, 0x20, 0x00,
    0x00, 0x00, 0x00, 0x00, 0x00, 0x00, 0x92, 0x8c, 0x7e, 0xef, 0x7e, 0xef, 0x9f, 0xef, 0x9f, 0xef,
    0x9f, 0xef, 0x9f, 0xef, 0xbf, 0xf7, 0xbf, 0xf7, 0xbf, 0xf7, 0x9f, 0xf7, 0x00, 0x00, 0xbf, 0xf7,
    0xbf, 0xf7, 0x9f, 0xf7, 0xbf, 0xf7, 0xbf, 0xf7, 0x9f, 0xef, 0x9e, 0xef, 0x9f, 0xef, 0x9e, 0xef,
    0x7e, 0xef, 0x7e, 0xef, 0x7e, 0xef, 0x5e, 0xe7, 0x3e, 0xe7, 0x51, 0x84, 0x81, 0x08, 0x20, 0x00,
    0x00, 0x00, 0x00, 0x00, 0x81, 0x08, 0x92, 0x8c, 0x7e, 0xef, 0x7e, 0xef, 0x9f, 0xef, 0x9f, 0xef,
    0x9f, 0xef, 0x9f, 0xef, 0xbf, 0xf7, 0xbf, 0xf7, 0xbf, 0xf7, 0x9f, 0xf7, 0xbf, 0xf7, 0xbf, 0xf7,
    0xbf, 0xf7, 0x9f, 0xf7, 0xbf, 0xf7, 0xbf, 0xf7, 0x9f, 0xef, 0x9e, 0xef, 0x9f, 0xef, 0x9e, 0xef,
    0x7e, 0xef, 0x7e, 0xef, 0x7e, 0xef, 0x5e, 0xe7, 0x3e, 0xe7, 0x51, 0x84, 0x81, 0x08, 0x20, 0x00,
    0x00, 0x00, 0x00, 0x00, 0x81, 0x08, 0x92, 0x8c, 0x7e, 0xef, 0x7e, 0xef, 0x9f, 0xef, 0x9f, 0xef,
    0x9f, 0xef, 0x9f, 0xef, 0xbf, 0xf7, 0xbf, 0xf7, 0xbf, 0xf7, 0x9f, 0xf7, 0xbf, 0xf7, 0xbf, 0xf7,
    0xbf, 0xf7, 0x9f, 0xf7, 0xbf, 0xf7, 0xbf, 0xf7, 0x9f, 0xef, 0x9e, 0xef, 0x9f, 0xef, 0x9e, 0xef,
    0x7e, 0xef, 0x7e, 0xef, 0x7e, 0xef, 0x5e, 0xe7, 0x3e, 0xe7, 0x51, 0x84, 0x81, 0x08, 0x20, 0x00,
    0x00, 0x00, 0x00, 0x00, 0x81, 0x08, 0x92, 0x8c, 0x7e, 0xef, 0x7e, 0xef, 0x9f, 0xef, 0x9f, 0xef,
    0x9f, 0xef, 0x9f, 0xef, 0xbf, 0xf7, 0xbf, 0xf7, 0xbf, 0xf7, 0x9f, 0xf7, 0xbf, 0xf7, 0xbf, 0xf7,
    0xbf, 0xf7, 0x9f, 0xf7, 0xbf, 0xf7, 0xbf, 0xf7, 0x9f, 0xef, 0x9e, 0xef, 0x9f, 0xef, 0x9e, 0xef,
    0x7e, 0xef, 0x7e, 0xef, 0x7e, 0xef, 0x5e, 0xe7, 0x3e, 0xe7, 0x51, 0x84, 0x81, 0x08, 0x20, 0x00,
    0x00, 0x00, 0x00, 0x00, 0x81, 0x08, 0x92, 0x8c, 0x7e, 0xef, 0x7e, 0xef, 0x9f, 0xef, 0x9f, 0xef,
    0x9f, 0xef, 0x9f, 0xef, 0xbf, 0xf7, 0xbf, 0xf7, 0xbf, 0xf7, 0x9f, 0xf7, 0xbf, 0xf7, 0xbf, 0xf7,
    0xbf, 0xf7, 0x9f, 0xf7, 0xbf, 0xf7, 0xbf, 0xf7, 0x9f, 0xef, 0x9e, 0xef, 0x9f, 0xef, 0x9e, 0xef,
    0x7e, 0xef, 0x7e, 0xef, 0x7e, 0xef, 0x5e, 0xe7, 0x3e, 0xe7, 0x51, 0x84, 0x81, 0x08, 0x20, 0x00,
    0x00, 0x00, 0x00, 0x00, 0x81, 0x08, 0x92, 0x8c, 0x7e, 0xef, 0x7e, 0xef, 0x9f, 0xef, 0x9f, 0xef,
    0x9f, 0xef, 0x9f, 0xef, 0xbf, 0xf7, 0xbf, 0xf7, 0xbf, 0xf7, 0x9f, 0xf7, 0xbf, 0xf7, 0xbf, 0xf7,
    0xbf, 0xf7, 0x9f, 0xf7, 0xbf, 0xf7, 0xbf, 0xf7, 0x9f, 0xef, 0x9e, 0xef, 0x9f, 0xef, 0x9e, 0xef,
    0x7e, 0xef, 0x7e, 0xef, 0x7e, 0xef, 0x5e, 0xe7, 0x3e, 0xe7, 0x51, 0x84, 0x81, 0x08, 0x20, 0x00,
    0x00, 0x00, 0x00, 0x00, 0x20, 0x00, 0xe3, 0x10, 0x7e, 0xe7, 0x7e, 0xef, 0x7e, 0xef, 0x9f, 0xef,
    0x9f, 0xef, 0x9f, 0xef, 0x9e, 0xef, 0xbf, 0xf7, 0xbf, 0xf7, 0x9f, 0xf7, 0x9f, 0xef, 0xbf, 0xf7,
    0xbf, 0xf7, 0x9f, 0xf7, 0x9e, 0xef, 0xbf, 0xf7, 0x9f, 0xef, 0x9e, 0xef, 0x7e, 0xef, 0x9f, 0xef,
    0x7e, 0xef, 0x7e, 0xef, 0x5e, 0xe7, 0x5e, 0xe7, 0x3e, 0xe7, 0xa2, 0x10, 0x20, 0x00, 0x20, 0x00,
    0x00, 0x00, 0x00, 0x00, 0x20, 0x00, 0xe3, 0x10, 0x7e, 0xe7, 0x7e, 0xef, 0x7e, 0xef, 0x9f, 0xef,
    0x9f, 0xef, 0x9f, 0xef, 0x9e, 0xef, 0xbf, 0xf7, 0xbf, 0xf7, 0x9f, 0xf7, 0x9f, 0xef, 0xbf, 0xf7,
    0xbf, 0xf7, 0x9f, 0xf7, 0x9e, 0xef, 0xbf, 0xf7, 0x9f, 0xef, 0x9e, 0xef, 0x7e, 0xef, 0x9f, 0xef,
    0x7e, 0xef, 0x7e, 0xef, 0x5e, 0xe7, 0x5e, 0xe7, 0x3e, 0xe7, 0xa2, 0x10, 0x20, 0x00, 0x20, 0x00,
    0x00, 0x00, 0x00, 0x00, 0x20, 0x00, 0xe3, 0x10, 0x7e, 0xe7, 0x7e, 0xef, 0x7e, 0xef, 0x9f, 0xef,
    0x9f, 0xef, 0x9f, 0xef, 0x9e, 0xef, 0xbf, 0xf7, 0xbf, 0xf7, 0x9f, 0xf7, 0x9f, 0xef, 0xbf, 0xf7,
    0xbf, 0xf7, 0x9f, 0xf7, 0x9e, 0xef, 0xbf, 0xf7, 0x9f, 0xef, 0x9e, 0xef, 0x7e, 0xef, 0x9f, 0xef,
    0x7e, 0xef, 0x7e, 0xef, 0x5e, 0xe7, 0x5e, 0xe7, 0x3e, 0xe7, 0xa2, 0x10, 0x20, 0x00, 0x20, 0x00,
    0x00, 0x00, 0x00, 0x00, 0x20, 0x00, 0xe3, 0x10, 0x7e, 0xe7, 0x7e, 0xef, 0x7e, 0xef, 0x9f, 0xef,
    0x9f, 0xef, 0x9f, 0xef, 0x9e, 0xef, 0xbf, 0xf7, 0xbf, 0xf7, 0x9f, 0xf7, 0x9f, 0xef, 0xbf, 0xf7,
    0xbf, 0xf7, 0x9f, 0xf7, 0x9e, 0xef, 0xbf, 0xf7, 0x9f, 0xef, 0x9e, 0xef, 0x7e, 0xef, 0x9f, 0xef,
    0x7e, 0xef, 0x7e, 0xef, 0x5e, 0xe7, 0x5e, 0xe7, 0x3e, 0xe7, 0xa2, 0x10, 0x20, 0x00, 0x20, 0x00,
    0x00, 0x00, 0x00, 0x00, 0x20, 0x00, 0xe3, 0x10, 0x7e, 0xe7, 0x7e, 0xef, 0x7e, 0xef, 0x9f, 0xef,
    0x9f, 0xef, 0x9f, 0xef, 0x9e, 0xef, 0xbf, 0xf7, 0xbf, 0xf7, 0x9f, 0xf7, 0x9f, 0xef, 0xbf, 0xf7,
    0xbf, 0xf7, 0x9f, 0xf7, 0x9e, 0xef, 0xbf, 0xf7, 0x9f, 0xef, 0x9e, 0xef, 0x7e, 0xef, 0x9f, 0xef,
    0x7e, 0xef, 0x7e, 0xef, 0x5e, 0xe7, 0x5e, 0xe7, 0x3e, 0xe7, 0xa2, 0x10, 0x20, 0x00, 0x20, 0x00,
    0x00, 0x00, 0x00, 0x00, 0x20, 0x00, 0xe3, 0x10, 0x7e, 0xe7, 0x7e, 0xef, 0x7e, 0xef, 0x9f, 0xef,
    0x9f, 0xef, 0x9f, 0xef, 0x9e, 0xef, 0xbf, 0xf7, 0xbf, 0xf7, 0x9f, 0xf7, 0x9f, 0xef, 0xbf, 0xf7,
    0xbf, 0xf7, 0x9f, 0xf7, 0x9e, 0xef, 0xbf, 0xf7, 0x9f, 0xef, 0x9e, 0xef, 0x7e, 0xef, 0x9f, 0xef,
    0x7e, 0xef, 0x7e, 0xef, 0x5e, 0xe7, 0x5e, 0xe7, 0x3e, 0xe7, 0xa2, 0x10, 0x20, 0x00, 0x20, 0x00,
    0x00, 0x00, 0x00, 0x00, 0x20, 0x00, 0xe3, 0x10, 0x7e, 0xe7, 0x7e, 0xef, 0x7e, 0xef, 0x9f, 0xef,
    0x9f, 0xef, 0x9f, 0xef, 0x9e, 0xef, 0xbf, 0xf7, 0xbf, 0xf7, 0x9f, 0xf7, 0x9f, 0xef, 0xbf, 0xf7,
    0xbf, 0xf7, 0x9f, 0xf7, 0x9e, 0xef, 0xbf, 0xf7, 0x9f, 0xef, 0x9e, 0xef, 0x7e, 0xef, 0x9f, 0xef,
    0x7e, 0xef, 0x7e, 0xef, 0x5e, 0xe7, 0x5e, 0xe7, 0x3e, 0xe7, 0xa2, 0x10, 0x20, 0x00, 0x20, 0x00,
    0x00, 0x00, 0x00, 0x00, 0x20, 0x00, 0xe3, 0x10, 0x7e, 0xe7, 0x7e, 0xef, 0x7e, 0xef, 0x9f, 0xef,
    0x9f, 0xef, 0x9f, 0xef, 0x9e, 0xef, 0xbf, 0xf7, 0xbf, 0xf7, 0x9f, 0xf7, 0x9f, 0xef, 0xbf, 0xf7,
    0xbf, 0xf7, 0x9f, 0xf7, 0x9e, 0xef, 0xbf, 0xf7, 0x9f, 0xef, 0x9e, 0xef, 0x7e, 0xef, 0x9f, 0xef,
    0x7e, 0xef, 0x7e, 0xef, 0x5e, 0xe7, 0x5e, 0xe7, 0x3e, 0xe7, 0xa2, 0x10, 0x20, 0x00, 0x20, 0x00,
    0x00, 0x00, 0x00, 0x00, 0x20, 0x00, 0xe3, 0x10, 0x7e, 0xe7, 0x7e, 0xef, 0x7e, 0xef, 0x9f, 0xef,
    0x9f, 0xef, 0x9f, 0xef, 0x9e, 0xef, 0xbf, 0xf7, 0xbf, 0xf7, 0x9f, 0xf7, 0x9f, 0xef, 0xbf, 0xf7,
    0xbf, 0xf7, 0x9f, 0xf7, 0x9e, 0xef, 0xbf, 0xf7, 0x9f, 0xef, 0x9e, 0xef, 0x7e, 0xef, 0x9f, 0xef,
    0x7e, 0xef, 0x7e, 0xef, 0x5e, 0xe7, 0x5e, 0xe7, 0x3e, 0xe7, 0xa2, 0x10, 0x20, 0x00, 0x20, 0x00,
    0x00, 0x00, 0x00, 0x00, 0x20, 0x00, 0xe3, 0x10, 0x7e, 0xe7, 0x7e, 0xef, 0x7e, 0xef, 0x9f, 0xef,
    0x9f, 0xef, 0x9f, 0xef, 0x9e, 0xef, 0xbf, 0xf7, 0xbf, 0xf7, 0x9f, 0xf7, 0x9f, 0xef, 0xbf, 0xf7,
    0xbf, 0xf7, 0x9f, 0xf7, 0x9e, 0xef, 0xbf, 0xf7, 0x9f, 0xef, 0x9e, 0xef, 0x7e, 0xef, 0x9f, 0xef,
    0x7e, 0xef, 0x7e, 0xef, 0x5e, 0xe7, 0x5e, 0xe7, 0x3e, 0xe7, 0xa2, 0x10, 0x20, 0x00, 0x20, 0x00,
    0x00, 0x00, 0x00, 0x00, 0x20, 0x00, 0xe3, 0x10, 0x7e, 0xe7, 0x7e, 0xef, 0x7e, 0xef, 0x9f, 0xef,
    0x9f, 0xef, 0x9f, 0xef, 0x9e, 0xef, 0xbf, 0xf7, 0xbf, 0xf7, 0x9f, 0xf7, 0x9f, 0xef, 0xbf, 0xf7,
    0xbf, 0xf7, 0x9f, 0xf7, 0x9e, 0xef, 0xbf, 0xf7, 0x9f, 0xef, 0x9e, 0xef, 0x7e, 0xef, 0x9f, 0xef,
    0x7e, 0xef, 0x7e, 0xef, 0x5e, 0xe7, 0x5e, 0xe7, 0x3e, 0xe7, 0xa2, 0x10, 0x20, 0x00, 0x20, 0x00,
    0x00, 0x00, 0x00, 0x00, 0x20, 0x00, 0xe3, 0x10, 0x7e, 0xe7, 0x7e, 0xef, 0x7e, 0xef, 0x9f, 0xef,
    0x9f, 0xef, 0x9f, 0xef, 0x9e, 0xef, 0xbf, 0xf7, 0xbf, 0xf7, 0x9f, 0xf7, 0x9f, 0xef, 0xbf, 0xf7,
    0xbf, 0xf7, 0x9f, 0xf7, 0x9e, 0xef, 0xbf, 0xf7, 0x9f, 0xef, 0x9e, 0xef, 0x7e, 0xef, 0x9f, 0xef,
    0x7e, 0xef, 0x7e, 0xef, 0x5e, 0xe7, 0x5e, 0xe7, 0x3e, 0xe7, 0xa2, 0x10, 0x20, 0x00, 0x20, 0x00,
    0x00, 0x00, 0x00, 0x00, 0x20, 0x00, 0xe3, 0x10, 0x7e, 0xe7, 0x7e, 0xef, 0x7e, 0xef, 0x9f, 0xef,
    0x9f, 0xef, 0x9f, 0xef, 0x9e, 0xef, 0xbf, 0xf7, 0xbf, 0xf7, 0x9f, 0xf7, 0x9f, 0xef, 0xbf, 0xf7,
    0xbf, 0xf7, 0x9f, 0xf7, 0x9e, 0xef, 0xbf, 0xf7, 0x9f, 0xef, 0x9e, 0xef, 0x7e, 0xef, 0x9f, 0xef,
    0x7e, 0xef, 0x7e, 0xef, 0x5e, 0xe7, 0x5e, 0xe7, 0x3e, 0xe7, 0xa2, 0x10, 0x20, 0x00, 0x20, 0x00,
    0x00, 0x00, 0x00, 0x00, 0x20, 0x00, 0xe3, 0x10, 0x7e, 0xe7, 0x7e, 0xef, 0x7e, 0xef, 0x9f, 0xef,
    0x9f, 0xef, 0x9f, 0xef, 0x9e, 0xef, 0xbf, 0xf7, 0xbf, 0xf7, 0x9f, 0xf7, 0x9f, 0xef, 0xbf, 0xf7,
    0xbf, 0xf7, 0x9f, 0xf7, 0x9e, 0xef, 0xbf, 0xf7, 0x9f, 0xef, 0x9e, 0xef, 0x7e, 0xef, 0x9f, 0xef,
    0x7e, 0xef, 0x7e, 0xef, 0x5e, 0xe7, 0x5e, 0xe7, 0x3e, 0xe7, 0xa2, 0x10, 0x20, 0x00, 0x20, 0x00,
    0x00, 0x00, 0x00, 0x00, 0x20, 0x00, 0xe3, 0x10, 0x7e, 0xe7, 0x7e, 0xef, 0x7e, 0xef, 0x9f, 0xef,
    0x9f, 0xef, 0x9f, 0xef, 0x9e, 0xef, 0xbf, 0xf7, 0xbf, 0xf7, 0x9f, 0xf7, 0x9f, 0xef, 0xbf, 0xf7,
    0xbf, 0xf7, 0x9f, 0xf7, 0x9e, 0xef, 0xbf, 0xf7, 0x9f, 0xef, 0x9e, 0xef, 0x7e, 0xef, 0x9f, 0xef,
    0x7e, 0xef, 0x7e, 0xef, 0x5e, 0xe7, 0x5e, 0xe7, 0x3e, 0xe7, 0xa2, 0x10, 0x20, 0x00, 0x20, 0x00,
    0x00, 0x00, 0x00, 0x00, 0x20, 0x00, 0xe3, 0x10, 0x7e, 0xe7, 0x7e, 0xef, 0x7e, 0xef, 0x9f, 0xef,
    0x9f, 0xef, 0x9f, 0xef, 0x9e, 0xef, 0xbf, 0xf7, 0xbf, 0xf7, 0x9f, 0xf7, 0x9f, 0xef, 0xbf, 0xf7,
    0xbf, 0xf7, 0x9f, 0xf7, 0x9e, 0xef, 0xbf, 0xf7, 0x9f, 0xef, 0x9e, 0xef, 0x7e, 0xef, 0x9f, 0xef,
    0x7e, 0xef, 0x7e, 0xef, 0x5e, 0xe7, 0x5e, 0xe7, 0x3e, 0xe7, 0xa2, 0x10, 0x20, 0x00, 0x20, 0x00,
    0x00, 0x00, 0x00, 0x00, 0x20, 0x00, 0xe3, 0x10, 0x7e, 0xe7, 0x7e, 0xef, 0x7e, 0xef, 0x9f, 0xef,
    0x9f, 0xef, 0x9f, 0xef, 0x9e, 0xef, 0xbf, 0xf7, 0xbf, 0xf7, 0x9f, 0xf7, 0x9f, 0xef, 0xbf, 0xf7,
    0xbf, 0xf7, 0x9f, 0xf7, 0x9e, 0xef, 0xbf, 0xf7, 0x9f, 0xef, 0x9e, 0xef, 0x7e, 0xef, 0x9f, 0xef,
    0x7e, 0xef, 0x7e, 0xef, 0x5e, 0xe7, 0x5e, 0xe7, 0x00, 0x00, 0xa2, 0x10, 0x20, 0x00, 0x20, 0x00,
    0x00, 0x00, 0x00, 0x00, 0x20, 0x00, 0xe3, 0x10, 0x7e, 0xe7, 0x7e, 0xef, 0x7e, 0xef, 0x9f, 0xef,
    0x9f, 0xef, 0x9f, 0xef, 0x9e, 0xef, 0xbf, 0xf7, 0xbf, 0xf7, 0x9f, 0xf7, 0x9f, 0xef, 0xbf, 0xf7,
    0xbf, 0xf7, 0x9f, 0xf7, 0x9e, 0xef, 0xbf, 0xf7, 0x9f, 0xef, 0x9e, 0xef, 0x7e, 0xef, 0x9f, 0xef,
    0x7e, 0xef, 0x7e, 0xef, 0x5e, 0xe7, 0x00, 0x00, 0x3e, 0xe7, 0xa2, 0x10, 0x20, 0x00, 0x20, 0x00,
    0x00, 0x00, 0x00, 0x00, 0x20, 0x00, 0xe3, 0x10, 0x7e, 0xe7, 0x7e, 0xef, 0x7e, 0xef, 0x9f, 0xef,
    0x9f, 0xef, 0x9f, 0xef, 0x9e, 0xef, 0xbf, 0xf7, 0xbf, 0xf7, 0x9f, 0xf7, 0x9f, 0xef, 0xbf, 0xf7,
    0xbf, 0xf7, 0x9f, 0xf7, 0x9e, 0xef, 0xbf, 0xf7, 0x9f, 0xef, 0x9e, 0xef, 0x7e, 0xef, 0x9f, 0xef,
    0x7e, 0xef, 0x7e, 0xef, 0x5e, 0xe7, 0x5e, 0xe7, 0x3e, 0xe7, 0xa2, 0x10, 0x20, 0x00, 0x20, 0x00,
    0x00, 0x00, 0x00, 0x00, 0x20, 0x00, 0xe3, 0x10, 0x7e, 0xe7, 0x7e, 0xef, 0x7e, 0xef, 0x9f, 0xef,
    0x9f, 0xef, 0x9f, 0xef, 0x9e, 0xef, 0xbf, 0xf7, 0xbf, 0xf7, 0x9f, 0xf7, 0x9f, 0xef, 0xbf, 0xf7,
    0xbf, 0xf7, 0x9f, 0xf7, 0x9e, 0xef, 0xbf, 0xf7, 0x9f, 0xef, 0x9e, 0xef, 0x7e, 0xef, 0x9f, 0xef,
    0x7e, 0xef, 0x7e, 0xef, 0x5e, 0xe7, 0x5e, 0xe7, 0x3e, 0xe7, 0xa2, 0x10, 0x20, 0x00, 0x20, 0x00,
    0x00, 0x00, 0x00, 0x00, 0x20, 0x00, 0xe3, 0x10, 0x7e, 0xe7, 0x7e, 0xef, 0x7e, 0xef, 0x9f, 0xef,
    0x9f, 0xef, 0x9f, 0xef, 0x9e, 0xef, 0xbf, 0xf7, 0xbf, 0xf7, 0x9f, 0xf7, 0x9f, 0xef, 0xbf, 0xf7,
    0xbf, 0xf7, 0x9f, 0xf7, 0x9e, 0xef, 0xbf, 0xf7, 0x9f, 0xef, 0x9e, 0xef, 0x7e, 0xef, 0x9f, 0xef,
    0x7e, 0xef, 0x7e, 0xef, 0x5e, 0xe7, 0x5e, 0xe7, 0x3e, 0xe7, 0xa2, 0x10, 0x20, 0x00, 0x20, 0x00,
    0x00, 0x00, 0x00, 0x00, 0x20, 0x00, 0xe3, 0x10, 0x7e, 0xe7, 0x7e, 0xef, 0x7e, 0xef, 0x9f, 0xef,
    0x9f, 0xef, 0x9f, 0xef, 0x9e, 0xef, 0xbf, 0xf7, 0xbf, 0xf7, 0x9f, 0xf7, 0x9f, 0xef, 0xbf, 0xf7,
    0xbf, 0xf7, 0x9f, 0xf7, 0x9e, 0xef, 0xbf, 0xf7, 0x9f, 0xef, 0x9e, 0xef, 0x7e, 0xef, 0x9f, 0xef,
    0x7e, 0xef, 0x7e, 0xef, 0x5e, 0xe7, 0x5e, 0xe7, 0x3e, 0xe7, 0xa2, 0x10, 0x20, 0x00, 0x20, 0x00,
    0x00, 0x00, 0x00, 0x00, 0x20, 0x00, 0xe3, 0x10, 0x7e, 0xe7, 0x7e, 0xef, 0x7e, 0xef, 0x9f, 0xef,
    0x9f, 0xef, 0x9f, 0xef, 0x9e, 0xef, 0xbf, 0xf7, 0xbf, 0xf7, 0x9f, 0xf7, 0x9f, 0xef, 0xbf, 0xf7,
    0xbf, 0xf7, 0x9f, 0xf7, 0x9e, 0xef, 0xbf, 0xf7, 0x9f, 0xef, 0x9e, 0xef, 0x7e, 0xef, 0x9f, 0xef,
    0x7e, 0xef, 0x7e, 0xef, 0x5e, 0xe7, 0x5e, 0xe7, 0x3e, 0xe7, 0xa2, 0x10, 0x20, 0x00, 0x20, 0x00,
    0x00, 0x00, 0x00, 0x00, 0x20, 0x00, 0xe3, 0x10, 0x7e, 0xe7, 0x7e, 0xef, 0x7e, 0xef, 0x9f, 0xef,
    0x9f, 0xef, 0x9f, 0xef, 0x9e, 0xef, 0xbf, 0xf7, 0xbf, 0xf7, 0x9f, 0xf7, 0x9f, 0xef, 0xbf, 0xf7,
    0xbf, 0xf7, 0x9f, 0xf7, 0x9e, 0xef, 0xbf, 0xf7, 0x9f, 0xef, 0x9e, 0xef, 0x7e, 0xef, 0x9f, 0xef,
    0x7e, 0xef, 0x7e, 0xef, 0x5e, 0xe7, 0x5e, 0xe7, 0x3e, 0xe7, 0xa2, 0x10, 0x20, 0x00, 0x20, 0x00,
    0x00, 0x00, 0x00, 0x00, 0x00, 0x00, 0xe3, 0x10, 0x7e, 0xe7, 0x7e, 0xef, 0x7e, 0xef, 0x9f, 0xef,
    0x9f, 0xef, 0x9f, 0xef, 0x9e, 0xef, 0xbf, 0xf7, 0xbf, 0xf7, 0x9f, 0xf7, 0x9f, 0xef, 0xbf, 0xf7,
    0xbf, 0xf7, 0x9f, 0xf7, 0x9e, 0xef, 0xbf, 0xf7, 0x9f, 0xef, 0x9e, 0xef, 0x7e, 0xef, 0x9f, 0xef,
    0x7e, 0xef, 0x7e, 0xef, 0x5e, 0xe7, 0x5e, 0xe7, 0x3e, 0xe7, 0xa2, 0x10, 0x00, 0x00, 0x20, 0x00,
    0x00, 0x00, 0x00, 0x00, 0x20, 0x00, 0xe3, 0x10, 0x7e, 0xe7, 0x7e, 0xef, 0x00, 0x00, 0x00, 0x00,
    0x00, 0x00, 0x9f, 0xef, 0x9e, 0xef, 0x00, 0x00, 0xbf, 0xf7, 0x9f, 0xf7, 0x9f, 0xef, 0xbf, 0xf7,
    0x00, 0x00, 0x9f, 0xf7, 0x9e, 0xef, 0xbf, 0xf7, 0x9f, 0xef, 0x00, 0x00, 0x7e, 0xef, 0x9f, 0xef,
    0x00, 0x00, 0x00, 0x00, 0x00, 0x00, 0x5e, 0xe7, 0x3e, 0xe7, 0xa2, 0x10, 0x20, 0x00, 0x20, 0x00,
    0x00, 0x00, 0x00, 0x00, 0x20, 0x00, 0xe3, 0x10, 0x7e, 0xe7, 0x7e, 0xef, 0x00, 0x00, 0x00, 0x00,
    0x00, 0x00, 0x9f, 0xef, 0x9e, 0xef, 0x00, 0x00, 0xbf, 0xf7, 0x9f, 0xf7, 0x9f, 0xef, 0x00, 0x00,
    0x00, 0x00, 0x00, 0x00, 0x9e, 0xef, 0xbf, 0xf7, 0x9f, 0xef, 0x00, 0x00, 0x7e, 0xef, 0x9f, 0xef,
    0x00, 0x00, 0x00, 0x00, 0x00, 0x00, 0x5e, 0xe7, 0x3e, 0xe7, 0xa2, 0x10, 0x20, 0x00, 0x20, 0x00,
    0x00, 0x00, 0x00, 0x00, 0x00, 0x00, 0xe3, 0x10, 0x7e, 0xe7, 0x7e, 0xef, 0x7e, 0xef, 0x9f, 0xef,
    0x9f, 0xef, 0x9f, 0xef, 0x9e, 0xef, 0xbf, 0xf7, 0xbf, 0xf7, 0x9f, 0xf7, 0x9f, 0xef, 0xbf, 0xf7,
    0xbf, 0xf7, 0x9f, 0xf7, 0x9e, 0xef, 0xbf, 0xf7, 0x9f, 0xef, 0x9e, 0xef, 0x7e, 0xef, 0x9f, 0xef,
    0x7e, 0xef, 0x7e, 0xef, 0x5e, 0xe7, 0x5e, 0xe7, 0x3e, 0xe7, 0xa2, 0x10, 0x00, 0x00, 0x20, 0x00,
    0x00, 0x00, 0x00, 0x00, 0x00, 0x00, 0xe3, 0x10, 0x7e, 0xe7, 0x7e, 0xef, 0x7e, 0xef, 0x9f, 0xef,
    0x9f, 0xef, 0x9f, 0xef, 0x9e, 0xef, 0xbf, 0xf7, 0xbf, 0xf7, 0x9f, 0xf7, 0x9f, 0xef, 0xbf, 0xf7,
    0xbf, 0xf7, 0x9f, 0xf7, 0x9e, 0xef, 0xbf, 0xf7, 0x9f, 0xef, 0x9e, 0xef, 0x7e, 0xef, 0x9f, 0xef,
    0x7e, 0xef, 0x7e, 0xef, 0x5e, 0xe7, 0x5e, 0xe7, 0x3e, 0xe7, 0xa2, 0x10, 0x00, 0x00, 0x20, 0x00,
    0x00, 0x00, 0x00, 0x00, 0x20, 0x00, 0xe3, 0x10, 0x7e, 0xe7, 0x7e, 0xef, 0x7e, 0xef, 0x9f, 0xef,
    0x9f, 0xef, 0x9f, 0xef, 0x9e, 0xef, 0xbf, 0xf7, 0xbf, 0xf7, 0x9f, 0xf7, 0x9f, 0xef, 0xbf, 0xf7,
    0xbf, 0xf7, 0x9f, 0xf7, 0x9e, 0xef, 0xbf, 0xf7, 0x9f, 0xef, 0x9e, 0xef, 0x7e, 0xef, 0x9f, 0xef,
    0x7e, 0xef, 0x7e, 0xef, 0x5e, 0xe7, 0x5e, 0xe7, 0x3e, 0xe7, 0xa2, 0x10, 0x20, 0x00, 0x20, 0x00,
    0x00, 0x00, 0x00, 0x00, 0x20, 0x00, 0xe3, 0x10, 0x7e, 0xe7, 0x7e, 0xef, 0x7e, 0xef, 0x9f, 0xef,
    0x9f, 0xef, 0x9f, 0xef, 0x9e, 0xef, 0xbf, 0xf7, 0xbf, 0xf7, 0x9f, 0xf7, 0x9f, 0xef, 0xbf, 0xf7,
    0xbf, 0xf7, 0x9f, 0xf7, 0x9e, 0xef, 0xbf, 0xf7, 0x9f, 0xef, 0x9e, 0xef, 0x7e, 0xef, 0x9f, 0xef,
    0x7e, 0xef, 0x7e, 0xef, 0x5e, 0xe7, 0x5e, 0xe7, 0x3e, 0xe7, 0xa2, 0x10, 0x20, 0x00, 0x20, 0x00,
    0x00, 0x00, 0x00, 0x00, 0x00, 0x00, 0xe3, 0x10, 0x7e, 0xe7, 0x7e, 0xef, 0x7e, 0xef, 0x9f, 0xef,
    0x9f, 0xef, 0x9f, 0xef, 0x9e, 0xef, 0xbf, 0xf7, 0xbf, 0xf7, 0x9f, 0xf7, 0x9f, 0xef, 0xbf, 0xf7,
    0xbf, 0xf7, 0x9f, 0xf7, 0x9e, 0xef, 0xbf, 0xf7, 0x9f, 0xef, 0x9e, 0xef, 0x7e, 0xef, 0x9f, 0xef,
    0x7e, 0xef, 0x7e, 0xef, 0x5e, 0xe7, 0x5e, 0xe7, 0x3e, 0xe7, 0xa2, 0x10, 0x00, 0x00, 0x20, 0x00,
    0x00, 0x00, 0x00, 0x00, 0x20, 0x00, 0xe3, 0x10, 0x7e, 0xe7, 0x7e, 0xef, 0x00, 0x00, 0x00, 0x00,
    0x00, 0x00, 0x9f, 0xef, 0x9e, 0xef, 0x00, 0x00, 0xbf, 0xf7, 0x9f, 0xf7, 0x9f, 0xef, 0xbf, 0xf7,
    0x00, 0x00, 0x9f, 0xf7, 0x9e, 0xef, 0xbf, 0xf7, 0x9f, 0xef, 0x00, 0x00, 0x7e, 0xef, 0x9f, 0xef,
    0x00, 0x00, 0x00, 0x00, 0x00, 0x00, 0x5e, 0xe7, 0x3e, 0xe7, 0xa2, 0x10, 0x20, 0x00, 0x20, 0x00,
    0x00, 0x00, 0x00, 0x00, 0x20, 0x00, 0xe3, 0x10, 0x7e, 0xe7, 0x7e, 0xef, 0x00, 0x00, 0x00, 0x00,
    0x00, 0x00, 0x9f, 0xef, 0x9e, 0xef, 0x00, 0x00, 0xbf, 0xf7, 0x9f, 0xf7, 0x9f, 0xef, 0x00, 0x00,
    0x00, 0x00, 0x00, 0x00, 0x9e, 0xef, 0xbf, 0xf7, 0x9f, 0xef, 0x00, 0x00, 0x7e, 0xef, 0x9f, 0xef,
    0x00, 0x00, 0x00, 0x00, 0x00, 0x00, 0x5e, 0xe7, 0x3e, 0xe7, 0xa2, 0x10, 0x20, 0x00, 0x20, 0x00,
    0x00, 0x00, 0x00, 0x00, 0x00, 0x00, 0xe3, 0x10, 0x7e, 0xe7, 0x7e, 0xef, 0x7e, 0xef, 0x9f, 0xef,
    0x9f, 0xef, 0x9f, 0xef, 0x9e, 0xef, 0xbf, 0xf7, 0xbf, 0xf7, 0x9f, 0xf7, 0x9f, 0xef, 0xbf, 0xf7,
    0xbf, 0xf7, 0x9f, 0xf7, 0x9e, 0xef, 0xbf, 0xf7, 0x9f, 0xef, 0x9e, 0xef, 0x7e, 0xef, 0x9f, 0xef,
    0x7e, 0xef, 0x7e, 0xef, 0x5e, 0xe7, 0x5e, 0xe7, 0x3e, 0xe7, 0xa2, 0x10, 0x00, 0x00, 0x20, 0x00,
    0x00, 0x00, 0x00, 0x00, 0x00, 0x00, 0xe3, 0x10, 0x7e, 0xe7, 0x7e, 0xef, 0x7e, 0xef, 0x9f, 0xef,
    0x9f, 0xef, 0x9f, 0xef, 0x9e, 0xef, 0xbf, 0xf7, 0xbf, 0xf7, 0x9f, 0xf7, 0x9f, 0xef, 0xbf, 0xf7,
    0xbf, 0xf7, 0x9f, 0xf7, 0x9e, 0xef, 0xbf, 0xf7, 0x9f, 0xef, 0x9e, 0xef, 0x7e, 0xef, 0x9f, 0xef,
    0x7e, 0xef, 0x7e, 0xef, 0x5e, 0xe7, 0x5e, 0xe7, 0x3e, 0xe7, 0xa2, 0x10, 0x00, 0x00, 0x20, 0x00,
    0x00, 0x00, 0x00, 0x00, 0x20, 0x00, 0xe3, 0x10, 0x7e, 0xe7, 0x7e, 0xef, 0x7e, 0xef, 0x9f, 0xef,
    0x9f, 0xef, 0x9f, 0xef, 0x9e, 0xef, 0xbf, 0xf7, 0xbf, 0xf7, 0x9f, 0xf7, 0x9f, 0xef, 0xbf, 0xf7,
    0xbf, 0xf7, 0x9f, 0xf7, 0x9e, 0xef, 0xbf, 0xf7, 0x9f, 0xef, 0x9e, 0xef, 0x7e, 0xef, 0x9f, 0xef,
    0x7e, 0xef, 0x7e, 0xef, 0x5e, 0xe7, 0x5e, 0xe7, 0x3e, 0xe7, 0xa2, 0x10, 0x20, 0x00, 0x20, 0x00,
    0x00, 0x00, 0x00, 0x00, 0x20, 0x00, 0xe3, 0x10, 0x7e, 0xe7, 0x7e, 0xef, 0x7e, 0xef, 0x9f, 0xef,
    0x9f, 0xef, 0x9f, 0xef, 0x9e, 0xef, 0xbf, 0xf7, 0xbf, 0xf7, 0x9f, 0xf7, 0x9f, 0xef, 0xbf, 0xf7,
    0xbf, 0xf7, 0x9f, 0xf7, 0x9e, 0xef, 0xbf, 0xf7, 0x9f, 0xef, 0x9e, 0xef, 0x7e, 0xef, 0x9f, 0xef,
    0x7e, 0xef, 0x7e, 0xef, 0x5e, 0xe7, 0x5e, 0xe7, 0x3e, 0xe7, 0xa2, 0x10, 0x20, 0x00, 0x20, 0x00,
    0x00, 0x00, 0x00, 0x00, 0x20, 0x00, 0x00, 0x00, 0x7e, 0xe7, 0x7e, 0xef, 0x7e, 0xef, 0x9f, 0xef,
    0x9f, 0xef, 0x9f, 0xef, 0x9e, 0xef, 0xbf, 0xf7, 0xbf, 0xf7, 0x9f, 0xf7, 0x9f, 0xef, 0xbf, 0xf7,
    0xbf, 0xf7, 0x9f, 0xf7, 0x9e, 0xef, 0xbf, 0xf7, 0x9f, 0xef, 0x9e, 0xef, 0x7e, 0xef, 0x9f, 0xef,
    0x7e, 0xef, 0x7e, 0xef, 0x5e, 0xe7, 0x00, 0x00, 0x3e, 0xe7, 0xa2, 0x10, 0x20, 0x00, 0x20, 0x00,
    0x00, 0x00, 0x00, 0x00, 0x20, 0x00, 0x00, 0x00, 0x00, 0x00, 0x7e, 0xef, 0x00, 0x00, 0x9f, 0xef,
    0x9f, 0xef, 0x9f, 0xef, 0x9e, 0xef, 0xbf, 0xf7, 0xbf, 0xf7, 0x9f, 0xf7, 0x9f, 0xef, 0xbf, 0xf7,
    0xbf, 0xf7, 0x9f, 0xf7, 0x9e, 0xef, 0xbf, 0xf7, 0x00, 0x00, 0x9e, 0xef, 0x00, 0x00, 0x00, 0x00,
    0x7e, 0xef, 0x7e, 0xef, 0x5e, 0xe7, 0x5e, 0xe7, 0x3e, 0xe7, 0xa2, 0x10, 0x20, 0x00, 0x20, 0x00,
    0x00, 0x00, 0x00, 0x00, 0x20, 0x00, 0xe3, 0x10, 0x7e, 0xe7, 0x7e, 0xef, 0x7e, 0xef, 0x9f, 0xef,
    0x9f, 0xef, 0x9f, 0xef, 0x9e, 0xef, 0xbf, 0xf7, 0xbf, 0xf7, 0x9f, 0xf7, 0x9f, 0xef, 0xbf, 0xf7,
    0xbf, 0xf7, 0x9f, 0xf7, 0x9e, 0xef, 0xbf, 0xf7, 0x9f, 0xef, 0x9e, 0xef, 0x7e, 0xef, 0x9f, 0xef,
    0x7e, 0xef, 0x7e, 0xef, 0x5e, 0xe7, 0x5e, 0xe7, 0x3e, 0xe7, 0xa2, 0x10, 0x20, 0x00, 0x20, 0x00,
    0x00, 0x00, 0x00, 0x00, 0x20, 0x00, 0xe3, 0x10, 0x7e, 0xe7, 0x7e, 0xef, 0x7e, 0xef, 0x9f, 0xef,
    0x9f, 0xef, 0x9f, 0xef, 0x9e, 0xef, 0xbf, 0xf7, 0xbf, 0xf7, 0x9f, 0xf7, 0x9f, 0xef, 0xbf, 0xf7,
    0xbf, 0xf7, 0x9f, 0xf7, 0x9e, 0xef, 0xbf, 0xf7, 0x9f, 0xef, 0x9e, 0xef, 0x7e, 0xef, 0x9f, 0xef,
    0x7e, 0xef, 0x7e, 0xef, 0x5e, 0xe7, 0x5e, 0xe7, 0x3e, 0xe7, 0xa2, 0x10, 0x20, 0x00, 0x20, 0x00,
    0x00, 0x00, 0x00, 0x00, 0x20, 0x00, 0xe3, 0x10, 0x7e, 0xe7, 0x7e, 0xef, 0x7e, 0xef, 0x9f, 0xef,
    0x9f, 0xef, 0x9f, 0xef, 0x9e, 0xef, 0xbf, 0xf7, 0xbf, 0xf7, 0x9f, 0xf7, 0x9f, 0xef, 0xbf, 0xf7,
    0xbf, 0xf7, 0x9f, 0xf7, 0x9e, 0xef, 0xbf, 0xf7, 0x9f, 0xef, 0x9e, 0xef, 0x7e, 0xef, 0x9f, 0xef,
    0x7e, 0xef, 0x7e, 0xef, 0x5e, 0xe7, 0x5e, 0xe7, 0x3e, 0xe7, 0xa2, 0x10, 0x20, 0x00, 0x20, 0x00,
    0x00, 0x00, 0x00, 0x00, 0x00, 0x00, 0xe3, 0x10, 0x7e, 0xe7, 0x7e, 0xef, 0x7e, 0xef, 0x9f, 0xef,
    0x9f, 0xef, 0x9f, 0xef, 0x9e, 0xef, 0xbf, 0xf7, 0xbf, 0xf7, 0x9f, 0xf7, 0x9f, 0xef, 0xbf, 0xf7,
    0xbf, 0xf7, 0x9f, 0xf7, 0x9e, 0xef, 0xbf, 0xf7, 0x9f, 0xef, 0x9e, 0xef, 0x7e, 0xef, 0x9f, 0xef,
    0x7e, 0xef, 0x7e, 0xef, 0x5e, 0xe7, 0x5e, 0xe7, 0x3e, 0xe7, 0xa2, 0x10, 0x20, 0x00, 0x20, 0x00,
    0x00, 0x00, 0x00, 0x00, 0x20, 0x00, 0xe3, 0x10, 0x7e, 0xe7, 0x7e, 0xef, 0x7e, 0xef, 0x9f, 0xef,
    0x9f, 0xef, 0x9f, 0xef, 0x9e, 0xef, 0xbf, 0xf7, 0xbf, 0xf7, 0x9f, 0xf7, 0x9f, 0xef, 0xbf, 0xf7,
    0xbf, 0xf7, 0x9f, 0xf7, 0x9e, 0xef, 0xbf, 0xf7, 0x9f, 0xef, 0x9e, 0xef, 0x7e, 0xef, 0x9f, 0xef,
    0x7e, 0xef, 0x7e, 0xef, 0x5e, 0xe7, 0x5e, 0xe7, 0x3e, 0xe7, 0xa2, 0x10, 0x20, 0x00, 0x20, 0x00,
    0x00, 0x00, 0x00, 0x00, 0x20, 0x00, 0xe3, 0x10, 0x7e, 0xe7, 0x7e, 0xef, 0x7e, 0xef, 0x9f, 0xef,
    0x9f, 0xef, 0x9f, 0xef, 0x9e, 0xef, 0xbf, 0xf7, 0xbf, 0xf7, 0x9f, 0xf7, 0x9f, 0xef, 0xbf, 0xf7,
    0xbf, 0xf7, 0x9f, 0xf7, 0x9e, 0xef, 0xbf, 0xf7, 0x9f, 0xef, 0x9e, 0xef, 0x7e, 0xef, 0x9f, 0xef,
    0x7e, 0xef, 0x7e, 0xef, 0x5e, 0xe7, 0x5e, 0xe7, 0x3e, 0xe7, 0xa2, 0x10, 0x20, 0x00, 0x20, 0x00,
    0x00, 0x00, 0x00, 0x00, 0x20, 0x00, 0xe3, 0x10, 0x7e, 0xe7, 0x7e, 0xef, 0x7e, 0xef, 0x9f, 0xef,
    0x9f, 0xef, 0x9f, 0xef, 0x9e, 0xef, 0xbf, 0xf7, 0xbf, 0xf7, 0x9f, 0xf7, 0x9f, 0xef, 0xbf, 0xf7,
    0xbf, 0xf7, 0x9f, 0xf7, 0x9e, 0xef, 0xbf, 0xf7, 0x9f, 0xef, 0x9e, 0xef, 0x7e, 0xef, 0x9f, 0xef,
    0x7e, 0xef, 0x7e, 0xef, 0x5e, 0xe7, 0x5e, 0xe7, 0x3e, 0xe7, 0xa2, 0x10, 0x20, 0x00, 0x20, 0x00,
    0x00, 0x00, 0x00, 0x00, 0x20, 0x00, 0xe3, 0x10, 0x7e, 0xe7, 0x7e, 0xef, 0x7e, 0xef, 0x9f, 0xef,
    0x9f, 0xef, 0x9f, 0xef, 0x9e, 0xef, 0xbf, 0xf7, 0xbf, 0xf7, 0x9f, 0xf7, 0x9f, 0xef, 0xbf, 0xf7,
    0xbf, 0xf7, 0x9f, 0xf7, 0x9e, 0xef, 0xbf, 0xf7, 0x9f, 0xef, 0x9e, 0xef, 0x7e, 0xef, 0x9f, 0xef,
    0x7e, 0xef, 0x7e, 0xef, 0x5e, 0xe7, 0x5e, 0xe7, 0x3e, 0xe7, 0xa2, 0x10, 0x20, 0x00, 0x20, 0x00,
    0x00, 0x00, 0x00, 0x00, 0x20, 0x00, 0xe3, 0x10, 0x7e, 0xe7, 0x7e, 0xef, 0x7e, 0xef, 0x9f, 0xef,
    0x9f, 0xef, 0x9f, 0xef, 0x9e, 0xef, 0xbf, 0xf7, 0xbf, 0xf7, 0x9f, 0xf7, 0x9f, 0xef, 0xbf, 0xf7,
    0xbf, 0xf7, 0x9f, 0xf7, 0x9e, 0xef, 0xbf, 0xf7, 0x9f, 0xef, 0x9e, 0xef, 0x7e, 0xef, 0x9f, 0xef,
    0x7e, 0xef, 0x7e, 0xef, 0x5e, 0xe7, 0x5e, 0xe7, 0x3e, 0xe7, 0xa2, 0x10, 0x20, 0x00, 0x20, 0x00,
    0x00, 0x00, 0x00, 0x00, 0x20, 0x00, 0xe3, 0x10, 0x7e, 0xe7, 0x7e, 0xef, 0x7e, 0xef, 0x9f, 0xef,
    0x9f, 0xef, 0x9f, 0xef, 0x9e, 0xef, 0xbf, 0xf7, 0xbf, 0xf7, 0x9f, 0xf7, 0x9f, 0xef, 0xbf, 0xf7,
    0xbf, 0xf7, 0x9f, 0xf7, 0x9e, 0xef, 0xbf, 0xf7, 0x9f, 0xef, 0x9e, 0xef, 0x7e, 0xef, 0x9f, 0xef,
    0x7e, 0xef, 0x7e, 0xef, 0x5e, 0xe7, 0x5e, 0xe7, 0x3e, 0xe7, 0xa2, 0x10, 0x20, 0x00, 0x20, 0x00,
    0x00, 0x00, 0x00, 0x00, 0x20, 0x00, 0x41, 0x08, 0xf4, 0x9c, 0x7e, 0xef, 0x7e, 0xef, 0x7e, 0xef,
    0x9f, 0xef, 0x9f, 0xef, 0x9e, 0xef, 0x9e, 0xef, 0xbf, 0xf7, 0x9f, 0xef, 0x9f, 0xef, 0x9e, 0xef,
    0xbf, 0xf7, 0x9f, 0xf7, 0x9e, 0xef, 0x9e, 0xef, 0x9f, 0xef, 0x9e, 0xef, 0x7e, 0xef, 0x7e, 0xef,
    0x7e, 0xef, 0x7e, 0xe7, 0x5e, 0xe7, 0x3e, 0xe7, 0xd4, 0x94, 0x61, 0x08, 0x20, 0x00, 0x00, 0x00,
    0x00, 0x00, 0x00, 0x00, 0x20, 0x00, 0x41, 0x08, 0xf4, 0x9c, 0x7e, 0xef, 0x7e, 0xef, 0x7e, 0xef,
    0x9f, 0xef, 0x9f, 0xef, 0x9e, 0xef, 0x9e, 0xef, 0xbf, 0xf7, 0x9f, 0xef, 0x9f, 0xef, 0x9e, 0xef,
    0xbf, 0xf7, 0x9f, 0xf7, 0x9e, 0xef, 0x9e, 0xef, 0x9f, 0xef, 0x9e, 0xef, 0x7e, 0xef, 0x7e, 0xef,
    0x7e, 0xef, 0x7e, 0xe7, 0x5e, 0xe7, 0x3e, 0xe7, 0xd4, 0x94, 0x61, 0x08, 0x20, 0x00, 0x00, 0x00,
    0x00, 0x00, 0x00, 0x00, 0x20, 0x00, 0x41, 0x08, 0xf4, 0x9c, 0x7e, 0xef, 0x7e, 0xef, 0x7e, 0xef,
    0x9f, 0xef, 0x9f, 0xef, 0x9e, 0xef, 0x9e, 0xef, 0xbf, 0xf7, 0x9f, 0xef, 0x9f, 0xef, 0x9e, 0xef,
    0xbf, 0xf7, 0x9f, 0xf7, 0x9e, 0xef, 0x9e, 0xef, 0x9f, 0xef, 0x9e, 0xef, 0x7e, 0xef, 0x7e, 0xef,
    0x7e, 0xef, 0x7e, 0xe7, 0x5e, 0xe7, 0x3e, 0xe7, 0xd4, 0x94, 0x61, 0x08, 0x20, 0x00, 0x00, 0x00,
    0x00, 0x00, 0x00, 0x00, 0x20, 0x00, 0x41, 0x08, 0xf4, 0x9c, 0x7e, 0xef, 0x7e, 0xef, 0x7e, 0xef,
    0x9f, 0xef, 0x9f, 0xef, 0x9e, 0xef, 0x9e, 0xef, 0xbf, 0xf7, 0x9f, 0xef, 0x9f, 0xef, 0x9e, 0xef,
    0xbf, 0xf7, 0x9f, 0xf7, 0x9e, 0xef, 0x9e, 0xef, 0x9f, 0xef, 0x9e, 0xef, 0x7e, 0xef, 0x7e, 0xef,
    0x7e, 0xef, 0x7e, 0xe7, 0x5e, 0xe7, 0x3e, 0xe7, 0xd4, 0x94, 0x61, 0x08, 0x20, 0x00, 0x00, 0x00,
    0x00, 0x00, 0x00, 0x00, 0x20, 0x00, 0x41, 0x08, 0xf4, 0x9c, 0x7e, 0xef, 0x7e, 0xef, 0x7e, 0xef,
    0x9f, 0xef, 0x9f, 0xef, 0x9e, 0xef, 0x9e, 0xef, 0xbf, 0xf7, 0x9f, 0xef, 0x9f, 0xef, 0x9e, 0xef,
    0xbf, 0xf7, 0x9f, 0xf7, 0x9e, 0xef, 0x9e, 0xef, 0x9f, 0xef, 0x9e, 0xef, 0x7e, 0xef, 0x7e, 0xef,
    0x7e, 0xef, 0x7e, 0xe7, 0x5e, 0xe7, 0x3e, 0xe7, 0xd4, 0x94, 0x61, 0x08, 0x20, 0x00, 0x00, 0x00,
    0x00, 0x00, 0x00, 0x00, 0x20, 0x00, 0x41, 0x08, 0xf4, 0x9c, 0x7e, 0xef, 0x7e, 0xef, 0x7e, 0xef,
    0x9f, 0xef, 0x9f, 0xef, 0x9e, 0xef, 0x9e, 0xef, 0xbf, 0xf7, 0x9f, 0xef, 0x9f, 0xef, 0x9e, 0xef,
    0xbf, 0xf7, 0x9f, 0xf7, 0x9e, 0xef, 0x9e, 0xef, 0x9f, 0xef, 0x9e, 0xef, 0x7e, 0xef, 0x7e, 0xef,
    0x7e, 0xef, 0x7e, 0xe7, 0x5e, 0xe7, 0x3e, 0xe7, 0xd4, 0x94, 0x61, 0x08, 0x20, 0x00, 0x00, 0x00,
    0x00, 0x00, 0x00, 0x00, 0x20, 0x00, 0x41, 0x08, 0xf4, 0x9c, 0x7e, 0xef, 0x7e, 0xef, 0x7e, 0xef,
    0x9f, 0xef, 0x9f, 0xef, 0x9e, 0xef, 0x9e, 0xef, 0xbf, 0xf7, 0x9f, 0xef, 0x9f, 0xef, 0x9e, 0xef,
    0xbf, 0xf7, 0x9f, 0xf7, 0x9e, 0xef, 0x9e, 0xef, 0x9f, 0xef, 0x9e, 0xef, 0x7e, 0xef, 0x7e, 0xef,
    0x7e, 0xef, 0x7e, 0xe7, 0x5e, 0xe7, 0x3e, 0xe7, 0xd4, 0x94, 0x61, 0x08, 0x20, 0x00, 0x00, 0x00,
    0x00, 0x00, 0x00, 0x00, 0x20, 0x00, 0x41, 0x08, 0xf4, 0x9c, 0x7e, 0xef, 0x7e, 0xef, 0x7e, 0xef,
    0x9f, 0xef, 0x9f, 0xef, 0x9e, 0xef, 0x9e, 0xef, 0xbf, 0xf7, 0x9f, 0xef, 0x9f, 0xef, 0x9e, 0xef,
    0xbf, 0xf7, 0x9f, 0xf7, 0x9e, 0xef, 0x9e, 0xef, 0x9f, 0xef, 0x9e, 0xef, 0x7e, 0xef, 0x7e, 0xef,
    0x7e, 0xef, 0x7e, 0xe7, 0x5e, 0xe7, 0x3e, 0xe7, 0xd4, 0x94, 0x61, 0x08, 0x20, 0x00, 0x00, 0x00,
    0x00, 0x00, 0x00, 0x00, 0x20, 0x00, 0x41, 0x08, 0xf4, 0x9c, 0x7e, 0xef, 0x7e, 0xef, 0x7e, 0xef,
    0x9f, 0xef, 0x9f, 0xef, 0x9e, 0xef, 0x9e, 0xef, 0xbf, 0xf7, 0x9f, 0xef, 0x9f, 0xef, 0x9e, 0xef,
    0xbf, 0xf7, 0x9f, 0xf7, 0x9e, 0xef, 0x9e, 0xef, 0x9f, 0xef, 0x9e, 0xef, 0x7e, 0xef, 0x7e, 0xef,
    0x7e, 0xef, 0x7e, 0xe7, 0x5e, 0xe7, 0x3e, 0xe7, 0xd4, 0x94, 0x61, 0x08, 0x20, 0x00, 0x00, 0x00,
    0x00, 0x00, 0x00, 0x00, 0x20, 0x00, 0x41, 0x08, 0xf4, 0x9c, 0x7e, 0xef, 0x7e, 0xef, 0x7e, 0xef,
    0x9f, 0xef, 0x9f, 0xef, 0x9e, 0xef, 0x9e, 0xef, 0xbf, 0xf7, 0x9f, 0xef, 0x9f, 0xef, 0x9e, 0xef,
    0xbf, 0xf7, 0x9f, 0xf7, 0x9e, 0xef, 0x9e, 0xef, 0x9f, 0xef, 0x9e, 0xef, 0x7e, 0xef, 0x7e, 0xef,
    0x7e, 0xef, 0x7e, 0xe7, 0x5e, 0xe7, 0x3e, 0xe7, 0xd4, 0x94, 0x61, 0x08, 0x20, 0x00, 0x00, 0x00,
    0x00, 0x00, 0x00, 0x00, 0x20, 0x00, 0x41, 0x08, 0xf4, 0x9c, 0x7e, 0xef, 0x7e, 0xef, 0x7e, 0xef,
    0x9f, 0xef, 0x9f, 0xef, 0x9e, 0xef, 0x9e, 0xef, 0xbf, 0xf7, 0x9f, 0xef, 0x9f, 0xef, 0x9e, 0xef,
    0xbf, 0xf7, 0x9f, 0xf7, 0x9e, 0xef, 0x9e, 0xef, 0x9f, 0xef, 0x9e, 0xef, 0x7e, 0xef, 0x7e, 0xef,
    0x7e, 0xef, 0x7e, 0xe7, 0x5e, 0xe7, 0x3e, 0xe7, 0xd4, 0x94, 0x61, 0x08, 0x20, 0x00, 0x00, 0x00,
    0x00, 0x00, 0x00, 0x00, 0x20, 0x00, 0x41, 0x08, 0xf4, 0x9c, 0x7e, 0xef, 0x7e, 0xef, 0x7e, 0xef,
    0x9f, 0xef, 0x9f, 0xef, 0x9e, 0xef, 0x9e, 0xef, 0xbf, 0xf7, 0x9f, 0xef, 0x9f, 0xef, 0x9e, 0xef,
    0xbf, 0xf7, 0x9f, 0xf7, 0x9e, 0xef, 0x9e, 0xef, 0x9f, 0xef, 0x9e, 0xef, 0x7e, 0xef, 0x7e, 0xef,
    0x7e, 0xef, 0x7e, 0xe7, 0x5e, 0xe7, 0x3e, 0xe7, 0xd4, 0x94, 0x61, 0x08, 0x20, 0x00, 0x00, 0x00,
    0x00, 0x00, 0x00, 0x00, 0x20, 0x00, 0x41, 0x08, 0xf4, 0x9c, 0x7e, 0xef, 0x7e, 0xef, 0x7e, 0xef,
    0x9f, 0xef, 0x9f, 0xef, 0x9e, 0xef, 0x9e, 0xef, 0xbf, 0xf7, 0x9f, 0xef, 0x9f, 0xef, 0x9e, 0xef,
    0xbf, 0xf7, 0x9f, 0xf7, 0x9e, 0xef, 0x9e, 0xef, 0x9f, 0xef, 0x9e, 0xef, 0x7e, 0xef, 0x7e, 0xef,
    0x7e, 0xef, 0x7e, 0xe7, 0x5e, 0xe7, 0x3e, 0xe7, 0xd4, 0x94, 0x61, 0x08, 0x20, 0x00, 0x00, 0x00,
    0x00, 0x00, 0x00, 0x00, 0x20, 0x00, 0x41, 0x08, 0xf4, 0x9c, 0x7e, 0xef, 0x7e, 0xef, 0x7e, 0xef,
    0x9f, 0xef, 0x9f, 0xef, 0x9e, 0xef, 0x9e, 0xef, 0xbf, 0xf7, 0x9f, 0xef, 0x9f, 0xef, 0x9e, 0xef,
    0xbf, 0xf7, 0x9f, 0xf7, 0x9e, 0xef, 0x9e, 0xef, 0x9f, 0xef, 0x9e, 0xef, 0x7e, 0xef, 0x7e, 0xef,
    0x7e, 0xef, 0x7e, 0xe7, 0x5e, 0xe7, 0x3e, 0xe7, 0xd4, 0x94, 0x61, 0x08, 0x20, 0x00, 0x00, 0x00,
    0x00, 0x00, 0x00, 0x00, 0x20, 0x00, 0x41, 0x08, 0xf4, 0x9c, 0x7e, 0xef, 0x7e, 0xef, 0x7e, 0xef,
    0x9f, 0xef, 0x9f, 0xef, 0x9e, 0xef, 0x9e, 0xef, 0xbf, 0xf7, 0x9f, 0xef, 0x9f, 0xef, 0x9e, 0xef,
    0xbf, 0xf7, 0x9f, 0xf7, 0x9e, 0xef, 0x9e, 0xef, 0x9f, 0xef, 0x9e, 0xef, 0x7e, 0xef, 0x7e, 0xef,
    0x7e, 0xef, 0x7e, 0xe7, 0x5e, 0xe7, 0x3e, 0xe7, 0xd4, 0x94, 0x61, 0x08, 0x20, 0x00, 0x00, 0x00,
    0x00, 0x00, 0x00, 0x00, 0x20, 0x00, 0x41, 0x08, 0xf4, 0x9c, 0x7e, 0xef, 0x7e, 0xef, 0x7e, 0xef,
    0x9f, 0xef, 0x9f, 0xef, 0x9e, 0xef, 0x9e, 0xef, 0xbf, 0xf7, 0x9f, 0xef, 0x9f, 0xef, 0x9e, 0xef,
    0xbf, 0xf7, 0x9f, 0xf7, 0x9e, 0xef, 0x9e, 0xef, 0x9f, 0xef, 0x9e, 0xef, 0x7e, 0xef, 0x7e, 0xef,
    0x7e, 0xef, 0x7e, 0xe7, 0x5e, 0xe7, 0x3e, 0xe7, 0xd4, 0x94, 0x61, 0x08, 0x20, 0x00, 0x00, 0x00,
    0x00, 0x00, 0x00, 0x00, 0x20, 0x00, 0x41, 0x08, 0xf4, 0x9c, 0x7e, 0xef, 0x7e, 0xef, 0x7e, 0xef,
    0x9f, 0xef, 0x9f, 0xef, 0x9e, 0xef, 0x9e, 0xef, 0xbf, 0xf7, 0x9f, 0xef, 0x9f, 0xef, 0x9e, 0xef,
    0xbf, 0xf7, 0x9f, 0xf7, 0x9e, 0xef, 0x9e, 0xef, 0x9f, 0xef, 0x9e, 0xef, 0x7e, 0xef, 0x7e, 0xef,
    0x7e, 0xef, 0x7e, 0xe7, 0x5e, 0xe7, 0x3e, 0xe7, 0xd4, 0x94, 0x61, 0x08, 0x20, 0x00, 0x00, 0x00,
    0x00, 0x00, 0x00, 0x00, 0x20, 0x00, 0x41, 0x08, 0xf4, 0x9c, 0x7e, 0xef, 0x7e, 0xef, 0x7e, 0xef,
    0x9f, 0xef, 0x9f, 0xef, 0x9e, 0xef, 0x9e, 0xef, 0xbf, 0xf7, 0x9f, 0xef, 0x9f, 0xef, 0x9e, 0xef,
    0xbf, 0xf7, 0x9f, 0xf7, 0x9e, 0xef, 0x9e, 0xef, 0x9f, 0xef, 0x9e, 0xef, 0x7e, 0xef, 0x7e, 0xef,
    0x7e, 0xef, 0x7e, 0xe7, 0x5e, 0xe7, 0x00, 0x00, 0xd4, 0x94, 0x61, 0x08, 0x20, 0x00, 0x00, 0x00,
    0x00, 0x00, 0x00, 0x00, 0x20, 0x00, 0x41, 0x08, 0xf4, 0x9c, 0x7e, 0xef, 0x7e, 0xef, 0x7e, 0xef,
    0x9f, 0xef, 0x9f, 0xef, 0x9e, 0xef, 0x9e, 0xef, 0xbf, 0xf7, 0x9f, 0xef, 0x9f, 0xef, 0x9e, 0xef,
    0xbf, 0xf7, 0x9f, 0xf7, 0x9e, 0xef, 0x9e, 0xef, 0x9f, 0xef, 0x9e, 0xef, 0x7e, 0xef, 0x7e, 0xef,
    0x7e, 0xef, 0x7e, 0xe7, 0x5e, 0xe7, 0x3e, 0xe7, 0xd4, 0x94, 0x61, 0x08, 0x20, 0x00, 0x00, 0x00,
    0x00, 0x00, 0x00, 0x00, 0x20, 0x00, 0x41, 0x08, 0xf4, 0x9c, 0x7e, 0xef, 0x7e, 0xef, 0x7e, 0xef,
    0x9f, 0xef, 0x9f, 0xef, 0x9e, 0xef, 0x9e, 0xef, 0xbf, 0xf7, 0x9f, 0xef, 0x9f, 0xef, 0x9e, 0xef,
    0xbf, 0xf7, 0x9f, 0xf7, 0x9e, 0xef, 0x9e, 0xef, 0x9f, 0xef, 0x9e, 0xef, 0x7e, 0xef, 0x7e, 0xef,
    0x7e, 0xef, 0x7e, 0xe7, 0x5e, 0xe7, 0x3e, 0xe7, 0xd4, 0x94, 0x61, 0x08, 0x20, 0x00, 0x00, 0x00,
    0x00, 0x00, 0x00, 0x00, 0x20, 0x00, 0x41, 0x08, 0xf4, 0x9c, 0x7e, 0xef, 0x7e, 0xef, 0x7e, 0xef,
    0x9f, 0xef, 0x9f, 0xef, 0x9e, 0xef, 0x9e, 0xef, 0xbf, 0xf7, 0x9f, 0xef, 0x9f, 0xef, 0x9e, 0xef,
    0xbf, 0xf7, 0x9f, 0xf7, 0x9e, 0xef, 0x9e, 0xef, 0x9f, 0xef, 0x9e, 0xef, 0x7e, 0xef, 0x7e, 0xef,
    0x7e, 0xef, 0x7e, 0xe7, 0x5e, 0xe7, 0x3e, 0xe7, 0xd4, 0x94, 0x61, 0x08, 0x20, 0x00, 0x00, 0x00,
    0x00, 0x00, 0x00, 0x00, 0x20, 0x00, 0x41, 0x08, 0xf4, 0x9c, 0x7e, 0xef, 0x7e, 0xef, 0x7e, 0xef,
    0x9f, 0xef, 0x9f, 0xef, 0x9e, 0xef, 0x9e, 0xef, 0xbf, 0xf7, 0x9f, 0xef, 0x9f, 0xef, 0x9e, 0xef,
    0xbf, 0xf7, 0x9f, 0xf7, 0x9e, 0xef, 0x9e, 0xef, 0x9f, 0xef, 0x9e, 0xef, 0x7e, 0xef, 0x7e, 0xef,
    0x7e, 0xef, 0x7e, 0xe7, 0x5e, 0xe7, 0x3e, 0xe7, 0xd4, 0x94, 0x61, 0x08, 0x20, 0x00, 0x00, 0x00,
    0x00, 0x00, 0x00, 0x00, 0x20, 0x00, 0x41, 0x08, 0xf4, 0x9c, 0x7e, 0xef, 0x7e, 0xef, 0x7e, 0xef,
    0x9f, 0xef, 0x9f, 0xef, 0x9e, 0xef, 0x9e, 0xef, 0xbf, 0xf7, 0x9f, 0xef, 0x9f, 0xef, 0x9e, 0xef,
    0xbf, 0xf7, 0x9f, 0xf7, 0x9e, 0xef, 0x9e, 0xef, 0x9f, 0xef, 0x9e, 0xef, 0x7e, 0xef, 0x7e, 0xef,
    0x7e, 0xef, 0x7e, 0xe7, 0x5e, 0xe7, 0x3e, 0xe7, 0xd4, 0x94, 0x61, 0x08, 0x20, 0x00, 0x00, 0x00,
    0x00, 0x00, 0x00, 0x00, 0x20, 0x00, 0x41, 0x08, 0xf4, 0x9c, 0x7e, 0xef, 0x7e, 0xef, 0x7e, 0xef,
    0x9f, 0xef, 0x9f, 0xef, 0x9e, 0xef, 0x9e, 0xef, 0xbf, 0xf7, 0x9f, 0xef, 0x9f, 0xef, 0x9e, 0xef,
    0xbf, 0xf7, 0x9f, 0xf7, 0x9e, 0xef, 0x9e, 0xef, 0x9f, 0xef, 0x9e, 0xef, 0x7e, 0xef, 0x7e, 0xef,
    0x7e, 0xef, 0x7e, 0xe7, 0x5e, 0xe7, 0x3e, 0xe7, 0xd4, 0x94, 0x61, 0x08, 0x20, 0x00, 0x00, 0x00,
    0x00, 0x00, 0x00, 0x00, 0x20, 0x00, 0x41, 0x08, 0xf4, 0x9c, 0x7e, 0xef, 0x7e, 0xef, 0x7e, 0xef,
    0x9f, 0xef, 0x9f, 0xef, 0x9e, 0xef, 0x9e, 0xef, 0xbf, 0xf7, 0x9f, 0xef, 0x9f, 0xef, 0x9e, 0xef,
    0xbf, 0xf7, 0x9f, 0xf7, 0x9e, 0xef, 0x9e, 0xef, 0x9f, 0xef, 0x9e, 0xef, 0x7e, 0xef, 0x7e, 0xef,
    0x7e, 0xef, 0x7e, 0xe7, 0x5e, 0xe7, 0x3e, 0xe7, 0xd4, 0x94, 0x61, 0x08, 0x20, 0x00, 0x00, 0x00,
    0x00, 0x00, 0x00, 0x00, 0x20, 0x00, 0x41, 0x08, 0x00, 0x00, 0x00, 0x00, 0x00, 0x00, 0x00, 0x00,
    0x9f, 0xef, 0x9f, 0xef, 0x9e, 0xef, 0x9e, 0xef, 0xbf, 0xf7, 0x9f, 0xef, 0x9f, 0xef, 0x9e, 0xef,
    0xbf, 0xf7, 0x9f, 0xf7, 0x9e, 0xef, 0x9e, 0xef, 0x9f, 0xef, 0x9e, 0xef, 0x7e, 0xef, 0x7e, 0xef,
    0x7e, 0xef, 0x00, 0x00, 0x00, 0x00, 0x00, 0x00, 0x00, 0x00, 0x61, 0x08, 0x20, 0x00, 0x00, 0x00,
    0x00, 0x00, 0x00, 0x00, 0x20, 0x00, 0x41, 0x08, 0xf4, 0x9c, 0x00, 0x00, 0x00, 0x00, 0x00, 0x00,
    0x9f, 0xef, 0x9f, 0xef, 0x9e, 0xef, 0x9e, 0xef, 0xbf, 0xf7, 0x9f, 0xef, 0x9f, 0xef, 0x9e, 0xef,
    0xbf, 0xf7, 0x9f, 0xf7, 0x9e, 0xef, 0x9e, 0xef, 0x9f, 0xef, 0x9e, 0xef, 0x7e, 0xef, 0x7e, 0xef,
    0x7e, 0xef, 0x00, 0x00, 0x00, 0x00, 0x00, 0x00, 0xd4, 0x94, 0x61, 0x08, 0x20, 0x00, 0x00, 0x00,
    0x00, 0x00, 0x00, 0x00, 0x00, 0x00, 0x41, 0x08, 0xf4, 0x9c, 0x7e, 0xef, 0x7e, 0xef, 0x7e, 0xef,
    0x9f, 0xef, 0x9f, 0xef, 0x9e, 0xef, 0x9e, 0xef, 0xbf, 0xf7, 0x9f, 0xef, 0x9f, 0xef, 0x9e, 0xef,
    0xbf, 0xf7, 0x9f, 0xf7, 0x9e, 0xef, 0x9e, 0xef, 0x9f, 0xef, 0x9e, 0xef, 0x7e, 0xef, 0x7e, 0xef,
    0x7e, 0xef, 0x7e, 0xe7, 0x5e, 0xe7, 0x3e, 0xe7, 0xd4, 0x94, 0x61, 0x08, 0x00, 0x00, 0x00, 0x00,
    0x00, 0x00, 0x00, 0x00, 0x20, 0x00, 0x41, 0x08, 0xf4, 0x9c, 0x7e, 0xef, 0x7e, 0xef, 0x7e, 0xef,
    0x9f, 0xef, 0x9f, 0xef, 0x9e, 0xef, 0x9e, 0xef, 0xbf, 0xf7, 0x9f, 0xef, 0x9f, 0xef, 0x9e, 0xef,
    0xbf, 0xf7, 0x9f, 0xf7, 0x9e, 0xef, 0x9e, 0xef, 0x9f, 0xef, 0x9e, 0xef, 0x7e, 0xef, 0x7e, 0xef,
    0x7e, 0xef, 0x7e, 0xe7, 0x5e, 0xe7, 0x3e, 0xe7, 0xd4, 0x94, 0x61, 0x08, 0x20, 0x00, 0x00, 0x00,
    0x00, 0x00, 0x00, 0x00, 0x20, 0x00, 0x41, 0x08, 0xf4, 0x9c, 0x7e, 0xef, 0x7e, 0xef, 0x7e, 0xef,
    0x9f, 0xef, 0x9f, 0xef, 0x9e, 0xef, 0x9e, 0xef, 0xbf, 0xf7, 0x9f, 0xef, 0x9f, 0xef, 0x9e, 0xef,
    0xbf, 0xf7, 0x9f, 0xf7, 0x9e, 0xef, 0x9e, 0xef, 0x9f, 0xef, 0x9e, 0xef, 0x7e, 0xef, 0x7e, 0xef,
    0x7e, 0xef, 0x7e, 0xe7, 0x5e, 0xe7, 0x3e, 0xe7, 0xd4, 0x94, 0x61, 0x08, 0x20, 0x00, 0x00, 0x00,
    0x00, 0x00, 0x00, 0x00, 0x20, 0x00, 0x41, 0x08, 0xf4, 0x9c, 0x7e, 0xef, 0x7e, 0xef, 0x7e, 0xef,
    0x9f, 0xef, 0x9f, 0xef, 0x9e, 0xef, 0x9e, 0xef, 0xbf, 0xf7, 0x9f, 0xef, 0x9f, 0xef, 0x9e, 0xef,
    0xbf, 0xf7, 0x9f, 0xf7, 0x9e, 0xef, 0x9e, 0xef, 0x9f, 0xef, 0x9e, 0xef, 0x7e, 0xef, 0x7e, 0xef,
    0x7e, 0xef, 0x7e, 0xe7, 0x5e, 0xe7, 0x3e, 0xe7, 0xd4, 0x94, 0x61, 0x08, 0x20, 0x00, 0x00, 0x00,
    0x00, 0x00, 0x00, 0x00, 0x20, 0x00, 0x41, 0x08, 0xf4, 0x9c, 0x7e, 0xef, 0x7e, 0xef, 0x7e, 0xef,
    0x9f, 0xef, 0x9f, 0xef, 0x9e, 0xef, 0x9e, 0xef, 0xbf, 0xf7, 0x9f, 0xef, 0x9f, 0xef, 0x9e, 0xef,
    0xbf, 0xf7, 0x9f, 0xf7, 0x9e, 0xef, 0x9e, 0xef, 0x9f, 0xef, 0x9e, 0xef, 0x7e, 0xef, 0x7e, 0xef,
    0x7e, 0xef, 0x7e, 0xe7, 0x5e, 0xe7, 0x3e, 0xe7, 0xd4, 0x94, 0x61, 0x08, 0x20, 0x00, 0x00, 0x00,
    0x00, 0x00, 0x00, 0x00, 0x20, 0x00, 0x41, 0x08, 0x00, 0x00, 0x00, 0x00, 0x00, 0x00, 0x00, 0x00,
    0x9f, 0xef, 0x9f, 0xef, 0x9e, 0xef, 0x9e, 0xef, 0xbf, 0xf7, 0x9f, 0xef, 0x9f, 0xef, 0x9e, 0xef,
    0xbf, 0xf7, 0x9f, 0xf7, 0x9e, 0xef, 0x9e, 0xef, 0x9f, 0xef, 0x9e, 0xef, 0x7e, 0xef, 0x7e, 0xef,
    0x7e, 0xef, 0x00, 0x00, 0x00, 0x00, 0x00, 0x00, 0x00, 0x00, 0x61, 0x08, 0x20, 0x00, 0x00, 0x00,
    0x00, 0x00, 0x00, 0x00, 0x20, 0x00, 0x41, 0x08, 0xf4, 0x9c, 0x00, 0x00, 0x00, 0x00, 0x00, 0x00,
    0x9f, 0xef, 0x9f, 0xef, 0x9e, 0xef, 0x9e, 0xef, 0xbf, 0xf7, 0x9f, 0xef, 0x9f, 0xef, 0x9e, 0xef,
    0xbf, 0xf7, 0x9f, 0xf7, 0x9e, 0xef, 0x9e, 0xef, 0x9f, 0xef, 0x9e, 0xef, 0x7e, 0xef, 0x7e, 0xef,
    0x7e, 0xef, 0x00, 0x00, 0x00, 0x00, 0x00, 0x00, 0xd4, 0x94, 0x61, 0x08, 0x20, 0x00, 0x00, 0x00,
    0x00, 0x00, 0x00, 0x00, 0x00, 0x00, 0x41, 0x08, 0xf4, 0x9c, 0x7e, 0xef, 0x7e, 0xef, 0x7e, 0xef,
    0x9f, 0xef, 0x9f, 0xef, 0x9e, 0xef, 0x9e, 0xef, 0xbf, 0xf7, 0x9f, 0xef, 0x9f, 0xef, 0x9e, 0xef,
    0xbf, 0xf7, 0x9f, 0xf7, 0x9e, 0xef, 0x9e, 0xef, 0x9f, 0xef, 0x9e, 0xef, 0x7e, 0xef, 0x7e, 0xef,
    0x7e, 0xef, 0x7e, 0xe7, 0x5e, 0xe7, 0x3e, 0xe7, 0xd4, 0x94, 0x61, 0x08, 0x00, 0x00, 0x00, 0x00,
    0x00, 0x00, 0x00, 0x00, 0x20, 0x00, 0x41, 0x08, 0xf4, 0x9c, 0x7e, 0xef, 0x7e, 0xef, 0x7e, 0xef,
    0x9f, 0xef, 0x9f, 0xef, 0x9e, 0xef, 0x9e, 0xef, 0xbf, 0xf7, 0x9f, 0xef, 0x9f, 0xef, 0x9e, 0xef,
    0xbf, 0xf7, 0x9f, 0xf7, 0x9e, 0xef, 0x9e, 0xef, 0x9f, 0xef, 0x9e, 0xef, 0x7e, 0xef, 0x7e, 0xef,
    0x7e, 0xef, 0x7e, 0xe7, 0x5e, 0xe7, 0x3e, 0xe7, 0xd4, 0x94, 0x61, 0x08, 0x20, 0x00, 0x00, 0x00,
    0x00, 0x00, 0x00, 0x00, 0x20, 0x00, 0x41, 0x08, 0xf4, 0x9c, 0x7e, 0xef, 0x7e, 0xef, 0x7e, 0xef,
    0x9f, 0xef, 0x9f, 0xef, 0x9e, 0xef, 0x9e, 0xef, 0xbf, 0xf7, 0x9f, 0xef, 0x9f, 0xef, 0x9e, 0xef,
    0xbf, 0xf7, 0x9f, 0xf7, 0x9e, 0xef, 0x9e, 0xef, 0x9f, 0xef, 0x9e, 0xef, 0x7e, 0xef, 0x7e, 0xef,
    0x7e, 0xef, 0x7e, 0xe7, 0x5e, 0xe7, 0x3e, 0xe7, 0xd4, 0x94, 0x61, 0x08, 0x20, 0x00, 0x00, 0x00,
    0x00, 0x00, 0x00, 0x00, 0x20, 0x00, 0x41, 0x08, 0xf4, 0x9c, 0x7e, 0xef, 0x7e, 0xef, 0x7e, 0xef,
    0x9f, 0xef, 0x9f, 0xef, 0x9e, 0xef, 0x9e, 0xef, 0xbf, 0xf7, 0x9f, 0xef, 0x9f, 0xef, 0x9e, 0xef,
    0xbf, 0xf7, 0x9f, 0xf7, 0x9e, 0xef, 0x9e, 0xef, 0x9f, 0xef, 0x9e, 0xef, 0x7e, 0xef, 0x7e, 0xef,
    0x7e, 0xef, 0x7e, 0xe7, 0x5e, 0xe7, 0x3e, 0xe7, 0xd4, 0x94, 0x61, 0x08, 0x20, 0x00, 0x00, 0x00,
    0x00, 0x00, 0x00, 0x00, 0x20, 0x00, 0x41, 0x08, 0xf4, 0x9c, 0x7e, 0xef, 0x7e, 0xef, 0x7e, 0xef,
    0x9f, 0xef, 0x9f, 0xef, 0x9e, 0xef, 0x9e, 0xef, 0xbf, 0xf7, 0x9f, 0xef, 0x9f, 0xef, 0x9e, 0xef,
    0xbf, 0xf7, 0x9f, 0xf7, 0x9e, 0xef, 0x9e, 0xef, 0x9f, 0xef, 0x9e, 0xef, 0x7e, 0xef, 0x7e, 0xef,
    0x7e, 0xef, 0x7e, 0xe7, 0x5e, 0xe7, 0x3e, 0xe7, 0xd4, 0x94, 0x61, 0x08, 0x20, 0x00, 0x00, 0x00,
    0x00, 0x00, 0x00, 0x00, 0x20, 0x00, 0x00, 0x00, 0xf4, 0x9c, 0x7e, 0xef, 0x7e, 0xef, 0x7e, 0xef,
    0x9f, 0xef, 0x9f, 0xef, 0x9e, 0xef, 0x9e, 0xef, 0xbf, 0xf7, 0x9f, 0xef, 0x9f, 0xef, 0x9e, 0xef,
    0xbf, 0xf7, 0x9f, 0xf7, 0x9e, 0xef, 0x9e, 0xef, 0x9f, 0xef, 0x9e, 0xef, 0x7e, 0xef, 0x00, 0x00,
    0x7e, 0xef, 0x7e, 0xe7, 0x5e, 0xe7, 0x3e, 0xe7, 0xd4, 0x94, 0x61, 0x08, 0x20, 0x00, 0x00, 0x00,
    0x00, 0x00, 0x00, 0x00, 0x20, 0x00, 0x41, 0x08, 0xf4, 0x9c, 0x7e, 0xef, 0x7e, 0xef, 0x7e, 0xef,
    0x9f, 0xef, 0x9f, 0xef, 0x9e, 0xef, 0x9e, 0xef, 0xbf, 0xf7, 0x9f, 0xef, 0x9f, 0xef, 0x9e, 0xef,
    0xbf, 0xf7, 0x9f, 0xf7, 0x9e, 0xef, 0x9e, 0xef, 0x9f, 0xef, 0x9e, 0xef, 0x7e, 0xef, 0x7e, 0xef,
    0x7e, 0xef, 0x7e, 0xe7, 0x5e, 0xe7, 0x3e, 0xe7, 0xd4, 0x94, 0x61, 0x08, 0x20, 0x00, 0x00, 0x00,
    0x00, 0x00, 0x00, 0x00, 0x20, 0x00, 0x41, 0x08, 0xf4, 0x9c, 0x7e, 0xef, 0x7e, 0xef, 0x7e, 0xef,
    0x9f, 0xef, 0x9f, 0xef, 0x9e, 0xef, 0x9e, 0xef, 0xbf, 0xf7, 0x9f, 0xef, 0x9f, 0xef, 0x9e, 0xef,
    0xbf, 0xf7, 0x9f, 0xf7, 0x9e, 0xef, 0x9e, 0xef, 0x9f, 0xef, 0x9e, 0xef, 0x7e, 0xef, 0x7e, 0xef,
    0x7e, 0xef, 0x7e, 0xe7, 0x5e, 0xe7, 0x3e, 0xe7, 0xd4, 0x94, 0x61, 0x08, 0x20, 0x00, 0x00, 0x00,
    0x00, 0x00, 0x00, 0x00, 0x20, 0x00, 0x41, 0x08, 0xf4, 0x9c, 0x7e, 0xef, 0x7e, 0xef, 0x7e, 0xef,
    0x9f, 0xef, 0x9f, 0xef, 0x9e, 0xef, 0x9e, 0xef, 0xbf, 0xf7, 0x9f, 0xef, 0x9f, 0xef, 0x9e, 0xef,
    0xbf, 0xf7, 0x9f, 0xf7, 0x9e, 0xef, 0x9e, 0xef, 0x9f, 0xef, 0x9e, 0xef, 0x7e, 0xef, 0x7e, 0xef,
    0x7e, 0xef, 0x7e, 0xe7, 0x5e, 0xe7, 0x3e, 0xe7, 0xd4, 0x94, 0x61, 0x08, 0x20, 0x00, 0x00, 0x00,
    0x00, 0x00, 0x00, 0x00, 0x00, 0x00, 0x41, 0x08, 0xf4, 0x9c, 0x7e, 0xef, 0x7e, 0xef, 0x7e, 0xef,
    0x9f, 0xef, 0x9f, 0xef, 0x9e, 0xef, 0x9e, 0xef, 0xbf, 0xf7, 0x9f, 0xef, 0x9f, 0xef, 0x9e, 0xef,
    0xbf, 0xf7, 0x9f, 0xf7, 0x9e, 0xef, 0x9e, 0xef, 0x9f, 0xef, 0x9e, 0xef, 0x7e, 0xef, 0x7e, 0xef,
    0x7e, 0xef, 0x7e, 0xe7, 0x5e, 0xe7, 0x3e, 0xe7, 0xd4, 0x94, 0x61, 0x08, 0x20, 0x00, 0x00, 0x00,
    0x00, 0x00, 0x00, 0x00, 0x20, 0x00, 0x41, 0x08, 0xf4, 0x9c, 0x7e, 0xef, 0x7e, 0xef, 0x7e, 0xef,
    0x9f, 0xef, 0x9f, 0xef, 0x9e, 0xef, 0x9e, 0xef, 0xbf, 0xf7, 0x9f, 0xef, 0x9f, 0xef, 0x9e, 0xef,
    0xbf, 0xf7, 0x9f, 0xf7, 0x9e, 0xef, 0x9e, 0xef, 0x9f, 0xef, 0x9e, 0xef, 0x7e, 0xef, 0x7e, 0xef,
    0x7e, 0xef, 0x7e, 0xe7, 0x5e, 0xe7, 0x3e, 0xe7, 0xd4, 0x94, 0x61, 0x08, 0x20, 0x00, 0x00, 0x00,
    0x00, 0x00, 0x00, 0x00, 0x20, 0x00, 0x41, 0x08, 0xf4, 0x9c, 0x7e, 0xef, 0x7e, 0xef, 0x7e, 0xef,
    0x9f, 0xef, 0x9f, 0xef, 0x9e, 0xef, 0x9e, 0xef, 0xbf, 0xf7, 0x9f, 0xef, 0x9f, 0xef, 0x9e, 0xef,
    0xbf, 0xf7, 0x9f, 0xf7, 0x9e, 0xef, 0x9e, 0xef, 0x9f, 0xef, 0x9e, 0xef, 0x7e, 0xef, 0x7e, 0xef,
    0x7e, 0xef, 0x7e, 0xe7, 0x5e, 0xe7, 0x3e, 0xe7, 0xd4, 0x94, 0x61, 0x08, 0x20, 0x00, 0x00, 0x00,
    0x00, 0x00, 0x00, 0x00, 0x20, 0x00, 0x41, 0x08, 0xf4, 0x9c, 0x7e, 0xef, 0x7e, 0xef, 0x7e, 0xef,
    0x9f, 0xef, 0x9f, 0xef, 0x9e, 0xef, 0x9e, 0xef, 0xbf, 0xf7, 0x9f, 0xef, 0x9f, 0xef, 0x9e, 0xef,
    0xbf, 0xf7, 0x9f, 0xf7, 0x9e, 0xef, 0x9e, 0xef, 0x9f, 0xef, 0x9e, 0xef, 0x7e, 0xef, 0x7e, 0xef,
    0x7e, 0xef, 0x7e, 0xe7, 0x5e, 0xe7, 0x3e, 0xe7, 0xd4, 0x94, 0x61, 0x08, 0x20, 0x00, 0x00, 0x00,
    0x00, 0x00, 0x00, 0x00, 0x20, 0x00, 0x41, 0x08, 0xf4, 0x9c, 0x7e, 0xef, 0x7e, 0xef, 0x7e, 0xef,
    0x9f, 0xef, 0x9f, 0xef, 0x9e, 0xef, 0x9e, 0xef, 0xbf, 0xf7, 0x9f, 0xef, 0x9f, 0xef, 0x9e, 0xef,
    0xbf, 0xf7, 0x9f, 0xf7, 0x9e, 0xef, 0x9e, 0xef, 0x9f, 0xef, 0x9e, 0xef, 0x7e, 0xef, 0x7e, 0xef,
    0x7e, 0xef, 0x7e, 0xe7, 0x5e, 0xe7, 0x3e, 0xe7, 0xd4, 0x94, 0x61, 0x08, 0x20, 0x00, 0x00, 0x00,
    0x00, 0x00, 0x00, 0x00, 0x20, 0x00, 0x41, 0x08, 0xf4, 0x9c, 0x7e, 0xef, 0x7e, 0xef, 0x7e, 0xef,
    0x9f, 0xef, 0x9f, 0xef, 0x9e, 0xef, 0x9e, 0xef, 0xbf, 0xf7, 0x9f, 0xef, 0x9f, 0xef, 0x9e, 0xef,
    0xbf, 0xf7, 0x9f, 0xf7, 0x9e, 0xef, 0x9e, 0xef, 0x9f, 0xef, 0x9e, 0xef, 0x7e, 0xef, 0x7e, 0xef,
    0x7e, 0xef, 0x7e, 0xe7, 0x5e, 0xe7, 0x3e, 0xe7, 0xd4, 0x94, 0x61, 0x08, 0x20, 0x00, 0x00, 0x00,
    0x00, 0x00, 0x00, 0x00, 0x20, 0x00, 0x41, 0x08, 0xf4, 0x9c, 0x7e, 0xef, 0x7e, 0xef, 0x7e, 0xef,
    0x9f, 0xef, 0x9f, 0xef, 0x9e, 0xef, 0x9e, 0xef, 0xbf, 0xf7, 0x9f, 0xef, 0x9f, 0xef, 0x9e, 0xef,
    0xbf, 0xf7, 0x9f, 0xf7, 0x9e, 0xef, 0x9e, 0xef, 0x9f, 0xef, 0x9e, 0xef, 0x7e, 0xef, 0x7e, 0xef,
    0x7e, 0xef, 0x7e, 0xe7, 0x5e, 0xe7, 0x3e, 0xe7, 0xd4, 0x94, 0x61, 0x08, 0x20, 0x00, 0x00, 0x00,
    0x00, 0x00, 0x00, 0x00, 0x20, 0x00, 0x41, 0x00, 0x20, 0x00, 0x3d, 0xdf, 0x7e, 0xef, 0x7e, 0xef,
    0x7e, 0xef, 0x9f, 0xef, 0x9e, 0xef, 0x9e, 0xef, 0x9e, 0xef, 0x9f, 0xef, 0x9f, 0xef, 0x9f, 0xef,
    0x9e, 0xef, 0x9f, 0xef, 0x9f, 0xef, 0x9e, 0xef, 0x7e, 0xef, 0x9f, 0xef, 0x7e, 0xef, 0x7e, 0xef,
    0x5e, 0xe7, 0x7e, 0xe7, 0x5e, 0xe7, 0xfd, 0xde, 0x20, 0x00, 0x61, 0x08, 0x20, 0x00, 0x00, 0x00,
    0x00, 0x00, 0x00, 0x00, 0x20, 0x00, 0x41, 0x00, 0x20, 0x00, 0x3d, 0xdf, 0x7e, 0xef, 0x7e, 0xef,
    0x7e, 0xef, 0x9f, 0xef, 0x9e, 0xef, 0x9e, 0xef, 0x9e, 0xef, 0x9f, 0xef, 0x9f, 0xef, 0x9f, 0xef,
    0x9e, 0xef, 0x9f, 0xef, 0x9f, 0xef, 0x9e, 0xef, 0x7e, 0xef, 0x9f, 0xef, 0x7e, 0xef, 0x7e, 0xef,
    0x5e, 0xe7, 0x7e, 0xe7, 0x5e, 0xe7, 0xfd, 0xde, 0x20, 0x00, 0x61, 0x08, 0x20, 0x00, 0x00, 0x00,
    0x00, 0x00, 0x00, 0x00, 0x20, 0x00, 0x41, 0x00, 0x20, 0x00, 0x3d, 0xdf, 0x7e, 0xef, 0x7e, 0xef,
    0x7e, 0xef, 0x9f, 0xef, 0x9e, 0xef, 0x9e, 0xef, 0x9e, 0xef, 0x9f, 0xef, 0x9f, 0xef, 0x9f, 0xef,
    0x9e, 0xef, 0x9f, 0xef, 0x9f, 0xef, 0x9e, 0xef, 0x7e, 0xef, 0x9f, 0xef, 0x7e, 0xef, 0x7e, 0xef,
    0x5e, 0xe7, 0x7e, 0xe7, 0x5e, 0xe7, 0xfd, 0xde, 0x20, 0x00, 0x61, 0x08, 0x20, 0x00, 0x00, 0x00,
    0x00, 0x00, 0x00, 0x00, 0x20, 0x00, 0x41, 0x00, 0x20, 0x00, 0x3d, 0xdf, 0x7e, 0xef, 0x7e, 0xef,
    0x7e, 0xef, 0x9f, 0xef, 0x9e, 0xef, 0x9e, 0xef, 0x9e, 0xef, 0x9f, 0xef, 0x9f, 0xef, 0x9f, 0xef,
    0x9e, 0xef, 0x9f, 0xef, 0x9f, 0xef, 0x9e, 0xef, 0x7e, 0xef, 0x9f, 0xef, 0x7e, 0xef, 0x7e, 0xef,
    0x5e, 0xe7, 0x7e, 0xe7, 0x5e, 0xe7, 0xfd, 0xde, 0x20, 0x00, 0x61, 0x08, 0x20, 0x00, 0x00, 0x00,
    0x00, 0x00, 0x00, 0x00, 0x20, 0x00, 0x41, 0x00, 0x20, 0x00, 0x3d, 0xdf, 0x7e, 0xef, 0x7e, 0xef,
    0x7e, 0xef, 0x9f, 0xef, 0x9e, 0xef, 0x9e, 0xef, 0x9e, 0xef, 0x9f, 0xef, 0x9f, 0xef, 0x9f, 0xef,
    0x9e, 0xef, 0x9f, 0xef, 0x9f, 0xef, 0x9e, 0xef, 0x7e, 0xef, 0x9f, 0xef, 0x7e, 0xef, 0x7e, 0xef,
    0x5e, 0xe7, 0x7e, 0xe7, 0x5e, 0xe7, 0xfd, 0xde, 0x20, 0x00, 0x61, 0x08, 0x20, 0x00, 0x00, 0x00,
    0x00, 0x00, 0x00, 0x00, 0x20, 0x00, 0x41, 0x00, 0x20, 0x00, 0x3d, 0xdf, 0x7e, 0xef, 0x7e, 0xef,
    0x7e, 0xef, 0x9f, 0xef, 0x9e, 0xef, 0x9e, 0xef, 0x9e, 0xef, 0x9f, 0xef, 0x9f, 0xef, 0x9f, 0xef,
    0x9e, 0xef, 0x9f, 0xef, 0x9f, 0xef, 0x9e, 0xef, 0x7e, 0xef, 0x9f, 0xef, 0x7e, 0xef, 0x7e, 0xef,
    0x5e, 0xe7, 0x7e, 0xe7, 0x5e, 0xe7, 0xfd, 0xde, 0x20, 0x00, 0x61, 0x08, 0x20, 0x00, 0x00, 0x00,
    0x00, 0x00, 0x00, 0x00, 0x20, 0x00, 0x41, 0x00, 0x20, 0x00, 0x3d, 0xdf, 0x7e, 0xef, 0x7e, 0xef,
    0x7e, 0xef, 0x9f, 0xef, 0x9e, 0xef, 0x9e, 0xef, 0x9e, 0xef, 0x9f, 0xef, 0x9f, 0xef, 0x9f, 0xef,
    0x9e, 0xef, 0x9f, 0xef, 0x9f, 0xef, 0x9e, 0xef, 0x7e, 0xef, 0x9f, 0xef, 0x7e, 0xef, 0x7e, 0xef,
    0x5e, 0xe7, 0x7e, 0xe7, 0x5e, 0xe7, 0xfd, 0xde, 0x20, 0x00, 0x61, 0x08, 0x20, 0x00, 0x00, 0x00,
    0x00, 0x00, 0x00, 0x00, 0x20, 0x00, 0x41, 0x00, 0x20, 0x00, 0x3d, 0xdf, 0x7e, 0xef, 0x7e, 0xef,
    0x7e, 0xef, 0x9f, 0xef, 0x9e, 0xef, 0x9e, 0xef, 0x9e, 0xef, 0x9f, 0xef, 0x9f, 0xef, 0x9f, 0xef,
    0x9e, 0xef, 0x9f, 0xef, 0x9f, 0xef, 0x9e, 0xef, 0x7e, 0xef, 0x9f, 0xef, 0x7e, 0xef, 0x7e, 0xef,
    0x5e, 0xe7, 0x7e, 0xe7, 0x5e, 0xe7, 0xfd, 0xde, 0x20, 0x00, 0x61, 0x08, 0x20, 0x00, 0x00, 0x00,
    0x00, 0x00, 0x00, 0x00, 0x20, 0x00, 0x41, 0x00, 0x20, 0x00, 0x3d, 0xdf, 0x7e, 0xef, 0x7e, 0xef,
    0x7e, 0xef, 0x9f, 0xef, 0x9e, 0xef, 0x9e, 0xef, 0x9e, 0xef, 0x9f, 0xef, 0x9f, 0xef, 0x9f, 0xef,
    0x9e, 0xef, 0x9f, 0xef, 0x9f, 0xef, 0x9e, 0xef, 0x7e, 0xef, 0x9f, 0xef, 0x7e, 0xef, 0x7e, 0xef,
    0x5e, 0xe7, 0x7e, 0xe7, 0x5e, 0xe7, 0xfd, 0xde, 0x20, 0x00, 0x61, 0x08, 0x20, 0x00, 0x00, 0x00,
    0x00, 0x00, 0x00, 0x00, 0x20, 0x00, 0x41, 0x00, 0x20, 0x00, 0x3d, 0xdf, 0x7e, 0xef, 0x7e, 0xef,
    0x7e, 0xef, 0x9f, 0xef, 0x9e, 0xef, 0x9e, 0xef, 0x9e, 0xef, 0x9f, 0xef, 0x9f, 0xef, 0x9f, 0xef,
    0x9e, 0xef, 0x9f, 0xef, 0x9f, 0xef, 0x9e, 0xef, 0x7e, 0xef, 0x9f, 0xef, 0x7e, 0xef, 0x7e, 0xef,
    0x5e, 0xe7, 0x7e, 0xe7, 0x5e, 0xe7, 0xfd, 0xde, 0x20, 0x00, 0x61, 0x08, 0x20, 0x00, 0x00, 0x00,
    0x00, 0x00, 0x00, 0x00, 0x20, 0x00, 0x41, 0x00, 0x20, 0x00, 0x3d, 0xdf, 0x7e, 0xef, 0x7e, 0xef,
    0x7e, 0xef, 0x9f, 0xef, 0x9e, 0xef, 0x9e, 0xef, 0x9e, 0xef, 0x9f, 0xef, 0x9f, 0xef, 0x9f, 0xef,
    0x9e, 0xef, 0x9f, 0xef, 0x9f, 0xef, 0x9e, 0xef, 0x7e, 0xef, 0x9f, 0xef, 0x7e, 0xef, 0x7e, 0xef,
    0x5e, 0xe7, 0x7e, 0xe7, 0x5e, 0xe7, 0xfd, 0xde, 0x20, 0x00, 0x61, 0x08, 0x20, 0x00, 0x00, 0x00,
    0x00, 0x00, 0x00, 0x00, 0x20, 0x00, 0x41, 0x00, 0x20, 0x00, 0x3d, 0xdf, 0x7e, 0xef, 0x7e, 0xef,
    0x7e, 0xef, 0x9f, 0xef, 0x9e, 0xef, 0x9e, 0xef, 0x9e, 0xef, 0x9f, 0xef, 0x9f, 0xef, 0x9f, 0xef,
    0x9e, 0xef, 0x9f, 0xef, 0x9f, 0xef, 0x9e, 0xef, 0x7e, 0xef, 0x9f, 0xef, 0x7e, 0xef, 0x7e, 0xef,
    0x5e, 0xe7, 0x7e, 0xe7, 0x5e, 0xe7, 0xfd, 0xde, 0x20, 0x00, 0x61, 0x08, 0x20, 0x00, 0x00, 0x00,
    0x00, 0x00, 0x00, 0x00, 0x20, 0x00, 0x41, 0x00, 0x20, 0x00, 0x3d, 0xdf, 0x7e, 0xef, 0x7e, 0xef,
    0x7e, 0xef, 0x9f, 0xef, 0x9e, 0xef, 0x9e, 0xef, 0x9e, 0xef, 0x9f, 0xef, 0x9f, 0xef, 0x9f, 0xef,
    0x9e, 0xef, 0x9f, 0xef, 0x9f, 0xef, 0x9e, 0xef, 0x7e, 0xef, 0x9f, 0xef, 0x7e, 0xef, 0x7e, 0xef,
    0x5e, 0xe7, 0x7e, 0xe7, 0x5e, 0xe7, 0xfd, 0xde, 0x20, 0x00, 0x61, 0x08, 0x20, 0x00, 0x00, 0x00,
    0x00, 0x00, 0x00, 0x00, 0x20, 0x00, 0x41, 0x00, 0x20, 0x00, 0x3d, 0xdf, 0x7e, 0xef, 0x7e, 0xef,
    0x7e, 0xef, 0x9f, 0xef, 0x9e, 0xef, 0x9e, 0xef, 0x9e, 0xef, 0x9f, 0xef, 0x9f, 0xef, 0x9f, 0xef,
    0x9e, 0xef, 0x9f, 0xef, 0x9f, 0xef, 0x9e, 0xef, 0x7e, 0xef, 0x9f, 0xef, 0x7e, 0xef, 0x7e, 0xef,
    0x5e, 0xe7, 0x7e, 0xe7, 0x5e, 0xe7, 0xfd, 0xde, 0x20, 0x00, 0x61, 0x08, 0x20, 0x00, 0x00, 0x00,
    0x00, 0x00, 0x00, 0x00, 0x20, 0x00, 0x41, 0x00, 0x20, 0x00, 0x3d, 0xdf, 0x7e, 0xef, 0x7e, 0xef,
    0x7e, 0xef, 0x9f, 0xef, 0x9e, 0xef, 0x9e, 0xef, 0x9e, 0xef, 0x9f, 0xef, 0x9f, 0xef, 0x9f, 0xef,
    0x9e, 0xef, 0x9f, 0xef, 0x9f, 0xef, 0x9e, 0xef, 0x7e, 0xef, 0x9f, 0xef, 0x7e, 0xef, 0x7e, 0xef,
    0x5e, 0xe7, 0x7e, 0xe7, 0x5e, 0xe7, 0xfd, 0xde, 0x20, 0x00, 0x61, 0x08, 0x20, 0x00, 0x00, 0x00,
    0x00, 0x00, 0x00, 0x00, 0x20, 0x00, 0x41, 0x00, 0x20, 0x00, 0x3d, 0xdf, 0x7e, 0xef, 0x7e, 0xef,
    0x7e, 0xef, 0x9f, 0xef, 0x9e, 0xef, 0x9e, 0xef, 0x9e, 0xef, 0x9f, 0xef, 0x9f, 0xef, 0x9f, 0xef,
    0x9e, 0xef, 0x9f, 0xef, 0x9f, 0xef, 0x9e, 0xef, 0x7e, 0xef, 0x9f, 0xef, 0x7e, 0xef, 0x7e, 0xef,
    0x5e, 0xe7, 0x7e, 0xe7, 0x5e, 0xe7, 0xfd, 0xde, 0x20, 0x00, 0x61, 0x08, 0x20, 0x00, 0x00, 0x00,
    0x00, 0x00, 0x00, 0x00, 0x20, 0x00, 0x41, 0x00, 0x20, 0x00, 0x3d, 0xdf, 0x7e, 0xef, 0x7e, 0xef,
    0x7e, 0xef, 0x9f, 0xef, 0x9e, 0xef, 0x9e, 0xef, 0x9e, 0xef, 0x9f, 0xef, 0x9f, 0xef, 0x9f, 0xef,
    0x9e, 0xef, 0x9f, 0xef, 0x9f, 0xef, 0x9e, 0xef, 0x7e, 0xef, 0x9f, 0xef, 0x7e, 0xef, 0x7e, 0xef,
    0x5e, 0xe7, 0x7e, 0xe7, 0x5e, 0xe7, 0xfd, 0xde, 0x20, 0x00, 0x61, 0x08, 0x20, 0x00, 0x00, 0x00,
    0x00, 0x00, 0x00, 0x00, 0x20, 0x00, 0x41, 0x00, 0x20, 0x00, 0x3d, 0xdf, 0x7e, 0xef, 0x7e, 0xef,
    0x7e, 0xef, 0x9f, 0xef, 0x9e, 0xef, 0x9e, 0xef, 0x9e, 0xef, 0x9f, 0xef, 0x9f, 0xef, 0x9f, 0xef,
    0x9e, 0xef, 0x9f, 0xef, 0x9f, 0xef, 0x9e, 0xef, 0x7e, 0xef, 0x9f, 0xef, 0x7e, 0xef, 0x7e, 0xef,
    0x5e, 0xe7, 0x7e, 0xe7, 0x5e, 0xe7, 0xfd, 0xde, 0x20, 0x00, 0x61, 0x08, 0x20, 0x00, 0x00, 0x00,
    0x00, 0x00, 0x00, 0x00, 0x20, 0x00, 0x41, 0x00, 0x20, 0x00, 0x3d, 0xdf, 0x7e, 0xef, 0x7e, 0xef,
    0x7e, 0xef, 0x9f, 0xef, 0x9e, 0xef, 0x9e, 0xef, 0x9e, 0xef, 0x9f, 0xef, 0x9f, 0xef, 0x9f, 0xef,
    0x9e, 0xef, 0x9f, 0xef, 0x9f, 0xef, 0x9e, 0xef, 0x7e, 0xef, 0x9f, 0xef, 0x7e, 0xef, 0x7e, 0xef,
    0x5e, 0xe7, 0x7e, 0xe7, 0x5e, 0xe7, 0xfd, 0xde, 0x20, 0x00, 0x61, 0x08, 0x20, 0x00, 0x00, 0x00,
    0x00, 0x00, 0x00, 0x00, 0x20, 0x00, 0x41, 0x00, 0x20, 0x00, 0x3d, 0xdf, 0x7e, 0xef, 0x7e, 0xef,
    0x7e, 0xef, 0x9f, 0xef, 0x9e, 0xef, 0x9e, 0xef, 0x9e, 0xef, 0x9f, 0xef, 0x9f, 0xef, 0x9f, 0xef,
    0x9e, 0xef, 0x9f, 0xef, 0x9f, 0xef, 0x9e, 0xef, 0x7e, 0xef, 0x9f, 0xef, 0x7e, 0xef, 0x7e, 0xef,
    0x5e, 0xe7, 0x7e, 0xe7, 0x5e, 0xe7, 0xfd, 0xde, 0x20, 0x00, 0x61, 0x08, 0x20, 0x00, 0x00, 0x00,
    0x00, 0x00, 0x00, 0x00, 0x20, 0x00, 0x41, 0x00, 0x20, 0x00, 0x3d, 0xdf, 0x7e, 0xef, 0x7e, 0xef,
    0x7e, 0xef, 0x9f, 0xef, 0x9e, 0xef, 0x9e, 0xef, 0x9e, 0xef, 0x9f, 0xef, 0x9f, 0xef, 0x9f, 0xef,
    0x9e, 0xef, 0x9f, 0xef, 0x9f, 0xef, 0x9e, 0xef, 0x7e, 0xef, 0x9f, 0xef, 0x7e, 0xef, 0x7e, 0xef,
    0x5e, 0xe7, 0x7e, 0xe7, 0x5e, 0xe7, 0xfd, 0xde, 0x20, 0x00, 0x61, 0x08, 0x20, 0x00, 0x00, 0x00,
    0x00, 0x00, 0x00, 0x00, 0x20, 0x00, 0x41, 0x00, 0x20, 0x00, 0x3d, 0xdf, 0x7e, 0xef, 0x7e, 0xef,
    0x7e, 0xef, 0x9f, 0xef, 0x9e, 0xef, 0x9e, 0xef, 0x9e, 0xef, 0x9f, 0xef, 0x9f, 0xef, 0x9f, 0xef,
    0x9e, 0xef, 0x9f, 0xef, 0x9f, 0xef, 0x9e, 0xef, 0x7e, 0xef, 0x9f, 0xef, 0x7e, 0xef, 0x7e, 0xef,
    0x5e, 0xe7, 0x7e, 0xe7, 0x5e, 0xe7, 0xfd, 0xde, 0x20, 0x00, 0x61, 0x08, 0x20, 0x00, 0x00, 0x00,
    0x00, 0x00, 0x00, 0x00, 0x20, 0x00, 0x41, 0x00, 0x20, 0x00, 0x3d, 0xdf, 0x7e, 0xef, 0x7e, 0xef,
    0x7e, 0xef, 0x9f, 0xef, 0x9e, 0xef, 0x9e, 0xef, 0x9e, 0xef, 0x9f, 0xef, 0x9f, 0xef, 0x9f, 0xef,
    0x9e, 0xef, 0x9f, 0xef, 0x9f, 0xef, 0x9e, 0xef, 0x7e, 0xef, 0x9f, 0xef, 0x7e, 0xef, 0x7e, 0xef,
    0x5e, 0xe7, 0x7e, 0xe7, 0x5e, 0xe7, 0xfd, 0xde, 0x20, 0x00, 0x61, 0x08, 0x20, 0x00, 0x00, 0x00,
    0x00, 0x00, 0x00, 0x00, 0x20, 0x00, 0x41, 0x00, 0x20, 0x00, 0x3d, 0xdf, 0x7e, 0xef, 0x7e, 0xef,
    0x7e, 0xef, 0x9f, 0xef, 0x9e, 0xef, 0x9e, 0xef, 0x9e, 0xef, 0x9f, 0xef, 0x9f, 0xef, 0x9f, 0xef,
    0x9e, 0xef, 0x9f, 0xef, 0x9f, 0xef, 0x9e, 0xef, 0x7e, 0xef, 0x9f, 0xef, 0x7e, 0xef, 0x7e, 0xef,
    0x5e, 0xe7, 0x7e, 0xe7, 0x5e, 0xe7, 0xfd, 0xde, 0x20, 0x00, 0x61, 0x08, 0x20, 0x00, 0x00, 0x00,
    0x00, 0x00, 0x00, 0x00, 0x20, 0x00, 0x41, 0x00, 0x20, 0x00, 0x3d, 0xdf, 0x7e, 0xef, 0x7e, 0xef,
    0x7e, 0xef, 0x9f, 0xef, 0x9e, 0xef, 0x9e, 0xef, 0x9e, 0xef, 0x9f, 0xef, 0x9f, 0xef, 0x9f, 0xef,
    0x9e, 0xef, 0x9f, 0xef, 0x9f, 0xef, 0x9e, 0xef, 0x7e, 0xef, 0x9f, 0xef, 0x7e, 0xef, 0x7e, 0xef,
    0x5e, 0xe7, 0x7e, 0xe7, 0x5e, 0xe7, 0xfd, 0xde, 0x20, 0x00, 0x61, 0x08, 0x20, 0x00, 0x00, 0x00,
    0x00, 0x00, 0x00, 0x00, 0x20, 0x00, 0x00, 0x00, 0x00, 0x00, 0x00, 0x00, 0x00, 0x00, 0x00, 0x00,
    0x7e, 0xef, 0x9f, 0xef, 0x9e, 0xef, 0x9e, 0xef, 0x9e, 0xef, 0x9f, 0xef, 0x9f, 0xef, 0x9f, 0xef,
    0x9e, 0xef, 0x9f, 0xef, 0x9f, 0xef, 0x9e, 0xef, 0x7e, 0xef, 0x9f, 0xef, 0x7e, 0xef, 0x7e, 0xef,
    0x5e, 0xe7, 0x00, 0x00, 0x00, 0x00, 0x00, 0x00, 0x00, 0x00, 0x00, 0x00, 0x20, 0x00, 0x00, 0x00,
    0x00, 0x00, 0x00, 0x00, 0x20, 0x00, 0x41, 0x00, 0x00, 0x00, 0x00, 0x00, 0x00, 0x00, 0x00, 0x00,
    0x7e, 0xef, 0x9f, 0xef, 0x9e, 0xef, 0x9e, 0xef, 0x9e, 0xef, 0x9f, 0xef, 0x9f, 0xef, 0x9f, 0xef,
    0x9e, 0xef, 0x9f, 0xef, 0x9f, 0xef, 0x9e, 0xef, 0x7e, 0xef, 0x9f, 0xef, 0x7e, 0xef, 0x7e, 0xef,
    0x5e, 0xe7, 0x00, 0x00, 0x00, 0x00, 0x00, 0x00, 0x00, 0x00, 0x61, 0x08, 0x20, 0x00, 0x00, 0x00,
    0x00, 0x00, 0x00, 0x00, 0x20, 0x00, 0x41, 0x00, 0x20, 0x00, 0x3d, 0xdf, 0x7e, 0xef, 0x7e, 0xef,
    0x7e, 0xef, 0x9f, 0xef, 0x9e, 0xef, 0x9e, 0xef, 0x9e, 0xef, 0x9f, 0xef, 0x9f, 0xef, 0x9f, 0xef,
    0x9e, 0xef, 0x9f, 0xef, 0x9f, 0xef, 0x9e, 0xef, 0x7e, 0xef, 0x9f, 0xef, 0x7e, 0xef, 0x7e, 0xef,
    0x5e, 0xe7, 0x7e, 0xe7, 0x5e, 0xe7, 0xfd, 0xde, 0x20, 0x00, 0x61, 0x08, 0x20, 0x00, 0x00, 0x00,
    0x00, 0x00, 0x00, 0x00, 0x20, 0x00, 0x41, 0x00, 0x20, 0x00, 0x3d, 0xdf, 0x7e, 0xef, 0x7e, 0xef,
    0x7e, 0xef, 0x9f, 0xef, 0x9e, 0xef, 0x9e, 0xef, 0x9e, 0xef, 0x9f, 0xef, 0x9f, 0xef, 0x9f, 0xef,
    0x9e, 0xef, 0x9f, 0xef, 0x9f, 0xef, 0x9e, 0xef, 0x7e, 0xef, 0x9f, 0xef, 0x7e, 0xef, 0x7e, 0xef,
    0x5e, 0xe7, 0x7e, 0xe7, 0x5e, 0xe7, 0xfd, 0xde, 0x20, 0x00, 0x61, 0x08, 0x20, 0x00, 0x00, 0x00,
    0x00, 0x00, 0x00, 0x00, 0x20, 0x00, 0x41, 0x00, 0x20, 0x00, 0x3d, 0xdf, 0x7e, 0xef, 0x7e, 0xef,
    0x7e, 0xef, 0x9f, 0xef, 0x9e, 0xef, 0x9e, 0xef, 0x9e, 0xef, 0x9f, 0xef, 0x9f, 0xef, 0x9f, 0xef,
    0x9e, 0xef, 0x9f, 0xef, 0x9f, 0xef, 0x9e, 0xef, 0x7e, 0xef, 0x9f, 0xef, 0x7e, 0xef, 0x7e, 0xef,
    0x5e, 0xe7, 0x7e, 0xe7, 0x5e, 0xe7, 0xfd, 0xde, 0x20, 0x00, 0x61, 0x08, 0x20, 0x00, 0x00, 0x00,
    0x00, 0x00, 0x00, 0x00, 0x20, 0x00, 0x41, 0x00, 0x20, 0x00, 0x3d, 0xdf, 0x7e, 0xef, 0x7e, 0xef,
    0x7e, 0xef, 0x9f, 0xef, 0x9e, 0xef, 0x9e, 0xef, 0x9e, 0xef, 0x9f, 0xef, 0x9f, 0xef, 0x9f, 0xef,
    0x9e, 0xef, 0x9f, 0xef, 0x9f, 0xef, 0x9e, 0xef, 0x7e, 0xef, 0x9f, 0xef, 0x7e, 0xef, 0x7e, 0xef,
    0x5e, 0xe7, 0x7e, 0xe7, 0x5e, 0xe7, 0xfd, 0xde, 0x20, 0x00, 0x61, 0x08, 0x20, 0x00, 0x00, 0x00,
    0x00, 0x00, 0x00, 0x00, 0x20, 0x00, 0x41, 0x00, 0x20, 0x00, 0x3d, 0xdf, 0x7e, 0xef, 0x7e, 0xef,
    0x7e, 0xef, 0x9f, 0xef, 0x9e, 0xef, 0x9e, 0xef, 0x9e, 0xef, 0x9f, 0xef, 0x9f, 0xef, 0x9f, 0xef,
    0x9e, 0xef, 0x9f, 0xef, 0x9f, 0xef, 0x9e, 0xef, 0x7e, 0xef, 0x9f, 0xef, 0x7e, 0xef, 0x7e, 0xef,
    0x5e, 0xe7, 0x7e, 0xe7, 0x5e, 0xe7, 0xfd, 0xde, 0x20, 0x00, 0x61, 0x08, 0x20, 0x00, 0x00, 0x00,
    0x00, 0x00, 0x00, 0x00, 0x20, 0x00, 0x00, 0x00, 0x00, 0x00, 0x00, 0x00, 0x00, 0x00, 0x00, 0x00,
    0x7e, 0xef, 0x9f, 0xef, 0x9e, 0xef, 0x9e, 0xef, 0x9e, 0xef, 0x9f, 0xef, 0x9f, 0xef, 0x9f, 0xef,
    0x9e, 0xef, 0x9f, 0xef, 0x9f, 0xef, 0x9e, 0xef, 0x7e, 0xef, 0x9f, 0xef, 0x7e, 0xef, 0x7e, 0xef,
    0x5e, 0xe7, 0x00, 0x00, 0x00, 0x00, 0x00, 0x00, 0x00, 0x00, 0x00, 0x00, 0x20, 0x00, 0x00, 0x00,
    0x00, 0x00, 0x00, 0x00, 0x20, 0x00, 0x41, 0x00, 0x00, 0x00, 0x00, 0x00, 0x00, 0x00, 0x00, 0x00,
    0x7e, 0xef, 0x9f, 0xef, 0x9e, 0xef, 0x9e, 0xef, 0x9e, 0xef, 0x9f, 0xef, 0x9f, 0xef, 0x9f, 0xef,
    0x9e, 0xef, 0x9f, 0xef, 0x9f, 0xef, 0x9e, 0xef, 0x7e, 0xef, 0x9f, 0xef, 0x7e, 0xef, 0x7e, 0xef,
    0x5e, 0xe7, 0x00, 0x00, 0x00, 0x00, 0x00, 0x00, 0x00, 0x00, 0x61, 0x08, 0x20, 0x00, 0x00, 0x00,
    0x00, 0x00, 0x00, 0x00, 0x20, 0x00, 0x41, 0x00, 0x20, 0x00, 0x3d, 0xdf, 0x7e, 0xef, 0x7e, 0xef,
    0x7e, 0xef, 0x9f, 0xef, 0x9e, 0xef, 0x9e, 0xef, 0x9e, 0xef, 0x9f, 0xef, 0x9f, 0xef, 0x9f, 0xef,
    0x9e, 0xef, 0x9f, 0xef, 0x9f, 0xef, 0x9e, 0xef, 0x7e, 0xef, 0x9f, 0xef, 0x7e, 0xef, 0x7e, 0xef,
    0x5e, 0xe7, 0x7e, 0xe7, 0x5e, 0xe7, 0xfd, 0xde, 0x20, 0x00, 0x61, 0x08, 0x20, 0x00, 0x00, 0x00,
    0x00, 0x00, 0x00, 0x00, 0x20, 0x00, 0x41, 0x00, 0x20, 0x00, 0x3d, 0xdf, 0x7e, 0xef, 0x7e, 0xef,
    0x7e, 0xef, 0x9f, 0xef, 0x9e, 0xef, 0x9e, 0xef, 0x9e, 0xef, 0x9f, 0xef, 0x9f, 0xef, 0x9f, 0xef,
    0x9e, 0xef, 0x9f, 0xef, 0x9f, 0xef, 0x9e, 0xef, 0x7e, 0xef, 0x9f, 0xef, 0x7e, 0xef, 0x7e, 0xef,
    0x5e, 0xe7, 0x7e, 0xe7, 0x5e, 0xe7, 0xfd, 0xde, 0x20, 0x00, 0x61, 0x08, 0x20, 0x00, 0x00, 0x00,
    0x00, 0x00, 0x00, 0x00, 0x20, 0x00, 0x41, 0x00, 0x20, 0x00, 0x3d, 0xdf, 0x7e, 0xef, 0x7e, 0xef,
    0x7e, 0xef, 0x9f, 0xef, 0x9e, 0xef, 0x9e, 0xef, 0x9e, 0xef, 0x9f, 0xef, 0x9f, 0xef, 0x9f, 0xef,
    0x9e, 0xef, 0x9f, 0xef, 0x9f, 0xef, 0x9e, 0xef, 0x7e, 0xef, 0x9f, 0xef, 0x7e, 0xef, 0x7e, 0xef,
    0x5e, 0xe7, 0x7e, 0xe7, 0x5e, 0xe7, 0xfd, 0xde, 0x20, 0x00, 0x61, 0x08, 0x20, 0x00, 0x00, 0x00,
    0x00, 0x00, 0x00, 0x00, 0x20, 0x00, 0x41, 0x00, 0x20, 0x00, 0x3d, 0xdf, 0x7e, 0xef, 0x7e, 0xef,
    0x7e, 0xef, 0x9f, 0xef, 0x9e, 0xef, 0x9e, 0xef, 0x9e, 0xef, 0x9f, 0xef, 0x9f, 0xef, 0x9f, 0xef,
    0x9e, 0xef, 0x9f, 0xef, 0x9f, 0xef, 0x9e, 0xef, 0x7e, 0xef, 0x9f, 0xef, 0x7e, 0xef, 0x7e, 0xef,
    0x5e, 0xe7, 0x7e, 0xe7, 0x5e, 0xe7, 0xfd, 0xde, 0x20, 0x00, 0x61, 0x08, 0x20, 0x00, 0x00, 0x00,
    0x00, 0x00, 0x00, 0x00, 0x20, 0x00, 0x41, 0x00, 0x20, 0x00, 0x3d, 0xdf, 0x7e, 0xef, 0x7e, 0xef,
    0x7e, 0xef, 0x9f, 0xef, 0x9e, 0xef, 0x9e, 0xef, 0x9e, 0xef, 0x9f, 0xef, 0x9f, 0xef, 0x9f, 0xef,
    0x9e, 0xef, 0x9f, 0xef, 0x9f, 0xef, 0x9e, 0xef, 0x7e, 0xef, 0x9f, 0xef, 0x7e, 0xef, 0x7e, 0xef,
    0x5e, 0xe7, 0x7e, 0xe7, 0x5e, 0xe7, 0xfd, 0xde, 0x20, 0x00, 0x61, 0x08, 0x20, 0x00, 0x00, 0x00,
    0x00, 0x00, 0x00, 0x00, 0x20, 0x00, 0x00, 0x00, 0x20, 0x00, 0x3d, 0xdf, 0x7e, 0xef, 0x7e, 0xef,
    0x7e, 0xef, 0x9f, 0xef, 0x9e, 0xef, 0x9e, 0xef, 0x9e, 0xef, 0x9f, 0xef, 0x9f, 0xef, 0x9f, 0xef,
    0x9e, 0xef, 0x9f, 0xef, 0x9f, 0xef, 0x9e, 0xef, 0x7e, 0xef, 0x9f, 0xef, 0x7e, 0xef, 0x00, 0x00,
    0x5e, 0xe7, 0x7e, 0xe7, 0x5e, 0xe7, 0xfd, 0xde, 0x20, 0x00, 0x61, 0x08, 0x20, 0x00, 0x00, 0x00,
    0x00, 0x00, 0x00, 0x00, 0x20, 0x00, 0x41, 0x00, 0x20, 0x00, 0x3d, 0xdf, 0x7e, 0xef, 0x7e, 0xef,
    0x7e, 0xef, 0x9f, 0xef, 0x9e, 0xef, 0x9e, 0xef, 0x9e, 0xef, 0x9f, 0xef, 0x9f, 0xef, 0x9f, 0xef,
    0x9e, 0xef, 0x9f, 0xef, 0x9f, 0xef, 0x9e, 0xef, 0x7e, 0xef, 0x9f, 0xef, 0x7e, 0xef, 0x7e, 0xef,
    0x5e, 0xe7, 0x7e, 0xe7, 0x5e, 0xe7, 0xfd, 0xde, 0x20, 0x00, 0x61, 0x08, 0x20, 0x00, 0x00, 0x00,
    0x00, 0x00, 0x00, 0x00, 0x20, 0x00, 0x41, 0x00, 0x20, 0x00, 0x3d, 0xdf, 0x7e, 0xef, 0x7e, 0xef,
    0x7e, 0xef, 0x9f, 0xef, 0x9e, 0xef, 0x9e, 0xef, 0x9e, 0xef, 0x9f, 0xef, 0x9f, 0xef, 0x9f, 0xef,
    0x9e, 0xef, 0x9f, 0xef, 0x9f, 0xef, 0x9e, 0xef, 0x7e, 0xef, 0x9f, 0xef, 0x7e, 0xef, 0x7e, 0xef,
    0x5e, 0xe7, 0x7e, 0xe7, 0x5e, 0xe7, 0xfd, 0xde, 0x20, 0x00, 0x61, 0x08, 0x20, 0x00, 0x00, 0x00,
    0x00, 0x00, 0x00, 0x00, 0x20, 0x00, 0x41, 0x00, 0x20, 0x00, 0x3d, 0xdf, 0x7e, 0xef, 0x7e, 0xef,
    0x7e, 0xef, 0x9f, 0xef, 0x9e, 0xef, 0x9e, 0xef, 0x9e, 0xef, 0x9f, 0xef, 0x9f, 0xef, 0x9f, 0xef,
    0x9e, 0xef, 0x9f, 0xef, 0x9f, 0xef, 0x9e, 0xef, 0x7e, 0xef, 0x9f, 0xef, 0x7e, 0xef, 0x7e, 0xef,
    0x5e, 0xe7, 0x7e, 0xe7, 0x5e, 0xe7, 0xfd, 0xde, 0x20, 0x00, 0x61, 0x08, 0x20, 0x00, 0x00, 0x00,
    0x00, 0x00, 0x00, 0x00, 0x20, 0x00, 0x41, 0x00, 0x20, 0x00, 0x3d, 0xdf, 0x7e, 0xef, 0x7e, 0xef,
    0x7e, 0xef, 0x9f, 0xef, 0x9e, 0xef, 0x9e, 0xef, 0x9e, 0xef, 0x9f, 0xef, 0x9f, 0xef, 0x9f, 0xef,
    0x9e, 0xef, 0x9f, 0xef, 0x9f, 0xef, 0x9e, 0xef, 0x7e, 0xef, 0x9f, 0xef, 0x7e, 0xef, 0x7e, 0xef,
    0x5e, 0xe7, 0x7e, 0xe7, 0x5e, 0xe7, 0xfd, 0xde, 0x20, 0x00, 0x61, 0x08, 0x20, 0x00, 0x00, 0x00,
    0x00, 0x00, 0x00, 0x00, 0x20, 0x00, 0x41, 0x00, 0x20, 0x00, 0x3d, 0xdf, 0x7e, 0xef, 0x7e, 0xef,
    0x7e, 0xef, 0x9f, 0xef, 0x9e, 0xef, 0x9e, 0xef, 0x9e, 0xef, 0x9f, 0xef, 0x9f, 0xef, 0x9f, 0xef,
    0x9e, 0xef, 0x9f, 0xef, 0x9f, 0xef, 0x9e, 0xef, 0x7e, 0xef, 0x9f, 0xef, 0x7e, 0xef, 0x7e, 0xef,
    0x5e, 0xe7, 0x7e, 0xe7, 0x5e, 0xe7, 0xfd, 0xde, 0x20, 0x00, 0x61, 0x08, 0x20, 0x00, 0x00, 0x00,
    0x00, 0x00, 0x00, 0x00, 0x20, 0x00, 0x41, 0x00, 0x20, 0x00, 0x3d, 0xdf, 0x7e, 0xef, 0x7e, 0xef,
    0x7e, 0xef, 0x9f, 0xef, 0x9e, 0xef, 0x9e, 0xef, 0x9e, 0xef, 0x9f, 0xef, 0x9f, 0xef, 0x9f, 0xef,
    0x9e, 0xef, 0x9f, 0xef, 0x9f, 0xef, 0x9e, 0xef, 0x7e, 0xef, 0x9f, 0xef, 0x7e, 0xef, 0x7e, 0xef,
    0x5e, 0xe7, 0x7e, 0xe7, 0x5e, 0xe7, 0xfd, 0xde, 0x20, 0x00, 0x61, 0x08, 0x20, 0x00, 0x00, 0x00,
    0x00, 0x00, 0x00, 0x00, 0x20, 0x00, 0x41, 0x00, 0x20, 0x00, 0x3d, 0xdf, 0x7e, 0xef, 0x7e, 0xef,
    0x7e, 0xef, 0x9f, 0xef, 0x9e, 0xef, 0x9e, 0xef, 0x9e, 0xef, 0x9f, 0xef, 0x9f, 0xef, 0x9f, 0xef,
    0x9e, 0xef, 0x9f, 0xef, 0x9f, 0xef, 0x9e, 0xef, 0x7e, 0xef, 0x9f, 0xef, 0x7e, 0xef, 0x7e, 0xef,
    0x5e, 0xe7, 0x7e, 0xe7, 0x5e, 0xe7, 0xfd, 0xde, 0x20, 0x00, 0x61, 0x08, 0x20, 0x00, 0x00, 0x00,
    0x00, 0x00, 0x00, 0x00, 0x20, 0x00, 0x41, 0x00, 0x20, 0x00, 0x3d, 0xdf, 0x7e, 0xef, 0x7e, 0xef,
    0x7e, 0xef, 0x9f, 0xef, 0x9e, 0xef, 0x9e, 0xef, 0x9e, 0xef, 0x9f, 0xef, 0x9f, 0xef, 0x9f, 0xef,
    0x9e, 0xef, 0x9f, 0xef, 0x9f, 0xef, 0x9e, 0xef, 0x7e, 0xef, 0x9f, 0xef, 0x7e, 0xef, 0x7e, 0xef,
    0x5e, 0xe7, 0x7e, 0xe7, 0x5e, 0xe7, 0xfd, 0xde, 0x20, 0x00, 0x61, 0x08, 0x20, 0x00, 0x00, 0x00,
    0x00, 0x00, 0x00, 0x00, 0x20, 0x00, 0x41, 0x00, 0x20, 0x00, 0x3d, 0xdf, 0x7e, 0xef, 0x7e, 0xef,
    0x7e, 0xef, 0x9f, 0xef, 0x9e, 0xef, 0x9e, 0xef, 0x9e, 0xef, 0x9f, 0xef, 0x9f, 0xef, 0x9f, 0xef,
    0x9e, 0xef, 0x9f, 0xef, 0x9f, 0xef, 0x9e, 0xef, 0x7e, 0xef, 0x9f, 0xef, 0x7e, 0xef, 0x7e, 0xef,
    0x5e, 0xe7, 0x7e, 0xe7, 0x5e, 0xe7, 0xfd, 0xde, 0x20, 0x00, 0x61, 0x08, 0x20, 0x00, 0x00, 0x00,
    0x00, 0x00, 0x00, 0x00, 0x20, 0x00, 0x41, 0x00, 0x20, 0x00, 0x3d, 0xdf, 0x7e, 0xef, 0x7e, 0xef,
    0x7e, 0xef, 0x9f, 0xef, 0x9e, 0xef, 0x9e, 0xef, 0x9e, 0xef, 0x9f, 0xef, 0x9f, 0xef, 0x9f, 0xef,
    0x9e, 0xef, 0x9f, 0xef, 0x9f, 0xef, 0x9e, 0xef, 0x7e, 0xef, 0x9f, 0xef, 0x7e, 0xef, 0x7e, 0xef,
    0x5e, 0xe7, 0x7e, 0xe7, 0x5e, 0xe7, 0xfd, 0xde, 0x20, 0x00, 0x61, 0x08, 0x20, 0x00, 0x00, 0x00,
    0x00, 0x00, 0x00, 0x00, 0x00, 0x00, 0x20, 0x00, 0x61, 0x08, 0x65, 0x29, 0x5e, 0xe7, 0x7e, 0xef,
    0x7e, 0xef, 0x7e, 0xef, 0x9f, 0xef, 0x9e, 0xef, 0x9e, 0xef, 0x7e, 0xef, 0x9f, 0xef, 0x9f, 0xef,
    0x9e, 0xef, 0x7e, 0xef, 0x9f, 0xef, 0x9e, 0xef, 0x7e, 0xef, 0x7e, 0xef, 0x7e, 0xef, 0x7e, 0xe7,
    0x5e, 0xe7, 0x3e, 0xe7, 0x5e, 0xe7, 0x85, 0x29, 0x61, 0x08, 0x00, 0x00, 0x00, 0x00, 0x00, 0x00,
    0x00, 0x00, 0x00, 0x00, 0x00, 0x00, 0x20, 0x00, 0x61, 0x08, 0x65, 0x29, 0x5e, 0xe7, 0x7e, 0xef,
    0x7e, 0xef, 0x7e, 0xef, 0x9f, 0xef, 0x9e, 0xef, 0x9e, 0xef, 0x7e, 0xef, 0x9f, 0xef, 0x9f, 0xef,
    0x9e, 0xef, 0x7e, 0xef, 0x9f, 0xef, 0x9e, 0xef, 0x7e, 0xef, 0x7e, 0xef, 0x7e, 0xef, 0x7e, 0xe7,
    0x5e, 0xe7, 0x3e, 0xe7, 0x5e, 0xe7, 0x85, 0x29, 0x61, 0x08, 0x00, 0x00, 0x00, 0x00, 0x00, 0x00,
    0x00, 0x00, 0x00, 0x00, 0x00, 0x00, 0x20, 0x00, 0x61, 0x08, 0x65, 0x29, 0x5e, 0xe7, 0x7e, 0xef,
    0x7e, 0xef, 0x7e, 0xef, 0x9f, 0xef, 0x9e, 0xef, 0x9e, 0xef, 0x7e, 0xef, 0x9f, 0xef, 0x9f, 0xef,
    0x9e, 0xef, 0x7e, 0xef, 0x9f, 0xef, 0x9e, 0xef, 0x7e, 0xef, 0x7e, 0xef, 0x7e, 0xef, 0x7e, 0xe7,
    0x5e, 0xe7, 0x3e, 0xe7, 0x5e, 0xe7, 0x85, 0x29, 0x61, 0x08, 0x00, 0x00, 0x00, 0x00, 0x00, 0x00,
    0x00, 0x00, 0x00, 0x00, 0x00, 0x00, 0x20, 0x00, 0x61, 0x08, 0x65, 0x29, 0x5e, 0xe7, 0x7e, 0xef,
    0x7e, 0xef, 0x7e, 0xef, 0x9f, 0xef, 0x9e, 0xef, 0x9e, 0xef, 0x7e, 0xef, 0x9f, 0xef, 0x9f, 0xef,
    0x9e, 0xef, 0x7e, 0xef, 0x9f, 0xef, 0x9e, 0xef, 0x7e, 0xef, 0x7e, 0xef, 0x7e, 0xef, 0x7e, 0xe7,
    0x5e, 0xe7, 0x3e, 0xe7, 0x5e, 0xe7, 0x85, 0x29, 0x61, 0x08, 0x00, 0x00, 0x00, 0x00, 0x00, 0x00,
    0x00, 0x00, 0x00, 0x00, 0x00, 0x00, 0x20, 0x00, 0x61, 0x08, 0x65, 0x29, 0x5e, 0xe7, 0x7e, 0xef,
    0x7e, 0xef, 0x7e, 0xef, 0x9f, 0xef, 0x9e, 0xef, 0x9e, 0xef, 0x7e, 0xef, 0x9f, 0xef, 0x9f, 0xef,
    0x9e, 0xef, 0x7e, 0xef, 0x9f, 0xef, 0x9e, 0xef, 0x7e, 0xef, 0x7e, 0xef, 0x7e, 0xef, 0x7e, 0xe7,
    0x5e, 0xe7, 0x3e, 0xe7, 0x5e, 0xe7, 0x85, 0x29, 0x61, 0x08, 0x00, 0x00, 0x00, 0x00, 0x00, 0x00,
    0x00, 0x00, 0x00, 0x00, 0x00, 0x00, 0x20, 0x00, 0x61, 0x08, 0x65, 0x29, 0x5e, 0xe7, 0x7e, 0xef,
    0x7e, 0xef, 0x7e, 0xef, 0x9f, 0xef, 0x9e, 0xef, 0x9e, 0xef, 0x7e, 0xef, 0x9f, 0xef, 0x9f, 0xef,
    0x9e, 0xef, 0x7e, 0xef, 0x9f, 0xef, 0x9e, 0xef, 0x7e, 0xef, 0x7e, 0xef, 0x7e, 0xef, 0x7e, 0xe7,
    0x5e, 0xe7, 0x3e, 0xe7, 0x5e, 0xe7, 0x85, 0x29, 0x61, 0x08, 0x00, 0x00, 0x00, 0x00, 0x00, 0x00,
    0x00, 0x00, 0x00, 0x00, 0x00, 0x00, 0x20, 0x00, 0x61, 0x08, 0x65, 0x29, 0x5e, 0xe7, 0x7e, 0xef,
    0x7e, 0xef, 0x7e, 0xef, 0x9f, 0xef, 0x9e, 0xef, 0x9e, 0xef, 0x7e, 0xef, 0x9f, 0xef, 0x9f, 0xef,
    0x9e, 0xef, 0x7e, 0xef, 0x9f, 0xef, 0x9e, 0xef, 0x7e, 0xef, 0x7e, 0xef, 0x7e, 0xef, 0x7e, 0xe7,
    0x5e, 0xe7, 0x3e, 0xe7, 0x5e, 0xe7, 0x85, 0x29, 0x61, 0x08, 0x00, 0x00, 0x00, 0x00, 0x00, 0x00,
    0x00, 0x00, 0x00, 0x00, 0x00, 0x00, 0x20, 0x00, 0x61, 0x08, 0x65, 0x29, 0x5e, 0xe7, 0x7e, 0xef,
    0x7e, 0xef, 0x7e, 0xef, 0x9f, 0xef, 0x9e, 0xef, 0x9e, 0xef, 0x7e, 0xef, 0x9f, 0xef, 0x9f, 0xef,
    0x9e, 0xef, 0x7e, 0xef, 0x9f, 0xef, 0x9e, 0xef, 0x7e, 0xef, 0x7e, 0xef, 0x7e, 0xef, 0x7e, 0xe7,
    0x5e, 0xe7, 0x3e, 0xe7, 0x5e, 0xe7, 0x85, 0x29, 0x61, 0x08, 0x00, 0x00, 0x00, 0x00, 0x00, 0x00,
    0x00, 0x00, 0x00, 0x00, 0x00, 0x00, 0x20, 0x00, 0x61, 0x08, 0x65, 0x29, 0x5e, 0xe7, 0x7e, 0xef,
    0x7e, 0xef, 0x7e, 0xef, 0x9f, 0xef, 0x9e, 0xef, 0x9e, 0xef, 0x7e, 0xef, 0x9f, 0xef, 0x9f, 0xef,
    0x9e, 0xef, 0x7e, 0xef, 0x9f, 0xef, 0x9e, 0xef, 0x7e, 0xef, 0x7e, 0xef, 0x7e, 0xef, 0x7e, 0xe7,
    0x5e, 0xe7, 0x3e, 0xe7, 0x5e, 0xe7, 0x85, 0x29, 0x61, 0x08, 0x00, 0x00, 0x00, 0x00, 0x00, 0x00,
    0x00, 0x00, 0x00, 0x00, 0x00, 0x00, 0x20, 0x00, 0x61, 0x08, 0x65, 0x29, 0x5e, 0xe7, 0x7e, 0xef,
    0x7e, 0xef, 0x7e, 0xef, 0x9f, 0xef, 0x9e, 0xef, 0x9e, 0xef, 0x7e, 0xef, 0x9f, 0xef, 0x9f, 0xef,
    0x9e, 0xef, 0x7e, 0xef, 0x9f, 0xef, 0x9e, 0xef, 0x7e, 0xef, 0x7e, 0xef, 0x7e, 0xef, 0x7e, 0xe7,
    0x5e, 0xe7, 0x3e, 0xe7, 0x5e, 0xe7, 0x85, 0x29, 0x61, 0x08, 0x00, 0x00, 0x00, 0x00, 0x00, 0x00,
    0x00, 0x00, 0x00, 0x00, 0x00, 0x00, 0x20, 0x00, 0x61, 0x08, 0x65, 0x29, 0x5e, 0xe7, 0x7e, 0xef,
    0x7e, 0xef, 0x7e, 0xef, 0x9f, 0xef, 0x9e, 0xef, 0x9e, 0xef, 0x7e, 0xef, 0x9f, 0xef, 0x9f, 0xef,
    0x9e, 0xef, 0x7e, 0xef, 0x9f, 0xef, 0x9e, 0xef, 0x7e, 0xef, 0x7e, 0xef, 0x7e, 0xef, 0x7e, 0xe7,
    0x5e, 0xe7, 0x3e, 0xe7, 0x5e, 0xe7, 0x85, 0x29, 0x61, 0x08, 0x00, 0x00, 0x00, 0x00, 0x00, 0x00,
    0x00, 0x00, 0x00, 0x00, 0x00, 0x00, 0x20, 0x00, 0x61, 0x08, 0x65, 0x29, 0x5e, 0xe7, 0x7e, 0xef,
    0x7e, 0xef, 0x7e, 0xef, 0x9f, 0xef, 0x9e, 0xef, 0x9e, 0xef, 0x7e, 0xef, 0x9f, 0xef, 0x9f, 0xef,
    0x9e, 0xef, 0x7e, 0xef, 0x9f, 0xef, 0x9e, 0xef, 0x7e, 0xef, 0x7e, 0xef, 0x7e, 0xef, 0x7e, 0xe7,
    0x5e, 0xe7, 0x3e, 0xe7, 0x5e, 0xe7, 0x85, 0x29, 0x61, 0x08, 0x00, 0x00, 0x00, 0x00, 0x00, 0x00,
    0x00, 0x00, 0x00, 0x00, 0x00, 0x00, 0x20, 0x00, 0x61, 0x08, 0x65, 0x29, 0x5e, 0xe7, 0x7e, 0xef,
    0x7e, 0xef, 0x7e, 0xef, 0x9f, 0xef, 0x9e, 0xef, 0x9e, 0xef, 0x7e, 0xef, 0x9f, 0xef, 0x9f, 0xef,
    0x9e, 0xef, 0x7e, 0xef, 0x9f, 0xef, 0x9e, 0xef, 0x7e, 0xef, 0x7e, 0xef, 0x7e, 0xef, 0x7e, 0xe7,
    0x5e, 0xe7, 0x3e, 0xe7, 0x5e, 0xe7, 0x85, 0x29, 0x61, 0x08, 0x00, 0x00, 0x00, 0x00, 0x00, 0x00,
    0x00, 0x00, 0x00, 0x00, 0x00, 0x00, 0x20, 0x00, 0x61, 0x08, 0x65, 0x29, 0x5e, 0xe7, 0x7e, 0xef,
    0x7e, 0xef, 0x7e, 0xef, 0x9f, 0xef, 0x9e, 0xef, 0x9e, 0xef, 0x7e, 0xef, 0x9f, 0xef, 0x9f, 0xef,
    0x9e, 0xef, 0x7e, 0xef, 0x9f, 0xef, 0x9e, 0xef, 0x7e, 0xef, 0x7e, 0xef, 0x7e, 0xef, 0x7e, 0xe7,
    0x5e, 0xe7, 0x3e, 0xe7, 0x5e, 0xe7, 0x85, 0x29, 0x61, 0x08, 0x00, 0x00, 0x00, 0x00, 0x00, 0x00,
    0x00, 0x00, 0x00, 0x00, 0x00, 0x00, 0x20, 0x00, 0x61, 0x08, 0x65, 0x29, 0x5e, 0xe7, 0x7e, 0xef,
    0x7e, 0xef, 0x7e, 0xef, 0x9f, 0xef, 0x9e, 0xef, 0x9e, 0xef, 0x7e, 0xef, 0x9f, 0xef, 0x9f, 0xef,
    0x9e, 0xef, 0x7e, 0xef, 0x9f, 0xef, 0x9e, 0xef, 0x7e, 0xef, 0x7e, 0xef, 0x7e, 0xef, 0x7e, 0xe7,
    0x5e, 0xe7, 0x3e, 0xe7, 0x5e, 0xe7, 0x85, 0x29, 0x61, 0x08, 0x00, 0x00, 0x00, 0x00, 0x00, 0x00,
    0x00, 0x00, 0x00, 0x00, 0x00, 0x00, 0x20, 0x00, 0x61, 0x08, 0x65, 0x29, 0x5e, 0xe7, 0x7e, 0xef,
    0x7e, 0xef, 0x7e, 0xef, 0x9f, 0xef, 0x9e, 0xef, 0x9e, 0xef, 0x7e, 0xef, 0x9f, 0xef, 0x9f, 0xef,
    0x9e, 0xef, 0x7e, 0xef, 0x9f, 0xef, 0x9e, 0xef, 0x7e, 0xef, 0x7e, 0xef, 0x7e, 0xef, 0x7e, 0xe7,
    0x5e, 0xe7, 0x3e, 0xe7, 0x5e, 0xe7, 0x85, 0x29, 0x61, 0x08, 0x00, 0x00, 0x00, 0x00, 0x00, 0x00,
    0x00, 0x00, 0x00, 0x00, 0x00, 0x00, 0x20, 0x00, 0x61, 0x08, 0x65, 0x29, 0x5e, 0xe7, 0x7e, 0xef,
    0x7e, 0xef, 0x7e, 0xef, 0x9f, 0xef, 0x9e, 0xef, 0x9e, 0xef, 0x7e, 0xef, 0x9f, 0xef, 0x9f, 0xef,
    0x9e, 0xef, 0x7e, 0xef, 0x9f, 0xef, 0x9e, 0xef, 0x7e, 0xef, 0x7e, 0xef, 0x7e, 0xef, 0x7e, 0xe7,
    0x5e, 0xe7, 0x3e, 0xe7, 0x5e, 0xe7, 0x85, 0x29, 0x61, 0x08, 0x00, 0x00, 0x00, 0x00, 0x00, 0x00,
    0x00, 0x00, 0x00, 0x00, 0x00, 0x00, 0x20, 0x00, 0x61, 0x08, 0x65, 0x29, 0x5e, 0xe7, 0x7e, 0xef,
    0x7e, 0xef, 0x7e, 0xef, 0x9f, 0xef, 0x9e, 0xef, 0x9e, 0xef, 0x7e, 0xef, 0x9f, 0xef, 0x9f, 0xef,
    0x9e, 0xef, 0x7e, 0xef, 0x9f, 0xef, 0x9e, 0xef, 0x7e, 0xef, 0x7e, 0xef, 0x7e, 0xef, 0x7e, 0xe7,
    0x5e, 0xe7, 0x3e, 0xe7, 0x5e, 0xe7, 0x85, 0x29, 0x61, 0x08, 0x00, 0x00, 0x00, 0x00, 0x00, 0x00,
    0x00, 0x00, 0x00, 0x00, 0x00, 0x00, 0x20, 0x00, 0x61, 0x08, 0x65, 0x29, 0x5e, 0xe7, 0x7e, 0xef,
    0x7e, 0xef, 0x7e, 0xef, 0x9f, 0xef, 0x9e, 0xef, 0x9e, 0xef, 0x7e, 0xef, 0x9f, 0xef, 0x9f, 0xef,
    0x9e, 0xef, 0x7e, 0xef, 0x9f, 0xef, 0x9e, 0xef, 0x7e, 0xef, 0x7e, 0xef, 0x7e, 0xef, 0x7e, 0xe7,
    0x5e, 0xe7, 0x3e, 0xe7, 0x5e, 0xe7, 0x85, 0x29, 0x61, 0x08, 0x00, 0x00, 0x00, 0x00, 0x00, 0x00,
    0x00, 0x00, 0x00, 0x00, 0x00, 0x00, 0x20, 0x00, 0x61, 0x08, 0x65, 0x29, 0x5e, 0xe7, 0x7e, 0xef,
    0x7e, 0xef, 0x7e, 0xef, 0x9f, 0xef, 0x9e, 0xef, 0x9e, 0xef, 0x7e, 0xef, 0x9f, 0xef, 0x9f, 0xef,
    0x9e, 0xef, 0x7e, 0xef, 0x9f, 0xef, 0x9e, 0xef, 0x7e, 0xef, 0x7e, 0xef, 0x7e, 0xef, 0x7e, 0xe7,
    0x5e, 0xe7, 0x3e, 0xe7, 0x5e, 0xe7, 0x85, 0x29, 0x61, 0x08, 0x00, 0x00, 0x00, 0x00, 0x00, 0x00,
    0x00, 0x00, 0x00, 0x00, 0x00, 0x00, 0x20, 0x00, 0x61, 0x08, 0x65, 0x29, 0x5e, 0xe7, 0x7e, 0xef,
    0x7e, 0xef, 0x7e, 0xef, 0x9f, 0xef, 0x9e, 0xef, 0x9e, 0xef, 0x7e, 0xef, 0x9f, 0xef, 0x9f, 0xef,
    0x9e, 0xef, 0x7e, 0xef, 0x9f, 0xef, 0x9e, 0xef, 0x7e, 0xef, 0x7e, 0xef, 0x7e, 0xef, 0x7e, 0xe7,
    0x5e, 0xe7, 0x3e, 0xe7, 0x5e, 0xe7, 0x85, 0x29, 0x61, 0x08, 0x00, 0x00, 0x00, 0x00, 0x00, 0x00,
    0x00, 0x00, 0x00, 0x00, 0x00, 0x00, 0x20, 0x00, 0x61, 0x08, 0x65, 0x29, 0x5e, 0xe7, 0x7e, 0xef,
    0x7e, 0xef, 0x7e, 0xef, 0x9f, 0xef, 0x9e, 0xef, 0x9e, 0xef, 0x7e, 0xef, 0x9f, 0xef, 0x9f, 0xef,
    0x9e, 0xef, 0x7e, 0xef, 0x9f, 0xef, 0x9e, 0xef, 0x7e, 0xef, 0x7e, 0xef, 0x7e, 0xef, 0x7e, 0xe7,
    0x5e, 0xe7, 0x3e, 0xe7, 0x5e, 0xe7, 0x85, 0x29, 0x61, 0x08, 0x00, 0x00, 0x00, 0x00, 0x00, 0x00,
    0x00, 0x00, 0x00, 0x00, 0x00, 0x00, 0x20, 0x00, 0x61, 0x08, 0x65, 0x29, 0x5e, 0xe7, 0x7e, 0xef,
    0x7e, 0xef, 0x7e, 0xef, 0x9f, 0xef, 0x9e, 0xef, 0x9e, 0xef, 0x7e, 0xef, 0x9f, 0xef, 0x9f, 0xef,
    0x9e, 0xef, 0x7e, 0xef, 0x9f, 0xef, 0x9e, 0xef, 0x7e, 0xef, 0x7e, 0xef, 0x7e, 0xef, 0x7e, 0xe7,
    0x5e, 0xe7, 0x3e, 0xe7, 0x5e, 0xe7, 0x85, 0x29, 0x61, 0x08, 0x00, 0x00, 0x00, 0x00, 0x00, 0x00,
    0x00, 0x00, 0x00, 0x00, 0x00, 0x00, 0x20, 0x00, 0x61, 0x08, 0x65, 0x29, 0x5e, 0xe7, 0x7e, 0xef,
    0x7e, 0xef, 0x7e, 0xef, 0x9f, 0xef, 0x9e, 0xef, 0x9e, 0xef, 0x7e, 0xef, 0x9f, 0xef, 0x9f, 0xef,
    0x9e, 0xef, 0x7e, 0xef, 0x9f, 0xef, 0x9e, 0xef, 0x7e, 0xef, 0x7e, 0xef, 0x7e, 0xef, 0x7e, 0xe7,
    0x5e, 0xe7, 0x3e, 0xe7, 0x5e, 0xe7, 0x85, 0x29, 0x61, 0x08, 0x00, 0x00, 0x00, 0x00, 0x00, 0x00,
    0x00, 0x00, 0x00, 0x00, 0x00, 0x00, 0x20, 0x00, 0x61, 0x08, 0x65, 0x29, 0x5e, 0xe7, 0x7e, 0xef,
    0x7e, 0xef, 0x7e, 0xef, 0x9f, 0xef, 0x9e, 0xef, 0x9e, 0xef, 0x7e, 0xef, 0x9f, 0xef, 0x9f, 0xef,
    0x9e, 0xef, 0x7e, 0xef, 0x9f, 0xef, 0x9e, 0xef, 0x7e, 0xef, 0x7e, 0xef, 0x7e, 0xef, 0x7e, 0xe7,
    0x5e, 0xe7, 0x3e, 0xe7, 0x5e, 0xe7, 0x85, 0x29, 0x61, 0x08, 0x00, 0x00, 0x00, 0x00, 0x00, 0x00,
    0x00, 0x00, 0x00, 0x00, 0x00, 0x00, 0x00, 0x00, 0x61, 0x08, 0x65, 0x29, 0x00, 0x00, 0x00, 0x00,
    0x7e, 0xef, 0x7e, 0xef, 0x9f, 0xef, 0x9e, 0xef, 0x9e, 0xef, 0x7e, 0xef, 0x9f, 0xef, 0x9f, 0xef,
    0x9e, 0xef, 0x7e, 0xef, 0x9f, 0xef, 0x9e, 0xef, 0x7e, 0xef, 0x7e, 0xef, 0x7e, 0xef, 0x7e, 0xe7,
    0x5e, 0xe7, 0x00, 0x00, 0x00, 0x00, 0x85, 0x29, 0x61, 0x08, 0x00, 0x00, 0x00, 0x00, 0x00, 0x00,
    0x00, 0x00, 0x00, 0x00, 0x00, 0x00, 0x00, 0x00, 0x00, 0x00, 0x65, 0x29, 0x00, 0x00, 0x00, 0x00,
    0x7e, 0xef, 0x7e, 0xef, 0x9f, 0xef, 0x9e, 0xef, 0x9e, 0xef, 0x7e, 0xef, 0x9f, 0xef, 0x9f, 0xef,
    0x9e, 0xef, 0x7e, 0xef, 0x9f, 0xef, 0x9e, 0xef, 0x7e, 0xef, 0x7e, 0xef, 0x7e, 0xef, 0x7e, 0xe7,
    0x5e, 0xe7, 0x00, 0x00, 0x00, 0x00, 0x85, 0x29, 0x00, 0x00, 0x00, 0x00, 0x00, 0x00, 0x00, 0x00,
    0x00, 0x00, 0x00, 0x00, 0x00, 0x00, 0x20, 0x00, 0x61, 0x08, 0x65, 0x29, 0x5e, 0xe7, 0x7e, 0xef,
    0x7e, 0xef, 0x7e, 0xef, 0x9f, 0xef, 0x9e, 0xef, 0x9e, 0xef, 0x7e, 0xef, 0x9f, 0xef, 0x9f, 0xef,
    0x9e, 0xef, 0x7e, 0xef, 0x9f, 0xef, 0x9e, 0xef, 0x7e, 0xef, 0x7e, 0xef, 0x7e, 0xef, 0x7e, 0xe7,
    0x5e, 0xe7, 0x3e, 0xe7, 0x5e, 0xe7, 0x85, 0x29, 0x61, 0x08, 0x00, 0x00, 0x00, 0x00, 0x00, 0x00,
    0x00, 0x00, 0x00, 0x00, 0x00, 0x00, 0x20, 0x00, 0x61, 0x08, 0x65, 0x29, 0x5e, 0xe7, 0x7e, 0xef,
    0x7e, 0xef, 0x7e, 0xef, 0x9f, 0xef, 0x9e, 0xef, 0x9e, 0xef, 0x7e, 0xef, 0x9f, 0xef, 0x9f, 0xef,
    0x9e, 0xef, 0x7e, 0xef, 0x9f, 0xef, 0x9e, 0xef, 0x7e, 0xef, 0x7e, 0xef, 0x7e, 0xef, 0x7e, 0xe7,
    0x5e, 0xe7, 0x3e, 0xe7, 0x5e, 0xe7, 0x85, 0x29, 0x61, 0x08, 0x00, 0x00, 0x00, 0x00, 0x00, 0x00,
    0x00, 0x00, 0x00, 0x00, 0x00, 0x00, 0x20, 0x00, 0x61, 0x08, 0x65, 0x29, 0x5e, 0xe7, 0x7e, 0xef,
    0x7e, 0xef, 0x7e, 0xef, 0x9f, 0xef, 0x9e, 0xef, 0x9e, 0xef, 0x7e, 0xef, 0x9f, 0xef, 0x9f, 0xef,
    0x9e, 0xef, 0x7e, 0xef, 0x9f, 0xef, 0x9e, 0xef, 0x7e, 0xef, 0x7e, 0xef, 0x7e, 0xef, 0x7e, 0xe7,
    0x5e, 0xe7, 0x3e, 0xe7, 0x5e, 0xe7, 0x85, 0x29, 0x61, 0x08, 0x00, 0x00, 0x00, 0x00, 0x00, 0x00,
    0x00, 0x00, 0x00, 0x00, 0x00, 0x00, 0x20, 0x00, 0x61, 0x08, 0x65, 0x29, 0x5e, 0xe7, 0x7e, 0xef,
    0x7e, 0xef, 0x7e, 0xef, 0x9f, 0xef, 0x9e, 0xef, 0x9e, 0xef, 0x7e, 0xef, 0x9f, 0xef, 0x9f, 0xef,
    0x9e, 0xef, 0x7e, 0xef, 0x9f, 0xef, 0x9e, 0xef, 0x7e, 0xef, 0x7e, 0xef, 0x7e, 0xef, 0x7e, 0xe7,
    0x5e, 0xe7, 0x3e, 0xe7, 0x5e, 0xe7, 0x85, 0x29, 0x61, 0x08, 0x00, 0x00, 0x00, 0x00, 0x00, 0x00,
    0x00, 0x00, 0x00, 0x00, 0x00, 0x00, 0x20, 0x00, 0x61, 0x08, 0x65, 0x29, 0x5e, 0xe7, 0x7e, 0xef,
    0x7e, 0xef, 0x7e, 0xef, 0x9f, 0xef, 0x9e, 0xef, 0x9e, 0xef, 0x7e, 0xef, 0x9f, 0xef, 0x9f, 0xef,
    0x9e, 0xef, 0x7e, 0xef, 0x9f, 0xef, 0x9e, 0xef, 0x7e, 0xef, 0x7e, 0xef, 0x7e, 0xef, 0x7e, 0xe7,
    0x5e, 0xe7, 0x3e, 0xe7, 0x5e, 0xe7, 0x85, 0x29, 0x61, 0x08, 0x00, 0x00, 0x00, 0x00, 0x00, 0x00,
    0x00, 0x00, 0x00, 0x00, 0x00, 0x00, 0x00, 0x00, 0x61, 0x08, 0x65, 0x29, 0x00, 0x00, 0x00, 0x00,
    0x7e, 0xef, 0x7e, 0xef, 0x9f, 0xef, 0x9e, 0xef, 0x9e, 0xef, 0x7e, 0xef, 0x9f, 0xef, 0x9f, 0xef,
    0x9e, 0xef, 0x7e, 0xef, 0x9f, 0xef, 0x9e, 0xef, 0x7e, 0xef, 0x7e, 0xef, 0x7e, 0xef, 0x7e, 0xe7,
    0x5e, 0xe7, 0x00, 0x00, 0x00, 0x00, 0x85, 0x29, 0x61, 0x08, 0x00, 0x00, 0x00, 0x00, 0x00, 0x00,
    0x00, 0x00, 0x00, 0x00, 0x00, 0x00, 0x00, 0x00, 0x00, 0x00, 0x65, 0x29, 0x00, 0x00, 0x00, 0x00,
    0x7e, 0xef, 0x7e, 0xef, 0x9f, 0xef, 0x9e, 0xef, 0x9e, 0xef, 0x7e, 0xef, 0x9f, 0xef, 0x9f, 0xef,
    0x9e, 0xef, 0x7e, 0xef, 0x9f, 0xef, 0x9e, 0xef, 0x7e, 0xef, 0x7e, 0xef, 0x7e, 0xef, 0x7e, 0xe7,
    0x5e, 0xe7, 0x00, 0x00, 0x00, 0x00, 0x85, 0x29, 0x00, 0x00, 0x00, 0x00, 0x00, 0x00, 0x00, 0x00,
    0x00, 0x00, 0x00, 0x00, 0x00, 0x00, 0x20, 0x00, 0x61, 0x08, 0x65, 0x29, 0x5e, 0xe7, 0x7e, 0xef,
    0x7e, 0xef, 0x7e, 0xef, 0x9f, 0xef, 0x9e, 0xef, 0x9e, 0xef, 0x7e, 0xef, 0x9f, 0xef, 0x9f, 0xef,
    0x9e, 0xef, 0x7e, 0xef, 0x9f, 0xef, 0x9e, 0xef, 0x7e, 0xef, 0x7e, 0xef, 0x7e, 0xef, 0x7e, 0xe7,
    0x5e, 0xe7, 0x3e, 0xe7, 0x5e, 0xe7, 0x85, 0x29, 0x61, 0x08, 0x00, 0x00, 0x00, 0x00, 0x00, 0x00,
    0x00, 0x00, 0x00, 0x00, 0x00, 0x00, 0x20, 0x00, 0x61, 0x08, 0x65, 0x29, 0x5e, 0xe7, 0x7e, 0xef,
    0x7e, 0xef, 0x7e, 0xef, 0x9f, 0xef, 0x9e, 0xef, 0x9e, 0xef, 0x7e, 0xef, 0x9f, 0xef, 0x9f, 0xef,
    0x9e, 0xef, 0x7e, 0xef, 0x9f, 0xef, 0x9e, 0xef, 0x7e, 0xef, 0x7e, 0xef, 0x7e, 0xef, 0x7e, 0xe7,
    0x5e, 0xe7, 0x3e, 0xe7, 0x5e, 0xe7, 0x85, 0x29, 0x61, 0x08, 0x00, 0x00, 0x00, 0x00, 0x00, 0x00,
    0x00, 0x00, 0x00, 0x00, 0x00, 0x00, 0x20, 0x00, 0x61, 0x08, 0x65, 0x29, 0x5e, 0xe7, 0x7e, 0xef,
    0x7e, 0xef, 0x7e, 0xef, 0x9f, 0xef, 0x9e, 0xef, 0x9e, 0xef, 0x7e, 0xef, 0x9f, 0xef, 0x9f, 0xef,
    0x9e, 0xef, 0x7e, 0xef, 0x9f, 0xef, 0x9e, 0xef, 0x7e, 0xef, 0x7e, 0xef, 0x7e, 0xef, 0x7e, 0xe7,
    0x5e, 0xe7, 0x3e, 0xe7, 0x5e, 0xe7, 0x85, 0x29, 0x61, 0x08, 0x00, 0x00, 0x00, 0x00, 0x00, 0x00,
    0x00, 0x00, 0x00, 0x00, 0x00, 0x00, 0x20, 0x00, 0x61, 0x08, 0x65, 0x29, 0x5e, 0xe7, 0x7e, 0xef,
    0x7e, 0xef, 0x7e, 0xef, 0x9f, 0xef, 0x9e, 0xef, 0x9e, 0xef, 0x7e, 0xef, 0x9f, 0xef, 0x9f, 0xef,
    0x9e, 0xef, 0x7e, 0xef, 0x9f, 0xef, 0x9e, 0xef, 0x7e, 0xef, 0x7e, 0xef, 0x7e, 0xef, 0x7e, 0xe7,
    0x5e, 0xe7, 0x3e, 0xe7, 0x5e, 0xe7, 0x85, 0x29, 0x61, 0x08, 0x00, 0x00, 0x00, 0x00, 0x00, 0x00,
    0x00, 0x00, 0x00, 0x00, 0x00, 0x00, 0x20, 0x00, 0x61, 0x08, 0x65, 0x29, 0x5e, 0xe7, 0x7e, 0xef,
    0x7e, 0xef, 0x7e, 0xef, 0x9f, 0xef, 0x9e, 0xef, 0x9e, 0xef, 0x7e, 0xef, 0x9f, 0xef, 0x9f, 0xef,
    0x9e, 0xef, 0x7e, 0xef, 0x9f, 0xef, 0x9e, 0xef, 0x7e, 0xef, 0x7e, 0xef, 0x7e, 0xef, 0x7e, 0xe7,
    0x5e, 0xe7, 0x3e, 0xe7, 0x5e, 0xe7, 0x85, 0x29, 0x61, 0x08, 0x00, 0x00, 0x00, 0x00, 0x00, 0x00,
    0x00, 0x00, 0x00, 0x00, 0x00, 0x00, 0x00, 0x00, 0x61, 0x08, 0x65, 0x29, 0x5e, 0xe7, 0x7e, 0xef,
    0x7e, 0xef, 0x7e, 0xef, 0x9f, 0xef, 0x9e, 0xef, 0x9e, 0xef, 0x7e, 0xef, 0x9f, 0xef, 0x9f, 0xef,
    0x9e, 0xef, 0x7e, 0xef, 0x9f, 0xef, 0x9e, 0xef, 0x7e, 0xef, 0x7e, 0xef, 0x7e, 0xef, 0x00, 0x00,
    0x5e, 0xe7, 0x3e, 0xe7, 0x5e, 0xe7, 0x85, 0x29, 0x61, 0x08, 0x00, 0x00, 0x00, 0x00, 0x00, 0x00,
    0x00, 0x00, 0x00, 0x00, 0x00, 0x00, 0x20, 0x00, 0x61, 0x08, 0x65, 0x29, 0x5e, 0xe7, 0x7e, 0xef,
    0x7e, 0xef, 0x7e, 0xef, 0x9f, 0xef, 0x9e, 0xef, 0x9e, 0xef, 0x7e, 0xef, 0x9f, 0xef, 0x9f, 0xef,
    0x9e, 0xef, 0x7e, 0xef, 0x9f, 0xef, 0x9e, 0xef, 0x7e, 0xef, 0x7e, 0xef, 0x7e, 0xef, 0x7e, 0xe7,
    0x5e, 0xe7, 0x3e, 0xe7, 0x5e, 0xe7, 0x85, 0x29, 0x61, 0x08, 0x00, 0x00, 0x00, 0x00, 0x00, 0x00,
    0x00, 0x00, 0x00, 0x00, 0x00, 0x00, 0x20, 0x00, 0x61, 0x08, 0x65, 0x29, 0x5e, 0xe7, 0x7e, 0xef,
    0x7e, 0xef, 0x7e, 0xef, 0x9f, 0xef, 0x9e, 0xef, 0x9e, 0xef, 0x7e, 0xef, 0x9f, 0xef, 0x9f, 0xef,
    0x9e, 0xef, 0x7e, 0xef, 0x9f, 0xef, 0x9e, 0xef, 0x7e, 0xef, 0x7e, 0xef, 0x7e, 0xef, 0x7e, 0xe7,
    0x5e, 0xe7, 0x3e, 0xe7, 0x5e, 0xe7, 0x85, 0x29, 0x61, 0x08, 0x00, 0x00, 0x00, 0x00, 0x00, 0x00,
    0x00, 0x00, 0x00, 0x00, 0x00, 0x00, 0x20, 0x00, 0x61, 0x08, 0x65, 0x29, 0x5e, 0xe7, 0x7e, 0xef,
    0x7e, 0xef, 0x7e, 0xef, 0x9f, 0xef, 0x9e, 0xef, 0x9e, 0xef, 0x7e, 0xef, 0x9f, 0xef, 0x9f, 0xef,
    0x9e, 0xef, 0x7e, 0xef, 0x9f, 0xef, 0x9e, 0xef, 0x7e, 0xef, 0x7e, 0xef, 0x7e, 0xef, 0x7e, 0xe7,
    0x5e, 0xe7, 0x3e, 0xe7, 0x5e, 0xe7, 0x85, 0x29, 0x61, 0x08, 0x00, 0x00, 0x00, 0x00, 0x00, 0x00,
    0x00, 0x00, 0x00, 0x00, 0x00, 0x00, 0x20, 0x00, 0x61, 0x08, 0x65, 0x29, 0x5e, 0xe7, 0x7e, 0xef,
    0x7e, 0xef, 0x7e, 0xef, 0x9f, 0xef, 0x9e, 0xef, 0x9e, 0xef, 0x7e, 0xef, 0x9f, 0xef, 0x9f, 0xef,
    0x9e, 0xef, 0x7e, 0xef, 0x9f, 0xef, 0x9e, 0xef, 0x7e, 0xef, 0x7e, 0xef, 0x7e, 0xef, 0x7e, 0xe7,
    0x5e, 0xe7, 0x3e, 0xe7, 0x5e, 0xe7, 0x85, 0x29, 0x61, 0x08, 0x00, 0x00, 0x00, 0x00, 0x00, 0x00,
    0x00, 0x00, 0x00, 0x00, 0x00, 0x00, 0x20, 0x00, 0x61, 0x08, 0x65, 0x29, 0x5e, 0xe7, 0x7e, 0xef,
    0x7e, 0xef, 0x7e, 0xef, 0x9f, 0xef, 0x9e, 0xef, 0x9e, 0xef, 0x7e, 0xef, 0x9f, 0xef, 0x9f, 0xef,
    0x9e, 0xef, 0x7e, 0xef, 0x9f, 0xef, 0x9e, 0xef, 0x7e, 0xef, 0x7e, 0xef, 0x7e, 0xef, 0x7e, 0xe7,
    0x5e, 0xe7, 0x3e, 0xe7, 0x5e, 0xe7, 0x85, 0x29, 0x61, 0x08, 0x00, 0x00, 0x00, 0x00, 0x00, 0x00,
    0x00, 0x00, 0x00, 0x00, 0x00, 0x00, 0x20, 0x00, 0x61, 0x08, 0x65, 0x29, 0x5e, 0xe7, 0x7e, 0xef,
    0x7e, 0xef, 0x7e, 0xef, 0x9f, 0xef, 0x9e, 0xef, 0x9e, 0xef, 0x7e, 0xef, 0x9f, 0xef, 0x9f, 0xef,
    0x9e, 0xef, 0x7e, 0xef, 0x9f, 0xef, 0x9e, 0xef, 0x7e, 0xef, 0x7e, 0xef, 0x7e, 0xef, 0x7e, 0xe7,
    0x5e, 0xe7, 0x3e, 0xe7, 0x5e, 0xe7, 0x85, 0x29, 0x61, 0x08, 0x00, 0x00, 0x00, 0x00, 0x00, 0x00,
    0x00, 0x00, 0x00, 0x00, 0x00, 0x00, 0x20, 0x00, 0x61, 0x08, 0x65, 0x29, 0x5e, 0xe7, 0x7e, 0xef,
    0x7e, 0xef, 0x7e, 0xef, 0x9f, 0xef, 0x9e, 0xef, 0x9e, 0xef, 0x7e, 0xef, 0x9f, 0xef, 0x9f, 0xef,
    0x9e, 0xef, 0x7e, 0xef, 0x9f, 0xef, 0x9e, 0xef, 0x7e, 0xef, 0x7e, 0xef, 0x7e, 0xef, 0x7e, 0xe7,
    0x5e, 0xe7, 0x3e, 0xe7, 0x5e, 0xe7, 0x85, 0x29, 0x61, 0x08, 0x00, 0x00, 0x00, 0x00, 0x00, 0x00,
    0x00, 0x00, 0x00, 0x00, 0x00, 0x00, 0x20, 0x00, 0x61, 0x08, 0x65, 0x29, 0x5e, 0xe7, 0x7e, 0xef,
    0x7e, 0xef, 0x7e, 0xef, 0x9f, 0xef, 0x9e, 0xef, 0x9e, 0xef, 0x7e, 0xef, 0x9f, 0xef, 0x9f, 0xef,
    0x9e, 0xef, 0x7e, 0xef, 0x9f, 0xef, 0x9e, 0xef, 0x7e, 0xef, 0x7e, 0xef, 0x7e, 0xef, 0x7e, 0xe7,
    0x5e, 0xe7, 0x3e, 0xe7, 0x5e, 0xe7, 0x85, 0x29, 0x61, 0x08, 0x00, 0x00, 0x00, 0x00, 0x00, 0x00,
    0x00, 0x00, 0x00, 0x00, 0x00, 0x00, 0x20, 0x00, 0x61, 0x08, 0x65, 0x29, 0x5e, 0xe7, 0x7e, 0xef,
    0x7e, 0xef, 0x7e, 0xef, 0x9f, 0xef, 0x9e, 0xef, 0x9e, 0xef, 0x7e, 0xef, 0x9f, 0xef, 0x9f, 0xef,
    0x9e, 0xef, 0x7e, 0xef, 0x9f, 0xef, 0x9e, 0xef, 0x7e, 0xef, 0x7e, 0xef, 0x7e, 0xef, 0x7e, 0xe7,
    0x5e, 0xe7, 0x3e, 0xe7, 0x5e, 0xe7, 0x85, 0x29, 0x61, 0x08, 0x00, 0x00, 0x00, 0x00, 0x00, 0x00,
    0x00, 0x00, 0x00, 0x00, 0x00, 0x00, 0x20, 0x00, 0x61, 0x08, 0x65, 0x29, 0x5e, 0xe7, 0x7e, 0xef,
    0x7e, 0xef, 0x7e, 0xef, 0x9f, 0xef, 0x9e, 0xef, 0x9e, 0xef, 0x7e, 0xef, 0x9f, 0xef, 0x9f, 0xef,
    0x9e, 0xef, 0x7e, 0xef, 0x9f, 0xef, 0x9e, 0xef, 0x7e, 0xef, 0x7e, 0xef, 0x7e, 0xef, 0x7e, 0xe7,
    0x5e, 0xe7, 0x3e, 0xe7, 0x5e, 0xe7, 0x85, 0x29, 0x61, 0x08, 0x00, 0x00, 0x00, 0x00, 0x00, 0x00,
    0x00, 0x00, 0x00, 0x00, 0x00, 0x00, 0x00, 0x00, 0x20, 0x00, 0x61, 0x08, 0x28, 0x3a, 0x5e, 0xe7,
    0x7e, 0xe7, 0x7e, 0xef, 0x7e, 0xef, 0x9e, 0xef, 0x9e, 0xef, 0x7e, 0xef, 0x7e, 0xef, 0x9f, 0xef,
    0x7e, 0xef, 0x7e, 0xef, 0x7e, 0xef, 0x7e, 0xef, 0x7e, 0xef, 0x7e, 0xe7, 0x5e, 0xe7, 0x5e, 0xe7,
    0x5e, 0xe7, 0x3e, 0xe7, 0x08, 0x3a, 0x81, 0x08, 0x20, 0x00, 0x00, 0x00, 0x00, 0x00, 0x00, 0x00,
    0x00, 0x00, 0x00, 0x00, 0x00, 0x00, 0x00, 0x00, 0x20, 0x00, 0x61, 0x08, 0x28, 0x3a, 0x5e, 0xe7,
    0x7e, 0xe7, 0x7e, 0xef, 0x7e, 0xef, 0x9e, 0xef, 0x9e, 0xef, 0x7e, 0xef, 0x7e, 0xef, 0x9f, 0xef,
    0x7e, 0xef, 0x7e, 0xef, 0x7e, 0xef, 0x7e, 0xef, 0x7e, 0xef, 0x7e, 0xe7, 0x5e, 0xe7, 0x5e, 0xe7,
    0x5e, 0xe7, 0x3e, 0xe7, 0x08, 0x3a, 0x81, 0x08, 0x20, 0x00, 0x00, 0x00, 0x00, 0x00, 0x00, 0x00,
    0x00, 0x00, 0x00, 0x00, 0x00, 0x00, 0x00, 0x00, 0x20, 0x00, 0x61, 0x08, 0x28, 0x3a, 0x5e, 0xe7,
    0x7e, 0xe7, 0x7e, 0xef, 0x7e, 0xef, 0x9e, 0xef, 0x9e, 0xef, 0x7e, 0xef, 0x7e, 0xef, 0x9f, 0xef,
    0x7e, 0xef, 0x7e, 0xef, 0x7e, 0xef, 0x7e, 0xef, 0x7e, 0xef, 0x7e, 0xe7, 0x5e, 0xe7, 0x5e, 0xe7,
    0x5e, 0xe7, 0x3e, 0xe7, 0x08, 0x3a, 0x81, 0x08, 0x20, 0x00, 0x00, 0x00, 0x00, 0x00, 0x00, 0x00,
    0x00, 0x00, 0x00, 0x00, 0x00, 0x00, 0x00, 0x00, 0x20, 0x00, 0x61, 0x08, 0x28, 0x3a, 0x5e, 0xe7,
    0x7e, 0xe7, 0x7e, 0xef, 0x7e, 0xef, 0x9e, 0xef, 0x9e, 0xef, 0x7e, 0xef, 0x7e, 0xef, 0x9f, 0xef,
    0x7e, 0xef, 0x7e, 0xef, 0x7e, 0xef, 0x7e, 0xef, 0x7e, 0xef, 0x7e, 0xe7, 0x5e, 0xe7, 0x5e, 0xe7,
    0x5e, 0xe7, 0x3e, 0xe7, 0x08, 0x3a, 0x81, 0x08, 0x20, 0x00, 0x00, 0x00, 0x00, 0x00, 0x00, 0x00,
    0x00, 0x00, 0x00, 0x00, 0x00, 0x00, 0x00, 0x00, 0x20, 0x00, 0x61, 0x08, 0x28, 0x3a, 0x5e, 0xe7,
    0x7e, 0xe7, 0x7e, 0xef, 0x7e, 0xef, 0x9e, 0xef, 0x9e, 0xef, 0x7e, 0xef, 0x7e, 0xef, 0x9f, 0xef,
    0x7e, 0xef, 0x7e, 0xef, 0x7e, 0xef, 0x7e, 0xef, 0x7e, 0xef, 0x7e, 0xe7, 0x5e, 0xe7, 0x5e, 0xe7,
    0x5e, 0xe7, 0x3e, 0xe7, 0x08, 0x3a, 0x81, 0x08, 0x20, 0x00, 0x00, 0x00, 0x00, 0x00, 0x00, 0x00,
    0x00, 0x00, 0x00, 0x00, 0x00, 0x00, 0x00, 0x00, 0x20, 0x00, 0x61, 0x08, 0x28, 0x3a, 0x5e, 0xe7,
    0x7e, 0xe7, 0x7e, 0xef, 0x7e, 0xef, 0x9e, 0xef, 0x9e, 0xef, 0x7e, 0xef, 0x7e, 0xef, 0x9f, 0xef,
    0x7e, 0xef, 0x7e, 0xef, 0x7e, 0xef, 0x7e, 0xef, 0x7e, 0xef, 0x7e, 0xe7, 0x5e, 0xe7, 0x5e, 0xe7,
    0x5e, 0xe7, 0x3e, 0xe7, 0x08, 0x3a, 0x81, 0x08, 0x20, 0x00, 0x00, 0x00, 0x00, 0x00, 0x00, 0x00,
    0x00, 0x00, 0x00, 0x00, 0x00, 0x00, 0x00, 0x00, 0x20, 0x00, 0x61, 0x08, 0x28, 0x3a, 0x5e, 0xe7,
    0x7e, 0xe7, 0x7e, 0xef, 0x7e, 0xef, 0x9e, 0xef, 0x9e, 0xef, 0x7e, 0xef, 0x7e, 0xef, 0x9f, 0xef,
    0x7e, 0xef, 0x7e, 0xef, 0x7e, 0xef, 0x7e, 0xef, 0x7e, 0xef, 0x7e, 0xe7, 0x5e, 0xe7, 0x5e, 0xe7,
    0x5e, 0xe7, 0x3e, 0xe7, 0x08, 0x3a, 0x81, 0x08, 0x20, 0x00, 0x00, 0x00, 0x00, 0x00, 0x00, 0x00,
    0x00, 0x00, 0x00, 0x00, 0x00, 0x00, 0x00, 0x00, 0x20, 0x00, 0x61, 0x08, 0x28, 0x3a, 0x5e, 0xe7,
    0x7e, 0xe7, 0x7e, 0xef, 0x7e, 0xef, 0x9e, 0xef, 0x9e, 0xef, 0x7e, 0xef, 0x7e, 0xef, 0x9f, 0xef,
    0x7e, 0xef, 0x7e, 0xef, 0x7e, 0xef, 0x7e, 0xef, 0x7e, 0xef, 0x7e, 0xe7, 0x5e, 0xe7, 0x5e, 0xe7,
    0x5e, 0xe7, 0x3e, 0xe7, 0x08, 0x3a, 0x81, 0x08, 0x20, 0x00, 0x00, 0x00, 0x00, 0x00, 0x00, 0x00,
    0x00, 0x00, 0x00, 0x00, 0x00, 0x00, 0x00, 0x00, 0x20, 0x00, 0x61, 0x08, 0x28, 0x3a, 0x5e, 0xe7,
    0x7e, 0xe7, 0x7e, 0xef, 0x7e, 0xef, 0x9e, 0xef, 0x9e, 0xef, 0x7e, 0xef, 0x7e, 0xef, 0x9f, 0xef,
    0x7e, 0xef, 0x7e, 0xef, 0x7e, 0xef, 0x7e, 0xef, 0x7e, 0xef, 0x7e, 0xe7, 0x5e, 0xe7, 0x5e, 0xe7,
    0x5e, 0xe7, 0x3e, 0xe7, 0x08, 0x3a, 0x81, 0x08, 0x20, 0x00, 0x00, 0x00, 0x00, 0x00, 0x00, 0x00,
    0x00, 0x00, 0x00, 0x00, 0x00, 0x00, 0x00, 0x00, 0x20, 0x00, 0x61, 0x08, 0x28, 0x3a, 0x5e, 0xe7,
    0x7e, 0xe7, 0x7e, 0xef, 0x7e, 0xef, 0x9e, 0xef, 0x9e, 0xef, 0x7e, 0xef, 0x7e, 0xef, 0x9f, 0xef,
    0x7e, 0xef, 0x7e, 0xef, 0x7e, 0xef, 0x7e, 0xef, 0x7e, 0xef, 0x7e, 0xe7, 0x5e, 0xe7, 0x5e, 0xe7,
    0x5e, 0xe7, 0x3e, 0xe7, 0x08, 0x3a, 0x81, 0x08, 0x20, 0x00, 0x00, 0x00, 0x00, 0x00, 0x00, 0x00,
    0x00, 0x00, 0x00, 0x00, 0x00, 0x00, 0x00, 0x00, 0x20, 0x00, 0x61, 0x08, 0x28, 0x3a, 0x5e, 0xe7,
    0x7e, 0xe7, 0x7e, 0xef, 0x7e, 0xef, 0x9e, 0xef, 0x9e, 0xef, 0x7e, 0xef, 0x7e, 0xef, 0x9f, 0xef,
    0x7e, 0xef, 0x7e, 0xef, 0x7e, 0xef, 0x7e, 0xef, 0x7e, 0xef, 0x7e, 0xe7, 0x5e, 0xe7, 0x5e, 0xe7,
    0x5e, 0xe7, 0x3e, 0xe7, 0x08, 0x3a, 0x81, 0x08, 0x20, 0x00, 0x00, 0x00, 0x00, 0x00, 0x00, 0x00,
    0x00, 0x00, 0x00, 0x00, 0x00, 0x00, 0x00, 0x00, 0x20, 0x00, 0x61, 0x08, 0x28, 0x3a, 0x5e, 0xe7,
    0x7e, 0xe7, 0x7e, 0xef, 0x7e, 0xef, 0x9e, 0xef, 0x9e, 0xef, 0x7e, 0xef, 0x7e, 0xef, 0x9f, 0xef,
    0x7e, 0xef, 0x7e, 0xef, 0x7e, 0xef, 0x7e, 0xef, 0x7e, 0xef, 0x7e, 0xe7, 0x5e, 0xe7, 0x5e, 0xe7,
    0x5e, 0xe7, 0x3e, 0xe7, 0x08, 0x3a, 0x81, 0x08, 0x20, 0x00, 0x00, 0x00, 0x00, 0x00, 0x00, 0x00,
    0x00, 0x00, 0x00, 0x00, 0x00, 0x00, 0x00, 0x00, 0x20, 0x00, 0x61, 0x08, 0x28, 0x3a, 0x5e, 0xe7,
    0x7e, 0xe7, 0x7e, 0xef, 0x7e, 0xef, 0x9e, 0xef, 0x9e, 0xef, 0x7e, 0xef, 0x7e, 0xef, 0x9f, 0xef,
    0x7e, 0xef, 0x7e, 0xef, 0x7e, 0xef, 0x7e, 0xef, 0x7e, 0xef, 0x7e, 0xe7, 0x5e, 0xe7, 0x5e, 0xe7,
    0x5e, 0xe7, 0x3e, 0xe7, 0x08, 0x3a, 0x81, 0x08, 0x20, 0x00, 0x00, 0x00, 0x00, 0x00, 0x00, 0x00,
    0x00, 0x00, 0x00, 0x00, 0x00, 0x00, 0x00, 0x00, 0x20, 0x00, 0x61, 0x08, 0x28, 0x3a, 0x5e, 0xe7,
    0x7e, 0xe7, 0x7e, 0xef, 0x7e, 0xef, 0x9e, 0xef, 0x9e, 0xef, 0x7e, 0xef, 0x7e, 0xef, 0x9f, 0xef,
    0x7e, 0xef, 0x7e, 0xef, 0x7e, 0xef, 0x7e, 0xef, 0x7e, 0xef, 0x7e, 0xe7, 0x5e, 0xe7, 0x5e, 0xe7,
    0x5e, 0xe7, 0x3e, 0xe7, 0x08, 0x3a, 0x81, 0x08, 0x20, 0x00, 0x00, 0x00, 0x00, 0x00, 0x00, 0x00,
    0x00, 0x00, 0x00, 0x00, 0x00, 0x00, 0x00, 0x00, 0x20, 0x00, 0x61, 0x08, 0x28, 0x3a, 0x5e, 0xe7,
    0x7e, 0xe7, 0x7e, 0xef, 0x7e, 0xef, 0x9e, 0xef, 0x9e, 0xef, 0x7e, 0xef, 0x7e, 0xef, 0x9f, 0xef,
    0x7e, 0xef, 0x7e, 0xef, 0x7e, 0xef, 0x7e, 0xef, 0x7e, 0xef, 0x7e, 0xe7, 0x5e, 0xe7, 0x5e, 0xe7,
    0x5e, 0xe7, 0x3e, 0xe7, 0x08, 0x3a, 0x81, 0x08, 0x20, 0x00, 0x00, 0x00, 0x00, 0x00, 0x00, 0x00,
    0x00, 0x00, 0x00, 0x00, 0x00, 0x00, 0x00, 0x00, 0x20, 0x00, 0x61, 0x08, 0x28, 0x3a, 0x5e, 0xe7,
    0x7e, 0xe7, 0x7e, 0xef, 0x7e, 0xef, 0x9e, 0xef, 0x9e, 0xef, 0x7e, 0xef, 0x7e, 0xef, 0x9f, 0xef,
    0x7e, 0xef, 0x7e, 0xef, 0x7e, 0xef, 0x7e, 0xef, 0x7e, 0xef, 0x7e, 0xe7, 0x5e, 0xe7, 0x5e, 0xe7,
    0x5e, 0xe7, 0x3e, 0xe7, 0x08, 0x3a, 0x81, 0x08, 0x20, 0x00, 0x00, 0x00, 0x00, 0x00, 0x00, 0x00,
    0x00, 0x00, 0x00, 0x00, 0x00, 0x00, 0x00, 0x00, 0x20, 0x00, 0x61, 0x08, 0x28, 0x3a, 0x5e, 0xe7,
    0x7e, 0xe7, 0x7e, 0xef, 0x7e, 0xef, 0x9e, 0xef, 0x9e, 0xef, 0x7e, 0xef, 0x7e, 0xef, 0x9f, 0xef,
    0x7e, 0xef, 0x7e, 0xef, 0x7e, 0xef, 0x7e, 0xef, 0x7e, 0xef, 0x7e, 0xe7, 0x5e, 0xe7, 0x5e, 0xe7,
    0x5e, 0xe7, 0x3e, 0xe7, 0x08, 0x3a, 0x81, 0x08, 0x20, 0x00, 0x00, 0x00, 0x00, 0x00, 0x00, 0x00,
    0x00, 0x00, 0x00, 0x00, 0x00, 0x00, 0x00, 0x00, 0x20, 0x00, 0x61, 0x08, 0x28, 0x3a, 0x5e, 0xe7,
    0x7e, 0xe7, 0x7e, 0xef, 0x7e, 0xef, 0x9e, 0xef, 0x9e, 0xef, 0x7e, 0xef, 0x7e, 0xef, 0x9f, 0xef,
    0x7e, 0xef, 0x7e, 0xef, 0x7e, 0xef, 0x7e, 0xef, 0x7e, 0xef, 0x7e, 0xe7, 0x5e, 0xe7, 0x5e, 0xe7,
    0x5e, 0xe7, 0x3e, 0xe7, 0x08, 0x3a, 0x81, 0x08, 0x20, 0x00, 0x00, 0x00, 0x00, 0x00, 0x00, 0x00,
    0x00, 0x00, 0x00, 0x00, 0x00, 0x00, 0x00, 0x00, 0x20, 0x00, 0x61, 0x08, 0x28, 0x3a, 0x5e, 0xe7,
    0x7e, 0xe7, 0x7e, 0xef, 0x7e, 0xef, 0x9e, 0xef, 0x9e, 0xef, 0x7e, 0xef, 0x7e, 0xef, 0x9f, 0xef,
    0x7e, 0xef, 0x7e, 0xef, 0x7e, 0xef, 0x7e, 0xef, 0x7e, 0xef, 0x7e, 0xe7, 0x5e, 0xe7, 0x5e, 0xe7,
    0x5e, 0xe7, 0x3e, 0xe7, 0x08, 0x3a, 0x81, 0x08, 0x20, 0x00, 0x00, 0x00, 0x00, 0x00, 0x00, 0x00,
    0x00, 0x00, 0x00, 0x00, 0x00, 0x00, 0x00, 0x00, 0x20, 0x00, 0x61, 0x08, 0x28, 0x3a, 0x5e, 0xe7,
    0x7e, 0xe7, 0x7e, 0xef, 0x7e, 0xef, 0x9e, 0xef, 0x9e, 0xef, 0x7e, 0xef, 0x7e, 0xef, 0x9f, 0xef,
    0x7e, 0xef, 0x7e, 0xef, 0x7e, 0xef, 0x7e, 0xef, 0x7e, 0xef, 0x7e, 0xe7, 0x5e, 0xe7, 0x5e, 0xe7,
    0x5e, 0xe7, 0x3e, 0xe7, 0x08, 0x3a, 0x81, 0x08, 0x20, 0x00, 0x00, 0x00, 0x00, 0x00, 0x00, 0x00,
    0x00, 0x00, 0x00, 0x00, 0x00, 0x00, 0x00, 0x00, 0x20, 0x00, 0x61, 0x08, 0x28, 0x3a, 0x5e, 0xe7,
    0x7e, 0xe7, 0x7e, 0xef, 0x7e, 0xef, 0x9e, 0xef, 0x9e, 0xef, 0x7e, 0xef, 0x7e, 0xef, 0x9f, 0xef,
    0x7e, 0xef, 0x7e, 0xef, 0x7e, 0xef, 0x7e, 0xef, 0x7e, 0xef, 0x7e, 0xe7, 0x5e, 0xe7, 0x5e, 0xe7,
    0x5e, 0xe7, 0x3e, 0xe7, 0x08, 0x3a, 0x81, 0x08, 0x20, 0x00, 0x00, 0x00, 0x00, 0x00, 0x00, 0x00,
    0x00, 0x00, 0x00, 0x00, 0x00, 0x00, 0x00, 0x00, 0x20, 0x00, 0x61, 0x08, 0x28, 0x3a, 0x5e, 0xe7,
    0x7e, 0xe7, 0x7e, 0xef, 0x7e, 0xef, 0x9e, 0xef, 0x9e, 0xef, 0x7e, 0xef, 0x7e, 0xef, 0x9f, 0xef,
    0x7e, 0xef, 0x7e, 0xef, 0x7e, 0xef, 0x7e, 0xef, 0x7e, 0xef, 0x7e, 0xe7, 0x5e, 0xe7, 0x5e, 0xe7,
    0x5e, 0xe7, 0x3e, 0xe7, 0x08, 0x3a, 0x81, 0x08, 0x20, 0x00, 0x00, 0x00, 0x00, 0x00, 0x00, 0x00,
    0x00, 0x00, 0x00, 0x00, 0x00, 0x00, 0x00, 0x00, 0x20, 0x00, 0x61, 0x08, 0x28, 0x3a, 0x5e, 0xe7,
    0x7e, 0xe7, 0x7e, 0xef, 0x7e, 0xef, 0x9e, 0xef, 0x9e, 0xef, 0x7e, 0xef, 0x7e, 0xef, 0x9f, 0xef,
    0x7e, 0xef, 0x7e, 0xef, 0x7e, 0xef, 0x7e, 0xef, 0x7e, 0xef, 0x7e, 0xe7, 0x5e, 0xe7, 0x5e, 0xe7,
    0x5e, 0xe7, 0x3e, 0xe7, 0x08, 0x3a, 0x81, 0x08, 0x20, 0x00, 0x00, 0x00, 0x00, 0x00, 0x00, 0x00,
    0x00, 0x00, 0x00, 0x00, 0x00, 0x00, 0x00, 0x00, 0x20, 0x00, 0x61, 0x08, 0x28, 0x3a, 0x5e, 0xe7,
    0x7e, 0xe7, 0x7e, 0xef, 0x7e, 0xef, 0x9e, 0xef, 0x9e, 0xef, 0x7e, 0xef, 0x7e, 0xef, 0x9f, 0xef,
    0x7e, 0xef, 0x7e, 0xef, 0x7e, 0xef, 0x7e, 0xef, 0x7e, 0xef, 0x7e, 0xe7, 0x5e, 0xe7, 0x5e, 0xe7,
    0x5e, 0xe7, 0x3e, 0xe7, 0x08, 0x3a, 0x81, 0x08, 0x20, 0x00, 0x00, 0x00, 0x00, 0x00, 0x00, 0x00,
    0x00, 0x00, 0x00, 0x00, 0x00, 0x00, 0x00, 0x00, 0x20, 0x00, 0x61, 0x08, 0x28, 0x3a, 0x5e, 0xe7,
    0x7e, 0xe7, 0x7e, 0xef, 0x7e, 0xef, 0x9e, 0xef, 0x9e, 0xef, 0x7e, 0xef, 0x7e, 0xef, 0x9f, 0xef,
    0x7e, 0xef, 0x7e, 0xef, 0x7e, 0xef, 0x7e, 0xef, 0x7e, 0xef, 0x7e, 0xe7, 0x5e, 0xe7, 0x5e, 0xe7,
    0x5e, 0xe7, 0x3e, 0xe7, 0x08, 0x3a, 0x81, 0x08, 0x20, 0x00, 0x00, 0x00, 0x00, 0x00, 0x00, 0x00,
    0x00, 0x00, 0x00, 0x00, 0x00, 0x00, 0x00, 0x00, 0x20, 0x00, 0x61, 0x08, 0x28, 0x3a, 0x5e, 0xe7,
    0x7e, 0xe7, 0x7e, 0xef, 0x7e, 0xef, 0x9e, 0xef, 0x9e, 0xef, 0x7e, 0xef, 0x7e, 0xef, 0x9f, 0xef,
    0x7e, 0xef, 0x7e, 0xef, 0x7e, 0xef, 0x7e, 0xef, 0x7e, 0xef, 0x7e, 0xe7, 0x5e, 0xe7, 0x5e, 0xe7,
    0x5e, 0xe7, 0x3e, 0xe7, 0x08, 0x3a, 0x81, 0x08, 0x20, 0x00, 0x00, 0x00, 0x00, 0x00, 0x00, 0x00,
    0x00, 0x00, 0x00, 0x00, 0x00, 0x00, 0x00, 0x00, 0x20, 0x00, 0x61, 0x08, 0x28, 0x3a, 0x5e, 0xe7,
    0x7e, 0xe7, 0x7e, 0xef, 0x7e, 0xef, 0x9e, 0xef, 0x9e, 0xef, 0x7e, 0xef, 0x7e, 0xef, 0x9f, 0xef,
    0x7e, 0xef, 0x7e, 0xef, 0x7e, 0xef, 0x7e, 0xef, 0x7e, 0xef, 0x7e, 0xe7, 0x5e, 0xe7, 0x5e, 0xe7,
    0x5e, 0xe7, 0x3e, 0xe7, 0x08, 0x3a, 0x81, 0x08, 0x20, 0x00, 0x00, 0x00, 0x00, 0x00, 0x00, 0x00,
    0x00, 0x00, 0x00, 0x00, 0x00, 0x00, 0x00, 0x00, 0x20, 0x00, 0x61, 0x08, 0x28, 0x3a, 0x5e, 0xe7,
    0x7e, 0xe7, 0x7e, 0xef, 0x7e, 0xef, 0x9e, 0xef, 0x9e, 0xef, 0x7e, 0xef, 0x7e, 0xef, 0x9f, 0xef,
    0x7e, 0xef, 0x7e, 0xef, 0x7e, 0xef, 0x7e, 0xef, 0x7e, 0xef, 0x7e, 0xe7, 0x5e, 0xe7, 0x5e, 0xe7,
    0x5e, 0xe7, 0x3e, 0xe7, 0x08, 0x3a, 0x81, 0x08, 0x20, 0x00, 0x00, 0x00, 0x00, 0x00, 0x00, 0x00,
    0x00, 0x00, 0x00, 0x00, 0x00, 0x00, 0x00, 0x00, 0x20, 0x00, 0x61, 0x08, 0x28, 0x3a, 0x5e, 0xe7,
    0x7e, 0xe7, 0x7e, 0xef, 0x7e, 0xef, 0x9e, 0xef, 0x9e, 0xef, 0x7e, 0xef, 0x7e, 0xef, 0x9f, 0xef,
    0x7e, 0xef, 0x7e, 0xef, 0x7e, 0xef, 0x7e, 0xef, 0x7e, 0xef, 0x7e, 0xe7, 0x5e, 0xe7, 0x5e, 0xe7,
    0x5e, 0xe7, 0x3e, 0xe7, 0x08, 0x3a, 0x81, 0x08, 0x20, 0x00, 0x00, 0x00, 0x00, 0x00, 0x00, 0x00,
    0x00, 0x00, 0x00, 0x00, 0x00, 0x00, 0x00, 0x00, 0x20, 0x00, 0x61, 0x08, 0x28, 0x3a, 0x5e, 0xe7,
    0x7e, 0xe7, 0x7e, 0xef, 0x7e, 0xef, 0x9e, 0xef, 0x9e, 0xef, 0x7e, 0xef, 0x7e, 0xef, 0x9f, 0xef,
    0x7e, 0xef, 0x7e, 0xef, 0x7e, 0xef, 0x7e, 0xef, 0x7e, 0xef, 0x7e, 0xe7, 0x5e, 0xe7, 0x5e, 0xe7,
    0x5e, 0xe7, 0x3e, 0xe7, 0x08, 0x3a, 0x81, 0x08, 0x20, 0x00, 0x00, 0x00, 0x00, 0x00, 0x00, 0x00,
    0x00, 0x00, 0x00, 0x00, 0x00, 0x00, 0x00, 0x00, 0x20, 0x00, 0x61, 0x08, 0x28, 0x3a, 0x5e, 0xe7,
    0x7e, 0xe7, 0x7e, 0xef, 0x7e, 0xef, 0x9e, 0xef, 0x9e, 0xef, 0x7e, 0xef, 0x7e, 0xef, 0x9f, 0xef,
    0x7e, 0xef, 0x7e, 0xef, 0x7e, 0xef, 0x7e, 0xef, 0x7e, 0xef, 0x7e, 0xe7, 0x5e, 0xe7, 0x5e, 0xe7,
    0x5e, 0xe7, 0x3e, 0xe7, 0x08, 0x3a, 0x81, 0x08, 0x20, 0x00, 0x00, 0x00, 0x00, 0x00, 0x00, 0x00,
    0x00, 0x00, 0x00, 0x00, 0x00, 0x00, 0x00, 0x00, 0x20, 0x00, 0x61, 0x08, 0x28, 0x3a, 0x5e, 0xe7,
    0x7e, 0xe7, 0x7e, 0xef, 0x7e, 0xef, 0x9e, 0xef, 0x9e, 0xef, 0x7e, 0xef, 0x7e, 0xef, 0x9f, 0xef,
    0x7e, 0xef, 0x7e, 0xef, 0x7e, 0xef, 0x7e, 0xef, 0x7e, 0xef, 0x7e, 0xe7, 0x5e, 0xe7, 0x5e, 0xe7,
    0x5e, 0xe7, 0x3e, 0xe7, 0x08, 0x3a, 0x81, 0x08, 0x20, 0x00, 0x00, 0x00, 0x00, 0x00, 0x00, 0x00,
    0x00, 0x00, 0x00, 0x00, 0x00, 0x00, 0x00, 0x00, 0x20, 0x00, 0x61, 0x08, 0x28, 0x3a, 0x5e, 0xe7,
    0x7e, 0xe7, 0x7e, 0xef, 0x7e, 0xef, 0x9e, 0xef, 0x9e, 0xef, 0x7e, 0xef, 0x7e, 0xef, 0x9f, 0xef,
    0x7e, 0xef, 0x7e, 0xef, 0x7e, 0xef, 0x7e, 0xef, 0x7e, 0xef, 0x7e, 0xe7, 0x5e, 0xe7, 0x5e, 0xe7,
    0x5e, 0xe7, 0x3e, 0xe7, 0x08, 0x3a, 0x81, 0x08, 0x20, 0x00, 0x00, 0x00, 0x00, 0x00, 0x00, 0x00,
    0x00, 0x00, 0x00, 0x00, 0x00, 0x00, 0x00, 0x00, 0x20, 0x00, 0x61, 0x08, 0x28, 0x3a, 0x5e, 0xe7,
    0x7e, 0xe7, 0x7e, 0xef, 0x7e, 0xef, 0x9e, 0xef, 0x9e, 0xef, 0x7e, 0xef, 0x7e, 0xef, 0x9f, 0xef,
    0x7e, 0xef, 0x7e, 0xef, 0x7e, 0xef, 0x7e, 0xef, 0x7e, 0xef, 0x7e, 0xe7, 0x5e, 0xe7, 0x5e, 0xe7,
    0x5e, 0xe7, 0x3e, 0xe7, 0x08, 0x3a, 0x81, 0x08, 0x20, 0x00, 0x00, 0x00, 0x00, 0x00, 0x00, 0x00,
    0x00, 0x00, 0x00, 0x00, 0x00, 0x00, 0x00, 0x00, 0x20, 0x00, 0x61, 0x08, 0x28, 0x3a, 0x5e, 0xe7,
    0x7e, 0xe7, 0x7e, 0xef, 0x7e, 0xef, 0x9e, 0xef, 0x9e, 0xef, 0x7e, 0xef, 0x7e, 0xef, 0x9f, 0xef,
    0x7e, 0xef, 0x7e, 0xef, 0x7e, 0xef, 0x7e, 0xef, 0x7e, 0xef, 0x7e, 0xe7, 0x5e, 0xe7, 0x5e, 0xe7,
    0x5e, 0xe7, 0x3e, 0xe7, 0x08, 0x3a, 0x81, 0x08, 0x20, 0x00, 0x00, 0x00, 0x00, 0x00, 0x00, 0x00,
    0x00, 0x00, 0x00, 0x00, 0x00, 0x00, 0x00, 0x00, 0x20, 0x00, 0x61, 0x08, 0x28, 0x3a, 0x5e, 0xe7,
    0x7e, 0xe7, 0x7e, 0xef, 0x7e, 0xef, 0x9e, 0xef, 0x9e, 0xef, 0x7e, 0xef, 0x7e, 0xef, 0x9f, 0xef,
    0x7e, 0xef, 0x7e, 0xef, 0x7e, 0xef, 0x7e, 0xef, 0x7e, 0xef, 0x7e, 0xe7, 0x5e, 0xe7, 0x5e, 0xe7,
    0x5e, 0xe7, 0x3e, 0xe7, 0x08, 0x3a, 0x81, 0x08, 0x20, 0x00, 0x00, 0x00, 0x00, 0x00, 0x00, 0x00,
    0x00, 0x00, 0x00, 0x00, 0x00, 0x00, 0x00, 0x00, 0x20, 0x00, 0x61, 0x08, 0x28, 0x3a, 0x5e, 0xe7,
    0x7e, 0xe7, 0x7e, 0xef, 0x7e, 0xef, 0x9e, 0xef, 0x9e, 0xef, 0x7e, 0xef, 0x7e, 0xef, 0x9f, 0xef,
    0x7e, 0xef, 0x7e, 0xef, 0x7e, 0xef, 0x7e, 0xef, 0x7e, 0xef, 0x7e, 0xe7, 0x5e, 0xe7, 0x5e, 0xe7,
    0x5e, 0xe7, 0x3e, 0xe7, 0x08, 0x3a, 0x81, 0x08, 0x20, 0x00, 0x00, 0x00, 0x00, 0x00, 0x00, 0x00,
    0x00, 0x00, 0x00, 0x00, 0x00, 0x00, 0x00, 0x00, 0x20, 0x00, 0x61, 0x08, 0x28, 0x3a, 0x5e, 0xe7,
    0x7e, 0xe7, 0x7e, 0xef, 0x7e, 0xef, 0x9e, 0xef, 0x9e, 0xef, 0x7e, 0xef, 0x7e, 0xef, 0x9f, 0xef,
    0x7e, 0xef, 0x7e, 0xef, 0x7e, 0xef, 0x7e, 0xef, 0x7e, 0xef, 0x7e, 0xe7, 0x5e, 0xe7, 0x5e, 0xe7,
    0x5e, 0xe7, 0x3e, 0xe7, 0x08, 0x3a, 0x81, 0x08, 0x20, 0x00, 0x00, 0x00, 0x00, 0x00, 0x00, 0x00,
    0x00, 0x00, 0x00, 0x00, 0x00, 0x00, 0x00, 0x00, 0x20, 0x00, 0x61, 0x08, 0x28, 0x3a, 0x5e, 0xe7,
    0x7e, 0xe7, 0x7e, 0xef, 0x7e, 0xef, 0x9e, 0xef, 0x9e, 0xef, 0x7e, 0xef, 0x7e, 0xef, 0x9f, 0xef,
    0x7e, 0xef, 0x7e, 0xef, 0x7e, 0xef, 0x7e, 0xef, 0x7e, 0xef, 0x7e, 0xe7, 0x5e, 0xe7, 0x5e, 0xe7,
    0x5e, 0xe7, 0x3e, 0xe7, 0x08, 0x3a, 0x81, 0x08, 0x20, 0x00, 0x00, 0x00, 0x00, 0x00, 0x00, 0x00,
    0x00, 0x00, 0x00, 0x00, 0x00, 0x00, 0x00, 0x00, 0x20, 0x00, 0x61, 0x08, 0x28, 0x3a, 0x5e, 0xe7,
    0x7e, 0xe7, 0x7e, 0xef, 0x7e, 0xef, 0x9e, 0xef, 0x9e, 0xef, 0x7e, 0xef, 0x7e, 0xef, 0x9f, 0xef,
    0x7e, 0xef, 0x7e, 0xef, 0x7e, 0xef, 0x7e, 0xef, 0x7e, 0xef, 0x7e, 0xe7, 0x5e, 0xe7, 0x5e, 0xe7,
    0x5e, 0xe7, 0x3e, 0xe7, 0x08, 0x3a, 0x81, 0x08, 0x20, 0x00, 0x00, 0x00, 0x00, 0x00, 0x00, 0x00,
    0x00, 0x00, 0x00, 0x00, 0x00, 0x00, 0x00, 0x00, 0x20, 0x00, 0x61, 0x08, 0x28, 0x3a, 0x5e, 0xe7,
    0x7e, 0xe7, 0x7e, 0xef, 0x7e, 0xef, 0x9e, 0xef, 0x9e, 0xef, 0x7e, 0xef, 0x7e, 0xef, 0x9f, 0xef,
    0x7e, 0xef, 0x7e, 0xef, 0x7e, 0xef, 0x7e, 0xef, 0x7e, 0xef, 0x7e, 0xe7, 0x5e, 0xe7, 0x5e, 0xe7,
    0x5e, 0xe7, 0x3e, 0xe7, 0x08, 0x3a, 0x81, 0x08, 0x20, 0x00, 0x00, 0x00, 0x00, 0x00, 0x00, 0x00,
    0x00, 0x00, 0x00, 0x00, 0x00, 0x00, 0x00, 0x00, 0x20, 0x00, 0x61, 0x08, 0x28, 0x3a, 0x5e, 0xe7,
    0x7e, 0xe7, 0x7e, 0xef, 0x7e, 0xef, 0x9e, 0xef, 0x9e, 0xef, 0x7e, 0xef, 0x7e, 0xef, 0x9f, 0xef,
    0x7e, 0xef, 0x7e, 0xef, 0x7e, 0xef, 0x7e, 0xef, 0x7e, 0xef, 0x7e, 0xe7, 0x5e, 0xe7, 0x5e, 0xe7,
    0x5e, 0xe7, 0x3e, 0xe7, 0x08, 0x3a, 0x81, 0x08, 0x20, 0x00, 0x00, 0x00, 0x00, 0x00, 0x00, 0x00,
    0x00, 0x00, 0x00, 0x00, 0x00, 0x00, 0x00, 0x00, 0x20, 0x00, 0x61, 0x08, 0x28, 0x3a, 0x5e, 0xe7,
    0x7e, 0xe7, 0x7e, 0xef, 0x7e, 0xef, 0x9e, 0xef, 0x9e, 0xef, 0x7e, 0xef, 0x7e, 0xef, 0x9f, 0xef,
    0x7e, 0xef, 0x7e, 0xef, 0x7e, 0xef, 0x7e, 0xef, 0x7e, 0xef, 0x7e, 0xe7, 0x5e, 0xe7, 0x5e, 0xe7,
    0x5e, 0xe7, 0x3e, 0xe7, 0x08, 0x3a, 0x81, 0x08, 0x20, 0x00, 0x00, 0x00, 0x00, 0x00, 0x00, 0x00,
    0x00, 0x00, 0x00, 0x00, 0x00, 0x00, 0x00, 0x00, 0x20, 0x00, 0x61, 0x08, 0x28, 0x3a, 0x5e, 0xe7,
    0x7e, 0xe7, 0x7e, 0xef, 0x7e, 0xef, 0x9e, 0xef, 0x9e, 0xef, 0x7e, 0xef, 0x7e, 0xef, 0x9f, 0xef,
    0x7e, 0xef, 0x7e, 0xef, 0x7e, 0xef, 0x7e, 0xef, 0x7e, 0xef, 0x7e, 0xe7, 0x5e, 0xe7, 0x5e, 0xe7,
    0x5e, 0xe7, 0x3e, 0xe7, 0x08, 0x3a, 0x81, 0x08, 0x20, 0x00, 0x00, 0x00, 0x00, 0x00, 0x00, 0x00,
    0x00, 0x00, 0x00, 0x00, 0x00, 0x00, 0x00, 0x00, 0x20, 0x00, 0x61, 0x08, 0x28, 0x3a, 0x5e, 0xe7,
    0x7e, 0xe7, 0x7e, 0xef, 0x7e, 0xef, 0x9e, 0xef, 0x9e, 0xef, 0x7e, 0xef, 0x7e, 0xef, 0x9f, 0xef,
    0x7e, 0xef, 0x7e, 0xef, 0x7e, 0xef, 0x7e, 0xef, 0x7e, 0xef, 0x7e, 0xe7, 0x5e, 0xe7, 0x5e, 0xe7,
    0x5e, 0xe7, 0x3e, 0xe7, 0x08, 0x3a, 0x81, 0x08, 0x20, 0x00, 0x00, 0x00, 0x00, 0x00, 0x00, 0x00,
    0x00, 0x00, 0x00, 0x00, 0x00, 0x00, 0x00, 0x00, 0x20, 0x00, 0x61, 0x08, 0x28, 0x3a, 0x5e, 0xe7,
    0x7e, 0xe7, 0x7e, 0xef, 0x7e, 0xef, 0x9e, 0xef, 0x9e, 0xef, 0x7e, 0xef, 0x7e, 0xef, 0x9f, 0xef,
    0x7e, 0xef, 0x7e, 0xef, 0x7e, 0xef, 0x7e, 0xef, 0x7e, 0xef, 0x7e, 0xe7, 0x5e, 0xe7, 0x5e, 0xe7,
    0x5e, 0xe7, 0x3e, 0xe7, 0x08, 0x3a, 0x81, 0x08, 0x20, 0x00, 0x00, 0x00, 0x00, 0x00, 0x00, 0x00,
    0x00, 0x00, 0x00, 0x00, 0x00, 0x00, 0x00, 0x00, 0x20, 0x00, 0x61, 0x08, 0x28, 0x3a, 0x5e, 0xe7,
    0x7e, 0xe7, 0x7e, 0xef, 0x7e, 0xef, 0x9e, 0xef, 0x9e, 0xef, 0x7e, 0xef, 0x7e, 0xef, 0x9f, 0xef,
    0x7e, 0xef, 0x7e, 0xef, 0x7e, 0xef, 0x7e, 0xef, 0x7e, 0xef, 0x7e, 0xe7, 0x5e, 0xe7, 0x5e, 0xe7,
    0x5e, 0xe7, 0x3e, 0xe7, 0x08, 0x3a, 0x81, 0x08, 0x20, 0x00, 0x00, 0x00, 0x00, 0x00, 0x00, 0x00,
    0x00, 0x00, 0x00, 0x00, 0x00, 0x00, 0x00, 0x00, 0x20, 0x00, 0x61, 0x08, 0x28, 0x3a, 0x5e, 0xe7,
    0x7e, 0xe7, 0x7e, 0xef, 0x7e, 0xef, 0x9e, 0xef, 0x9e, 0xef, 0x7e, 0xef, 0x7e, 0xef, 0x9f, 0xef,
    0x7e, 0xef, 0x7e, 0xef, 0x7e, 0xef, 0x7e, 0xef, 0x7e, 0xef, 0x7e, 0xe7, 0x5e, 0xe7, 0x5e, 0xe7,
    0x5e, 0xe7, 0x3e, 0xe7, 0x08, 0x3a, 0x81, 0x08, 0x20, 0x00, 0x00, 0x00, 0x00, 0x00, 0x00, 0x00,
    0x00, 0x00, 0x00, 0x00, 0x00, 0x00, 0x00, 0x00, 0x20, 0x00, 0x61, 0x08, 0x28, 0x3a, 0x5e, 0xe7,
    0x7e, 0xe7, 0x7e, 0xef, 0x7e, 0xef, 0x9e, 0xef, 0x9e, 0xef, 0x7e, 0xef, 0x7e, 0xef, 0x9f, 0xef,
    0x7e, 0xef, 0x7e, 0xef, 0x7e, 0xef, 0x7e, 0xef, 0x7e, 0xef, 0x7e, 0xe7, 0x5e, 0xe7, 0x5e, 0xe7,
    0x5e, 0xe7, 0x3e, 0xe7, 0x08, 0x3a, 0x81, 0x08, 0x20, 0x00, 0x00, 0x00, 0x00, 0x00, 0x00, 0x00,
    0x00, 0x00, 0x00, 0x00, 0x00, 0x00, 0x00, 0x00, 0x20, 0x00, 0x61, 0x08, 0x28, 0x3a, 0x5e, 0xe7,
    0x7e, 0xe7, 0x7e, 0xef, 0x7e, 0xef, 0x9e, 0xef, 0x9e, 0xef, 0x7e, 0xef, 0x7e, 0xef, 0x9f, 0xef,
    0x7e, 0xef, 0x7e, 0xef, 0x7e, 0xef, 0x7e, 0xef, 0x7e, 0xef, 0x7e, 0xe7, 0x5e, 0xe7, 0x5e, 0xe7,
    0x5e, 0xe7, 0x3e, 0xe7, 0x08, 0x3a, 0x81, 0x08, 0x20, 0x00, 0x00, 0x00, 0x00, 0x00, 0x00, 0x00,
    0x00, 0x00, 0x00, 0x00, 0x00, 0x00, 0x00, 0x00, 0x20, 0x00, 0x20, 0x00, 0x61, 0x08, 0x65, 0x29,
    0x1d, 0xdf, 0x5e, 0xe7, 0x5e, 0xe7, 0x5e, 0xe7, 0x7e, 0xef, 0x7e, 0xef, 0x7e, 0xef, 0x7e, 0xe7,
    0x7e, 0xef, 0x7e, 0xef, 0x7e, 0xe7, 0x5e, 0xe7, 0x7e, 0xef, 0x5e, 0xe7, 0x5e, 0xe7, 0x3e, 0xe7,
    0x1d, 0xdf, 0x85, 0x29, 0x61, 0x08, 0x20, 0x00, 0x20, 0x00, 0x00, 0x00, 0x00, 0x00, 0x00, 0x00,
    0x00, 0x00, 0x00, 0x00, 0x00, 0x00, 0x00, 0x00, 0x20, 0x00, 0x20, 0x00, 0x61, 0x08, 0x65, 0x29,
    0x1d, 0xdf, 0x5e, 0xe7, 0x5e, 0xe7, 0x5e, 0xe7, 0x7e, 0xef, 0x7e, 0xef, 0x7e, 0xef, 0x7e, 0xe7,
    0x7e, 0xef, 0x7e, 0xef, 0x7e, 0xe7, 0x5e, 0xe7, 0x7e, 0xef, 0x5e, 0xe7, 0x5e, 0xe7, 0x3e, 0xe7,
    0x1d, 0xdf, 0x85, 0x29, 0x61, 0x08, 0x20, 0x00, 0x20, 0x00, 0x00, 0x00, 0x00, 0x00, 0x00, 0x00,
    0x00, 0x00, 0x00, 0x00, 0x00, 0x00, 0x00, 0x00, 0x20, 0x00, 0x20, 0x00, 0x61, 0x08, 0x65, 0x29,
    0x1d, 0xdf, 0x5e, 0xe7, 0x5e, 0xe7, 0x5e, 0xe7, 0x7e, 0xef, 0x7e, 0xef, 0x7e, 0xef, 0x7e, 0xe7,
    0x7e, 0xef, 0x7e, 0xef, 0x7e, 0xe7, 0x5e, 0xe7, 0x7e, 0xef, 0x5e, 0xe7, 0x5e, 0xe7, 0x3e, 0xe7,
    0x1d, 0xdf, 0x85, 0x29, 0x61, 0x08, 0x20, 0x00, 0x20, 0x00, 0x00, 0x00, 0x00, 0x00, 0x00, 0x00,
    0x00, 0x00, 0x00, 0x00, 0x00, 0x00, 0x00, 0x00, 0x20, 0x00, 0x20, 0x00, 0x61, 0x08, 0x65, 0x29,
    0x1d, 0xdf, 0x5e, 0xe7, 0x5e, 0xe7, 0x5e, 0xe7, 0x7e, 0xef, 0x7e, 0xef, 0x7e, 0xef, 0x7e, 0xe7,
    0x7e, 0xef, 0x7e, 0xef, 0x7e, 0xe7, 0x5e, 0xe7, 0x7e, 0xef, 0x5e, 0xe7, 0x5e, 0xe7, 0x3e, 0xe7,
    0x1d, 0xdf, 0x85, 0x29, 0x61, 0x08, 0x20, 0x00, 0x20, 0x00, 0x00, 0x00, 0x00, 0x00, 0x00, 0x00,
    0x00, 0x00, 0x00, 0x00, 0x00, 0x00, 0x00, 0x00, 0x20, 0x00, 0x20, 0x00, 0x61, 0x08, 0x65, 0x29,
    0x1d, 0xdf, 0x5e, 0xe7, 0x5e, 0xe7, 0x5e, 0xe7, 0x7e, 0xef, 0x7e, 0xef, 0x7e, 0xef, 0x7e, 0xe7,
    0x7e, 0xef, 0x7e, 0xef, 0x7e, 0xe7, 0x5e, 0xe7, 0x7e, 0xef, 0x5e, 0xe7, 0x5e, 0xe7, 0x3e, 0xe7,
    0x1d, 0xdf, 0x85, 0x29, 0x61, 0x08, 0x20, 0x00, 0x20, 0x00, 0x00, 0x00, 0x00, 0x00, 0x00, 0x00,
    0x00, 0x00, 0x00, 0x00, 0x00, 0x00, 0x00, 0x00, 0x20, 0x00, 0x20, 0x00, 0x61, 0x08, 0x65, 0x29,
    0x1d, 0xdf, 0x5e, 0xe7, 0x5e, 0xe7, 0x5e, 0xe7, 0x7e, 0xef, 0x7e, 0xef, 0x7e, 0xef, 0x7e, 0xe7,
    0x7e, 0xef, 0x7e, 0xef, 0x7e, 0xe7, 0x5e, 0xe7, 0x7e, 0xef, 0x5e, 0xe7, 0x5e, 0xe7, 0x3e, 0xe7,
    0x1d, 0xdf, 0x85, 0x29, 0x61, 0x08, 0x20, 0x00, 0x20, 0x00, 0x00, 0x00, 0x00, 0x00, 0x00, 0x00,
    0x00, 0x00, 0x00, 0x00, 0x00, 0x00, 0x00, 0x00, 0x20, 0x00, 0x20, 0x00, 0x61, 0x08, 0x65, 0x29,
    0x1d, 0xdf, 0x5e, 0xe7, 0x5e, 0xe7, 0x5e, 0xe7, 0x7e, 0xef, 0x7e, 0xef, 0x7e, 0xef, 0x7e, 0xe7,
    0x7e, 0xef, 0x7e, 0xef, 0x7e, 0xe7, 0x5e, 0xe7, 0x7e, 0xef, 0x5e, 0xe7, 0x5e, 0xe7, 0x3e, 0xe7,
    0x1d, 0xdf, 0x85, 0x29, 0x61, 0x08, 0x20, 0x00, 0x20, 0x00, 0x00, 0x00, 0x00, 0x00, 0x00, 0x00,
    0x00, 0x00, 0x00, 0x00, 0x00, 0x00, 0x00, 0x00, 0x20, 0x00, 0x20, 0x00, 0x61, 0x08, 0x65, 0x29,
    0x1d, 0xdf, 0x5e, 0xe7, 0x5e, 0xe7, 0x5e, 0xe7, 0x7e, 0xef, 0x7e, 0xef, 0x7e, 0xef, 0x7e, 0xe7,
    0x7e, 0xef, 0x7e, 0xef, 0x7e, 0xe7, 0x5e, 0xe7, 0x7e, 0xef, 0x5e, 0xe7, 0x5e, 0xe7, 0x3e, 0xe7,
    0x1d, 0xdf, 0x85, 0x29, 0x61, 0x08, 0x20, 0x00, 0x20, 0x00, 0x00, 0x00, 0x00, 0x00, 0x00, 0x00,
    0x00, 0x00, 0x00, 0x00, 0x00, 0x00, 0x00, 0x00, 0x20, 0x00, 0x20, 0x00, 0x61, 0x08, 0x65, 0x29,
    0x1d, 0xdf, 0x5e, 0xe7, 0x5e, 0xe7, 0x5e, 0xe7, 0x7e, 0xef, 0x7e, 0xef, 0x7e, 0xef, 0x7e, 0xe7,
    0x7e, 0xef, 0x7e, 0xef, 0x7e, 0xe7, 0x5e, 0xe7, 0x7e, 0xef, 0x5e, 0xe7, 0x5e, 0xe7, 0x3e, 0xe7,
    0x1d, 0xdf, 0x85, 0x29, 0x61, 0x08, 0x20, 0x00, 0x20, 0x00, 0x00, 0x00, 0x00, 0x00, 0x00, 0x00,
    0x00, 0x00, 0x00, 0x00, 0x00, 0x00, 0x00, 0x00, 0x20, 0x00, 0x20, 0x00, 0x61, 0x08, 0x65, 0x29,
    0x1d, 0xdf, 0x5e, 0xe7, 0x5e, 0xe7, 0x5e, 0xe7, 0x7e, 0xef, 0x7e, 0xef, 0x7e, 0xef, 0x7e, 0xe7,
    0x7e, 0xef, 0x7e, 0xef, 0x7e, 0xe7, 0x5e, 0xe7, 0x7e, 0xef, 0x5e, 0xe7, 0x5e, 0xe7, 0x3e, 0xe7,
    0x1d, 0xdf, 0x85, 0x29, 0x61, 0x08, 0x20, 0x00, 0x20, 0x00, 0x00, 0x00, 0x00, 0x00, 0x00, 0x00,
    0x00, 0x00, 0x00, 0x00, 0x00, 0x00, 0x00, 0x00, 0x20, 0x00, 0x20, 0x00, 0x61, 0x08, 0x65, 0x29,
    0x1d, 0xdf, 0x5e, 0xe7, 0x5e, 0xe7, 0x5e, 0xe7, 0x7e, 0xef, 0x7e, 0xef, 0x7e, 0xef, 0x7e, 0xe7,
    0x7e, 0xef, 0x7e, 0xef, 0x7e, 0xe7, 0x5e, 0xe7, 0x7e, 0xef, 0x5e, 0xe7, 0x5e, 0xe7, 0x3e, 0xe7,
    0x1d, 0xdf, 0x85, 0x29, 0x61, 0x08, 0x20, 0x00, 0x20, 0x00, 0x00, 0x00, 0x00, 0x00, 0x00, 0x00,
    0x00, 0x00, 0x00, 0x00, 0x00, 0x00, 0x00, 0x00, 0x20, 0x00, 0x20, 0x00, 0x61, 0x08, 0x65, 0x29,
    0x1d, 0xdf, 0x5e, 0xe7, 0x5e, 0xe7, 0x5e, 0xe7, 0x7e, 0xef, 0x7e, 0xef, 0x7e, 0xef, 0x7e, 0xe7,
    0x7e, 0xef, 0x7e, 0xef, 0x7e, 0xe7, 0x5e, 0xe7, 0x7e, 0xef, 0x5e, 0xe7, 0x5e, 0xe7, 0x3e, 0xe7,
    0x1d, 0xdf, 0x85, 0x29, 0x61, 0x08, 0x20, 0x00, 0x20, 0x00, 0x00, 0x00, 0x00, 0x00, 0x00, 0x00,
    0x00, 0x00, 0x00, 0x00, 0x00, 0x00, 0x00, 0x00, 0x20, 0x00, 0x20, 0x00, 0x61, 0x08, 0x65, 0x29,
    0x1d, 0xdf, 0x5e, 0xe7, 0x5e, 0xe7, 0x5e, 0xe7, 0x7e, 0xef, 0x7e, 0xef, 0x7e, 0xef, 0x7e, 0xe7,
    0x7e, 0xef, 0x7e, 0xef, 0x7e, 0xe7, 0x5e, 0xe7, 0x7e, 0xef, 0x5e, 0xe7, 0x5e, 0xe7, 0x3e, 0xe7,
    0x1d, 0xdf, 0x85, 0x29, 0x61, 0x08, 0x20, 0x00, 0x20, 0x00, 0x00, 0x00, 0x00, 0x00, 0x00, 0x00,
    0x00, 0x00, 0x00, 0x00, 0x00, 0x00, 0x00, 0x00, 0x20, 0x00, 0x20, 0x00, 0x61, 0x08, 0x65, 0x29,
    0x1d, 0xdf, 0x5e, 0xe7, 0x5e, 0xe7, 0x5e, 0xe7, 0x7e, 0xef, 0x7e, 0xef, 0x7e, 0xef, 0x7e, 0xe7,
    0x7e, 0xef, 0x7e, 0xef, 0x7e, 0xe7, 0x5e, 0xe7, 0x7e, 0xef, 0x5e, 0xe7, 0x5e, 0xe7, 0x3e, 0xe7,
    0x1d, 0xdf, 0x85, 0x29, 0x61, 0x08, 0x20, 0x00, 0x20, 0x00, 0x00, 0x00, 0x00, 0x00, 0x00, 0x00,
    0x00, 0x00, 0x00, 0x00, 0x00, 0x00, 0x00, 0x00, 0x20, 0x00, 0x20, 0x00, 0x61, 0x08, 0x65, 0x29,
    0x1d, 0xdf, 0x5e, 0xe7, 0x5e, 0xe7, 0x5e, 0xe7, 0x7e, 0xef, 0x7e, 0xef, 0x7e, 0xef, 0x7e, 0xe7,
    0x7e, 0xef, 0x7e, 0xef, 0x7e, 0xe7, 0x5e, 0xe7, 0x7e, 0xef, 0x5e, 0xe7, 0x5e, 0xe7, 0x3e, 0xe7,
    0x1d, 0xdf, 0x85, 0x29, 0x61, 0x08, 0x20, 0x00, 0x20, 0x00, 0x00, 0x00, 0x00, 0x00, 0x00, 0x00,
    0x00, 0x00, 0x00, 0x00, 0x00, 0x00, 0x00, 0x00, 0x20, 0x00, 0x20, 0x00, 0x61, 0x08, 0x65, 0x29,
    0x1d, 0xdf, 0x5e, 0xe7, 0x5e, 0xe7, 0x5e, 0xe7, 0x7e, 0xef, 0x7e, 0xef, 0x7e, 0xef, 0x7e, 0xe7,
    0x7e, 0xef, 0x7e, 0xef, 0x7e, 0xe7, 0x5e, 0xe7, 0x7e, 0xef, 0x5e, 0xe7, 0x5e, 0xe7, 0x3e, 0xe7,
    0x1d, 0xdf, 0x85, 0x29, 0x61, 0x08, 0x20, 0x00, 0x20, 0x00, 0x00, 0x00, 0x00, 0x00, 0x00, 0x00,
    0x00, 0x00, 0x00, 0x00, 0x00, 0x00, 0x00, 0x00, 0x20, 0x00, 0x20, 0x00, 0x61, 0x08, 0x65, 0x29,
    0x1d, 0xdf, 0x5e, 0xe7, 0x5e, 0xe7, 0x5e, 0xe7, 0x7e, 0xef, 0x7e, 0xef, 0x7e, 0xef, 0x7e, 0xe7,
    0x7e, 0xef, 0x7e, 0xef, 0x7e, 0xe7, 0x5e, 0xe7, 0x7e, 0xef, 0x5e, 0xe7, 0x5e, 0xe7, 0x3e, 0xe7,
    0x1d, 0xdf, 0x85, 0x29, 0x61, 0x08, 0x20, 0x00, 0x20, 0x00, 0x00, 0x00, 0x00, 0x00, 0x00, 0x00,
    0x00, 0x00, 0x00, 0x00, 0x00, 0x00, 0x00, 0x00, 0x20, 0x00, 0x20, 0x00, 0x61, 0x08, 0x65, 0x29,
    0x1d, 0xdf, 0x5e, 0xe7, 0x5e, 0xe7, 0x5e, 0xe7, 0x7e, 0xef, 0x7e, 0xef, 0x7e, 0xef, 0x7e, 0xe7,
    0x7e, 0xef, 0x7e, 0xef, 0x7e, 0xe7, 0x5e, 0xe7, 0x7e, 0xef, 0x5e, 0xe7, 0x5e, 0xe7, 0x3e, 0xe7,
    0x1d, 0xdf, 0x85, 0x29, 0x61, 0x08, 0x20, 0x00, 0x20, 0x00, 0x00, 0x00, 0x00, 0x00, 0x00, 0x00,
    0x00, 0x00, 0x00, 0x00, 0x00, 0x00, 0x00, 0x00, 0x20, 0x00, 0x20, 0x00, 0x61, 0x08, 0x65, 0x29,
    0x1d, 0xdf, 0x5e, 0xe7, 0x5e, 0xe7, 0x5e, 0xe7, 0x7e, 0xef, 0x7e, 0xef, 0x7e, 0xef, 0x7e, 0xe7,
    0x7e, 0xef, 0x7e, 0xef, 0x7e, 0xe7, 0x5e, 0xe7, 0x7e, 0xef, 0x5e, 0xe7, 0x5e, 0xe7, 0x3e, 0xe7,
    0x1d, 0xdf, 0x85, 0x29, 0x61, 0x08, 0x20, 0x00, 0x20, 0x00, 0x00, 0x00, 0x00, 0x00, 0x00, 0x00,
    0x00, 0x00, 0x00, 0x00, 0x00, 0x00, 0x00, 0x00, 0x20, 0x00, 0x20, 0x00, 0x61, 0x08, 0x65, 0x29,
    0x1d, 0xdf, 0x5e, 0xe7, 0x5e, 0xe7, 0x5e, 0xe7, 0x7e, 0xef, 0x7e, 0xef, 0x7e, 0xef, 0x7e, 0xe7,
    0x7e, 0xef, 0x7e, 0xef, 0x7e, 0xe7, 0x5e, 0xe7, 0x7e, 0xef, 0x5e, 0xe7, 0x5e, 0xe7, 0x3e, 0xe7,
    0x1d, 0xdf, 0x85, 0x29, 0x61, 0x08, 0x20, 0x00, 0x20, 0x00, 0x00, 0x00, 0x00, 0x00, 0x00, 0x00,
    0x00, 0x00, 0x00, 0x00, 0x00, 0x00, 0x00, 0x00, 0x20, 0x00, 0x20, 0x00, 0x61, 0x08, 0x65, 0x29,
    0x1d, 0xdf, 0x5e, 0xe7, 0x5e, 0xe7, 0x5e, 0xe7, 0x7e, 0xef, 0x7e, 0xef, 0x7e, 0xef, 0x7e, 0xe7,
    0x7e, 0xef, 0x7e, 0xef, 0x7e, 0xe7, 0x5e, 0xe7, 0x7e, 0xef, 0x5e, 0xe7, 0x5e, 0xe7, 0x3e, 0xe7,
    0x1d, 0xdf, 0x85, 0x29, 0x61, 0x08, 0x20, 0x00, 0x20, 0x00, 0x00, 0x00, 0x00, 0x00, 0x00, 0x00,
    0x00, 0x00, 0x00, 0x00, 0x00, 0x00, 0x00, 0x00, 0x20, 0x00, 0x20, 0x00, 0x61, 0x08, 0x65, 0x29,
    0x1d, 0xdf, 0x5e, 0xe7, 0x5e, 0xe7, 0x5e, 0xe7, 0x7e, 0xef, 0x7e, 0xef, 0x7e, 0xef, 0x7e, 0xe7,
    0x7e, 0xef, 0x7e, 0xef, 0x7e, 0xe7, 0x5e, 0xe7, 0x7e, 0xef, 0x5e, 0xe7, 0x5e, 0xe7, 0x3e, 0xe7,
    0x1d, 0xdf, 0x85, 0x29, 0x61, 0x08, 0x20, 0x00, 0x20, 0x00, 0x00, 0x00, 0x00, 0x00, 0x00, 0x00,
    0x00, 0x00, 0x00, 0x00, 0x00, 0x00, 0x00, 0x00, 0x20, 0x00, 0x20, 0x00, 0x61, 0x08, 0x65, 0x29,
    0x1d, 0xdf, 0x5e, 0xe7, 0x5e, 0xe7, 0x5e, 0xe7, 0x7e, 0xef, 0x7e, 0xef, 0x7e, 0xef, 0x7e, 0xe7,
    0x7e, 0xef, 0x7e, 0xef, 0x7e, 0xe7, 0x5e, 0xe7, 0x7e, 0xef, 0x5e, 0xe7, 0x5e, 0xe7, 0x3e, 0xe7,
    0x1d, 0xdf, 0x85, 0x29, 0x61, 0x08, 0x20, 0x00, 0x20, 0x00, 0x00, 0x00, 0x00, 0x00, 0x00, 0x00,
    0x00, 0x00, 0x00, 0x00, 0x00, 0x00, 0x00, 0x00, 0x20, 0x00, 0x20, 0x00, 0x61, 0x08, 0x65, 0x29,
    0x1d, 0xdf, 0x5e, 0xe7, 0x5e, 0xe7, 0x5e, 0xe7, 0x7e, 0xef, 0x7e, 0xef, 0x7e, 0xef, 0x7e, 0xe7,
    0x7e, 0xef, 0x7e, 0xef, 0x7e, 0xe7, 0x5e, 0xe7, 0x7e, 0xef, 0x5e, 0xe7, 0x5e, 0xe7, 0x3e, 0xe7,
    0x1d, 0xdf, 0x85, 0x29, 0x61, 0x08, 0x20, 0x00, 0x20, 0x00, 0x00, 0x00, 0x00, 0x00, 0x00, 0x00,
    0x00, 0x00, 0x00, 0x00, 0x00, 0x00, 0x00, 0x00, 0x20, 0x00, 0x20, 0x00, 0x61, 0x08, 0x65, 0x29,
    0x1d, 0xdf, 0x5e, 0xe7, 0x5e, 0xe7, 0x5e, 0xe7, 0x7e, 0xef, 0x7e, 0xef, 0x7e, 0xef, 0x7e, 0xe7,
    0x7e, 0xef, 0x7e, 0xef, 0x7e, 0xe7, 0x5e, 0xe7, 0x7e, 0xef, 0x5e, 0xe7, 0x5e, 0xe7, 0x3e, 0xe7,
    0x1d, 0xdf, 0x85, 0x29, 0x61, 0x08, 0x20, 0x00, 0x20, 0x00, 0x00, 0x00, 0x00, 0x00, 0x00, 0x00,
    0x00, 0x00, 0x00, 0x00, 0x00, 0x00, 0x00, 0x00, 0x20, 0x00, 0x20, 0x00, 0x61, 0x08, 0x65, 0x29,
    0x1d, 0xdf, 0x5e, 0xe7, 0x5e, 0xe7, 0x5e, 0xe7, 0x7e, 0xef, 0x7e, 0xef, 0x7e, 0xef, 0x7e, 0xe7,
    0x7e, 0xef, 0x7e, 0xef, 0x7e, 0xe7, 0x5e, 0xe7, 0x7e, 0xef, 0x5e, 0xe7, 0x5e, 0xe7, 0x3e, 0xe7,
    0x1d, 0xdf, 0x85, 0x29, 0x61, 0x08, 0x20, 0x00, 0x20, 0x00, 0x00, 0x00, 0x00, 0x00, 0x00, 0x00,
    0x00, 0x00, 0x00, 0x00, 0x00, 0x00, 0x00, 0x00, 0x20, 0x00, 0x20, 0x00, 0x61, 0x08, 0x65, 0x29,
    0x1d, 0xdf, 0x5e, 0xe7, 0x5e, 0xe7, 0x5e, 0xe7, 0x7e, 0xef, 0x7e, 0xef, 0x7e, 0xef, 0x7e, 0xe7,
    0x7e, 0xef, 0x7e, 0xef, 0x7e, 0xe7, 0x5e, 0xe7, 0x7e, 0xef, 0x5e, 0xe7, 0x5e, 0xe7, 0x3e, 0xe7,
    0x1d, 0xdf, 0x85, 0x29, 0x61, 0x08, 0x20, 0x00, 0x20, 0x00, 0x00, 0x00, 0x00, 0x00, 0x00, 0x00,
    0x00, 0x00, 0x00, 0x00, 0x00, 0x00, 0x00, 0x00, 0x20, 0x00, 0x20, 0x00, 0x61, 0x08, 0x65, 0x29,
    0x1d, 0xdf, 0x5e, 0xe7, 0x5e, 0xe7, 0x5e, 0xe7, 0x7e, 0xef, 0x7e, 0xef, 0x7e, 0xef, 0x7e, 0xe7,
    0x7e, 0xef, 0x7e, 0xef, 0x7e, 0xe7, 0x5e, 0xe7, 0x7e, 0xef, 0x5e, 0xe7, 0x5e, 0xe7, 0x3e, 0xe7,
    0x1d, 0xdf, 0x85, 0x29, 0x61, 0x08, 0x20, 0x00, 0x20, 0x00, 0x00, 0x00, 0x00, 0x00, 0x00, 0x00,
    0x00, 0x00, 0x00, 0x00, 0x00, 0x00, 0x00, 0x00, 0x20, 0x00, 0x20, 0x00, 0x61, 0x08, 0x65, 0x29,
    0x1d, 0xdf, 0x5e, 0xe7, 0x5e, 0xe7, 0x5e, 0xe7, 0x7e, 0xef, 0x7e, 0xef, 0x7e, 0xef, 0x7e, 0xe7,
    0x7e, 0xef, 0x7e, 0xef, 0x7e, 0xe7, 0x5e, 0xe7, 0x7e, 0xef, 0x5e, 0xe7, 0x5e, 0xe7, 0x3e, 0xe7,
    0x1d, 0xdf, 0x85, 0x29, 0x61, 0x08, 0x20, 0x00, 0x20, 0x00, 0x00, 0x00, 0x00, 0x00, 0x00, 0x00,
    0x00, 0x00, 0x00, 0x00, 0x00, 0x00, 0x00, 0x00, 0x20, 0x00, 0x20, 0x00, 0x61, 0x08, 0x65, 0x29,
    0x1d, 0xdf, 0x5e, 0xe7, 0x5e, 0xe7, 0x5e, 0xe7, 0x7e, 0xef, 0x7e, 0xef, 0x7e, 0xef, 0x7e, 0xe7,
    0x7e, 0xef, 0x7e, 0xef, 0x7e, 0xe7, 0x5e, 0xe7, 0x7e, 0xef, 0x5e, 0xe7, 0x5e, 0xe7, 0x3e, 0xe7,
    0x1d, 0xdf, 0x85, 0x29, 0x61, 0x08, 0x20, 0x00, 0x20, 0x00, 0x00, 0x00, 0x00, 0x00, 0x00, 0x00,
    0x00, 0x00, 0x00, 0x00, 0x00, 0x00, 0x00, 0x00, 0x20, 0x00, 0x20, 0x00, 0x61, 0x08, 0x65, 0x29,
    0x1d, 0xdf, 0x5e, 0xe7, 0x5e, 0xe7, 0x5e, 0xe7, 0x7e, 0xef, 0x7e, 0xef, 0x7e, 0xef, 0x7e, 0xe7,
    0x7e, 0xef, 0x7e, 0xef, 0x7e, 0xe7, 0x5e, 0xe7, 0x7e, 0xef, 0x5e, 0xe7, 0x5e, 0xe7, 0x3e, 0xe7,
    0x1d, 0xdf, 0x85, 0x29, 0x61, 0x08, 0x20, 0x00, 0x20, 0x00, 0x00, 0x00, 0x00, 0x00, 0x00, 0x00,
    0x00, 0x00, 0x00, 0x00, 0x00, 0x00, 0x00, 0x00, 0x20, 0x00, 0x20, 0x00, 0x61, 0x08, 0x65, 0x29,
    0x1d, 0xdf, 0x5e, 0xe7, 0x5e, 0xe7, 0x5e, 0xe7, 0x7e, 0xef, 0x7e, 0xef, 0x7e, 0xef, 0x7e, 0xe7,
    0x7e, 0xef, 0x7e, 0xef, 0x7e, 0xe7, 0x5e, 0xe7, 0x7e, 0xef, 0x5e, 0xe7, 0x5e, 0xe7, 0x3e, 0xe7,
    0x1d, 0xdf, 0x85, 0x29, 0x61, 0x08, 0x20, 0x00, 0x20, 0x00, 0x00, 0x00, 0x00, 0x00, 0x00, 0x00,
    0x00, 0x00, 0x00, 0x00, 0x00, 0x00, 0x00, 0x00, 0x20, 0x00, 0x20, 0x00, 0x61, 0x08, 0x65, 0x29,
    0x1d, 0xdf, 0x5e, 0xe7, 0x5e, 0xe7, 0x5e, 0xe7, 0x7e, 0xef, 0x7e, 0xef, 0x7e, 0xef, 0x7e, 0xe7,
    0x7e, 0xef, 0x7e, 0xef, 0x7e, 0xe7, 0x5e, 0xe7, 0x7e, 0xef, 0x5e, 0xe7, 0x5e, 0xe7, 0x3e, 0xe7,
    0x1d, 0xdf, 0x85, 0x29, 0x61, 0x08, 0x20, 0x00, 0x20, 0x00, 0x00, 0x00, 0x00, 0x00, 0x00, 0x00,
    0x00, 0x00, 0x00, 0x00, 0x00, 0x00, 0x00, 0x00, 0x20, 0x00, 0x20, 0x00, 0x61, 0x08, 0x65, 0x29,
    0x1d, 0xdf, 0x5e, 0xe7, 0x5e, 0xe7, 0x5e, 0xe7, 0x7e, 0xef, 0x7e, 0xef, 0x7e, 0xef, 0x7e, 0xe7,
    0x7e, 0xef, 0x7e, 0xef, 0x7e, 0xe7, 0x5e, 0xe7, 0x7e, 0xef, 0x5e, 0xe7, 0x5e, 0xe7, 0x3e, 0xe7,
    0x1d, 0xdf, 0x85, 0x29, 0x61, 0x08, 0x20, 0x00, 0x20, 0x00, 0x00, 0x00, 0x00, 0x00, 0x00, 0x00,
    0x00, 0x00, 0x00, 0x00, 0x00, 0x00, 0x00, 0x00, 0x20, 0x00, 0x20, 0x00, 0x61, 0x08, 0x65, 0x29,
    0x1d, 0xdf, 0x5e, 0xe7, 0x5e, 0xe7, 0x5e, 0xe7, 0x7e, 0xef, 0x7e, 0xef, 0x7e, 0xef, 0x7e, 0xe7,
    0x7e, 0xef, 0x7e, 0xef, 0x7e, 0xe7, 0x5e, 0xe7, 0x7e, 0xef, 0x5e, 0xe7, 0x5e, 0xe7, 0x3e, 0xe7,
    0x1d, 0xdf, 0x85, 0x29, 0x61, 0x08, 0x20, 0x00, 0x20, 0x00, 0x00, 0x00, 0x00, 0x00, 0x00, 0x00,
    0x00, 0x00, 0x00, 0x00, 0x00, 0x00, 0x00, 0x00, 0x20, 0x00, 0x20, 0x00, 0x61, 0x08, 0x65, 0x29,
    0x1d, 0xdf, 0x5e, 0xe7, 0x5e, 0xe7, 0x5e, 0xe7, 0x7e, 0xef, 0x7e, 0xef, 0x7e, 0xef, 0x7e, 0xe7,
    0x7e, 0xef, 0x7e, 0xef, 0x7e, 0xe7, 0x5e, 0xe7, 0x7e, 0xef, 0x5e, 0xe7, 0x5e, 0xe7, 0x3e, 0xe7,
    0x1d, 0xdf, 0x85, 0x29, 0x61, 0x08, 0x20, 0x00, 0x20, 0x00, 0x00, 0x00, 0x00, 0x00, 0x00, 0x00,
    0x00, 0x00, 0x00, 0x00, 0x00, 0x00, 0x00, 0x00, 0x20, 0x00, 0x20, 0x00, 0x61, 0x08, 0x65, 0x29,
    0x1d, 0xdf, 0x5e, 0xe7, 0x5e, 0xe7, 0x5e, 0xe7, 0x7e, 0xef, 0x7e, 0xef, 0x7e, 0xef, 0x7e, 0xe7,
    0x7e, 0xef, 0x7e, 0xef, 0x7e, 0xe7, 0x5e, 0xe7, 0x7e, 0xef, 0x5e, 0xe7, 0x5e, 0xe7, 0x3e, 0xe7,
    0x1d, 0xdf, 0x85, 0x29, 0x61, 0x08, 0x20, 0x00, 0x20, 0x00, 0x00, 0x00, 0x00, 0x00, 0x00, 0x00,
    0x00, 0x00, 0x00, 0x00, 0x00, 0x00, 0x00, 0x00, 0x20, 0x00, 0x20, 0x00, 0x61, 0x08, 0x65, 0x29,
    0x1d, 0xdf, 0x5e, 0xe7, 0x5e, 0xe7, 0x5e, 0xe7, 0x7e, 0xef, 0x7e, 0xef, 0x7e, 0xef, 0x7e, 0xe7,
    0x7e, 0xef, 0x7e, 0xef, 0x7e, 0xe7, 0x5e, 0xe7, 0x7e, 0xef, 0x5e, 0xe7, 0x5e, 0xe7, 0x3e, 0xe7,
    0x1d, 0xdf, 0x85, 0x29, 0x61, 0x08, 0x20, 0x00, 0x20, 0x00, 0x00, 0x00, 0x00, 0x00, 0x00, 0x00,
    0x00, 0x00, 0x00, 0x00, 0x00, 0x00, 0x00, 0x00, 0x20, 0x00, 0x20, 0x00, 0x61, 0x08, 0x65, 0x29,
    0x1d, 0xdf, 0x5e, 0xe7, 0x5e, 0xe7, 0x5e, 0xe7, 0x7e, 0xef, 0x7e, 0xef, 0x7e, 0xef, 0x7e, 0xe7,
    0x7e, 0xef, 0x7e, 0xef, 0x7e, 0xe7, 0x5e, 0xe7, 0x7e, 0xef, 0x5e, 0xe7, 0x5e, 0xe7, 0x3e, 0xe7,
    0x1d, 0xdf, 0x85, 0x29, 0x61, 0x08, 0x20, 0x00, 0x20, 0x00, 0x00, 0x00, 0x00, 0x00, 0x00, 0x00,
    0x00, 0x00, 0x00, 0x00, 0x00, 0x00, 0x00, 0x00, 0x20, 0x00, 0x20, 0x00, 0x61, 0x08, 0x65, 0x29,
    0x1d, 0xdf, 0x5e, 0xe7, 0x5e, 0xe7, 0x5e, 0xe7, 0x7e, 0xef, 0x7e, 0xef, 0x7e, 0xef, 0x7e, 0xe7,
    0x7e, 0xef, 0x7e, 0xef, 0x7e, 0xe7, 0x5e, 0xe7, 0x7e, 0xef, 0x5e, 0xe7, 0x5e, 0xe7, 0x3e, 0xe7,
    0x1d, 0xdf, 0x85, 0x29, 0x61, 0x08, 0x20, 0x00, 0x20, 0x00, 0x00, 0x00, 0x00, 0x00, 0x00, 0x00,
    0x00, 0x00, 0x00, 0x00, 0x00, 0x00, 0x00, 0x00, 0x20, 0x00, 0x20, 0x00, 0x61, 0x08, 0x65, 0x29,
    0x1d, 0xdf, 0x5e, 0xe7, 0x5e, 0xe7, 0x5e, 0xe7, 0x7e, 0xef, 0x7e, 0xef, 0x7e, 0xef, 0x7e, 0xe7,
    0x7e, 0xef, 0x7e, 0xef, 0x7e, 0xe7, 0x5e, 0xe7, 0x7e, 0xef, 0x5e, 0xe7, 0x5e, 0xe7, 0x3e, 0xe7,
    0x1d, 0xdf, 0x85, 0x29, 0x61, 0x08, 0x20, 0x00, 0x20, 0x00, 0x00, 0x00, 0x00, 0x00, 0x00, 0x00,
    0x00, 0x00, 0x00, 0x00, 0x00, 0x00, 0x00, 0x00, 0x20, 0x00, 0x20, 0x00, 0x61, 0x08, 0x65, 0x29,
    0x1d, 0xdf, 0x5e, 0xe7, 0x5e, 0xe7, 0x5e, 0xe7, 0x7e, 0xef, 0x7e, 0xef, 0x7e, 0xef, 0x7e, 0xe7,
    0x7e, 0xef, 0x7e, 0xef, 0x7e, 0xe7, 0x5e, 0xe7, 0x7e, 0xef, 0x5e, 0xe7, 0x5e, 0xe7, 0x3e, 0xe7,
    0x1d, 0xdf, 0x85, 0x29, 0x61, 0x08, 0x20, 0x00, 0x20, 0x00, 0x00, 0x00, 0x00, 0x00, 0x00, 0x00,
    0x00, 0x00, 0x00, 0x00, 0x00, 0x00, 0x00, 0x00, 0x20, 0x00, 0x20, 0x00, 0x61, 0x08, 0x65, 0x29,
    0x1d, 0xdf, 0x5e, 0xe7, 0x5e, 0xe7, 0x5e, 0xe7, 0x7e, 0xef, 0x7e, 0xef, 0x7e, 0xef, 0x7e, 0xe7,
    0x7e, 0xef, 0x7e, 0xef, 0x7e, 0xe7, 0x5e, 0xe7, 0x7e, 0xef, 0x5e, 0xe7, 0x5e, 0xe7, 0x3e, 0xe7,
    0x1d, 0xdf, 0x85, 0x29, 0x61, 0x08, 0x20, 0x00, 0x20, 0x00, 0x00, 0x00, 0x00, 0x00, 0x00, 0x00,
    0x00, 0x00, 0x00, 0x00, 0x00, 0x00, 0x00, 0x00, 0x20, 0x00, 0x20, 0x00, 0x61, 0x08, 0x65, 0x29,
    0x1d, 0xdf, 0x5e, 0xe7, 0x5e, 0xe7, 0x5e, 0xe7, 0x7e, 0xef, 0x7e, 0xef, 0x7e, 0xef, 0x7e, 0xe7,
    0x7e, 0xef, 0x7e, 0xef, 0x7e, 0xe7, 0x5e, 0xe7, 0x7e, 0xef, 0x5e, 0xe7, 0x5e, 0xe7, 0x3e, 0xe7,
    0x1d, 0xdf, 0x85, 0x29, 0x61, 0x08, 0x20, 0x00, 0x20, 0x00, 0x00, 0x00, 0x00, 0x00, 0x00, 0x00,
    0x00, 0x00, 0x00, 0x00, 0x00, 0x00, 0x00, 0x00, 0x20, 0x00, 0x20, 0x00, 0x61, 0x08, 0x65, 0x29,
    0x1d, 0xdf, 0x5e, 0xe7, 0x5e, 0xe7, 0x5e, 0xe7, 0x7e, 0xef, 0x7e, 0xef, 0x7e, 0xef, 0x7e, 0xe7,
    0x7e, 0xef, 0x7e, 0xef, 0x7e, 0xe7, 0x5e, 0xe7, 0x7e, 0xef, 0x5e, 0xe7, 0x5e, 0xe7, 0x3e, 0xe7,
    0x1d, 0xdf, 0x85, 0x29, 0x61, 0x08, 0x20, 0x00, 0x20, 0x00, 0x00, 0x00, 0x00, 0x00, 0x00, 0x00,
    0x00, 0x00, 0x00, 0x00, 0x00, 0x00, 0x00, 0x00, 0x20, 0x00, 0x20, 0x00, 0x61, 0x08, 0x65, 0x29,
    0x1d, 0xdf, 0x5e, 0xe7, 0x5e, 0xe7, 0x5e, 0xe7, 0x7e, 0xef, 0x7e, 0xef, 0x7e, 0xef, 0x7e, 0xe7,
    0x7e, 0xef, 0x7e, 0xef, 0x7e, 0xe7, 0x5e, 0xe7, 0x7e, 0xef, 0x5e, 0xe7, 0x5e, 0xe7, 0x3e, 0xe7,
    0x1d, 0xdf, 0x85, 0x29, 0x61, 0x08, 0x20, 0x00, 0x20, 0x00, 0x00, 0x00, 0x00, 0x00, 0x00, 0x00,
    0x00, 0x00, 0x00, 0x00, 0x00, 0x00, 0x00, 0x00, 0x20, 0x00, 0x20, 0x00, 0x61, 0x08, 0x65, 0x29,
    0x1d, 0xdf, 0x5e, 0xe7, 0x5e, 0xe7, 0x5e, 0xe7, 0x7e, 0xef, 0x7e, 0xef, 0x7e, 0xef, 0x7e, 0xe7,
    0x7e, 0xef, 0x7e, 0xef, 0x7e, 0xe7, 0x5e, 0xe7, 0x7e, 0xef, 0x5e, 0xe7, 0x5e, 0xe7, 0x3e, 0xe7,
    0x1d, 0xdf, 0x85, 0x29, 0x61, 0x08, 0x20, 0x00, 0x20, 0x00, 0x00, 0x00, 0x00, 0x00, 0x00, 0x00,
    0x00, 0x00, 0x00, 0x00, 0x00, 0x00, 0x00, 0x00, 0x20, 0x00, 0x20, 0x00, 0x61, 0x08, 0x65, 0x29,
    0x1d, 0xdf, 0x5e, 0xe7, 0x5e, 0xe7, 0x5e, 0xe7, 0x7e, 0xef, 0x7e, 0xef, 0x7e, 0xef, 0x7e, 0xe7,
    0x7e, 0xef, 0x7e, 0xef, 0x7e, 0xe7, 0x5e, 0xe7, 0x7e, 0xef, 0x5e, 0xe7, 0x5e, 0xe7, 0x3e, 0xe7,
    0x1d, 0xdf, 0x85, 0x29, 0x61, 0x08, 0x20, 0x00, 0x20, 0x00, 0x00, 0x00, 0x00, 0x00, 0x00, 0x00,
    0x00, 0x00, 0x00, 0x00, 0x00, 0x00, 0x00, 0x00, 0x20, 0x00, 0x20, 0x00, 0x61, 0x08, 0x65, 0x29,
    0x1d, 0xdf, 0x5e, 0xe7, 0x5e, 0xe7, 0x5e, 0xe7, 0x7e, 0xef, 0x7e, 0xef, 0x7e, 0xef, 0x7e, 0xe7,
    0x7e, 0xef, 0x7e, 0xef, 0x7e, 0xe7, 0x5e, 0xe7, 0x7e, 0xef, 0x5e, 0xe7, 0x5e, 0xe7, 0x3e, 0xe7,
    0x1d, 0xdf, 0x85, 0x29, 0x61, 0x08, 0x20, 0x00, 0x20, 0x00, 0x00, 0x00, 0x00, 0x00, 0x00, 0x00,
    0x00, 0x00, 0x00, 0x00, 0x00, 0x00, 0x00, 0x00, 0x20, 0x00, 0x20, 0x00, 0x61, 0x08, 0x65, 0x29,
    0x1d, 0xdf, 0x5e, 0xe7, 0x5e, 0xe7, 0x5e, 0xe7, 0x7e, 0xef, 0x7e, 0xef, 0x7e, 0xef, 0x7e, 0xe7,
    0x7e, 0xef, 0x7e, 0xef, 0x7e, 0xe7, 0x5e, 0xe7, 0x7e, 0xef, 0x5e, 0xe7, 0x5e, 0xe7, 0x3e, 0xe7,
    0x1d, 0xdf, 0x85, 0x29, 0x61, 0x08, 0x20, 0x00, 0x20, 0x00, 0x00, 0x00, 0x00, 0x00, 0x00, 0x00,
    0x00, 0x00, 0x00, 0x00, 0x00, 0x00, 0x00, 0x00, 0x00, 0x00, 0x20, 0x00, 0x20, 0x00, 0x61, 0x08,
    0x20, 0x00, 0xd4, 0x94, 0x5e, 0xe7, 0x5e, 0xe7, 0x5e, 0xe7, 0x7e, 0xe7, 0x7e, 0xe7, 0x7e, 0xe7,
    0x5e, 0xe7, 0x7e, 0xef, 0x5e, 0xe7, 0x5e, 0xe7, 0x5e, 0xe7, 0x5e, 0xe7, 0x3e, 0xe7, 0xb3, 0x94,
    0x20, 0x00, 0x61, 0x08, 0x20, 0x00, 0x00, 0x00, 0x00, 0x00, 0x00, 0x00, 0x00, 0x00, 0x00, 0x00,
    0x00, 0x00, 0x00, 0x00, 0x00, 0x00, 0x00, 0x00, 0x00, 0x00, 0x20, 0x00, 0x20, 0x00, 0x61, 0x08,
    0x20, 0x00, 0xd4, 0x94, 0x5e, 0xe7, 0x5e, 0xe7, 0x5e, 0xe7, 0x7e, 0xe7, 0x7e, 0xe7, 0x7e, 0xe7,
    0x5e, 0xe7, 0x7e, 0xef, 0x5e, 0xe7, 0x5e, 0xe7, 0x5e, 0xe7, 0x5e, 0xe7, 0x3e, 0xe7, 0xb3, 0x94,
    0x20, 0x00, 0x61, 0x08, 0x20, 0x00, 0x00, 0x00, 0x00, 0x00, 0x00, 0x00, 0x00, 0x00, 0x00, 0x00,
    0x00, 0x00, 0x00, 0x00, 0x00, 0x00, 0x00, 0x00, 0x00, 0x00, 0x20, 0x00, 0x20, 0x00, 0x61, 0x08,
    0x20, 0x00, 0xd4, 0x94, 0x5e, 0xe7, 0x5e, 0xe7, 0x5e, 0xe7, 0x7e, 0xe7, 0x7e, 0xe7, 0x7e, 0xe7,
    0x5e, 0xe7, 0x7e, 0xef, 0x5e, 0xe7, 0x5e, 0xe7, 0x5e, 0xe7, 0x5e, 0xe7, 0x3e, 0xe7, 0xb3, 0x94,
    0x20, 0x00, 0x61, 0x08, 0x20, 0x00, 0x00, 0x00, 0x00, 0x00, 0x00, 0x00, 0x00, 0x00, 0x00, 0x00,
    0x00, 0x00, 0x00, 0x00, 0x00, 0x00, 0x00, 0x00, 0x00, 0x00, 0x20, 0x00, 0x20, 0x00, 0x61, 0x08,
    0x20, 0x00, 0xd4, 0x94, 0x5e, 0xe7, 0x5e, 0xe7, 0x5e, 0xe7, 0x7e, 0xe7, 0x7e, 0xe7, 0x7e, 0xe7,
    0x5e, 0xe7, 0x7e, 0xef, 0x5e, 0xe7, 0x5e, 0xe7, 0x5e, 0xe7, 0x5e, 0xe7, 0x3e, 0xe7, 0xb3, 0x94,
    0x20, 0x00, 0x61, 0x08, 0x20, 0x00, 0x00, 0x00, 0x00, 0x00, 0x00, 0x00, 0x00, 0x00, 0x00, 0x00,
    0x00, 0x00, 0x00, 0x00, 0x00, 0x00, 0x00, 0x00, 0x00, 0x00, 0x20, 0x00, 0x20, 0x00, 0x61, 0x08,
    0x20, 0x00, 0xd4, 0x94, 0x5e, 0xe7, 0x5e, 0xe7, 0x5e, 0xe7, 0x7e, 0xe7, 0x7e, 0xe7, 0x7e, 0xe7,
    0x5e, 0xe7, 0x7e, 0xef, 0x5e, 0xe7, 0x5e, 0xe7, 0x5e, 0xe7, 0x5e, 0xe7, 0x3e, 0xe7, 0xb3, 0x94,
    0x20, 0x00, 0x61, 0x08, 0x20, 0x00, 0x00, 0x00, 0x00, 0x00, 0x00, 0x00, 0x00, 0x00, 0x00, 0x00,
    0x00, 0x00, 0x00, 0x00, 0x00, 0x00, 0x00, 0x00, 0x00, 0x00, 0x20, 0x00, 0x20, 0x00, 0x61, 0x08,
    0x20, 0x00, 0xd4, 0x94, 0x5e, 0xe7, 0x5e, 0xe7, 0x5e, 0xe7, 0x7e, 0xe7, 0x7e, 0xe7, 0x7e, 0xe7,
    0x5e, 0xe7, 0x7e, 0xef, 0x5e, 0xe7, 0x5e, 0xe7, 0x5e, 0xe7, 0x5e, 0xe7, 0x3e, 0xe7, 0xb3, 0x94,
    0x20, 0x00, 0x61, 0x08, 0x20, 0x00, 0x00, 0x00, 0x00, 0x00, 0x00, 0x00, 0x00, 0x00, 0x00, 0x00,
    0x00, 0x00, 0x00, 0x00, 0x00, 0x00, 0x00, 0x00, 0x00, 0x00, 0x20, 0x00, 0x20, 0x00, 0x61, 0x08,
    0x20, 0x00, 0xd4, 0x94, 0x5e, 0xe7, 0x5e, 0xe7, 0x5e, 0xe7, 0x7e, 0xe7, 0x7e, 0xe7, 0x7e, 0xe7,
    0x5e, 0xe7, 0x7e, 0xef, 0x5e, 0xe7, 0x5e, 0xe7, 0x5e, 0xe7, 0x5e, 0xe7, 0x3e, 0xe7, 0xb3, 0x94,
    0x20, 0x00, 0x61, 0x08, 0x20, 0x00, 0x00, 0x00, 0x00, 0x00, 0x00, 0x00, 0x00, 0x00, 0x00, 0x00,
    0x00, 0x00, 0x00, 0x00, 0x00, 0x00, 0x00, 0x00, 0x00, 0x00, 0x20, 0x00, 0x20, 0x00, 0x61, 0x08,
    0x20, 0x00, 0xd4, 0x94, 0x5e, 0xe7, 0x5e, 0xe7, 0x5e, 0xe7, 0x7e, 0xe7, 0x7e, 0xe7, 0x7e, 0xe7,
    0x5e, 0xe7, 0x7e, 0xef, 0x5e, 0xe7, 0x5e, 0xe7, 0x5e, 0xe7, 0x5e, 0xe7, 0x3e, 0xe7, 0xb3, 0x94,
    0x20, 0x00, 0x61, 0x08, 0x20, 0x00, 0x00, 0x00, 0x00, 0x00, 0x00, 0x00, 0x00, 0x00, 0x00, 0x00,
    0x00, 0x00, 0x00, 0x00, 0x00, 0x00, 0x00, 0x00, 0x00, 0x00, 0x20, 0x00, 0x20, 0x00, 0x61, 0x08,
    0x20, 0x00, 0xd4, 0x94, 0x5e, 0xe7, 0x5e, 0xe7, 0x5e, 0xe7, 0x7e, 0xe7, 0x7e, 0xe7, 0x7e, 0xe7,
    0x5e, 0xe7, 0x7e, 0xef, 0x5e, 0xe7, 0x5e, 0xe7, 0x5e, 0xe7, 0x5e, 0xe7, 0x3e, 0xe7, 0xb3, 0x94,
    0x20, 0x00, 0x61, 0x08, 0x20, 0x00, 0x00, 0x00, 0x00, 0x00, 0x00, 0x00, 0x00, 0x00, 0x00, 0x00,
    0x00, 0x00, 0x00, 0x00, 0x00, 0x00, 0x00, 0x00, 0x00, 0x00, 0x20, 0x00, 0x20, 0x00, 0x61, 0x08,
    0x20, 0x00, 0xd4, 0x94, 0x5e, 0xe7, 0x5e, 0xe7, 0x5e, 0xe7, 0x7e, 0xe7, 0x7e, 0xe7, 0x7e, 0xe7,
    0x5e, 0xe7, 0x7e, 0xef, 0x5e, 0xe7, 0x5e, 0xe7, 0x5e, 0xe7, 0x5e, 0xe7, 0x3e, 0xe7, 0xb3, 0x94,
    0x20, 0x00, 0x61, 0x08, 0x20, 0x00, 0x00, 0x00, 0x00, 0x00, 0x00, 0x00, 0x00, 0x00, 0x00, 0x00,
    0x00, 0x00, 0x00, 0x00, 0x00, 0x00, 0x00, 0x00, 0x00, 0x00, 0x20, 0x00, 0x20, 0x00, 0x61, 0x08,
    0x20, 0x00, 0xd4, 0x94, 0x5e, 0xe7, 0x5e, 0xe7, 0x5e, 0xe7, 0x7e, 0xe7, 0x7e, 0xe7, 0x7e, 0xe7,
    0x5e, 0xe7, 0x7e, 0xef, 0x5e, 0xe7, 0x5e, 0xe7, 0x5e, 0xe7, 0x5e, 0xe7, 0x3e, 0xe7, 0xb3, 0x94,
    0x20, 0x00, 0x61, 0x08, 0x20, 0x00, 0x00, 0x00, 0x00, 0x00, 0x00, 0x00, 0x00, 0x00, 0x00, 0x00,
    0x00, 0x00, 0x00, 0x00, 0x00, 0x00, 0x00, 0x00, 0x00, 0x00, 0x20, 0x00, 0x20, 0x00, 0x61, 0x08,
    0x20, 0x00, 0xd4, 0x94, 0x5e, 0xe7, 0x5e, 0xe7, 0x5e, 0xe7, 0x7e, 0xe7, 0x7e, 0xe7, 0x7e, 0xe7,
    0x5e, 0xe7, 0x7e, 0xef, 0x5e, 0xe7, 0x5e, 0xe7, 0x5e, 0xe7, 0x5e, 0xe7, 0x3e, 0xe7, 0xb3, 0x94,
    0x20, 0x00, 0x61, 0x08, 0x20, 0x00, 0x00, 0x00, 0x00, 0x00, 0x00, 0x00, 0x00, 0x00, 0x00, 0x00,
    0x00, 0x00, 0x00, 0x00, 0x00, 0x00, 0x00, 0x00, 0x00, 0x00, 0x20, 0x00, 0x20, 0x00, 0x61, 0x08,
    0x20, 0x00, 0xd4, 0x94, 0x5e, 0xe7, 0x5e, 0xe7, 0x5e, 0xe7, 0x7e, 0xe7, 0x7e, 0xe7, 0x7e, 0xe7,
    0x5e, 0xe7, 0x7e, 0xef, 0x5e, 0xe7, 0x5e, 0xe7, 0x5e, 0xe7, 0x5e, 0xe7, 0x3e, 0xe7, 0xb3, 0x94,
    0x20, 0x00, 0x61, 0x08, 0x20, 0x00, 0x00, 0x00, 0x00, 0x00, 0x00, 0x00, 0x00, 0x00, 0x00, 0x00,
    0x00, 0x00, 0x00, 0x00, 0x00, 0x00, 0x00, 0x00, 0x00, 0x00, 0x20, 0x00, 0x20, 0x00, 0x61, 0x08,
    0x20, 0x00, 0xd4, 0x94, 0x5e, 0xe7, 0x5e, 0xe7, 0x5e, 0xe7, 0x7e, 0xe7, 0x7e, 0xe7, 0x7e, 0xe7,
    0x5e, 0xe7, 0x7e, 0xef, 0x5e, 0xe7, 0x5e, 0xe7, 0x5e, 0xe7, 0x5e, 0xe7, 0x3e, 0xe7, 0xb3, 0x94,
    0x20, 0x00, 0x61, 0x08, 0x20, 0x00, 0x00, 0x00, 0x00, 0x00, 0x00, 0x00, 0x00, 0x00, 0x00, 0x00,
    0x00, 0x00, 0x00, 0x00, 0x00, 0x00, 0x00, 0x00, 0x00, 0x00, 0x20, 0x00, 0x20, 0x00, 0x61, 0x08,
    0x20, 0x00, 0xd4, 0x94, 0x5e, 0xe7, 0x5e, 0xe7, 0x5e, 0xe7, 0x7e, 0xe7, 0x7e, 0xe7, 0x7e, 0xe7,
    0x5e, 0xe7, 0x7e, 0xef, 0x5e, 0xe7, 0x5e, 0xe7, 0x5e, 0xe7, 0x5e, 0xe7, 0x3e, 0xe7, 0xb3, 0x94,
    0x20, 0x00, 0x61, 0x08, 0x20, 0x00, 0x00, 0x00, 0x00, 0x00, 0x00, 0x00, 0x00, 0x00, 0x00, 0x00,
    0x00, 0x00, 0x00, 0x00, 0x00, 0x00, 0x00, 0x00, 0x00, 0x00, 0x20, 0x00, 0x20, 0x00, 0x61, 0x08,
    0x20, 0x00, 0xd4, 0x94, 0x5e, 0xe7, 0x5e, 0xe7, 0x5e, 0xe7, 0x7e, 0xe7, 0x7e, 0xe7, 0x7e, 0xe7,
    0x5e, 0xe7, 0x7e, 0xef, 0x5e, 0xe7, 0x5e, 0xe7, 0x5e, 0xe7, 0x5e, 0xe7, 0x3e, 0xe7, 0xb3, 0x94,
    0x20, 0x00, 0x61, 0x08, 0x20, 0x00, 0x00, 0x00, 0x00, 0x00, 0x00, 0x00, 0x00, 0x00, 0x00, 0x00,
    0x00, 0x00, 0x00, 0x00, 0x00, 0x00, 0x00, 0x00, 0x00, 0x00, 0x20, 0x00, 0x20, 0x00, 0x61, 0x08,
    0x20, 0x00, 0xd4, 0x94, 0x5e, 0xe7, 0x5e, 0xe7, 0x5e, 0xe7, 0x7e, 0xe7, 0x7e, 0xe7, 0x7e, 0xe7,
    0x5e, 0xe7, 0x7e, 0xef, 0x5e, 0xe7, 0x5e, 0xe7, 0x5e, 0xe7, 0x5e, 0xe7, 0x3e, 0xe7, 0xb3, 0x94,
    0x20, 0x00, 0x61, 0x08, 0x20, 0x00, 0x00, 0x00, 0x00, 0x00, 0x00, 0x00, 0x00, 0x00, 0x00, 0x00,
    0x00, 0x00, 0x00, 0x00, 0x00, 0x00, 0x00, 0x00, 0x00, 0x00, 0x20, 0x00, 0x20, 0x00, 0x61, 0x08,
    0x20, 0x00, 0xd4, 0x94, 0x5e, 0xe7, 0x5e, 0xe7, 0x5e, 0xe7, 0x7e, 0xe7, 0x7e, 0xe7, 0x7e, 0xe7,
    0x5e, 0xe7, 0x7e, 0xef, 0x5e, 0xe7, 0x5e, 0xe7, 0x5e, 0xe7, 0x5e, 0xe7, 0x3e, 0xe7, 0xb3, 0x94,
    0x20, 0x00, 0x61, 0x08, 0x20, 0x00, 0x00, 0x00, 0x00, 0x00, 0x00, 0x00, 0x00, 0x00, 0x00, 0x00,
    0x00, 0x00, 0x00, 0x00, 0x00, 0x00, 0x00, 0x00, 0x00, 0x00, 0x20, 0x00, 0x20, 0x00, 0x61, 0x08,
    0x20, 0x00, 0xd4, 0x94, 0x5e, 0xe7, 0x5e, 0xe7, 0x5e, 0xe7, 0x7e, 0xe7, 0x7e, 0xe7, 0x7e, 0xe7,
    0x5e, 0xe7, 0x7e, 0xef, 0x5e, 0xe7, 0x5e, 0xe7, 0x5e, 0xe7, 0x5e, 0xe7, 0x3e, 0xe7, 0xb3, 0x94,
    0x20, 0x00, 0x61, 0x08, 0x20, 0x00, 0x00, 0x00, 0x00, 0x00, 0x00, 0x00, 0x00, 0x00, 0x00, 0x00,
    0x00, 0x00, 0x00, 0x00, 0x00, 0x00, 0x00, 0x00, 0x00, 0x00, 0x20, 0x00, 0x20, 0x00, 0x61, 0x08,
    0x20, 0x00, 0xd4, 0x94, 0x5e, 0xe7, 0x5e, 0xe7, 0x5e, 0xe7, 0x7e, 0xe7, 0x7e, 0xe7, 0x7e, 0xe7,
    0x5e, 0xe7, 0x7e, 0xef, 0x5e, 0xe7, 0x5e, 0xe7, 0x5e, 0xe7, 0x5e, 0xe7, 0x3e, 0xe7, 0xb3, 0x94,
    0x20, 0x00, 0x61, 0x08, 0x20, 0x00, 0x00, 0x00, 0x00, 0x00, 0x00, 0x00, 0x00, 0x00, 0x00, 0x00,
    0x00, 0x00, 0x00, 0x00, 0x00, 0x00, 0x00, 0x00, 0x00, 0x00, 0x20, 0x00, 0x20, 0x00, 0x61, 0x08,
    0x20, 0x00, 0xd4, 0x94, 0x5e, 0xe7, 0x5e, 0xe7, 0x5e, 0xe7, 0x7e, 0xe7, 0x7e, 0xe7, 0x7e, 0xe7,
    0x5e, 0xe7, 0x7e, 0xef, 0x5e, 0xe7, 0x5e, 0xe7, 0x5e, 0xe7, 0x5e, 0xe7, 0x3e, 0xe7, 0xb3, 0x94,
    0x20, 0x00, 0x61, 0x08, 0x20, 0x00, 0x00, 0x00, 0x00, 0x00, 0x00, 0x00, 0x00, 0x00, 0x00, 0x00,
    0x00, 0x00, 0x00, 0x00, 0x00, 0x00, 0x00, 0x00, 0x00, 0x00, 0x20, 0x00, 0x20, 0x00, 0x61, 0x08,
    0x20, 0x00, 0xd4, 0x94, 0x5e, 0xe7, 0x5e, 0xe7, 0x5e, 0xe7, 0x7e, 0xe7, 0x7e, 0xe7, 0x7e, 0xe7,
    0x5e, 0xe7, 0x7e, 0xef, 0x5e, 0xe7, 0x5e, 0xe7, 0x5e, 0xe7, 0x5e, 0xe7, 0x3e, 0xe7, 0xb3, 0x94,
    0x20, 0x00, 0x61, 0x08, 0x20, 0x00, 0x00, 0x00, 0x00, 0x00, 0x00, 0x00, 0x00, 0x00, 0x00, 0x00,
    0x00, 0x00, 0x00, 0x00, 0x00, 0x00, 0x00, 0x00, 0x00, 0x00, 0x20, 0x00, 0x20, 0x00, 0x61, 0x08,
    0x20, 0x00, 0xd4, 0x94, 0x5e, 0xe7, 0x5e, 0xe7, 0x5e, 0xe7, 0x7e, 0xe7, 0x7e, 0xe7, 0x7e, 0xe7,
    0x5e, 0xe7, 0x7e, 0xef, 0x5e, 0xe7, 0x5e, 0xe7, 0x5e, 0xe7, 0x5e, 0xe7, 0x3e, 0xe7, 0xb3, 0x94,
    0x20, 0x00, 0x61, 0x08, 0x20, 0x00, 0x00, 0x00, 0x00, 0x00, 0x00, 0x00, 0x00, 0x00, 0x00, 0x00,
    0x00, 0x00, 0x00, 0x00, 0x00, 0x00, 0x00, 0x00, 0x00, 0x00, 0x20, 0x00, 0x20, 0x00, 0x61, 0x08,
    0x20, 0x00, 0xd4, 0x94, 0x5e, 0xe7, 0x5e, 0xe7, 0x5e, 0xe7, 0x7e, 0xe7, 0x7e, 0xe7, 0x7e, 0xe7,
    0x5e, 0xe7, 0x7e, 0xef, 0x5e, 0xe7, 0x5e, 0xe7, 0x5e, 0xe7, 0x5e, 0xe7, 0x3e, 0xe7, 0xb3, 0x94,
    0x20, 0x00, 0x61, 0x08, 0x20, 0x00, 0x00, 0x00, 0x00, 0x00, 0x00, 0x00, 0x00, 0x00, 0x00, 0x00,
    0x00, 0x00, 0x00, 0x00, 0x00, 0x00, 0x00, 0x00, 0x00, 0x00, 0x20, 0x00, 0x20, 0x00, 0x61, 0x08,
    0x20, 0x00, 0xd4, 0x94, 0x5e, 0xe7, 0x5e, 0xe7, 0x5e, 0xe7, 0x7e, 0xe7, 0x7e, 0xe7, 0x7e, 0xe7,
    0x5e, 0xe7, 0x7e, 0xef, 0x5e, 0xe7, 0x5e, 0xe7, 0x5e, 0xe7, 0x5e, 0xe7, 0x3e, 0xe7, 0xb3, 0x94,
    0x20, 0x00, 0x61, 0x08, 0x20, 0x00, 0x00, 0x00, 0x00, 0x00, 0x00, 0x00, 0x00, 0x00, 0x00, 0x00,
    0x00, 0x00, 0x00, 0x00, 0x00, 0x00, 0x00, 0x00, 0x00, 0x00, 0x20, 0x00, 0x20, 0x00, 0x61, 0x08,
    0x20, 0x00, 0xd4, 0x94, 0x5e, 0xe7, 0x5e, 0xe7, 0x5e, 0xe7, 0x7e, 0xe7, 0x7e, 0xe7, 0x7e, 0xe7,
    0x5e, 0xe7, 0x7e, 0xef, 0x5e, 0xe7, 0x5e, 0xe7, 0x5e, 0xe7, 0x5e, 0xe7, 0x3e, 0xe7, 0xb3, 0x94,
    0x20, 0x00, 0x61, 0x08, 0x20, 0x00, 0x00, 0x00, 0x00, 0x00, 0x00, 0x00, 0x00, 0x00, 0x00, 0x00,
    0x00, 0x00, 0x00, 0x00, 0x00, 0x00, 0x00, 0x00, 0x00, 0x00, 0x20, 0x00, 0x20, 0x00, 0x61, 0x08,
    0x20, 0x00, 0xd4, 0x94, 0x5e, 0xe7, 0x5e, 0xe7, 0x5e, 0xe7, 0x7e, 0xe7, 0x7e, 0xe7, 0x7e, 0xe7,
    0x5e, 0xe7, 0x7e, 0xef, 0x5e, 0xe7, 0x5e, 0xe7, 0x5e, 0xe7, 0x5e, 0xe7, 0x3e, 0xe7, 0xb3, 0x94,
    0x20, 0x00, 0x61, 0x08, 0x20, 0x00, 0x00, 0x00, 0x00, 0x00, 0x00, 0x00, 0x00, 0x00, 0x00, 0x00,
    0x00, 0x00, 0x00, 0x00, 0x00, 0x00, 0x00, 0x00, 0x00, 0x00, 0x20, 0x00, 0x20, 0x00, 0x61, 0x08,
    0x20, 0x00, 0xd4, 0x94, 0x5e, 0xe7, 0x5e, 0xe7, 0x5e, 0xe7, 0x7e, 0xe7, 0x7e, 0xe7, 0x7e, 0xe7,
    0x5e, 0xe7, 0x7e, 0xef, 0x5e, 0xe7, 0x5e, 0xe7, 0x5e, 0xe7, 0x5e, 0xe7, 0x3e, 0xe7, 0xb3, 0x94,
    0x20, 0x00, 0x61, 0x08, 0x20, 0x00, 0x00, 0x00, 0x00, 0x00, 0x00, 0x00, 0x00, 0x00, 0x00, 0x00,
    0x00, 0x00, 0x00, 0x00, 0x00, 0x00, 0x00, 0x00, 0x00, 0x00, 0x20, 0x00, 0x20, 0x00, 0x61, 0x08,
    0x20, 0x00, 0xd4, 0x94, 0x5e, 0xe7, 0x5e, 0xe7, 0x5e, 0xe7, 0x7e, 0xe7, 0x7e, 0xe7, 0x7e, 0xe7,
    0x5e, 0xe7, 0x7e, 0xef, 0x5e, 0xe7, 0x5e, 0xe7, 0x5e, 0xe7, 0x5e, 0xe7, 0x3e, 0xe7, 0xb3, 0x94,
    0x20, 0x00, 0x61, 0x08, 0x20, 0x00, 0x00, 0x00, 0x00, 0x00, 0x00, 0x00, 0x00, 0x00, 0x00, 0x00,
    0x00, 0x00, 0x00, 0x00, 0x00, 0x00, 0x00, 0x00, 0x00, 0x00, 0x20, 0x00, 0x20, 0x00, 0x61, 0x08,
    0x20, 0x00, 0xd4, 0x94, 0x5e, 0xe7, 0x5e, 0xe7, 0x5e, 0xe7, 0x7e, 0xe7, 0x7e, 0xe7, 0x7e, 0xe7,
    0x5e, 0xe7, 0x7e, 0xef, 0x5e, 0xe7, 0x5e, 0xe7, 0x5e, 0xe7, 0x5e, 0xe7, 0x3e, 0xe7, 0xb3, 0x94,
    0x20, 0x00, 0x61, 0x08, 0x20, 0x00, 0x00, 0x00, 0x00, 0x00, 0x00, 0x00, 0x00, 0x00, 0x00, 0x00,
    0x00, 0x00, 0x00, 0x00, 0x00, 0x00, 0x00, 0x00, 0x00, 0x00, 0x20, 0x00, 0x20, 0x00, 0x61, 0x08,
    0x20, 0x00, 0xd4, 0x94, 0x5e, 0xe7, 0x5e, 0xe7, 0x5e, 0xe7, 0x7e, 0xe7, 0x7e, 0xe7, 0x7e, 0xe7,
    0x5e, 0xe7, 0x7e, 0xef, 0x5e, 0xe7, 0x5e, 0xe7, 0x5e, 0xe7, 0x5e, 0xe7, 0x3e, 0xe7, 0xb3, 0x94,
    0x20, 0x00, 0x61, 0x08, 0x20, 0x00, 0x00, 0x00, 0x00, 0x00, 0x00, 0x00, 0x00, 0x00, 0x00, 0x00,
    0x00, 0x00, 0x00, 0x00, 0x00, 0x00, 0x00, 0x00, 0x00, 0x00, 0x20, 0x00, 0x20, 0x00, 0x61, 0x08,
    0x20, 0x00, 0xd4, 0x94, 0x5e, 0xe7, 0x5e, 0xe7, 0x5e, 0xe7, 0x7e, 0xe7, 0x7e, 0xe7, 0x7e, 0xe7,
    0x5e, 0xe7, 0x7e, 0xef, 0x5e, 0xe7, 0x5e, 0xe7, 0x5e, 0xe7, 0x5e, 0xe7, 0x3e, 0xe7, 0xb3, 0x94,
    0x20, 0x00, 0x61, 0x08, 0x20, 0x00, 0x00, 0x00, 0x00, 0x00, 0x00, 0x00, 0x00, 0x00, 0x00, 0x00,
    0x00, 0x00, 0x00, 0x00, 0x00, 0x00, 0x00, 0x00, 0x00, 0x00, 0x20, 0x00, 0x20, 0x00, 0x61, 0x08,
    0x20, 0x00, 0xd4, 0x94, 0x5e, 0xe7, 0x5e, 0xe7, 0x5e, 0xe7, 0x7e, 0xe7, 0x7e, 0xe7, 0x7e, 0xe7,
    0x5e, 0xe7, 0x7e, 0xef, 0x5e, 0xe7, 0x5e, 0xe7, 0x5e, 0xe7, 0x5e, 0xe7, 0x3e, 0xe7, 0xb3, 0x94,
    0x20, 0x00, 0x61, 0x08, 0x20, 0x00, 0x00, 0x00, 0x00, 0x00, 0x00, 0x00, 0x00, 0x00, 0x00, 0x00,
    0x00, 0x00, 0x00, 0x00, 0x00, 0x00, 0x00, 0x00, 0x00, 0x00, 0x20, 0x00, 0x20, 0x00, 0x61, 0x08,
    0x20, 0x00, 0xd4, 0x94, 0x5e, 0xe7, 0x5e, 0xe7, 0x5e, 0xe7, 0x7e, 0xe7, 0x7e, 0xe7, 0x7e, 0xe7,
    0x5e, 0xe7, 0x7e, 0xef, 0x5e, 0xe7, 0x5e, 0xe7, 0x5e, 0xe7, 0x5e, 0xe7, 0x3e, 0xe7, 0xb3, 0x94,
    0x20, 0x00, 0x61, 0x08, 0x20, 0x00, 0x00, 0x00, 0x00, 0x00, 0x00, 0x00, 0x00, 0x00, 0x00, 0x00,
    0x00, 0x00, 0x00, 0x00, 0x00, 0x00, 0x00, 0x00, 0x00, 0x00, 0x20, 0x00, 0x20, 0x00, 0x61, 0x08,
    0x20, 0x00, 0xd4, 0x94, 0x5e, 0xe7, 0x5e, 0xe7, 0x5e, 0xe7, 0x7e, 0xe7, 0x7e, 0xe7, 0x7e, 0xe7,
    0x5e, 0xe7, 0x7e, 0xef, 0x5e, 0xe7, 0x5e, 0xe7, 0x5e, 0xe7, 0x5e, 0xe7, 0x3e, 0xe7, 0xb3, 0x94,
    0x20, 0x00, 0x61, 0x08, 0x20, 0x00, 0x00, 0x00, 0x00, 0x00, 0x00, 0x00, 0x00, 0x00, 0x00, 0x00,
    0x00, 0x00, 0x00, 0x00, 0x00, 0x00, 0x00, 0x00, 0x00, 0x00, 0x20, 0x00, 0x20, 0x00, 0x61, 0x08,
    0x20, 0x00, 0xd4, 0x94, 0x5e, 0xe7, 0x5e, 0xe7, 0x5e, 0xe7, 0x7e, 0xe7, 0x7e, 0xe7, 0x7e, 0xe7,
    0x5e, 0xe7, 0x7e, 0xef, 0x5e, 0xe7, 0x5e, 0xe7, 0x5e, 0xe7, 0x5e, 0xe7, 0x3e, 0xe7, 0xb3, 0x94,
    0x20, 0x00, 0x61, 0x08, 0x20, 0x00, 0x00, 0x00, 0x00, 0x00, 0x00, 0x00, 0x00, 0x00, 0x00, 0x00,
    0x00, 0x00, 0x00, 0x00, 0x00, 0x00, 0x00, 0x00, 0x00, 0x00, 0x20, 0x00, 0x20, 0x00, 0x61, 0x08,
    0x20, 0x00, 0xd4, 0x94, 0x5e, 0xe7, 0x5e, 0xe7, 0x5e, 0xe7, 0x7e, 0xe7, 0x7e, 0xe7, 0x7e, 0xe7,
    0x5e, 0xe7, 0x7e, 0xef, 0x5e, 0xe7, 0x5e, 0xe7, 0x5e, 0xe7, 0x5e, 0xe7, 0x3e, 0xe7, 0xb3, 0x94,
    0x20, 0x00, 0x61, 0x08, 0x20, 0x00, 0x00, 0x00, 0x00, 0x00, 0x00, 0x00, 0x00, 0x00, 0x00, 0x00,
    0x00, 0x00, 0x00, 0x00, 0x00, 0x00, 0x00, 0x00, 0x00, 0x00, 0x20, 0x00, 0x20, 0x00, 0x61, 0x08,
    0x20, 0x00, 0xd4, 0x94, 0x5e, 0xe7, 0x5e, 0xe7, 0x5e, 0xe7, 0x7e, 0xe7, 0x7e, 0xe7, 0x7e, 0xe7,
    0x5e, 0xe7, 0x7e, 0xef, 0x5e, 0xe7, 0x5e, 0xe7, 0x5e, 0xe7, 0x5e, 0xe7, 0x3e, 0xe7, 0xb3, 0x94,
    0x20, 0x00, 0x61, 0x08, 0x20, 0x00, 0x00, 0x00, 0x00, 0x00, 0x00, 0x00, 0x00, 0x00, 0x00, 0x00,
    0x00, 0x00, 0x00, 0x00, 0x00, 0x00, 0x00, 0x00, 0x00, 0x00, 0x20, 0x00, 0x20, 0x00, 0x61, 0x08,
    0x20, 0x00, 0xd4, 0x94, 0x5e, 0xe7, 0x5e, 0xe7, 0x5e, 0xe7, 0x7e, 0xe7, 0x7e, 0xe7, 0x7e, 0xe7,
    0x5e, 0xe7, 0x7e, 0xef, 0x5e, 0xe7, 0x5e, 0xe7, 0x5e, 0xe7, 0x5e, 0xe7, 0x3e, 0xe7, 0xb3, 0x94,
    0x20, 0x00, 0x61, 0x08, 0x20, 0x00, 0x00, 0x00, 0x00, 0x00, 0x00, 0x00, 0x00, 0x00, 0x00, 0x00,
    0x00, 0x00, 0x00, 0x00, 0x00, 0x00, 0x00, 0x00, 0x00, 0x00, 0x20, 0x00, 0x20, 0x00, 0x61, 0x08,
    0x20, 0x00, 0xd4, 0x94, 0x5e, 0xe7, 0x5e, 0xe7, 0x5e, 0xe7, 0x7e, 0xe7, 0x7e, 0xe7, 0x7e, 0xe7,
    0x5e, 0xe7, 0x7e, 0xef, 0x5e, 0xe7, 0x5e, 0xe7, 0x5e, 0xe7, 0x5e, 0xe7, 0x3e, 0xe7, 0xb3, 0x94,
    0x20, 0x00, 0x61, 0x08, 0x20, 0x00, 0x00, 0x00, 0x00, 0x00, 0x00, 0x00, 0x00, 0x00, 0x00, 0x00,
    0x00, 0x00, 0x00, 0x00, 0x00, 0x00, 0x00, 0x00, 0x00, 0x00, 0x20, 0x00, 0x20, 0x00, 0x61, 0x08,
    0x20, 0x00, 0xd4, 0x94, 0x5e, 0xe7, 0x5e, 0xe7, 0x5e, 0xe7, 0x7e, 0xe7, 0x7e, 0xe7, 0x7e, 0xe7,
    0x5e, 0xe7, 0x7e, 0xef, 0x5e, 0xe7, 0x5e, 0xe7, 0x5e, 0xe7, 0x5e, 0xe7, 0x3e, 0xe7, 0xb3, 0x94,
    0x20, 0x00, 0x61, 0x08, 0x20, 0x00, 0x00, 0x00, 0x00, 0x00, 0x00, 0x00, 0x00, 0x00, 0x00, 0x00,
    0x00, 0x00, 0x00, 0x00, 0x00, 0x00, 0x00, 0x00, 0x00, 0x00, 0x20, 0x00, 0x20, 0x00, 0x61, 0x08,
    0x20, 0x00, 0xd4, 0x94, 0x5e, 0xe7, 0x5e, 0xe7, 0x5e, 0xe7, 0x7e, 0xe7, 0x7e, 0xe7, 0x7e, 0xe7,
    0x5e, 0xe7, 0x7e, 0xef, 0x5e, 0xe7, 0x5e, 0xe7, 0x5e, 0xe7, 0x5e, 0xe7, 0x3e, 0xe7, 0xb3, 0x94,
    0x20, 0x00, 0x61, 0x08, 0x20, 0x00, 0x00, 0x00, 0x00, 0x00, 0x00, 0x00, 0x00, 0x00, 0x00, 0x00,
    0x00, 0x00, 0x00, 0x00, 0x00, 0x00, 0x00, 0x00, 0x00, 0x00, 0x20, 0x00, 0x20, 0x00, 0x61, 0x08,
    0x20, 0x00, 0xd4, 0x94, 0x5e, 0xe7, 0x5e, 0xe7, 0x5e, 0xe7, 0x7e, 0xe7, 0x7e, 0xe7, 0x7e, 0xe7,
    0x5e, 0xe7, 0x7e, 0xef, 0x5e, 0xe7, 0x5e, 0xe7, 0x5e, 0xe7, 0x5e, 0xe7, 0x3e, 0xe7, 0xb3, 0x94,
    0x20, 0x00, 0x61, 0x08, 0x20, 0x00, 0x00, 0x00, 0x00, 0x00, 0x00, 0x00, 0x00, 0x00, 0x00, 0x00,
    0x00, 0x00, 0x00, 0x00, 0x00, 0x00, 0x00, 0x00, 0x00, 0x00, 0x20, 0x00, 0x20, 0x00, 0x61, 0x08,
    0x20, 0x00, 0xd4, 0x94, 0x5e, 0xe7, 0x5e, 0xe7, 0x5e, 0xe7, 0x7e, 0xe7, 0x7e, 0xe7, 0x7e, 0xe7,
    0x5e, 0xe7, 0x7e, 0xef, 0x5e, 0xe7, 0x5e, 0xe7, 0x5e, 0xe7, 0x5e, 0xe7, 0x3e, 0xe7, 0xb3, 0x94,
    0x20, 0x00, 0x61, 0x08, 0x20, 0x00, 0x00, 0x00, 0x00, 0x00, 0x00, 0x00, 0x00, 0x00, 0x00, 0x00,
    0x00, 0x00, 0x00, 0x00, 0x00, 0x00, 0x00, 0x00, 0x00, 0x00, 0x20, 0x00, 0x20, 0x00, 0x61, 0x08,
    0x20, 0x00, 0xd4, 0x94, 0x5e, 0xe7, 0x5e, 0xe7, 0x5e, 0xe7, 0x7e, 0xe7, 0x7e, 0xe7, 0x7e, 0xe7,
    0x5e, 0xe7, 0x7e, 0xef, 0x5e, 0xe7, 0x5e, 0xe7, 0x5e, 0xe7, 0x5e, 0xe7, 0x3e, 0xe7, 0xb3, 0x94,
    0x20, 0x00, 0x61, 0x08, 0x20, 0x00, 0x00, 0x00, 0x00, 0x00, 0x00, 0x00, 0x00, 0x00, 0x00, 0x00,
    0x00, 0x00, 0x00, 0x00, 0x00, 0x00, 0x00, 0x00, 0x00, 0x00, 0x20, 0x00, 0x20, 0x00, 0x61, 0x08,
    0x20, 0x00, 0xd4, 0x94, 0x5e, 0xe7, 0x5e, 0xe7, 0x5e, 0xe7, 0x7e, 0xe7, 0x7e, 0xe7, 0x7e, 0xe7,
    0x5e, 0xe7, 0x7e, 0xef, 0x5e, 0xe7, 0x5e, 0xe7, 0x5e, 0xe7, 0x5e, 0xe7, 0x3e, 0xe7, 0xb3, 0x94,
    0x20, 0x00, 0x61, 0x08, 0x20, 0x00, 0x00, 0x00, 0x00, 0x00, 0x00, 0x00, 0x00, 0x00, 0x00, 0x00,
    0x00, 0x00, 0x00, 0x00, 0x00, 0x00, 0x00, 0x00, 0x00, 0x00, 0x20, 0x00, 0x20, 0x00, 0x61, 0x08,
    0x20, 0x00, 0xd4, 0x94, 0x5e, 0xe7, 0x5e, 0xe7, 0x5e, 0xe7, 0x7e, 0xe7, 0x7e, 0xe7, 0x7e, 0xe7,
    0x5e, 0xe7, 0x7e, 0xef, 0x5e, 0xe7, 0x5e, 0xe7, 0x5e, 0xe7, 0x5e, 0xe7, 0x3e, 0xe7, 0xb3, 0x94,
    0x20, 0x00, 0x61, 0x08, 0x20, 0x00, 0x00, 0x00, 0x00, 0x00, 0x00, 0x00, 0x00, 0x00, 0x00, 0x00,
    0x00, 0x00, 0x00, 0x00, 0x00, 0x00, 0x00, 0x00, 0x00, 0x00, 0x20, 0x00, 0x20, 0x00, 0x61, 0x08,
    0x20, 0x00, 0xd4, 0x94, 0x5e, 0xe7, 0x5e, 0xe7, 0x5e, 0xe7, 0x7e, 0xe7, 0x7e, 0xe7, 0x7e, 0xe7,
    0x5e, 0xe7, 0x7e, 0xef, 0x5e, 0xe7, 0x5e, 0xe7, 0x5e, 0xe7, 0x5e, 0xe7, 0x3e, 0xe7, 0xb3, 0x94,
    0x20, 0x00, 0x61, 0x08, 0x20, 0x00, 0x00, 0x00, 0x00, 0x00, 0x00, 0x00, 0x00, 0x00, 0x00, 0x00,
    0x00, 0x00, 0x00, 0x00, 0x00, 0x00, 0x00, 0x00, 0x00, 0x00, 0x20, 0x00, 0x20, 0x00, 0x61, 0x08,
    0x20, 0x00, 0xd4, 0x94, 0x5e, 0xe7, 0x5e, 0xe7, 0x5e, 0xe7, 0x7e, 0xe7, 0x7e, 0xe7, 0x7e, 0xe7,
    0x5e, 0xe7, 0x7e, 0xef, 0x5e, 0xe7, 0x5e, 0xe7, 0x5e, 0xe7, 0x5e, 0xe7, 0x3e, 0xe7, 0xb3, 0x94,
    0x20, 0x00, 0x61, 0x08, 0x20, 0x00, 0x00, 0x00, 0x00, 0x00, 0x00, 0x00, 0x00, 0x00, 0x00, 0x00,
    0x00, 0x00, 0x00, 0x00, 0x00, 0x00, 0x00, 0x00, 0x00, 0x00, 0x20, 0x00, 0x20, 0x00, 0x61, 0x08,
    0x20, 0x00, 0xd4, 0x94, 0x5e, 0xe7, 0x5e, 0xe7, 0x5e, 0xe7, 0x7e, 0xe7, 0x7e, 0xe7, 0x7e, 0xe7,
    0x5e, 0xe7, 0x7e, 0xef, 0x5e, 0xe7, 0x5e, 0xe7, 0x5e, 0xe7, 0x5e, 0xe7, 0x3e, 0xe7, 0xb3, 0x94,
    0x20, 0x00, 0x61, 0x08, 0x20, 0x00, 0x00, 0x00, 0x00, 0x00, 0x00, 0x00, 0x00, 0x00, 0x00, 0x00,
    0x00, 0x00, 0x00, 0x00, 0x00, 0x00, 0x00, 0x00, 0x00, 0x00, 0x00, 0x00, 0x00, 0x00, 0x20, 0x00,
    0x41, 0x00, 0x41, 0x08, 0xe3, 0x10, 0x72, 0x84, 0x1d, 0xdf, 0x3e, 0xe7, 0x5e, 0xe7, 0x5e, 0xe7,
    0x5e, 0xe7, 0x3e, 0xe7, 0x5e, 0xe7, 0x3e, 0xe7, 0xfd, 0xde, 0x51, 0x84, 0xe3, 0x10, 0x61, 0x08,
    0x41, 0x00, 0x00, 0x00, 0x00, 0x00, 0x00, 0x00, 0x00, 0x00, 0x00, 0x00, 0x00, 0x00, 0x00, 0x00,
    0x00, 0x00, 0x00, 0x00, 0x00, 0x00, 0x00, 0x00, 0x00, 0x00, 0x00, 0x00, 0x00, 0x00, 0x20, 0x00,
    0x41, 0x00, 0x41, 0x08, 0xe3, 0x10, 0x72, 0x84, 0x1d, 0xdf, 0x3e, 0xe7, 0x5e, 0xe7, 0x5e, 0xe7,
    0x5e, 0xe7, 0x3e, 0xe7, 0x5e, 0xe7, 0x3e, 0xe7, 0xfd, 0xde, 0x51, 0x84, 0xe3, 0x10, 0x61, 0x08,
    0x41, 0x00, 0x00, 0x00, 0x00, 0x00, 0x00, 0x00, 0x00, 0x00, 0x00, 0x00, 0x00, 0x00, 0x00, 0x00,
    0x00, 0x00, 0x00, 0x00, 0x00, 0x00, 0x00, 0x00, 0x00, 0x00, 0x00, 0x00, 0x00, 0x00, 0x20, 0x00,
    0x41, 0x00, 0x41, 0x08, 0xe3, 0x10, 0x72, 0x84, 0x1d, 0xdf, 0x3e, 0xe7, 0x5e, 0xe7, 0x5e, 0xe7,
    0x5e, 0xe7, 0x3e, 0xe7, 0x5e, 0xe7, 0x3e, 0xe7, 0xfd, 0xde, 0x51, 0x84, 0xe3, 0x10, 0x61, 0x08,
    0x41, 0x00, 0x00, 0x00, 0x00, 0x00, 0x00, 0x00, 0x00, 0x00, 0x00, 0x00, 0x00, 0x00, 0x00, 0x00,
    0x00, 0x00, 0x00, 0x00, 0x00, 0x00, 0x00, 0x00, 0x00, 0x00, 0x00, 0x00, 0x00, 0x00, 0x20, 0x00,
    0x41, 0x00, 0x41, 0x08, 0xe3, 0x10, 0x72, 0x84, 0x1d, 0xdf, 0x3e, 0xe7, 0x5e, 0xe7, 0x5e, 0xe7,
    0x5e, 0xe7, 0x3e, 0xe7, 0x5e, 0xe7, 0x3e, 0xe7, 0xfd, 0xde, 0x51, 0x84, 0xe3, 0x10, 0x61, 0x08,
    0x41, 0x00, 0x00, 0x00, 0x00, 0x00, 0x00, 0x00, 0x00, 0x00, 0x00, 0x00, 0x00, 0x00, 0x00, 0x00,
    0x00, 0x00, 0x00, 0x00, 0x00, 0x00, 0x00, 0x00, 0x00, 0x00, 0x00, 0x00, 0x00, 0x00, 0x20, 0x00,
    0x41, 0x00, 0x41, 0x08, 0xe3, 0x10, 0x72, 0x84, 0x1d, 0xdf, 0x3e, 0xe7, 0x5e, 0xe7, 0x5e, 0xe7,
    0x5e, 0xe7, 0x3e, 0xe7, 0x5e, 0xe7, 0x3e, 0xe7, 0xfd, 0xde, 0x51, 0x84, 0xe3, 0x10, 0x61, 0x08,
    0x41, 0x00, 0x00, 0x00, 0x00, 0x00, 0x00, 0x00, 0x00, 0x00, 0x00, 0x00, 0x00, 0x00, 0x00, 0x00,
    0x00, 0x00, 0x00, 0x00, 0x00, 0x00, 0x00, 0x00, 0x00, 0x00, 0x00, 0x00, 0x00, 0x00, 0x20, 0x00,
    0x41, 0x00, 0x41, 0x08, 0xe3, 0x10, 0x72, 0x84, 0x1d, 0xdf, 0x3e, 0xe7, 0x5e, 0xe7, 0x5e, 0xe7,
    0x5e, 0xe7, 0x3e, 0xe7, 0x5e, 0xe7, 0x3e, 0xe7, 0xfd, 0xde, 0x51, 0x84, 0xe3, 0x10, 0x61, 0x08,
    0x41, 0x00, 0x00, 0x00, 0x00, 0x00, 0x00, 0x00, 0x00, 0x00, 0x00, 0x00, 0x00, 0x00, 0x00, 0x00,
    0x00, 0x00, 0x00, 0x00, 0x00, 0x00, 0x00, 0x00, 0x00, 0x00, 0x00, 0x00, 0x00, 0x00, 0x20, 0x00,
    0x41, 0x00, 0x41, 0x08, 0xe3, 0x10, 0x72, 0x84, 0x1d, 0xdf, 0x3e, 0xe7, 0x5e, 0xe7, 0x5e, 0xe7,
    0x5e, 0xe7, 0x3e, 0xe7, 0x5e, 0xe7, 0x3e, 0xe7, 0xfd, 0xde, 0x51, 0x84, 0xe3, 0x10, 0x61, 0x08,
    0x41, 0x00, 0x00, 0x00, 0x00, 0x00, 0x00, 0x00, 0x00, 0x00, 0x00, 0x00, 0x00, 0x00, 0x00, 0x00,
    0x00, 0x00, 0x00, 0x00, 0x00, 0x00, 0x00, 0x00, 0x00, 0x00, 0x00, 0x00, 0x00, 0x00, 0x20, 0x00,
    0x41, 0x00, 0x41, 0x08, 0xe3, 0x10, 0x72, 0x84, 0x1d, 0xdf, 0x3e, 0xe7, 0x5e, 0xe7, 0x5e, 0xe7,
    0x5e, 0xe7, 0x3e, 0xe7, 0x5e, 0xe7, 0x3e, 0xe7, 0xfd, 0xde, 0x51, 0x84, 0xe3, 0x10, 0x61, 0x08,
    0x41, 0x00, 0x00, 0x00, 0x00, 0x00, 0x00, 0x00, 0x00, 0x00, 0x00, 0x00, 0x00, 0x00, 0x00, 0x00,
    0x00, 0x00, 0x00, 0x00, 0x00, 0x00, 0x00, 0x00, 0x00, 0x00, 0x00, 0x00, 0x00, 0x00, 0x20, 0x00,
    0x41, 0x00, 0x41, 0x08, 0xe3, 0x10, 0x72, 0x84, 0x1d, 0xdf, 0x3e, 0xe7, 0x5e, 0xe7, 0x5e, 0xe7,
    0x5e, 0xe7, 0x3e, 0xe7, 0x5e, 0xe7, 0x3e, 0xe7, 0xfd, 0xde, 0x51, 0x84, 0xe3, 0x10, 0x61, 0x08,
    0x41, 0x00, 0x00, 0x00, 0x00, 0x00, 0x00, 0x00, 0x00, 0x00, 0x00, 0x00, 0x00, 0x00, 0x00, 0x00,
    0x00, 0x00, 0x00, 0x00, 0x00, 0x00, 0x00, 0x00, 0x00, 0x00, 0x00, 0x00, 0x00, 0x00, 0x20, 0x00,
    0x41, 0x00, 0x41, 0x08, 0xe3, 0x10, 0x72, 0x84, 0x1d, 0xdf, 0x3e, 0xe7, 0x5e, 0xe7, 0x5e, 0xe7,
    0x5e, 0xe7, 0x3e, 0xe7, 0x5e, 0xe7, 0x3e, 0xe7, 0xfd, 0xde, 0x51, 0x84, 0xe3, 0x10, 0x61, 0x08,
    0x41, 0x00, 0x00, 0x00, 0x00, 0x00, 0x00, 0x00, 0x00, 0x00, 0x00, 0x00, 0x00, 0x00, 0x00, 0x00,
    0x00, 0x00, 0x00, 0x00, 0x00, 0x00, 0x00, 0x00, 0x00, 0x00, 0x00, 0x00, 0x00, 0x00, 0x20, 0x00,
    0x41, 0x00, 0x41, 0x08, 0xe3, 0x10, 0x72, 0x84, 0x1d, 0xdf, 0x3e, 0xe7, 0x5e, 0xe7, 0x5e, 0xe7,
    0x5e, 0xe7, 0x3e, 0xe7, 0x5e, 0xe7, 0x3e, 0xe7, 0xfd, 0xde, 0x51, 0x84, 0xe3, 0x10, 0x61, 0x08,
    0x41, 0x00, 0x00, 0x00, 0x00, 0x00, 0x00, 0x00, 0x00, 0x00, 0x00, 0x00, 0x00, 0x00, 0x00, 0x00,
    0x00, 0x00, 0x00, 0x00, 0x00, 0x00, 0x00, 0x00, 0x00, 0x00, 0x00, 0x00, 0x00, 0x00, 0x20, 0x00,
    0x41, 0x00, 0x41, 0x08, 0xe3, 0x10, 0x72, 0x84, 0x1d, 0xdf, 0x3e, 0xe7, 0x5e, 0xe7, 0x5e, 0xe7,
    0x5e, 0xe7, 0x3e, 0xe7, 0x5e, 0xe7, 0x3e, 0xe7, 0xfd, 0xde, 0x51, 0x84, 0xe3, 0x10, 0x61, 0x08,
    0x41, 0x00, 0x00, 0x00, 0x00, 0x00, 0x00, 0x00, 0x00, 0x00, 0x00, 0x00, 0x00, 0x00, 0x00, 0x00,
    0x00, 0x00, 0x00, 0x00, 0x00, 0x00, 0x00, 0x00, 0x00, 0x00, 0x00, 0x00, 0x00, 0x00, 0x20, 0x00,
    0x41, 0x00, 0x41, 0x08, 0xe3, 0x10, 0x72, 0x84, 0x1d, 0xdf, 0x3e, 0xe7, 0x5e, 0xe7, 0x5e, 0xe7,
    0x5e, 0xe7, 0x3e, 0xe7, 0x5e, 0xe7, 0x3e, 0xe7, 0xfd, 0xde, 0x51, 0x84, 0xe3, 0x10, 0x61, 0x08,
    0x41, 0x00, 0x00, 0x00, 0x00, 0x00, 0x00, 0x00, 0x00, 0x00, 0x00, 0x00, 0x00, 0x00, 0x00, 0x00,
    0x00, 0x00, 0x00, 0x00, 0x00, 0x00, 0x00, 0x00, 0x00, 0x00, 0x00, 0x00, 0x00, 0x00, 0x20, 0x00,
    0x41, 0x00, 0x41, 0x08, 0xe3, 0x10, 0x72, 0x84, 0x1d, 0xdf, 0x3e, 0xe7, 0x5e, 0xe7, 0x5e, 0xe7,
    0x5e, 0xe7, 0x3e, 0xe7, 0x5e, 0xe7, 0x3e, 0xe7, 0xfd, 0xde, 0x51, 0x84, 0xe3, 0x10, 0x61, 0x08,
    0x41, 0x00, 0x00, 0x00, 0x00, 0x00, 0x00, 0x00, 0x00, 0x00, 0x00, 0x00, 0x00, 0x00, 0x00, 0x00,
    0x00, 0x00, 0x00, 0x00, 0x00, 0x00, 0x00, 0x00, 0x00, 0x00, 0x00, 0x00, 0x00, 0x00, 0x20, 0x00,
    0x41, 0x00, 0x41, 0x08, 0xe3, 0x10, 0x72, 0x84, 0x1d, 0xdf, 0x3e, 0xe7, 0x5e, 0xe7, 0x5e, 0xe7,
    0x5e, 0xe7, 0x3e, 0xe7, 0x5e, 0xe7, 0x3e, 0xe7, 0xfd, 0xde, 0x51, 0x84, 0xe3, 0x10, 0x61, 0x08,
    0x41, 0x00, 0x00, 0x00, 0x00, 0x00, 0x00, 0x00, 0x00, 0x00, 0x00, 0x00, 0x00, 0x00, 0x00, 0x00,
    0x00, 0x00, 0x00, 0x00, 0x00, 0x00, 0x00, 0x00, 0x00, 0x00, 0x00, 0x00, 0x00, 0x00, 0x20, 0x00,
    0x41, 0x00, 0x41, 0x08, 0xe3, 0x10, 0x72, 0x84, 0x1d, 0xdf, 0x3e, 0xe7, 0x5e, 0xe7, 0x5e, 0xe7,
    0x5e, 0xe7, 0x3e, 0xe7, 0x5e, 0xe7, 0x3e, 0xe7, 0xfd, 0xde, 0x51, 0x84, 0xe3, 0x10, 0x61, 0x08,
    0x41, 0x00, 0x00, 0x00, 0x00, 0x00, 0x00, 0x00, 0x00, 0x00, 0x00, 0x00, 0x00, 0x00, 0x00, 0x00,
    0x00, 0x00, 0x00, 0x00, 0x00, 0x00, 0x00, 0x00, 0x00, 0x00, 0x00, 0x00, 0x00, 0x00, 0x20, 0x00,
    0x41, 0x00, 0x41, 0x08, 0xe3, 0x10, 0x72, 0x84, 0x1d, 0xdf, 0x3e, 0xe7, 0x5e, 0xe7, 0x5e, 0xe7,
    0x5e, 0xe7, 0x3e, 0xe7, 0x5e, 0xe7, 0x3e, 0xe7, 0xfd, 0xde, 0x51, 0x84, 0xe3, 0x10, 0x61, 0x08,
    0x41, 0x00, 0x00, 0x00, 0x00, 0x00, 0x00, 0x00, 0x00, 0x00, 0x00, 0x00, 0x00, 0x00, 0x00, 0x00,
    0x00, 0x00, 0x00, 0x00, 0x00, 0x00, 0x00, 0x00, 0x00, 0x00, 0x00, 0x00, 0x00, 0x00, 0x20, 0x00,
    0x41, 0x00, 0x41, 0x08, 0xe3, 0x10, 0x72, 0x84, 0x1d, 0xdf, 0x3e, 0xe7, 0x5e, 0xe7, 0x5e, 0xe7,
    0x5e, 0xe7, 0x3e, 0xe7, 0x5e, 0xe7, 0x3e, 0xe7, 0xfd, 0xde, 0x51, 0x84, 0xe3, 0x10, 0x61, 0x08,
    0x41, 0x00, 0x00, 0x00, 0x00, 0x00, 0x00, 0x00, 0x00, 0x00, 0x00, 0x00, 0x00, 0x00, 0x00, 0x00,
    0x00, 0x00, 0x00, 0x00, 0x00, 0x00, 0x00, 0x00, 0x00, 0x00, 0x00, 0x00, 0x00, 0x00, 0x20, 0x00,
    0x41, 0x00, 0x41, 0x08, 0xe3, 0x10, 0x72, 0x84, 0x1d, 0xdf, 0x3e, 0xe7, 0x5e, 0xe7, 0x5e, 0xe7,
    0x5e, 0xe7, 0x3e, 0xe7, 0x5e, 0xe7, 0x3e, 0xe7, 0xfd, 0xde, 0x51, 0x84, 0xe3, 0x10, 0x61, 0x08,
    0x41, 0x00, 0x00, 0x00, 0x00, 0x00, 0x00, 0x00, 0x00, 0x00, 0x00, 0x00, 0x00, 0x00, 0x00, 0x00,
    0x00, 0x00, 0x00, 0x00, 0x00, 0x00, 0x00, 0x00, 0x00, 0x00, 0x00, 0x00, 0x00, 0x00, 0x20, 0x00,
    0x41, 0x00, 0x41, 0x08, 0xe3, 0x10, 0x72, 0x84, 0x1d, 0xdf, 0x3e, 0xe7, 0x5e, 0xe7, 0x5e, 0xe7,
    0x5e, 0xe7, 0x3e, 0xe7, 0x5e, 0xe7, 0x3e, 0xe7, 0xfd, 0xde, 0x51, 0x84, 0xe3, 0x10, 0x61, 0x08,
    0x41, 0x00, 0x00, 0x00, 0x00, 0x00, 0x00, 0x00, 0x00, 0x00, 0x00, 0x00, 0x00, 0x00, 0x00, 0x00,
    0x00, 0x00, 0x00, 0x00, 0x00, 0x00, 0x00, 0x00, 0x00, 0x00, 0x00, 0x00, 0x00, 0x00, 0x20, 0x00,
    0x41, 0x00, 0x41, 0x08, 0xe3, 0x10, 0x72, 0x84, 0x1d, 0xdf, 0x3e, 0xe7, 0x5e, 0xe7, 0x5e, 0xe7,
    0x5e, 0xe7, 0x3e, 0xe7, 0x5e, 0xe7, 0x3e, 0xe7, 0xfd, 0xde, 0x51, 0x84, 0xe3, 0x10, 0x61, 0x08,
    0x41, 0x00, 0x00, 0x00, 0x00, 0x00, 0x00, 0x00, 0x00, 0x00, 0x00, 0x00, 0x00, 0x00, 0x00, 0x00,
    0x00, 0x00, 0x00, 0x00, 0x00, 0x00, 0x00, 0x00, 0x00, 0x00, 0x00, 0x00, 0x00, 0x00, 0x20, 0x00,
    0x41, 0x00, 0x41, 0x08, 0xe3, 0x10, 0x72, 0x84, 0x1d, 0xdf, 0x3e, 0xe7, 0x5e, 0xe7, 0x5e, 0xe7,
    0x5e, 0xe7, 0x3e, 0xe7, 0x5e, 0xe7, 0x3e, 0xe7, 0xfd, 0xde, 0x51, 0x84, 0xe3, 0x10, 0x61, 0x08,
    0x41, 0x00, 0x00, 0x00, 0x00, 0x00, 0x00, 0x00, 0x00, 0x00, 0x00, 0x00, 0x00, 0x00, 0x00, 0x00,
    0x00, 0x00, 0x00, 0x00, 0x00, 0x00, 0x00, 0x00, 0x00, 0x00, 0x00, 0x00, 0x00, 0x00, 0x20, 0x00,
    0x41, 0x00, 0x41, 0x08, 0xe3, 0x10, 0x72, 0x84, 0x1d, 0xdf, 0x3e, 0xe7, 0x5e, 0xe7, 0x5e, 0xe7,
    0x5e, 0xe7, 0x3e, 0xe7, 0x5e, 0xe7, 0x3e, 0xe7, 0xfd, 0xde, 0x51, 0x84, 0xe3, 0x10, 0x61, 0x08,
    0x41, 0x00, 0x00, 0x00, 0x00, 0x00, 0x00, 0x00, 0x00, 0x00, 0x00, 0x00, 0x00, 0x00, 0x00, 0x00,
    0x00, 0x00, 0x00, 0x00, 0x00, 0x00, 0x00, 0x00, 0x00, 0x00, 0x00, 0x00, 0x00, 0x00, 0x20, 0x00,
    0x41, 0x00, 0x41, 0x08, 0xe3, 0x10, 0x72, 0x84, 0x1d, 0xdf, 0x3e, 0xe7, 0x5e, 0xe7, 0x5e, 0xe7,
    0x5e, 0xe7, 0x3e, 0xe7, 0x5e, 0xe7, 0x3e, 0xe7, 0xfd, 0xde, 0x51, 0x84, 0xe3, 0x10, 0x61, 0x08,
    0x41, 0x00, 0x00, 0x00, 0x00, 0x00, 0x00, 0x00, 0x00, 0x00, 0x00, 0x00, 0x00, 0x00, 0x00, 0x00,
    0x00, 0x00, 0x00, 0x00, 0x00, 0x00, 0x00, 0x00, 0x00, 0x00, 0x00, 0x00, 0x00, 0x00, 0x20, 0x00,
    0x41, 0x00, 0x41, 0x08, 0xe3, 0x10, 0x72, 0x84, 0x1d, 0xdf, 0x3e, 0xe7, 0x5e, 0xe7, 0x5e, 0xe7,
    0x5e, 0xe7, 0x3e, 0xe7, 0x5e, 0xe7, 0x3e, 0xe7, 0xfd, 0xde, 0x51, 0x84, 0xe3, 0x10, 0x61, 0x08,
    0x41, 0x00, 0x00, 0x00, 0x00, 0x00, 0x00, 0x00, 0x00, 0x00, 0x00, 0x00, 0x00, 0x00, 0x00, 0x00,
    0x00, 0x00, 0x00, 0x00, 0x00, 0x00, 0x00, 0x00, 0x00, 0x00, 0x00, 0x00, 0x00, 0x00, 0x20, 0x00,
    0x41, 0x00, 0x41, 0x08, 0xe3, 0x10, 0x72, 0x84, 0x1d, 0xdf, 0x3e, 0xe7, 0x5e, 0xe7, 0x5e, 0xe7,
    0x5e, 0xe7, 0x3e, 0xe7, 0x5e, 0xe7, 0x3e, 0xe7, 0xfd, 0xde, 0x51, 0x84, 0xe3, 0x10, 0x61, 0x08,
    0x41, 0x00, 0x00, 0x00, 0x00, 0x00, 0x00, 0x00, 0x00, 0x00, 0x00, 0x00, 0x00, 0x00, 0x00, 0x00,
    0x00, 0x00, 0x00, 0x00, 0x00, 0x00, 0x00, 0x00, 0x00, 0x00, 0x00, 0x00, 0x00, 0x00, 0x20, 0x00,
    0x41, 0x00, 0x41, 0x08, 0xe3, 0x10, 0x72, 0x84, 0x1d, 0xdf, 0x3e, 0xe7, 0x5e, 0xe7, 0x5e, 0xe7,
    0x5e, 0xe7, 0x3e, 0xe7, 0x5e, 0xe7, 0x3e, 0xe7, 0xfd, 0xde, 0x51, 0x84, 0xe3, 0x10, 0x61, 0x08,
    0x41, 0x00, 0x00, 0x00, 0x00, 0x00, 0x00, 0x00, 0x00, 0x00, 0x00, 0x00, 0x00, 0x00, 0x00, 0x00,
    0x00, 0x00, 0x00, 0x00, 0x00, 0x00, 0x00, 0x00, 0x00, 0x00, 0x00, 0x00, 0x00, 0x00, 0x20, 0x00,
    0x41, 0x00, 0x41, 0x08, 0xe3, 0x10, 0x72, 0x84, 0x1d, 0xdf, 0x3e, 0xe7, 0x5e, 0xe7, 0x5e, 0xe7,
    0x5e, 0xe7, 0x3e, 0xe7, 0x5e, 0xe7, 0x3e, 0xe7, 0xfd, 0xde, 0x51, 0x84, 0xe3, 0x10, 0x61, 0x08,
    0x41, 0x00, 0x00, 0x00, 0x00, 0x00, 0x00, 0x00, 0x00, 0x00, 0x00, 0x00, 0x00, 0x00, 0x00, 0x00,
    0x00, 0x00, 0x00, 0x00, 0x00, 0x00, 0x00, 0x00, 0x00, 0x00, 0x00, 0x00, 0x00, 0x00, 0x20, 0x00,
    0x41, 0x00, 0x41, 0x08, 0xe3, 0x10, 0x72, 0x84, 0x1d, 0xdf, 0x3e, 0xe7, 0x5e, 0xe7, 0x5e, 0xe7,
    0x5e, 0xe7, 0x3e, 0xe7, 0x5e, 0xe7, 0x3e, 0xe7, 0xfd, 0xde, 0x51, 0x84, 0xe3, 0x10, 0x61, 0x08,
    0x41, 0x00, 0x00, 0x00, 0x00, 0x00, 0x00, 0x00, 0x00, 0x00, 0x00, 0x00, 0x00, 0x00, 0x00, 0x00,
    0x00, 0x00, 0x00, 0x00, 0x00, 0x00, 0x00, 0x00, 0x00, 0x00, 0x00, 0x00, 0x00, 0x00, 0x20, 0x00,
    0x41, 0x00, 0x41, 0x08, 0xe3, 0x10, 0x72, 0x84, 0x1d, 0xdf, 0x3e, 0xe7, 0x5e, 0xe7, 0x5e, 0xe7,
    0x5e, 0xe7, 0x3e, 0xe7, 0x5e, 0xe7, 0x3e, 0xe7, 0xfd, 0xde, 0x51, 0x84, 0xe3, 0x10, 0x61, 0x08,
    0x41, 0x00, 0x00, 0x00, 0x00, 0x00, 0x00, 0x00, 0x00, 0x00, 0x00, 0x00, 0x00, 0x00, 0x00, 0x00,
    0x00, 0x00, 0x00, 0x00, 0x00, 0x00, 0x00, 0x00, 0x00, 0x00, 0x00, 0x00, 0x00, 0x00, 0x20, 0x00,
    0x41, 0x00, 0x41, 0x08, 0xe3, 0x10, 0x72, 0x84, 0x1d, 0xdf, 0x3e, 0xe7, 0x5e, 0xe7, 0x5e, 0xe7,
    0x5e, 0xe7, 0x3e, 0xe7, 0x5e, 0xe7, 0x3e, 0xe7, 0xfd, 0xde, 0x51, 0x84, 0xe3, 0x10, 0x61, 0x08,
    0x41, 0x00, 0x00, 0x00, 0x00, 0x00, 0x00, 0x00, 0x00, 0x00, 0x00, 0x00, 0x00, 0x00, 0x00, 0x00,
    0x00, 0x00, 0x00, 0x00, 0x00, 0x00, 0x00, 0x00, 0x00, 0x00, 0x00, 0x00, 0x00, 0x00, 0x20, 0x00,
    0x41, 0x00, 0x41, 0x08, 0xe3, 0x10, 0x72, 0x84, 0x1d, 0xdf, 0x3e, 0xe7, 0x5e, 0xe7, 0x5e, 0xe7,
    0x5e, 0xe7, 0x3e, 0xe7, 0x5e, 0xe7, 0x3e, 0xe7, 0xfd, 0xde, 0x51, 0x84, 0xe3, 0x10, 0x61, 0x08,
    0x41, 0x00, 0x00, 0x00, 0x00, 0x00, 0x00, 0x00, 0x00, 0x00, 0x00, 0x00, 0x00, 0x00, 0x00, 0x00,
    0x00, 0x00, 0x00, 0x00, 0x00, 0x00, 0x00, 0x00, 0x00, 0x00, 0x00, 0x00, 0x00, 0x00, 0x20, 0x00,
    0x41, 0x00, 0x41, 0x08, 0xe3, 0x10, 0x72, 0x84, 0x1d, 0xdf, 0x3e, 0xe7, 0x5e, 0xe7, 0x5e, 0xe7,
    0x5e, 0xe7, 0x3e, 0xe7, 0x5e, 0xe7, 0x3e, 0xe7, 0xfd, 0xde, 0x51, 0x84, 0xe3, 0x10, 0x61, 0x08,
    0x41, 0x00, 0x00, 0x00, 0x00, 0x00, 0x00, 0x00, 0x00, 0x00, 0x00, 0x00, 0x00, 0x00, 0x00, 0x00,
    0x00, 0x00, 0x00, 0x00, 0x00, 0x00, 0x00, 0x00, 0x00, 0x00, 0x00, 0x00, 0x00, 0x00, 0x20, 0x00,
    0x41, 0x00, 0x41, 0x08, 0xe3, 0x10, 0x72, 0x84, 0x1d, 0xdf, 0x3e, 0xe7, 0x5e, 0xe7, 0x5e, 0xe7,
    0x5e, 0xe7, 0x3e, 0xe7, 0x5e, 0xe7, 0x3e, 0xe7, 0xfd, 0xde, 0x51, 0x84, 0xe3, 0x10, 0x61, 0x08,
    0x41, 0x00, 0x00, 0x00, 0x00, 0x00, 0x00, 0x00, 0x00, 0x00, 0x00, 0x00, 0x00, 0x00, 0x00, 0x00,
    0x00, 0x00, 0x00, 0x00, 0x00, 0x00, 0x00, 0x00, 0x00, 0x00, 0x00, 0x00, 0x00, 0x00, 0x20, 0x00,
    0x41, 0x00, 0x41, 0x08, 0xe3, 0x10, 0x72, 0x84, 0x1d, 0xdf, 0x3e, 0xe7, 0x5e, 0xe7, 0x5e, 0xe7,
    0x5e, 0xe7, 0x3e, 0xe7, 0x5e, 0xe7, 0x3e, 0xe7, 0xfd, 0xde, 0x51, 0x84, 0xe3, 0x10, 0x61, 0x08,
    0x41, 0x00, 0x00, 0x00, 0x00, 0x00, 0x00, 0x00, 0x00, 0x00, 0x00, 0x00, 0x00, 0x00, 0x00, 0x00,
    0x00, 0x00, 0x00, 0x00, 0x00, 0x00, 0x00, 0x00, 0x00, 0x00, 0x00, 0x00, 0x00, 0x00, 0x20, 0x00,
    0x41, 0x00, 0x41, 0x08, 0xe3, 0x10, 0x72, 0x84, 0x1d, 0xdf, 0x3e, 0xe7, 0x5e, 0xe7, 0x5e, 0xe7,
    0x5e, 0xe7, 0x3e, 0xe7, 0x5e, 0xe7, 0x3e, 0xe7, 0xfd, 0xde, 0x51, 0x84, 0xe3, 0x10, 0x61, 0x08,
    0x41, 0x00, 0x00, 0x00, 0x00, 0x00, 0x00, 0x00, 0x00, 0x00, 0x00, 0x00, 0x00, 0x00, 0x00, 0x00,
    0x00, 0x00, 0x00, 0x00, 0x00, 0x00, 0x00, 0x00, 0x00, 0x00, 0x00, 0x00, 0x00, 0x00, 0x20, 0x00,
    0x41, 0x00, 0x41, 0x08, 0xe3, 0x10, 0x72, 0x84, 0x1d, 0xdf, 0x3e, 0xe7, 0x5e, 0xe7, 0x5e, 0xe7,
    0x5e, 0xe7, 0x3e, 0xe7, 0x5e, 0xe7, 0x3e, 0xe7, 0xfd, 0xde, 0x51, 0x84, 0xe3, 0x10, 0x61, 0x08,
    0x41, 0x00, 0x00, 0x00, 0x00, 0x00, 0x00, 0x00, 0x00, 0x00, 0x00, 0x00, 0x00, 0x00, 0x00, 0x00,
    0x00, 0x00, 0x00, 0x00, 0x00, 0x00, 0x00, 0x00, 0x00, 0x00, 0x00, 0x00, 0x00, 0x00, 0x20, 0x00,
    0x41, 0x00, 0x41, 0x08, 0xe3, 0x10, 0x72, 0x84, 0x1d, 0xdf, 0x3e, 0xe7, 0x5e, 0xe7, 0x5e, 0xe7,
    0x5e, 0xe7, 0x3e, 0xe7, 0x5e, 0xe7, 0x3e, 0xe7, 0xfd, 0xde, 0x51, 0x84, 0xe3, 0x10, 0x61, 0x08,
    0x41, 0x00, 0x00, 0x00, 0x00, 0x00, 0x00, 0x00, 0x00, 0x00, 0x00, 0x00, 0x00, 0x00, 0x00, 0x00,
    0x00, 0x00, 0x00, 0x00, 0x00, 0x00, 0x00, 0x00, 0x00, 0x00, 0x00, 0x00, 0x00, 0x00, 0x20, 0x00,
    0x41, 0x00, 0x41, 0x08, 0xe3, 0x10, 0x72, 0x84, 0x1d, 0xdf, 0x3e, 0xe7, 0x5e, 0xe7, 0x5e, 0xe7,
    0x5e, 0xe7, 0x3e, 0xe7, 0x5e, 0xe7, 0x3e, 0xe7, 0xfd, 0xde, 0x51, 0x84, 0xe3, 0x10, 0x61, 0x08,
    0x41, 0x00, 0x00, 0x00, 0x00, 0x00, 0x00, 0x00, 0x00, 0x00, 0x00, 0x00, 0x00, 0x00, 0x00, 0x00,
    0x00, 0x00, 0x00, 0x00, 0x00, 0x00, 0x00, 0x00, 0x00, 0x00, 0x00, 0x00, 0x00, 0x00, 0x20, 0x00,
    0x41, 0x00, 0x41, 0x08, 0xe3, 0x10, 0x72, 0x84, 0x1d, 0xdf, 0x3e, 0xe7, 0x5e, 0xe7, 0x5e, 0xe7,
    0x5e, 0xe7, 0x3e, 0xe7, 0x5e, 0xe7, 0x3e, 0xe7, 0xfd, 0xde, 0x51, 0x84, 0xe3, 0x10, 0x61, 0x08,
    0x41, 0x00, 0x00, 0x00, 0x00, 0x00, 0x00, 0x00, 0x00, 0x00, 0x00, 0x00, 0x00, 0x00, 0x00, 0x00,
    0x00, 0x00, 0x00, 0x00, 0x00, 0x00, 0x00, 0x00, 0x00, 0x00, 0x00, 0x00, 0x00, 0x00, 0x20, 0x00,
    0x41, 0x00, 0x41, 0x08, 0xe3, 0x10, 0x72, 0x84, 0x1d, 0xdf, 0x3e, 0xe7, 0x5e, 0xe7, 0x5e, 0xe7,
    0x5e, 0xe7, 0x3e, 0xe7, 0x5e, 0xe7, 0x3e, 0xe7, 0xfd, 0xde, 0x51, 0x84, 0xe3, 0x10, 0x61, 0x08,
    0x41, 0x00, 0x00, 0x00, 0x00, 0x00, 0x00, 0x00, 0x00, 0x00, 0x00, 0x00, 0x00, 0x00, 0x00, 0x00,
    0x00, 0x00, 0x00, 0x00, 0x00, 0x00, 0x00, 0x00, 0x00, 0x00, 0x00, 0x00, 0x00, 0x00, 0x20, 0x00,
    0x41, 0x00, 0x41, 0x08, 0xe3, 0x10, 0x72, 0x84, 0x1d, 0xdf, 0x3e, 0xe7, 0x5e, 0xe7, 0x5e, 0xe7,
    0x5e, 0xe7, 0x3e, 0xe7, 0x5e, 0xe7, 0x3e, 0xe7, 0xfd, 0xde, 0x51, 0x84, 0xe3, 0x10, 0x61, 0x08,
    0x41, 0x00, 0x00, 0x00, 0x00, 0x00, 0x00, 0x00, 0x00, 0x00, 0x00, 0x00, 0x00, 0x00, 0x00, 0x00,
    0x00, 0x00, 0x00, 0x00, 0x00, 0x00, 0x00, 0x00, 0x00, 0x00, 0x00, 0x00, 0x00, 0x00, 0x20, 0x00,
    0x41, 0x00, 0x41, 0x08, 0xe3, 0x10, 0x72, 0x84, 0x1d, 0xdf, 0x3e, 0xe7, 0x5e, 0xe7, 0x5e, 0xe7,
    0x5e, 0xe7, 0x3e, 0xe7, 0x5e, 0xe7, 0x3e, 0xe7, 0xfd, 0xde, 0x51, 0x84, 0xe3, 0x10, 0x61, 0x08,
    0x41, 0x00, 0x00, 0x00, 0x00, 0x00, 0x00, 0x00, 0x00, 0x00, 0x00, 0x00, 0x00, 0x00, 0x00, 0x00,
    0x00, 0x00, 0x00, 0x00, 0x00, 0x00, 0x00, 0x00, 0x00, 0x00, 0x00, 0x00, 0x00, 0x00, 0x20, 0x00,
    0x41, 0x00, 0x41, 0x08, 0xe3, 0x10, 0x72, 0x84, 0x1d, 0xdf, 0x3e, 0xe7, 0x5e, 0xe7, 0x5e, 0xe7,
    0x5e, 0xe7, 0x3e, 0xe7, 0x5e, 0xe7, 0x3e, 0xe7, 0xfd, 0xde, 0x51, 0x84, 0xe3, 0x10, 0x61, 0x08,
    0x41, 0x00, 0x00, 0x00, 0x00, 0x00, 0x00, 0x00, 0x00, 0x00, 0x00, 0x00, 0x00, 0x00, 0x00, 0x00,
    0x00, 0x00, 0x00, 0x00, 0x00, 0x00, 0x00, 0x00, 0x00, 0x00, 0x00, 0x00, 0x00, 0x00, 0x20, 0x00,
    0x41, 0x00, 0x41, 0x08, 0xe3, 0x10, 0x72, 0x84, 0x1d, 0xdf, 0x3e, 0xe7, 0x5e, 0xe7, 0x5e, 0xe7,
    0x5e, 0xe7, 0x3e, 0xe7, 0x5e, 0xe7, 0x3e, 0xe7, 0xfd, 0xde, 0x51, 0x84, 0xe3, 0x10, 0x61, 0x08,
    0x41, 0x00, 0x00, 0x00, 0x00, 0x00, 0x00, 0x00, 0x00, 0x00, 0x00, 0x00, 0x00, 0x00, 0x00, 0x00,
    0x00, 0x00, 0x00, 0x00, 0x00, 0x00, 0x00, 0x00, 0x00, 0x00, 0x00, 0x00, 0x00, 0x00, 0x20, 0x00,
    0x41, 0x00, 0x41, 0x08, 0xe3, 0x10, 0x72, 0x84, 0x1d, 0xdf, 0x3e, 0xe7, 0x5e, 0xe7, 0x5e, 0xe7,
    0x5e, 0xe7, 0x3e, 0xe7, 0x5e, 0xe7, 0x3e, 0xe7, 0xfd, 0xde, 0x51, 0x84, 0xe3, 0x10, 0x61, 0x08,
    0x41, 0x00, 0x00, 0x00, 0x00, 0x00, 0x00, 0x00, 0x00, 0x00, 0x00, 0x00, 0x00, 0x00, 0x00, 0x00,
    0x00, 0x00, 0x00, 0x00, 0x00, 0x00, 0x00, 0x00, 0x00, 0x00, 0x00, 0x00, 0x00, 0x00, 0x20, 0x00,
    0x41, 0x00, 0x41, 0x08, 0xe3, 0x10, 0x72, 0x84, 0x1d, 0xdf, 0x3e, 0xe7, 0x5e, 0xe7, 0x5e, 0xe7,
    0x5e, 0xe7, 0x3e, 0xe7, 0x5e, 0xe7, 0x3e, 0xe7, 0xfd, 0xde, 0x51, 0x84, 0xe3, 0x10, 0x61, 0x08,
    0x41, 0x00, 0x00, 0x00, 0x00, 0x00, 0x00, 0x00, 0x00, 0x00, 0x00, 0x00, 0x00, 0x00, 0x00, 0x00,
    0x00, 0x00, 0x00, 0x00, 0x00, 0x00, 0x00, 0x00, 0x00, 0x00, 0x00, 0x00, 0x00, 0x00, 0x20, 0x00,
    0x41, 0x00, 0x41, 0x08, 0xe3, 0x10, 0x72, 0x84, 0x1d, 0xdf, 0x3e, 0xe7, 0x5e, 0xe7, 0x5e, 0xe7,
    0x5e, 0xe7, 0x3e, 0xe7, 0x5e, 0xe7, 0x3e, 0xe7, 0xfd, 0xde, 0x51, 0x84, 0xe3, 0x10, 0x61, 0x08,
    0x41, 0x00, 0x00, 0x00, 0x00, 0x00, 0x00, 0x00, 0x00, 0x00, 0x00, 0x00, 0x00, 0x00, 0x00, 0x00,
    0x00, 0x00, 0x00, 0x00, 0x00, 0x00, 0x00, 0x00, 0x00, 0x00, 0x00, 0x00, 0x00, 0x00, 0x20, 0x00,
    0x41, 0x00, 0x41, 0x08, 0xe3, 0x10, 0x72, 0x84, 0x1d, 0xdf, 0x3e, 0xe7, 0x5e, 0xe7, 0x5e, 0xe7,
    0x5e, 0xe7, 0x3e, 0xe7, 0x5e, 0xe7, 0x3e, 0xe7, 0xfd, 0xde, 0x51, 0x84, 0xe3, 0x10, 0x61, 0x08,
    0x41, 0x00, 0x00, 0x00, 0x00, 0x00, 0x00, 0x00, 0x00, 0x00, 0x00, 0x00, 0x00, 0x00, 0x00, 0x00,
    0x00, 0x00, 0x00, 0x00, 0x00, 0x00, 0x00, 0x00, 0x00, 0x00, 0x00, 0x00, 0x00, 0x00, 0x20, 0x00,
    0x41, 0x00, 0x41, 0x08, 0xe3, 0x10, 0x72, 0x84, 0x1d, 0xdf, 0x3e, 0xe7, 0x5e, 0xe7, 0x5e, 0xe7,
    0x5e, 0xe7, 0x3e, 0xe7, 0x5e, 0xe7, 0x3e, 0xe7, 0xfd, 0xde, 0x51, 0x84, 0xe3, 0x10, 0x61, 0x08,
    0x41, 0x00, 0x00, 0x00, 0x00, 0x00, 0x00, 0x00, 0x00, 0x00, 0x00, 0x00, 0x00, 0x00, 0x00, 0x00,
    0x00, 0x00, 0x00, 0x00, 0x00, 0x00, 0x00, 0x00, 0x00, 0x00, 0x00, 0x00, 0x00, 0x00, 0x00, 0x00,
    0x20, 0x00, 0x20, 0x00, 0x20, 0x00, 0x81, 0x08, 0x81, 0x08, 0xa2, 0x10, 0x08, 0x3a, 0x4e, 0x63,
    0x8f, 0x6b, 0x2d, 0x63, 0x08, 0x3a, 0xe3, 0x10, 0x81, 0x08, 0x61, 0x08, 0x20, 0x00, 0x41, 0x00,
    0x20, 0x00, 0x00, 0x00, 0x00, 0x00, 0x00, 0x00, 0x00, 0x00, 0x00, 0x00, 0x00, 0x00, 0x00, 0x00,
    0x00, 0x00, 0x00, 0x00, 0x00, 0x00, 0x00, 0x00, 0x00, 0x00, 0x00, 0x00, 0x00, 0x00, 0x00, 0x00,
    0x20, 0x00, 0x20, 0x00, 0x20, 0x00, 0x81, 0x08, 0x81, 0x08, 0xa2, 0x10, 0x08, 0x3a, 0x4e, 0x63,
    0x8f, 0x6b, 0x2d, 0x63, 0x08, 0x3a, 0xe3, 0x10, 0x81, 0x08, 0x61, 0x08, 0x20, 0x00, 0x41, 0x00,
    0x20, 0x00, 0x00, 0x00, 0x00, 0x00, 0x00, 0x00, 0x00, 0x00, 0x00, 0x00, 0x00, 0x00, 0x00, 0x00,
    0x00, 0x00, 0x00, 0x00, 0x00, 0x00, 0x00, 0x00, 0x00, 0x00, 0x00, 0x00, 0x00, 0x00, 0x00, 0x00,
    0x20, 0x00, 0x20, 0x00, 0x20, 0x00, 0x81, 0x08, 0x81, 0x08, 0xa2, 0x10, 0x08, 0x3a, 0x4e, 0x63,
    0x8f, 0x6b, 0x2d, 0x63, 0x08, 0x3a, 0xe3, 0x10, 0x81, 0x08, 0x61, 0x08, 0x20, 0x00, 0x41, 0x00,
    0x20, 0x00, 0x00, 0x00, 0x00, 0x00, 0x00, 0x00, 0x00, 0x00, 0x00, 0x00, 0x00, 0x00, 0x00, 0x00,
    0x00, 0x00, 0x00, 0x00, 0x00, 0x00, 0x00, 0x00, 0x00, 0x00, 0x00, 0x00, 0x00, 0x00, 0x00, 0x00,
    0x20, 0x00, 0x20, 0x00, 0x20, 0x00, 0x81, 0x08, 0x81, 0x08, 0xa2, 0x10, 0x08, 0x3a, 0x4e, 0x63,
    0x8f, 0x6b, 0x2d, 0x63, 0x08, 0x3a, 0xe3, 0x10, 0x81, 0x08, 0x61, 0x08, 0x20, 0x00, 0x41, 0x00,
    0x20, 0x00, 0x00, 0x00, 0x00, 0x00, 0x00, 0x00, 0x00, 0x00, 0x00, 0x00, 0x00, 0x00, 0x00, 0x00,
    0x00, 0x00, 0x00, 0x00, 0x00, 0x00, 0x00, 0x00, 0x00, 0x00, 0x00, 0x00, 0x00, 0x00, 0x00, 0x00,
    0x20, 0x00, 0x20, 0x00, 0x20, 0x00, 0x81, 0x08, 0x81, 0x08, 0xa2, 0x10, 0x08, 0x3a, 0x4e, 0x63,
    0x8f, 0x6b, 0x2d, 0x63, 0x08, 0x3a, 0xe3, 0x10, 0x81, 0x08, 0x61, 0x08, 0x20, 0x00, 0x41, 0x00,
    0x20, 0x00, 0x00, 0x00, 0x00, 0x00, 0x00, 0x00, 0x00, 0x00, 0x00, 0x00, 0x00, 0x00, 0x00, 0x00,
    0x00, 0x00, 0x00, 0x00, 0x00, 0x00, 0x00, 0x00, 0x00, 0x00, 0x00, 0x00, 0x00, 0x00, 0x00, 0x00,
    0x20, 0x00, 0x20, 0x00, 0x20, 0x00, 0x81, 0x08, 0x81, 0x08, 0xa2, 0x10, 0x08, 0x3a, 0x4e, 0x63,
    0x8f, 0x6b, 0x2d, 0x63, 0x08, 0x3a, 0xe3, 0x10, 0x81, 0x08, 0x61, 0x08, 0x20, 0x00, 0x41, 0x00,
    0x20, 0x00, 0x00, 0x00, 0x00, 0x00, 0x00, 0x00, 0x00, 0x00, 0x00, 0x00, 0x00, 0x00, 0x00, 0x00,
    0x00, 0x00, 0x00, 0x00, 0x00, 0x00, 0x00, 0x00, 0x00, 0x00, 0x00, 0x00, 0x00, 0x00, 0x00, 0x00,
    0x20, 0x00, 0x20, 0x00, 0x20, 0x00, 0x81, 0x08, 0x81, 0x08, 0xa2, 0x10, 0x08, 0x3a, 0x4e, 0x63,
    0x8f, 0x6b, 0x2d, 0x63, 0x08, 0x3a, 0xe3, 0x10, 0x81, 0x08, 0x61, 0x08, 0x20, 0x00, 0x41, 0x00,
    0x20, 0x00, 0x00, 0x00, 0x00, 0x00, 0x00, 0x00, 0x00, 0x00, 0x00, 0x00, 0x00, 0x00, 0x00, 0x00,
    0x00, 0x00, 0x00, 0x00, 0x00, 0x00, 0x00, 0x00, 0x00, 0x00, 0x00, 0x00, 0x00, 0x00, 0x00, 0x00,
    0x20, 0x00, 0x20, 0x00, 0x20, 0x00, 0x81, 0x08, 0x81, 0x08, 0xa2, 0x10, 0x08, 0x3a, 0x4e, 0x63,
    0x8f, 0x6b, 0x2d, 0x63, 0x08, 0x3a, 0xe3, 0x10, 0x81, 0x08, 0x61, 0x08, 0x20, 0x00, 0x41, 0x00,
    0x20, 0x00, 0x00, 0x00, 0x00, 0x00, 0x00, 0x00, 0x00, 0x00, 0x00, 0x00, 0x00, 0x00, 0x00, 0x00,
    0x00, 0x00, 0x00, 0x00, 0x00, 0x00, 0x00, 0x00, 0x00, 0x00, 0x00, 0x00, 0x00, 0x00, 0x00, 0x00,
    0x20, 0x00, 0x20, 0x00, 0x20, 0x00, 0x81, 0x08, 0x81, 0x08, 0xa2, 0x10, 0x08, 0x3a, 0x4e, 0x63,
    0x8f, 0x6b, 0x2d, 0x63, 0x08, 0x3a, 0xe3, 0x10, 0x81, 0x08, 0x61, 0x08, 0x20, 0x00, 0x41, 0x00,
    0x20, 0x00, 0x00, 0x00, 0x00, 0x00, 0x00, 0x00, 0x00, 0x00, 0x00, 0x00, 0x00, 0x00, 0x00, 0x00,
    0x00, 0x00, 0x00, 0x00, 0x00, 0x00, 0x00, 0x00, 0x00, 0x00, 0x00, 0x00, 0x00, 0x00, 0x00, 0x00,
    0x20, 0x00, 0x20, 0x00, 0x20, 0x00, 0x81, 0x08, 0x81, 0x08, 0xa2, 0x10, 0x08, 0x3a, 0x4e, 0x63,
    0x8f, 0x6b, 0x2d, 0x63, 0x08, 0x3a, 0xe3, 0x10, 0x81, 0x08, 0x61, 0x08, 0x20, 0x00, 0x41, 0x00,
    0x20, 0x00, 0x00, 0x00, 0x00, 0x00, 0x00, 0x00, 0x00, 0x00, 0x00, 0x00, 0x00, 0x00, 0x00, 0x00,
    0x00, 0x00, 0x00, 0x00, 0x00, 0x00, 0x00, 0x00, 0x00, 0x00, 0x00, 0x00, 0x00, 0x00, 0x00, 0x00,
    0x20, 0x00, 0x20, 0x00, 0x20, 0x00, 0x81, 0x08, 0x81, 0x08, 0xa2, 0x10, 0x08, 0x3a, 0x4e, 0x63,
    0x8f, 0x6b, 0x2d, 0x63, 0x08, 0x3a, 0xe3, 0x10, 0x81, 0x08, 0x61, 0x08, 0x20, 0x00, 0x41, 0x00,
    0x20, 0x00, 0x00, 0x00, 0x00, 0x00, 0x00, 0x00, 0x00, 0x00, 0x00, 0x00, 0x00, 0x00, 0x00, 0x00,
    0x00, 0x00, 0x00, 0x00, 0x00, 0x00, 0x00, 0x00, 0x00, 0x00, 0x00, 0x00, 0x00, 0x00, 0x00, 0x00,
    0x20, 0x00, 0x20, 0x00, 0x20, 0x00, 0x81, 0x08, 0x81, 0x08, 0xa2, 0x10, 0x08, 0x3a, 0x4e, 0x63,
    0x8f, 0x6b, 0x2d, 0x63, 0x08, 0x3a, 0xe3, 0x10, 0x81, 0x08, 0x61, 0x08, 0x20, 0x00, 0x41, 0x00,
    0x20, 0x00, 0x00, 0x00, 0x00, 0x00, 0x00, 0x00, 0x00, 0x00, 0x00, 0x00, 0x00, 0x00, 0x00, 0x00,
    0x00, 0x00, 0x00, 0x00, 0x00, 0x00, 0x00, 0x00, 0x00, 0x00, 0x00, 0x00, 0x00, 0x00, 0x00, 0x00,
    0x20, 0x00, 0x20, 0x00, 0x20, 0x00, 0x81, 0x08, 0x81, 0x08, 0xa2, 0x10, 0x08, 0x3a, 0x4e, 0x63,
    0x8f, 0x6b, 0x2d, 0x63, 0x08, 0x3a, 0xe3, 0x10, 0x81, 0x08, 0x61, 0x08, 0x20, 0x00, 0x41, 0x00,
    0x20, 0x00, 0x00, 0x00, 0x00, 0x00, 0x00, 0x00, 0x00, 0x00, 0x00, 0x00, 0x00, 0x00, 0x00, 0x00,
    0x00, 0x00, 0x00, 0x00, 0x00, 0x00, 0x00, 0x00, 0x00, 0x00, 0x00, 0x00, 0x00, 0x00, 0x00, 0x00,
    0x20, 0x00, 0x20, 0x00, 0x20, 0x00, 0x81, 0x08, 0x81, 0x08, 0xa2, 0x10, 0x08, 0x3a, 0x4e, 0x63,
    0x8f, 0x6b, 0x2d, 0x63, 0x08, 0x3a, 0xe3, 0x10, 0x81, 0x08, 0x61, 0x08, 0x20, 0x00, 0x41, 0x00,
    0x20, 0x00, 0x00, 0x00, 0x00, 0x00, 0x00, 0x00, 0x00, 0x00, 0x00, 0x00, 0x00, 0x00, 0x00, 0x00,
    0x00, 0x00, 0x00, 0x00, 0x00, 0x00, 0x00, 0x00, 0x00, 0x00, 0x00, 0x00, 0x00, 0x00, 0x00, 0x00,
    0x20, 0x00, 0x20, 0x00, 0x20, 0x00, 0x81, 0x08, 0x81, 0x08, 0xa2, 0x10, 0x08, 0x3a, 0x4e, 0x63,
    0x8f, 0x6b, 0x2d, 0x63, 0x08, 0x3a, 0xe3, 0x10, 0x81, 0x08, 0x61, 0x08, 0x20, 0x00, 0x41, 0x00,
    0x20, 0x00, 0x00, 0x00, 0x00, 0x00, 0x00, 0x00, 0x00, 0x00, 0x00, 0x00, 0x00, 0x00, 0x00, 0x00,
    0x00, 0x00, 0x00, 0x00, 0x00, 0x00, 0x00, 0x00, 0x00, 0x00, 0x00, 0x00, 0x00, 0x00, 0x00, 0x00,
    0x20, 0x00, 0x20, 0x00, 0x20, 0x00, 0x81, 0x08, 0x81, 0x08, 0xa2, 0x10, 0x08, 0x3a, 0x4e, 0x63,
    0x8f, 0x6b, 0x2d, 0x63, 0x08, 0x3a, 0xe3, 0x10, 0x81, 0x08, 0x61, 0x08, 0x20, 0x00, 0x41, 0x00,
    0x20, 0x00, 0x00, 0x00, 0x00, 0x00, 0x00, 0x00, 0x00, 0x00, 0x00, 0x00, 0x00, 0x00, 0x00, 0x00,
    0x00, 0x00, 0x00, 0x00, 0x00, 0x00, 0x00, 0x00, 0x00, 0x00, 0x00, 0x00, 0x00, 0x00, 0x00, 0x00,
    0x20, 0x00, 0x20, 0x00, 0x20, 0x00, 0x81, 0x08, 0x81, 0x08, 0xa2, 0x10, 0x08, 0x3a, 0x4e, 0x63,
    0x8f, 0x6b, 0x2d, 0x63, 0x08, 0x3a, 0xe3, 0x10, 0x81, 0x08, 0x61, 0x08, 0x20, 0x00, 0x41, 0x00,
    0x20, 0x00, 0x00, 0x00, 0x00, 0x00, 0x00, 0x00, 0x00, 0x00, 0x00, 0x00, 0x00, 0x00, 0x00, 0x00,
    0x00, 0x00, 0x00, 0x00, 0x00, 0x00, 0x00, 0x00, 0x00, 0x00, 0x00, 0x00, 0x00, 0x00, 0x00, 0x00,
    0x20, 0x00, 0x20, 0x00, 0x20, 0x00, 0x81, 0x08, 0x81, 0x08, 0xa2, 0x10, 0x08, 0x3a, 0x4e, 0x63,
    0x8f, 0x6b, 0x2d, 0x63, 0x08, 0x3a, 0xe3, 0x10, 0x81, 0x08, 0x61, 0x08, 0x20, 0x00, 0x41, 0x00,
    0x20, 0x00, 0x00, 0x00, 0x00, 0x00, 0x00, 0x00, 0x00, 0x00, 0x00, 0x00, 0x00, 0x00, 0x00, 0x00,
    0x00, 0x00, 0x00, 0x00, 0x00, 0x00, 0x00, 0x00, 0x00, 0x00, 0x00, 0x00, 0x00, 0x00, 0x00, 0x00,
    0x20, 0x00, 0x20, 0x00, 0x20, 0x00, 0x81, 0x08, 0x81, 0x08, 0xa2, 0x10, 0x08, 0x3a, 0x4e, 0x63,
    0x8f, 0x6b, 0x2d, 0x63, 0x08, 0x3a, 0xe3, 0x10, 0x81, 0x08, 0x61, 0x08, 0x20, 0x00, 0x41, 0x00,
    0x20, 0x00, 0x00, 0x00, 0x00, 0x00, 0x00, 0x00, 0x00, 0x00, 0x00, 0x00, 0x00, 0x00, 0x00, 0x00,
    0x00, 0x00, 0x00, 0x00, 0x00, 0x00, 0x00, 0x00, 0x00, 0x00, 0x00, 0x00, 0x00, 0x00, 0x00, 0x00,
    0x20, 0x00, 0x20, 0x00, 0x20, 0x00, 0x81, 0x08, 0x81, 0x08, 0xa2, 0x10, 0x08, 0x3a, 0x4e, 0x63,
    0x8f, 0x6b, 0x2d, 0x63, 0x08, 0x3a, 0xe3, 0x10, 0x81, 0x08, 0x61, 0x08, 0x20, 0x00, 0x41, 0x00,
    0x20, 0x00, 0x00, 0x00, 0x00, 0x00, 0x00, 0x00, 0x00, 0x00, 0x00, 0x00, 0x00, 0x00, 0x00, 0x00,
    0x00, 0x00, 0x00, 0x00, 0x00, 0x00, 0x00, 0x00, 0x00, 0x00, 0x00, 0x00, 0x00, 0x00, 0x00, 0x00,
    0x20, 0x00, 0x20, 0x00, 0x20, 0x00, 0x81, 0x08, 0x81, 0x08, 0xa2, 0x10, 0x08, 0x3a, 0x4e, 0x63,
    0x8f, 0x6b, 0x2d, 0x63, 0x08, 0x3a, 0xe3, 0x10, 0x81, 0x08, 0x61, 0x08, 0x20, 0x00, 0x41, 0x00,
    0x20, 0x00, 0x00, 0x00, 0x00, 0x00, 0x00, 0x00, 0x00, 0x00, 0x00, 0x00, 0x00, 0x00, 0x00, 0x00,
    0x00, 0x00, 0x00, 0x00, 0x00, 0x00, 0x00, 0x00, 0x00, 0x00, 0x00, 0x00, 0x00, 0x00, 0x00, 0x00,
    0x20, 0x00, 0x20, 0x00, 0x20, 0x00, 0x81, 0x08, 0x81, 0x08, 0xa2, 0x10, 0x08, 0x3a, 0x4e, 0x63,
    0x8f, 0x6b, 0x2d, 0x63, 0x08, 0x3a, 0xe3, 0x10, 0x81, 0x08, 0x61, 0x08, 0x20, 0x00, 0x41, 0x00,
    0x20, 0x00, 0x00, 0x00, 0x00, 0x00, 0x00, 0x00, 0x00, 0x00, 0x00, 0x00, 0x00, 0x00, 0x00, 0x00,
    0x00, 0x00, 0x00, 0x00, 0x00, 0x00, 0x00, 0x00, 0x00, 0x00, 0x00, 0x00, 0x00, 0x00, 0x00, 0x00,
    0x20, 0x00, 0x20, 0x00, 0x20, 0x00, 0x81, 0x08, 0x81, 0x08, 0xa2, 0x10, 0x08, 0x3a, 0x4e, 0x63,
    0x8f, 0x6b, 0x2d, 0x63, 0x08, 0x3a, 0xe3, 0x10, 0x81, 0x08, 0x61, 0x08, 0x20, 0x00, 0x41, 0x00,
    0x20, 0x00, 0x00, 0x00, 0x00, 0x00, 0x00, 0x00, 0x00, 0x00, 0x00, 0x00, 0x00, 0x00, 0x00, 0x00,
    0x00, 0x00, 0x00, 0x00, 0x00, 0x00, 0x00, 0x00, 0x00, 0x00, 0x00, 0x00, 0x00, 0x00, 0x00, 0x00,
    0x20, 0x00, 0x20, 0x00, 0x20, 0x00, 0x81, 0x08, 0x81, 0x08, 0xa2, 0x10, 0x08, 0x3a, 0x4e, 0x63,
    0x8f, 0x6b, 0x2d, 0x63, 0x08, 0x3a, 0xe3, 0x10, 0x81, 0x08, 0x61, 0x08, 0x20, 0x00, 0x41, 0x00,
    0x20, 0x00, 0x00, 0x00, 0x00, 0x00, 0x00, 0x00, 0x00, 0x00, 0x00, 0x00, 0x00, 0x00, 0x00, 0x00,
    0x00, 0x00, 0x00, 0x00, 0x00, 0x00, 0x00, 0x00, 0x00, 0x00, 0x00, 0x00, 0x00, 0x00, 0x00, 0x00,
    0x20, 0x00, 0x20, 0x00, 0x20, 0x00, 0x81, 0x08, 0x81, 0x08, 0xa2, 0x10, 0x08, 0x3a, 0x4e, 0x63,
    0x8f, 0x6b, 0x2d, 0x63, 0x08, 0x3a, 0xe3, 0x10, 0x81, 0x08, 0x61, 0x08, 0x20, 0x00, 0x41, 0x00,
    0x20, 0x00, 0x00, 0x00, 0x00, 0x00, 0x00, 0x00, 0x00, 0x00, 0x00, 0x00, 0x00, 0x00, 0x00, 0x00,
    0x00, 0x00, 0x00, 0x00, 0x00, 0x00, 0x00, 0x00, 0x00, 0x00, 0x00, 0x00, 0x00, 0x00, 0x00, 0x00,
    0x20, 0x00, 0x20, 0x00, 0x20, 0x00, 0x81, 0x08, 0x81, 0x08, 0xa2, 0x10, 0x08, 0x3a, 0x4e, 0x63,
    0x8f, 0x6b, 0x2d, 0x63, 0x08, 0x3a, 0xe3, 0x10, 0x81, 0x08, 0x61, 0x08, 0x20, 0x00, 0x41, 0x00,
    0x20, 0x00, 0x00, 0x00, 0x00, 0x00, 0x00, 0x00, 0x00, 0x00, 0x00, 0x00, 0x00, 0x00, 0x00, 0x00,
    0x00, 0x00, 0x00, 0x00, 0x00, 0x00, 0x00, 0x00, 0x00, 0x00, 0x00, 0x00, 0x00, 0x00, 0x00, 0x00,
    0x20, 0x00, 0x20, 0x00, 0x20, 0x00, 0x81, 0x08, 0x81, 0x08, 0xa2, 0x10, 0x08, 0x3a, 0x4e, 0x63,
    0x8f, 0x6b, 0x2d, 0x63, 0x08, 0x3a, 0xe3, 0x10, 0x81, 0x08, 0x61, 0x08, 0x20, 0x00, 0x41, 0x00,
    0x20, 0x00, 0x00, 0x00, 0x00, 0x00, 0x00, 0x00, 0x00, 0x00, 0x00, 0x00, 0x00, 0x00, 0x00, 0x00,
    0x00, 0x00, 0x00, 0x00, 0x00, 0x00, 0x00, 0x00, 0x00, 0x00, 0x00, 0x00, 0x00, 0x00, 0x00, 0x00,
    0x20, 0x00, 0x20, 0x00, 0x20, 0x00, 0x81, 0x08, 0x81, 0x08, 0xa2, 0x10, 0x08, 0x3a, 0x4e, 0x63,
    0x8f, 0x6b, 0x2d, 0x63, 0x08, 0x3a, 0xe3, 0x10, 0x81, 0x08, 0x61, 0x08, 0x20, 0x00, 0x41, 0x00,
    0x20, 0x00, 0x00, 0x00, 0x00, 0x00, 0x00, 0x00, 0x00, 0x00, 0x00, 0x00, 0x00, 0x00, 0x00, 0x00,
    0x00, 0x00, 0x00, 0x00, 0x00, 0x00, 0x00, 0x00, 0x00, 0x00, 0x00, 0x00, 0x00, 0x00, 0x00, 0x00,
    0x20, 0x00, 0x20, 0x00, 0x20, 0x00, 0x81, 0x08, 0x81, 0x08, 0xa2, 0x10, 0x08, 0x3a, 0x4e, 0x63,
    0x8f, 0x6b, 0x2d, 0x63, 0x08, 0x3a, 0xe3, 0x10, 0x81, 0x08, 0x61, 0x08, 0x20, 0x00, 0x41, 0x00,
    0x20, 0x00, 0x00, 0x00, 0x00, 0x00, 0x00, 0x00, 0x00, 0x00, 0x00, 0x00, 0x00, 0x00, 0x00, 0x00,
    0x00, 0x00, 0x00, 0x00, 0x00, 0x00, 0x00, 0x00, 0x00, 0x00, 0x00, 0x00, 0x00, 0x00, 0x00, 0x00,
    0x20, 0x00, 0x20, 0x00, 0x20, 0x00, 0x81, 0x08, 0x81, 0x08, 0xa2, 0x10, 0x08, 0x3a, 0x4e, 0x63,
    0x8f, 0x6b, 0x2d, 0x63, 0x08, 0x3a, 0xe3, 0x10, 0x81, 0x08, 0x61, 0x08, 0x20, 0x00, 0x41, 0x00,
    0x20, 0x00, 0x00, 0x00, 0x00, 0x00, 0x00, 0x00, 0x00, 0x00, 0x00, 0x00, 0x00, 0x00, 0x00, 0x00,
    0x00, 0x00, 0x00, 0x00, 0x00, 0x00, 0x00, 0x00, 0x00, 0x00, 0x00, 0x00, 0x00, 0x00, 0x00, 0x00,
    0x20, 0x00, 0x20, 0x00, 0x20, 0x00, 0x81, 0x08, 0x81, 0x08, 0xa2, 0x10, 0x08, 0x3a, 0x4e, 0x63,
    0x8f, 0x6b, 0x2d, 0x63, 0x08, 0x3a, 0xe3, 0x10, 0x81, 0x08, 0x61, 0x08, 0x20, 0x00, 0x41, 0x00,
    0x20, 0x00, 0x00, 0x00, 0x00, 0x00, 0x00, 0x00, 0x00, 0x00, 0x00, 0x00, 0x00, 0x00, 0x00, 0x00,
    0x00, 0x00, 0x00, 0x00, 0x00, 0x00, 0x00, 0x00, 0x00, 0x00, 0x00, 0x00, 0x00, 0x00, 0x00, 0x00,
    0x20, 0x00, 0x20, 0x00, 0x20, 0x00, 0x81, 0x08, 0x81, 0x08, 0xa2, 0x10, 0x08, 0x3a, 0x4e, 0x63,
    0x8f, 0x6b, 0x2d, 0x63, 0x08, 0x3a, 0xe3, 0x10, 0x81, 0x08, 0x61, 0x08, 0x20, 0x00, 0x41, 0x00,
    0x20, 0x00, 0x00, 0x00, 0x00, 0x00, 0x00, 0x00, 0x00, 0x00, 0x00, 0x00, 0x00, 0x00, 0x00, 0x00,
    0x00, 0x00, 0x00, 0x00, 0x00, 0x00, 0x00, 0x00, 0x00, 0x00, 0x00, 0x00, 0x00, 0x00, 0x00, 0x00,
    0x20, 0x00, 0x20, 0x00, 0x20, 0x00, 0x81, 0x08, 0x81, 0x08, 0xa2, 0x10, 0x08, 0x3a, 0x4e, 0x63,
    0x8f, 0x6b, 0x2d, 0x63, 0x08, 0x3a, 0xe3, 0x10, 0x81, 0x08, 0x61, 0x08, 0x20, 0x00, 0x41, 0x00,
    0x20, 0x00, 0x00, 0x00, 0x00, 0x00, 0x00, 0x00, 0x00, 0x00, 0x00, 0x00, 0x00, 0x00, 0x00, 0x00,
    0x00, 0x00, 0x00, 0x00, 0x00, 0x00, 0x00, 0x00, 0x00, 0x00, 0x00, 0x00, 0x00, 0x00, 0x00, 0x00,
    0x20, 0x00, 0x20, 0x00, 0x20, 0x00, 0x81, 0x08, 0x81, 0x08, 0xa2, 0x10, 0x08, 0x3a, 0x4e, 0x63,
    0x8f, 0x6b, 0x2d, 0x63, 0x08, 0x3a, 0xe3, 0x10, 0x81, 0x08, 0x61, 0x08, 0x20, 0x00, 0x41, 0x00,
    0x20, 0x00, 0x00, 0x00, 0x00, 0x00, 0x00, 0x00, 0x00, 0x00, 0x00, 0x00, 0x00, 0x00, 0x00, 0x00,
    0x00, 0x00, 0x00, 0x00, 0x00, 0x00, 0x00, 0x00, 0x00, 0x00, 0x00, 0x00, 0x00, 0x00, 0x00, 0x00,
    0x20, 0x00, 0x20, 0x00, 0x20, 0x00, 0x81, 0x08, 0x81, 0x08, 0xa2, 0x10, 0x08, 0x3a, 0x4e, 0x63,
    0x8f, 0x6b, 0x2d, 0x63, 0x08, 0x3a, 0xe3, 0x10, 0x81, 0x08, 0x61, 0x08, 0x20, 0x00, 0x41, 0x00,
    0x20, 0x00, 0x00, 0x00, 0x00, 0x00, 0x00, 0x00, 0x00, 0x00, 0x00, 0x00, 0x00, 0x00, 0x00, 0x00,
    0x00, 0x00, 0x00, 0x00, 0x00, 0x00, 0x00, 0x00, 0x00, 0x00, 0x00, 0x00, 0x00, 0x00, 0x00, 0x00,
    0x20, 0x00, 0x20, 0x00, 0x20, 0x00, 0x81, 0x08, 0x81, 0x08, 0xa2, 0x10, 0x08, 0x3a, 0x4e, 0x63,
    0x8f, 0x6b, 0x2d, 0x63, 0x08, 0x3a, 0xe3, 0x10, 0x81, 0x08, 0x61, 0x08, 0x20, 0x00, 0x41, 0x00,
    0x20, 0x00, 0x00, 0x00, 0x00, 0x00, 0x00, 0x00, 0x00, 0x00, 0x00, 0x00, 0x00, 0x00, 0x00, 0x00,
    0x00, 0x00, 0x00, 0x00, 0x00, 0x00, 0x00, 0x00, 0x00, 0x00, 0x00, 0x00, 0x00, 0x00, 0x00, 0x00,
    0x20, 0x00, 0x20, 0x00, 0x20, 0x00, 0x81, 0x08, 0x81, 0x08, 0xa2, 0x10, 0x08, 0x3a, 0x4e, 0x63,
    0x8f, 0x6b, 0x2d, 0x63, 0x08, 0x3a, 0xe3, 0x10, 0x81, 0x08, 0x61, 0x08, 0x20, 0x00, 0x41, 0x00,
    0x20, 0x00, 0x00, 0x00, 0x00, 0x00, 0x00, 0x00, 0x00, 0x00, 0x00, 0x00, 0x00, 0x00, 0x00, 0x00,
    0x00, 0x00, 0x00, 0x00, 0x00, 0x00, 0x00, 0x00, 0x00, 0x00, 0x00, 0x00, 0x00, 0x00, 0x00, 0x00,
    0x20, 0x00, 0x20, 0x00, 0x20, 0x00, 0x81, 0x08, 0x81, 0x08, 0xa2, 0x10, 0x08, 0x3a, 0x4e, 0x63,
    0x8f, 0x6b, 0x2d, 0x63, 0x08, 0x3a, 0xe3, 0x10, 0x81, 0x08, 0x61, 0x08, 0x20, 0x00, 0x41, 0x00,
    0x20, 0x00, 0x00, 0x00, 0x00, 0x00, 0x00, 0x00, 0x00, 0x00, 0x00, 0x00, 0x00, 0x00, 0x00, 0x00,
    0x00, 0x00, 0x00, 0x00, 0x00, 0x00, 0x00, 0x00, 0x00, 0x00, 0x00, 0x00, 0x00, 0x00, 0x00, 0x00,
    0x20, 0x00, 0x20, 0x00, 0x20, 0x00, 0x81, 0x08, 0x81, 0x08, 0xa2, 0x10, 0x08, 0x3a, 0x4e, 0x63,
    0x8f, 0x6b, 0x2d, 0x63, 0x08, 0x3a, 0xe3, 0x10, 0x81, 0x08, 0x61, 0x08, 0x20, 0x00, 0x41, 0x00,
    0x20, 0x00, 0x00, 0x00, 0x00, 0x00, 0x00, 0x00, 0x00, 0x00, 0x00, 0x00, 0x00, 0x00, 0x00, 0x00,
    0x00, 0x00, 0x00, 0x00, 0x00, 0x00, 0x00, 0x00, 0x00, 0x00, 0x00, 0x00, 0x00, 0x00, 0x00, 0x00,
    0x20, 0x00, 0x20, 0x00, 0x20, 0x00, 0x81, 0x08, 0x81, 0x08, 0xa2, 0x10, 0x08, 0x3a, 0x4e, 0x63,
    0x8f, 0x6b, 0x2d, 0x63, 0x08, 0x3a, 0xe3, 0x10, 0x81, 0x08, 0x61, 0x08, 0x20, 0x00, 0x41, 0x00,
    0x20, 0x00, 0x00, 0x00, 0x00, 0x00, 0x00, 0x00, 0x00, 0x00, 0x00, 0x00, 0x00, 0x00, 0x00, 0x00,
    0x00, 0x00, 0x00, 0x00, 0x00, 0x00, 0x00, 0x00, 0x00, 0x00, 0x00, 0x00, 0x00, 0x00, 0x00, 0x00,
    0x20, 0x00, 0x20, 0x00, 0x20, 0x00, 0x81, 0x08, 0x81, 0x08, 0xa2, 0x10, 0x08, 0x3a, 0x4e, 0x63,
    0x8f, 0x6b, 0x2d, 0x63, 0x08, 0x3a, 0xe3, 0x10, 0x81, 0x08, 0x61, 0x08, 0x20, 0x00, 0x41, 0x00,
    0x20, 0x00, 0x00, 0x00, 0x00, 0x00, 0x00, 0x00, 0x00, 0x00, 0x00, 0x00, 0x00, 0x00, 0x00, 0x00,
    0x00, 0x00, 0x00, 0x00, 0x00, 0x00, 0x00, 0x00, 0x00, 0x00, 0x00, 0x00, 0x00, 0x00, 0x00, 0x00,
    0x20, 0x00, 0x20, 0x00, 0x20, 0x00, 0x81, 0x08, 0x81, 0x08, 0xa2, 0x10, 0x08, 0x3a, 0x4e, 0x63,
    0x8f, 0x6b, 0x2d, 0x63, 0x08, 0x3a, 0xe3, 0x10, 0x81, 0x08, 0x61, 0x08, 0x20, 0x00, 0x41, 0x00,
    0x20, 0x00, 0x00, 0x00, 0x00, 0x00, 0x00, 0x00, 0x00, 0x00, 0x00, 0x00, 0x00, 0x00, 0x00, 0x00,
    0x00, 0x00, 0x00, 0x00, 0x00, 0x00, 0x00, 0x00, 0x00, 0x00, 0x00, 0x00, 0x00, 0x00, 0x00, 0x00,
    0x20, 0x00, 0x20, 0x00, 0x20, 0x00, 0x81, 0x08, 0x81, 0x08, 0xa2, 0x10, 0x08, 0x3a, 0x4e, 0x63,
    0x8f, 0x6b, 0x2d, 0x63, 0x08, 0x3a, 0xe3, 0x10, 0x81, 0x08, 0x61, 0x08, 0x20, 0x00, 0x41, 0x00,
    0x20, 0x00, 0x00, 0x00, 0x00, 0x00, 0x00, 0x00, 0x00, 0x00, 0x00, 0x00, 0x00, 0x00, 0x00, 0x00,
    0x00, 0x00, 0x00, 0x00, 0x00, 0x00, 0x00, 0x00, 0x00, 0x00, 0x00, 0x00, 0x00, 0x00, 0x00, 0x00,
    0x20, 0x00, 0x20, 0x00, 0x20, 0x00, 0x81, 0x08, 0x81, 0x08, 0xa2, 0x10, 0x08, 0x3a, 0x4e, 0x63,
    0x8f, 0x6b, 0x2d, 0x63, 0x08, 0x3a, 0xe3, 0x10, 0x81, 0x08, 0x61, 0x08, 0x20, 0x00, 0x41, 0x00,
    0x20, 0x00, 0x00, 0x00, 0x00, 0x00, 0x00, 0x00, 0x00, 0x00, 0x00, 0x00, 0x00, 0x00, 0x00, 0x00,
    0x00, 0x00, 0x00, 0x00, 0x00, 0x00, 0x00, 0x00, 0x00, 0x00, 0x00, 0x00, 0x00, 0x00, 0x00, 0x00,
    0x20, 0x00, 0x20, 0x00, 0x20, 0x00, 0x81, 0x08, 0x81, 0x08, 0xa2, 0x10, 0x08, 0x3a, 0x4e, 0x63,
    0x8f, 0x6b, 0x2d, 0x63, 0x08, 0x3a, 0xe3, 0x10, 0x81, 0x08, 0x61, 0x08, 0x20, 0x00, 0x41, 0x00,
    0x20, 0x00, 0x00, 0x00, 0x00, 0x00, 0x00, 0x00, 0x00, 0x00, 0x00, 0x00, 0x00, 0x00, 0x00, 0x00,
    0x00, 0x00, 0x00, 0x00, 0x00, 0x00, 0x00, 0x00, 0x00, 0x00, 0x00, 0x00, 0x00, 0x00, 0x00, 0x00,
    0x20, 0x00, 0x20, 0x00, 0x20, 0x00, 0x81, 0x08, 0x81, 0x08, 0xa2, 0x10, 0x08, 0x3a, 0x4e, 0x63,
    0x8f, 0x6b, 0x2d, 0x63, 0x08, 0x3a, 0xe3, 0x10, 0x81, 0x08, 0x61, 0x08, 0x20, 0x00, 0x41, 0x00,
    0x20, 0x00, 0x00, 0x00, 0x00, 0x00, 0x00, 0x00, 0x00, 0x00, 0x00, 0x00, 0x00, 0x00, 0x00, 0x00,
    0x00, 0x00, 0x00, 0x00, 0x00, 0x00, 0x00, 0x00, 0x00, 0x00, 0x00, 0x00, 0x00, 0x00, 0x00, 0x00,
    0x20, 0x00, 0x20, 0x00, 0x20, 0x00, 0x81, 0x08, 0x81, 0x08, 0xa2, 0x10, 0x08, 0x3a, 0x4e, 0x63,
    0x8f, 0x6b, 0x2d, 0x63, 0x08, 0x3a, 0xe3, 0x10, 0x81, 0x08, 0x61, 0x08, 0x20, 0x00, 0x41, 0x00,
    0x20, 0x00, 0x00, 0x00, 0x00, 0x00, 0x00, 0x00, 0x00, 0x00, 0x00, 0x00, 0x00, 0x00, 0x00, 0x00,
    0x00, 0x00, 0x00, 0x00, 0x00, 0x00, 0x00, 0x00, 0x00, 0x00, 0x00, 0x00, 0x00, 0x00, 0x00, 0x00,
    0x20, 0x00, 0x20, 0x00, 0x20, 0x00, 0x81, 0x08, 0x81, 0x08, 0xa2, 0x10, 0x08, 0x3a, 0x4e, 0x63,
    0x8f, 0x6b, 0x2d, 0x63, 0x08, 0x3a, 0xe3, 0x10, 0x81, 0x08, 0x61, 0x08, 0x20, 0x00, 0x41, 0x00,
    0x20, 0x00, 0x00, 0x00, 0x00, 0x00, 0x00, 0x00, 0x00, 0x00, 0x00, 0x00, 0x00, 0x00, 0x00, 0x00,
    0x00, 0x00, 0x00, 0x00, 0x00, 0x00, 0x00, 0x00, 0x00, 0x00, 0x00, 0x00, 0x00, 0x00, 0x00, 0x00,
    0x20, 0x00, 0x20, 0x00, 0x20, 0x00, 0x81, 0x08, 0x81, 0x08, 0xa2, 0x10, 0x08, 0x3a, 0x4e, 0x63,
    0x8f, 0x6b, 0x2d, 0x63, 0x08, 0x3a, 0xe3, 0x10, 0x81, 0x08, 0x61, 0x08, 0x20, 0x00, 0x41, 0x00,
    0x20, 0x00, 0x00, 0x00, 0x00, 0x00, 0x00, 0x00, 0x00, 0x00, 0x00, 0x00, 0x00, 0x00, 0x00, 0x00,
    0x00, 0x00, 0x00, 0x00, 0x00, 0x00, 0x00, 0x00, 0x00, 0x00, 0x00, 0x00, 0x00, 0x00, 0x00, 0x00,
    0x20, 0x00, 0x20, 0x00, 0x20, 0x00, 0x81, 0x08, 0x81, 0x08, 0xa2, 0x10, 0x08, 0x3a, 0x4e, 0x63,
    0x8f, 0x6b, 0x2d, 0x63, 0x08, 0x3a, 0xe3, 0x10, 0x81, 0x08, 0x61, 0x08, 0x20, 0x00, 0x41, 0x00,
    0x20, 0x00, 0x00, 0x00, 0x00, 0x00, 0x00, 0x00, 0x00, 0x00, 0x00, 0x00, 0x00, 0x00, 0x00, 0x00,
    0x00, 0x00, 0x00, 0x00, 0x00, 0x00, 0x00, 0x00, 0x00, 0x00, 0x00, 0x00, 0x00, 0x00, 0x00, 0x00,
    0x00, 0x00, 0x00, 0x00, 0x00, 0x00, 0x00, 0x00, 0x61, 0x08, 0x61, 0x08, 0x41, 0x08, 0x41, 0x08,
    0x61, 0x08, 0x61, 0x08, 0x41, 0x08, 0x20, 0x00, 0x61, 0x08, 0x20, 0x00, 0x00, 0x00, 0x00, 0x00,
    0x00, 0x00, 0x00, 0x00, 0x00, 0x00, 0x00, 0x00, 0x00, 0x00, 0x00, 0x00, 0x00, 0x00, 0x00, 0x00,
    0x00, 0x00, 0x00, 0x00, 0x00, 0x00, 0x00, 0x00, 0x00, 0x00, 0x00, 0x00, 0x00, 0x00, 0x00, 0x00,
    0x00, 0x00, 0x00, 0x00, 0x00, 0x00, 0x00, 0x00, 0x61, 0x08, 0x61, 0x08, 0x41, 0x08, 0x41, 0x08,
    0x61, 0x08, 0x61, 0x08, 0x41, 0x08, 0x20, 0x00, 0x61, 0x08, 0x20, 0x00, 0x00, 0x00, 0x00, 0x00,
    0x00, 0x00, 0x00, 0x00, 0x00, 0x00, 0x00, 0x00, 0x00, 0x00, 0x00, 0x00, 0x00, 0x00, 0x00, 0x00,
    0x00, 0x00, 0x00, 0x00, 0x00, 0x00, 0x00, 0x00, 0x00, 0x00, 0x00, 0x00, 0x00, 0x00, 0x00, 0x00,
    0x00, 0x00, 0x00, 0x00, 0x00, 0x00, 0x00, 0x00, 0x61, 0x08, 0x61, 0x08, 0x41, 0x08, 0x41, 0x08,
    0x61, 0x08, 0x61, 0x08, 0x41, 0x08, 0x20, 0x00, 0x61, 0x08, 0x20, 0x00, 0x00, 0x00, 0x00, 0x00,
    0x00, 0x00, 0x00, 0x00, 0x00, 0x00, 0x00, 0x00, 0x00, 0x00, 0x00, 0x00, 0x00, 0x00, 0x00, 0x00,
    0x00, 0x00, 0x00, 0x00, 0x00, 0x00, 0x00, 0x00, 0x00, 0x00, 0x00, 0x00, 0x00, 0x00, 0x00, 0x00,
    0x00, 0x00, 0x00, 0x00, 0x00, 0x00, 0x00, 0x00, 0x61, 0x08, 0x61, 0x08, 0x41, 0x08, 0x41, 0x08,
    0x61, 0x08, 0x61, 0x08, 0x41, 0x08, 0x20, 0x00, 0x61, 0x08, 0x20, 0x00, 0x00, 0x00, 0x00, 0x00,
    0x00, 0x00, 0x00, 0x00, 0x00, 0x00, 0x00, 0x00, 0x00, 0x00, 0x00, 0x00, 0x00, 0x00, 0x00, 0x00,
    0x00, 0x00, 0x00, 0x00, 0x00, 0x00, 0x00, 0x00, 0x00, 0x00, 0x00, 0x00, 0x00, 0x00, 0x00, 0x00,
    0x00, 0x00, 0x00, 0x00, 0x00, 0x00, 0x00, 0x00, 0x61, 0x08, 0x61, 0x08, 0x41, 0x08, 0x41, 0x08,
    0x61, 0x08, 0x61, 0x08, 0x41, 0x08, 0x20, 0x00, 0x61, 0x08, 0x20, 0x00, 0x00, 0x00, 0x00, 0x00,
    0x00, 0x00, 0x00, 0x00, 0x00, 0x00, 0x00, 0x00, 0x00, 0x00, 0x00, 0x00, 0x00, 0x00, 0x00, 0x00,
    0x00, 0x00, 0x00, 0x00, 0x00, 0x00, 0x00, 0x00, 0x00, 0x00, 0x00, 0x00, 0x00, 0x00, 0x00, 0x00,
    0x00, 0x00, 0x00, 0x00, 0x00, 0x00, 0x00, 0x00, 0x61, 0x08, 0x61, 0x08, 0x41, 0x08, 0x41, 0x08,
    0x61, 0x08, 0x61, 0x08, 0x41, 0x08, 0x20, 0x00, 0x61, 0x08, 0x20, 0x00, 0x00, 0x00, 0x00, 0x00,
    0x00, 0x00, 0x00, 0x00, 0x00, 0x00, 0x00, 0x00, 0x00, 0x00, 0x00, 0x00, 0x00, 0x00, 0x00, 0x00,
    0x00, 0x00, 0x00, 0x00, 0x00, 0x00, 0x00, 0x00, 0x00, 0x00, 0x00, 0x00, 0x00, 0x00, 0x00, 0x00,
    0x00, 0x00, 0x00, 0x00, 0x00, 0x00, 0x00, 0x00, 0x61, 0x08, 0x61, 0x08, 0x41, 0x08, 0x41, 0x08,
    0x61, 0x08, 0x61, 0x08, 0x41, 0x08, 0x20, 0x00, 0x61, 0x08, 0x20, 0x00, 0x00, 0x00, 0x00, 0x00,
    0x00, 0x00, 0x00, 0x00, 0x00, 0x00, 0x00, 0x00, 0x00, 0x00, 0x00, 0x00, 0x00, 0x00, 0x00, 0x00,
    0x00, 0x00, 0x00, 0x00, 0x00, 0x00, 0x00, 0x00, 0x00, 0x00, 0x00, 0x00, 0x00, 0x00, 0x00, 0x00,
    0x00, 0x00, 0x00, 0x00, 0x00, 0x00, 0x00, 0x00, 0x61, 0x08, 0x61, 0x08, 0x41, 0x08, 0x41, 0x08,
    0x61, 0x08, 0x61, 0x08, 0x41, 0x08, 0x20, 0x00, 0x61, 0x08, 0x20, 0x00, 0x00, 0x00, 0x00, 0x00,
    0x00, 0x00, 0x00, 0x00, 0x00, 0x00, 0x00, 0x00, 0x00, 0x00, 0x00, 0x00, 0x00, 0x00, 0x00, 0x00,
    0x00, 0x00, 0x00, 0x00, 0x00, 0x00, 0x00, 0x00, 0x00, 0x00, 0x00, 0x00, 0x00, 0x00, 0x00, 0x00,
    0x00, 0x00, 0x00, 0x00, 0x00, 0x00, 0x00, 0x00, 0x61, 0x08, 0x61, 0x08, 0x41, 0x08, 0x41, 0x08,
    0x61, 0x08, 0x61, 0x08, 0x41, 0x08, 0x20, 0x00, 0x61, 0x08, 0x20, 0x00, 0x00, 0x00, 0x00, 0x00,
    0x00, 0x00, 0x00, 0x00, 0x00, 0x00, 0x00, 0x00, 0x00, 0x00, 0x00, 0x00, 0x00, 0x00, 0x00, 0x00,
    0x00, 0x00, 0x00, 0x00, 0x00, 0x00, 0x00, 0x00, 0x00, 0x00, 0x00, 0x00, 0x00, 0x00, 0x00, 0x00,
    0x00, 0x00, 0x00, 0x00, 0x00, 0x00, 0x00, 0x00, 0x61, 0x08, 0x61, 0x08, 0x41, 0x08, 0x41, 0x08,
    0x61, 0x08, 0x61, 0x08, 0x41, 0x08, 0x20, 0x00, 0x61, 0x08, 0x20, 0x00, 0x00, 0x00, 0x00, 0x00,
    0x00, 0x00, 0x00, 0x00, 0x00, 0x00, 0x00, 0x00, 0x00, 0x00, 0x00, 0x00, 0x00, 0x00, 0x00, 0x00,
    0x00, 0x00, 0x00, 0x00, 0x00, 0x00, 0x00, 0x00, 0x00, 0x00, 0x00, 0x00, 0x00, 0x00, 0x00, 0x00,
    0x00, 0x00, 0x00, 0x00, 0x00, 0x00, 0x00, 0x00, 0x61, 0x08, 0x61, 0x08, 0x41, 0x08, 0x41, 0x08,
    0x61, 0x08, 0x61, 0x08, 0x41, 0x08, 0x20, 0x00, 0x61, 0x08, 0x20, 0x00, 0x00, 0x00, 0x00, 0x00,
    0x00, 0x00, 0x00, 0x00, 0x00, 0x00, 0x00, 0x00, 0x00, 0x00, 0x00, 0x00, 0x00, 0x00, 0x00, 0x00,
    0x00, 0x00, 0x00, 0x00, 0x00, 0x00, 0x00, 0x00, 0x00, 0x00, 0x00, 0x00, 0x00, 0x00, 0x00, 0x00,
    0x00, 0x00, 0x00, 0x00, 0x00, 0x00, 0x00, 0x00, 0x61, 0x08, 0x61, 0x08, 0x41, 0x08, 0x41, 0x08,
    0x61, 0x08, 0x61, 0x08, 0x41, 0x08, 0x20, 0x00, 0x61, 0x08, 0x20, 0x00, 0x00, 0x00, 0x00, 0x00,
    0x00, 0x00, 0x00, 0x00, 0x00, 0x00, 0x00, 0x00, 0x00, 0x00, 0x00, 0x00, 0x00, 0x00, 0x00, 0x00,
    0x00, 0x00, 0x00, 0x00, 0x00, 0x00, 0x00, 0x00, 0x00, 0x00, 0x00, 0x00, 0x00, 0x00, 0x00, 0x00,
    0x00, 0x00, 0x00, 0x00, 0x00, 0x00, 0x00, 0x00, 0x61, 0x08, 0x61, 0x08, 0x41, 0x08, 0x41, 0x08,
    0x61, 0x08, 0x61, 0x08, 0x41, 0x08, 0x20, 0x00, 0x61, 0x08, 0x20, 0x00, 0x00, 0x00, 0x00, 0x00,
    0x00, 0x00, 0x00, 0x00, 0x00, 0x00, 0x00, 0x00, 0x00, 0x00, 0x00, 0x00, 0x00, 0x00, 0x00, 0x00,
    0x00, 0x00, 0x00, 0x00, 0x00, 0x00, 0x00, 0x00, 0x00, 0x00, 0x00, 0x00, 0x00, 0x00, 0x00, 0x00,
    0x00, 0x00, 0x00, 0x00, 0x00, 0x00, 0x00, 0x00, 0x61, 0x08, 0x61, 0x08, 0x41, 0x08, 0x41, 0x08,
    0x61, 0x08, 0x61, 0x08, 0x41, 0x08, 0x20, 0x00, 0x61, 0x08, 0x20, 0x00, 0x00, 0x00, 0x00, 0x00,
    0x00, 0x00, 0x00, 0x00, 0x00, 0x00, 0x00, 0x00, 0x00, 0x00, 0x00, 0x00, 0x00, 0x00, 0x00, 0x00,
    0x00, 0x00, 0x00, 0x00, 0x00, 0x00, 0x00, 0x00, 0x00, 0x00, 0x00, 0x00, 0x00, 0x00, 0x00, 0x00,
    0x00, 0x00, 0x00, 0x00, 0x00, 0x00, 0x00, 0x00, 0x61, 0x08, 0x61, 0x08, 0x41, 0x08, 0x41, 0x08,
    0x61, 0x08, 0x61, 0x08, 0x41, 0x08, 0x20, 0x00, 0x61, 0x08, 0x20, 0x00, 0x00, 0x00, 0x00, 0x00,
    0x00, 0x00, 0x00, 0x00, 0x00, 0x00, 0x00, 0x00, 0x00, 0x00, 0x00, 0x00, 0x00, 0x00, 0x00, 0x00,
    0x00, 0x00, 0x00, 0x00, 0x00, 0x00, 0x00, 0x00, 0x00, 0x00, 0x00, 0x00, 0x00, 0x00, 0x00, 0x00,
    0x00, 0x00, 0x00, 0x00, 0x00, 0x00, 0x00, 0x00, 0x61, 0x08, 0x61, 0x08, 0x41, 0x08, 0x41, 0x08,
    0x61, 0x08, 0x61, 0x08, 0x41, 0x08, 0x20, 0x00, 0x61, 0x08, 0x20, 0x00, 0x00, 0x00, 0x00, 0x00,
    0x00, 0x00, 0x00, 0x00, 0x00, 0x00, 0x00, 0x00, 0x00, 0x00, 0x00, 0x00, 0x00, 0x00, 0x00, 0x00,
    0x00, 0x00, 0x00, 0x00, 0x00, 0x00, 0x00, 0x00, 0x00, 0x00, 0x00, 0x00, 0x00, 0x00, 0x00, 0x00,
    0x00, 0x00, 0x00, 0x00, 0x00, 0x00, 0x00, 0x00, 0x61, 0x08, 0x61, 0x08, 0x41, 0x08, 0x41, 0x08,
    0x61, 0x08, 0x61, 0x08, 0x41, 0x08, 0x20, 0x00, 0x61, 0x08, 0x20, 0x00, 0x00, 0x00, 0x00, 0x00,
    0x00, 0x00, 0x00, 0x00, 0x00, 0x00, 0x00, 0x00, 0x00, 0x00, 0x00, 0x00, 0x00, 0x00, 0x00, 0x00,
    0x00, 0x00, 0x00, 0x00, 0x00, 0x00, 0x00, 0x00, 0x00, 0x00, 0x00, 0x00, 0x00, 0x00, 0x00, 0x00,
    0x00, 0x00, 0x00, 0x00, 0x00, 0x00, 0x00, 0x00, 0x61, 0x08, 0x61, 0x08, 0x41, 0x08, 0x41, 0x08,
    0x61, 0x08, 0x61, 0x08, 0x41, 0x08, 0x20, 0x00, 0x61, 0x08, 0x20, 0x00, 0x00, 0x00, 0x00, 0x00,
    0x00, 0x00, 0x00, 0x00, 0x00, 0x00, 0x00, 0x00, 0x00, 0x00, 0x00, 0x00, 0x00, 0x00, 0x00, 0x00,
    0x00, 0x00, 0x00, 0x00, 0x00, 0x00, 0x00, 0x00, 0x00, 0x00, 0x00, 0x00, 0x00, 0x00, 0x00, 0x00,
    0x00, 0x00, 0x00, 0x00, 0x00, 0x00, 0x00, 0x00, 0x61, 0x08, 0x61, 0x08, 0x41, 0x08, 0x41, 0x08,
    0x61, 0x08, 0x61, 0x08, 0x41, 0x08, 0x20, 0x00, 0x61, 0x08, 0x20, 0x00, 0x00, 0x00, 0x00, 0x00,
    0x00, 0x00, 0x00, 0x00, 0x00, 0x00, 0x00, 0x00, 0x00, 0x00, 0x00, 0x00, 0x00, 0x00, 0x00, 0x00,
    0x00, 0x00, 0x00, 0x00, 0x00, 0x00, 0x00, 0x00, 0x00, 0x00, 0x00, 0x00, 0x00, 0x00, 0x00, 0x00,
    0x00, 0x00, 0x00, 0x00, 0x00, 0x00, 0x00, 0x00, 0x61, 0x08, 0x61, 0x08, 0x41, 0x08, 0x41, 0x08,
    0x61, 0x08, 0x61, 0x08, 0x41, 0x08, 0x20, 0x00, 0x61, 0x08, 0x20, 0x00, 0x00, 0x00, 0x00, 0x00,
    0x00, 0x00, 0x00, 0x00, 0x00, 0x00, 0x00, 0x00, 0x00, 0x00, 0x00, 0x00, 0x00, 0x00, 0x00, 0x00,
    0x00, 0x00, 0x00, 0x00, 0x00, 0x00, 0x00, 0x00, 0x00, 0x00, 0x00, 0x00, 0x00, 0x00, 0x00, 0x00,
    0x00, 0x00, 0x00, 0x00, 0x00, 0x00, 0x00, 0x00, 0x61, 0x08, 0x61, 0x08, 0x41, 0x08, 0x41, 0x08,
    0x61, 0x08, 0x61, 0x08, 0x41, 0x08, 0x20, 0x00, 0x61, 0x08, 0x20, 0x00, 0x00, 0x00, 0x00, 0x00,
    0x00, 0x00, 0x00, 0x00, 0x00, 0x00, 0x00, 0x00, 0x00, 0x00, 0x00, 0x00, 0x00, 0x00, 0x00, 0x00,
    0x00, 0x00, 0x00, 0x00, 0x00, 0x00, 0x00, 0x00, 0x00, 0x00, 0x00, 0x00, 0x00, 0x00, 0x00, 0x00,
    0x00, 0x00, 0x00, 0x00, 0x00, 0x00, 0x00, 0x00, 0x61, 0x08, 0x61, 0x08, 0x41, 0x08, 0x41, 0x08,
    0x61, 0x08, 0x61, 0x08, 0x41, 0x08, 0x20, 0x00, 0x61, 0x08, 0x20, 0x00, 0x00, 0x00, 0x00, 0x00,
    0x00, 0x00, 0x00, 0x00, 0x00, 0x00, 0x00, 0x00, 0x00, 0x00, 0x00, 0x00, 0x00, 0x00, 0x00, 0x00,
    0x00, 0x00, 0x00, 0x00, 0x00, 0x00, 0x00, 0x00, 0x00, 0x00, 0x00, 0x00, 0x00, 0x00, 0x00, 0x00,
    0x00, 0x00, 0x00, 0x00, 0x00, 0x00, 0x00, 0x00, 0x61, 0x08, 0x61, 0x08, 0x41, 0x08, 0x41, 0x08,
    0x61, 0x08, 0x61, 0x08, 0x41, 0x08, 0x20, 0x00, 0x61, 0x08, 0x20, 0x00, 0x00, 0x00, 0x00, 0x00,
    0x00, 0x00, 0x00, 0x00, 0x00, 0x00, 0x00, 0x00, 0x00, 0x00, 0x00, 0x00, 0x00, 0x00, 0x00, 0x00,
    0x00, 0x00, 0x00, 0x00, 0x00, 0x00, 0x00, 0x00, 0x00, 0x00, 0x00, 0x00, 0x00, 0x00, 0x00, 0x00,
    0x00, 0x00, 0x00, 0x00, 0x00, 0x00, 0x00, 0x00, 0x61, 0x08, 0x61, 0x08, 0x41, 0x08, 0x41, 0x08,
    0x61, 0x08, 0x61, 0x08, 0x41, 0x08, 0x20, 0x00, 0x61, 0x08, 0x20, 0x00, 0x00, 0x00, 0x00, 0x00,
    0x00, 0x00, 0x00, 0x00, 0x00, 0x00, 0x00, 0x00, 0x00, 0x00, 0x00, 0x00, 0x00, 0x00, 0x00, 0x00,
    0x00, 0x00, 0x00, 0x00, 0x00, 0x00, 0x00, 0x00, 0x00, 0x00, 0x00, 0x00, 0x00, 0x00, 0x00, 0x00,
    0x00, 0x00, 0x00, 0x00, 0x00, 0x00, 0x00, 0x00, 0x61, 0x08, 0x61, 0x08, 0x41, 0x08, 0x41, 0x08,
    0x61, 0x08, 0x61, 0x08, 0x41, 0x08, 0x20, 0x00, 0x61, 0x08, 0x20, 0x00, 0x00, 0x00, 0x00, 0x00,
    0x00, 0x00, 0x00, 0x00, 0x00, 0x00, 0x00, 0x00, 0x00, 0x00, 0x00, 0x00, 0x00, 0x00, 0x00, 0x00,
    0x00, 0x00, 0x00, 0x00, 0x00, 0x00, 0x00, 0x00, 0x00, 0x00, 0x00, 0x00, 0x00, 0x00, 0x00, 0x00,
    0x00, 0x00, 0x00, 0x00, 0x00, 0x00, 0x00, 0x00, 0x61, 0x08, 0x61, 0x08, 0x41, 0x08, 0x41, 0x08,
    0x61, 0x08, 0x61, 0x08, 0x41, 0x08, 0x20, 0x00, 0x61, 0x08, 0x20, 0x00, 0x00, 0x00, 0x00, 0x00,
    0x00, 0x00, 0x00, 0x00, 0x00, 0x00, 0x00, 0x00, 0x00, 0x00, 0x00, 0x00, 0x00, 0x00, 0x00, 0x00,
    0x00, 0x00, 0x00, 0x00, 0x00, 0x00, 0x00, 0x00, 0x00, 0x00, 0x00, 0x00, 0x00, 0x00, 0x00, 0x00,
    0x00, 0x00, 0x00, 0x00, 0x00, 0x00, 0x00, 0x00, 0x61, 0x08, 0x61, 0x08, 0x41, 0x08, 0x41, 0x08,
    0x61, 0x08, 0x61, 0x08, 0x41, 0x08, 0x20, 0x00, 0x61, 0x08, 0x20, 0x00, 0x00, 0x00, 0x00, 0x00,
    0x00, 0x00, 0x00, 0x00, 0x00, 0x00, 0x00, 0x00, 0x00, 0x00, 0x00, 0x00, 0x00, 0x00, 0x00, 0x00,
    0x00, 0x00, 0x00, 0x00, 0x00, 0x00, 0x00, 0x00, 0x00, 0x00, 0x00, 0x00, 0x00, 0x00, 0x00, 0x00,
    0x00, 0x00, 0x00, 0x00, 0x00, 0x00, 0x00, 0x00, 0x61, 0x08, 0x61, 0x08, 0x41, 0x08, 0x41, 0x08,
    0x61, 0x08, 0x61, 0x08, 0x41, 0x08, 0x20, 0x00, 0x61, 0x08, 0x20, 0x00, 0x00, 0x00, 0x00, 0x00,
    0x00, 0x00, 0x00, 0x00, 0x00, 0x00, 0x00, 0x00, 0x00, 0x00, 0x00, 0x00, 0x00, 0x00, 0x00, 0x00,
    0x00, 0x00, 0x00, 0x00, 0x00, 0x00, 0x00, 0x00, 0x00, 0x00, 0x00, 0x00, 0x00, 0x00, 0x00, 0x00,
    0x00, 0x00, 0x00, 0x00, 0x00, 0x00, 0x00, 0x00, 0x61, 0x08, 0x61, 0x08, 0x41, 0x08, 0x41, 0x08,
    0x61, 0x08, 0x61, 0x08, 0x41, 0x08, 0x20, 0x00, 0x61, 0x08, 0x20, 0x00, 0x00, 0x00, 0x00, 0x00,
    0x00, 0x00, 0x00, 0x00, 0x00, 0x00, 0x00, 0x00, 0x00, 0x00, 0x00, 0x00, 0x00, 0x00, 0x00, 0x00,
    0x00, 0x00, 0x00, 0x00, 0x00, 0x00, 0x00, 0x00, 0x00, 0x00, 0x00, 0x00, 0x00, 0x00, 0x00, 0x00,
    0x00, 0x00, 0x00, 0x00, 0x00, 0x00, 0x00, 0x00, 0x61, 0x08, 0x61, 0x08, 0x41, 0x08, 0x41, 0x08,
    0x61, 0x08, 0x61, 0x08, 0x41, 0x08, 0x20, 0x00, 0x61, 0x08, 0x20, 0x00, 0x00, 0x00, 0x00, 0x00,
    0x00, 0x00, 0x00, 0x00, 0x00, 0x00, 0x00, 0x00, 0x00, 0x00, 0x00, 0x00, 0x00, 0x00, 0x00, 0x00,
    0x00, 0x00, 0x00, 0x00, 0x00, 0x00, 0x00, 0x00, 0x00, 0x00, 0x00, 0x00, 0x00, 0x00, 0x00, 0x00,
    0x00, 0x00, 0x00, 0x00, 0x00, 0x00, 0x00, 0x00, 0x61, 0x08, 0x61, 0x08, 0x41, 0x08, 0x41, 0x08,
    0x61, 0x08, 0x61, 0x08, 0x41, 0x08, 0x20, 0x00, 0x61, 0x08, 0x20, 0x00, 0x00, 0x00, 0x00, 0x00,
    0x00, 0x00, 0x00, 0x00, 0x00, 0x00, 0x00, 0x00, 0x00, 0x00, 0x00, 0x00, 0x00, 0x00, 0x00, 0x00,
    0x00, 0x00, 0x00, 0x00, 0x00, 0x00, 0x00, 0x00, 0x00, 0x00, 0x00, 0x00, 0x00, 0x00, 0x00, 0x00,
    0x00, 0x00, 0x00, 0x00, 0x00, 0x00, 0x00, 0x00, 0x61, 0x08, 0x61, 0x08, 0x41, 0x08, 0x41, 0x08,
    0x61, 0x08, 0x61, 0x08, 0x41, 0x08, 0x20, 0x00, 0x61, 0x08, 0x20, 0x00, 0x00, 0x00, 0x00, 0x00,
    0x00, 0x00, 0x00, 0x00, 0x00, 0x00, 0x00, 0x00, 0x00, 0x00, 0x00, 0x00, 0x00, 0x00, 0x00, 0x00,
    0x00, 0x00, 0x00, 0x00, 0x00, 0x00, 0x00, 0x00, 0x00, 0x00, 0x00, 0x00, 0x00, 0x00, 0x00, 0x00,
    0x00, 0x00, 0x00, 0x00, 0x00, 0x00, 0x00, 0x00, 0x61, 0x08, 0x61, 0x08, 0x41, 0x08, 0x41, 0x08,
    0x61, 0x08, 0x61, 0x08, 0x41, 0x08, 0x20, 0x00, 0x61, 0x08, 0x20, 0x00, 0x00, 0x00, 0x00, 0x00,
    0x00, 0x00, 0x00, 0x00, 0x00, 0x00, 0x00, 0x00, 0x00, 0x00, 0x00, 0x00, 0x00, 0x00, 0x00, 0x00,
    0x00, 0x00, 0x00, 0x00, 0x00, 0x00, 0x00, 0x00, 0x00, 0x00, 0x00, 0x00, 0x00, 0x00, 0x00, 0x00,
    0x00, 0x00, 0x00, 0x00, 0x00, 0x00, 0x00, 0x00, 0x61, 0x08, 0x61, 0x08, 0x41, 0x08, 0x41, 0x08,
    0x61, 0x08, 0x61, 0x08, 0x41, 0x08, 0x20, 0x00, 0x61, 0x08, 0x20, 0x00, 0x00, 0x00, 0x00, 0x00,
    0x00, 0x00, 0x00, 0x00, 0x00, 0x00, 0x00, 0x00, 0x00, 0x00, 0x00, 0x00, 0x00, 0x00, 0x00, 0x00,
    0x00, 0x00, 0x00, 0x00, 0x00, 0x00, 0x00, 0x00, 0x00, 0x00, 0x00, 0x00, 0x00, 0x00, 0x00, 0x00,
    0x00, 0x00, 0x00, 0x00, 0x00, 0x00, 0x00, 0x00, 0x61, 0x08, 0x61, 0x08, 0x41, 0x08, 0x41, 0x08,
    0x61, 0x08, 0x61, 0x08, 0x41, 0x08, 0x20, 0x00, 0x61, 0x08, 0x20, 0x00, 0x00, 0x00, 0x00, 0x00,
    0x00, 0x00, 0x00, 0x00, 0x00, 0x00, 0x00, 0x00, 0x00, 0x00, 0x00, 0x00, 0x00, 0x00, 0x00, 0x00,
    0x00, 0x00, 0x00, 0x00, 0x00, 0x00, 0x00, 0x00, 0x00, 0x00, 0x00, 0x00, 0x00, 0x00, 0x00, 0x00,
    0x00, 0x00, 0x00, 0x00, 0x00, 0x00, 0x00, 0x00, 0x61, 0x08, 0x61, 0x08, 0x41, 0x08, 0x41, 0x08,
    0x61, 0x08, 0x61, 0x08, 0x41, 0x08, 0x20, 0x00, 0x61, 0x08, 0x20, 0x00, 0x00, 0x00, 0x00, 0x00,
    0x00, 0x00, 0x00, 0x00, 0x00, 0x00, 0x00, 0x00, 0x00, 0x00, 0x00, 0x00, 0x00, 0x00, 0x00, 0x00,
    0x00, 0x00, 0x00, 0x00, 0x00, 0x00, 0x00, 0x00, 0x00, 0x00, 0x00, 0x00, 0x00, 0x00, 0x00, 0x00,
    0x00, 0x00, 0x00, 0x00, 0x00, 0x00, 0x00, 0x00, 0x61, 0x08, 0x61, 0x08, 0x41, 0x08, 0x41, 0x08,
    0x61, 0x08, 0x61, 0x08, 0x41, 0x08, 0x20, 0x00, 0x61, 0x08, 0x20, 0x00, 0x00, 0x00, 0x00, 0x00,
    0x00, 0x00, 0x00, 0x00, 0x00, 0x00, 0x00, 0x00, 0x00, 0x00, 0x00, 0x00, 0x00, 0x00, 0x00, 0x00,
    0x00, 0x00, 0x00, 0x00, 0x00, 0x00, 0x00, 0x00, 0x00, 0x00, 0x00, 0x00, 0x00, 0x00, 0x00, 0x00,
    0x00, 0x00, 0x00, 0x00, 0x00, 0x00, 0x00, 0x00, 0x61, 0x08, 0x61, 0x08, 0x41, 0x08, 0x41, 0x08,
    0x61, 0x08, 0x61, 0x08, 0x41, 0x08, 0x20, 0x00, 0x61, 0x08, 0x20, 0x00, 0x00, 0x00, 0x00, 0x00,
    0x00, 0x00, 0x00, 0x00, 0x00, 0x00, 0x00, 0x00, 0x00, 0x00, 0x00, 0x00, 0x00, 0x00, 0x00, 0x00,
    0x00, 0x00, 0x00, 0x00, 0x00, 0x00, 0x00, 0x00, 0x00, 0x00, 0x00, 0x00, 0x00, 0x00, 0x00, 0x00,
    0x00, 0x00, 0x00, 0x00, 0x00, 0x00, 0x00, 0x00, 0x61, 0x08, 0x61, 0x08, 0x41, 0x08, 0x41, 0x08,
    0x61, 0x08, 0x61, 0x08, 0x41, 0x08, 0x20, 0x00, 0x61, 0x08, 0x20, 0x00, 0x00, 0x00, 0x00, 0x00,
    0x00, 0x00, 0x00, 0x00, 0x00, 0x00, 0x00, 0x00, 0x00, 0x00, 0x00, 0x00, 0x00, 0x00, 0x00, 0x00,
    0x00, 0x00, 0x00, 0x00, 0x00, 0x00, 0x00, 0x00, 0x00, 0x00, 0x00, 0x00, 0x00, 0x00, 0x00, 0x00,
    0x00, 0x00, 0x00, 0x00, 0x00, 0x00, 0x00, 0x00, 0x61, 0x08, 0x61, 0x08, 0x41, 0x08, 0x41, 0x08,
    0x61, 0x08, 0x61, 0x08, 0x41, 0x08, 0x20, 0x00, 0x61, 0x08, 0x20, 0x00, 0x00, 0x00, 0x00, 0x00,
    0x00, 0x00, 0x00, 0x00, 0x00, 0x00, 0x00, 0x00, 0x00, 0x00, 0x00, 0x00, 0x00, 0x00, 0x00, 0x00,
    0x00, 0x00, 0x00, 0x00, 0x00, 0x00, 0x00, 0x00, 0x00, 0x00, 0x00, 0x00, 0x00, 0x00, 0x00, 0x00,
    0x00, 0x00, 0x00, 0x00, 0x00, 0x00, 0x00, 0x00, 0x61, 0x08, 0x61, 0x08, 0x41, 0x08, 0x41, 0x08,
    0x61, 0x08, 0x61, 0x08, 0x41, 0x08, 0x20, 0x00, 0x61, 0x08, 0x20, 0x00, 0x00, 0x00, 0x00, 0x00,
    0x00, 0x00, 0x00, 0x00, 0x00, 0x00, 0x00, 0x00, 0x00, 0x00, 0x00, 0x00, 0x00, 0x00, 0x00, 0x00,
    0x00, 0x00, 0x00, 0x00, 0x00, 0x00, 0x00, 0x00, 0x00, 0x00, 0x00, 0x00, 0x00, 0x00, 0x00, 0x00,
    0x00, 0x00, 0x00, 0x00, 0x00, 0x00, 0x00, 0x00, 0x61, 0x08, 0x61, 0x08, 0x41, 0x08, 0x41, 0x08,
    0x61, 0x08, 0x61, 0x08, 0x41, 0x08, 0x20, 0x00, 0x61, 0x08, 0x20, 0x00, 0x00, 0x00, 0x00, 0x00,
    0x00, 0x00, 0x00, 0x00, 0x00, 0x00, 0x00, 0x00, 0x00, 0x00, 0x00, 0x00, 0x00, 0x00, 0x00, 0x00,
    0x00, 0x00, 0x00, 0x00, 0x00, 0x00, 0x00, 0x00, 0x00, 0x00, 0x00, 0x00, 0x00, 0x00, 0x00, 0x00,
    0x00, 0x00, 0x00, 0x00, 0x00, 0x00, 0x00, 0x00, 0x61, 0x08, 0x61, 0x08, 0x41, 0x08, 0x41, 0x08,
    0x61, 0x08, 0x61, 0x08, 0x41, 0x08, 0x20, 0x00, 0x61, 0x08, 0x20, 0x00, 0x00, 0x00, 0x00, 0x00,
    0x00, 0x00, 0x00, 0x00, 0x00, 0x00, 0x00, 0x00, 0x00, 0x00, 0x00, 0x00, 0x00, 0x00, 0x00, 0x00,
    0x00, 0x00, 0x00, 0x00, 0x00, 0x00, 0x00, 0x00, 0x00, 0x00, 0x00, 0x00, 0x00, 0x00, 0x00, 0x00,
    0x00, 0x00, 0x00, 0x00, 0x00, 0x00, 0x00, 0x00, 0x61, 0x08, 0x61, 0x08, 0x41, 0x08, 0x41, 0x08,
    0x61, 0x08, 0x61, 0x08, 0x41, 0x08, 0x20, 0x00, 0x61, 0x08, 0x20, 0x00, 0x00, 0x00, 0x00, 0x00,
    0x00, 0x00, 0x00, 0x00, 0x00, 0x00, 0x00, 0x00, 0x00, 0x00, 0x00, 0x00, 0x00, 0x00, 0x00, 0x00,
    0x00, 0x00, 0x00, 0x00, 0x00, 0x00, 0x00, 0x00, 0x00, 0x00, 0x00, 0x00, 0x00, 0x00, 0x00, 0x00,
    0x00, 0x00, 0x00, 0x00, 0x00, 0x00, 0x00, 0x00, 0x61, 0x08, 0x61, 0x08, 0x41, 0x08, 0x41, 0x08,
    0x61, 0x08, 0x61, 0x08, 0x41, 0x08, 0x20, 0x00, 0x61, 0x08, 0x20, 0x00, 0x00, 0x00, 0x00, 0x00,
    0x00, 0x00, 0x00, 0x00, 0x00, 0x00, 0x00, 0x00, 0x00, 0x00, 0x00, 0x00, 0x00, 0x00, 0x00, 0x00,
    0x00, 0x00, 0x00, 0x00, 0x00, 0x00, 0x00, 0x00, 0x00, 0x00, 0x00, 0x00, 0x00, 0x00, 0x00, 0x00,
    0x00, 0x00, 0x00, 0x00, 0x00, 0x00, 0x00, 0x00, 0x61, 0x08, 0x61, 0x08, 0x41, 0x08, 0x41, 0x08,
    0x61, 0x08, 0x61, 0x08, 0x41, 0x08, 0x20, 0x00, 0x61, 0x08, 0x20, 0x00, 0x00, 0x00, 0x00, 0x00,
    0x00, 0x00, 0x00, 0x00, 0x00, 0x00, 0x00, 0x00, 0x00, 0x00, 0x00, 0x00, 0x00, 0x00, 0x00, 0x00,
    0x00, 0x00, 0x00, 0x00, 0x00, 0x00, 0x00, 0x00, 0x00, 0x00, 0x00, 0x00, 0x00, 0x00, 0x00, 0x00,
    0x00, 0x00, 0x00, 0x00, 0x00, 0x00, 0x00, 0x00, 0x61, 0x08, 0x61, 0x08, 0x41, 0x08, 0x41, 0x08,
    0x61, 0x08, 0x61, 0x08, 0x41, 0x08, 0x20, 0x00, 0x61, 0x08, 0x20, 0x00, 0x00, 0x00, 0x00, 0x00,
    0x00, 0x00, 0x00, 0x00, 0x00, 0x00, 0x00, 0x00, 0x00, 0x00, 0x00, 0x00, 0x00, 0x00, 0x00, 0x00,
    0x00, 0x00, 0x00, 0x00, 0x00, 0x00, 0x00, 0x00, 0x00, 0x00, 0x00, 0x00, 0x00, 0x00, 0x00, 0x00,
    0x00, 0x00, 0x00, 0x00, 0x00, 0x00, 0x00, 0x00, 0x61, 0x08, 0x61, 0x08, 0x41, 0x08, 0x41, 0x08,
    0x61, 0x08, 0x61, 0x08, 0x41, 0x08, 0x20, 0x00, 0x61, 0x08, 0x20, 0x00, 0x00, 0x00, 0x00, 0x00,
    0x00, 0x00, 0x00, 0x00, 0x00, 0x00, 0x00, 0x00, 0x00, 0x00, 0x00, 0x00, 0x00, 0x00, 0x00, 0x00,
    0x00, 0x00, 0x00, 0x00, 0x00, 0x00, 0x00, 0x00, 0x00, 0x00, 0x00, 0x00, 0x00, 0x00, 0x00, 0x00,
    0x00, 0x00, 0x00, 0x00, 0x00, 0x00, 0x00, 0x00, 0x61, 0x08, 0x61, 0x08, 0x41, 0x08, 0x41, 0x08,
    0x61, 0x08, 0x61, 0x08, 0x41, 0x08, 0x20, 0x00, 0x61, 0x08, 0x20, 0x00, 0x00, 0x00, 0x00, 0x00,
    0x00, 0x00, 0x00, 0x00, 0x00, 0x00, 0x00, 0x00, 0x00, 0x00, 0x00, 0x00, 0x00, 0x00, 0x00, 0x00,
    0x00, 0x00, 0x00, 0x00, 0x00, 0x00, 0x00, 0x00, 0x00, 0x00, 0x00, 0x00, 0x00, 0x00, 0x00, 0x00,
    0x00, 0x00, 0x00, 0x00, 0x00, 0x00, 0x00, 0x00, 0x61, 0x08, 0x61, 0x08, 0x41, 0x08, 0x41, 0x08,
    0x61, 0x08, 0x61, 0x08, 0x41, 0x08, 0x20, 0x00, 0x61, 0x08, 0x20, 0x00, 0x00, 0x00, 0x00, 0x00,
    0x00, 0x00, 0x00, 0x00, 0x00, 0x00, 0x00, 0x00, 0x00, 0x00, 0x00, 0x00, 0x00, 0x00, 0x00, 0x00,
};

const frixos_sprite_asset_t sprite_clearsky_night = {
  .image = {
    .header.cf = LV_COLOR_FORMAT_RGB565,
    .header.w = 1600,
    .header.h = 32,
    .data_size = 102400,
    .data = sprite_clearsky_night_map,
  },
  .fps = FRIXOS_SPRITE_DEFAULT_FPS,
};
