/*
 * AUTO-GENERATED FILE - DO NOT EDIT MANUALLY
 * Master Pixel Art Edition
 */

#include "f-sprite.h"

const uint8_t sprite_storm_map[] = {
    0x00, 0x00, 0x00, 0x00, 0x00, 0x00, 0x00, 0x00, 0x00, 0x00, 0x00, 0x00, 0x00, 0x00, 0x00, 0x00,
    0x00, 0x00, 0x00, 0x00, 0x00, 0x00, 0x00, 0x00, 0x00, 0x00, 0x00, 0x00, 0x00, 0x00, 0x00, 0x00,
    0x00, 0x00, 0x00, 0x00, 0x00, 0x00, 0x00, 0x00, 0x00, 0x00, 0x00, 0x00, 0x00, 0x00, 0x00, 0x00,
    0x00, 0x00, 0x00, 0x00, 0x00, 0x00, 0x00, 0x00, 0x00, 0x00, 0x00, 0x00, 0x00, 0x00, 0x00, 0x00,
    0x00, 0x00, 0x00, 0x00, 0x00, 0x00, 0x00, 0x00, 0x00, 0x00, 0x00, 0x00, 0x00, 0x00, 0x00, 0x00,
    0x00, 0x00, 0x00, 0x00, 0x00, 0x00, 0x00, 0x00, 0x00, 0x00, 0x00, 0x00, 0x00, 0x00, 0x00, 0x00,
    0x00, 0x00, 0x00, 0x00, 0x00, 0x00, 0x00, 0x00, 0x00, 0x00, 0x00, 0x00, 0x00, 0x00, 0x00, 0x00,
    0x00, 0x00, 0x00, 0x00, 0x00, 0x00, 0x00, 0x00, 0x00, 0x00, 0x00, 0x00, 0x00, 0x00, 0x00, 0x00,
    0x00, 0x00, 0x00, 0x00, 0x00, 0x00, 0x00, 0x00, 0x00, 0x00, 0x00, 0x00, 0x00, 0x00, 0x00, 0x00,
    0x00, 0x00, 0x00, 0x00, 0x00, 0x00, 0x00, 0x00, 0x00, 0x00, 0x00, 0x00, 0x00, 0x00, 0x00, 0x00,
    0x00, 0x00, 0x00, 0x00, 0x00, 0x00, 0x00, 0x00, 0x00, 0x00, 0x00, 0x00, 0x00, 0x00, 0x00, 0x00,
    0x00, 0x00, 0x00, 0x00, 0x00, 0x00, 0x00, 0x00, 0x00, 0x00, 0x00, 0x00, 0x00, 0x00, 0x00, 0x00,
    0x00, 0x00, 0x00, 0x00, 0x00, 0x00, 0x00, 0x00, 0x00, 0x00, 0x00, 0x00, 0x00, 0x00, 0x00, 0x00,
    0x00, 0x00, 0x00, 0x00, 0x00, 0x00, 0x00, 0x00, 0x00, 0x00, 0x00, 0x00, 0x00, 0x00, 0x00, 0x00,
    0x00, 0x00, 0x00, 0x00, 0x00, 0x00, 0x00, 0x00, 0x00, 0x00, 0x00, 0x00, 0x00, 0x00, 0x00, 0x00,
    0x00, 0x00, 0x00, 0x00, 0x00, 0x00, 0x00, 0x00, 0x00, 0x00, 0x00, 0x00, 0x00, 0x00, 0x00, 0x00,
    0x00, 0x00, 0x00, 0x00, 0x00, 0x00, 0x00, 0x00, 0x00, 0x00, 0x00, 0x00, 0x00, 0x00, 0x00, 0x00,
    0x00, 0x00, 0x00, 0x00, 0x00, 0x00, 0x00, 0x00, 0x00, 0x00, 0x00, 0x00, 0x00, 0x00, 0x00, 0x00,
    0x00, 0x00, 0x00, 0x00, 0x00, 0x00, 0x00, 0x00, 0x00, 0x00, 0x00, 0x00, 0x00, 0x00, 0x00, 0x00,
    0x00, 0x00, 0x00, 0x00, 0x00, 0x00, 0x00, 0x00, 0x00, 0x00, 0x00, 0x00, 0x00, 0x00, 0x00, 0x00,
    0x00, 0x00, 0x00, 0x00, 0x00, 0x00, 0x00, 0x00, 0x00, 0x00, 0x00, 0x00, 0x00, 0x00, 0x00, 0x00,
    0x00, 0x00, 0x00, 0x00, 0x00, 0x00, 0x00, 0x00, 0x00, 0x00, 0x00, 0x00, 0x00, 0x00, 0x00, 0x00,
    0x00, 0x00, 0x00, 0x00, 0x00, 0x00, 0x00, 0x00, 0x00, 0x00, 0x00, 0x00, 0x00, 0x00, 0x00, 0x00,
    0x00, 0x00, 0x00, 0x00, 0x00, 0x00, 0x00, 0x00, 0x00, 0x00, 0x00, 0x00, 0x00, 0x00, 0x00, 0x00,
    0x00, 0x00, 0x00, 0x00, 0x00, 0x00, 0x00, 0x00, 0x00, 0x00, 0x00, 0x00, 0x00, 0x00, 0x00, 0x00,
    0x00, 0x00, 0x00, 0x00, 0x00, 0x00, 0x00, 0x00, 0x00, 0x00, 0x00, 0x00, 0x00, 0x00, 0x00, 0x00,
    0x00, 0x00, 0x00, 0x00, 0x00, 0x00, 0x00, 0x00, 0x00, 0x00, 0x00, 0x00, 0x00, 0x00, 0x00, 0x00,
    0x00, 0x00, 0x00, 0x00, 0x00, 0x00, 0x00, 0x00, 0x00, 0x00, 0x00, 0x00, 0x00, 0x00, 0x00, 0x00,
    0x00, 0x00, 0x00, 0x00, 0x00, 0x00, 0x00, 0x00, 0x00, 0x00, 0x00, 0x00, 0x00, 0x00, 0x00, 0x00,
    0x00, 0x00, 0x00, 0x00, 0x00, 0x00, 0x00, 0x00, 0x00, 0x00, 0x00, 0x00, 0x00, 0x00, 0x00, 0x00,
    0x00, 0x00, 0x00, 0x00, 0x00, 0x00, 0x00, 0x00, 0x00, 0x00, 0x00, 0x00, 0x00, 0x00, 0x00, 0x00,
    0x00, 0x00, 0x00, 0x00, 0x00, 0x00, 0x00, 0x00, 0x00, 0x00, 0x00, 0x00, 0x00, 0x00, 0x00, 0x00,
    0x00, 0x00, 0x00, 0x00, 0x00, 0x00, 0x00, 0x00, 0x00, 0x00, 0x00, 0x00, 0x00, 0x00, 0x00, 0x00,
    0x00, 0x00, 0x00, 0x00, 0x00, 0x00, 0x00, 0x00, 0x00, 0x00, 0x00, 0x00, 0x00, 0x00, 0x00, 0x00,
    0x00, 0x00, 0x00, 0x00, 0x00, 0x00, 0x00, 0x00, 0x00, 0x00, 0x00, 0x00, 0x00, 0x00, 0x00, 0x00,
    0x00, 0x00, 0x00, 0x00, 0x00, 0x00, 0x00, 0x00, 0x00, 0x00, 0x00, 0x00, 0x00, 0x00, 0x00, 0x00,
    0x00, 0x00, 0x00, 0x00, 0x00, 0x00, 0x00, 0x00, 0x00, 0x00, 0x00, 0x00, 0x00, 0x00, 0x00, 0x00,
    0x00, 0x00, 0x00, 0x00, 0x00, 0x00, 0x00, 0x00, 0x00, 0x00, 0x00, 0x00, 0x00, 0x00, 0x00, 0x00,
    0x00, 0x00, 0x00, 0x00, 0x00, 0x00, 0x00, 0x00, 0x00, 0x00, 0x00, 0x00, 0x00, 0x00, 0x00, 0x00,
    0x00, 0x00, 0x00, 0x00, 0x00, 0x00, 0x00, 0x00, 0x00, 0x00, 0x00, 0x00, 0x00, 0x00, 0x00, 0x00,
    0x00, 0x00, 0x00, 0x00, 0x00, 0x00, 0x00, 0x00, 0x00, 0x00, 0x00, 0x00, 0x00, 0x00, 0x00, 0x00,
    0x00, 0x00, 0x00, 0x00, 0x00, 0x00, 0x00, 0x00, 0x00, 0x00, 0x00, 0x00, 0x00, 0x00, 0x00, 0x00,
    0x00, 0x00, 0x00, 0x00, 0x00, 0x00, 0x00, 0x00, 0x00, 0x00, 0x00, 0x00, 0x00, 0x00, 0x00, 0x00,
    0x00, 0x00, 0x00, 0x00, 0x00, 0x00, 0x00, 0x00, 0x00, 0x00, 0x00, 0x00, 0x00, 0x00, 0x00, 0x00,
    0x00, 0x00, 0x00, 0x00, 0x00, 0x00, 0x00, 0x00, 0x00, 0x00, 0x00, 0x00, 0x00, 0x00, 0x00, 0x00,
    0x00, 0x00, 0x00, 0x00, 0x00, 0x00, 0x00, 0x00, 0x00, 0x00, 0x00, 0x00, 0x00, 0x00, 0x00, 0x00,
    0x00, 0x00, 0x00, 0x00, 0x00, 0x00, 0x00, 0x00, 0x00, 0x00, 0x00, 0x00, 0x00, 0x00, 0x00, 0x00,
    0x00, 0x00, 0x00, 0x00, 0x00, 0x00, 0x00, 0x00, 0x00, 0x00, 0x00, 0x00, 0x00, 0x00, 0x00, 0x00,
    0x00, 0x00, 0x00, 0x00, 0x00, 0x00, 0x00, 0x00, 0x00, 0x00, 0x00, 0x00, 0x00, 0x00, 0x00, 0x00,
    0x00, 0x00, 0x00, 0x00, 0x00, 0x00, 0x00, 0x00, 0x00, 0x00, 0x00, 0x00, 0x00, 0x00, 0x00, 0x00,
    0x00, 0x00, 0x00, 0x00, 0x00, 0x00, 0x00, 0x00, 0x00, 0x00, 0x00, 0x00, 0x00, 0x00, 0x00, 0x00,
    0x00, 0x00, 0x00, 0x00, 0x00, 0x00, 0x00, 0x00, 0x00, 0x00, 0x00, 0x00, 0x00, 0x00, 0x00, 0x00,
    0x00, 0x00, 0x00, 0x00, 0x00, 0x00, 0x00, 0x00, 0x00, 0x00, 0x00, 0x00, 0x00, 0x00, 0x00, 0x00,
    0x00, 0x00, 0x00, 0x00, 0x00, 0x00, 0x00, 0x00, 0x00, 0x00, 0x00, 0x00, 0x00, 0x00, 0x00, 0x00,
    0x00, 0x00, 0x00, 0x00, 0x00, 0x00, 0x00, 0x00, 0x00, 0x00, 0x00, 0x00, 0x00, 0x00, 0x00, 0x00,
    0x00, 0x00, 0x00, 0x00, 0x00, 0x00, 0x00, 0x00, 0x00, 0x00, 0x00, 0x00, 0x00, 0x00, 0x00, 0x00,
    0x00, 0x00, 0x00, 0x00, 0x00, 0x00, 0x00, 0x00, 0x00, 0x00, 0x00, 0x00, 0x00, 0x00, 0x00, 0x00,
    0x00, 0x00, 0x00, 0x00, 0x00, 0x00, 0x00, 0x00, 0x00, 0x00, 0x00, 0x00, 0x00, 0x00, 0x00, 0x00,
    0x00, 0x00, 0x00, 0x00, 0x00, 0x00, 0x00, 0x00, 0x00, 0x00, 0x00, 0x00, 0x00, 0x00, 0x00, 0x00,
    0x00, 0x00, 0x00, 0x00, 0x00, 0x00, 0x00, 0x00, 0x00, 0x00, 0x00, 0x00, 0x00, 0x00, 0x00, 0x00,
    0x00, 0x00, 0x00, 0x00, 0x00, 0x00, 0x00, 0x00, 0x00, 0x00, 0x00, 0x00, 0x00, 0x00, 0x00, 0x00,
    0x00, 0x00, 0x00, 0x00, 0x00, 0x00, 0x00, 0x00, 0x00, 0x00, 0x00, 0x00, 0x00, 0x00, 0x00, 0x00,
    0x00, 0x00, 0x00, 0x00, 0x00, 0x00, 0x00, 0x00, 0x00, 0x00, 0x00, 0x00, 0x00, 0x00, 0x00, 0x00,
    0x00, 0x00, 0x00, 0x00, 0x00, 0x00, 0x00, 0x00, 0x00, 0x00, 0x00, 0x00, 0x00, 0x00, 0x00, 0x00,
    0x00, 0x00, 0x00, 0x00, 0x00, 0x00, 0x00, 0x00, 0x00, 0x00, 0x00, 0x00, 0x00, 0x00, 0x00, 0x00,
    0x00, 0x00, 0x00, 0x00, 0x00, 0x00, 0x00, 0x00, 0x00, 0x00, 0x00, 0x00, 0x00, 0x00, 0x00, 0x00,
    0x00, 0x00, 0x00, 0x00, 0x00, 0x00, 0x00, 0x00, 0x00, 0x00, 0x00, 0x00, 0x00, 0x00, 0x00, 0x00,
    0x00, 0x00, 0x00, 0x00, 0x00, 0x00, 0x00, 0x00, 0x00, 0x00, 0x00, 0x00, 0x00, 0x00, 0x00, 0x00,
    0x00, 0x00, 0x00, 0x00, 0x00, 0x00, 0x00, 0x00, 0x00, 0x00, 0x00, 0x00, 0x00, 0x00, 0x00, 0x00,
    0x00, 0x00, 0x00, 0x00, 0x00, 0x00, 0x00, 0x00, 0x00, 0x00, 0x00, 0x00, 0x00, 0x00, 0x00, 0x00,
    0x00, 0x00, 0x00, 0x00, 0x00, 0x00, 0x00, 0x00, 0x00, 0x00, 0x00, 0x00, 0x00, 0x00, 0x00, 0x00,
    0x00, 0x00, 0x00, 0x00, 0x00, 0x00, 0x00, 0x00, 0x00, 0x00, 0x00, 0x00, 0x00, 0x00, 0x00, 0x00,
    0x00, 0x00, 0x00, 0x00, 0x00, 0x00, 0x00, 0x00, 0x00, 0x00, 0x00, 0x00, 0x00, 0x00, 0x00, 0x00,
    0x00, 0x00, 0x00, 0x00, 0x00, 0x00, 0x00, 0x00, 0x00, 0x00, 0x00, 0x00, 0x00, 0x00, 0x00, 0x00,
    0x00, 0x00, 0x00, 0x00, 0x00, 0x00, 0x00, 0x00, 0x00, 0x00, 0x00, 0x00, 0x00, 0x00, 0x00, 0x00,
    0x00, 0x00, 0x00, 0x00, 0x00, 0x00, 0x00, 0x00, 0x00, 0x00, 0x00, 0x00, 0x00, 0x00, 0x00, 0x00,
    0x00, 0x00, 0x00, 0x00, 0x00, 0x00, 0x00, 0x00, 0x00, 0x00, 0x00, 0x00, 0x00, 0x00, 0x00, 0x00,
    0x00, 0x00, 0x00, 0x00, 0x00, 0x00, 0x00, 0x00, 0x00, 0x00, 0x00, 0x00, 0x00, 0x00, 0x00, 0x00,
    0x00, 0x00, 0x00, 0x00, 0x00, 0x00, 0x00, 0x00, 0x00, 0x00, 0x00, 0x00, 0x00, 0x00, 0x00, 0x00,
    0x00, 0x00, 0x00, 0x00, 0x00, 0x00, 0x00, 0x00, 0x00, 0x00, 0x00, 0x00, 0x00, 0x00, 0x00, 0x00,
    0xa4, 0x08, 0xa4, 0x10, 0xa4, 0x08, 0xa4, 0x08, 0xa4, 0x08, 0xa4, 0x10, 0xa4, 0x08, 0xa4, 0x08,
    0xa4, 0x08, 0xa4, 0x10, 0xa4, 0x08, 0xa4, 0x08, 0xa4, 0x08, 0xa4, 0x10, 0xa4, 0x08, 0xa4, 0x08,
    0xa4, 0x08, 0xa4, 0x10, 0xa4, 0x08, 0xa4, 0x08, 0xa4, 0x08, 0xa4, 0x10, 0xa4, 0x08, 0xa4, 0x08,
    0xa4, 0x08, 0xa4, 0x10, 0xa4, 0x08, 0xa4, 0x08, 0xa4, 0x08, 0xa4, 0x10, 0xa4, 0x08, 0xa4, 0x08,
    0xa4, 0x08, 0xa4, 0x10, 0xa4, 0x08, 0xa4, 0x08, 0xa4, 0x08, 0xa4, 0x10, 0xa4, 0x08, 0xa4, 0x08,
    0xa4, 0x08, 0xa4, 0x10, 0xa4, 0x08, 0xa4, 0x08, 0xa4, 0x08, 0xa4, 0x10, 0xa4, 0x08, 0xa4, 0x08,
    0xa4, 0x08, 0xa4, 0x10, 0xa4, 0x08, 0xa4, 0x08, 0xa4, 0x08, 0xa4, 0x10, 0xa4, 0x08, 0xa4, 0x08,
    0xa4, 0x08, 0xa4, 0x10, 0xa4, 0x08, 0xa4, 0x08, 0xa4, 0x08, 0xa4, 0x10, 0xa4, 0x08, 0xa4, 0x08,
    0x00, 0x00, 0x00, 0x00, 0x00, 0x00, 0x00, 0x00, 0x00, 0x00, 0x00, 0x00, 0x00, 0x00, 0x00, 0x00,
    0x00, 0x00, 0x00, 0x00, 0x00, 0x00, 0x00, 0x00, 0x00, 0x00, 0x00, 0x00, 0x00, 0x00, 0x00, 0x00,
    0x00, 0x00, 0x00, 0x00, 0x00, 0x00, 0x00, 0x00, 0x00, 0x00, 0x00, 0x00, 0x00, 0x00, 0x00, 0x00,
    0x00, 0x00, 0x00, 0x00, 0x00, 0x00, 0x00, 0x00, 0x00, 0x00, 0x00, 0x00, 0x00, 0x00, 0x00, 0x00,
    0x00, 0x00, 0x00, 0x00, 0x00, 0x00, 0x00, 0x00, 0x00, 0x00, 0x00, 0x00, 0x00, 0x00, 0x00, 0x00,
    0x00, 0x00, 0x00, 0x00, 0x00, 0x00, 0x00, 0x00, 0x00, 0x00, 0x00, 0x00, 0x00, 0x00, 0x00, 0x00,
    0x00, 0x00, 0x00, 0x00, 0x00, 0x00, 0x00, 0x00, 0x00, 0x00, 0x00, 0x00, 0x00, 0x00, 0x00, 0x00,
    0x00, 0x00, 0x00, 0x00, 0x00, 0x00, 0x00, 0x00, 0x00, 0x00, 0x00, 0x00, 0x00, 0x00, 0x00, 0x00,
    0x00, 0x00, 0x00, 0x00, 0x00, 0x00, 0x00, 0x00, 0x00, 0x00, 0x00, 0x00, 0x00, 0x00, 0x00, 0x00,
    0x00, 0x00, 0x00, 0x00, 0x00, 0x00, 0x00, 0x00, 0x00, 0x00, 0x00, 0x00, 0x00, 0x00, 0x00, 0x00,
    0x00, 0x00, 0x00, 0x00, 0x00, 0x00, 0x00, 0x00, 0x00, 0x00, 0x00, 0x00, 0x00, 0x00, 0x00, 0x00,
    0x00, 0x00, 0x00, 0x00, 0x00, 0x00, 0x00, 0x00, 0x00, 0x00, 0x00, 0x00, 0x00, 0x00, 0x00, 0x00,
    0x00, 0x00, 0x00, 0x00, 0x00, 0x00, 0x00, 0x00, 0x00, 0x00, 0x00, 0x00, 0x00, 0x00, 0x00, 0x00,
    0x00, 0x00, 0x00, 0x00, 0x00, 0x00, 0x00, 0x00, 0x00, 0x00, 0x00, 0x00, 0x00, 0x00, 0x00, 0x00,
    0x00, 0x00, 0x00, 0x00, 0x00, 0x00, 0x00, 0x00, 0x00, 0x00, 0x00, 0x00, 0x00, 0x00, 0x00, 0x00,
    0x00, 0x00, 0x00, 0x00, 0x00, 0x00, 0x00, 0x00, 0x00, 0x00, 0x00, 0x00, 0x00, 0x00, 0x00, 0x00,
    0x00, 0x00, 0x00, 0x00, 0x00, 0x00, 0x00, 0x00, 0x00, 0x00, 0x00, 0x00, 0x00, 0x00, 0x00, 0x00,
    0x00, 0x00, 0x00, 0x00, 0x00, 0x00, 0x00, 0x00, 0x00, 0x00, 0x00, 0x00, 0x00, 0x00, 0x00, 0x00,
    0x00, 0x00, 0x00, 0x00, 0x00, 0x00, 0x00, 0x00, 0x00, 0x00, 0x00, 0x00, 0x00, 0x00, 0x00, 0x00,
    0x00, 0x00, 0x00, 0x00, 0x00, 0x00, 0x00, 0x00, 0x00, 0x00, 0x00, 0x00, 0x00, 0x00, 0x00, 0x00,
    0x21, 0x21, 0x22, 0x21, 0x21, 0x21, 0x21, 0x21, 0x21, 0x21, 0x22, 0x21, 0x21, 0x21, 0x21, 0x21,
    0x21, 0x21, 0x22, 0x21, 0x21, 0x21, 0x21, 0x21, 0x21, 0x21, 0x22, 0x21, 0x21, 0x21, 0x21, 0x21,
    0x21, 0x21, 0x22, 0x21, 0x21, 0x21, 0x21, 0x21, 0x21, 0x21, 0x22, 0x21, 0x21, 0x21, 0x21, 0x21,
    0x21, 0x21, 0x22, 0x21, 0x21, 0x21, 0x21, 0x21, 0x21, 0x21, 0x22, 0x21, 0x21, 0x21, 0x21, 0x21,
    0x21, 0x21, 0x22, 0x21, 0x21, 0x21, 0x21, 0x21, 0x21, 0x21, 0x22, 0x21, 0x21, 0x21, 0x21, 0x21,
    0x21, 0x21, 0x22, 0x21, 0x21, 0x21, 0x21, 0x21, 0x21, 0x21, 0x22, 0x21, 0x21, 0x21, 0x21, 0x21,
    0x21, 0x21, 0x22, 0x21, 0x21, 0x21, 0x21, 0x21, 0x21, 0x21, 0x22, 0x21, 0x21, 0x21, 0x21, 0x21,
    0x21, 0x21, 0x22, 0x21, 0x21, 0x21, 0x21, 0x21, 0x21, 0x21, 0x22, 0x21, 0x21, 0x21, 0x21, 0x21,
    0x21, 0x21, 0x22, 0x21, 0x21, 0x21, 0x21, 0x21, 0x21, 0x21, 0x22, 0x21, 0x21, 0x21, 0x21, 0x21,
    0x21, 0x21, 0x22, 0x21, 0x21, 0x21, 0x21, 0x21, 0x21, 0x21, 0x22, 0x21, 0x21, 0x21, 0x21, 0x21,
    0x21, 0x21, 0x22, 0x21, 0x21, 0x21, 0x21, 0x21, 0x21, 0x21, 0x22, 0x21, 0x21, 0x21, 0x21, 0x21,
    0x21, 0x21, 0x22, 0x21, 0x21, 0x21, 0x21, 0x21, 0x21, 0x21, 0x22, 0x21, 0x21, 0x21, 0x21, 0x21,
    0x21, 0x21, 0x22, 0x21, 0x21, 0x21, 0x21, 0x21, 0x21, 0x21, 0x22, 0x21, 0x21, 0x21, 0x21, 0x21,
    0x21, 0x21, 0x22, 0x21, 0x21, 0x21, 0x21, 0x21, 0x21, 0x21, 0x22, 0x21, 0x21, 0x21, 0x21, 0x21,
    0x21, 0x21, 0x22, 0x21, 0x21, 0x21, 0x21, 0x21, 0x21, 0x21, 0x22, 0x21, 0x21, 0x21, 0x21, 0x21,
    0x21, 0x21, 0x22, 0x21, 0x21, 0x21, 0x21, 0x21, 0x21, 0x21, 0x22, 0x21, 0x21, 0x21, 0x21, 0x21,
    0x00, 0x00, 0x00, 0x00, 0x00, 0x00, 0x00, 0x00, 0x00, 0x00, 0x00, 0x00, 0x00, 0x00, 0x00, 0x00,
    0x00, 0x00, 0x00, 0x00, 0x00, 0x00, 0x00, 0x00, 0x00, 0x00, 0x00, 0x00, 0x00, 0x00, 0x00, 0x00,
    0x00, 0x00, 0x00, 0x00, 0x00, 0x00, 0x00, 0x00, 0x00, 0x00, 0x00, 0x00, 0x00, 0x00, 0x00, 0x00,
    0x00, 0x00, 0x00, 0x00, 0x00, 0x00, 0x00, 0x00, 0x00, 0x00, 0x00, 0x00, 0x00, 0x00, 0x00, 0x00,
    0x00, 0x00, 0x00, 0x00, 0x00, 0x00, 0x00, 0x00, 0x00, 0x00, 0x00, 0x00, 0x00, 0x00, 0x00, 0x00,
    0x00, 0x00, 0x00, 0x00, 0x00, 0x00, 0x00, 0x00, 0x00, 0x00, 0x00, 0x00, 0x00, 0x00, 0x00, 0x00,
    0x00, 0x00, 0x00, 0x00, 0x00, 0x00, 0x00, 0x00, 0x00, 0x00, 0x00, 0x00, 0x00, 0x00, 0x00, 0x00,
    0x00, 0x00, 0x00, 0x00, 0x00, 0x00, 0x00, 0x00, 0x00, 0x00, 0x00, 0x00, 0x00, 0x00, 0x00, 0x00,
    0x00, 0x00, 0x00, 0x00, 0x00, 0x00, 0x00, 0x00, 0x00, 0x00, 0x00, 0x00, 0x00, 0x00, 0x00, 0x00,
    0x00, 0x00, 0x00, 0x00, 0x00, 0x00, 0x00, 0x00, 0x00, 0x00, 0x00, 0x00, 0x00, 0x00, 0x00, 0x00,
    0x00, 0x00, 0x00, 0x00, 0x00, 0x00, 0x00, 0x00, 0x00, 0x00, 0x00, 0x00, 0x00, 0x00, 0x00, 0x00,
    0x00, 0x00, 0x00, 0x00, 0x00, 0x00, 0x00, 0x00, 0x00, 0x00, 0x00, 0x00, 0x00, 0x00, 0x00, 0x00,
    0x00, 0x00, 0x00, 0x00, 0x00, 0x00, 0x00, 0x00, 0x00, 0x00, 0x00, 0x00, 0x00, 0x00, 0x00, 0x00,
    0x00, 0x00, 0x00, 0x00, 0x00, 0x00, 0x00, 0x00, 0x00, 0x00, 0x00, 0x00, 0x00, 0x00, 0x00, 0x00,
    0x00, 0x00, 0x00, 0x00, 0x00, 0x00, 0x00, 0x00, 0x00, 0x00, 0x00, 0x00, 0x00, 0x00, 0x00, 0x00,
    0x00, 0x00, 0x00, 0x00, 0x00, 0x00, 0x00, 0x00, 0x00, 0x00, 0x00, 0x00, 0x00, 0x00, 0x00, 0x00,
    0x00, 0x00, 0x00, 0x00, 0x00, 0x00, 0x00, 0x00, 0x00, 0x00, 0x00, 0x00, 0x00, 0x00, 0x00, 0x00,
    0x00, 0x00, 0x00, 0x00, 0x00, 0x00, 0x00, 0x00, 0x00, 0x00, 0x00, 0x00, 0x00, 0x00, 0x00, 0x00,
    0x00, 0x00, 0x00, 0x00, 0x00, 0x00, 0x00, 0x00, 0x00, 0x00, 0x00, 0x00, 0x00, 0x00, 0x00, 0x00,
    0x00, 0x00, 0x00, 0x00, 0x00, 0x00, 0x00, 0x00, 0x00, 0x00, 0x00, 0x00, 0x00, 0x00, 0x00, 0x00,
    0x00, 0x00, 0x00, 0x00, 0x00, 0x00, 0x00, 0x00, 0x00, 0x00, 0x00, 0x00, 0x00, 0x00, 0x00, 0x00,
    0x00, 0x00, 0x00, 0x00, 0x00, 0x00, 0x00, 0x00, 0x00, 0x00, 0x00, 0x00, 0x00, 0x00, 0x00, 0x00,
    0x00, 0x00, 0x00, 0x00, 0x00, 0x00, 0x00, 0x00, 0x00, 0x00, 0x00, 0x00, 0x00, 0x00, 0x00, 0x00,
    0x00, 0x00, 0x00, 0x00, 0x00, 0x00, 0x00, 0x00, 0x00, 0x00, 0x00, 0x00, 0x00, 0x00, 0x00, 0x00,
    0x00, 0x00, 0x00, 0x00, 0x00, 0x00, 0x00, 0x00, 0x00, 0x00, 0x00, 0x00, 0x00, 0x00, 0x00, 0x00,
    0x00, 0x00, 0x00, 0x00, 0x00, 0x00, 0x00, 0x00, 0x00, 0x00, 0x00, 0x00, 0x00, 0x00, 0x00, 0x00,
    0x00, 0x00, 0x00, 0x00, 0x00, 0x00, 0x00, 0x00, 0x00, 0x00, 0x00, 0x00, 0x00, 0x00, 0x00, 0x00,
    0x00, 0x00, 0x00, 0x00, 0x00, 0x00, 0x00, 0x00, 0x00, 0x00, 0x00, 0x00, 0x00, 0x00, 0x00, 0x00,
    0x00, 0x00, 0x00, 0x00, 0x00, 0x00, 0x00, 0x00, 0x00, 0x00, 0x00, 0x00, 0x00, 0x00, 0x00, 0x00,
    0x00, 0x00, 0x00, 0x00, 0x00, 0x00, 0x00, 0x00, 0x00, 0x00, 0x00, 0x00, 0x00, 0x00, 0x00, 0x00,
    0x00, 0x00, 0x00, 0x00, 0x00, 0x00, 0x00, 0x00, 0x00, 0x00, 0x00, 0x00, 0x00, 0x00, 0x00, 0x00,
    0x00, 0x00, 0x00, 0x00, 0x00, 0x00, 0x00, 0x00, 0x00, 0x00, 0x00, 0x00, 0x00, 0x00, 0x00, 0x00,
    0x00, 0x00, 0x00, 0x00, 0x00, 0x00, 0x00, 0x00, 0x00, 0x00, 0x00, 0x00, 0x00, 0x00, 0x00, 0x00,
    0x00, 0x00, 0x00, 0x00, 0x00, 0x00, 0x00, 0x00, 0x00, 0x00, 0x00, 0x00, 0x00, 0x00, 0x00, 0x00,
    0x00, 0x00, 0x00, 0x00, 0x00, 0x00, 0x00, 0x00, 0x00, 0x00, 0x00, 0x00, 0x00, 0x00, 0x00, 0x00,
    0x00, 0x00, 0x00, 0x00, 0x00, 0x00, 0x00, 0x00, 0x00, 0x00, 0x00, 0x00, 0x00, 0x00, 0x00, 0x00,
    0x00, 0x00, 0x00, 0x00, 0x00, 0x00, 0x00, 0x00, 0x00, 0x00, 0x00, 0x00, 0x00, 0x00, 0x00, 0x00,
    0x00, 0x00, 0x00, 0x00, 0x00, 0x00, 0x00, 0x00, 0x00, 0x00, 0x00, 0x00, 0x00, 0x00, 0x00, 0x00,
    0x00, 0x00, 0x00, 0x00, 0x00, 0x00, 0x00, 0x00, 0x00, 0x00, 0x00, 0x00, 0x00, 0x00, 0x00, 0x00,
    0x00, 0x00, 0x00, 0x00, 0x00, 0x00, 0x00, 0x00, 0x00, 0x00, 0x00, 0x00, 0x00, 0x00, 0x00, 0x00,
    0x00, 0x00, 0x00, 0x00, 0x00, 0x00, 0x00, 0x00, 0x00, 0x00, 0x00, 0x00, 0x00, 0x00, 0x00, 0x00,
    0x00, 0x00, 0x00, 0x00, 0x00, 0x00, 0x00, 0x00, 0x00, 0x00, 0x00, 0x00, 0x00, 0x00, 0x00, 0x00,
    0x00, 0x00, 0x00, 0x00, 0x00, 0x00, 0x00, 0x00, 0x00, 0x00, 0x00, 0x00, 0x00, 0x00, 0x00, 0x00,
    0x00, 0x00, 0x00, 0x00, 0x00, 0x00, 0x00, 0x00, 0x00, 0x00, 0x00, 0x00, 0x00, 0x00, 0x00, 0x00,
    0x00, 0x00, 0x00, 0x00, 0x00, 0x00, 0x00, 0x00, 0x00, 0x00, 0x00, 0x00, 0x00, 0x00, 0x00, 0x00,
    0x00, 0x00, 0x00, 0x00, 0x00, 0x00, 0x00, 0x00, 0x00, 0x00, 0x00, 0x00, 0x00, 0x00, 0x00, 0x00,
    0x00, 0x00, 0x00, 0x00, 0x00, 0x00, 0x00, 0x00, 0x00, 0x00, 0x00, 0x00, 0x00, 0x00, 0x00, 0x00,
    0x00, 0x00, 0x00, 0x00, 0x00, 0x00, 0x00, 0x00, 0x00, 0x00, 0x00, 0x00, 0x00, 0x00, 0x00, 0x00,
    0x00, 0x00, 0x00, 0x00, 0x00, 0x00, 0x00, 0x00, 0x00, 0x00, 0x00, 0x00, 0x00, 0x00, 0x00, 0x00,
    0x00, 0x00, 0x00, 0x00, 0x00, 0x00, 0x00, 0x00, 0x00, 0x00, 0x00, 0x00, 0x00, 0x00, 0x00, 0x00,
    0x00, 0x00, 0x00, 0x00, 0x00, 0x00, 0x00, 0x00, 0x00, 0x00, 0x00, 0x00, 0x00, 0x00, 0x00, 0x00,
    0x00, 0x00, 0x00, 0x00, 0x00, 0x00, 0x00, 0x00, 0x00, 0x00, 0x00, 0x00, 0x00, 0x00, 0x00, 0x00,
    0x00, 0x00, 0x00, 0x00, 0x00, 0x00, 0x00, 0x00, 0x00, 0x00, 0x00, 0x00, 0x00, 0x00, 0x00, 0x00,
    0x00, 0x00, 0x00, 0x00, 0x00, 0x00, 0x00, 0x00, 0x00, 0x00, 0x00, 0x00, 0x00, 0x00, 0x00, 0x00,
    0x00, 0x00, 0x00, 0x00, 0x00, 0x00, 0x00, 0x00, 0x00, 0x00, 0x00, 0x00, 0x00, 0x00, 0x00, 0x00,
    0x00, 0x00, 0x00, 0x00, 0x00, 0x00, 0x00, 0x00, 0x00, 0x00, 0x00, 0x00, 0x00, 0x00, 0x00, 0x00,
    0x00, 0x00, 0x00, 0x00, 0x00, 0x00, 0x00, 0x00, 0x00, 0x00, 0x00, 0x00, 0x00, 0x00, 0x00, 0x00,
    0x00, 0x00, 0x00, 0x00, 0x00, 0x00, 0x00, 0x00, 0x00, 0x00, 0x00, 0x00, 0x00, 0x00, 0x00, 0x00,
    0x00, 0x00, 0x00, 0x00, 0x00, 0x00, 0x00, 0x00, 0x00, 0x00, 0x00, 0x00, 0x00, 0x00, 0x00, 0x00,
    0x00, 0x00, 0x00, 0x00, 0x00, 0x00, 0x00, 0x00, 0x00, 0x00, 0x00, 0x00, 0x00, 0x00, 0x00, 0x00,
    0x00, 0x00, 0x00, 0x00, 0x00, 0x00, 0x00, 0x00, 0x00, 0x00, 0x00, 0x00, 0x00, 0x00, 0x00, 0x00,
    0x00, 0x00, 0x00, 0x00, 0x00, 0x00, 0x00, 0x00, 0x00, 0x00, 0x00, 0x00, 0x00, 0x00, 0x00, 0x00,
    0x00, 0x00, 0x00, 0x00, 0x00, 0x00, 0x00, 0x00, 0x00, 0x00, 0x00, 0x00, 0x00, 0x00, 0x00, 0x00,
    0x00, 0x00, 0x00, 0x00, 0x00, 0x00, 0x00, 0x00, 0x00, 0x00, 0x00, 0x00, 0x00, 0x00, 0x00, 0x00,
    0x00, 0x00, 0x00, 0x00, 0x00, 0x00, 0x00, 0x00, 0x00, 0x00, 0x00, 0x00, 0x00, 0x00, 0x00, 0x00,
    0x00, 0x00, 0x00, 0x00, 0x00, 0x00, 0x00, 0x00, 0x00, 0x00, 0x00, 0x00, 0x00, 0x00, 0x00, 0x00,
    0x00, 0x00, 0x00, 0x00, 0x00, 0x00, 0x00, 0x00, 0x00, 0x00, 0x00, 0x00, 0x00, 0x00, 0x00, 0x00,
    0x00, 0x00, 0x00, 0x00, 0x00, 0x00, 0x00, 0x00, 0x00, 0x00, 0x00, 0x00, 0x00, 0x00, 0x00, 0x00,
    0x00, 0x00, 0x00, 0x00, 0x00, 0x00, 0x00, 0x00, 0x00, 0x00, 0x00, 0x00, 0x00, 0x00, 0x00, 0x00,
    0x00, 0x00, 0x00, 0x00, 0x00, 0x00, 0x00, 0x00, 0x00, 0x00, 0x00, 0x00, 0x00, 0x00, 0x00, 0x00,
    0x00, 0x00, 0x00, 0x00, 0x00, 0x00, 0x00, 0x00, 0x00, 0x00, 0x00, 0x00, 0x00, 0x00, 0x00, 0x00,
    0x00, 0x00, 0x00, 0x00, 0x00, 0x00, 0x00, 0x00, 0x00, 0x00, 0x00, 0x00, 0x00, 0x00, 0x00, 0x00,
    0x00, 0x00, 0x00, 0x00, 0x00, 0x00, 0x00, 0x00, 0x00, 0x00, 0x00, 0x00, 0x00, 0x00, 0x00, 0x00,
    0x00, 0x00, 0x00, 0x00, 0x00, 0x00, 0x00, 0x00, 0x00, 0x00, 0x00, 0x00, 0x00, 0x00, 0x00, 0x00,
    0x00, 0x00, 0x00, 0x00, 0x00, 0x00, 0x00, 0x00, 0x00, 0x00, 0x00, 0x00, 0x00, 0x00, 0x00, 0x00,
    0x00, 0x00, 0x00, 0x00, 0x00, 0x00, 0x00, 0x00, 0x00, 0x00, 0x00, 0x00, 0x00, 0x00, 0x00, 0x00,
    0x00, 0x00, 0x00, 0x00, 0x00, 0x00, 0x00, 0x00, 0x00, 0x00, 0x00, 0x00, 0x00, 0x00, 0x00, 0x00,
    0x00, 0x00, 0x00, 0x00, 0x00, 0x00, 0x00, 0x00, 0x00, 0x00, 0x00, 0x00, 0x00, 0x00, 0x00, 0x00,
    0x00, 0x00, 0x00, 0x00, 0x00, 0x00, 0x00, 0x00, 0x00, 0x00, 0x00, 0x00, 0x00, 0x00, 0x00, 0x00,
    0x00, 0x00, 0x00, 0x00, 0x00, 0x00, 0x00, 0x00, 0x00, 0x00, 0x00, 0x00, 0x00, 0x00, 0x00, 0x00,
    0x00, 0x00, 0x00, 0x00, 0x00, 0x00, 0x00, 0x00, 0x00, 0x00, 0x00, 0x00, 0x00, 0x00, 0x00, 0x00,
    0x00, 0x00, 0x00, 0x00, 0x00, 0x00, 0x00, 0x00, 0x00, 0x00, 0x00, 0x00, 0x00, 0x00, 0x00, 0x00,
    0x00, 0x00, 0x00, 0x00, 0x00, 0x00, 0x00, 0x00, 0x00, 0x00, 0x00, 0x00, 0x00, 0x00, 0x00, 0x00,
    0x00, 0x00, 0x00, 0x00, 0x00, 0x00, 0x00, 0x00, 0x00, 0x00, 0x00, 0x00, 0x00, 0x00, 0x00, 0x00,
    0x00, 0x00, 0x00, 0x00, 0x00, 0x00, 0x00, 0x00, 0x00, 0x00, 0x00, 0x00, 0x00, 0x00, 0x00, 0x00,
    0x00, 0x00, 0x00, 0x00, 0x00, 0x00, 0x00, 0x00, 0x00, 0x00, 0x00, 0x00, 0x00, 0x00, 0x00, 0x00,
    0x00, 0x00, 0x00, 0x00, 0x00, 0x00, 0x00, 0x00, 0x00, 0x00, 0x00, 0x00, 0x00, 0x00, 0x00, 0x00,
    0x00, 0x00, 0x00, 0x00, 0x00, 0x00, 0x00, 0x00, 0x00, 0x00, 0x00, 0x00, 0x00, 0x00, 0x00, 0x00,
    0x00, 0x00, 0x00, 0x00, 0x00, 0x00, 0x00, 0x00, 0x00, 0x00, 0x00, 0x00, 0x00, 0x00, 0x00, 0x00,
    0x00, 0x00, 0x00, 0x00, 0x00, 0x00, 0x00, 0x00, 0x00, 0x00, 0x00, 0x00, 0x00, 0x00, 0x00, 0x00,
    0x00, 0x00, 0x00, 0x00, 0x00, 0x00, 0x00, 0x00, 0x00, 0x00, 0x00, 0x00, 0x00, 0x00, 0x00, 0x00,
    0x00, 0x00, 0x00, 0x00, 0x00, 0x00, 0x00, 0x00, 0x00, 0x00, 0x00, 0x00, 0x00, 0x00, 0x00, 0x00,
    0x00, 0x00, 0x00, 0x00, 0x00, 0x00, 0x00, 0x00, 0x00, 0x00, 0x00, 0x00, 0x00, 0x00, 0x00, 0x00,
    0x00, 0x00, 0x00, 0x00, 0x00, 0x00, 0x00, 0x00, 0x00, 0x00, 0x00, 0x00, 0x00, 0x00, 0x00, 0x00,
    0x00, 0x00, 0x00, 0x00, 0x00, 0x00, 0x00, 0x00, 0x00, 0x00, 0x00, 0x00, 0x00, 0x00, 0x00, 0x00,
    0x00, 0x00, 0x00, 0x00, 0x00, 0x00, 0x00, 0x00, 0x00, 0x00, 0x00, 0x00, 0x00, 0x00, 0x00, 0x00,
    0x00, 0x00, 0x00, 0x00, 0x00, 0x00, 0x00, 0x00, 0x00, 0x00, 0x00, 0x00, 0x00, 0x00, 0x00, 0x00,
    0x00, 0x00, 0x00, 0x00, 0x00, 0x00, 0x00, 0x00, 0x00, 0x00, 0x00, 0x00, 0x00, 0x00, 0x00, 0x00,
    0x00, 0x00, 0x00, 0x00, 0x00, 0x00, 0x00, 0x00, 0x00, 0x00, 0x00, 0x00, 0x00, 0x00, 0x00, 0x00,
    0x00, 0x00, 0x00, 0x00, 0x00, 0x00, 0x00, 0x00, 0x00, 0x00, 0x00, 0x00, 0x00, 0x00, 0x00, 0x00,
    0x00, 0x00, 0x00, 0x00, 0x00, 0x00, 0x00, 0x00, 0x00, 0x00, 0x00, 0x00, 0x00, 0x00, 0x00, 0x00,
    0x00, 0x00, 0x00, 0x00, 0x00, 0x00, 0x00, 0x00, 0x00, 0x00, 0x00, 0x00, 0x00, 0x00, 0x00, 0x00,
    0x00, 0x00, 0x00, 0x00, 0x00, 0x00, 0x00, 0x00, 0x00, 0x00, 0x00, 0x00, 0x00, 0x00, 0x00, 0x00,
    0x00, 0x00, 0x00, 0x00, 0x00, 0x00, 0x00, 0x00, 0x00, 0x00, 0x00, 0x00, 0x00, 0x00, 0x00, 0x00,
    0x00, 0x00, 0x00, 0x00, 0x00, 0x00, 0x00, 0x00, 0x00, 0x00, 0x00, 0x00, 0x00, 0x00, 0x00, 0x00,
    0x00, 0x00, 0x00, 0x00, 0x00, 0x00, 0x00, 0x00, 0x00, 0x00, 0x00, 0x00, 0x00, 0x00, 0x00, 0x00,
    0x00, 0x00, 0x00, 0x00, 0x00, 0x00, 0x00, 0x00, 0x00, 0x00, 0x00, 0x00, 0x00, 0x00, 0x00, 0x00,
    0x00, 0x00, 0x00, 0x00, 0x00, 0x00, 0x00, 0x00, 0x00, 0x00, 0x00, 0x00, 0x00, 0x00, 0x00, 0x00,
    0x00, 0x00, 0x00, 0x00, 0x00, 0x00, 0x00, 0x00, 0x00, 0x00, 0x00, 0x00, 0x00, 0x00, 0x00, 0x00,
    0x00, 0x00, 0x00, 0x00, 0x00, 0x00, 0x00, 0x00, 0x00, 0x00, 0x00, 0x00, 0x00, 0x00, 0x00, 0x00,
    0x00, 0x00, 0x00, 0x00, 0x00, 0x00, 0x00, 0x00, 0x00, 0x00, 0x00, 0x00, 0x00, 0x00, 0x00, 0x00,
    0x00, 0x00, 0x00, 0x00, 0x00, 0x00, 0x00, 0x00, 0x00, 0x00, 0x00, 0x00, 0x00, 0x00, 0x00, 0x00,
    0x00, 0x00, 0x00, 0x00, 0x00, 0x00, 0x00, 0x00, 0x00, 0x00, 0x00, 0x00, 0x00, 0x00, 0x00, 0x00,
    0x00, 0x00, 0x00, 0x00, 0x00, 0x00, 0x00, 0x00, 0x00, 0x00, 0x00, 0x00, 0x00, 0x00, 0x00, 0x00,
    0x00, 0x00, 0x00, 0x00, 0x00, 0x00, 0x00, 0x00, 0x00, 0x00, 0x00, 0x00, 0x00, 0x00, 0x00, 0x00,
    0x00, 0x00, 0x00, 0x00, 0x00, 0x00, 0x00, 0x00, 0x00, 0x00, 0x00, 0x00, 0x00, 0x00, 0x00, 0x00,
    0x00, 0x00, 0x00, 0x00, 0x00, 0x00, 0x00, 0x00, 0x00, 0x00, 0x00, 0x00, 0x00, 0x00, 0x00, 0x00,
    0x00, 0x00, 0x00, 0x00, 0x00, 0x00, 0x00, 0x00, 0x00, 0x00, 0x00, 0x00, 0x00, 0x00, 0x00, 0x00,
    0x00, 0x00, 0x00, 0x00, 0x00, 0x00, 0x00, 0x00, 0x00, 0x00, 0x00, 0x00, 0x00, 0x00, 0x00, 0x00,
    0x00, 0x00, 0x00, 0x00, 0x00, 0x00, 0x00, 0x00, 0x00, 0x00, 0x00, 0x00, 0x00, 0x00, 0x00, 0x00,
    0x00, 0x00, 0x00, 0x00, 0x00, 0x00, 0x00, 0x00, 0x00, 0x00, 0x00, 0x00, 0x00, 0x00, 0x00, 0x00,
    0x00, 0x00, 0x00, 0x00, 0x00, 0x00, 0x00, 0x00, 0x00, 0x00, 0x00, 0x00, 0x00, 0x00, 0x00, 0x00,
    0x00, 0x00, 0x00, 0x00, 0x00, 0x00, 0x00, 0x00, 0x00, 0x00, 0x00, 0x00, 0x00, 0x00, 0x00, 0x00,
    0x00, 0x00, 0x00, 0x00, 0x00, 0x00, 0x00, 0x00, 0x00, 0x00, 0x00, 0x00, 0x00, 0x00, 0x00, 0x00,
    0x00, 0x00, 0x00, 0x00, 0x00, 0x00, 0x00, 0x00, 0x00, 0x00, 0x00, 0x00, 0x00, 0x00, 0x00, 0x00,
    0x00, 0x00, 0x00, 0x00, 0x00, 0x00, 0x00, 0x00, 0x00, 0x00, 0x00, 0x00, 0x00, 0x00, 0x00, 0x00,
    0x00, 0x00, 0x00, 0x00, 0x00, 0x00, 0x00, 0x00, 0x00, 0x00, 0x00, 0x00, 0x00, 0x00, 0x00, 0x00,
    0x00, 0x00, 0x00, 0x00, 0x00, 0x00, 0x00, 0x00, 0x00, 0x00, 0x00, 0x00, 0x00, 0x00, 0x00, 0x00,
    0x00, 0x00, 0x00, 0x00, 0x00, 0x00, 0x00, 0x00, 0x00, 0x00, 0x00, 0x00, 0x00, 0x00, 0x00, 0x00,
    0x00, 0x00, 0x00, 0x00, 0x00, 0x00, 0x00, 0x00, 0x00, 0x00, 0x00, 0x00, 0x00, 0x00, 0x00, 0x00,
    0x00, 0x00, 0x00, 0x00, 0x00, 0x00, 0x00, 0x00, 0x00, 0x00, 0x00, 0x00, 0x00, 0x00, 0x00, 0x00,
    0x00, 0x00, 0x00, 0x00, 0x00, 0x00, 0x00, 0x00, 0x00, 0x00, 0x00, 0x00, 0x00, 0x00, 0x00, 0x00,
    0x00, 0x00, 0x00, 0x00, 0x00, 0x00, 0x00, 0x00, 0x00, 0x00, 0x00, 0x00, 0x00, 0x00, 0x00, 0x00,
    0x00, 0x00, 0x00, 0x00, 0x00, 0x00, 0x00, 0x00, 0x00, 0x00, 0x00, 0x00, 0x00, 0x00, 0x00, 0x00,
    0x00, 0x00, 0x00, 0x00, 0x00, 0x00, 0x00, 0x00, 0x00, 0x00, 0x00, 0x00, 0x00, 0x00, 0x00, 0x00,
    0x00, 0x00, 0x00, 0x00, 0x00, 0x00, 0x00, 0x00, 0x00, 0x00, 0x00, 0x00, 0x00, 0x00, 0x00, 0x00,
    0x00, 0x00, 0x00, 0x00, 0x00, 0x00, 0x00, 0x00, 0x00, 0x00, 0x00, 0x00, 0x00, 0x00, 0x00, 0x00,
    0x00, 0x00, 0x00, 0x00, 0x00, 0x00, 0x00, 0x00, 0x00, 0x00, 0x00, 0x00, 0x00, 0x00, 0x00, 0x00,
    0x00, 0x00, 0x00, 0x00, 0x00, 0x00, 0x00, 0x00, 0x00, 0x00, 0x00, 0x00, 0x00, 0x00, 0x00, 0x00,
    0x00, 0x00, 0x00, 0x00, 0x00, 0x00, 0x00, 0x00, 0x00, 0x00, 0x00, 0x00, 0x00, 0x00, 0x00, 0x00,
    0x00, 0x00, 0x00, 0x00, 0x00, 0x00, 0x00, 0x00, 0x00, 0x00, 0x00, 0x00, 0x00, 0x00, 0x00, 0x00,
    0x00, 0x00, 0x00, 0x00, 0x00, 0x00, 0x00, 0x00, 0x00, 0x00, 0x00, 0x00, 0x00, 0x00, 0x00, 0x00,
    0x00, 0x00, 0x00, 0x00, 0x00, 0x00, 0x00, 0x00, 0x00, 0x00, 0x00, 0x00, 0x00, 0x00, 0x00, 0x00,
    0x00, 0x00, 0x00, 0x00, 0x00, 0x00, 0x00, 0x00, 0x00, 0x00, 0x00, 0x00, 0x00, 0x00, 0x00, 0x00,
    0x00, 0x00, 0x00, 0x00, 0x00, 0x00, 0x00, 0x00, 0x00, 0x00, 0x00, 0x00, 0x00, 0x00, 0x00, 0x00,
    0x00, 0x00, 0x00, 0x00, 0x00, 0x00, 0x00, 0x00, 0x00, 0x00, 0x00, 0x00, 0x00, 0x00, 0x00, 0x00,
    0x00, 0x00, 0x00, 0x00, 0x00, 0x00, 0x00, 0x00, 0x00, 0x00, 0x00, 0x00, 0x00, 0x00, 0x00, 0x00,
    0x00, 0x00, 0x00, 0x00, 0x00, 0x00, 0x00, 0x00, 0x00, 0x00, 0x00, 0x00, 0x00, 0x00, 0x00, 0x00,
    0x00, 0x00, 0x00, 0x00, 0x00, 0x00, 0x00, 0x00, 0x00, 0x00, 0x00, 0x00, 0x00, 0x00, 0x00, 0x00,
    0x00, 0x00, 0x00, 0x00, 0x00, 0x00, 0x00, 0x00, 0x00, 0x00, 0x00, 0x00, 0x00, 0x00, 0x00, 0x00,
    0x00, 0x00, 0x00, 0x00, 0x00, 0x00, 0x00, 0x00, 0x00, 0x00, 0x00, 0x00, 0x00, 0x00, 0x00, 0x00,
    0x00, 0x00, 0x00, 0x00, 0x00, 0x00, 0x00, 0x00, 0x00, 0x00, 0x00, 0x00, 0x00, 0x00, 0x00, 0x00,
    0x00, 0x00, 0x00, 0x00, 0x00, 0x00, 0x00, 0x00, 0x00, 0x00, 0x00, 0x00, 0x00, 0x00, 0x00, 0x00,
    0x00, 0x00, 0x00, 0x00, 0x00, 0x00, 0x00, 0x00, 0x00, 0x00, 0x00, 0x00, 0x00, 0x00, 0x00, 0x00,
    0x00, 0x00, 0x00, 0x00, 0x00, 0x00, 0x00, 0x00, 0x00, 0x00, 0x00, 0x00, 0x00, 0x00, 0x00, 0x00,
    0x00, 0x00, 0x00, 0x00, 0x00, 0x00, 0x00, 0x00, 0x00, 0x00, 0x00, 0x00, 0x00, 0x00, 0x00, 0x00,
    0x00, 0x00, 0x00, 0x00, 0x00, 0x00, 0x00, 0x00, 0x00, 0x00, 0x00, 0x00, 0x00, 0x00, 0x00, 0x00,
    0x00, 0x00, 0x00, 0x00, 0x00, 0x00, 0x00, 0x00, 0x00, 0x00, 0x00, 0x00, 0x00, 0x00, 0x00, 0x00,
    0x00, 0x00, 0x00, 0x00, 0x00, 0x00, 0x00, 0x00, 0x00, 0x00, 0x00, 0x00, 0x00, 0x00, 0x00, 0x00,
    0x00, 0x00, 0x00, 0x00, 0x00, 0x00, 0x00, 0x00, 0x00, 0x00, 0x00, 0x00, 0x00, 0x00, 0x00, 0x00,
    0x00, 0x00, 0x00, 0x00, 0x00, 0x00, 0x00, 0x00, 0x00, 0x00, 0x00, 0x00, 0x00, 0x00, 0x00, 0x00,
    0x00, 0x00, 0x00, 0x00, 0x00, 0x00, 0x00, 0x00, 0x00, 0x00, 0x00, 0x00, 0x00, 0x00, 0x00, 0x00,
    0x00, 0x00, 0x00, 0x00, 0x00, 0x00, 0x00, 0x00, 0x00, 0x00, 0x00, 0x00, 0x00, 0x00, 0x00, 0x00,
    0x00, 0x00, 0x00, 0x00, 0x00, 0x00, 0x00, 0x00, 0x00, 0x00, 0x00, 0x00, 0x00, 0x00, 0x00, 0x00,
    0x00, 0x00, 0x00, 0x00, 0x00, 0x00, 0x00, 0x00, 0x00, 0x00, 0x00, 0x00, 0x00, 0x00, 0x00, 0x00,
    0x00, 0x00, 0x00, 0x00, 0x00, 0x00, 0x00, 0x00, 0x00, 0x00, 0x00, 0x00, 0x00, 0x00, 0x00, 0x00,
    0x00, 0x00, 0x00, 0x00, 0x00, 0x00, 0x00, 0x00, 0x00, 0x00, 0x00, 0x00, 0x00, 0x00, 0x00, 0x00,
    0x00, 0x00, 0x00, 0x00, 0x00, 0x00, 0x00, 0x00, 0x00, 0x00, 0x00, 0x00, 0x00, 0x00, 0x00, 0x00,
    0x00, 0x00, 0x00, 0x00, 0x00, 0x00, 0x00, 0x00, 0x00, 0x00, 0x00, 0x00, 0x00, 0x00, 0x00, 0x00,
    0x00, 0x00, 0x00, 0x00, 0x00, 0x00, 0x00, 0x00, 0x00, 0x00, 0x00, 0x00, 0x00, 0x00, 0x00, 0x00,
    0x00, 0x00, 0x00, 0x00, 0x00, 0x00, 0x00, 0x00, 0x00, 0x00, 0x00, 0x00, 0x00, 0x00, 0x00, 0x00,
    0x00, 0x00, 0x00, 0x00, 0x00, 0x00, 0x00, 0x00, 0x00, 0x00, 0x00, 0x00, 0x00, 0x00, 0x00, 0x00,
    0x00, 0x00, 0x00, 0x00, 0x00, 0x00, 0x00, 0x00, 0x00, 0x00, 0x00, 0x00, 0x00, 0x00, 0x00, 0x00,
    0x00, 0x00, 0x00, 0x00, 0x00, 0x00, 0x00, 0x00, 0x00, 0x00, 0x00, 0x00, 0x00, 0x00, 0x00, 0x00,
    0x00, 0x00, 0x00, 0x00, 0x00, 0x00, 0x00, 0x00, 0x00, 0x00, 0x00, 0x00, 0x00, 0x00, 0x00, 0x00,
    0x00, 0x00, 0x00, 0x00, 0x00, 0x00, 0x00, 0x00, 0x00, 0x00, 0x00, 0x00, 0x00, 0x00, 0x00, 0x00,
    0x00, 0x00, 0x00, 0x00, 0x00, 0x00, 0x00, 0x00, 0x00, 0x00, 0x00, 0x00, 0x00, 0x00, 0x00, 0x00,
    0x00, 0x00, 0x00, 0x00, 0x00, 0x00, 0x00, 0x00, 0x00, 0x00, 0x00, 0x00, 0x00, 0x00, 0x00, 0x00,
    0x00, 0x00, 0x00, 0x00, 0x00, 0x00, 0x00, 0x00, 0x00, 0x00, 0x00, 0x00, 0x00, 0x00, 0x00, 0x00,
    0x00, 0x00, 0x00, 0x00, 0x00, 0x00, 0x00, 0x00, 0x00, 0x00, 0x00, 0x00, 0x00, 0x00, 0x00, 0x00,
    0x00, 0x00, 0x00, 0x00, 0x00, 0x00, 0x00, 0x00, 0x00, 0x00, 0x00, 0x00, 0x00, 0x00, 0x00, 0x00,
    0x00, 0x00, 0x00, 0x00, 0x00, 0x00, 0x00, 0x00, 0x00, 0x00, 0x00, 0x00, 0x00, 0x00, 0x00, 0x00,
    0x00, 0x00, 0x00, 0x00, 0x00, 0x00, 0x00, 0x00, 0x00, 0x00, 0x00, 0x00, 0x00, 0x00, 0x00, 0x00,
    0x00, 0x00, 0x00, 0x00, 0x00, 0x00, 0x00, 0x00, 0x00, 0x00, 0x00, 0x00, 0x00, 0x00, 0x00, 0x00,
    0x00, 0x00, 0x00, 0x00, 0x00, 0x00, 0x00, 0x00, 0x00, 0x00, 0x00, 0x00, 0x00, 0x00, 0x00, 0x00,
    0x00, 0x00, 0x00, 0x00, 0x00, 0x00, 0x00, 0x00, 0x00, 0x00, 0x00, 0x00, 0x00, 0x00, 0x00, 0x00,
    0x00, 0x00, 0x00, 0x00, 0x00, 0x00, 0x00, 0x00, 0x00, 0x00, 0x00, 0x00, 0x00, 0x00, 0x00, 0x00,
    0x00, 0x00, 0x00, 0x00, 0x00, 0x00, 0x00, 0x00, 0x00, 0x00, 0x00, 0x00, 0x00, 0x00, 0x00, 0x00,
    0x00, 0x00, 0x00, 0x00, 0x00, 0x00, 0x00, 0x00, 0x00, 0x00, 0x00, 0x00, 0x00, 0x00, 0x00, 0x00,
    0x00, 0x00, 0x00, 0x00, 0x00, 0x00, 0x00, 0x00, 0x00, 0x00, 0x00, 0x00, 0x00, 0x00, 0x00, 0x00,
    0x00, 0x00, 0x00, 0x00, 0x00, 0x00, 0x00, 0x00, 0x00, 0x00, 0x00, 0x00, 0x00, 0x00, 0x00, 0x00,
    0x00, 0x00, 0x00, 0x00, 0x00, 0x00, 0x00, 0x00, 0x00, 0x00, 0x00, 0x00, 0x00, 0x00, 0x00, 0x00,
    0x00, 0x00, 0x00, 0x00, 0x00, 0x00, 0x00, 0x00, 0x00, 0x00, 0x00, 0x00, 0x00, 0x00, 0x00, 0x00,
    0x00, 0x00, 0x00, 0x00, 0x00, 0x00, 0x00, 0x00, 0x00, 0x00, 0x00, 0x00, 0x00, 0x00, 0x00, 0x00,
    0x00, 0x00, 0x00, 0x00, 0x00, 0x00, 0x00, 0x00, 0x00, 0x00, 0x00, 0x00, 0x00, 0x00, 0x00, 0x00,
    0x00, 0x00, 0x00, 0x00, 0x00, 0x00, 0x00, 0x00, 0x00, 0x00, 0x00, 0x00, 0x00, 0x00, 0x00, 0x00,
    0xa4, 0x08, 0xa4, 0x08, 0xa4, 0x10, 0xa4, 0x08, 0xa4, 0x08, 0xa4, 0x08, 0xa4, 0x10, 0xa4, 0x08,
    0xa4, 0x08, 0xa4, 0x08, 0xa4, 0x10, 0xa4, 0x08, 0xa4, 0x08, 0xa4, 0x08, 0xa4, 0x10, 0xa4, 0x08,
    0xa4, 0x08, 0xa4, 0x08, 0xa4, 0x10, 0xa4, 0x08, 0xa4, 0x08, 0xa4, 0x08, 0xa4, 0x10, 0xa4, 0x08,
    0xa4, 0x08, 0xa4, 0x08, 0xa4, 0x10, 0xa4, 0x08, 0xa4, 0x08, 0xa4, 0x08, 0xa4, 0x10, 0xa4, 0x08,
    0xa4, 0x08, 0xa4, 0x08, 0xa4, 0x10, 0xa4, 0x08, 0xa4, 0x08, 0xa4, 0x08, 0xa4, 0x10, 0xa4, 0x08,
    0xa4, 0x08, 0xa4, 0x08, 0xa4, 0x10, 0xa4, 0x08, 0xa4, 0x08, 0xa4, 0x08, 0xa4, 0x10, 0xa4, 0x08,
    0xa4, 0x08, 0xa4, 0x08, 0xa4, 0x10, 0xa4, 0x08, 0xa4, 0x08, 0xa4, 0x08, 0xa4, 0x10, 0xa4, 0x08,
    0xa4, 0x08, 0xa4, 0x08, 0xa4, 0x10, 0xa4, 0x08, 0xa4, 0x08, 0xa4, 0x08, 0xa4, 0x10, 0xa4, 0x08,
    0x00, 0x00, 0x00, 0x00, 0x00, 0x00, 0x00, 0x00, 0x00, 0x00, 0x00, 0x00, 0x00, 0x00, 0x00, 0x00,
    0x00, 0x00, 0x00, 0x00, 0x00, 0x00, 0x00, 0x00, 0x00, 0x00, 0x00, 0x00, 0x00, 0x00, 0x00, 0x00,
    0x00, 0x00, 0x00, 0x00, 0x00, 0x00, 0x00, 0x00, 0x00, 0x00, 0x00, 0x00, 0x00, 0x00, 0x00, 0x00,
    0x00, 0x00, 0x00, 0x00, 0x00, 0x00, 0x00, 0x00, 0x00, 0x00, 0x00, 0x00, 0x00, 0x00, 0x00, 0x00,
    0x00, 0x00, 0x00, 0x00, 0x00, 0x00, 0x00, 0x00, 0x00, 0x00, 0x00, 0x00, 0x00, 0x00, 0x00, 0x00,
    0x00, 0x00, 0x00, 0x00, 0x00, 0x00, 0x00, 0x00, 0x00, 0x00, 0x00, 0x00, 0x00, 0x00, 0x00, 0x00,
    0x00, 0x00, 0x00, 0x00, 0x00, 0x00, 0x00, 0x00, 0x00, 0x00, 0x00, 0x00, 0x00, 0x00, 0x00, 0x00,
    0x00, 0x00, 0x00, 0x00, 0x00, 0x00, 0x00, 0x00, 0x00, 0x00, 0x00, 0x00, 0x00, 0x00, 0x00, 0x00,
    0x00, 0x00, 0x00, 0x00, 0x00, 0x00, 0x00, 0x00, 0x00, 0x00, 0x00, 0x00, 0x00, 0x00, 0x00, 0x00,
    0x00, 0x00, 0x00, 0x00, 0x00, 0x00, 0x00, 0x00, 0x00, 0x00, 0x00, 0x00, 0x00, 0x00, 0x00, 0x00,
    0x00, 0x00, 0x00, 0x00, 0x00, 0x00, 0x00, 0x00, 0x00, 0x00, 0x00, 0x00, 0x00, 0x00, 0x00, 0x00,
    0x00, 0x00, 0x00, 0x00, 0x00, 0x00, 0x00, 0x00, 0x00, 0x00, 0x00, 0x00, 0x00, 0x00, 0x00, 0x00,
    0x00, 0x00, 0x00, 0x00, 0x00, 0x00, 0x00, 0x00, 0x00, 0x00, 0x00, 0x00, 0x00, 0x00, 0x00, 0x00,
    0x00, 0x00, 0x00, 0x00, 0x00, 0x00, 0x00, 0x00, 0x00, 0x00, 0x00, 0x00, 0x00, 0x00, 0x00, 0x00,
    0x00, 0x00, 0x00, 0x00, 0x00, 0x00, 0x00, 0x00, 0x00, 0x00, 0x00, 0x00, 0x00, 0x00, 0x00, 0x00,
    0x00, 0x00, 0x00, 0x00, 0x00, 0x00, 0x00, 0x00, 0x00, 0x00, 0x00, 0x00, 0x00, 0x00, 0x00, 0x00,
    0x00, 0x00, 0x00, 0x00, 0x00, 0x00, 0x00, 0x00, 0x00, 0x00, 0x00, 0x00, 0x00, 0x00, 0x00, 0x00,
    0x00, 0x00, 0x00, 0x00, 0x00, 0x00, 0x00, 0x00, 0x00, 0x00, 0x00, 0x00, 0x00, 0x00, 0x00, 0x00,
    0x00, 0x00, 0x00, 0x00, 0x00, 0x00, 0x00, 0x00, 0x00, 0x00, 0x00, 0x00, 0x00, 0x00, 0x00, 0x00,
    0x00, 0x00, 0x00, 0x00, 0x00, 0x00, 0x00, 0x00, 0x00, 0x00, 0x00, 0x00, 0x00, 0x00, 0x00, 0x00,
    0x21, 0x21, 0x21, 0x21, 0x22, 0x21, 0x21, 0x21, 0x21, 0x21, 0x21, 0x21, 0x22, 0x21, 0x21, 0x21,
    0x21, 0x21, 0x21, 0x21, 0x22, 0x21, 0x21, 0x21, 0x21, 0x21, 0x21, 0x21, 0x22, 0x21, 0x21, 0x21,
    0x21, 0x21, 0x21, 0x21, 0x22, 0x21, 0x21, 0x21, 0x21, 0x21, 0x21, 0x21, 0x22, 0x21, 0x21, 0x21,
    0x21, 0x21, 0x21, 0x21, 0x22, 0x21, 0x21, 0x21, 0x21, 0x21, 0x21, 0x21, 0x22, 0x21, 0x21, 0x21,
    0x21, 0x21, 0x21, 0x21, 0x22, 0x21, 0x21, 0x21, 0x21, 0x21, 0x21, 0x21, 0x22, 0x21, 0x21, 0x21,
    0x21, 0x21, 0x21, 0x21, 0x22, 0x21, 0x21, 0x21, 0x21, 0x21, 0x21, 0x21, 0x22, 0x21, 0x21, 0x21,
    0x21, 0x21, 0x21, 0x21, 0x22, 0x21, 0x21, 0x21, 0x21, 0x21, 0x21, 0x21, 0x22, 0x21, 0x21, 0x21,
    0x21, 0x21, 0x21, 0x21, 0x22, 0x21, 0x21, 0x21, 0x21, 0x21, 0x21, 0x21, 0x22, 0x21, 0x21, 0x21,
    0x21, 0x21, 0x21, 0x21, 0x22, 0x21, 0x21, 0x21, 0x21, 0x21, 0x21, 0x21, 0x22, 0x21, 0x21, 0x21,
    0x21, 0x21, 0x21, 0x21, 0x22, 0x21, 0x21, 0x21, 0x21, 0x21, 0x21, 0x21, 0x22, 0x21, 0x21, 0x21,
    0x21, 0x21, 0x21, 0x21, 0x22, 0x21, 0x21, 0x21, 0x21, 0x21, 0x21, 0x21, 0x22, 0x21, 0x21, 0x21,
    0x21, 0x21, 0x21, 0x21, 0x22, 0x21, 0x21, 0x21, 0x21, 0x21, 0x21, 0x21, 0x22, 0x21, 0x21, 0x21,
    0x21, 0x21, 0x21, 0x21, 0x22, 0x21, 0x21, 0x21, 0x21, 0x21, 0x21, 0x21, 0x22, 0x21, 0x21, 0x21,
    0x21, 0x21, 0x21, 0x21, 0x22, 0x21, 0x21, 0x21, 0x21, 0x21, 0x21, 0x21, 0x22, 0x21, 0x21, 0x21,
    0x21, 0x21, 0x21, 0x21, 0x22, 0x21, 0x21, 0x21, 0x21, 0x21, 0x21, 0x21, 0x22, 0x21, 0x21, 0x21,
    0x21, 0x21, 0x21, 0x21, 0x22, 0x21, 0x21, 0x21, 0x21, 0x21, 0x21, 0x21, 0x22, 0x21, 0x21, 0x21,
    0x00, 0x00, 0x00, 0x00, 0x00, 0x00, 0x00, 0x00, 0x00, 0x00, 0x00, 0x00, 0x00, 0x00, 0x00, 0x00,
    0x00, 0x00, 0x00, 0x00, 0x00, 0x00, 0x00, 0x00, 0x00, 0x00, 0x00, 0x00, 0x00, 0x00, 0x00, 0x00,
    0x00, 0x00, 0x00, 0x00, 0x00, 0x00, 0x00, 0x00, 0x00, 0x00, 0x00, 0x00, 0x00, 0x00, 0x00, 0x00,
    0x00, 0x00, 0x00, 0x00, 0x00, 0x00, 0x00, 0x00, 0x00, 0x00, 0x00, 0x00, 0x00, 0x00, 0x00, 0x00,
    0x00, 0x00, 0x00, 0x00, 0x00, 0x00, 0x00, 0x00, 0x00, 0x00, 0x00, 0x00, 0x00, 0x00, 0x00, 0x00,
    0x00, 0x00, 0x00, 0x00, 0x00, 0x00, 0x00, 0x00, 0x00, 0x00, 0x00, 0x00, 0x00, 0x00, 0x00, 0x00,
    0x00, 0x00, 0x00, 0x00, 0x00, 0x00, 0x00, 0x00, 0x00, 0x00, 0x00, 0x00, 0x00, 0x00, 0x00, 0x00,
    0x00, 0x00, 0x00, 0x00, 0x00, 0x00, 0x00, 0x00, 0x00, 0x00, 0x00, 0x00, 0x00, 0x00, 0x00, 0x00,
    0x00, 0x00, 0x00, 0x00, 0x00, 0x00, 0x00, 0x00, 0x00, 0x00, 0x00, 0x00, 0x00, 0x00, 0x00, 0x00,
    0x00, 0x00, 0x00, 0x00, 0x00, 0x00, 0x00, 0x00, 0x00, 0x00, 0x00, 0x00, 0x00, 0x00, 0x00, 0x00,
    0x00, 0x00, 0x00, 0x00, 0x00, 0x00, 0x00, 0x00, 0x00, 0x00, 0x00, 0x00, 0x00, 0x00, 0x00, 0x00,
    0x00, 0x00, 0x00, 0x00, 0x00, 0x00, 0x00, 0x00, 0x00, 0x00, 0x00, 0x00, 0x00, 0x00, 0x00, 0x00,
    0x00, 0x00, 0x00, 0x00, 0x00, 0x00, 0x00, 0x00, 0x00, 0x00, 0x00, 0x00, 0x00, 0x00, 0x00, 0x00,
    0x00, 0x00, 0x00, 0x00, 0x00, 0x00, 0x00, 0x00, 0x00, 0x00, 0x00, 0x00, 0x00, 0x00, 0x00, 0x00,
    0x00, 0x00, 0x00, 0x00, 0x00, 0x00, 0x00, 0x00, 0x00, 0x00, 0x00, 0x00, 0x00, 0x00, 0x00, 0x00,
    0x00, 0x00, 0x00, 0x00, 0x00, 0x00, 0x00, 0x00, 0x00, 0x00, 0x00, 0x00, 0x00, 0x00, 0x00, 0x00,
    0x00, 0x00, 0x00, 0x00, 0x00, 0x00, 0x00, 0x00, 0x00, 0x00, 0x00, 0x00, 0x00, 0x00, 0x00, 0x00,
    0x00, 0x00, 0x00, 0x00, 0x00, 0x00, 0x00, 0x00, 0x00, 0x00, 0x00, 0x00, 0x00, 0x00, 0x00, 0x00,
    0x00, 0x00, 0x00, 0x00, 0x00, 0x00, 0x00, 0x00, 0x00, 0x00, 0x00, 0x00, 0x00, 0x00, 0x00, 0x00,
    0x00, 0x00, 0x00, 0x00, 0x00, 0x00, 0x00, 0x00, 0x00, 0x00, 0x00, 0x00, 0x00, 0x00, 0x00, 0x00,
    0x00, 0x00, 0x00, 0x00, 0x00, 0x00, 0x00, 0x00, 0x00, 0x00, 0x00, 0x00, 0x00, 0x00, 0x00, 0x00,
    0x00, 0x00, 0x00, 0x00, 0x00, 0x00, 0x00, 0x00, 0x00, 0x00, 0x00, 0x00, 0x00, 0x00, 0x00, 0x00,
    0x00, 0x00, 0x00, 0x00, 0x00, 0x00, 0x00, 0x00, 0x00, 0x00, 0x00, 0x00, 0x00, 0x00, 0x00, 0x00,
    0x00, 0x00, 0x00, 0x00, 0x00, 0x00, 0x00, 0x00, 0x00, 0x00, 0x00, 0x00, 0x00, 0x00, 0x00, 0x00,
    0x00, 0x00, 0x00, 0x00, 0x00, 0x00, 0x00, 0x00, 0x00, 0x00, 0x00, 0x00, 0x00, 0x00, 0x00, 0x00,
    0x00, 0x00, 0x00, 0x00, 0x00, 0x00, 0x00, 0x00, 0x00, 0x00, 0x00, 0x00, 0x00, 0x00, 0x00, 0x00,
    0x00, 0x00, 0x00, 0x00, 0x00, 0x00, 0x00, 0x00, 0x00, 0x00, 0x00, 0x00, 0x00, 0x00, 0x00, 0x00,
    0x00, 0x00, 0x00, 0x00, 0x00, 0x00, 0x00, 0x00, 0x00, 0x00, 0x00, 0x00, 0x00, 0x00, 0x00, 0x00,
    0x00, 0x00, 0x00, 0x00, 0x00, 0x00, 0x00, 0x00, 0x00, 0x00, 0x00, 0x00, 0x00, 0x00, 0x00, 0x00,
    0x00, 0x00, 0x00, 0x00, 0x00, 0x00, 0x00, 0x00, 0x00, 0x00, 0x00, 0x00, 0x00, 0x00, 0x00, 0x00,
    0x00, 0x00, 0x00, 0x00, 0x00, 0x00, 0x00, 0x00, 0x00, 0x00, 0x00, 0x00, 0x00, 0x00, 0x00, 0x00,
    0x00, 0x00, 0x00, 0x00, 0x00, 0x00, 0x00, 0x00, 0x00, 0x00, 0x00, 0x00, 0x00, 0x00, 0x00, 0x00,
    0x00, 0x00, 0x00, 0x00, 0x00, 0x00, 0x00, 0x00, 0x00, 0x00, 0x00, 0x00, 0x00, 0x00, 0x00, 0x00,
    0x00, 0x00, 0x00, 0x00, 0x00, 0x00, 0x00, 0x00, 0x00, 0x00, 0x00, 0x00, 0x00, 0x00, 0x00, 0x00,
    0x00, 0x00, 0x00, 0x00, 0x00, 0x00, 0x00, 0x00, 0x00, 0x00, 0x00, 0x00, 0x00, 0x00, 0x00, 0x00,
    0x00, 0x00, 0x00, 0x00, 0x00, 0x00, 0x00, 0x00, 0x00, 0x00, 0x00, 0x00, 0x00, 0x00, 0x00, 0x00,
    0x00, 0x00, 0x00, 0x00, 0x00, 0x00, 0x00, 0x00, 0x00, 0x00, 0x00, 0x00, 0x00, 0x00, 0x00, 0x00,
    0x00, 0x00, 0x00, 0x00, 0x00, 0x00, 0x00, 0x00, 0x00, 0x00, 0x00, 0x00, 0x00, 0x00, 0x00, 0x00,
    0x00, 0x00, 0x00, 0x00, 0x00, 0x00, 0x00, 0x00, 0x00, 0x00, 0x00, 0x00, 0x00, 0x00, 0x00, 0x00,
    0x00, 0x00, 0x00, 0x00, 0x00, 0x00, 0x00, 0x00, 0x00, 0x00, 0x00, 0x00, 0x00, 0x00, 0x00, 0x00,
    0x00, 0x00, 0x00, 0x00, 0x00, 0x00, 0x00, 0x00, 0x00, 0x00, 0x00, 0x00, 0x00, 0x00, 0x00, 0x00,
    0x00, 0x00, 0x00, 0x00, 0x00, 0x00, 0x00, 0x00, 0x00, 0x00, 0x00, 0x00, 0x00, 0x00, 0x00, 0x00,
    0x00, 0x00, 0x00, 0x00, 0x00, 0x00, 0x00, 0x00, 0x00, 0x00, 0x00, 0x00, 0x00, 0x00, 0x00, 0x00,
    0x00, 0x00, 0x00, 0x00, 0x00, 0x00, 0x00, 0x00, 0x00, 0x00, 0x00, 0x00, 0x00, 0x00, 0x00, 0x00,
    0x00, 0x00, 0x00, 0x00, 0x00, 0x00, 0x00, 0x00, 0x00, 0x00, 0x00, 0x00, 0x00, 0x00, 0x00, 0x00,
    0x00, 0x00, 0x00, 0x00, 0x00, 0x00, 0x00, 0x00, 0x00, 0x00, 0x00, 0x00, 0x00, 0x00, 0x00, 0x00,
    0x00, 0x00, 0x00, 0x00, 0x00, 0x00, 0x00, 0x00, 0x00, 0x00, 0x00, 0x00, 0x00, 0x00, 0x00, 0x00,
    0x00, 0x00, 0x00, 0x00, 0x00, 0x00, 0x00, 0x00, 0x00, 0x00, 0x00, 0x00, 0x00, 0x00, 0x00, 0x00,
    0x00, 0x00, 0x00, 0x00, 0x00, 0x00, 0x00, 0x00, 0x00, 0x00, 0x00, 0x00, 0x00, 0x00, 0x00, 0x00,
    0x00, 0x00, 0x00, 0x00, 0x00, 0x00, 0x00, 0x00, 0x00, 0x00, 0x00, 0x00, 0x00, 0x00, 0x00, 0x00,
    0x00, 0x00, 0x00, 0x00, 0x00, 0x00, 0x00, 0x00, 0x00, 0x00, 0x00, 0x00, 0x00, 0x00, 0x00, 0x00,
    0x00, 0x00, 0x00, 0x00, 0x00, 0x00, 0x00, 0x00, 0x00, 0x00, 0x00, 0x00, 0x00, 0x00, 0x00, 0x00,
    0x00, 0x00, 0x00, 0x00, 0x00, 0x00, 0x00, 0x00, 0x00, 0x00, 0x00, 0x00, 0x00, 0x00, 0x00, 0x00,
    0x00, 0x00, 0x00, 0x00, 0x00, 0x00, 0x00, 0x00, 0x00, 0x00, 0x00, 0x00, 0x00, 0x00, 0x00, 0x00,
    0x00, 0x00, 0x00, 0x00, 0x00, 0x00, 0x00, 0x00, 0x00, 0x00, 0x00, 0x00, 0x00, 0x00, 0x00, 0x00,
    0x00, 0x00, 0x00, 0x00, 0x00, 0x00, 0x00, 0x00, 0x00, 0x00, 0x00, 0x00, 0x00, 0x00, 0x00, 0x00,
    0x00, 0x00, 0x00, 0x00, 0x00, 0x00, 0x00, 0x00, 0x00, 0x00, 0x00, 0x00, 0x00, 0x00, 0x00, 0x00,
    0x00, 0x00, 0x00, 0x00, 0x00, 0x00, 0x00, 0x00, 0x00, 0x00, 0x00, 0x00, 0x00, 0x00, 0x00, 0x00,
    0x00, 0x00, 0x00, 0x00, 0x00, 0x00, 0x00, 0x00, 0x00, 0x00, 0x00, 0x00, 0x00, 0x00, 0x00, 0x00,
    0x00, 0x00, 0x00, 0x00, 0x00, 0x00, 0x00, 0x00, 0x00, 0x00, 0x00, 0x00, 0x00, 0x00, 0x00, 0x00,
    0x00, 0x00, 0x00, 0x00, 0x00, 0x00, 0x00, 0x00, 0x00, 0x00, 0x00, 0x00, 0x00, 0x00, 0x00, 0x00,
    0x00, 0x00, 0x00, 0x00, 0x00, 0x00, 0x00, 0x00, 0x00, 0x00, 0x00, 0x00, 0x00, 0x00, 0x00, 0x00,
    0x00, 0x00, 0x00, 0x00, 0x00, 0x00, 0x00, 0x00, 0x00, 0x00, 0x00, 0x00, 0x00, 0x00, 0x00, 0x00,
    0x00, 0x00, 0x00, 0x00, 0x00, 0x00, 0x00, 0x00, 0x00, 0x00, 0x00, 0x00, 0x00, 0x00, 0x00, 0x00,
    0x00, 0x00, 0x00, 0x00, 0x00, 0x00, 0x00, 0x00, 0x00, 0x00, 0x00, 0x00, 0x00, 0x00, 0x00, 0x00,
    0x00, 0x00, 0x00, 0x00, 0x00, 0x00, 0x00, 0x00, 0x00, 0x00, 0x00, 0x00, 0x00, 0x00, 0x00, 0x00,
    0x00, 0x00, 0x00, 0x00, 0x00, 0x00, 0x00, 0x00, 0x00, 0x00, 0x00, 0x00, 0x00, 0x00, 0x00, 0x00,
    0x00, 0x00, 0x00, 0x00, 0x00, 0x00, 0x00, 0x00, 0x00, 0x00, 0x00, 0x00, 0x00, 0x00, 0x00, 0x00,
    0x00, 0x00, 0x00, 0x00, 0x00, 0x00, 0x00, 0x00, 0x00, 0x00, 0x00, 0x00, 0x00, 0x00, 0x00, 0x00,
    0x00, 0x00, 0x00, 0x00, 0x00, 0x00, 0x00, 0x00, 0x00, 0x00, 0x00, 0x00, 0x00, 0x00, 0x00, 0x00,
    0x00, 0x00, 0x00, 0x00, 0x00, 0x00, 0x00, 0x00, 0x00, 0x00, 0x00, 0x00, 0x00, 0x00, 0x00, 0x00,
    0x00, 0x00, 0x00, 0x00, 0x00, 0x00, 0x00, 0x00, 0x00, 0x00, 0x00, 0x00, 0x00, 0x00, 0x00, 0x00,
    0x00, 0x00, 0x00, 0x00, 0x00, 0x00, 0x00, 0x00, 0x00, 0x00, 0x00, 0x00, 0x00, 0x00, 0x00, 0x00,
    0x00, 0x00, 0x00, 0x00, 0x00, 0x00, 0x00, 0x00, 0x00, 0x00, 0x00, 0x00, 0x00, 0x00, 0x00, 0x00,
    0x00, 0x00, 0x00, 0x00, 0x00, 0x00, 0x00, 0x00, 0x00, 0x00, 0x00, 0x00, 0x00, 0x00, 0x00, 0x00,
    0x00, 0x00, 0x00, 0x00, 0x00, 0x00, 0x00, 0x00, 0x00, 0x00, 0x00, 0x00, 0x00, 0x00, 0x00, 0x00,
    0x00, 0x00, 0x00, 0x00, 0x00, 0x00, 0x00, 0x00, 0x00, 0x00, 0x00, 0x00, 0x00, 0x00, 0x00, 0x00,
    0x00, 0x00, 0x00, 0x00, 0x00, 0x00, 0x00, 0x00, 0x00, 0x00, 0x00, 0x00, 0x00, 0x00, 0x00, 0x00,
    0x00, 0x00, 0x00, 0x00, 0x00, 0x00, 0x00, 0x00, 0x00, 0x00, 0x00, 0x00, 0x00, 0x00, 0x00, 0x00,
    0x00, 0x00, 0x00, 0x00, 0x00, 0x00, 0x00, 0x00, 0x00, 0x00, 0x00, 0x00, 0x00, 0x00, 0x00, 0x00,
    0x00, 0x00, 0x00, 0x00, 0x00, 0x00, 0x00, 0x00, 0x00, 0x00, 0x00, 0x00, 0x00, 0x00, 0x00, 0x00,
    0x00, 0x00, 0x00, 0x00, 0x00, 0x00, 0x00, 0x00, 0x00, 0x00, 0x00, 0x00, 0x00, 0x00, 0x00, 0x00,
    0x00, 0x00, 0x00, 0x00, 0x00, 0x00, 0x00, 0x00, 0x00, 0x00, 0x00, 0x00, 0x00, 0x00, 0x00, 0x00,
    0x00, 0x00, 0x00, 0x00, 0x00, 0x00, 0x00, 0x00, 0x00, 0x00, 0x00, 0x00, 0x00, 0x00, 0x00, 0x00,
    0x00, 0x00, 0x00, 0x00, 0x00, 0x00, 0x00, 0x00, 0x00, 0x00, 0x00, 0x00, 0x00, 0x00, 0x00, 0x00,
    0x00, 0x00, 0x00, 0x00, 0x00, 0x00, 0x00, 0x00, 0x00, 0x00, 0x00, 0x00, 0x00, 0x00, 0x00, 0x00,
    0x00, 0x00, 0x00, 0x00, 0x00, 0x00, 0x00, 0x00, 0x00, 0x00, 0x00, 0x00, 0x00, 0x00, 0x00, 0x00,
    0x00, 0x00, 0x00, 0x00, 0x00, 0x00, 0x00, 0x00, 0x00, 0x00, 0x00, 0x00, 0x00, 0x00, 0x00, 0x00,
    0x00, 0x00, 0x00, 0x00, 0x00, 0x00, 0x00, 0x00, 0x00, 0x00, 0x00, 0x00, 0x00, 0x00, 0x00, 0x00,
    0x00, 0x00, 0x00, 0x00, 0x00, 0x00, 0x00, 0x00, 0x00, 0x00, 0x00, 0x00, 0x00, 0x00, 0x00, 0x00,
    0x00, 0x00, 0x00, 0x00, 0x00, 0x00, 0x00, 0x00, 0x00, 0x00, 0x00, 0x00, 0x00, 0x00, 0x00, 0x00,
    0x00, 0x00, 0x00, 0x00, 0x00, 0x00, 0x00, 0x00, 0x00, 0x00, 0x00, 0x00, 0x00, 0x00, 0x00, 0x00,
    0x00, 0x00, 0x00, 0x00, 0x00, 0x00, 0x00, 0x00, 0x00, 0x00, 0x00, 0x00, 0x00, 0x00, 0x00, 0x00,
    0x00, 0x00, 0x00, 0x00, 0x00, 0x00, 0x00, 0x00, 0x00, 0x00, 0x00, 0x00, 0x00, 0x00, 0x00, 0x00,
    0x00, 0x00, 0x00, 0x00, 0x00, 0x00, 0x00, 0x00, 0x00, 0x00, 0x00, 0x00, 0x00, 0x00, 0x00, 0x00,
    0x00, 0x00, 0x00, 0x00, 0x00, 0x00, 0x00, 0x00, 0x00, 0x00, 0x00, 0x00, 0x00, 0x00, 0x00, 0x00,
    0x00, 0x00, 0x00, 0x00, 0x00, 0x00, 0x00, 0x00, 0x00, 0x00, 0x00, 0x00, 0x00, 0x00, 0x00, 0x00,
    0x00, 0x00, 0x00, 0x00, 0x00, 0x00, 0x00, 0x00, 0x00, 0x00, 0x00, 0x00, 0x00, 0x00, 0x00, 0x00,
    0x00, 0x00, 0x00, 0x00, 0x00, 0x00, 0x00, 0x00, 0x00, 0x00, 0x00, 0x00, 0x00, 0x00, 0x00, 0x00,
    0x00, 0x00, 0x00, 0x00, 0x00, 0x00, 0x00, 0x00, 0x00, 0x00, 0x00, 0x00, 0x00, 0x00, 0x00, 0x00,
    0x00, 0x00, 0x00, 0x00, 0x00, 0x00, 0x00, 0x00, 0x00, 0x00, 0x00, 0x00, 0x00, 0x00, 0x00, 0x00,
    0x00, 0x00, 0x00, 0x00, 0x00, 0x00, 0x00, 0x00, 0x00, 0x00, 0x00, 0x00, 0x00, 0x00, 0x00, 0x00,
    0x00, 0x00, 0x00, 0x00, 0x00, 0x00, 0x00, 0x00, 0x00, 0x00, 0x00, 0x00, 0x00, 0x00, 0x00, 0x00,
    0x00, 0x00, 0x00, 0x00, 0x00, 0x00, 0x00, 0x00, 0x00, 0x00, 0x00, 0x00, 0x00, 0x00, 0x00, 0x00,
    0x00, 0x00, 0x00, 0x00, 0x00, 0x00, 0x00, 0x00, 0x00, 0x00, 0x00, 0x00, 0x00, 0x00, 0x00, 0x00,
    0x00, 0x00, 0x00, 0x00, 0x00, 0x00, 0x00, 0x00, 0x00, 0x00, 0x00, 0x00, 0x00, 0x00, 0x00, 0x00,
    0x00, 0x00, 0x00, 0x00, 0x00, 0x00, 0x00, 0x00, 0x00, 0x00, 0x00, 0x00, 0x00, 0x00, 0x00, 0x00,
    0x00, 0x00, 0x00, 0x00, 0x00, 0x00, 0x00, 0x00, 0x00, 0x00, 0x00, 0x00, 0x00, 0x00, 0x00, 0x00,
    0x00, 0x00, 0x00, 0x00, 0x00, 0x00, 0x00, 0x00, 0x00, 0x00, 0x00, 0x00, 0x00, 0x00, 0x00, 0x00,
    0x00, 0x00, 0x00, 0x00, 0x00, 0x00, 0x00, 0x00, 0x00, 0x00, 0x00, 0x00, 0x00, 0x00, 0x00, 0x00,
    0x00, 0x00, 0x00, 0x00, 0x00, 0x00, 0x00, 0x00, 0x00, 0x00, 0x00, 0x00, 0x00, 0x00, 0x00, 0x00,
    0x00, 0x00, 0x00, 0x00, 0x00, 0x00, 0x00, 0x00, 0x00, 0x00, 0x00, 0x00, 0x00, 0x00, 0x00, 0x00,
    0x00, 0x00, 0x00, 0x00, 0x00, 0x00, 0x00, 0x00, 0x00, 0x00, 0x00, 0x00, 0x00, 0x00, 0x00, 0x00,
    0x00, 0x00, 0x00, 0x00, 0x00, 0x00, 0x00, 0x00, 0x00, 0x00, 0x00, 0x00, 0x00, 0x00, 0x00, 0x00,
    0x00, 0x00, 0x00, 0x00, 0x00, 0x00, 0x00, 0x00, 0x00, 0x00, 0x00, 0x00, 0x00, 0x00, 0x00, 0x00,
    0x00, 0x00, 0x00, 0x00, 0x00, 0x00, 0x00, 0x00, 0x00, 0x00, 0x00, 0x00, 0x00, 0x00, 0x00, 0x00,
    0x00, 0x00, 0x00, 0x00, 0x00, 0x00, 0x00, 0x00, 0x00, 0x00, 0x00, 0x00, 0x00, 0x00, 0x00, 0x00,
    0x00, 0x00, 0x00, 0x00, 0x00, 0x00, 0x00, 0x00, 0x00, 0x00, 0x00, 0x00, 0x00, 0x00, 0x00, 0x00,
    0x00, 0x00, 0x00, 0x00, 0x00, 0x00, 0x00, 0x00, 0x00, 0x00, 0x00, 0x00, 0x00, 0x00, 0x00, 0x00,
    0x00, 0x00, 0x00, 0x00, 0x00, 0x00, 0x00, 0x00, 0x00, 0x00, 0x00, 0x00, 0x00, 0x00, 0x00, 0x00,
    0x00, 0x00, 0x00, 0x00, 0x00, 0x00, 0x00, 0x00, 0x00, 0x00, 0x00, 0x00, 0x00, 0x00, 0x00, 0x00,
    0x00, 0x00, 0x00, 0x00, 0x00, 0x00, 0x00, 0x00, 0x00, 0x00, 0x00, 0x00, 0x00, 0x00, 0x00, 0x00,
    0x00, 0x00, 0x00, 0x00, 0x00, 0x00, 0x00, 0x00, 0x00, 0x00, 0x00, 0x00, 0x00, 0x00, 0x00, 0x00,
    0x00, 0x00, 0x00, 0x00, 0x00, 0x00, 0x00, 0x00, 0x00, 0x00, 0x00, 0x00, 0x00, 0x00, 0x00, 0x00,
    0x00, 0x00, 0x00, 0x00, 0x00, 0x00, 0x00, 0x00, 0x00, 0x00, 0x00, 0x00, 0x00, 0x00, 0x00, 0x00,
    0x00, 0x00, 0x00, 0x00, 0x00, 0x00, 0x00, 0x00, 0x00, 0x00, 0x00, 0x00, 0x00, 0x00, 0x00, 0x00,
    0x00, 0x00, 0x00, 0x00, 0x00, 0x00, 0x00, 0x00, 0x00, 0x00, 0x00, 0x00, 0x00, 0x00, 0x00, 0x00,
    0x00, 0x00, 0x00, 0x00, 0x00, 0x00, 0x00, 0x00, 0x00, 0x00, 0x00, 0x00, 0x00, 0x00, 0x00, 0x00,
    0x00, 0x00, 0x00, 0x00, 0x00, 0x00, 0x00, 0x00, 0x00, 0x00, 0x00, 0x00, 0x00, 0x00, 0x00, 0x00,
    0x00, 0x00, 0x00, 0x00, 0x00, 0x00, 0x00, 0x00, 0x00, 0x00, 0x00, 0x00, 0x00, 0x00, 0x00, 0x00,
    0x00, 0x00, 0x00, 0x00, 0x00, 0x00, 0x00, 0x00, 0x00, 0x00, 0x00, 0x00, 0x00, 0x00, 0x00, 0x00,
    0x00, 0x00, 0x00, 0x00, 0x00, 0x00, 0x00, 0x00, 0x00, 0x00, 0x00, 0x00, 0x00, 0x00, 0x00, 0x00,
    0x00, 0x00, 0x00, 0x00, 0x00, 0x00, 0x00, 0x00, 0x00, 0x00, 0x00, 0x00, 0x00, 0x00, 0x00, 0x00,
    0x00, 0x00, 0x00, 0x00, 0x00, 0x00, 0x00, 0x00, 0x00, 0x00, 0x00, 0x00, 0x00, 0x00, 0x00, 0x00,
    0x00, 0x00, 0x00, 0x00, 0x00, 0x00, 0x00, 0x00, 0x00, 0x00, 0x00, 0x00, 0x00, 0x00, 0x00, 0x00,
    0x00, 0x00, 0x00, 0x00, 0x00, 0x00, 0x00, 0x00, 0x00, 0x00, 0x00, 0x00, 0x00, 0x00, 0x00, 0x00,
    0x00, 0x00, 0x00, 0x00, 0x00, 0x00, 0x00, 0x00, 0x00, 0x00, 0x00, 0x00, 0x00, 0x00, 0x00, 0x00,
    0x00, 0x00, 0x00, 0x00, 0x00, 0x00, 0x00, 0x00, 0x00, 0x00, 0x00, 0x00, 0x00, 0x00, 0x00, 0x00,
    0x00, 0x00, 0x00, 0x00, 0x00, 0x00, 0x00, 0x00, 0x00, 0x00, 0x00, 0x00, 0x00, 0x00, 0x00, 0x00,
    0x00, 0x00, 0x00, 0x00, 0x00, 0x00, 0x00, 0x00, 0x00, 0x00, 0x00, 0x00, 0x00, 0x00, 0x00, 0x00,
    0x00, 0x00, 0x00, 0x00, 0x00, 0x00, 0x00, 0x00, 0x00, 0x00, 0x00, 0x00, 0x00, 0x00, 0x00, 0x00,
    0x00, 0x00, 0x00, 0x00, 0x00, 0x00, 0x00, 0x00, 0x00, 0x00, 0x00, 0x00, 0x00, 0x00, 0x00, 0x00,
    0x00, 0x00, 0x00, 0x00, 0x00, 0x00, 0x00, 0x00, 0x00, 0x00, 0x00, 0x00, 0x00, 0x00, 0x00, 0x00,
    0x00, 0x00, 0x00, 0x00, 0x00, 0x00, 0x00, 0x00, 0x00, 0x00, 0x00, 0x00, 0x00, 0x00, 0x00, 0x00,
    0x00, 0x00, 0x00, 0x00, 0x00, 0x00, 0x00, 0x00, 0x00, 0x00, 0x00, 0x00, 0x00, 0x00, 0x00, 0x00,
    0x00, 0x00, 0x00, 0x00, 0x00, 0x00, 0x00, 0x00, 0x00, 0x00, 0x00, 0x00, 0x00, 0x00, 0x00, 0x00,
    0x00, 0x00, 0x00, 0x00, 0x00, 0x00, 0x00, 0x00, 0x00, 0x00, 0x00, 0x00, 0x00, 0x00, 0x00, 0x00,
    0x00, 0x00, 0x00, 0x00, 0x00, 0x00, 0x00, 0x00, 0x00, 0x00, 0x00, 0x00, 0x00, 0x00, 0x00, 0x00,
    0x00, 0x00, 0x00, 0x00, 0x00, 0x00, 0x00, 0x00, 0x00, 0x00, 0x00, 0x00, 0x00, 0x00, 0x00, 0x00,
    0x00, 0x00, 0x00, 0x00, 0x00, 0x00, 0x00, 0x00, 0x00, 0x00, 0x00, 0x00, 0x00, 0x00, 0x00, 0x00,
    0x00, 0x00, 0x00, 0x00, 0x00, 0x00, 0x00, 0x00, 0x00, 0x00, 0x00, 0x00, 0x00, 0x00, 0x00, 0x00,
    0x00, 0x00, 0x00, 0x00, 0x00, 0x00, 0x00, 0x00, 0x00, 0x00, 0x00, 0x00, 0x00, 0x00, 0x00, 0x00,
    0x00, 0x00, 0x00, 0x00, 0x00, 0x00, 0x00, 0x00, 0x00, 0x00, 0x00, 0x00, 0x00, 0x00, 0x00, 0x00,
    0x00, 0x00, 0x00, 0x00, 0x00, 0x00, 0x00, 0x00, 0x00, 0x00, 0x00, 0x00, 0x00, 0x00, 0x00, 0x00,
    0x00, 0x00, 0x00, 0x00, 0x00, 0x00, 0x00, 0x00, 0x00, 0x00, 0x00, 0x00, 0x00, 0x00, 0x00, 0x00,
    0x00, 0x00, 0x00, 0x00, 0x00, 0x00, 0x00, 0x00, 0x00, 0x00, 0x00, 0x00, 0x00, 0x00, 0x00, 0x00,
    0x00, 0x00, 0x00, 0x00, 0x00, 0x00, 0x00, 0x00, 0x00, 0x00, 0x00, 0x00, 0x00, 0x00, 0x00, 0x00,
    0x00, 0x00, 0x00, 0x00, 0x00, 0x00, 0x00, 0x00, 0x00, 0x00, 0x00, 0x00, 0x00, 0x00, 0x00, 0x00,
    0x00, 0x00, 0x00, 0x00, 0x00, 0x00, 0x00, 0x00, 0x00, 0x00, 0x00, 0x00, 0x00, 0x00, 0x00, 0x00,
    0x00, 0x00, 0x00, 0x00, 0x00, 0x00, 0x00, 0x00, 0x00, 0x00, 0x00, 0x00, 0x00, 0x00, 0x00, 0x00,
    0x00, 0x00, 0x00, 0x00, 0x00, 0x00, 0x00, 0x00, 0x00, 0x00, 0x00, 0x00, 0x00, 0x00, 0x00, 0x00,
    0x00, 0x00, 0x00, 0x00, 0x00, 0x00, 0x00, 0x00, 0x00, 0x00, 0x00, 0x00, 0x00, 0x00, 0x00, 0x00,
    0x00, 0x00, 0x00, 0x00, 0x00, 0x00, 0x00, 0x00, 0x00, 0x00, 0x00, 0x00, 0x00, 0x00, 0x00, 0x00,
    0x00, 0x00, 0x00, 0x00, 0x00, 0x00, 0x00, 0x00, 0x00, 0x00, 0x00, 0x00, 0x00, 0x00, 0x00, 0x00,
    0x00, 0x00, 0x00, 0x00, 0x00, 0x00, 0x00, 0x00, 0x00, 0x00, 0x00, 0x00, 0x00, 0x00, 0x00, 0x00,
    0x00, 0x00, 0x00, 0x00, 0x00, 0x00, 0x00, 0x00, 0x00, 0x00, 0x00, 0x00, 0x00, 0x00, 0x00, 0x00,
    0x21, 0x00, 0x00, 0x00, 0x00, 0x00, 0x00, 0x00, 0x00, 0x00, 0x00, 0x00, 0x00, 0x00, 0x00, 0x00,
    0x00, 0x00, 0x00, 0x00, 0x00, 0x00, 0x00, 0x00, 0x00, 0x00, 0x00, 0x00, 0x00, 0x00, 0x00, 0x00,
    0x00, 0x00, 0x00, 0x00, 0x00, 0x00, 0x00, 0x00, 0x00, 0x00, 0x00, 0x00, 0x00, 0x00, 0x00, 0x00,
    0x00, 0x00, 0x00, 0x00, 0x00, 0x00, 0x00, 0x00, 0x00, 0x00, 0x00, 0x00, 0x00, 0x00, 0xe3, 0x18,
    0xe4, 0x18, 0xc3, 0x18, 0x00, 0x00, 0x00, 0x00, 0x00, 0x00, 0x00, 0x00, 0x00, 0x00, 0x00, 0x00,
    0x00, 0x00, 0x00, 0x00, 0x00, 0x00, 0x00, 0x00, 0x00, 0x00, 0x00, 0x00, 0x00, 0x00, 0x00, 0x00,
    0x00, 0x00, 0x00, 0x00, 0x00, 0x00, 0x00, 0x00, 0x00, 0x00, 0x00, 0x00, 0x00, 0x00, 0x00, 0x00,
    0x00, 0x00, 0x00, 0x00, 0x00, 0x00, 0x00, 0x00, 0x00, 0x00, 0x00, 0x00, 0xa2, 0x10, 0x86, 0x31,
    0xe8, 0x39, 0x86, 0x31, 0xa2, 0x10, 0x00, 0x00, 0x00, 0x00, 0x00, 0x00, 0x00, 0x00, 0x00, 0x00,
    0x00, 0x00, 0x00, 0x00, 0x00, 0x00, 0x00, 0x00, 0x00, 0x00, 0x00, 0x00, 0x00, 0x00, 0x00, 0x00,
    0x00, 0x00, 0x00, 0x00, 0x00, 0x00, 0x00, 0x00, 0x00, 0x00, 0x00, 0x00, 0x00, 0x00, 0x00, 0x00,
    0x00, 0x00, 0x00, 0x00, 0x00, 0x00, 0x00, 0x00, 0x00, 0x00, 0x00, 0x00, 0x04, 0x21, 0x6a, 0x4a,
    0xec, 0x5a, 0x6a, 0x4a, 0x04, 0x21, 0x20, 0x00, 0x00, 0x00, 0x00, 0x00, 0x00, 0x00, 0x00, 0x00,
    0x00, 0x00, 0x00, 0x00, 0x00, 0x00, 0x00, 0x00, 0x00, 0x00, 0x00, 0x00, 0x00, 0x00, 0x00, 0x00,
    0x00, 0x00, 0x00, 0x00, 0x00, 0x00, 0x00, 0x00, 0x00, 0x00, 0x00, 0x00, 0x00, 0x00, 0x00, 0x00,
    0x00, 0x00, 0x00, 0x00, 0x00, 0x00, 0x00, 0x00, 0x00, 0x00, 0x61, 0x08, 0xa7, 0x31, 0x2d, 0x63,
    0xaf, 0x73, 0x0d, 0x63, 0xa7, 0x31, 0x62, 0x08, 0x00, 0x00, 0x00, 0x00, 0x00, 0x00, 0x00, 0x00,
    0x00, 0x00, 0x00, 0x00, 0x00, 0x00, 0x00, 0x00, 0x00, 0x00, 0x00, 0x00, 0x00, 0x00, 0x00, 0x00,
    0x00, 0x00, 0x00, 0x00, 0x00, 0x00, 0x00, 0x00, 0x00, 0x00, 0x00, 0x00, 0x00, 0x00, 0x00, 0x00,
    0x00, 0x00, 0x00, 0x00, 0x00, 0x00, 0x00, 0x00, 0x00, 0x00, 0xc3, 0x18, 0x09, 0x42, 0x6f, 0x6b,
    0xf1, 0x7b, 0x6e, 0x6b, 0x09, 0x42, 0xc3, 0x18, 0x00, 0x00, 0x00, 0x00, 0x00, 0x00, 0x00, 0x00,
    0x00, 0x00, 0x00, 0x00, 0x00, 0x00, 0x00, 0x00, 0x00, 0x00, 0x00, 0x00, 0x00, 0x00, 0x00, 0x00,
    0x00, 0x00, 0x00, 0x00, 0x00, 0x00, 0x00, 0x00, 0x00, 0x00, 0x00, 0x00, 0x00, 0x00, 0x00, 0x00,
    0x00, 0x00, 0x00, 0x00, 0x00, 0x00, 0x00, 0x00, 0x00, 0x00, 0xe3, 0x18, 0x09, 0x42, 0x6e, 0x6b,
    0xd0, 0x7b, 0x6e, 0x6b, 0x09, 0x42, 0xe4, 0x18, 0x00, 0x00, 0x00, 0x00, 0x00, 0x00, 0x00, 0x00,
    0x00, 0x00, 0x00, 0x00, 0x00, 0x00, 0x00, 0x00, 0x00, 0x00, 0x00, 0x00, 0x00, 0x00, 0x00, 0x00,
    0x00, 0x00, 0x00, 0x00, 0x00, 0x00, 0x00, 0x00, 0x00, 0x00, 0x00, 0x00, 0x00, 0x00, 0x00, 0x00,
    0x00, 0x00, 0x00, 0x00, 0x00, 0x00, 0x00, 0x00, 0x00, 0x00, 0xc3, 0x18, 0xc8, 0x39, 0x0d, 0x63,
    0x6e, 0x6b, 0xec, 0x5a, 0xc8, 0x39, 0xc3, 0x18, 0x00, 0x00, 0x00, 0x00, 0x00, 0x00, 0x00, 0x00,
    0x00, 0x00, 0x00, 0x00, 0x00, 0x00, 0x00, 0x00, 0x00, 0x00, 0x00, 0x00, 0x00, 0x00, 0x00, 0x00,
    0xa4, 0x08, 0xa4, 0x08, 0xa4, 0x08, 0xa4, 0x10, 0xa4, 0x08, 0xa4, 0x08, 0xa4, 0x08, 0xa4, 0x10,
    0xa4, 0x08, 0xa4, 0x08, 0xa4, 0x08, 0xa4, 0x10, 0xa4, 0x08, 0xe5, 0x10, 0xa8, 0x29, 0x8c, 0x52,
    0xed, 0x52, 0x8b, 0x4a, 0xa8, 0x29, 0x05, 0x19, 0xa4, 0x08, 0xa4, 0x08, 0xa4, 0x08, 0xa4, 0x10,
    0xa4, 0x08, 0xa4, 0x08, 0xa4, 0x08, 0xa4, 0x10, 0xa4, 0x08, 0xa4, 0x08, 0xa4, 0x08, 0xa4, 0x10,
    0xa4, 0x08, 0xa4, 0x08, 0xa4, 0x08, 0xa4, 0x10, 0xa4, 0x08, 0xa4, 0x08, 0xa4, 0x08, 0xa4, 0x10,
    0xa4, 0x08, 0xa4, 0x08, 0xa4, 0x08, 0xa4, 0x10, 0xa4, 0x08, 0xa4, 0x08, 0x46, 0x21, 0xc8, 0x31,
    0xe9, 0x31, 0xa8, 0x29, 0x46, 0x21, 0xa4, 0x10, 0xa4, 0x08, 0xa4, 0x08, 0xa4, 0x08, 0xa4, 0x10,
    0xa4, 0x08, 0xa4, 0x08, 0xa4, 0x08, 0xa4, 0x10, 0xa4, 0x08, 0xa4, 0x08, 0xa4, 0x08, 0xa4, 0x10,
    0x00, 0x00, 0x00, 0x00, 0x00, 0x00, 0x00, 0x00, 0x00, 0x00, 0x00, 0x00, 0x00, 0x00, 0x00, 0x00,
    0x00, 0x00, 0x00, 0x00, 0x00, 0x00, 0x00, 0x00, 0x00, 0x00, 0x00, 0x00, 0x00, 0x00, 0x82, 0x10,
    0xc3, 0x18, 0x82, 0x10, 0x00, 0x00, 0x00, 0x00, 0x00, 0x00, 0x00, 0x00, 0x00, 0x00, 0x00, 0x00,
    0x00, 0x00, 0x00, 0x00, 0x00, 0x00, 0x00, 0x00, 0x00, 0x00, 0x00, 0x00, 0x00, 0x00, 0x00, 0x00,
    0x00, 0x00, 0x00, 0x00, 0x00, 0x00, 0x00, 0x00, 0x00, 0x00, 0x00, 0x00, 0x00, 0x00, 0x00, 0x00,
    0x00, 0x00, 0x00, 0x00, 0x00, 0x00, 0x00, 0x00, 0x00, 0x00, 0x00, 0x00, 0x00, 0x00, 0x00, 0x00,
    0x00, 0x00, 0x00, 0x00, 0x00, 0x00, 0x00, 0x00, 0x00, 0x00, 0x00, 0x00, 0x00, 0x00, 0x00, 0x00,
    0x00, 0x00, 0x00, 0x00, 0x00, 0x00, 0x00, 0x00, 0x00, 0x00, 0x00, 0x00, 0x00, 0x00, 0x00, 0x00,
    0x00, 0x00, 0x00, 0x00, 0x00, 0x00, 0x00, 0x00, 0x00, 0x00, 0x00, 0x00, 0x00, 0x00, 0x00, 0x00,
    0x00, 0x00, 0x00, 0x00, 0x00, 0x00, 0x00, 0x00, 0x00, 0x00, 0x00, 0x00, 0x00, 0x00, 0x00, 0x00,
    0x00, 0x00, 0x00, 0x00, 0x00, 0x00, 0x00, 0x00, 0x00, 0x00, 0x00, 0x00, 0x00, 0x00, 0x00, 0x00,
    0x00, 0x00, 0x00, 0x00, 0x00, 0x00, 0x00, 0x00, 0x00, 0x00, 0x00, 0x00, 0x00, 0x00, 0x00, 0x00,
    0x00, 0x00, 0x00, 0x00, 0x00, 0x00, 0x00, 0x00, 0x00, 0x00, 0x00, 0x00, 0x00, 0x00, 0x00, 0x00,
    0x00, 0x00, 0x00, 0x00, 0x00, 0x00, 0x00, 0x00, 0x00, 0x00, 0x00, 0x00, 0x00, 0x00, 0x00, 0x00,
    0x00, 0x00, 0x00, 0x00, 0x00, 0x00, 0x00, 0x00, 0x00, 0x00, 0x00, 0x00, 0x00, 0x00, 0x00, 0x00,
    0x00, 0x00, 0x00, 0x00, 0x00, 0x00, 0x00, 0x00, 0x00, 0x00, 0x00, 0x00, 0x00, 0x00, 0x00, 0x00,
    0x00, 0x00, 0x00, 0x00, 0x00, 0x00, 0x00, 0x00, 0x00, 0x00, 0x00, 0x00, 0x00, 0x00, 0x00, 0x00,
    0x00, 0x00, 0x00, 0x00, 0x00, 0x00, 0x00, 0x00, 0x00, 0x00, 0x00, 0x00, 0x00, 0x00, 0x00, 0x00,
    0x00, 0x00, 0x00, 0x00, 0x00, 0x00, 0x00, 0x00, 0x00, 0x00, 0x00, 0x00, 0x00, 0x00, 0x00, 0x00,
    0x00, 0x00, 0x00, 0x00, 0x00, 0x00, 0x00, 0x00, 0x00, 0x00, 0x00, 0x00, 0x00, 0x00, 0x00, 0x00,
    0x21, 0x21, 0x21, 0x21, 0x21, 0x21, 0x22, 0x21, 0x21, 0x21, 0x21, 0x21, 0x21, 0x21, 0x22, 0x21,
    0x21, 0x21, 0x21, 0x21, 0x21, 0x21, 0x22, 0x21, 0x21, 0x21, 0x21, 0x21, 0x21, 0x21, 0x22, 0x21,
    0x21, 0x21, 0x21, 0x21, 0x21, 0x21, 0x22, 0x21, 0x21, 0x21, 0x21, 0x21, 0x21, 0x21, 0x22, 0x21,
    0x21, 0x21, 0x21, 0x21, 0x21, 0x21, 0x22, 0x21, 0x21, 0x21, 0x21, 0x21, 0x21, 0x21, 0x22, 0x21,
    0x21, 0x21, 0x21, 0x21, 0x21, 0x21, 0x22, 0x21, 0x21, 0x21, 0x21, 0x21, 0x21, 0x21, 0x22, 0x21,
    0x21, 0x21, 0x21, 0x21, 0x21, 0x21, 0x22, 0x21, 0x21, 0x21, 0x21, 0x21, 0x21, 0x21, 0x22, 0x21,
    0x21, 0x21, 0x21, 0x21, 0x21, 0x21, 0x22, 0x21, 0x21, 0x21, 0x21, 0x21, 0x21, 0x21, 0x22, 0x21,
    0x21, 0x21, 0x21, 0x21, 0x21, 0x21, 0x22, 0x21, 0x21, 0x21, 0x21, 0x21, 0x21, 0x21, 0x22, 0x21,
    0x21, 0x21, 0x21, 0x21, 0x21, 0x21, 0x22, 0x21, 0x21, 0x21, 0x21, 0x21, 0x21, 0x21, 0x22, 0x21,
    0x21, 0x21, 0x21, 0x21, 0x21, 0x21, 0x22, 0x21, 0x21, 0x21, 0x21, 0x21, 0x21, 0x21, 0x22, 0x21,
    0x21, 0x21, 0x21, 0x21, 0x21, 0x21, 0x22, 0x21, 0x21, 0x21, 0x21, 0x21, 0x21, 0x21, 0x22, 0x21,
    0x21, 0x21, 0x21, 0x21, 0x21, 0x21, 0x22, 0x21, 0x21, 0x21, 0x21, 0x21, 0x21, 0x21, 0x22, 0x21,
    0x21, 0x21, 0x21, 0x21, 0x21, 0x21, 0x22, 0x21, 0x21, 0x21, 0x21, 0x21, 0x21, 0x21, 0x22, 0x21,
    0x21, 0x21, 0x21, 0x21, 0x21, 0x21, 0x22, 0x21, 0x21, 0x21, 0x21, 0x21, 0x21, 0x21, 0x22, 0x21,
    0x21, 0x21, 0x21, 0x21, 0x21, 0x21, 0x22, 0x21, 0x21, 0x21, 0x21, 0x21, 0x21, 0x21, 0x22, 0x21,
    0x21, 0x21, 0x21, 0x21, 0x21, 0x21, 0x22, 0x21, 0x21, 0x21, 0x21, 0x21, 0x21, 0x21, 0x22, 0x21,
    0x00, 0x00, 0x00, 0x00, 0x00, 0x00, 0x00, 0x00, 0x00, 0x00, 0x00, 0x00, 0x00, 0x00, 0x00, 0x00,
    0x00, 0x00, 0x00, 0x00, 0x00, 0x00, 0x00, 0x00, 0x00, 0x00, 0x00, 0x00, 0x00, 0x00, 0x00, 0x00,
    0x00, 0x00, 0x00, 0x00, 0x00, 0x00, 0x00, 0x00, 0x00, 0x00, 0x00, 0x00, 0x00, 0x00, 0x00, 0x00,
    0x00, 0x00, 0x00, 0x00, 0x00, 0x00, 0x00, 0x00, 0x00, 0x00, 0x00, 0x00, 0x00, 0x00, 0x00, 0x00,
    0x00, 0x00, 0x00, 0x00, 0x00, 0x00, 0x00, 0x00, 0x00, 0x00, 0x00, 0x00, 0x00, 0x00, 0x00, 0x00,
    0x00, 0x00, 0x00, 0x00, 0x00, 0x00, 0x00, 0x00, 0x00, 0x00, 0x00, 0x00, 0x00, 0x00, 0x00, 0x00,
    0x00, 0x00, 0x00, 0x00, 0x00, 0x00, 0x00, 0x00, 0x00, 0x00, 0x00, 0x00, 0x00, 0x00, 0x00, 0x00,
    0x00, 0x00, 0x00, 0x00, 0x00, 0x00, 0x00, 0x00, 0x00, 0x00, 0x00, 0x00, 0x00, 0x00, 0x00, 0x00,
    0x00, 0x00, 0x00, 0x00, 0x00, 0x00, 0x00, 0x00, 0x00, 0x00, 0x00, 0x00, 0x00, 0x00, 0x00, 0x00,
    0x00, 0x00, 0x00, 0x00, 0x00, 0x00, 0x00, 0x00, 0x00, 0x00, 0x00, 0x00, 0x00, 0x00, 0x00, 0x00,
    0x00, 0x00, 0x00, 0x00, 0x00, 0x00, 0x00, 0x00, 0x00, 0x00, 0x00, 0x00, 0x00, 0x00, 0x00, 0x00,
    0x00, 0x00, 0x00, 0x00, 0x00, 0x00, 0x00, 0x00, 0x00, 0x00, 0x00, 0x00, 0x00, 0x00, 0x00, 0x00,
    0x00, 0x00, 0x00, 0x00, 0x00, 0x00, 0x00, 0x00, 0x00, 0x00, 0x00, 0x00, 0x00, 0x00, 0x00, 0x00,
    0x00, 0x00, 0x00, 0x00, 0x00, 0x00, 0x00, 0x00, 0x00, 0x00, 0x00, 0x00, 0x00, 0x00, 0x00, 0x00,
    0x00, 0x00, 0x00, 0x00, 0x00, 0x00, 0x00, 0x00, 0x00, 0x00, 0x00, 0x00, 0x00, 0x00, 0x00, 0x00,
    0x00, 0x00, 0x00, 0x00, 0x00, 0x00, 0x00, 0x00, 0x00, 0x00, 0x00, 0x00, 0x00, 0x00, 0x00, 0x00,
    0x00, 0x00, 0x00, 0x00, 0x00, 0x00, 0x00, 0x00, 0x00, 0x00, 0x00, 0x00, 0x00, 0x00, 0x00, 0x00,
    0x00, 0x00, 0x00, 0x00, 0x00, 0x00, 0x00, 0x00, 0x00, 0x00, 0x00, 0x00, 0x00, 0x00, 0x00, 0x00,
    0x00, 0x00, 0x00, 0x00, 0x00, 0x00, 0x00, 0x00, 0x00, 0x00, 0x00, 0x00, 0x00, 0x00, 0x00, 0x00,
    0x00, 0x00, 0x00, 0x00, 0x00, 0x00, 0x00, 0x00, 0x00, 0x00, 0x00, 0x00, 0x00, 0x00, 0x00, 0x00,
    0x00, 0x00, 0x00, 0x00, 0x00, 0x00, 0x00, 0x00, 0x00, 0x00, 0x00, 0x00, 0x00, 0x00, 0x00, 0x00,
    0x00, 0x00, 0x00, 0x00, 0x00, 0x00, 0x00, 0x00, 0x00, 0x00, 0x00, 0x00, 0x00, 0x00, 0x00, 0x00,
    0x00, 0x00, 0x00, 0x00, 0x00, 0x00, 0x00, 0x00, 0x00, 0x00, 0x00, 0x00, 0x00, 0x00, 0x00, 0x00,
    0x00, 0x00, 0x00, 0x00, 0x00, 0x00, 0x00, 0x00, 0x00, 0x00, 0x00, 0x00, 0x00, 0x00, 0x00, 0x00,
    0x00, 0x00, 0x00, 0x00, 0x00, 0x00, 0x00, 0x00, 0x00, 0x00, 0x00, 0x00, 0x00, 0x00, 0x00, 0x00,
    0x00, 0x00, 0x00, 0x00, 0x00, 0x00, 0x00, 0x00, 0x00, 0x00, 0x00, 0x00, 0x00, 0x00, 0x00, 0x00,
    0x00, 0x00, 0x00, 0x00, 0x00, 0x00, 0x00, 0x00, 0x00, 0x00, 0x00, 0x00, 0x00, 0x00, 0x00, 0x00,
    0x00, 0x00, 0x00, 0x00, 0x00, 0x00, 0x00, 0x00, 0x00, 0x00, 0x00, 0x00, 0x00, 0x00, 0x00, 0x00,
    0x00, 0x00, 0x00, 0x00, 0x00, 0x00, 0x00, 0x00, 0x00, 0x00, 0x00, 0x00, 0x00, 0x00, 0x00, 0x00,
    0x00, 0x00, 0x00, 0x00, 0x00, 0x00, 0x00, 0x00, 0x00, 0x00, 0x00, 0x00, 0x00, 0x00, 0x00, 0x00,
    0x00, 0x00, 0x00, 0x00, 0x00, 0x00, 0x00, 0x00, 0x00, 0x00, 0x00, 0x00, 0x00, 0x00, 0x00, 0x00,
    0x00, 0x00, 0x00, 0x00, 0x00, 0x00, 0x00, 0x00, 0x00, 0x00, 0x00, 0x00, 0x00, 0x00, 0x00, 0x00,
    0x00, 0x00, 0x00, 0x00, 0x00, 0x00, 0x00, 0x00, 0x00, 0x00, 0x00, 0x00, 0x00, 0x00, 0x00, 0x00,
    0x00, 0x00, 0x00, 0x00, 0x00, 0x00, 0x00, 0x00, 0x00, 0x00, 0x00, 0x00, 0x00, 0x00, 0x00, 0x00,
    0x00, 0x00, 0x00, 0x00, 0x00, 0x00, 0x00, 0x00, 0x00, 0x00, 0x00, 0x00, 0x00, 0x00, 0x00, 0x00,
    0x00, 0x00, 0x00, 0x00, 0x00, 0x00, 0x00, 0x00, 0x00, 0x00, 0x00, 0x00, 0x00, 0x00, 0x00, 0x00,
    0x00, 0x00, 0x00, 0x00, 0x00, 0x00, 0x00, 0x00, 0x00, 0x00, 0x00, 0x00, 0x00, 0x00, 0x00, 0x00,
    0x00, 0x00, 0x00, 0x00, 0x00, 0x00, 0x00, 0x00, 0x00, 0x00, 0x00, 0x00, 0x00, 0x00, 0xa3, 0x10,
    0xe4, 0x18, 0xa2, 0x10, 0x00, 0x00, 0x00, 0x00, 0x00, 0x00, 0x00, 0x00, 0x00, 0x00, 0x00, 0x00,
    0x00, 0x00, 0x00, 0x00, 0x00, 0x00, 0x00, 0x00, 0x00, 0x00, 0x00, 0x00, 0x00, 0x00, 0x00, 0x00,
    0x00, 0x00, 0x00, 0x00, 0x00, 0x00, 0x00, 0x00, 0x00, 0x00, 0x00, 0x00, 0x00, 0x00, 0x00, 0x00,
    0x00, 0x00, 0x00, 0x00, 0x00, 0x00, 0x00, 0x00, 0x00, 0x00, 0x00, 0x00, 0xc3, 0x18, 0x66, 0x29,
    0xa7, 0x31, 0x46, 0x29, 0xc3, 0x18, 0x00, 0x00, 0x00, 0x00, 0x00, 0x00, 0x00, 0x00, 0x00, 0x00,
    0x00, 0x00, 0x00, 0x00, 0x00, 0x00, 0x00, 0x00, 0x00, 0x00, 0x00, 0x00, 0x00, 0x00, 0x00, 0x00,
    0x00, 0x00, 0x00, 0x00, 0x00, 0x00, 0x00, 0x00, 0x00, 0x00, 0x00, 0x00, 0x00, 0x00, 0x00, 0x00,
    0x00, 0x00, 0x00, 0x00, 0x00, 0x00, 0x00, 0x00, 0x00, 0x00, 0x61, 0x08, 0x45, 0x29, 0x4a, 0x4a,
    0xab, 0x52, 0x4a, 0x4a, 0x45, 0x29, 0x61, 0x08, 0x00, 0x00, 0x00, 0x00, 0x00, 0x00, 0x00, 0x00,
    0x00, 0x00, 0x00, 0x00, 0x00, 0x00, 0x00, 0x00, 0x00, 0x00, 0x00, 0x00, 0x00, 0x00, 0x00, 0x00,
    0x00, 0x00, 0x00, 0x00, 0x00, 0x00, 0x00, 0x00, 0x00, 0x00, 0x00, 0x00, 0x00, 0x00, 0x00, 0x00,
    0x00, 0x00, 0x00, 0x00, 0x00, 0x00, 0x00, 0x00, 0x00, 0x00, 0xe3, 0x18, 0xe8, 0x39, 0x0d, 0x63,
    0x6f, 0x6b, 0x0d, 0x63, 0xe8, 0x39, 0xe4, 0x18, 0x00, 0x00, 0x00, 0x00, 0x00, 0x00, 0x00, 0x00,
    0x00, 0x00, 0x00, 0x00, 0x00, 0x00, 0x00, 0x00, 0x00, 0x00, 0x00, 0x00, 0x00, 0x00, 0x00, 0x00,
    0x00, 0x00, 0x00, 0x00, 0x00, 0x00, 0x00, 0x00, 0x00, 0x00, 0x00, 0x00, 0x00, 0x00, 0x00, 0x00,
    0x00, 0x00, 0x00, 0x00, 0x00, 0x00, 0x00, 0x00, 0x00, 0x00, 0xe4, 0x18, 0x4a, 0x4a, 0x8f, 0x73,
    0xf0, 0x7b, 0x6f, 0x6b, 0x4a, 0x4a, 0x04, 0x21, 0x00, 0x00, 0x00, 0x00, 0x00, 0x00, 0x00, 0x00,
    0x00, 0x00, 0x00, 0x00, 0x00, 0x00, 0x00, 0x00, 0x00, 0x00, 0x00, 0x00, 0x00, 0x00, 0x00, 0x00,
    0x00, 0x00, 0x00, 0x00, 0x00, 0x00, 0x00, 0x00, 0x00, 0x00, 0x00, 0x00, 0x00, 0x00, 0x00, 0x00,
    0x00, 0x00, 0x00, 0x00, 0x00, 0x00, 0x00, 0x00, 0x00, 0x00, 0x04, 0x21, 0x6a, 0x4a, 0x8f, 0x73,
    0xf1, 0x7b, 0x8f, 0x73, 0x6a, 0x4a, 0x04, 0x21, 0x00, 0x00, 0x00, 0x00, 0x00, 0x00, 0x00, 0x00,
    0x00, 0x00, 0x00, 0x00, 0x00, 0x00, 0x00, 0x00, 0x00, 0x00, 0x00, 0x00, 0x00, 0x00, 0x00, 0x00,
    0x00, 0x00, 0x00, 0x00, 0x00, 0x00, 0x00, 0x00, 0x00, 0x00, 0x00, 0x00, 0x00, 0x00, 0x00, 0x00,
    0x00, 0x00, 0x00, 0x00, 0x00, 0x00, 0x00, 0x00, 0x00, 0x00, 0xc3, 0x18, 0x09, 0x42, 0x2e, 0x63,
    0x8f, 0x73, 0x2d, 0x63, 0x09, 0x42, 0xe3, 0x18, 0x00, 0x00, 0x00, 0x00, 0x00, 0x00, 0x00, 0x00,
    0x00, 0x00, 0x00, 0x00, 0x00, 0x00, 0x00, 0x00, 0x00, 0x00, 0x00, 0x00, 0x00, 0x00, 0x00, 0x00,
    0x00, 0x00, 0x00, 0x00, 0x00, 0x00, 0x00, 0x00, 0x00, 0x00, 0x00, 0x00, 0x00, 0x00, 0x00, 0x00,
    0x00, 0x00, 0x00, 0x00, 0x00, 0x00, 0x00, 0x00, 0x00, 0x00, 0x82, 0x10, 0x66, 0x29, 0x8a, 0x52,
    0xcc, 0x5a, 0x6a, 0x4a, 0x66, 0x29, 0xa2, 0x10, 0x00, 0x00, 0x00, 0x00, 0x00, 0x00, 0x00, 0x00,
    0x00, 0x00, 0x00, 0x00, 0x00, 0x00, 0x00, 0x00, 0x00, 0x00, 0x00, 0x00, 0x00, 0x00, 0x00, 0x00,
    0x00, 0x00, 0x00, 0x00, 0x00, 0x00, 0x00, 0x00, 0x00, 0x00, 0x00, 0x00, 0x00, 0x00, 0x00, 0x00,
    0x00, 0x00, 0x00, 0x00, 0x00, 0x00, 0x00, 0x00, 0x00, 0x00, 0x00, 0x00, 0xc3, 0x18, 0x86, 0x31,
    0xc8, 0x39, 0x86, 0x31, 0xc3, 0x18, 0x20, 0x00, 0x00, 0x00, 0x00, 0x00, 0x00, 0x00, 0x00, 0x00,
    0x00, 0x00, 0x00, 0x00, 0x00, 0x00, 0x00, 0x00, 0x00, 0x00, 0x00, 0x00, 0x00, 0x00, 0x00, 0x00,
    0x00, 0x00, 0x00, 0x00, 0x00, 0x00, 0x00, 0x00, 0x00, 0x00, 0x00, 0x00, 0x00, 0x00, 0x00, 0x00,
    0x00, 0x00, 0x00, 0x00, 0x00, 0x00, 0x00, 0x00, 0x00, 0x00, 0x00, 0x00, 0x20, 0x00, 0xc3, 0x18,
    0xc3, 0x18, 0xc3, 0x18, 0x20, 0x00, 0x00, 0x00, 0x00, 0x00, 0x00, 0x00, 0x00, 0x00, 0x00, 0x00,
    0x00, 0x00, 0x00, 0x00, 0x00, 0x00, 0x00, 0x00, 0x00, 0x00, 0x00, 0x00, 0x00, 0x00, 0x00, 0x00,
    0x00, 0x00, 0x00, 0x00, 0x00, 0x00, 0x00, 0x00, 0x00, 0x00, 0x00, 0x00, 0x00, 0x00, 0x00, 0x00,
    0x00, 0x00, 0x00, 0x00, 0x00, 0x00, 0x00, 0x00, 0x00, 0x00, 0x00, 0x00, 0x00, 0x00, 0x00, 0x00,
    0x20, 0x00, 0x00, 0x00, 0x00, 0x00, 0x00, 0x00, 0x00, 0x00, 0x00, 0x00, 0x00, 0x00, 0x00, 0x00,
    0x00, 0x00, 0x00, 0x00, 0x00, 0x00, 0x00, 0x00, 0x00, 0x00, 0x00, 0x00, 0x00, 0x00, 0x00, 0x00,
    0x00, 0x00, 0x00, 0x00, 0x00, 0x00, 0x00, 0x00, 0x00, 0x00, 0x00, 0x00, 0x00, 0x00, 0x00, 0x00,
    0x00, 0x00, 0x00, 0x00, 0x00, 0x00, 0x00, 0x00, 0x00, 0x00, 0x00, 0x00, 0x00, 0x00, 0x00, 0x00,
    0x00, 0x00, 0x00, 0x00, 0x00, 0x00, 0x00, 0x00, 0x00, 0x00, 0x00, 0x00, 0x00, 0x00, 0x00, 0x00,
    0x00, 0x00, 0x00, 0x00, 0x00, 0x00, 0x00, 0x00, 0x00, 0x00, 0x00, 0x00, 0x00, 0x00, 0x00, 0x00,
    0x00, 0x00, 0x00, 0x00, 0x00, 0x00, 0x00, 0x00, 0x00, 0x00, 0x00, 0x00, 0x00, 0x00, 0x00, 0x00,
    0x00, 0x00, 0x00, 0x00, 0x00, 0x00, 0x00, 0x00, 0x00, 0x00, 0x00, 0x00, 0x00, 0x00, 0x00, 0x00,
    0x00, 0x00, 0x00, 0x00, 0x00, 0x00, 0x00, 0x00, 0x00, 0x00, 0x00, 0x00, 0x00, 0x00, 0x00, 0x00,
    0x00, 0x00, 0x00, 0x00, 0x00, 0x00, 0x00, 0x00, 0x00, 0x00, 0x00, 0x00, 0x00, 0x00, 0x00, 0x00,
    0x00, 0x00, 0x00, 0x00, 0x00, 0x00, 0x00, 0x00, 0x00, 0x00, 0x00, 0x00, 0x00, 0x00, 0x00, 0x00,
    0x00, 0x00, 0x00, 0x00, 0x00, 0x00, 0x00, 0x00, 0x00, 0x00, 0x00, 0x00, 0x00, 0x00, 0x00, 0x00,
    0x00, 0x00, 0x00, 0x00, 0x00, 0x00, 0x00, 0x00, 0x00, 0x00, 0x00, 0x00, 0x00, 0x00, 0x00, 0x00,
    0x00, 0x00, 0x00, 0x00, 0x00, 0x00, 0x00, 0x00, 0x00, 0x00, 0x00, 0x00, 0x00, 0x00, 0x00, 0x00,
    0x00, 0x00, 0x00, 0x00, 0x00, 0x00, 0x00, 0x00, 0x00, 0x00, 0x00, 0x00, 0x00, 0x00, 0x00, 0x00,
    0x00, 0x00, 0x00, 0x00, 0x00, 0x00, 0x00, 0x00, 0x00, 0x00, 0x00, 0x00, 0x00, 0x00, 0x00, 0x00,
    0x00, 0x00, 0x00, 0x00, 0x00, 0x00, 0x00, 0x00, 0x00, 0x00, 0x00, 0x00, 0x00, 0x00, 0x00, 0x00,
    0x00, 0x00, 0x00, 0x00, 0x00, 0x00, 0x00, 0x00, 0x00, 0x00, 0x00, 0x00, 0x00, 0x00, 0x00, 0x00,
    0x00, 0x00, 0x00, 0x00, 0x00, 0x00, 0x00, 0x00, 0x00, 0x00, 0x00, 0x00, 0x00, 0x00, 0x00, 0x00,
    0x00, 0x00, 0x00, 0x00, 0x00, 0x00, 0x00, 0x00, 0x00, 0x00, 0x00, 0x00, 0x00, 0x00, 0x00, 0x00,
    0x00, 0x00, 0x00, 0x00, 0x00, 0x00, 0x00, 0x00, 0x00, 0x00, 0x00, 0x00, 0x00, 0x00, 0x00, 0x00,
    0x00, 0x00, 0x00, 0x00, 0x00, 0x00, 0x00, 0x00, 0x00, 0x00, 0x00, 0x00, 0x00, 0x00, 0x00, 0x00,
    0x00, 0x00, 0x00, 0x00, 0x00, 0x00, 0x00, 0x00, 0x00, 0x00, 0x00, 0x00, 0x00, 0x00, 0x00, 0x00,
    0x00, 0x00, 0x00, 0x00, 0x00, 0x00, 0x00, 0x00, 0x00, 0x00, 0x00, 0x00, 0x00, 0x00, 0x00, 0x00,
    0x00, 0x00, 0x00, 0x00, 0x00, 0x00, 0x00, 0x00, 0x00, 0x00, 0x00, 0x00, 0x00, 0x00, 0x00, 0x00,
    0x00, 0x00, 0x00, 0x00, 0x00, 0x00, 0x00, 0x00, 0x00, 0x00, 0x00, 0x00, 0x00, 0x00, 0x00, 0x00,
    0x00, 0x00, 0x00, 0x00, 0x00, 0x00, 0x00, 0x00, 0x00, 0x00, 0x00, 0x00, 0x00, 0x00, 0x00, 0x00,
    0x00, 0x00, 0x00, 0x00, 0x00, 0x00, 0x00, 0x00, 0x00, 0x00, 0x00, 0x00, 0x00, 0x00, 0x00, 0x00,
    0x00, 0x00, 0x00, 0x00, 0x00, 0x00, 0x00, 0x00, 0x00, 0x00, 0x00, 0x00, 0x00, 0x00, 0x00, 0x00,
    0x00, 0x00, 0x00, 0x00, 0x00, 0x00, 0x00, 0x00, 0x00, 0x00, 0x00, 0x00, 0x00, 0x00, 0x00, 0x00,
    0x00, 0x00, 0x00, 0x00, 0x00, 0x00, 0x00, 0x00, 0x00, 0x00, 0x00, 0x00, 0x00, 0x00, 0x00, 0x00,
    0x00, 0x00, 0x00, 0x00, 0x00, 0x00, 0x00, 0x00, 0x00, 0x00, 0x00, 0x00, 0x00, 0x00, 0x00, 0x00,
    0x00, 0x00, 0x00, 0x00, 0x00, 0x00, 0x00, 0x00, 0x00, 0x00, 0x00, 0x00, 0x00, 0x00, 0x00, 0x00,
    0x00, 0x00, 0x00, 0x00, 0x00, 0x00, 0x00, 0x00, 0x00, 0x00, 0x00, 0x00, 0x00, 0x00, 0x00, 0x00,
    0x00, 0x00, 0x00, 0x00, 0x00, 0x00, 0x00, 0x00, 0x00, 0x00, 0x00, 0x00, 0x00, 0x00, 0x00, 0x00,
    0x00, 0x00, 0x00, 0x00, 0x00, 0x00, 0x00, 0x00, 0x00, 0x00, 0x00, 0x00, 0x00, 0x00, 0x00, 0x00,
    0x00, 0x00, 0x00, 0x00, 0x00, 0x00, 0x00, 0x00, 0x00, 0x00, 0x00, 0x00, 0x00, 0x00, 0x00, 0x00,
    0x00, 0x00, 0x00, 0x00, 0x00, 0x00, 0x00, 0x00, 0x00, 0x00, 0x00, 0x00, 0x00, 0x00, 0x00, 0x00,
    0x00, 0x00, 0x00, 0x00, 0x00, 0x00, 0x00, 0x00, 0x00, 0x00, 0x00, 0x00, 0x00, 0x00, 0x00, 0x00,
    0x00, 0x00, 0x00, 0x00, 0x00, 0x00, 0x00, 0x00, 0x00, 0x00, 0x00, 0x00, 0x00, 0x00, 0x00, 0x00,
    0x20, 0x00, 0x00, 0x00, 0x00, 0x00, 0x00, 0x00, 0x00, 0x00, 0x00, 0x00, 0x00, 0x00, 0x00, 0x00,
    0x00, 0x00, 0x00, 0x00, 0x00, 0x00, 0x00, 0x00, 0x00, 0x00, 0x00, 0x00, 0x00, 0x00, 0x00, 0x00,
    0x00, 0x00, 0x00, 0x00, 0x00, 0x00, 0x00, 0x00, 0x00, 0x00, 0x00, 0x00, 0x00, 0x00, 0x00, 0x00,
    0x00, 0x00, 0x00, 0x00, 0x00, 0x00, 0x00, 0x00, 0x00, 0x00, 0x00, 0x00, 0x00, 0x00, 0x00, 0x00,
    0x00, 0x00, 0x00, 0x00, 0x00, 0x00, 0x00, 0x00, 0x00, 0x00, 0x00, 0x00, 0x00, 0x00, 0x00, 0x00,
    0x00, 0x00, 0x00, 0x00, 0x00, 0x00, 0x00, 0x00, 0x00, 0x00, 0x00, 0x00, 0x00, 0x00, 0x00, 0x00,
    0x00, 0x00, 0x00, 0x00, 0x00, 0x00, 0x00, 0x00, 0x00, 0x00, 0x00, 0x00, 0x00, 0x00, 0x00, 0x00,
    0x00, 0x00, 0x00, 0x00, 0x00, 0x00, 0x00, 0x00, 0x00, 0x00, 0x00, 0x00, 0x00, 0x00, 0x00, 0x00,
    0x00, 0x00, 0x00, 0x00, 0x00, 0x00, 0x00, 0x00, 0x00, 0x00, 0x00, 0x00, 0x00, 0x00, 0x00, 0x00,
    0x00, 0x00, 0x00, 0x00, 0x00, 0x00, 0x00, 0x00, 0x00, 0x00, 0x00, 0x00, 0x00, 0x00, 0x00, 0x00,
    0x00, 0x00, 0x00, 0x00, 0x00, 0x00, 0x00, 0x00, 0x00, 0x00, 0x00, 0x00, 0x00, 0x00, 0x00, 0x00,
    0x00, 0x00, 0x00, 0x00, 0x00, 0x00, 0x00, 0x00, 0x00, 0x00, 0x00, 0x00, 0x00, 0x00, 0x00, 0x00,
    0x00, 0x00, 0x00, 0x00, 0x00, 0x00, 0x00, 0x00, 0x00, 0x00, 0x00, 0x00, 0x00, 0x00, 0x00, 0x00,
    0x00, 0x00, 0x00, 0x00, 0x00, 0x00, 0x00, 0x00, 0x00, 0x00, 0x00, 0x00, 0x00, 0x00, 0x00, 0x00,
    0x00, 0x00, 0x00, 0x00, 0x00, 0x00, 0x00, 0x00, 0x00, 0x00, 0x00, 0x00, 0x00, 0x00, 0x00, 0x00,
    0x00, 0x00, 0x00, 0x00, 0x00, 0x00, 0x00, 0x00, 0x00, 0x00, 0x00, 0x00, 0x00, 0x00, 0x00, 0x00,
    0x00, 0x00, 0x00, 0x00, 0x00, 0x00, 0x00, 0x00, 0x00, 0x00, 0x00, 0x00, 0x00, 0x00, 0x00, 0x00,
    0x00, 0x00, 0x00, 0x00, 0x00, 0x00, 0x00, 0x00, 0x00, 0x00, 0x00, 0x00, 0x00, 0x00, 0x00, 0x00,
    0x00, 0x00, 0x00, 0x00, 0x00, 0x00, 0x00, 0x00, 0x00, 0x00, 0x00, 0x00, 0x00, 0x00, 0x00, 0x00,
    0x00, 0x00, 0x00, 0x00, 0x00, 0x00, 0x00, 0x00, 0x00, 0x00, 0x00, 0x00, 0x00, 0x00, 0x00, 0x00,
    0x00, 0x00, 0x00, 0x00, 0x00, 0x00, 0x00, 0x00, 0x00, 0x00, 0x00, 0x00, 0x00, 0x00, 0x00, 0x00,
    0x00, 0x00, 0x00, 0x00, 0x00, 0x00, 0x00, 0x00, 0x00, 0x00, 0x00, 0x00, 0x00, 0x00, 0x00, 0x00,
    0x00, 0x00, 0x00, 0x00, 0x00, 0x00, 0x00, 0x00, 0x00, 0x00, 0x00, 0x00, 0x00, 0x00, 0x00, 0x00,
    0x00, 0x00, 0x00, 0x00, 0x00, 0x00, 0x00, 0x00, 0x00, 0x00, 0x00, 0x00, 0x00, 0x00, 0x00, 0x00,
    0x00, 0x00, 0x00, 0x00, 0x00, 0x00, 0x00, 0x00, 0x00, 0x00, 0x00, 0x00, 0x00, 0x00, 0x00, 0x00,
    0x00, 0x00, 0x00, 0x00, 0x00, 0x00, 0x00, 0x00, 0x00, 0x00, 0x00, 0x00, 0x00, 0x00, 0x00, 0x00,
    0x00, 0x00, 0x00, 0x00, 0x00, 0x00, 0x00, 0x00, 0x00, 0x00, 0x00, 0x00, 0x00, 0x00, 0x00, 0x00,
    0x00, 0x00, 0x00, 0x00, 0x00, 0x00, 0x00, 0x00, 0x00, 0x00, 0x00, 0x00, 0x00, 0x00, 0x00, 0x00,
    0x00, 0x00, 0x00, 0x00, 0x00, 0x00, 0x00, 0x00, 0x00, 0x00, 0x00, 0x00, 0x00, 0x00, 0x00, 0x00,
    0x00, 0x00, 0x00, 0x00, 0x00, 0x00, 0x00, 0x00, 0x00, 0x00, 0x00, 0x00, 0x00, 0x00, 0x00, 0x00,
    0x00, 0x00, 0x00, 0x00, 0x00, 0x00, 0x00, 0x00, 0x00, 0x00, 0x00, 0x00, 0x00, 0x00, 0x00, 0x00,
    0x00, 0x00, 0x00, 0x00, 0x00, 0x00, 0x00, 0x00, 0x00, 0x00, 0x00, 0x00, 0x00, 0x00, 0x41, 0x08,
    0xa3, 0x10, 0x61, 0x08, 0x00, 0x00, 0x00, 0x00, 0x00, 0x00, 0x00, 0x00, 0x00, 0x00, 0x00, 0x00,
    0x00, 0x00, 0x00, 0x00, 0x00, 0x00, 0x00, 0x00, 0x00, 0x00, 0x00, 0x00, 0x00, 0x00, 0x00, 0x00,
    0x00, 0x00, 0x00, 0x00, 0x00, 0x00, 0x00, 0x00, 0x00, 0x00, 0x00, 0x00, 0x00, 0x00, 0x00, 0x00,
    0x00, 0x00, 0x00, 0x00, 0x00, 0x00, 0x00, 0x00, 0x00, 0x00, 0x00, 0x00, 0x82, 0x10, 0x45, 0x29,
    0xc8, 0x39, 0x46, 0x29, 0x82, 0x10, 0x00, 0x00, 0x00, 0x00, 0x00, 0x00, 0x00, 0x00, 0x00, 0x00,
    0x00, 0x00, 0x00, 0x00, 0x00, 0x00, 0x00, 0x00, 0x00, 0x00, 0x00, 0x00, 0x00, 0x00, 0x00, 0x00,
    0x00, 0x00, 0x00, 0x00, 0x00, 0x00, 0x00, 0x00, 0x00, 0x00, 0x00, 0x00, 0x00, 0x00, 0x00, 0x00,
    0x00, 0x00, 0x00, 0x00, 0x00, 0x00, 0x00, 0x00, 0x00, 0x00, 0x00, 0x00, 0x66, 0x29, 0x0d, 0x63,
    0xd0, 0x7b, 0x0d, 0x63, 0x66, 0x29, 0x00, 0x00, 0x00, 0x00, 0x00, 0x00, 0x00, 0x00, 0x00, 0x00,
    0x00, 0x00, 0x00, 0x00, 0x00, 0x00, 0x00, 0x00, 0x00, 0x00, 0x00, 0x00, 0x00, 0x00, 0x00, 0x00,
    0x00, 0x00, 0x00, 0x00, 0x00, 0x00, 0x00, 0x00, 0x00, 0x00, 0x00, 0x00, 0x00, 0x00, 0x00, 0x00,
    0x00, 0x00, 0x00, 0x00, 0x00, 0x00, 0x00, 0x00, 0x00, 0x00, 0xe3, 0x18, 0xed, 0x5a, 0xf5, 0x9c,
    0x97, 0xb5, 0xf5, 0x9c, 0xed, 0x5a, 0xc3, 0x18, 0x00, 0x00, 0x00, 0x00, 0x00, 0x00, 0x00, 0x00,
    0x00, 0x00, 0x00, 0x00, 0x00, 0x00, 0x00, 0x00, 0x00, 0x00, 0x00, 0x00, 0x00, 0x00, 0x00, 0x00,
    0x00, 0x00, 0x00, 0x00, 0x00, 0x00, 0x00, 0x00, 0x00, 0x00, 0x00, 0x00, 0x00, 0x00, 0x00, 0x00,
    0x00, 0x00, 0x00, 0x00, 0x00, 0x00, 0x00, 0x00, 0x00, 0x00, 0xa7, 0x31, 0xb4, 0x94, 0xf9, 0xbd,
    0x5a, 0xce, 0x1a, 0xc6, 0xb4, 0x94, 0x87, 0x31, 0x00, 0x00, 0x00, 0x00, 0x00, 0x00, 0x00, 0x00,
    0x00, 0x00, 0x00, 0x00, 0x00, 0x00, 0x00, 0x00, 0x00, 0x00, 0x00, 0x00, 0x00, 0x00, 0x00, 0x00,
    0x00, 0x00, 0x00, 0x00, 0x00, 0x00, 0x00, 0x00, 0x00, 0x00, 0x00, 0x00, 0x00, 0x00, 0x00, 0x00,
    0x00, 0x00, 0x00, 0x00, 0x00, 0x00, 0x00, 0x00, 0x41, 0x08, 0xed, 0x5a, 0xd8, 0xbd, 0x3a, 0xc6,
    0x5b, 0xce, 0x5a, 0xce, 0xd8, 0xbd, 0xec, 0x5a, 0x41, 0x08, 0x00, 0x00, 0x00, 0x00, 0x00, 0x00,
    0x00, 0x00, 0x00, 0x00, 0x00, 0x00, 0x00, 0x00, 0x00, 0x00, 0x00, 0x00, 0x00, 0x00, 0x00, 0x00,
    0x00, 0x00, 0x00, 0x00, 0x00, 0x00, 0x00, 0x00, 0x00, 0x00, 0x00, 0x00, 0x00, 0x00, 0x00, 0x00,
    0x00, 0x00, 0x00, 0x00, 0x00, 0x00, 0x00, 0x00, 0xe3, 0x18, 0x52, 0x8c, 0x3a, 0xc6, 0x3a, 0xc6,
    0x5b, 0xce, 0x5a, 0xce, 0x3a, 0xc6, 0x32, 0x84, 0xe3, 0x18, 0x00, 0x00, 0x00, 0x00, 0x00, 0x00,
    0x00, 0x00, 0x00, 0x00, 0x00, 0x00, 0x00, 0x00, 0x00, 0x00, 0x00, 0x00, 0x00, 0x00, 0x00, 0x00,
    0x00, 0x00, 0x00, 0x00, 0x00, 0x00, 0x00, 0x00, 0x00, 0x00, 0x00, 0x00, 0x00, 0x00, 0x00, 0x00,
    0x00, 0x00, 0x00, 0x00, 0x00, 0x00, 0x00, 0x00, 0xa7, 0x31, 0x56, 0xad, 0x3a, 0xc6, 0x3a, 0xc6,
    0x5b, 0xce, 0x5a, 0xce, 0x3a, 0xc6, 0x36, 0xa5, 0xa7, 0x31, 0x00, 0x00, 0x00, 0x00, 0x00, 0x00,
    0x00, 0x00, 0x00, 0x00, 0x00, 0x00, 0x00, 0x00, 0x00, 0x00, 0x00, 0x00, 0x00, 0x00, 0x00, 0x00,
    0x00, 0x00, 0x00, 0x00, 0x00, 0x00, 0x00, 0x00, 0x00, 0x00, 0x00, 0x00, 0x00, 0x00, 0x00, 0x00,
    0x00, 0x00, 0x00, 0x00, 0x00, 0x00, 0x00, 0x00, 0xab, 0x52, 0xf9, 0xbd, 0x3a, 0xc6, 0x3a, 0xc6,
    0x5b, 0xce, 0x5a, 0xce, 0x3a, 0xc6, 0xd9, 0xbd, 0xab, 0x52, 0x00, 0x00, 0x00, 0x00, 0x00, 0x00,
    0x00, 0x00, 0x00, 0x00, 0x00, 0x00, 0x00, 0x00, 0x00, 0x00, 0x00, 0x00, 0x00, 0x00, 0x00, 0x00,
    0x00, 0x00, 0x00, 0x00, 0x00, 0x00, 0x00, 0x00, 0x00, 0x00, 0x00, 0x00, 0x00, 0x00, 0x00, 0x00,
    0x00, 0x00, 0x00, 0x00, 0x00, 0x00, 0x61, 0x08, 0x6e, 0x6b, 0x1a, 0xc6, 0x3a, 0xc6, 0x3a, 0xc6,
    0x5b, 0xce, 0x5a, 0xce, 0x3a, 0xc6, 0x1a, 0xc6, 0x6e, 0x6b, 0x62, 0x08, 0x00, 0x00, 0x00, 0x00,
    0x00, 0x00, 0x00, 0x00, 0x00, 0x00, 0x00, 0x00, 0x00, 0x00, 0x00, 0x00, 0x00, 0x00, 0x00, 0x00,
    0x00, 0x00, 0x00, 0x00, 0x00, 0x00, 0x00, 0x00, 0x00, 0x00, 0x00, 0x00, 0x00, 0x00, 0x00, 0x00,
    0x00, 0x00, 0x00, 0x00, 0x00, 0x00, 0xc3, 0x18, 0xd0, 0x7b, 0x3a, 0xc6, 0x3a, 0xc6, 0x3a, 0xc6,
    0x5b, 0xce, 0x5a, 0xce, 0x3a, 0xc6, 0x3a, 0xc6, 0xd0, 0x7b, 0xe3, 0x18, 0x00, 0x00, 0x00, 0x00,
    0x00, 0x00, 0x00, 0x00, 0x00, 0x00, 0x00, 0x00, 0x00, 0x00, 0x00, 0x00, 0x00, 0x00, 0x00, 0x00,
    0x00, 0x00, 0x00, 0x00, 0x00, 0x00, 0x00, 0x00, 0x00, 0x00, 0x00, 0x00, 0x00, 0x00, 0x00, 0x00,
    0x00, 0x00, 0x00, 0x00, 0x00, 0x00, 0xc3, 0x18, 0xf1, 0x7b, 0x3a, 0xc6, 0x3a, 0xc6, 0x3a, 0xc6,
    0x5b, 0xce, 0x5a, 0xce, 0x3a, 0xc6, 0x1a, 0xc6, 0xf1, 0x7b, 0xc3, 0x18, 0x00, 0x00, 0x00, 0x00,
    0x00, 0x00, 0x00, 0x00, 0x00, 0x00, 0x00, 0x00, 0x00, 0x00, 0x00, 0x00, 0x00, 0x00, 0x00, 0x00,
    0xa4, 0x10, 0xa4, 0x08, 0xa4, 0x08, 0xa4, 0x08, 0xa4, 0x10, 0xa4, 0x08, 0xa4, 0x08, 0xa4, 0x08,
    0xa4, 0x10, 0xa4, 0x08, 0xa4, 0x08, 0x46, 0x19, 0xf1, 0x7b, 0x1a, 0xc6, 0x3a, 0xc6, 0x3a, 0xc6,
    0x5b, 0xce, 0x5a, 0xce, 0x3a, 0xc6, 0xf9, 0xbd, 0xf1, 0x7b, 0x46, 0x21, 0xa4, 0x08, 0xa4, 0x08,
    0xa4, 0x10, 0xa4, 0x08, 0xa4, 0x08, 0xa4, 0x08, 0xa4, 0x10, 0xa4, 0x08, 0xa4, 0x08, 0xa4, 0x08,
    0xa4, 0x10, 0xa4, 0x08, 0xa4, 0x08, 0xa4, 0x08, 0xa4, 0x10, 0xa4, 0x08, 0xa4, 0x08, 0xa4, 0x08,
    0xa4, 0x10, 0xa4, 0x08, 0xa4, 0x08, 0x26, 0x19, 0x4f, 0x6b, 0xb8, 0xb5, 0x3a, 0xc6, 0x3a, 0xc6,
    0x5b, 0xce, 0x5a, 0xce, 0x3a, 0xc6, 0x98, 0xb5, 0x4f, 0x6b, 0x46, 0x19, 0xa4, 0x08, 0xa4, 0x08,
    0xa4, 0x10, 0xa4, 0x08, 0xa4, 0x08, 0xa4, 0x08, 0xa4, 0x10, 0xa4, 0x08, 0xa4, 0x08, 0xa4, 0x08,
    0x00, 0x00, 0x00, 0x00, 0x00, 0x00, 0x00, 0x00, 0x00, 0x00, 0x00, 0x00, 0x00, 0x00, 0x00, 0x00,
    0x00, 0x00, 0x00, 0x00, 0x00, 0x00, 0x20, 0x00, 0x09, 0x42, 0x94, 0x94, 0x19, 0xc6, 0x3a, 0xc6,
    0x5b, 0xce, 0x5a, 0xce, 0x19, 0xc6, 0x93, 0x94, 0x09, 0x42, 0x41, 0x08, 0x00, 0x00, 0x00, 0x00,
    0x00, 0x00, 0x00, 0x00, 0x00, 0x00, 0x00, 0x00, 0x00, 0x00, 0x00, 0x00, 0x00, 0x00, 0x00, 0x00,
    0x00, 0x00, 0x00, 0x00, 0x00, 0x00, 0x00, 0x00, 0x00, 0x00, 0x00, 0x00, 0x00, 0x00, 0x00, 0x00,
    0x00, 0x00, 0x00, 0x00, 0x00, 0x00, 0x00, 0x00, 0x04, 0x21, 0x2d, 0x63, 0x15, 0xa5, 0xd9, 0xbd,
    0x1a, 0xc6, 0xf9, 0xbd, 0x15, 0xa5, 0x0d, 0x63, 0x04, 0x21, 0x00, 0x00, 0x00, 0x00, 0x00, 0x00,
    0x00, 0x00, 0x00, 0x00, 0x00, 0x00, 0x00, 0x00, 0x00, 0x00, 0x00, 0x00, 0x00, 0x00, 0x00, 0x00,
    0x00, 0x00, 0x00, 0x00, 0x00, 0x00, 0x00, 0x00, 0x00, 0x00, 0x00, 0x00, 0x00, 0x00, 0x00, 0x00,
    0x00, 0x00, 0x00, 0x00, 0x00, 0x00, 0x00, 0x00, 0x41, 0x08, 0xa7, 0x31, 0x4e, 0x6b, 0x73, 0x8c,
    0xd5, 0x9c, 0x73, 0x8c, 0x4e, 0x6b, 0x86, 0x31, 0x41, 0x08, 0x00, 0x00, 0x00, 0x00, 0x00, 0x00,
    0x00, 0x00, 0x00, 0x00, 0x00, 0x00, 0x00, 0x00, 0x00, 0x00, 0x00, 0x00, 0x00, 0x00, 0x00, 0x00,
    0x00, 0x00, 0x00, 0x00, 0x00, 0x00, 0x00, 0x00, 0x00, 0x00, 0x00, 0x00, 0x00, 0x00, 0x00, 0x00,
    0x00, 0x00, 0x00, 0x00, 0x00, 0x00, 0x00, 0x00, 0x00, 0x00, 0x82, 0x10, 0x86, 0x31, 0x6a, 0x4a,
    0xec, 0x5a, 0x8b, 0x52, 0x86, 0x31, 0x82, 0x10, 0x00, 0x00, 0x00, 0x00, 0x00, 0x00, 0x00, 0x00,
    0x00, 0x00, 0x00, 0x00, 0x00, 0x00, 0x00, 0x00, 0x00, 0x00, 0x00, 0x00, 0x00, 0x00, 0x00, 0x00,
    0x00, 0x00, 0x00, 0x00, 0x00, 0x00, 0x00, 0x00, 0x00, 0x00, 0x00, 0x00, 0x00, 0x00, 0x00, 0x00,
    0x00, 0x00, 0x00, 0x00, 0x00, 0x00, 0x00, 0x00, 0x00, 0x00, 0x00, 0x00, 0x62, 0x08, 0xe3, 0x18,
    0x25, 0x21, 0xe4, 0x18, 0x62, 0x08, 0x00, 0x00, 0x00, 0x00, 0x00, 0x00, 0x00, 0x00, 0x00, 0x00,
    0x00, 0x00, 0x00, 0x00, 0x00, 0x00, 0x00, 0x00, 0x00, 0x00, 0x00, 0x00, 0x00, 0x00, 0x00, 0x00,
    0x22, 0x21, 0x21, 0x21, 0x21, 0x21, 0x21, 0x21, 0x22, 0x21, 0x21, 0x21, 0x21, 0x21, 0x21, 0x21,
    0x22, 0x21, 0x21, 0x21, 0x21, 0x21, 0x21, 0x21, 0x22, 0x21, 0x21, 0x21, 0x21, 0x21, 0x21, 0x21,
    0x63, 0x29, 0x21, 0x21, 0x21, 0x21, 0x21, 0x21, 0x22, 0x21, 0x21, 0x21, 0x21, 0x21, 0x21, 0x21,
    0x22, 0x21, 0x21, 0x21, 0x21, 0x21, 0x21, 0x21, 0x22, 0x21, 0x21, 0x21, 0x21, 0x21, 0x21, 0x21,
    0x22, 0x21, 0x21, 0x21, 0x21, 0x21, 0x21, 0x21, 0x22, 0x21, 0x21, 0x21, 0x21, 0x21, 0x21, 0x21,
    0x22, 0x21, 0x21, 0x21, 0x21, 0x21, 0x21, 0x21, 0x22, 0x21, 0x21, 0x21, 0x21, 0x21, 0x21, 0x21,
    0x22, 0x21, 0x21, 0x21, 0x21, 0x21, 0x21, 0x21, 0x22, 0x21, 0x21, 0x21, 0x21, 0x21, 0x21, 0x21,
    0x22, 0x21, 0x21, 0x21, 0x21, 0x21, 0x21, 0x21, 0x22, 0x21, 0x21, 0x21, 0x21, 0x21, 0x21, 0x21,
    0x22, 0x21, 0x21, 0x21, 0x21, 0x21, 0x21, 0x21, 0x22, 0x21, 0x21, 0x21, 0x21, 0x21, 0x21, 0x21,
    0x22, 0x21, 0x21, 0x21, 0x21, 0x21, 0x21, 0x21, 0x22, 0x21, 0x21, 0x21, 0x21, 0x21, 0x21, 0x21,
    0x22, 0x21, 0x21, 0x21, 0x21, 0x21, 0x21, 0x21, 0x22, 0x21, 0x21, 0x21, 0x21, 0x21, 0x21, 0x21,
    0x22, 0x21, 0x21, 0x21, 0x21, 0x21, 0x21, 0x21, 0x22, 0x21, 0x21, 0x21, 0x21, 0x21, 0x21, 0x21,
    0x22, 0x21, 0x21, 0x21, 0x21, 0x21, 0x21, 0x21, 0x22, 0x21, 0x21, 0x21, 0x21, 0x21, 0x21, 0x21,
    0x22, 0x21, 0x21, 0x21, 0x21, 0x21, 0x21, 0x21, 0x22, 0x21, 0x21, 0x21, 0x21, 0x21, 0x21, 0x21,
    0x22, 0x21, 0x21, 0x21, 0x21, 0x21, 0x21, 0x21, 0x22, 0x21, 0x21, 0x21, 0x21, 0x21, 0x21, 0x21,
    0x22, 0x21, 0x21, 0x21, 0x21, 0x21, 0x21, 0x21, 0x22, 0x21, 0x21, 0x21, 0x21, 0x21, 0x21, 0x21,
    0x00, 0x00, 0x00, 0x00, 0x00, 0x00, 0x00, 0x00, 0x00, 0x00, 0x00, 0x00, 0x00, 0x00, 0x00, 0x00,
    0x00, 0x00, 0x00, 0x00, 0x00, 0x00, 0x00, 0x00, 0x00, 0x00, 0x00, 0x00, 0x00, 0x00, 0x00, 0x00,
    0x00, 0x00, 0x00, 0x00, 0x00, 0x00, 0x00, 0x00, 0x00, 0x00, 0x00, 0x00, 0x00, 0x00, 0x00, 0x00,
    0x00, 0x00, 0x00, 0x00, 0x00, 0x00, 0x00, 0x00, 0x00, 0x00, 0x00, 0x00, 0x00, 0x00, 0x00, 0x00,
    0x00, 0x00, 0x00, 0x00, 0x00, 0x00, 0x00, 0x00, 0x00, 0x00, 0x00, 0x00, 0x00, 0x00, 0x00, 0x00,
    0x00, 0x00, 0x00, 0x00, 0x00, 0x00, 0x00, 0x00, 0x00, 0x00, 0x00, 0x00, 0x00, 0x00, 0x00, 0x00,
    0x00, 0x00, 0x00, 0x00, 0x00, 0x00, 0x00, 0x00, 0x00, 0x00, 0x00, 0x00, 0x00, 0x00, 0x00, 0x00,
    0x00, 0x00, 0x00, 0x00, 0x00, 0x00, 0x00, 0x00, 0x00, 0x00, 0x00, 0x00, 0x00, 0x00, 0x00, 0x00,
    0x00, 0x00, 0x00, 0x00, 0x00, 0x00, 0x00, 0x00, 0x00, 0x00, 0x00, 0x00, 0x00, 0x00, 0x00, 0x00,
    0x00, 0x00, 0x00, 0x00, 0x00, 0x00, 0x00, 0x00, 0x00, 0x00, 0x00, 0x00, 0x00, 0x00, 0x00, 0x00,
    0x00, 0x00, 0x00, 0x00, 0x00, 0x00, 0x00, 0x00, 0x00, 0x00, 0x00, 0x00, 0x00, 0x00, 0x00, 0x00,
    0x00, 0x00, 0x00, 0x00, 0x00, 0x00, 0x00, 0x00, 0x00, 0x00, 0x00, 0x00, 0x00, 0x00, 0x00, 0x00,
    0x00, 0x00, 0x00, 0x00, 0x00, 0x00, 0x00, 0x00, 0x00, 0x00, 0x00, 0x00, 0x00, 0x00, 0x00, 0x00,
    0x00, 0x00, 0x00, 0x00, 0x00, 0x00, 0x00, 0x00, 0x00, 0x00, 0x00, 0x00, 0x00, 0x00, 0x00, 0x00,
    0x00, 0x00, 0x00, 0x00, 0x00, 0x00, 0x00, 0x00, 0x00, 0x00, 0x00, 0x00, 0x00, 0x00, 0x00, 0x00,
    0x00, 0x00, 0x00, 0x00, 0x00, 0x00, 0x00, 0x00, 0x00, 0x00, 0x00, 0x00, 0x00, 0x00, 0x00, 0x00,
    0x00, 0x00, 0x00, 0x00, 0x00, 0x00, 0x00, 0x00, 0x00, 0x00, 0x00, 0x00, 0x00, 0x00, 0x00, 0x00,
    0x00, 0x00, 0x00, 0x00, 0x00, 0x00, 0x00, 0x00, 0x00, 0x00, 0x00, 0x00, 0x00, 0x00, 0x00, 0x00,
    0x61, 0x08, 0x20, 0x00, 0x00, 0x00, 0x00, 0x00, 0x00, 0x00, 0x00, 0x00, 0x00, 0x00, 0x00, 0x00,
    0x00, 0x00, 0x00, 0x00, 0x00, 0x00, 0x00, 0x00, 0x00, 0x00, 0x00, 0x00, 0x00, 0x00, 0x00, 0x00,
    0x00, 0x00, 0x00, 0x00, 0x00, 0x00, 0x00, 0x00, 0x00, 0x00, 0x00, 0x00, 0x00, 0x00, 0x00, 0x00,
    0x00, 0x00, 0x00, 0x00, 0x00, 0x00, 0x00, 0x00, 0x00, 0x00, 0x00, 0x00, 0x41, 0x08, 0xe4, 0x18,
    0x66, 0x29, 0x04, 0x21, 0x41, 0x08, 0x00, 0x00, 0x00, 0x00, 0x00, 0x00, 0x00, 0x00, 0x00, 0x00,
    0x00, 0x00, 0x00, 0x00, 0x00, 0x00, 0x00, 0x00, 0x00, 0x00, 0x00, 0x00, 0x00, 0x00, 0x00, 0x00,
    0x00, 0x00, 0x00, 0x00, 0x00, 0x00, 0x00, 0x00, 0x00, 0x00, 0x00, 0x00, 0x00, 0x00, 0x00, 0x00,
    0x00, 0x00, 0x00, 0x00, 0x00, 0x00, 0x00, 0x00, 0x00, 0x00, 0x00, 0x00, 0x25, 0x21, 0x8b, 0x52,
    0x2e, 0x63, 0x8b, 0x52, 0x25, 0x21, 0x00, 0x00, 0x00, 0x00, 0x00, 0x00, 0x00, 0x00, 0x00, 0x00,
    0x00, 0x00, 0x00, 0x00, 0x00, 0x00, 0x00, 0x00, 0x00, 0x00, 0x00, 0x00, 0x00, 0x00, 0x00, 0x00,
    0x00, 0x00, 0x00, 0x00, 0x00, 0x00, 0x00, 0x00, 0x00, 0x00, 0x00, 0x00, 0x00, 0x00, 0x00, 0x00,
    0x00, 0x00, 0x00, 0x00, 0x00, 0x00, 0x00, 0x00, 0x00, 0x00, 0xc3, 0x18, 0xec, 0x5a, 0x93, 0x94,
    0x16, 0xa5, 0x93, 0x94, 0xec, 0x5a, 0xc3, 0x18, 0x00, 0x00, 0x00, 0x00, 0x00, 0x00, 0x00, 0x00,
    0x00, 0x00, 0x00, 0x00, 0x00, 0x00, 0x00, 0x00, 0x00, 0x00, 0x00, 0x00, 0x00, 0x00, 0x00, 0x00,
    0x00, 0x00, 0x00, 0x00, 0x00, 0x00, 0x00, 0x00, 0x00, 0x00, 0x00, 0x00, 0x00, 0x00, 0x00, 0x00,
    0x00, 0x00, 0x00, 0x00, 0x00, 0x00, 0x00, 0x00, 0x41, 0x08, 0x29, 0x42, 0xb4, 0x94, 0xf9, 0xbd,
    0x3a, 0xc6, 0xf9, 0xbd, 0xb4, 0x94, 0x29, 0x42, 0x41, 0x08, 0x00, 0x00, 0x00, 0x00, 0x00, 0x00,
    0x00, 0x00, 0x00, 0x00, 0x00, 0x00, 0x00, 0x00, 0x00, 0x00, 0x00, 0x00, 0x00, 0x00, 0x00, 0x00,
    0x00, 0x00, 0x00, 0x00, 0x00, 0x00, 0x00, 0x00, 0x00, 0x00, 0x00, 0x00, 0x00, 0x00, 0x00, 0x00,
    0x00, 0x00, 0x00, 0x00, 0x00, 0x00, 0x00, 0x00, 0x04, 0x21, 0xf0, 0x7b, 0xf9, 0xbd, 0x3a, 0xc6,
    0x5b, 0xce, 0x5a, 0xce, 0xf9, 0xbd, 0xd0, 0x7b, 0x04, 0x21, 0x00, 0x00, 0x00, 0x00, 0x00, 0x00,
    0x00, 0x00, 0x00, 0x00, 0x00, 0x00, 0x00, 0x00, 0x00, 0x00, 0x00, 0x00, 0x00, 0x00, 0x00, 0x00,
    0x00, 0x00, 0x00, 0x00, 0x00, 0x00, 0x00, 0x00, 0x00, 0x00, 0x00, 0x00, 0x00, 0x00, 0x00, 0x00,
    0x00, 0x00, 0x00, 0x00, 0x00, 0x00, 0x00, 0x00, 0x49, 0x4a, 0x56, 0xad, 0x3a, 0xc6, 0x3a, 0xc6,
    0x5b, 0xce, 0x5a, 0xce, 0x3a, 0xc6, 0x36, 0xa5, 0x49, 0x4a, 0x20, 0x00, 0x00, 0x00, 0x00, 0x00,
    0x00, 0x00, 0x00, 0x00, 0x00, 0x00, 0x00, 0x00, 0x00, 0x00, 0x00, 0x00, 0x00, 0x00, 0x00, 0x00,
    0x00, 0x00, 0x00, 0x00, 0x00, 0x00, 0x00, 0x00, 0x00, 0x00, 0x00, 0x00, 0x00, 0x00, 0x00, 0x00,
    0x00, 0x00, 0x00, 0x00, 0x00, 0x00, 0xa3, 0x10, 0x6f, 0x6b, 0xf9, 0xbd, 0x3a, 0xc6, 0x3a, 0xc6,
    0x5b, 0xce, 0x5a, 0xce, 0x3a, 0xc6, 0xf9, 0xbd, 0x6f, 0x6b, 0xc3, 0x18, 0x00, 0x00, 0x00, 0x00,
    0x00, 0x00, 0x00, 0x00, 0x00, 0x00, 0x00, 0x00, 0x00, 0x00, 0x00, 0x00, 0x00, 0x00, 0x00, 0x00,
    0x00, 0x00, 0x00, 0x00, 0x00, 0x00, 0x00, 0x00, 0x00, 0x00, 0x00, 0x00, 0x00, 0x00, 0x00, 0x00,
    0x00, 0x00, 0x00, 0x00, 0x00, 0x00, 0x04, 0x21, 0x52, 0x8c, 0x3a, 0xc6, 0x3a, 0xc6, 0x3a, 0xc6,
    0x5b, 0xce, 0x5a, 0xce, 0x3a, 0xc6, 0x3a, 0xc6, 0x52, 0x8c, 0x25, 0x21, 0x00, 0x00, 0x00, 0x00,
    0x00, 0x00, 0x00, 0x00, 0x00, 0x00, 0x00, 0x00, 0x00, 0x00, 0x00, 0x00, 0x00, 0x00, 0x00, 0x00,
    0x00, 0x00, 0x00, 0x00, 0x00, 0x00, 0x00, 0x00, 0x00, 0x00, 0x00, 0x00, 0x00, 0x00, 0x00, 0x00,
    0x00, 0x00, 0x00, 0x00, 0x00, 0x00, 0x86, 0x31, 0xd4, 0x9c, 0x5a, 0xce, 0x3a, 0xc6, 0x3a, 0xc6,
    0x5b, 0xce, 0x5a, 0xce, 0x3a, 0xc6, 0x3a, 0xc6, 0xd4, 0x9c, 0x87, 0x31, 0x00, 0x00, 0x00, 0x00,
    0x00, 0x00, 0x00, 0x00, 0x00, 0x00, 0x00, 0x00, 0x00, 0x00, 0x00, 0x00, 0x00, 0x00, 0x00, 0x00,
    0x00, 0x00, 0x00, 0x00, 0x00, 0x00, 0x00, 0x00, 0x00, 0x00, 0x00, 0x00, 0x00, 0x00, 0x00, 0x00,
    0x00, 0x00, 0x00, 0x00, 0x00, 0x00, 0xa7, 0x31, 0xf5, 0x9c, 0x5a, 0xce, 0x3a, 0xc6, 0x3a, 0xc6,
    0x5b, 0xce, 0x5a, 0xce, 0x3a, 0xc6, 0x3a, 0xc6, 0xf5, 0x9c, 0xa7, 0x31, 0x00, 0x00, 0x00, 0x00,
    0x00, 0x00, 0x00, 0x00, 0x00, 0x00, 0x00, 0x00, 0x00, 0x00, 0x00, 0x00, 0x00, 0x00, 0x00, 0x00,
    0x00, 0x00, 0x00, 0x00, 0x00, 0x00, 0x00, 0x00, 0x00, 0x00, 0x00, 0x00, 0x00, 0x00, 0x00, 0x00,
    0x00, 0x00, 0x00, 0x00, 0x00, 0x00, 0x86, 0x31, 0xd4, 0x9c, 0x3a, 0xc6, 0x3a, 0xc6, 0x3a, 0xc6,
    0x5b, 0xce, 0x5a, 0xce, 0x3a, 0xc6, 0x3a, 0xc6, 0xd4, 0x9c, 0x87, 0x31, 0x00, 0x00, 0x00, 0x00,
    0x00, 0x00, 0x00, 0x00, 0x00, 0x00, 0x00, 0x00, 0x00, 0x00, 0x00, 0x00, 0x00, 0x00, 0x00, 0x00,
    0x00, 0x00, 0x00, 0x00, 0x00, 0x00, 0x00, 0x00, 0x00, 0x00, 0x00, 0x00, 0x00, 0x00, 0x00, 0x00,
    0x00, 0x00, 0x00, 0x00, 0x00, 0x00, 0x04, 0x21, 0x32, 0x84, 0x3a, 0xc6, 0x3a, 0xc6, 0x3a, 0xc6,
    0x5b, 0xce, 0x5a, 0xce, 0x3a, 0xc6, 0x1a, 0xc6, 0x32, 0x84, 0x25, 0x21, 0x00, 0x00, 0x00, 0x00,
    0x00, 0x00, 0x00, 0x00, 0x00, 0x00, 0x00, 0x00, 0x00, 0x00, 0x00, 0x00, 0x00, 0x00, 0x00, 0x00,
    0x00, 0x00, 0x00, 0x00, 0x00, 0x00, 0x00, 0x00, 0x00, 0x00, 0x00, 0x00, 0x00, 0x00, 0x00, 0x00,
    0x00, 0x00, 0x00, 0x00, 0x00, 0x00, 0xa3, 0x10, 0x2d, 0x63, 0xb8, 0xb5, 0x3a, 0xc6, 0x3a, 0xc6,
    0x5b, 0xce, 0x5a, 0xce, 0x3a, 0xc6, 0xb8, 0xb5, 0x2d, 0x63, 0xc3, 0x18, 0x00, 0x00, 0x00, 0x00,
    0x00, 0x00, 0x00, 0x00, 0x00, 0x00, 0x00, 0x00, 0x00, 0x00, 0x00, 0x00, 0x00, 0x00, 0x00, 0x00,
    0x00, 0x00, 0x00, 0x00, 0x00, 0x00, 0x00, 0x00, 0x00, 0x00, 0x00, 0x00, 0x00, 0x00, 0x00, 0x00,
    0x00, 0x00, 0x00, 0x00, 0x00, 0x00, 0x00, 0x00, 0xe8, 0x39, 0xb4, 0x94, 0x1a, 0xc6, 0x3a, 0xc6,
    0x5b, 0xce, 0x5a, 0xce, 0x1a, 0xc6, 0x93, 0x94, 0xe8, 0x39, 0x00, 0x00, 0x00, 0x00, 0x00, 0x00,
    0x00, 0x00, 0x00, 0x00, 0x00, 0x00, 0x00, 0x00, 0x00, 0x00, 0x00, 0x00, 0x00, 0x00, 0x00, 0x00,
    0x00, 0x00, 0x00, 0x00, 0x00, 0x00, 0x00, 0x00, 0x00, 0x00, 0x00, 0x00, 0x00, 0x00, 0x00, 0x00,
    0x00, 0x00, 0x00, 0x00, 0x00, 0x00, 0x00, 0x00, 0xc3, 0x18, 0x0d, 0x63, 0x36, 0xa5, 0xf9, 0xbd,
    0x3a, 0xc6, 0x1a, 0xc6, 0x36, 0xa5, 0x0d, 0x63, 0xc3, 0x18, 0x00, 0x00, 0x00, 0x00, 0x00, 0x00,
    0x00, 0x00, 0x00, 0x00, 0x00, 0x00, 0x00, 0x00, 0x00, 0x00, 0x00, 0x00, 0x00, 0x00, 0x00, 0x00,
    0x00, 0x00, 0x00, 0x00, 0x00, 0x00, 0x00, 0x00, 0x00, 0x00, 0x00, 0x00, 0x00, 0x00, 0x00, 0x00,
    0x00, 0x00, 0x00, 0x00, 0x00, 0x00, 0x00, 0x00, 0x00, 0x00, 0x66, 0x29, 0x6e, 0x6b, 0xd4, 0x9c,
    0x56, 0xad, 0xd5, 0x9c, 0x6e, 0x6b, 0x46, 0x29, 0x00, 0x00, 0x00, 0x00, 0x00, 0x00, 0x00, 0x00,
    0x00, 0x00, 0x00, 0x00, 0x00, 0x00, 0x00, 0x00, 0x00, 0x00, 0x00, 0x00, 0x00, 0x00, 0x00, 0x00,
    0x00, 0x00, 0x00, 0x00, 0x00, 0x00, 0x00, 0x00, 0x00, 0x00, 0x00, 0x00, 0x00, 0x00, 0x00, 0x00,
    0x00, 0x00, 0x00, 0x00, 0x00, 0x00, 0x00, 0x00, 0x00, 0x00, 0x61, 0x08, 0x87, 0x31, 0xcc, 0x5a,
    0x6f, 0x6b, 0xec, 0x5a, 0x87, 0x31, 0x41, 0x08, 0x00, 0x00, 0x00, 0x00, 0x00, 0x00, 0x00, 0x00,
    0x00, 0x00, 0x00, 0x00, 0x00, 0x00, 0x00, 0x00, 0x00, 0x00, 0x00, 0x00, 0x00, 0x00, 0x00, 0x00,
    0x00, 0x00, 0x00, 0x00, 0x00, 0x00, 0x00, 0x00, 0x00, 0x00, 0x00, 0x00, 0x00, 0x00, 0x00, 0x00,
    0x00, 0x00, 0x00, 0x00, 0x00, 0x00, 0x00, 0x00, 0x00, 0x00, 0x00, 0x00, 0x82, 0x10, 0x25, 0x21,
    0x87, 0x31, 0x25, 0x21, 0x82, 0x10, 0x00, 0x00, 0x00, 0x00, 0x00, 0x00, 0x00, 0x00, 0x00, 0x00,
    0x00, 0x00, 0x00, 0x00, 0x00, 0x00, 0x00, 0x00, 0x00, 0x00, 0x00, 0x00, 0x00, 0x00, 0x00, 0x00,
    0x00, 0x00, 0x00, 0x00, 0x00, 0x00, 0x00, 0x00, 0x00, 0x00, 0x00, 0x00, 0x00, 0x00, 0x00, 0x00,
    0x00, 0x00, 0x00, 0x00, 0x00, 0x00, 0x00, 0x00, 0x00, 0x00, 0x00, 0x00, 0x00, 0x00, 0x20, 0x00,
    0x82, 0x10, 0x41, 0x08, 0x00, 0x00, 0x00, 0x00, 0x00, 0x00, 0x00, 0x00, 0x00, 0x00, 0x00, 0x00,
    0x00, 0x00, 0x00, 0x00, 0x00, 0x00, 0x00, 0x00, 0x00, 0x00, 0x00, 0x00, 0x00, 0x00, 0x00, 0x00,
    0x00, 0x00, 0x00, 0x00, 0x00, 0x00, 0x00, 0x00, 0x00, 0x00, 0x00, 0x00, 0x00, 0x00, 0x00, 0x00,
    0x00, 0x00, 0x00, 0x00, 0x00, 0x00, 0x00, 0x00, 0x00, 0x00, 0x00, 0x00, 0x00, 0x00, 0x00, 0x00,
    0x00, 0x00, 0x00, 0x00, 0x00, 0x00, 0x00, 0x00, 0x00, 0x00, 0x00, 0x00, 0x00, 0x00, 0x00, 0x00,
    0x00, 0x00, 0x00, 0x00, 0x00, 0x00, 0x00, 0x00, 0x00, 0x00, 0x00, 0x00, 0x00, 0x00, 0x00, 0x00,
    0x00, 0x00, 0x00, 0x00, 0x00, 0x00, 0x00, 0x00, 0x00, 0x00, 0x00, 0x00, 0x00, 0x00, 0x00, 0x00,
    0x00, 0x00, 0x00, 0x00, 0x00, 0x00, 0x00, 0x00, 0x00, 0x00, 0x00, 0x00, 0x00, 0x00, 0x00, 0x00,
    0x00, 0x00, 0x00, 0x00, 0x00, 0x00, 0x00, 0x00, 0x00, 0x00, 0x00, 0x00, 0x00, 0x00, 0x00, 0x00,
    0x00, 0x00, 0x00, 0x00, 0x00, 0x00, 0x00, 0x00, 0x00, 0x00, 0x00, 0x00, 0x00, 0x00, 0x00, 0x00,
    0x00, 0x00, 0x00, 0x00, 0x00, 0x00, 0x00, 0x00, 0x00, 0x00, 0x00, 0x00, 0x00, 0x00, 0x00, 0x00,
    0x00, 0x00, 0x00, 0x00, 0x00, 0x00, 0x00, 0x00, 0x00, 0x00, 0x00, 0x00, 0x00, 0x00, 0x00, 0x00,
    0x00, 0x00, 0x00, 0x00, 0x00, 0x00, 0x00, 0x00, 0x00, 0x00, 0x00, 0x00, 0x00, 0x00, 0x00, 0x00,
    0x00, 0x00, 0x00, 0x00, 0x00, 0x00, 0x00, 0x00, 0x00, 0x00, 0x00, 0x00, 0x00, 0x00, 0x00, 0x00,
    0x00, 0x00, 0x00, 0x00, 0x00, 0x00, 0x00, 0x00, 0x00, 0x00, 0x00, 0x00, 0x00, 0x00, 0x00, 0x00,
    0x00, 0x00, 0x00, 0x00, 0x00, 0x00, 0x00, 0x00, 0x00, 0x00, 0x00, 0x00, 0x00, 0x00, 0x00, 0x00,
    0x00, 0x00, 0x00, 0x00, 0x00, 0x00, 0x00, 0x00, 0x00, 0x00, 0x00, 0x00, 0x00, 0x00, 0x00, 0x00,
    0x00, 0x00, 0x00, 0x00, 0x00, 0x00, 0x00, 0x00, 0x00, 0x00, 0x00, 0x00, 0x00, 0x00, 0x00, 0x00,
    0x00, 0x00, 0x00, 0x00, 0x00, 0x00, 0x00, 0x00, 0x00, 0x00, 0x00, 0x00, 0x00, 0x00, 0x00, 0x00,
    0x00, 0x00, 0x00, 0x00, 0x00, 0x00, 0x00, 0x00, 0x00, 0x00, 0x00, 0x00, 0x00, 0x00, 0x00, 0x00,
    0x00, 0x00, 0x00, 0x00, 0x00, 0x00, 0x00, 0x00, 0x00, 0x00, 0x00, 0x00, 0x00, 0x00, 0x00, 0x00,
    0x00, 0x00, 0x00, 0x00, 0x00, 0x00, 0x00, 0x00, 0x00, 0x00, 0x00, 0x00, 0x00, 0x00, 0x00, 0x00,
    0x00, 0x00, 0x00, 0x00, 0x00, 0x00, 0x00, 0x00, 0x00, 0x00, 0x00, 0x00, 0x00, 0x00, 0x00, 0x00,
    0x00, 0x00, 0x00, 0x00, 0x00, 0x00, 0x61, 0x08, 0x6a, 0x4a, 0x16, 0xa5, 0x3a, 0xc6, 0x3a, 0xc6,
    0x3a, 0xc6, 0x5b, 0xce, 0x3a, 0xc6, 0x15, 0xa5, 0x6a, 0x4a, 0x82, 0x10, 0x00, 0x00, 0x00, 0x00,
    0x00, 0x00, 0x00, 0x00, 0x00, 0x00, 0x00, 0x00, 0x00, 0x00, 0x00, 0x00, 0x00, 0x00, 0x00, 0x00,
    0x00, 0x00, 0x00, 0x00, 0x00, 0x00, 0x00, 0x00, 0x00, 0x00, 0x00, 0x00, 0x00, 0x00, 0x00, 0x00,
    0x00, 0x00, 0x00, 0x00, 0x00, 0x00, 0x00, 0x00, 0x46, 0x29, 0xd0, 0x7b, 0x98, 0xb5, 0x3a, 0xc6,
    0x3a, 0xc6, 0x3a, 0xc6, 0x98, 0xb5, 0xd0, 0x7b, 0x46, 0x29, 0x00, 0x00, 0x00, 0x00, 0x00, 0x00,
    0x00, 0x00, 0x00, 0x00, 0x00, 0x00, 0x00, 0x00, 0x00, 0x00, 0x00, 0x00, 0x00, 0x00, 0x00, 0x00,
    0x00, 0x00, 0x00, 0x00, 0x00, 0x00, 0x00, 0x00, 0x00, 0x00, 0x00, 0x00, 0x00, 0x00, 0x00, 0x00,
    0x00, 0x00, 0x00, 0x00, 0x00, 0x00, 0x00, 0x00, 0xa3, 0x10, 0xcc, 0x5a, 0xb4, 0x94, 0xb8, 0xb5,
    0xf9, 0xbd, 0xd8, 0xbd, 0xb4, 0x94, 0xab, 0x52, 0xa3, 0x10, 0x00, 0x00, 0x00, 0x00, 0x00, 0x00,
    0x00, 0x00, 0x00, 0x00, 0x00, 0x00, 0x00, 0x00, 0x00, 0x00, 0x00, 0x00, 0x00, 0x00, 0x00, 0x00,
    0x00, 0x00, 0x00, 0x00, 0x00, 0x00, 0x00, 0x00, 0x00, 0x00, 0x00, 0x00, 0x00, 0x00, 0x00, 0x00,
    0x00, 0x00, 0x00, 0x00, 0x00, 0x00, 0x00, 0x00, 0x61, 0x08, 0x29, 0x42, 0x11, 0x84, 0x36, 0xa5,
    0x97, 0xb5, 0x56, 0xad, 0x11, 0x84, 0x09, 0x42, 0x61, 0x08, 0x00, 0x00, 0x00, 0x00, 0x00, 0x00,
    0x00, 0x00, 0x00, 0x00, 0x00, 0x00, 0x00, 0x00, 0x00, 0x00, 0x00, 0x00, 0x00, 0x00, 0x00, 0x00,
    0x00, 0x00, 0x00, 0x00, 0x00, 0x00, 0x00, 0x00, 0x00, 0x00, 0x00, 0x00, 0x00, 0x00, 0x00, 0x00,
    0x00, 0x00, 0x00, 0x00, 0x00, 0x00, 0x00, 0x00, 0x20, 0x00, 0xc8, 0x39, 0xf0, 0x7b, 0x36, 0xa5,
    0x77, 0xad, 0x36, 0xa5, 0xf0, 0x7b, 0xc7, 0x39, 0x20, 0x00, 0x00, 0x00, 0x00, 0x00, 0x00, 0x00,
    0x00, 0x00, 0x00, 0x00, 0x00, 0x00, 0x00, 0x00, 0x00, 0x00, 0x00, 0x00, 0x00, 0x00, 0x00, 0x00,
    0x00, 0x00, 0x00, 0x00, 0x00, 0x00, 0x00, 0x00, 0x00, 0x00, 0x00, 0x00, 0x00, 0x00, 0x00, 0x00,
    0x00, 0x00, 0x00, 0x00, 0x00, 0x00, 0x00, 0x00, 0x20, 0x00, 0xe8, 0x39, 0x32, 0x84, 0x77, 0xad,
    0xd8, 0xbd, 0x97, 0xb5, 0x32, 0x84, 0xe8, 0x39, 0x20, 0x00, 0x00, 0x00, 0x00, 0x00, 0x00, 0x00,
    0x00, 0x00, 0x00, 0x00, 0x00, 0x00, 0x00, 0x00, 0x00, 0x00, 0x00, 0x00, 0x00, 0x00, 0x00, 0x00,
    0x00, 0x00, 0x00, 0x00, 0x00, 0x00, 0x00, 0x00, 0x00, 0x00, 0x00, 0x00, 0x00, 0x00, 0x00, 0x00,
    0x00, 0x00, 0x00, 0x00, 0x00, 0x00, 0x00, 0x00, 0x41, 0x08, 0x6a, 0x4a, 0xf5, 0x9c, 0xf9, 0xbd,
    0x3a, 0xc6, 0x19, 0xc6, 0xf5, 0x9c, 0x4a, 0x4a, 0x41, 0x08, 0x00, 0x00, 0x00, 0x00, 0x00, 0x00,
    0x00, 0x00, 0x00, 0x00, 0x00, 0x00, 0x00, 0x00, 0x00, 0x00, 0x00, 0x00, 0x00, 0x00, 0x00, 0x00,
    0x00, 0x00, 0x00, 0x00, 0x00, 0x00, 0x00, 0x00, 0x00, 0x00, 0x00, 0x00, 0x00, 0x00, 0x00, 0x00,
    0x00, 0x00, 0x00, 0x00, 0x00, 0x00, 0x00, 0x00, 0x82, 0x10, 0x2e, 0x63, 0xb8, 0xb5, 0x3a, 0xc6,
    0x3a, 0xc6, 0x5b, 0xce, 0xb8, 0xb5, 0x2d, 0x63, 0x82, 0x10, 0x00, 0x00, 0x00, 0x00, 0x00, 0x00,
    0x00, 0x00, 0x00, 0x00, 0x00, 0x00, 0x00, 0x00, 0x00, 0x00, 0x00, 0x00, 0x00, 0x00, 0x00, 0x00,
    0x00, 0x00, 0x00, 0x00, 0x00, 0x00, 0x00, 0x00, 0x00, 0x00, 0x00, 0x00, 0x00, 0x00, 0x00, 0x00,
    0x00, 0x00, 0x00, 0x00, 0x00, 0x00, 0x00, 0x00, 0xc3, 0x18, 0x32, 0x84, 0x3a, 0xc6, 0x3a, 0xc6,
    0x3a, 0xc6, 0x5b, 0xce, 0x3a, 0xc6, 0x32, 0x84, 0xc3, 0x18, 0x00, 0x00, 0x00, 0x00, 0x00, 0x00,
    0x00, 0x00, 0x00, 0x00, 0x00, 0x00, 0x00, 0x00, 0x00, 0x00, 0x00, 0x00, 0x00, 0x00, 0x00, 0x00,
    0x00, 0x00, 0x00, 0x00, 0x00, 0x00, 0x00, 0x00, 0x00, 0x00, 0x00, 0x00, 0x00, 0x00, 0x00, 0x00,
    0x00, 0x00, 0x00, 0x00, 0x00, 0x00, 0x00, 0x00, 0x45, 0x29, 0x56, 0xad, 0x5a, 0xce, 0x3a, 0xc6,
    0x3a, 0xc6, 0x5b, 0xce, 0x5a, 0xce, 0x36, 0xa5, 0x45, 0x29, 0x00, 0x00, 0x00, 0x00, 0x00, 0x00,
    0x00, 0x00, 0x00, 0x00, 0x00, 0x00, 0x00, 0x00, 0x00, 0x00, 0x00, 0x00, 0x00, 0x00, 0x00, 0x00,
    0x00, 0x00, 0x00, 0x00, 0x00, 0x00, 0x00, 0x00, 0x00, 0x00, 0x00, 0x00, 0x00, 0x00, 0x00, 0x00,
    0x00, 0x00, 0x00, 0x00, 0x00, 0x00, 0x00, 0x00, 0x08, 0x42, 0x19, 0xc6, 0x5a, 0xce, 0x3a, 0xc6,
    0x3a, 0xc6, 0x5b, 0xce, 0x5a, 0xce, 0xf9, 0xbd, 0x08, 0x42, 0x00, 0x00, 0x00, 0x00, 0x00, 0x00,
    0x00, 0x00, 0x00, 0x00, 0x00, 0x00, 0x00, 0x00, 0x00, 0x00, 0x00, 0x00, 0x00, 0x00, 0x00, 0x00,
    0x00, 0x00, 0x00, 0x00, 0x00, 0x00, 0x00, 0x00, 0x00, 0x00, 0x00, 0x00, 0x00, 0x00, 0x00, 0x00,
    0x00, 0x00, 0x00, 0x00, 0x00, 0x00, 0x00, 0x00, 0xed, 0x5a, 0x5b, 0xce, 0x5a, 0xce, 0x3a, 0xc6,
    0x3a, 0xc6, 0x5b, 0xce, 0x5a, 0xce, 0x3a, 0xc6, 0xed, 0x5a, 0x00, 0x00, 0x00, 0x00, 0x00, 0x00,
    0x00, 0x00, 0x00, 0x00, 0x00, 0x00, 0x00, 0x00, 0x00, 0x00, 0x00, 0x00, 0x00, 0x00, 0x00, 0x00,
    0x00, 0x00, 0x00, 0x00, 0x00, 0x00, 0x00, 0x00, 0x00, 0x00, 0x00, 0x00, 0x00, 0x00, 0x00, 0x00,
    0x00, 0x00, 0x00, 0x00, 0x00, 0x00, 0x20, 0x00, 0x31, 0x84, 0x5b, 0xce, 0x5a, 0xce, 0x3a, 0xc6,
    0x3a, 0xc6, 0x5b, 0xce, 0x5a, 0xce, 0x3a, 0xc6, 0x31, 0x84, 0x41, 0x08, 0x00, 0x00, 0x00, 0x00,
    0x00, 0x00, 0x00, 0x00, 0x00, 0x00, 0x00, 0x00, 0x00, 0x00, 0x00, 0x00, 0x00, 0x00, 0x00, 0x00,
    0x00, 0x00, 0x00, 0x00, 0x00, 0x00, 0x00, 0x00, 0x00, 0x00, 0x00, 0x00, 0x00, 0x00, 0x00, 0x00,
    0x00, 0x00, 0x00, 0x00, 0x00, 0x00, 0xc3, 0x18, 0x36, 0xa5, 0x5b, 0xce, 0x5a, 0xce, 0x3a, 0xc6,
    0x3a, 0xc6, 0x5b, 0xce, 0x5a, 0xce, 0x3a, 0xc6, 0x36, 0xa5, 0xe3, 0x18, 0x00, 0x00, 0x00, 0x00,
    0x00, 0x00, 0x00, 0x00, 0x00, 0x00, 0x00, 0x00, 0x00, 0x00, 0x00, 0x00, 0x00, 0x00, 0x00, 0x00,
    0x00, 0x00, 0x00, 0x00, 0x00, 0x00, 0x00, 0x00, 0x00, 0x00, 0x00, 0x00, 0x00, 0x00, 0x00, 0x00,
    0x00, 0x00, 0x00, 0x00, 0x00, 0x00, 0x66, 0x29, 0xf9, 0xbd, 0x5b, 0xce, 0x5a, 0xce, 0x3a, 0xc6,
    0x3a, 0xc6, 0x5b, 0xce, 0x5a, 0xce, 0x3a, 0xc6, 0xf9, 0xbd, 0x86, 0x31, 0x00, 0x00, 0x00, 0x00,
    0x00, 0x00, 0x00, 0x00, 0x00, 0x00, 0x00, 0x00, 0x00, 0x00, 0x00, 0x00, 0x00, 0x00, 0x00, 0x00,
    0x00, 0x00, 0x00, 0x00, 0x00, 0x00, 0x00, 0x00, 0x00, 0x00, 0x00, 0x00, 0x00, 0x00, 0x00, 0x00,
    0x00, 0x00, 0x00, 0x00, 0x00, 0x00, 0x8b, 0x52, 0x3a, 0xc6, 0x5b, 0xce, 0x5a, 0xce, 0x3a, 0xc6,
    0x3a, 0xc6, 0x5b, 0xce, 0x5a, 0xce, 0x3a, 0xc6, 0x3a, 0xc6, 0xab, 0x52, 0x00, 0x00, 0x00, 0x00,
    0x00, 0x00, 0x00, 0x00, 0x00, 0x00, 0x00, 0x00, 0x00, 0x00, 0x00, 0x00, 0x00, 0x00, 0x00, 0x00,
    0x00, 0x00, 0x00, 0x00, 0x00, 0x00, 0x00, 0x00, 0x00, 0x00, 0x00, 0x00, 0x00, 0x00, 0x00, 0x00,
    0x00, 0x00, 0x00, 0x00, 0x20, 0x00, 0xd0, 0x7b, 0x3a, 0xc6, 0x5b, 0xce, 0x5a, 0xce, 0x3a, 0xc6,
    0x3a, 0xc6, 0x5b, 0xce, 0x5a, 0xce, 0x3a, 0xc6, 0x3a, 0xc6, 0xd0, 0x7b, 0x20, 0x00, 0x00, 0x00,
    0x00, 0x00, 0x00, 0x00, 0x00, 0x00, 0x00, 0x00, 0x00, 0x00, 0x00, 0x00, 0x00, 0x00, 0x00, 0x00,
    0x00, 0x00, 0x00, 0x00, 0x00, 0x00, 0x00, 0x00, 0x00, 0x00, 0x00, 0x00, 0x00, 0x00, 0x00, 0x00,
    0x00, 0x00, 0x00, 0x00, 0xc3, 0x18, 0xd4, 0x9c, 0x3a, 0xc6, 0x5b, 0xce, 0x5a, 0xce, 0x3a, 0xc6,
    0x3a, 0xc6, 0x5b, 0xce, 0x5a, 0xce, 0x3a, 0xc6, 0x3a, 0xc6, 0xf5, 0x9c, 0xc3, 0x18, 0x00, 0x00,
    0x00, 0x00, 0x00, 0x00, 0x00, 0x00, 0x00, 0x00, 0x00, 0x00, 0x00, 0x00, 0x00, 0x00, 0x00, 0x00,
    0x00, 0x00, 0x00, 0x00, 0x00, 0x00, 0x00, 0x00, 0x00, 0x00, 0x00, 0x00, 0x00, 0x00, 0x00, 0x00,
    0x00, 0x00, 0x00, 0x00, 0x25, 0x21, 0x77, 0xad, 0x3a, 0xc6, 0x5b, 0xce, 0x5a, 0xce, 0x3a, 0xc6,
    0x3a, 0xc6, 0x5b, 0xce, 0x5a, 0xce, 0x3a, 0xc6, 0x3a, 0xc6, 0x97, 0xb5, 0x25, 0x21, 0x00, 0x00,
    0x00, 0x00, 0x00, 0x00, 0x00, 0x00, 0x00, 0x00, 0x00, 0x00, 0x00, 0x00, 0x00, 0x00, 0x00, 0x00,
    0x00, 0x00, 0x00, 0x00, 0x00, 0x00, 0x00, 0x00, 0x00, 0x00, 0x00, 0x00, 0x00, 0x00, 0x00, 0x00,
    0x00, 0x00, 0x00, 0x00, 0xa7, 0x31, 0xd8, 0xbd, 0x3a, 0xc6, 0x5b, 0xce, 0x5a, 0xce, 0x3a, 0xc6,
    0x3a, 0xc6, 0x5b, 0xce, 0x5a, 0xce, 0x3a, 0xc6, 0x3a, 0xc6, 0xd9, 0xbd, 0xa7, 0x31, 0x00, 0x00,
    0x00, 0x00, 0x00, 0x00, 0x00, 0x00, 0x00, 0x00, 0x00, 0x00, 0x00, 0x00, 0x00, 0x00, 0x00, 0x00,
    0xa4, 0x08, 0xa4, 0x10, 0xa4, 0x08, 0xa4, 0x08, 0xa4, 0x08, 0xa4, 0x10, 0xa4, 0x08, 0xa4, 0x08,
    0xa4, 0x08, 0xa4, 0x10, 0x4b, 0x42, 0xf9, 0xbd, 0x3a, 0xc6, 0x5b, 0xce, 0x5a, 0xce, 0x3a, 0xc6,
    0x3a, 0xc6, 0x5b, 0xce, 0x5a, 0xce, 0x3a, 0xc6, 0x3a, 0xc6, 0xf9, 0xbd, 0x4b, 0x42, 0xa4, 0x08,
    0xa4, 0x08, 0xa4, 0x10, 0xa4, 0x08, 0xa4, 0x08, 0xa4, 0x08, 0xa4, 0x10, 0xa4, 0x08, 0xa4, 0x08,
    0xa4, 0x08, 0xa4, 0x10, 0xa4, 0x08, 0xa4, 0x08, 0xa4, 0x08, 0xa4, 0x10, 0xa4, 0x08, 0xa4, 0x08,
    0xa4, 0x08, 0xa4, 0x10, 0x4a, 0x42, 0xd9, 0xbd, 0x3a, 0xc6, 0x5b, 0xce, 0x5a, 0xce, 0x3a, 0xc6,
    0x3a, 0xc6, 0x5b, 0xce, 0x5a, 0xce, 0x3a, 0xc6, 0x3a, 0xc6, 0xd9, 0xbd, 0x4a, 0x42, 0xa4, 0x08,
    0xa4, 0x08, 0xa4, 0x10, 0xa4, 0x08, 0xa4, 0x08, 0xa4, 0x08, 0xa4, 0x10, 0xa4, 0x08, 0xa4, 0x08,
    0x00, 0x00, 0x00, 0x00, 0x00, 0x00, 0x00, 0x00, 0x00, 0x00, 0x00, 0x00, 0x00, 0x00, 0x00, 0x00,
    0x00, 0x00, 0x00, 0x00, 0x86, 0x31, 0x57, 0xad, 0x3a, 0xc6, 0x5b, 0xce, 0x5a, 0xce, 0x3a, 0xc6,
    0x3a, 0xc6, 0x5b, 0xce, 0x5a, 0xce, 0x3a, 0xc6, 0x3a, 0xc6, 0x77, 0xad, 0x86, 0x31, 0x00, 0x00,
    0x00, 0x00, 0x00, 0x00, 0x00, 0x00, 0x00, 0x00, 0x00, 0x00, 0x00, 0x00, 0x00, 0x00, 0x00, 0x00,
    0x00, 0x00, 0x00, 0x00, 0x00, 0x00, 0x00, 0x00, 0x00, 0x00, 0x00, 0x00, 0x00, 0x00, 0x00, 0x00,
    0x00, 0x00, 0x00, 0x00, 0xe4, 0x18, 0x93, 0x94, 0x3a, 0xc6, 0x5b, 0xce, 0x5a, 0xce, 0x3a, 0xc6,
    0x3a, 0xc6, 0x5b, 0xce, 0x5a, 0xce, 0x3a, 0xc6, 0x3a, 0xc6, 0x93, 0x94, 0xe4, 0x18, 0x00, 0x00,
    0x00, 0x00, 0x00, 0x00, 0x00, 0x00, 0x00, 0x00, 0x00, 0x00, 0x00, 0x00, 0x00, 0x00, 0x00, 0x00,
    0x00, 0x00, 0x00, 0x00, 0x00, 0x00, 0x00, 0x00, 0x00, 0x00, 0x00, 0x00, 0x00, 0x00, 0x00, 0x00,
    0x00, 0x00, 0x00, 0x00, 0x62, 0x08, 0x4e, 0x6b, 0x1a, 0xc6, 0x5b, 0xce, 0x5a, 0xce, 0x3a, 0xc6,
    0x3a, 0xc6, 0x5b, 0xce, 0x5a, 0xce, 0x3a, 0xc6, 0x1a, 0xc6, 0x4e, 0x6b, 0x62, 0x08, 0x00, 0x00,
    0x00, 0x00, 0x00, 0x00, 0x00, 0x00, 0x00, 0x00, 0x00, 0x00, 0x00, 0x00, 0x00, 0x00, 0x00, 0x00,
    0x00, 0x00, 0x00, 0x00, 0x00, 0x00, 0x00, 0x00, 0x00, 0x00, 0x00, 0x00, 0x00, 0x00, 0x00, 0x00,
    0x00, 0x00, 0x00, 0x00, 0x00, 0x00, 0xc8, 0x39, 0x36, 0xa5, 0x5b, 0xce, 0x5a, 0xce, 0x3a, 0xc6,
    0x3a, 0xc6, 0x5b, 0xce, 0x5a, 0xce, 0x3a, 0xc6, 0x36, 0xa5, 0xe8, 0x39, 0x00, 0x00, 0x00, 0x00,
    0x00, 0x00, 0x00, 0x00, 0x00, 0x00, 0x00, 0x00, 0x00, 0x00, 0x00, 0x00, 0x00, 0x00, 0x00, 0x00,
    0x00, 0x00, 0x00, 0x00, 0x00, 0x00, 0x00, 0x00, 0x00, 0x00, 0x00, 0x00, 0x00, 0x00, 0x00, 0x00,
    0x00, 0x00, 0x00, 0x00, 0x00, 0x00, 0xe3, 0x18, 0x8f, 0x73, 0x1a, 0xc6, 0x5a, 0xce, 0x3a, 0xc6,
    0x3a, 0xc6, 0x5b, 0xce, 0x5a, 0xce, 0x19, 0xc6, 0x8f, 0x73, 0xe4, 0x18, 0x00, 0x00, 0x00, 0x00,
    0x00, 0x00, 0x00, 0x00, 0x00, 0x00, 0x00, 0x00, 0x00, 0x00, 0x00, 0x00, 0x00, 0x00, 0x00, 0x00,
    0x21, 0x21, 0x22, 0x21, 0x21, 0x21, 0x21, 0x21, 0x21, 0x21, 0x22, 0x21, 0x21, 0x21, 0x21, 0x21,
    0x21, 0x21, 0x22, 0x21, 0x21, 0x21, 0x21, 0x21, 0x89, 0x4a, 0x35, 0xa5, 0x3a, 0xc6, 0x3a, 0xc6,
    0x3a, 0xc6, 0x5b, 0xce, 0x3a, 0xc6, 0x15, 0xa5, 0x89, 0x4a, 0x22, 0x21, 0x21, 0x21, 0x21, 0x21,
    0x21, 0x21, 0x22, 0x21, 0x21, 0x21, 0x21, 0x21, 0x21, 0x21, 0x22, 0x21, 0x21, 0x21, 0x21, 0x21,
    0x21, 0x21, 0x22, 0x21, 0x21, 0x21, 0x21, 0x21, 0x21, 0x21, 0x22, 0x21, 0x21, 0x21, 0x21, 0x21,
    0x21, 0x21, 0x22, 0x21, 0x21, 0x21, 0x21, 0x21, 0xa4, 0x31, 0xcf, 0x7b, 0xb8, 0xb5, 0x3a, 0xc6,
    0x3a, 0xc6, 0x5a, 0xce, 0xb8, 0xb5, 0xae, 0x73, 0xa4, 0x31, 0x22, 0x21, 0x21, 0x21, 0x21, 0x21,
    0x21, 0x21, 0x22, 0x21, 0x21, 0x21, 0x21, 0x21, 0x21, 0x21, 0x22, 0x21, 0x21, 0x21, 0x21, 0x21,
    0x21, 0x21, 0x22, 0x21, 0x21, 0x21, 0x21, 0x21, 0x21, 0x21, 0x22, 0x21, 0x21, 0x21, 0x21, 0x21,
    0x21, 0x21, 0x22, 0x21, 0x21, 0x21, 0x21, 0x21, 0x21, 0x21, 0xca, 0x52, 0xd3, 0x94, 0xd8, 0xbd,
    0x19, 0xc6, 0xf9, 0xbd, 0xd3, 0x94, 0xa9, 0x52, 0x21, 0x21, 0x22, 0x21, 0x21, 0x21, 0x21, 0x21,
    0x21, 0x21, 0x22, 0x21, 0x21, 0x21, 0x21, 0x21, 0x21, 0x21, 0x22, 0x21, 0x21, 0x21, 0x21, 0x21,
    0x21, 0x21, 0x22, 0x21, 0x21, 0x21, 0x21, 0x21, 0x21, 0x21, 0x22, 0x21, 0x21, 0x21, 0x21, 0x21,
    0x21, 0x21, 0x22, 0x21, 0x21, 0x21, 0x21, 0x21, 0x00, 0x19, 0x27, 0x42, 0x10, 0x84, 0x76, 0xad,
    0xb8, 0xb5, 0x77, 0xad, 0x10, 0x84, 0x06, 0x42, 0x00, 0x19, 0x22, 0x21, 0x21, 0x21, 0x21, 0x21,
    0x21, 0x21, 0x22, 0x21, 0x21, 0x21, 0x21, 0x21, 0x21, 0x21, 0x22, 0x21, 0x21, 0x21, 0x21, 0x21,
    0x00, 0x00, 0x00, 0x00, 0x00, 0x00, 0x00, 0x00, 0x00, 0x00, 0x00, 0x00, 0x00, 0x00, 0x00, 0x00,
    0x00, 0x00, 0x00, 0x00, 0x00, 0x00, 0x00, 0x00, 0x00, 0x00, 0x04, 0x21, 0x4e, 0x6b, 0x15, 0xa5,
    0x77, 0xad, 0x15, 0xa5, 0x4e, 0x6b, 0xe4, 0x18, 0x00, 0x00, 0x00, 0x00, 0x00, 0x00, 0x00, 0x00,
    0x00, 0x00, 0x00, 0x00, 0x00, 0x00, 0x00, 0x00, 0x00, 0x00, 0x00, 0x00, 0x00, 0x00, 0x00, 0x00,
    0x00, 0x00, 0x00, 0x00, 0x00, 0x00, 0x00, 0x00, 0x00, 0x00, 0x00, 0x00, 0x00, 0x00, 0x00, 0x00,
    0x00, 0x00, 0x00, 0x00, 0x00, 0x00, 0x00, 0x00, 0x00, 0x00, 0x04, 0x21, 0x6f, 0x6b, 0x36, 0xa5,
    0xb8, 0xb5, 0x56, 0xad, 0x6f, 0x6b, 0xe4, 0x18, 0x00, 0x00, 0x00, 0x00, 0x00, 0x00, 0x00, 0x00,
    0x00, 0x00, 0x00, 0x00, 0x00, 0x00, 0x00, 0x00, 0x00, 0x00, 0x00, 0x00, 0x00, 0x00, 0x00, 0x00,
    0x00, 0x00, 0x00, 0x00, 0x00, 0x00, 0x00, 0x00, 0x00, 0x00, 0x00, 0x00, 0x00, 0x00, 0x00, 0x00,
    0x00, 0x00, 0x00, 0x00, 0x00, 0x00, 0x00, 0x00, 0x00, 0x00, 0x45, 0x29, 0x31, 0x84, 0xd8, 0xbd,
    0x19, 0xc6, 0xd9, 0xbd, 0x31, 0x84, 0x45, 0x29, 0x00, 0x00, 0x00, 0x00, 0x00, 0x00, 0x00, 0x00,
    0x00, 0x00, 0x00, 0x00, 0x00, 0x00, 0x00, 0x00, 0x00, 0x00, 0x00, 0x00, 0x00, 0x00, 0x00, 0x00,
    0x00, 0x00, 0x00, 0x00, 0x00, 0x00, 0x00, 0x00, 0x00, 0x00, 0x00, 0x00, 0x00, 0x00, 0x00, 0x00,
    0x00, 0x00, 0x00, 0x00, 0x00, 0x00, 0x00, 0x00, 0x00, 0x00, 0x09, 0x42, 0x36, 0xa5, 0x3a, 0xc6,
    0x3a, 0xc6, 0x5a, 0xce, 0x36, 0xa5, 0x08, 0x42, 0x00, 0x00, 0x00, 0x00, 0x00, 0x00, 0x00, 0x00,
    0x00, 0x00, 0x00, 0x00, 0x00, 0x00, 0x00, 0x00, 0x00, 0x00, 0x00, 0x00, 0x00, 0x00, 0x00, 0x00,
    0x00, 0x00, 0x00, 0x00, 0x00, 0x00, 0x00, 0x00, 0x00, 0x00, 0x00, 0x00, 0x00, 0x00, 0x00, 0x00,
    0x00, 0x00, 0x00, 0x00, 0x00, 0x00, 0x00, 0x00, 0x41, 0x08, 0x4e, 0x6b, 0x19, 0xc6, 0x3a, 0xc6,
    0x3a, 0xc6, 0x5b, 0xce, 0x19, 0xc6, 0x4e, 0x6b, 0x41, 0x08, 0x00, 0x00, 0x00, 0x00, 0x00, 0x00,
    0x00, 0x00, 0x00, 0x00, 0x00, 0x00, 0x00, 0x00, 0x00, 0x00, 0x00, 0x00, 0x00, 0x00, 0x00, 0x00,
    0x00, 0x00, 0x00, 0x00, 0x00, 0x00, 0x00, 0x00, 0x00, 0x00, 0x00, 0x00, 0x00, 0x00, 0x00, 0x00,
    0x00, 0x00, 0x00, 0x00, 0x00, 0x00, 0x00, 0x00, 0xe4, 0x18, 0xf5, 0x9c, 0x5a, 0xce, 0x3a, 0xc6,
    0x3a, 0xc6, 0x5b, 0xce, 0x5a, 0xce, 0xd4, 0x9c, 0xe4, 0x18, 0x00, 0x00, 0x00, 0x00, 0x00, 0x00,
    0x00, 0x00, 0x00, 0x00, 0x00, 0x00, 0x00, 0x00, 0x00, 0x00, 0x00, 0x00, 0x00, 0x00, 0x00, 0x00,
    0x00, 0x00, 0x00, 0x00, 0x00, 0x00, 0x00, 0x00, 0x00, 0x00, 0x00, 0x00, 0x00, 0x00, 0x00, 0x00,
    0x00, 0x00, 0x00, 0x00, 0x00, 0x00, 0x00, 0x00, 0x4a, 0x4a, 0x1a, 0xc6, 0x5a, 0xce, 0x3a, 0xc6,
    0x3a, 0xc6, 0x5b, 0xce, 0x5a, 0xce, 0xf9, 0xbd, 0x4a, 0x4a, 0x00, 0x00, 0x00, 0x00, 0x00, 0x00,
    0x00, 0x00, 0x00, 0x00, 0x00, 0x00, 0x00, 0x00, 0x00, 0x00, 0x00, 0x00, 0x00, 0x00, 0x00, 0x00,
    0x00, 0x00, 0x00, 0x00, 0x00, 0x00, 0x00, 0x00, 0x00, 0x00, 0x00, 0x00, 0x00, 0x00, 0x00, 0x00,
    0x00, 0x00, 0x00, 0x00, 0x00, 0x00, 0x82, 0x10, 0x11, 0x84, 0x5b, 0xce, 0x5a, 0xce, 0x3a, 0xc6,
    0x3a, 0xc6, 0x5b, 0xce, 0x5a, 0xce, 0x3a, 0xc6, 0x11, 0x84, 0x82, 0x10, 0x00, 0x00, 0x00, 0x00,
    0x00, 0x00, 0x00, 0x00, 0x00, 0x00, 0x00, 0x00, 0x00, 0x00, 0x00, 0x00, 0x00, 0x00, 0x00, 0x00,
    0x00, 0x00, 0x00, 0x00, 0x00, 0x00, 0x00, 0x00, 0x00, 0x00, 0x00, 0x00, 0x00, 0x00, 0x00, 0x00,
    0x00, 0x00, 0x00, 0x00, 0x00, 0x00, 0x66, 0x29, 0x98, 0xb5, 0x5b, 0xce, 0x5a, 0xce, 0x3a, 0xc6,
    0x3a, 0xc6, 0x5b, 0xce, 0x5a, 0xce, 0x3a, 0xc6, 0x98, 0xb5, 0x86, 0x31, 0x00, 0x00, 0x00, 0x00,
    0x00, 0x00, 0x00, 0x00, 0x00, 0x00, 0x00, 0x00, 0x00, 0x00, 0x00, 0x00, 0x00, 0x00, 0x00, 0x00,
    0x00, 0x00, 0x00, 0x00, 0x00, 0x00, 0x00, 0x00, 0x00, 0x00, 0x00, 0x00, 0x00, 0x00, 0x00, 0x00,
    0x00, 0x00, 0x00, 0x00, 0x00, 0x00, 0xed, 0x5a, 0x3a, 0xc6, 0x5b, 0xce, 0x5a, 0xce, 0x3a, 0xc6,
    0x3a, 0xc6, 0x5b, 0xce, 0x5a, 0xce, 0x3a, 0xc6, 0x3a, 0xc6, 0x0d, 0x63, 0x00, 0x00, 0x00, 0x00,
    0x00, 0x00, 0x00, 0x00, 0x00, 0x00, 0x00, 0x00, 0x00, 0x00, 0x00, 0x00, 0x00, 0x00, 0x00, 0x00,
    0x00, 0x00, 0x00, 0x00, 0x00, 0x00, 0x00, 0x00, 0x00, 0x00, 0x00, 0x00, 0x00, 0x00, 0x00, 0x00,
    0x00, 0x00, 0x00, 0x00, 0xc3, 0x18, 0x93, 0x94, 0x3a, 0xc6, 0x5b, 0xce, 0x5a, 0xce, 0x3a, 0xc6,
    0x3a, 0xc6, 0x5b, 0xce, 0x5a, 0xce, 0x3a, 0xc6, 0x3a, 0xc6, 0x93, 0x94, 0xc3, 0x18, 0x00, 0x00,
    0x00, 0x00, 0x00, 0x00, 0x00, 0x00, 0x00, 0x00, 0x00, 0x00, 0x00, 0x00, 0x00, 0x00, 0x00, 0x00,
    0x00, 0x00, 0x00, 0x00, 0x00, 0x00, 0x00, 0x00, 0x00, 0x00, 0x00, 0x00, 0x00, 0x00, 0x00, 0x00,
    0x00, 0x00, 0x00, 0x00, 0x66, 0x29, 0x98, 0xb5, 0x3a, 0xc6, 0x5b, 0xce, 0x5a, 0xce, 0x3a, 0xc6,
    0x3a, 0xc6, 0x5b, 0xce, 0x5a, 0xce, 0x3a, 0xc6, 0x3a, 0xc6, 0xb8, 0xb5, 0x66, 0x29, 0x00, 0x00,
    0x00, 0x00, 0x00, 0x00, 0x00, 0x00, 0x00, 0x00, 0x00, 0x00, 0x00, 0x00, 0x00, 0x00, 0x00, 0x00,
    0x00, 0x00, 0x00, 0x00, 0x00, 0x00, 0x00, 0x00, 0x00, 0x00, 0x00, 0x00, 0x00, 0x00, 0x00, 0x00,
    0x00, 0x00, 0x00, 0x00, 0x4a, 0x4a, 0x19, 0xc6, 0x3a, 0xc6, 0x5b, 0xce, 0x5a, 0xce, 0x3a, 0xc6,
    0x3a, 0xc6, 0x5b, 0xce, 0x5a, 0xce, 0x3a, 0xc6, 0x3a, 0xc6, 0x1a, 0xc6, 0x4a, 0x4a, 0x00, 0x00,
    0x00, 0x00, 0x00, 0x00, 0x00, 0x00, 0x00, 0x00, 0x00, 0x00, 0x00, 0x00, 0x00, 0x00, 0x00, 0x00,
    0x00, 0x00, 0x00, 0x00, 0x00, 0x00, 0x00, 0x00, 0x00, 0x00, 0x00, 0x00, 0x00, 0x00, 0x00, 0x00,
    0x00, 0x00, 0x00, 0x00, 0xec, 0x5a, 0x3a, 0xc6, 0x3a, 0xc6, 0x5b, 0xce, 0x5a, 0xce, 0x3a, 0xc6,
    0x3a, 0xc6, 0x5b, 0xce, 0x5a, 0xce, 0x3a, 0xc6, 0x3a, 0xc6, 0x5a, 0xce, 0xec, 0x5a, 0x00, 0x00,
    0x00, 0x00, 0x00, 0x00, 0x00, 0x00, 0x00, 0x00, 0x00, 0x00, 0x00, 0x00, 0x00, 0x00, 0x00, 0x00,
    0x00, 0x00, 0x00, 0x00, 0x00, 0x00, 0x00, 0x00, 0x00, 0x00, 0x00, 0x00, 0x00, 0x00, 0x00, 0x00,
    0x00, 0x00, 0x20, 0x00, 0x2d, 0x63, 0x3a, 0xc6, 0x3a, 0xc6, 0x5b, 0xce, 0x5a, 0xce, 0x3a, 0xc6,
    0x3a, 0xc6, 0x5b, 0xce, 0x5a, 0xce, 0x3a, 0xc6, 0x3a, 0xc6, 0x5a, 0xce, 0x2d, 0x63, 0x20, 0x00,
    0x00, 0x00, 0x00, 0x00, 0x00, 0x00, 0x00, 0x00, 0x00, 0x00, 0x00, 0x00, 0x00, 0x00, 0x00, 0x00,
    0x00, 0x00, 0x00, 0x00, 0x00, 0x00, 0x00, 0x00, 0x00, 0x00, 0x00, 0x00, 0x00, 0x00, 0x00, 0x00,
    0x00, 0x00, 0x20, 0x00, 0x0d, 0x63, 0x3a, 0xc6, 0x3a, 0xc6, 0x5b, 0xce, 0x5a, 0xce, 0x3a, 0xc6,
    0x3a, 0xc6, 0x5b, 0xce, 0x5a, 0xce, 0x3a, 0xc6, 0x3a, 0xc6, 0x5a, 0xce, 0x0d, 0x63, 0x00, 0x00,
    0x00, 0x00, 0x00, 0x00, 0x00, 0x00, 0x00, 0x00, 0x00, 0x00, 0x00, 0x00, 0x00, 0x00, 0x00, 0x00,
    0x00, 0x00, 0x00, 0x00, 0x00, 0x00, 0x00, 0x00, 0x00, 0x00, 0x00, 0x00, 0x00, 0x00, 0x00, 0x00,
    0x00, 0x00, 0x00, 0x00, 0x8b, 0x52, 0x1a, 0xc6, 0x3a, 0xc6, 0x5b, 0xce, 0x5a, 0xce, 0x3a, 0xc6,
    0x3a, 0xc6, 0x5b, 0xce, 0x5a, 0xce, 0x3a, 0xc6, 0x3a, 0xc6, 0x3a, 0xc6, 0x8b, 0x52, 0x00, 0x00,
    0x00, 0x00, 0x00, 0x00, 0x00, 0x00, 0x00, 0x00, 0x00, 0x00, 0x00, 0x00, 0x00, 0x00, 0x00, 0x00,
    0x00, 0x00, 0x00, 0x00, 0x00, 0x00, 0x00, 0x00, 0x00, 0x00, 0x00, 0x00, 0x00, 0x00, 0x00, 0x00,
    0x00, 0x00, 0x00, 0x00, 0xc7, 0x39, 0xb8, 0xb5, 0x3a, 0xc6, 0x5b, 0xce, 0x5a, 0xce, 0x3a, 0xc6,
    0x3a, 0xc6, 0x5b, 0xce, 0x5a, 0xce, 0x3a, 0xc6, 0x3a, 0xc6, 0xd8, 0xbd, 0xc7, 0x39, 0x00, 0x00,
    0x00, 0x00, 0x00, 0x00, 0x00, 0x00, 0x00, 0x00, 0x00, 0x00, 0x00, 0x00, 0x00, 0x00, 0x00, 0x00,
    0x00, 0x00, 0x00, 0x00, 0x00, 0x00, 0x00, 0x00, 0x00, 0x00, 0x00, 0x00, 0x00, 0x00, 0x00, 0x00,
    0x00, 0x00, 0x00, 0x00, 0xe4, 0x18, 0xd4, 0x9c, 0x3a, 0xc6, 0x5b, 0xce, 0x5a, 0xce, 0x3a, 0xc6,
    0x3a, 0xc6, 0x5b, 0xce, 0x5a, 0xce, 0x3a, 0xc6, 0x3a, 0xc6, 0xd4, 0x9c, 0xe4, 0x18, 0x00, 0x00,
    0x00, 0x00, 0x00, 0x00, 0x00, 0x00, 0x00, 0x00, 0x00, 0x00, 0x00, 0x00, 0x00, 0x00, 0x00, 0x00,
    0x00, 0x00, 0x00, 0x00, 0x00, 0x00, 0x00, 0x00, 0x00, 0x00, 0x00, 0x00, 0x00, 0x00, 0x00, 0x00,
    0x00, 0x00, 0x00, 0x00, 0x21, 0x00, 0x4e, 0x6b, 0x3a, 0xc6, 0x5b, 0xce, 0x5a, 0xce, 0x3a, 0xc6,
    0x3a, 0xc6, 0x5b, 0xce, 0x5a, 0xce, 0x3a, 0xc6, 0x3a, 0xc6, 0x4e, 0x6b, 0x21, 0x00, 0x00, 0x00,
    0x00, 0x00, 0x00, 0x00, 0x00, 0x00, 0x00, 0x00, 0x00, 0x00, 0x00, 0x00, 0x00, 0x00, 0x00, 0x00,
    0x00, 0x00, 0x00, 0x00, 0x00, 0x00, 0x00, 0x00, 0x00, 0x00, 0x00, 0x00, 0x00, 0x00, 0x00, 0x00,
    0x00, 0x00, 0x00, 0x00, 0x00, 0x00, 0xa7, 0x31, 0x77, 0xad, 0x5b, 0xce, 0x5a, 0xce, 0x3a, 0xc6,
    0x3a, 0xc6, 0x5b, 0xce, 0x5a, 0xce, 0x3a, 0xc6, 0x77, 0xad, 0xa7, 0x31, 0x00, 0x00, 0x00, 0x00,
    0x00, 0x00, 0x00, 0x00, 0x00, 0x00, 0x00, 0x00, 0x00, 0x00, 0x00, 0x00, 0x00, 0x00, 0x00, 0x00,
    0x00, 0x00, 0x00, 0x00, 0x00, 0x00, 0x00, 0x00, 0x00, 0x00, 0x00, 0x00, 0x00, 0x00, 0x00, 0x00,
    0x00, 0x00, 0x00, 0x00, 0x00, 0x00, 0x82, 0x10, 0xd0, 0x7b, 0x5a, 0xce, 0x5a, 0xce, 0x3a, 0xc6,
    0x3a, 0xc6, 0x5b, 0xce, 0x5a, 0xce, 0x3a, 0xc6, 0xd0, 0x7b, 0xa2, 0x10, 0x00, 0x00, 0x00, 0x00,
    0x00, 0x00, 0x00, 0x00, 0x00, 0x00, 0x00, 0x00, 0x00, 0x00, 0x00, 0x00, 0x00, 0x00, 0x00, 0x00,
    0x00, 0x00, 0x00, 0x00, 0x00, 0x00, 0x00, 0x00, 0x00, 0x00, 0x00, 0x00, 0x00, 0x00, 0x00, 0x00,
    0x00, 0x00, 0x00, 0x00, 0x00, 0x00, 0x00, 0x00, 0xe8, 0x39, 0xb8, 0xb5, 0x5a, 0xce, 0x3a, 0xc6,
    0x3a, 0xc6, 0x5b, 0xce, 0x5a, 0xce, 0x98, 0xb5, 0xe8, 0x39, 0x00, 0x00, 0x00, 0x00, 0x00, 0x00,
    0x00, 0x00, 0x00, 0x00, 0x00, 0x00, 0x00, 0x00, 0x00, 0x00, 0x00, 0x00, 0x00, 0x00, 0x00, 0x00,
    0x00, 0x00, 0x00, 0x00, 0x00, 0x00, 0x00, 0x00, 0x00, 0x00, 0x00, 0x00, 0x00, 0x00, 0x00, 0x00,
    0x00, 0x00, 0x00, 0x00, 0x00, 0x00, 0x00, 0x00, 0xa3, 0x10, 0x11, 0x84, 0x3a, 0xc6, 0x3a, 0xc6,
    0x3a, 0xc6, 0x5b, 0xce, 0x3a, 0xc6, 0x11, 0x84, 0xa3, 0x10, 0x00, 0x00, 0x00, 0x00, 0x00, 0x00,
    0x00, 0x00, 0x00, 0x00, 0x00, 0x00, 0x00, 0x00, 0x00, 0x00, 0x00, 0x00, 0x00, 0x00, 0x00, 0x00,
    0x00, 0x00, 0x00, 0x00, 0x00, 0x00, 0x00, 0x00, 0x00, 0x00, 0x00, 0x00, 0x00, 0x00, 0x00, 0x00,
    0x00, 0x00, 0x00, 0x00, 0x00, 0x00, 0x00, 0x00, 0x00, 0x00, 0x6a, 0x4a, 0x77, 0xad, 0x3a, 0xc6,
    0x3a, 0xc6, 0x5a, 0xce, 0x77, 0xad, 0x6a, 0x4a, 0x00, 0x00, 0x00, 0x00, 0x00, 0x00, 0x00, 0x00,
    0x00, 0x00, 0x00, 0x00, 0x00, 0x00, 0x00, 0x00, 0x00, 0x00, 0x00, 0x00, 0x00, 0x00, 0x00, 0x00,
    0x00, 0x00, 0x00, 0x00, 0x00, 0x00, 0x00, 0x00, 0x00, 0x00, 0x00, 0x00, 0x00, 0x00, 0x00, 0x00,
    0x00, 0x00, 0x00, 0x00, 0x00, 0x00, 0x00, 0x00, 0x00, 0x00, 0x66, 0x29, 0x52, 0x8c, 0xd9, 0xbd,
    0x1a, 0xc6, 0xf9, 0xbd, 0x52, 0x8c, 0x66, 0x29, 0x00, 0x00, 0x00, 0x00, 0x00, 0x00, 0x00, 0x00,
    0x00, 0x00, 0x00, 0x00, 0x00, 0x00, 0x00, 0x00, 0x00, 0x00, 0x00, 0x00, 0x00, 0x00, 0x00, 0x00,
    0x00, 0x00, 0x00, 0x00, 0x00, 0x00, 0x00, 0x00, 0x00, 0x00, 0x00, 0x00, 0x00, 0x00, 0x00, 0x00,
    0x00, 0x00, 0x00, 0x00, 0x00, 0x00, 0x00, 0x00, 0x00, 0x00, 0xe4, 0x18, 0x6e, 0x6b, 0x56, 0xad,
    0xb8, 0xb5, 0x56, 0xad, 0x6e, 0x6b, 0xc3, 0x18, 0x00, 0x00, 0x00, 0x00, 0x00, 0x00, 0x00, 0x00,
    0x00, 0x00, 0x00, 0x00, 0x00, 0x00, 0x00, 0x00, 0x00, 0x00, 0x00, 0x00, 0x00, 0x00, 0x00, 0x00,
    0x00, 0x00, 0x00, 0x00, 0x00, 0x00, 0x00, 0x00, 0x00, 0x00, 0x00, 0x00, 0x00, 0x00, 0x00, 0x00,
    0x00, 0x00, 0x00, 0x00, 0x00, 0x00, 0x00, 0x00, 0x00, 0x00, 0xe4, 0x18, 0x0d, 0x63, 0xf5, 0x9c,
    0x77, 0xad, 0x15, 0xa5, 0x0d, 0x63, 0xe3, 0x18, 0x00, 0x00, 0x00, 0x00, 0x00, 0x00, 0x00, 0x00,
    0x00, 0x00, 0x00, 0x00, 0x00, 0x00, 0x00, 0x00, 0x00, 0x00, 0x00, 0x00, 0x00, 0x00, 0x00, 0x00,
    0x00, 0x00, 0x00, 0x00, 0x00, 0x00, 0x00, 0x00, 0x00, 0x00, 0x00, 0x00, 0x00, 0x00, 0x00, 0x00,
    0x00, 0x00, 0x00, 0x00, 0x00, 0x00, 0x00, 0x00, 0x00, 0x00, 0xe4, 0x18, 0x4e, 0x6b, 0x16, 0xa5,
    0x98, 0xb5, 0x36, 0xa5, 0x4e, 0x6b, 0xc3, 0x18, 0x00, 0x00, 0x00, 0x00, 0x00, 0x00, 0x00, 0x00,
    0x00, 0x00, 0x00, 0x00, 0x00, 0x00, 0x00, 0x00, 0x00, 0x00, 0x00, 0x00, 0x00, 0x00, 0x00, 0x00,
    0x00, 0x00, 0x00, 0x00, 0x00, 0x00, 0x00, 0x00, 0x00, 0x00, 0x00, 0x00, 0x00, 0x00, 0x00, 0x00,
    0x00, 0x00, 0x00, 0x00, 0x0d, 0x63, 0x3a, 0xc6, 0x3a, 0xc6, 0x3a, 0xc6, 0x5b, 0xce, 0x5a, 0xce,
    0x3a, 0xc6, 0x3a, 0xc6, 0x5b, 0xce, 0x5a, 0xce, 0x3a, 0xc6, 0x3a, 0xc6, 0x0d, 0x63, 0x20, 0x00,
    0x00, 0x00, 0x00, 0x00, 0x00, 0x00, 0x00, 0x00, 0x00, 0x00, 0x00, 0x00, 0x00, 0x00, 0x00, 0x00,
    0x00, 0x00, 0x00, 0x00, 0x00, 0x00, 0x00, 0x00, 0x00, 0x00, 0x00, 0x00, 0x00, 0x00, 0x00, 0x00,
    0x00, 0x00, 0x00, 0x00, 0x29, 0x42, 0xf9, 0xbd, 0x3a, 0xc6, 0x3a, 0xc6, 0x5b, 0xce, 0x5a, 0xce,
    0x3a, 0xc6, 0x3a, 0xc6, 0x5b, 0xce, 0x5a, 0xce, 0x3a, 0xc6, 0xf9, 0xbd, 0x29, 0x42, 0x00, 0x00,
    0x00, 0x00, 0x00, 0x00, 0x00, 0x00, 0x00, 0x00, 0x00, 0x00, 0x00, 0x00, 0x00, 0x00, 0x00, 0x00,
    0x00, 0x00, 0x00, 0x00, 0x00, 0x00, 0x00, 0x00, 0x00, 0x00, 0x00, 0x00, 0x00, 0x00, 0x00, 0x00,
    0x00, 0x00, 0x00, 0x00, 0x66, 0x29, 0x77, 0xad, 0x3a, 0xc6, 0x3a, 0xc6, 0x5b, 0xce, 0x5a, 0xce,
    0x3a, 0xc6, 0x3a, 0xc6, 0x5b, 0xce, 0x5a, 0xce, 0x3a, 0xc6, 0x57, 0xad, 0x66, 0x29, 0x00, 0x00,
    0x00, 0x00, 0x00, 0x00, 0x00, 0x00, 0x00, 0x00, 0x00, 0x00, 0x00, 0x00, 0x00, 0x00, 0x00, 0x00,
    0x00, 0x00, 0x00, 0x00, 0x00, 0x00, 0x00, 0x00, 0x00, 0x00, 0x00, 0x00, 0x00, 0x00, 0x00, 0x00,
    0x00, 0x00, 0x00, 0x00, 0xc3, 0x18, 0xb4, 0x94, 0x3a, 0xc6, 0x3a, 0xc6, 0x5b, 0xce, 0x5a, 0xce,
    0x3a, 0xc6, 0x3a, 0xc6, 0x5b, 0xce, 0x5a, 0xce, 0x3a, 0xc6, 0xb4, 0x94, 0xc3, 0x18, 0x00, 0x00,
    0x00, 0x00, 0x00, 0x00, 0x00, 0x00, 0x00, 0x00, 0x00, 0x00, 0x00, 0x00, 0x00, 0x00, 0x00, 0x00,
    0x00, 0x00, 0x00, 0x00, 0x00, 0x00, 0x00, 0x00, 0x00, 0x00, 0x00, 0x00, 0x00, 0x00, 0x00, 0x00,
    0x00, 0x00, 0x00, 0x00, 0x82, 0x10, 0x11, 0x84, 0x3a, 0xc6, 0x3a, 0xc6, 0x5b, 0xce, 0x5a, 0xce,
    0x3a, 0xc6, 0x3a, 0xc6, 0x5b, 0xce, 0x5a, 0xce, 0x3a, 0xc6, 0xf1, 0x7b, 0x82, 0x10, 0x00, 0x00,
    0x00, 0x00, 0x00, 0x00, 0x00, 0x00, 0x00, 0x00, 0x00, 0x00, 0x00, 0x00, 0x00, 0x00, 0x00, 0x00,
    0x00, 0x00, 0x00, 0x00, 0x00, 0x00, 0x00, 0x00, 0x00, 0x00, 0x00, 0x00, 0x00, 0x00, 0x00, 0x00,
    0x00, 0x00, 0x00, 0x00, 0x20, 0x00, 0x6f, 0x6b, 0x3a, 0xc6, 0x3a, 0xc6, 0x5b, 0xce, 0x5a, 0xce,
    0x3a, 0xc6, 0x3a, 0xc6, 0x5b, 0xce, 0x5a, 0xce, 0x3a, 0xc6, 0x6e, 0x6b, 0x20, 0x00, 0x00, 0x00,
    0x00, 0x00, 0x00, 0x00, 0x00, 0x00, 0x00, 0x00, 0x00, 0x00, 0x00, 0x00, 0x00, 0x00, 0x00, 0x00,
    0x00, 0x00, 0x00, 0x00, 0x00, 0x00, 0x00, 0x00, 0x00, 0x00, 0x00, 0x00, 0x00, 0x00, 0x00, 0x00,
    0x00, 0x00, 0x00, 0x00, 0x00, 0x00, 0x0d, 0x63, 0x3a, 0xc6, 0x3a, 0xc6, 0x5b, 0xce, 0x5a, 0xce,
    0x3a, 0xc6, 0x3a, 0xc6, 0x5b, 0xce, 0x5a, 0xce, 0x3a, 0xc6, 0xed, 0x5a, 0x00, 0x00, 0x00, 0x00,
    0x00, 0x00, 0x00, 0x00, 0x00, 0x00, 0x00, 0x00, 0x00, 0x00, 0x00, 0x00, 0x00, 0x00, 0x00, 0x00,
    0x00, 0x00, 0x00, 0x00, 0x00, 0x00, 0x00, 0x00, 0x00, 0x00, 0x00, 0x00, 0x00, 0x00, 0x00, 0x00,
    0x00, 0x00, 0x00, 0x00, 0x00, 0x00, 0xcc, 0x5a, 0x3a, 0xc6, 0x3a, 0xc6, 0x5b, 0xce, 0x5a, 0xce,
    0x3a, 0xc6, 0x3a, 0xc6, 0x5b, 0xce, 0x5a, 0xce, 0x3a, 0xc6, 0xab, 0x52, 0x00, 0x00, 0x00, 0x00,
    0x00, 0x00, 0x00, 0x00, 0x00, 0x00, 0x00, 0x00, 0x00, 0x00, 0x00, 0x00, 0x00, 0x00, 0x00, 0x00,
    0x00, 0x00, 0x00, 0x00, 0x00, 0x00, 0x00, 0x00, 0x00, 0x00, 0x00, 0x00, 0x00, 0x00, 0x00, 0x00,
    0x00, 0x00, 0x00, 0x00, 0x00, 0x00, 0x8b, 0x52, 0x3a, 0xc6, 0x3a, 0xc6, 0x5b, 0xce, 0x5a, 0xce,
    0x3a, 0xc6, 0x3a, 0xc6, 0x5b, 0xce, 0x5a, 0xce, 0x3a, 0xc6, 0x8b, 0x52, 0x00, 0x00, 0x00, 0x00,
    0x00, 0x00, 0x00, 0x00, 0x00, 0x00, 0x00, 0x00, 0x00, 0x00, 0x00, 0x00, 0x00, 0x00, 0x00, 0x00,
    0x00, 0x00, 0x00, 0x00, 0x00, 0x00, 0x00, 0x00, 0x00, 0x00, 0x00, 0x00, 0x00, 0x00, 0x00, 0x00,
    0x00, 0x00, 0x00, 0x00, 0x00, 0x00, 0xab, 0x52, 0x3a, 0xc6, 0x3a, 0xc6, 0x5b, 0xce, 0x5a, 0xce,
    0x3a, 0xc6, 0x3a, 0xc6, 0x5b, 0xce, 0x5a, 0xce, 0x3a, 0xc6, 0x8b, 0x52, 0x00, 0x00, 0x00, 0x00,
    0x00, 0x00, 0x00, 0x00, 0x00, 0x00, 0x00, 0x00, 0x00, 0x00, 0x00, 0x00, 0x00, 0x00, 0x00, 0x00,
    0x00, 0x00, 0x00, 0x00, 0x00, 0x00, 0x00, 0x00, 0x00, 0x00, 0x00, 0x00, 0x00, 0x00, 0x00, 0x00,
    0x00, 0x00, 0x00, 0x00, 0x00, 0x00, 0xcc, 0x5a, 0x3a, 0xc6, 0x3a, 0xc6, 0x5b, 0xce, 0x5a, 0xce,
    0x3a, 0xc6, 0x3a, 0xc6, 0x5b, 0xce, 0x5a, 0xce, 0x3a, 0xc6, 0xcc, 0x5a, 0x00, 0x00, 0x00, 0x00,
    0x00, 0x00, 0x00, 0x00, 0x00, 0x00, 0x00, 0x00, 0x00, 0x00, 0x00, 0x00, 0x00, 0x00, 0x00, 0x00,
    0x00, 0x00, 0x00, 0x00, 0x00, 0x00, 0x00, 0x00, 0x00, 0x00, 0x00, 0x00, 0x00, 0x00, 0x00, 0x00,
    0x00, 0x00, 0x00, 0x00, 0x00, 0x00, 0x4e, 0x6b, 0x3a, 0xc6, 0x3a, 0xc6, 0x5b, 0xce, 0x5a, 0xce,
    0x3a, 0xc6, 0x3a, 0xc6, 0x5b, 0xce, 0x5a, 0xce, 0x3a, 0xc6, 0x2e, 0x63, 0x00, 0x00, 0x00, 0x00,
    0x00, 0x00, 0x00, 0x00, 0x00, 0x00, 0x00, 0x00, 0x00, 0x00, 0x00, 0x00, 0x00, 0x00, 0x00, 0x00,
    0x00, 0x00, 0x00, 0x00, 0x00, 0x00, 0x00, 0x00, 0x00, 0x00, 0x00, 0x00, 0x00, 0x00, 0x00, 0x00,
    0x00, 0x00, 0x00, 0x00, 0x00, 0x00, 0x11, 0x84, 0x3a, 0xc6, 0x3a, 0xc6, 0x5b, 0xce, 0x5a, 0xce,
    0x3a, 0xc6, 0x3a, 0xc6, 0x5b, 0xce, 0x5a, 0xce, 0x3a, 0xc6, 0xf1, 0x7b, 0x00, 0x00, 0x00, 0x00,
    0x00, 0x00, 0x00, 0x00, 0x00, 0x00, 0x00, 0x00, 0x00, 0x00, 0x00, 0x00, 0x00, 0x00, 0x00, 0x00,
    0x00, 0x00, 0x00, 0x00, 0x00, 0x00, 0x00, 0x00, 0x00, 0x00, 0x00, 0x00, 0x00, 0x00, 0x00, 0x00,
    0x00, 0x00, 0x00, 0x00, 0x20, 0x00, 0xf5, 0x9c, 0x3a, 0xc6, 0x3a, 0xc6, 0x5b, 0xce, 0x5a, 0xce,
    0x3a, 0xc6, 0x3a, 0xc6, 0x5b, 0xce, 0x5a, 0xce, 0x3a, 0xc6, 0xf5, 0x9c, 0x20, 0x00, 0x00, 0x00,
    0x00, 0x00, 0x00, 0x00, 0x00, 0x00, 0x00, 0x00, 0x00, 0x00, 0x00, 0x00, 0x00, 0x00, 0x00, 0x00,
    0x00, 0x00, 0x00, 0x00, 0x00, 0x00, 0x00, 0x00, 0x00, 0x00, 0x00, 0x00, 0x00, 0x00, 0x00, 0x00,
    0x00, 0x00, 0x00, 0x00, 0xc3, 0x18, 0xd9, 0xbd, 0x3a, 0xc6, 0x3a, 0xc6, 0x5b, 0xce, 0x5a, 0xce,
    0x3a, 0xc6, 0x3a, 0xc6, 0x5b, 0xce, 0x5a, 0xce, 0x3a, 0xc6, 0xd8, 0xbd, 0xc3, 0x18, 0x00, 0x00,
    0x00, 0x00, 0x00, 0x00, 0x00, 0x00, 0x00, 0x00, 0x00, 0x00, 0x00, 0x00, 0x00, 0x00, 0x00, 0x00,
    0x00, 0x00, 0x00, 0x00, 0x00, 0x00, 0x00, 0x00, 0x00, 0x00, 0x00, 0x00, 0x00, 0x00, 0x00, 0x00,
    0x00, 0x00, 0x00, 0x00, 0x86, 0x31, 0x3a, 0xc6, 0x3a, 0xc6, 0x3a, 0xc6, 0x5b, 0xce, 0x5a, 0xce,
    0x3a, 0xc6, 0x3a, 0xc6, 0x5b, 0xce, 0x5a, 0xce, 0x3a, 0xc6, 0x3a, 0xc6, 0x86, 0x31, 0x00, 0x00,
    0x00, 0x00, 0x00, 0x00, 0x00, 0x00, 0x00, 0x00, 0x00, 0x00, 0x00, 0x00, 0x00, 0x00, 0x00, 0x00,
    0x00, 0x00, 0x00, 0x00, 0x00, 0x00, 0x00, 0x00, 0x00, 0x00, 0x00, 0x00, 0x00, 0x00, 0x00, 0x00,
    0x00, 0x00, 0x00, 0x00, 0xcc, 0x5a, 0x5a, 0xce, 0x3a, 0xc6, 0x3a, 0xc6, 0x5b, 0xce, 0x5a, 0xce,
    0x3a, 0xc6, 0x3a, 0xc6, 0x5b, 0xce, 0x5a, 0xce, 0x3a, 0xc6, 0x3a, 0xc6, 0xcc, 0x5a, 0x00, 0x00,
    0x00, 0x00, 0x00, 0x00, 0x00, 0x00, 0x00, 0x00, 0x00, 0x00, 0x00, 0x00, 0x00, 0x00, 0x00, 0x00,
    0x00, 0x00, 0x00, 0x00, 0x00, 0x00, 0x00, 0x00, 0x00, 0x00, 0x00, 0x00, 0x00, 0x00, 0x00, 0x00,
    0x00, 0x00, 0x00, 0x00, 0x32, 0x84, 0x5a, 0xce, 0x3a, 0xc6, 0x3a, 0xc6, 0x5b, 0xce, 0x5a, 0xce,
    0x3a, 0xc6, 0x3a, 0xc6, 0x5b, 0xce, 0x5a, 0xce, 0x3a, 0xc6, 0x3a, 0xc6, 0x32, 0x84, 0x00, 0x00,
    0x00, 0x00, 0x00, 0x00, 0x00, 0x00, 0x00, 0x00, 0x00, 0x00, 0x00, 0x00, 0x00, 0x00, 0x00, 0x00,
    0x00, 0x00, 0x00, 0x00, 0x00, 0x00, 0x00, 0x00, 0x00, 0x00, 0x00, 0x00, 0x00, 0x00, 0x00, 0x00,
    0x00, 0x00, 0xa2, 0x10, 0x56, 0xad, 0x5a, 0xce, 0x3a, 0xc6, 0x3a, 0xc6, 0x5b, 0xce, 0x5a, 0xce,
    0x3a, 0xc6, 0x3a, 0xc6, 0x5b, 0xce, 0x5a, 0xce, 0x3a, 0xc6, 0x3a, 0xc6, 0x56, 0xad, 0xa3, 0x10,
    0x00, 0x00, 0x00, 0x00, 0x00, 0x00, 0x00, 0x00, 0x00, 0x00, 0x00, 0x00, 0x00, 0x00, 0x00, 0x00,
    0x00, 0x00, 0x00, 0x00, 0x00, 0x00, 0x00, 0x00, 0x00, 0x00, 0x00, 0x00, 0x00, 0x00, 0x00, 0x00,
    0x00, 0x00, 0x04, 0x21, 0xd9, 0xbd, 0x5a, 0xce, 0x3a, 0xc6, 0x3a, 0xc6, 0x5b, 0xce, 0x5a, 0xce,
    0x3a, 0xc6, 0x3a, 0xc6, 0x5b, 0xce, 0x5a, 0xce, 0x3a, 0xc6, 0x3a, 0xc6, 0xd9, 0xbd, 0x25, 0x21,
    0x00, 0x00, 0x00, 0x00, 0x00, 0x00, 0x00, 0x00, 0x00, 0x00, 0x00, 0x00, 0x00, 0x00, 0x00, 0x00,
    0xa4, 0x08, 0xa4, 0x08, 0xa4, 0x10, 0xa4, 0x08, 0xa4, 0x08, 0xa4, 0x08, 0xa4, 0x10, 0xa4, 0x08,
    0xa4, 0x08, 0x09, 0x3a, 0x1a, 0xc6, 0x5a, 0xce, 0x3a, 0xc6, 0x3a, 0xc6, 0x5b, 0xce, 0x5a, 0xce,
    0x3a, 0xc6, 0x3a, 0xc6, 0x5b, 0xce, 0x5a, 0xce, 0x3a, 0xc6, 0x3a, 0xc6, 0x1a, 0xc6, 0x09, 0x3a,
    0xa4, 0x08, 0xa4, 0x08, 0xa4, 0x10, 0xa4, 0x08, 0xa4, 0x08, 0xa4, 0x08, 0xa4, 0x10, 0xa4, 0x08,
    0xa4, 0x08, 0xa4, 0x08, 0xa4, 0x10, 0xa4, 0x08, 0xa4, 0x08, 0xa4, 0x08, 0xa4, 0x10, 0xa4, 0x08,
    0xa4, 0x08, 0x4a, 0x42, 0x3a, 0xc6, 0x5a, 0xce, 0x3a, 0xc6, 0x3a, 0xc6, 0x5b, 0xce, 0x5a, 0xce,
    0x3a, 0xc6, 0x3a, 0xc6, 0x5b, 0xce, 0x5a, 0xce, 0x3a, 0xc6, 0x3a, 0xc6, 0x3a, 0xc6, 0x4a, 0x42,
    0xa4, 0x08, 0xa4, 0x08, 0xa4, 0x10, 0xa4, 0x08, 0xa4, 0x08, 0xa4, 0x08, 0xa4, 0x10, 0xa4, 0x08,
    0x00, 0x00, 0x00, 0x00, 0x00, 0x00, 0x00, 0x00, 0x00, 0x00, 0x00, 0x00, 0x00, 0x00, 0x00, 0x00,
    0x00, 0x00, 0xc8, 0x39, 0x1a, 0xc6, 0x5a, 0xce, 0x3a, 0xc6, 0x3a, 0xc6, 0x5b, 0xce, 0x5a, 0xce,
    0x3a, 0xc6, 0x3a, 0xc6, 0x5b, 0xce, 0x5a, 0xce, 0x3a, 0xc6, 0x3a, 0xc6, 0x1a, 0xc6, 0xe8, 0x39,
    0x00, 0x00, 0x00, 0x00, 0x00, 0x00, 0x00, 0x00, 0x00, 0x00, 0x00, 0x00, 0x00, 0x00, 0x00, 0x00,
    0x00, 0x00, 0x00, 0x00, 0x00, 0x00, 0x00, 0x00, 0x00, 0x00, 0x00, 0x00, 0x00, 0x00, 0x00, 0x00,
    0x00, 0x00, 0x66, 0x29, 0xf9, 0xbd, 0x5a, 0xce, 0x3a, 0xc6, 0x3a, 0xc6, 0x5b, 0xce, 0x5a, 0xce,
    0x3a, 0xc6, 0x3a, 0xc6, 0x5b, 0xce, 0x5a, 0xce, 0x3a, 0xc6, 0x3a, 0xc6, 0xf9, 0xbd, 0x86, 0x31,
    0x00, 0x00, 0x00, 0x00, 0x00, 0x00, 0x00, 0x00, 0x00, 0x00, 0x00, 0x00, 0x00, 0x00, 0x00, 0x00,
    0x00, 0x00, 0x00, 0x00, 0x00, 0x00, 0x00, 0x00, 0x00, 0x00, 0x00, 0x00, 0x00, 0x00, 0x00, 0x00,
    0x00, 0x00, 0xe3, 0x18, 0x56, 0xad, 0x5a, 0xce, 0x3a, 0xc6, 0x3a, 0xc6, 0x5b, 0xce, 0x5a, 0xce,
    0x3a, 0xc6, 0x3a, 0xc6, 0x5b, 0xce, 0x5a, 0xce, 0x3a, 0xc6, 0x3a, 0xc6, 0x56, 0xad, 0xe4, 0x18,
    0x00, 0x00, 0x00, 0x00, 0x00, 0x00, 0x00, 0x00, 0x00, 0x00, 0x00, 0x00, 0x00, 0x00, 0x00, 0x00,
    0x00, 0x00, 0x00, 0x00, 0x00, 0x00, 0x00, 0x00, 0x00, 0x00, 0x00, 0x00, 0x00, 0x00, 0x00, 0x00,
    0x00, 0x00, 0x61, 0x08, 0x32, 0x84, 0x5a, 0xce, 0x3a, 0xc6, 0x3a, 0xc6, 0x5b, 0xce, 0x5a, 0xce,
    0x3a, 0xc6, 0x3a, 0xc6, 0x5b, 0xce, 0x5a, 0xce, 0x3a, 0xc6, 0x3a, 0xc6, 0x32, 0x84, 0x62, 0x08,
    0x00, 0x00, 0x00, 0x00, 0x00, 0x00, 0x00, 0x00, 0x00, 0x00, 0x00, 0x00, 0x00, 0x00, 0x00, 0x00,
    0x00, 0x00, 0x00, 0x00, 0x00, 0x00, 0x00, 0x00, 0x00, 0x00, 0x00, 0x00, 0x00, 0x00, 0x00, 0x00,
    0x00, 0x00, 0x00, 0x00, 0xcc, 0x5a, 0x3a, 0xc6, 0x3a, 0xc6, 0x3a, 0xc6, 0x5b, 0xce, 0x5a, 0xce,
    0x3a, 0xc6, 0x3a, 0xc6, 0x5b, 0xce, 0x5a, 0xce, 0x3a, 0xc6, 0x3a, 0xc6, 0xcc, 0x5a, 0x00, 0x00,
    0x00, 0x00, 0x00, 0x00, 0x00, 0x00, 0x00, 0x00, 0x00, 0x00, 0x00, 0x00, 0x00, 0x00, 0x00, 0x00,
    0x21, 0x21, 0x21, 0x21, 0x22, 0x21, 0x21, 0x21, 0x21, 0x21, 0x21, 0x21, 0x22, 0x21, 0x21, 0x21,
    0x21, 0x21, 0x21, 0x21, 0x27, 0x42, 0xd8, 0xbd, 0x3a, 0xc6, 0x3a, 0xc6, 0x5b, 0xce, 0x5a, 0xce,
    0x3a, 0xc6, 0x3a, 0xc6, 0x5b, 0xce, 0x5a, 0xce, 0x3a, 0xc6, 0xb8, 0xb5, 0x27, 0x42, 0x21, 0x21,
    0x21, 0x21, 0x21, 0x21, 0x22, 0x21, 0x21, 0x21, 0x21, 0x21, 0x21, 0x21, 0x22, 0x21, 0x21, 0x21,
    0x21, 0x21, 0x21, 0x21, 0x22, 0x21, 0x21, 0x21, 0x21, 0x21, 0x21, 0x21, 0x22, 0x21, 0x21, 0x21,
    0x21, 0x21, 0x21, 0x21, 0x84, 0x29, 0xb3, 0x94, 0x3a, 0xc6, 0x3a, 0xc6, 0x5b, 0xce, 0x5a, 0xce,
    0x3a, 0xc6, 0x3a, 0xc6, 0x5b, 0xce, 0x5a, 0xce, 0x3a, 0xc6, 0x92, 0x94, 0x84, 0x29, 0x21, 0x21,
    0x21, 0x21, 0x21, 0x21, 0x22, 0x21, 0x21, 0x21, 0x21, 0x21, 0x21, 0x21, 0x22, 0x21, 0x21, 0x21,
    0x21, 0x21, 0x21, 0x21, 0x22, 0x21, 0x21, 0x21, 0x21, 0x21, 0x21, 0x21, 0x22, 0x21, 0x21, 0x21,
    0x21, 0x21, 0x21, 0x21, 0x22, 0x21, 0x6d, 0x6b, 0x3a, 0xc6, 0x3a, 0xc6, 0x5b, 0xce, 0x5a, 0xce,
    0x3a, 0xc6, 0x3a, 0xc6, 0x5b, 0xce, 0x5a, 0xce, 0x3a, 0xc6, 0x4c, 0x6b, 0x22, 0x21, 0x21, 0x21,
    0x21, 0x21, 0x21, 0x21, 0x22, 0x21, 0x21, 0x21, 0x21, 0x21, 0x21, 0x21, 0x22, 0x21, 0x21, 0x21,
    0x21, 0x21, 0x21, 0x21, 0x22, 0x21, 0x21, 0x21, 0x21, 0x21, 0x21, 0x21, 0x22, 0x21, 0x21, 0x21,
    0x21, 0x21, 0x21, 0x21, 0x22, 0x21, 0x68, 0x4a, 0x19, 0xc6, 0x3a, 0xc6, 0x5b, 0xce, 0x5a, 0xce,
    0x3a, 0xc6, 0x3a, 0xc6, 0x5b, 0xce, 0x5a, 0xce, 0x19, 0xc6, 0x68, 0x4a, 0x22, 0x21, 0x21, 0x21,
    0x21, 0x21, 0x21, 0x21, 0x22, 0x21, 0x21, 0x21, 0x21, 0x21, 0x21, 0x21, 0x22, 0x21, 0x21, 0x21,
    0x00, 0x00, 0x00, 0x00, 0x00, 0x00, 0x00, 0x00, 0x00, 0x00, 0x00, 0x00, 0x00, 0x00, 0x00, 0x00,
    0x00, 0x00, 0x00, 0x00, 0x00, 0x00, 0x04, 0x21, 0x98, 0xb5, 0x3a, 0xc6, 0x5b, 0xce, 0x5a, 0xce,
    0x3a, 0xc6, 0x3a, 0xc6, 0x5b, 0xce, 0x5a, 0xce, 0x98, 0xb5, 0xe4, 0x18, 0x00, 0x00, 0x00, 0x00,
    0x00, 0x00, 0x00, 0x00, 0x00, 0x00, 0x00, 0x00, 0x00, 0x00, 0x00, 0x00, 0x00, 0x00, 0x00, 0x00,
    0x00, 0x00, 0x00, 0x00, 0x00, 0x00, 0x00, 0x00, 0x00, 0x00, 0x00, 0x00, 0x00, 0x00, 0x00, 0x00,
    0x00, 0x00, 0x00, 0x00, 0x00, 0x00, 0xe4, 0x18, 0x56, 0xad, 0x3a, 0xc6, 0x5b, 0xce, 0x5a, 0xce,
    0x3a, 0xc6, 0x3a, 0xc6, 0x5b, 0xce, 0x5a, 0xce, 0x56, 0xad, 0xe3, 0x18, 0x00, 0x00, 0x00, 0x00,
    0x00, 0x00, 0x00, 0x00, 0x00, 0x00, 0x00, 0x00, 0x00, 0x00, 0x00, 0x00, 0x00, 0x00, 0x00, 0x00,
    0x00, 0x00, 0x00, 0x00, 0x00, 0x00, 0x00, 0x00, 0x00, 0x00, 0x00, 0x00, 0x00, 0x00, 0x00, 0x00,
    0x00, 0x00, 0x00, 0x00, 0x00, 0x00, 0xc3, 0x18, 0x57, 0xad, 0x3a, 0xc6, 0x5b, 0xce, 0x5a, 0xce,
    0x3a, 0xc6, 0x3a, 0xc6, 0x5b, 0xce, 0x5a, 0xce, 0x57, 0xad, 0xc3, 0x18, 0x00, 0x00, 0x00, 0x00,
    0x00, 0x00, 0x00, 0x00, 0x00, 0x00, 0x00, 0x00, 0x00, 0x00, 0x00, 0x00, 0x00, 0x00, 0x00, 0x00,
    0x00, 0x00, 0x00, 0x00, 0x00, 0x00, 0x00, 0x00, 0x00, 0x00, 0x00, 0x00, 0x00, 0x00, 0x00, 0x00,
    0x00, 0x00, 0x00, 0x00, 0x00, 0x00, 0xc3, 0x18, 0xb8, 0xb5, 0x3a, 0xc6, 0x5b, 0xce, 0x5a, 0xce,
    0x3a, 0xc6, 0x3a, 0xc6, 0x5b, 0xce, 0x5a, 0xce, 0xb8, 0xb5, 0xc3, 0x18, 0x00, 0x00, 0x00, 0x00,
    0x00, 0x00, 0x00, 0x00, 0x00, 0x00, 0x00, 0x00, 0x00, 0x00, 0x00, 0x00, 0x00, 0x00, 0x00, 0x00,
    0x00, 0x00, 0x00, 0x00, 0x00, 0x00, 0x00, 0x00, 0x00, 0x00, 0x00, 0x00, 0x00, 0x00, 0x00, 0x00,
    0x00, 0x00, 0x00, 0x00, 0x00, 0x00, 0x45, 0x29, 0x1a, 0xc6, 0x3a, 0xc6, 0x5b, 0xce, 0x5a, 0xce,
    0x3a, 0xc6, 0x3a, 0xc6, 0x5b, 0xce, 0x5a, 0xce, 0x1a, 0xc6, 0x45, 0x29, 0x00, 0x00, 0x00, 0x00,
    0x00, 0x00, 0x00, 0x00, 0x00, 0x00, 0x00, 0x00, 0x00, 0x00, 0x00, 0x00, 0x00, 0x00, 0x00, 0x00,
    0x00, 0x00, 0x00, 0x00, 0x00, 0x00, 0x00, 0x00, 0x00, 0x00, 0x00, 0x00, 0x00, 0x00, 0x00, 0x00,
    0x00, 0x00, 0x00, 0x00, 0x00, 0x00, 0x4a, 0x4a, 0x3a, 0xc6, 0x3a, 0xc6, 0x5b, 0xce, 0x5a, 0xce,
    0x3a, 0xc6, 0x3a, 0xc6, 0x5b, 0xce, 0x5a, 0xce, 0x3a, 0xc6, 0x29, 0x42, 0x00, 0x00, 0x00, 0x00,
    0x00, 0x00, 0x00, 0x00, 0x00, 0x00, 0x00, 0x00, 0x00, 0x00, 0x00, 0x00, 0x00, 0x00, 0x00, 0x00,
    0x00, 0x00, 0x00, 0x00, 0x00, 0x00, 0x00, 0x00, 0x00, 0x00, 0x00, 0x00, 0x00, 0x00, 0x00, 0x00,
    0x00, 0x00, 0x00, 0x00, 0x00, 0x00, 0xb0, 0x73, 0x3a, 0xc6, 0x3a, 0xc6, 0x5b, 0xce, 0x5a, 0xce,
    0x3a, 0xc6, 0x3a, 0xc6, 0x5b, 0xce, 0x5a, 0xce, 0x3a, 0xc6, 0xb0, 0x73, 0x00, 0x00, 0x00, 0x00,
    0x00, 0x00, 0x00, 0x00, 0x00, 0x00, 0x00, 0x00, 0x00, 0x00, 0x00, 0x00, 0x00, 0x00, 0x00, 0x00,
    0x00, 0x00, 0x00, 0x00, 0x00, 0x00, 0x00, 0x00, 0x00, 0x00, 0x00, 0x00, 0x00, 0x00, 0x00, 0x00,
    0x00, 0x00, 0x00, 0x00, 0x82, 0x10, 0x56, 0xad, 0x3a, 0xc6, 0x3a, 0xc6, 0x5b, 0xce, 0x5a, 0xce,
    0x3a, 0xc6, 0x3a, 0xc6, 0x5b, 0xce, 0x5a, 0xce, 0x3a, 0xc6, 0x36, 0xa5, 0x82, 0x10, 0x00, 0x00,
    0x00, 0x00, 0x00, 0x00, 0x00, 0x00, 0x00, 0x00, 0x00, 0x00, 0x00, 0x00, 0x00, 0x00, 0x00, 0x00,
    0x00, 0x00, 0x00, 0x00, 0x00, 0x00, 0x00, 0x00, 0x00, 0x00, 0x00, 0x00, 0x00, 0x00, 0x00, 0x00,
    0x00, 0x00, 0x00, 0x00, 0x86, 0x31, 0x3a, 0xc6, 0x3a, 0xc6, 0x3a, 0xc6, 0x5b, 0xce, 0x5a, 0xce,
    0x3a, 0xc6, 0x3a, 0xc6, 0x5b, 0xce, 0x5a, 0xce, 0x3a, 0xc6, 0x1a, 0xc6, 0x86, 0x31, 0x00, 0x00,
    0x00, 0x00, 0x00, 0x00, 0x00, 0x00, 0x00, 0x00, 0x00, 0x00, 0x00, 0x00, 0x00, 0x00, 0x00, 0x00,
    0x00, 0x00, 0x00, 0x00, 0x00, 0x00, 0x00, 0x00, 0x00, 0x00, 0x00, 0x00, 0x00, 0x00, 0x00, 0x00,
    0x00, 0x00, 0x00, 0x00, 0x0d, 0x63, 0x5a, 0xce, 0x3a, 0xc6, 0x3a, 0xc6, 0x5b, 0xce, 0x5a, 0xce,
    0x3a, 0xc6, 0x3a, 0xc6, 0x5b, 0xce, 0x5a, 0xce, 0x3a, 0xc6, 0x3a, 0xc6, 0x0d, 0x63, 0x00, 0x00,
    0x00, 0x00, 0x00, 0x00, 0x00, 0x00, 0x00, 0x00, 0x00, 0x00, 0x00, 0x00, 0x00, 0x00, 0x00, 0x00,
    0x00, 0x00, 0x00, 0x00, 0x00, 0x00, 0x00, 0x00, 0x00, 0x00, 0x00, 0x00, 0x00, 0x00, 0x00, 0x00,
    0x00, 0x00, 0x41, 0x08, 0xb3, 0x94, 0x5a, 0xce, 0x3a, 0xc6, 0x3a, 0xc6, 0x5b, 0xce, 0x5a, 0xce,
    0x3a, 0xc6, 0x3a, 0xc6, 0x5b, 0xce, 0x5a, 0xce, 0x3a, 0xc6, 0x3a, 0xc6, 0xb3, 0x94, 0x41, 0x08,
    0x00, 0x00, 0x00, 0x00, 0x00, 0x00, 0x00, 0x00, 0x00, 0x00, 0x00, 0x00, 0x00, 0x00, 0x00, 0x00,
    0x00, 0x00, 0x00, 0x00, 0x00, 0x00, 0x00, 0x00, 0x00, 0x00, 0x00, 0x00, 0x00, 0x00, 0x00, 0x00,
    0x00, 0x00, 0xe4, 0x18, 0xb8, 0xb5, 0x5a, 0xce, 0x3a, 0xc6, 0x3a, 0xc6, 0x5b, 0xce, 0x5a, 0xce,
    0x3a, 0xc6, 0x3a, 0xc6, 0x5b, 0xce, 0x5a, 0xce, 0x3a, 0xc6, 0x3a, 0xc6, 0xb8, 0xb5, 0xe4, 0x18,
    0x00, 0x00, 0x00, 0x00, 0x00, 0x00, 0x00, 0x00, 0x00, 0x00, 0x00, 0x00, 0x00, 0x00, 0x00, 0x00,
    0x00, 0x00, 0x00, 0x00, 0x00, 0x00, 0x00, 0x00, 0x00, 0x00, 0x00, 0x00, 0x00, 0x00, 0x00, 0x00,
    0x00, 0x00, 0xa7, 0x31, 0x3a, 0xc6, 0x5a, 0xce, 0x3a, 0xc6, 0x3a, 0xc6, 0x5b, 0xce, 0x5a, 0xce,
    0x3a, 0xc6, 0x3a, 0xc6, 0x5b, 0xce, 0x5a, 0xce, 0x3a, 0xc6, 0x3a, 0xc6, 0x3a, 0xc6, 0xc7, 0x39,
    0x00, 0x00, 0x00, 0x00, 0x00, 0x00, 0x00, 0x00, 0x00, 0x00, 0x00, 0x00, 0x00, 0x00, 0x00, 0x00,
    0x00, 0x00, 0x00, 0x00, 0x00, 0x00, 0x00, 0x00, 0x00, 0x00, 0x00, 0x00, 0x00, 0x00, 0x00, 0x00,
    0x00, 0x00, 0x6a, 0x4a, 0x5a, 0xce, 0x5a, 0xce, 0x3a, 0xc6, 0x3a, 0xc6, 0x5b, 0xce, 0x5a, 0xce,
    0x3a, 0xc6, 0x3a, 0xc6, 0x5b, 0xce, 0x5a, 0xce, 0x3a, 0xc6, 0x3a, 0xc6, 0x5a, 0xce, 0x6a, 0x4a,
    0x00, 0x00, 0x00, 0x00, 0x00, 0x00, 0x00, 0x00, 0x00, 0x00, 0x00, 0x00, 0x00, 0x00, 0x00, 0x00,
    0x00, 0x00, 0x00, 0x00, 0x00, 0x00, 0x00, 0x00, 0x00, 0x00, 0x00, 0x00, 0x00, 0x00, 0x00, 0x00,
    0x00, 0x00, 0xac, 0x52, 0x5b, 0xce, 0x5a, 0xce, 0x3a, 0xc6, 0x3a, 0xc6, 0x5b, 0xce, 0x5a, 0xce,
    0x3a, 0xc6, 0x3a, 0xc6, 0x5b, 0xce, 0x5a, 0xce, 0x3a, 0xc6, 0x3a, 0xc6, 0x5b, 0xce, 0xcc, 0x5a,
    0x00, 0x00, 0x00, 0x00, 0x00, 0x00, 0x00, 0x00, 0x00, 0x00, 0x00, 0x00, 0x00, 0x00, 0x00, 0x00,
    0x00, 0x00, 0x00, 0x00, 0x00, 0x00, 0x00, 0x00, 0x00, 0x00, 0x00, 0x00, 0x00, 0x00, 0x00, 0x00,
    0x00, 0x00, 0xab, 0x52, 0x5b, 0xce, 0x5a, 0xce, 0x3a, 0xc6, 0x3a, 0xc6, 0x5b, 0xce, 0x5a, 0xce,
    0x3a, 0xc6, 0x3a, 0xc6, 0x5b, 0xce, 0x5a, 0xce, 0x3a, 0xc6, 0x3a, 0xc6, 0x5b, 0xce, 0xcc, 0x5a,
    0x00, 0x00, 0x00, 0x00, 0x00, 0x00, 0x00, 0x00, 0x00, 0x00, 0x00, 0x00, 0x00, 0x00, 0x00, 0x00,
    0x00, 0x00, 0x00, 0x00, 0x00, 0x00, 0x00, 0x00, 0x00, 0x00, 0x00, 0x00, 0x00, 0x00, 0x00, 0x00,
    0x00, 0x00, 0x4a, 0x4a, 0x5a, 0xce, 0x5a, 0xce, 0x3a, 0xc6, 0x3a, 0xc6, 0x5b, 0xce, 0x5a, 0xce,
    0x3a, 0xc6, 0x3a, 0xc6, 0x5b, 0xce, 0x5a, 0xce, 0x3a, 0xc6, 0x3a, 0xc6, 0x5a, 0xce, 0x4a, 0x4a,
    0x00, 0x00, 0x00, 0x00, 0x00, 0x00, 0x00, 0x00, 0x00, 0x00, 0x00, 0x00, 0x00, 0x00, 0x00, 0x00,
    0x00, 0x00, 0x00, 0x00, 0x00, 0x00, 0x00, 0x00, 0x00, 0x00, 0x00, 0x00, 0x00, 0x00, 0x00, 0x00,
    0x00, 0x00, 0x87, 0x31, 0x1a, 0xc6, 0x5a, 0xce, 0x3a, 0xc6, 0x3a, 0xc6, 0x5b, 0xce, 0x5a, 0xce,
    0x3a, 0xc6, 0x3a, 0xc6, 0x5b, 0xce, 0x5a, 0xce, 0x3a, 0xc6, 0x3a, 0xc6, 0x1a, 0xc6, 0xa7, 0x31,
    0x00, 0x00, 0x00, 0x00, 0x00, 0x00, 0x00, 0x00, 0x00, 0x00, 0x00, 0x00, 0x00, 0x00, 0x00, 0x00,
    0x00, 0x00, 0x00, 0x00, 0x00, 0x00, 0x00, 0x00, 0x00, 0x00, 0x00, 0x00, 0x00, 0x00, 0x00, 0x00,
    0x00, 0x00, 0xc3, 0x18, 0x77, 0xad, 0x5a, 0xce, 0x3a, 0xc6, 0x3a, 0xc6, 0x5b, 0xce, 0x5a, 0xce,
    0x3a, 0xc6, 0x3a, 0xc6, 0x5b, 0xce, 0x5a, 0xce, 0x3a, 0xc6, 0x3a, 0xc6, 0x77, 0xad, 0xc3, 0x18,
    0x00, 0x00, 0x00, 0x00, 0x00, 0x00, 0x00, 0x00, 0x00, 0x00, 0x00, 0x00, 0x00, 0x00, 0x00, 0x00,
    0x00, 0x00, 0x00, 0x00, 0x00, 0x00, 0x00, 0x00, 0x00, 0x00, 0x00, 0x00, 0x00, 0x00, 0x00, 0x00,
    0x00, 0x00, 0x20, 0x00, 0x32, 0x84, 0x5a, 0xce, 0x3a, 0xc6, 0x3a, 0xc6, 0x5b, 0xce, 0x5a, 0xce,
    0x3a, 0xc6, 0x3a, 0xc6, 0x5b, 0xce, 0x5a, 0xce, 0x3a, 0xc6, 0x3a, 0xc6, 0x32, 0x84, 0x20, 0x00,
    0x00, 0x00, 0x00, 0x00, 0x00, 0x00, 0x00, 0x00, 0x00, 0x00, 0x00, 0x00, 0x00, 0x00, 0x00, 0x00,
    0x00, 0x00, 0x00, 0x00, 0x00, 0x00, 0x00, 0x00, 0x00, 0x00, 0x00, 0x00, 0x00, 0x00, 0x00, 0x00,
    0x00, 0x00, 0x00, 0x00, 0x6a, 0x4a, 0x5a, 0xce, 0x3a, 0xc6, 0x3a, 0xc6, 0x5b, 0xce, 0x5a, 0xce,
    0x3a, 0xc6, 0x3a, 0xc6, 0x5b, 0xce, 0x5a, 0xce, 0x3a, 0xc6, 0x3a, 0xc6, 0x6a, 0x4a, 0x00, 0x00,
    0x00, 0x00, 0x00, 0x00, 0x00, 0x00, 0x00, 0x00, 0x00, 0x00, 0x00, 0x00, 0x00, 0x00, 0x00, 0x00,
    0x00, 0x00, 0x00, 0x00, 0x00, 0x00, 0x00, 0x00, 0x00, 0x00, 0x00, 0x00, 0x00, 0x00, 0x00, 0x00,
    0x00, 0x00, 0x00, 0x00, 0x04, 0x21, 0xd8, 0xbd, 0x3a, 0xc6, 0x3a, 0xc6, 0x5b, 0xce, 0x5a, 0xce,
    0x3a, 0xc6, 0x3a, 0xc6, 0x5b, 0xce, 0x5a, 0xce, 0x3a, 0xc6, 0xb8, 0xb5, 0x04, 0x21, 0x00, 0x00,
    0x00, 0x00, 0x00, 0x00, 0x00, 0x00, 0x00, 0x00, 0x00, 0x00, 0x00, 0x00, 0x00, 0x00, 0x00, 0x00,
    0x00, 0x00, 0x00, 0x00, 0x00, 0x00, 0x00, 0x00, 0x00, 0x00, 0x00, 0x00, 0x00, 0x00, 0x00, 0x00,
    0x00, 0x00, 0x00, 0x00, 0x21, 0x00, 0x52, 0x8c, 0x3a, 0xc6, 0x3a, 0xc6, 0x5b, 0xce, 0x5a, 0xce,
    0x3a, 0xc6, 0x3a, 0xc6, 0x5b, 0xce, 0x5a, 0xce, 0x3a, 0xc6, 0x52, 0x8c, 0x21, 0x00, 0x00, 0x00,
    0x00, 0x00, 0x00, 0x00, 0x00, 0x00, 0x00, 0x00, 0x00, 0x00, 0x00, 0x00, 0x00, 0x00, 0x00, 0x00,
    0x00, 0x00, 0x00, 0x00, 0x00, 0x00, 0x00, 0x00, 0x00, 0x00, 0x00, 0x00, 0x00, 0x00, 0x00, 0x00,
    0x00, 0x00, 0x00, 0x00, 0x00, 0x00, 0xab, 0x52, 0x3a, 0xc6, 0x3a, 0xc6, 0x5b, 0xce, 0x5a, 0xce,
    0x3a, 0xc6, 0x3a, 0xc6, 0x5b, 0xce, 0x5a, 0xce, 0x3a, 0xc6, 0x8b, 0x52, 0x00, 0x00, 0x00, 0x00,
    0x00, 0x00, 0x00, 0x00, 0x00, 0x00, 0x00, 0x00, 0x00, 0x00, 0x00, 0x00, 0x00, 0x00, 0x00, 0x00,
    0x00, 0x00, 0x00, 0x00, 0x00, 0x00, 0x00, 0x00, 0x00, 0x00, 0x00, 0x00, 0x00, 0x00, 0x00, 0x00,
    0x00, 0x00, 0x00, 0x00, 0x00, 0x00, 0x66, 0x29, 0x19, 0xc6, 0x3a, 0xc6, 0x5b, 0xce, 0x5a, 0xce,
    0x3a, 0xc6, 0x3a, 0xc6, 0x5b, 0xce, 0x5a, 0xce, 0x19, 0xc6, 0x45, 0x29, 0x00, 0x00, 0x00, 0x00,
    0x00, 0x00, 0x00, 0x00, 0x00, 0x00, 0x00, 0x00, 0x00, 0x00, 0x00, 0x00, 0x00, 0x00, 0x00, 0x00,
    0x00, 0x00, 0x00, 0x00, 0x00, 0x00, 0x00, 0x00, 0x00, 0x00, 0x00, 0x00, 0x00, 0x00, 0x00, 0x00,
    0x00, 0x00, 0x00, 0x00, 0x00, 0x00, 0xe4, 0x18, 0x77, 0xad, 0x3a, 0xc6, 0x5b, 0xce, 0x5a, 0xce,
    0x3a, 0xc6, 0x3a, 0xc6, 0x5b, 0xce, 0x5a, 0xce, 0x77, 0xad, 0xc3, 0x18, 0x00, 0x00, 0x00, 0x00,
    0x00, 0x00, 0x00, 0x00, 0x00, 0x00, 0x00, 0x00, 0x00, 0x00, 0x00, 0x00, 0x00, 0x00, 0x00, 0x00,
    0x00, 0x00, 0x00, 0x00, 0x00, 0x00, 0x00, 0x00, 0x00, 0x00, 0x00, 0x00, 0x00, 0x00, 0x00, 0x00,
    0x00, 0x00, 0x00, 0x00, 0x00, 0x00, 0x82, 0x10, 0xf5, 0x9c, 0x3a, 0xc6, 0x5b, 0xce, 0x5a, 0xce,
    0x3a, 0xc6, 0x3a, 0xc6, 0x5b, 0xce, 0x5a, 0xce, 0xf5, 0x9c, 0x62, 0x08, 0x00, 0x00, 0x00, 0x00,
    0x00, 0x00, 0x00, 0x00, 0x00, 0x00, 0x00, 0x00, 0x00, 0x00, 0x00, 0x00, 0x00, 0x00, 0x00, 0x00,
    0x00, 0x00, 0x00, 0x00, 0x00, 0x00, 0x00, 0x00, 0x00, 0x00, 0x00, 0x00, 0x00, 0x00, 0x00, 0x00,
    0x00, 0x00, 0x00, 0x00, 0x00, 0x00, 0x62, 0x08, 0xd4, 0x9c, 0x3a, 0xc6, 0x5b, 0xce, 0x5a, 0xce,
    0x3a, 0xc6, 0x3a, 0xc6, 0x5b, 0xce, 0x5a, 0xce, 0xd4, 0x9c, 0x61, 0x08, 0x00, 0x00, 0x00, 0x00,
    0x00, 0x00, 0x00, 0x00, 0x00, 0x00, 0x00, 0x00, 0x00, 0x00, 0x00, 0x00, 0x00, 0x00, 0x00, 0x00,
    0x00, 0x00, 0x00, 0x00, 0x00, 0x00, 0x00, 0x00, 0x00, 0x00, 0x00, 0x00, 0x00, 0x00, 0x00, 0x00,
    0x00, 0x00, 0x00, 0x00, 0x00, 0x00, 0xc3, 0x18, 0x16, 0xa5, 0x3a, 0xc6, 0x5b, 0xce, 0x5a, 0xce,
    0x3a, 0xc6, 0x3a, 0xc6, 0x5b, 0xce, 0x5a, 0xce, 0x16, 0xa5, 0xa3, 0x10, 0x00, 0x00, 0x00, 0x00,
    0x00, 0x00, 0x00, 0x00, 0x00, 0x00, 0x00, 0x00, 0x00, 0x00, 0x00, 0x00, 0x00, 0x00, 0x00, 0x00,
    0x00, 0x00, 0x00, 0x00, 0x00, 0x00, 0x00, 0x00, 0x00, 0x00, 0x00, 0x00, 0x00, 0x00, 0x00, 0x00,
    0x08, 0x3a, 0x36, 0xa5, 0x3a, 0xc6, 0x5b, 0xce, 0x5a, 0xce, 0x3a, 0xc6, 0x3a, 0xc6, 0x5b, 0xce,
    0x5a, 0xce, 0x3a, 0xc6, 0x3a, 0xc6, 0x5b, 0xce, 0x5a, 0xce, 0x3a, 0xc6, 0x3a, 0xc6, 0x11, 0x84,
    0x20, 0x00, 0x00, 0x00, 0x00, 0x00, 0x00, 0x00, 0x00, 0x00, 0x00, 0x00, 0x00, 0x00, 0x00, 0x00,
    0x00, 0x00, 0x00, 0x00, 0x00, 0x00, 0x00, 0x00, 0x00, 0x00, 0x00, 0x00, 0x00, 0x00, 0x20, 0x00,
    0xe8, 0x39, 0xd4, 0x9c, 0x3a, 0xc6, 0x5b, 0xce, 0x5a, 0xce, 0x3a, 0xc6, 0x3a, 0xc6, 0x5b, 0xce,
    0x5a, 0xce, 0x3a, 0xc6, 0x3a, 0xc6, 0x5b, 0xce, 0x5a, 0xce, 0x3a, 0xc6, 0x3a, 0xc6, 0x6e, 0x6b,
    0x00, 0x00, 0x00, 0x00, 0x00, 0x00, 0x00, 0x00, 0x00, 0x00, 0x00, 0x00, 0x00, 0x00, 0x00, 0x00,
    0x00, 0x00, 0x00, 0x00, 0x00, 0x00, 0x00, 0x00, 0x00, 0x00, 0x00, 0x00, 0x00, 0x00, 0x20, 0x00,
    0x86, 0x31, 0x32, 0x84, 0x3a, 0xc6, 0x5b, 0xce, 0x5a, 0xce, 0x3a, 0xc6, 0x3a, 0xc6, 0x5b, 0xce,
    0x5a, 0xce, 0x3a, 0xc6, 0x3a, 0xc6, 0x5b, 0xce, 0x5a, 0xce, 0x3a, 0xc6, 0x19, 0xbe, 0x8b, 0x52,
    0x00, 0x00, 0x00, 0x00, 0x00, 0x00, 0x00, 0x00, 0x00, 0x00, 0x00, 0x00, 0x00, 0x00, 0x00, 0x00,
    0x00, 0x00, 0x00, 0x00, 0x00, 0x00, 0x00, 0x00, 0x00, 0x00, 0x00, 0x00, 0x00, 0x00, 0x00, 0x00,
    0xe4, 0x18, 0x0d, 0x5b, 0x3a, 0xc6, 0x5b, 0xce, 0x5a, 0xce, 0x3a, 0xc6, 0x3a, 0xc6, 0x5b, 0xce,
    0x5a, 0xce, 0x3a, 0xc6, 0x3a, 0xc6, 0x5b, 0xce, 0x5a, 0xce, 0x3a, 0xc6, 0xf9, 0xbd, 0x49, 0x42,
    0x82, 0x10, 0x00, 0x00, 0x00, 0x00, 0x00, 0x00, 0x00, 0x00, 0x00, 0x00, 0x00, 0x00, 0x00, 0x00,
    0x00, 0x00, 0x00, 0x00, 0x00, 0x00, 0x00, 0x00, 0x00, 0x00, 0x00, 0x00, 0x00, 0x00, 0x00, 0x00,
    0x41, 0x08, 0x86, 0x31, 0xb8, 0xb5, 0x5b, 0xce, 0x5a, 0xce, 0x3a, 0xc6, 0x3a, 0xc6, 0x5b, 0xce,
    0x5a, 0xce, 0x3a, 0xc6, 0x3a, 0xc6, 0x5b, 0xce, 0x5a, 0xce, 0x19, 0xbe, 0x36, 0xa5, 0x8b, 0x52,
    0x46, 0x29, 0x00, 0x00, 0x00, 0x00, 0x00, 0x00, 0x00, 0x00, 0x00, 0x00, 0x00, 0x00, 0x00, 0x00,
    0x00, 0x00, 0x00, 0x00, 0x00, 0x00, 0x00, 0x00, 0x00, 0x00, 0x00, 0x00, 0x00, 0x00, 0x00, 0x00,
    0x00, 0x00, 0x61, 0x08, 0xd4, 0x9c, 0x5b, 0xce, 0x5a, 0xce, 0x3a, 0xc6, 0x3a, 0xc6, 0x5b, 0xce,
    0x5a, 0xce, 0x3a, 0xc6, 0x3a, 0xc6, 0x5b, 0xce, 0x5a, 0xce, 0x19, 0xbe, 0xb4, 0x94, 0x6e, 0x6b,
    0x4a, 0x4a, 0x61, 0x08, 0x00, 0x00, 0x00, 0x00, 0x00, 0x00, 0x00, 0x00, 0x00, 0x00, 0x00, 0x00,
    0x00, 0x00, 0x00, 0x00, 0x00, 0x00, 0x00, 0x00, 0x00, 0x00, 0x00, 0x00, 0x00, 0x00, 0x00, 0x00,
    0x00, 0x00, 0x00, 0x00, 0xb0, 0x73, 0x5b, 0xce, 0x5a, 0xce, 0x3a, 0xc6, 0x3a, 0xc6, 0x5b, 0xce,
    0x5a, 0xce, 0x3a, 0xc6, 0x3a, 0xc6, 0x5b, 0xce, 0x5a, 0xce, 0xd8, 0xb5, 0x73, 0x8c, 0x11, 0x84,
    0x0d, 0x63, 0xa3, 0x10, 0x00, 0x00, 0x00, 0x00, 0x00, 0x00, 0x00, 0x00, 0x00, 0x00, 0x00, 0x00,
    0x00, 0x00, 0x00, 0x00, 0x00, 0x00, 0x00, 0x00, 0x00, 0x00, 0x00, 0x00, 0x00, 0x00, 0x00, 0x00,
    0x00, 0x00, 0x00, 0x00, 0xab, 0x52, 0x5b, 0xce, 0x5a, 0xce, 0x3a, 0xc6, 0x3a, 0xc6, 0x5b, 0xce,
    0x5a, 0xce, 0x3a, 0xc6, 0x3a, 0xc6, 0x5b, 0xce, 0x5a, 0xce, 0xb8, 0xb5, 0x52, 0x84, 0x73, 0x8c,
    0x6e, 0x6b, 0xe4, 0x18, 0x00, 0x00, 0x00, 0x00, 0x00, 0x00, 0x00, 0x00, 0x00, 0x00, 0x00, 0x00,
    0x00, 0x00, 0x00, 0x00, 0x00, 0x00, 0x00, 0x00, 0x00, 0x00, 0x00, 0x00, 0x00, 0x00, 0x00, 0x00,
    0x00, 0x00, 0x00, 0x00, 0xc7, 0x39, 0x5b, 0xce, 0x5a, 0xce, 0x3a, 0xc6, 0x3a, 0xc6, 0x5b, 0xce,
    0x5a, 0xce, 0x3a, 0xc6, 0x3a, 0xc6, 0x5b, 0xce, 0x5a, 0xce, 0xb8, 0xb5, 0xf1, 0x7b, 0x52, 0x8c,
    0x6e, 0x6b, 0x04, 0x21, 0x00, 0x00, 0x00, 0x00, 0x00, 0x00, 0x00, 0x00, 0x00, 0x00, 0x00, 0x00,
    0x00, 0x00, 0x00, 0x00, 0x00, 0x00, 0x00, 0x00, 0x00, 0x00, 0x00, 0x00, 0x00, 0x00, 0x00, 0x00,
    0x00, 0x00, 0x00, 0x00, 0x25, 0x21, 0x5b, 0xce, 0x5a, 0xce, 0x3a, 0xc6, 0x3a, 0xc6, 0x5b, 0xce,
    0x5a, 0xce, 0x3a, 0xc6, 0x3a, 0xc6, 0x5b, 0xce, 0x5a, 0xce, 0xb8, 0xb5, 0x6e, 0x6b, 0xd0, 0x7b,
    0xed, 0x5a, 0xe4, 0x18, 0x00, 0x00, 0x00, 0x00, 0x00, 0x00, 0x00, 0x00, 0x00, 0x00, 0x00, 0x00,
    0x00, 0x00, 0x00, 0x00, 0x00, 0x00, 0x00, 0x00, 0x00, 0x00, 0x00, 0x00, 0x00, 0x00, 0x00, 0x00,
    0x00, 0x00, 0x00, 0x00, 0xe4, 0x18, 0x5b, 0xce, 0x5a, 0xce, 0x3a, 0xc6, 0x3a, 0xc6, 0x5b, 0xce,
    0x5a, 0xce, 0x3a, 0xc6, 0x3a, 0xc6, 0x5b, 0xce, 0x5a, 0xce, 0x19, 0xbe, 0x8b, 0x52, 0xec, 0x5a,
    0x29, 0x42, 0xc3, 0x18, 0x00, 0x00, 0x00, 0x00, 0x00, 0x00, 0x00, 0x00, 0x00, 0x00, 0x00, 0x00,
    0x00, 0x00, 0x00, 0x00, 0x00, 0x00, 0x00, 0x00, 0x00, 0x00, 0x00, 0x00, 0x00, 0x00, 0x00, 0x00,
    0x00, 0x00, 0x00, 0x00, 0xe4, 0x18, 0x3a, 0xc6, 0x3a, 0xc6, 0x1a, 0xc6, 0x1a, 0xc6, 0x3a, 0xc6,
    0x3a, 0xc6, 0x1a, 0xc6, 0x1a, 0xc6, 0x3a, 0xc6, 0x1a, 0xc6, 0xf9, 0xbd, 0xc7, 0x31, 0xa7, 0x31,
    0x25, 0x21, 0x41, 0x08, 0x00, 0x00, 0x00, 0x00, 0x00, 0x00, 0x00, 0x00, 0x00, 0x00, 0x00, 0x00,
    0x00, 0x00, 0x00, 0x00, 0x00, 0x00, 0x00, 0x00, 0x00, 0x00, 0x00, 0x00, 0x00, 0x00, 0x00, 0x00,
    0x00, 0x00, 0x00, 0x00, 0x25, 0x21, 0x1a, 0xc6, 0x1a, 0xc6, 0x19, 0xc6, 0xf9, 0xbd, 0x1a, 0xc6,
    0x1a, 0xc6, 0xf9, 0xbd, 0xf9, 0xbd, 0x1a, 0xc6, 0xf9, 0xbd, 0xf9, 0xbd, 0x66, 0x29, 0xc3, 0x18,
    0x61, 0x08, 0x00, 0x00, 0x00, 0x00, 0x00, 0x00, 0x00, 0x00, 0x00, 0x00, 0x00, 0x00, 0x00, 0x00,
    0x00, 0x00, 0x00, 0x00, 0x00, 0x00, 0x00, 0x00, 0x00, 0x00, 0x00, 0x00, 0x00, 0x00, 0x00, 0x00,
    0x00, 0x00, 0x00, 0x00, 0xe8, 0x39, 0xf9, 0xbd, 0xf9, 0xbd, 0xf9, 0xbd, 0xf9, 0xbd, 0xf9, 0xbd,
    0xf9, 0xbd, 0xf9, 0xbd, 0xd9, 0xbd, 0xf9, 0xbd, 0xf9, 0xbd, 0xd9, 0xbd, 0xc8, 0x39, 0x00, 0x00,
    0x00, 0x00, 0x00, 0x00, 0x00, 0x00, 0x00, 0x00, 0x00, 0x00, 0x00, 0x00, 0x00, 0x00, 0x00, 0x00,
    0x00, 0x00, 0x00, 0x00, 0x00, 0x00, 0x00, 0x00, 0x00, 0x00, 0x00, 0x00, 0x00, 0x00, 0x00, 0x00,
    0x00, 0x00, 0x00, 0x00, 0xec, 0x5a, 0xf9, 0xbd, 0xf9, 0xbd, 0xd9, 0xbd, 0xd9, 0xbd, 0xf9, 0xbd,
    0xd9, 0xbd, 0xd9, 0xbd, 0xd9, 0xbd, 0xd9, 0xbd, 0xd9, 0xbd, 0xb8, 0xb5, 0xec, 0x5a, 0x00, 0x00,
    0x00, 0x00, 0x00, 0x00, 0x00, 0x00, 0x00, 0x00, 0x00, 0x00, 0x00, 0x00, 0x00, 0x00, 0x00, 0x00,
    0x00, 0x00, 0x00, 0x00, 0x00, 0x00, 0x00, 0x00, 0x00, 0x00, 0x00, 0x00, 0x00, 0x00, 0x00, 0x00,
    0x00, 0x00, 0x00, 0x00, 0x32, 0x84, 0xd9, 0xbd, 0xd9, 0xbd, 0xd9, 0xbd, 0xd9, 0xbd, 0xd9, 0xbd,
    0xd9, 0xbd, 0xd9, 0xbd, 0xb8, 0xb5, 0xd9, 0xbd, 0xb8, 0xb5, 0xb8, 0xb5, 0x12, 0x84, 0x00, 0x00,
    0x00, 0x00, 0x00, 0x00, 0x00, 0x00, 0x00, 0x00, 0x00, 0x00, 0x00, 0x00, 0x00, 0x00, 0x00, 0x00,
    0x00, 0x00, 0x00, 0x00, 0x00, 0x00, 0x00, 0x00, 0x00, 0x00, 0x00, 0x00, 0x00, 0x00, 0x00, 0x00,
    0x00, 0x00, 0x82, 0x10, 0x56, 0xad, 0xd9, 0xbd, 0xd9, 0xbd, 0xd9, 0xbd, 0xb8, 0xb5, 0xd9, 0xbd,
    0xd9, 0xbd, 0xb8, 0xb5, 0xb8, 0xb5, 0xb8, 0xb5, 0xb8, 0xb5, 0xb8, 0xb5, 0x16, 0xa5, 0x82, 0x10,
    0x00, 0x00, 0x00, 0x00, 0x00, 0x00, 0x00, 0x00, 0x00, 0x00, 0x00, 0x00, 0x00, 0x00, 0x00, 0x00,
    0x00, 0x00, 0x00, 0x00, 0x00, 0x00, 0x00, 0x00, 0x00, 0x00, 0x00, 0x00, 0x00, 0x00, 0x00, 0x00,
    0x00, 0x00, 0x45, 0x29, 0xb8, 0xb5, 0xd9, 0xbd, 0xd9, 0xbd, 0xd9, 0xbd, 0xb8, 0xb5, 0xd9, 0xbd,
    0xd9, 0xbd, 0xb8, 0xb5, 0xb8, 0xb5, 0xb8, 0xb5, 0xb8, 0xb5, 0x98, 0xb5, 0x98, 0xb5, 0x66, 0x29,
    0x00, 0x00, 0x00, 0x00, 0x00, 0x00, 0x00, 0x00, 0x00, 0x00, 0x00, 0x00, 0x00, 0x00, 0x00, 0x00,
    0x00, 0x00, 0x00, 0x00, 0x00, 0x00, 0x00, 0x00, 0x00, 0x00, 0x00, 0x00, 0x00, 0x00, 0x00, 0x00,
    0x00, 0x00, 0x8b, 0x52, 0xb8, 0xb5, 0xd9, 0xbd, 0xd9, 0xbd, 0xd9, 0xbd, 0xb8, 0xb5, 0xd9, 0xbd,
    0xd9, 0xbd, 0xb8, 0xb5, 0xb8, 0xb5, 0xb8, 0xb5, 0xb8, 0xb5, 0xb8, 0xb5, 0x98, 0xb5, 0x8b, 0x52,
    0x00, 0x00, 0x00, 0x00, 0x00, 0x00, 0x00, 0x00, 0x00, 0x00, 0x00, 0x00, 0x00, 0x00, 0x00, 0x00,
    0x00, 0x00, 0x00, 0x00, 0x00, 0x00, 0x00, 0x00, 0x00, 0x00, 0x00, 0x00, 0x00, 0x00, 0x00, 0x00,
    0x00, 0x00, 0xb0, 0x73, 0xb8, 0xb5, 0xd9, 0xbd, 0xd9, 0xbd, 0xd9, 0xbd, 0xb8, 0xb5, 0xd9, 0xbd,
    0xd9, 0xbd, 0xb8, 0xb5, 0xb8, 0xb5, 0xd9, 0xbd, 0xb8, 0xb5, 0xb8, 0xb5, 0x98, 0xb5, 0xaf, 0x73,
    0x00, 0x00, 0x00, 0x00, 0x00, 0x00, 0x00, 0x00, 0x00, 0x00, 0x00, 0x00, 0x00, 0x00, 0x00, 0x00,
    0xa4, 0x08, 0xa4, 0x08, 0xa4, 0x08, 0xa4, 0x10, 0xa4, 0x08, 0xa4, 0x08, 0xa4, 0x08, 0xa4, 0x10,
    0xe5, 0x10, 0xf5, 0x9c, 0x3a, 0xc6, 0x5b, 0xce, 0x5a, 0xce, 0x3a, 0xc6, 0x3a, 0xc6, 0x5b, 0xce,
    0x5a, 0xce, 0x3a, 0xc6, 0x3a, 0xc6, 0x5b, 0xce, 0x5a, 0xce, 0x3a, 0xc6, 0x3a, 0xc6, 0xf5, 0x9c,
    0xe5, 0x10, 0xa4, 0x08, 0xa4, 0x08, 0xa4, 0x10, 0xa4, 0x08, 0xa4, 0x08, 0xa4, 0x08, 0xa4, 0x10,
    0xa4, 0x08, 0xa4, 0x08, 0xa4, 0x08, 0xa4, 0x10, 0xa4, 0x08, 0xa4, 0x08, 0xa4, 0x08, 0xa4, 0x10,
    0x46, 0x21, 0x77, 0xad, 0x3a, 0xc6, 0x5b, 0xce, 0x5a, 0xce, 0x3a, 0xc6, 0x3a, 0xc6, 0x5b, 0xce,
    0x5a, 0xce, 0x3a, 0xc6, 0x3a, 0xc6, 0x5b, 0xce, 0x5a, 0xce, 0x3a, 0xc6, 0x3a, 0xc6, 0x77, 0xad,
    0x46, 0x21, 0xa4, 0x08, 0xa4, 0x08, 0xa4, 0x10, 0xa4, 0x08, 0xa4, 0x08, 0xa4, 0x08, 0xa4, 0x10,
    0x00, 0x00, 0x00, 0x00, 0x00, 0x00, 0x00, 0x00, 0x00, 0x00, 0x00, 0x00, 0x00, 0x00, 0x00, 0x00,
    0xe3, 0x18, 0x36, 0xa5, 0xf9, 0xbd, 0x1a, 0xc6, 0xf9, 0xbd, 0xf9, 0xbd, 0xf9, 0xbd, 0x1a, 0xc6,
    0xf9, 0xbd, 0xf9, 0xbd, 0xf9, 0xbd, 0xf9, 0xbd, 0xf9, 0xbd, 0xf9, 0xbd, 0xd9, 0xbd, 0x36, 0xa5,
    0xe3, 0x18, 0x00, 0x00, 0x00, 0x00, 0x00, 0x00, 0x00, 0x00, 0x00, 0x00, 0x00, 0x00, 0x00, 0x00,
    0x00, 0x00, 0x00, 0x00, 0x00, 0x00, 0x00, 0x00, 0x00, 0x00, 0x00, 0x00, 0x00, 0x00, 0x00, 0x00,
    0xc3, 0x18, 0x36, 0xa5, 0x19, 0xc6, 0x1a, 0xc6, 0x1a, 0xc6, 0x1a, 0xc6, 0x1a, 0xc6, 0x1a, 0xc6,
    0x1a, 0xc6, 0x1a, 0xc6, 0x19, 0xc6, 0x1a, 0xc6, 0x1a, 0xc6, 0x19, 0xc6, 0xf9, 0xbd, 0x36, 0xa5,
    0xc3, 0x18, 0x00, 0x00, 0x00, 0x00, 0x00, 0x00, 0x00, 0x00, 0x00, 0x00, 0x00, 0x00, 0x00, 0x00,
    0x00, 0x00, 0x00, 0x00, 0x00, 0x00, 0x00, 0x00, 0x00, 0x00, 0x00, 0x00, 0x00, 0x00, 0x00, 0x00,
    0x04, 0x19, 0x15, 0xa5, 0x3a, 0xc6, 0x3a, 0xc6, 0x3a, 0xc6, 0x3a, 0xc6, 0x3a, 0xc6, 0x3a, 0xc6,
    0x3a, 0xc6, 0x3a, 0xc6, 0x1a, 0xc6, 0x3a, 0xc6, 0x3a, 0xc6, 0x3a, 0xc6, 0x1a, 0xc6, 0xd4, 0x9c,
    0x62, 0x08, 0x00, 0x00, 0x00, 0x00, 0x00, 0x00, 0x00, 0x00, 0x00, 0x00, 0x00, 0x00, 0x00, 0x00,
    0x00, 0x00, 0x00, 0x00, 0x00, 0x00, 0x00, 0x00, 0x00, 0x00, 0x00, 0x00, 0x00, 0x00, 0x00, 0x00,
    0x66, 0x29, 0xd4, 0x9c, 0x3a, 0xc6, 0x5b, 0xce, 0x5a, 0xce, 0x3a, 0xc6, 0x3a, 0xc6, 0x5b, 0xce,
    0x5a, 0xce, 0x3a, 0xc6, 0x3a, 0xc6, 0x5b, 0xce, 0x5a, 0xce, 0x3a, 0xc6, 0x3a, 0xc6, 0xf0, 0x7b,
    0x00, 0x00, 0x00, 0x00, 0x00, 0x00, 0x00, 0x00, 0x00, 0x00, 0x00, 0x00, 0x00, 0x00, 0x00, 0x00,
    0x00, 0x00, 0x00, 0x00, 0x00, 0x00, 0x00, 0x00, 0x00, 0x00, 0x00, 0x00, 0x00, 0x00, 0x61, 0x08,
    0x09, 0x42, 0x73, 0x8c, 0x3a, 0xc6, 0x5b, 0xce, 0x5a, 0xce, 0x3a, 0xc6, 0x3a, 0xc6, 0x5b, 0xce,
    0x5a, 0xce, 0x3a, 0xc6, 0x3a, 0xc6, 0x5b, 0xce, 0x5a, 0xce, 0x3a, 0xc6, 0x3a, 0xc6, 0xab, 0x52,
    0x00, 0x00, 0x00, 0x00, 0x00, 0x00, 0x00, 0x00, 0x00, 0x00, 0x00, 0x00, 0x00, 0x00, 0x00, 0x00,
    0x21, 0x21, 0x21, 0x21, 0x21, 0x21, 0x22, 0x21, 0x21, 0x21, 0x21, 0x21, 0x21, 0x21, 0xc5, 0x31,
    0x0b, 0x63, 0x92, 0x94, 0x3a, 0xc6, 0x5b, 0xce, 0x5a, 0xce, 0x3a, 0xc6, 0x3a, 0xc6, 0x5b, 0xce,
    0x5a, 0xce, 0x3a, 0xc6, 0x3a, 0xc6, 0x5b, 0xce, 0x5a, 0xce, 0x3a, 0xc6, 0x1a, 0xc6, 0x27, 0x42,
    0x21, 0x21, 0x21, 0x21, 0x21, 0x21, 0x22, 0x21, 0x21, 0x21, 0x21, 0x21, 0x21, 0x21, 0x22, 0x21,
    0x21, 0x21, 0x21, 0x21, 0x21, 0x21, 0x22, 0x21, 0x21, 0x21, 0x21, 0x21, 0x21, 0x21, 0xc5, 0x31,
    0x0b, 0x63, 0x92, 0x8c, 0xd9, 0xbd, 0x5b, 0xce, 0x5a, 0xce, 0x3a, 0xc6, 0x3a, 0xc6, 0x5b, 0xce,
    0x5a, 0xce, 0x3a, 0xc6, 0x3a, 0xc6, 0x5b, 0xce, 0x5a, 0xce, 0x3a, 0xc6, 0x56, 0xad, 0x84, 0x29,
    0x21, 0x21, 0x21, 0x21, 0x21, 0x21, 0x22, 0x21, 0x21, 0x21, 0x21, 0x21, 0x21, 0x21, 0x22, 0x21,
    0x21, 0x21, 0x21, 0x21, 0x21, 0x21, 0x22, 0x21, 0x21, 0x21, 0x21, 0x21, 0x21, 0x21, 0x84, 0x29,
    0xa9, 0x52, 0xee, 0x73, 0x36, 0xa5, 0x5b, 0xce, 0x5a, 0xce, 0x3a, 0xc6, 0x3a, 0xc6, 0x5b, 0xce,
    0x5a, 0xce, 0x3a, 0xc6, 0x3a, 0xc6, 0x5b, 0xce, 0x5a, 0xce, 0x3a, 0xc6, 0x10, 0x84, 0x22, 0x21,
    0x21, 0x21, 0x21, 0x21, 0x21, 0x21, 0x22, 0x21, 0x21, 0x21, 0x21, 0x21, 0x21, 0x21, 0x22, 0x21,
    0x21, 0x21, 0x21, 0x21, 0x21, 0x21, 0x22, 0x21, 0x21, 0x21, 0x21, 0x21, 0x21, 0x21, 0x22, 0x21,
    0x06, 0x42, 0x2b, 0x63, 0x30, 0x84, 0x5b, 0xce, 0x5a, 0xce, 0x3a, 0xc6, 0x3a, 0xc6, 0x5b, 0xce,
    0x5a, 0xce, 0x3a, 0xc6, 0x3a, 0xc6, 0x5b, 0xce, 0x5a, 0xce, 0x3a, 0xc6, 0xea, 0x5a, 0xc5, 0x39,
    0x62, 0x29, 0x21, 0x21, 0x21, 0x21, 0x22, 0x21, 0x21, 0x21, 0x21, 0x21, 0x21, 0x21, 0x22, 0x21,
    0x00, 0x00, 0x00, 0x00, 0x00, 0x00, 0x00, 0x00, 0x00, 0x00, 0x00, 0x00, 0x00, 0x00, 0x00, 0x00,
    0x82, 0x10, 0x45, 0x29, 0x6a, 0x4a, 0x5a, 0xce, 0x5a, 0xce, 0x3a, 0xc6, 0x3a, 0xc6, 0x5b, 0xce,
    0x5a, 0xce, 0x3a, 0xc6, 0x3a, 0xc6, 0x5b, 0xce, 0x5a, 0xce, 0x19, 0xbe, 0xe8, 0x39, 0xc8, 0x39,
    0x25, 0x21, 0x00, 0x00, 0x00, 0x00, 0x00, 0x00, 0x00, 0x00, 0x00, 0x00, 0x00, 0x00, 0x00, 0x00,
    0x00, 0x00, 0x00, 0x00, 0x00, 0x00, 0x00, 0x00, 0x00, 0x00, 0x00, 0x00, 0x00, 0x00, 0x00, 0x00,
    0x00, 0x00, 0x61, 0x08, 0x46, 0x29, 0x1a, 0xc6, 0x5a, 0xce, 0x3a, 0xc6, 0x3a, 0xc6, 0x5b, 0xce,
    0x5a, 0xce, 0x3a, 0xc6, 0x3a, 0xc6, 0x5b, 0xce, 0x5a, 0xce, 0xf8, 0xbd, 0x8b, 0x52, 0x0d, 0x63,
    0x29, 0x42, 0xa3, 0x10, 0x00, 0x00, 0x00, 0x00, 0x00, 0x00, 0x00, 0x00, 0x00, 0x00, 0x00, 0x00,
    0x00, 0x00, 0x00, 0x00, 0x00, 0x00, 0x00, 0x00, 0x00, 0x00, 0x00, 0x00, 0x00, 0x00, 0x00, 0x00,
    0x00, 0x00, 0x00, 0x00, 0x62, 0x08, 0xf9, 0xbd, 0x5a, 0xce, 0x3a, 0xc6, 0x3a, 0xc6, 0x5b, 0xce,
    0x5a, 0xce, 0x3a, 0xc6, 0x3a, 0xc6, 0x5b, 0xce, 0x5a, 0xce, 0x77, 0xad, 0x2e, 0x63, 0xf1, 0x7b,
    0x0d, 0x63, 0x25, 0x21, 0x00, 0x00, 0x00, 0x00, 0x00, 0x00, 0x00, 0x00, 0x00, 0x00, 0x00, 0x00,
    0x00, 0x00, 0x00, 0x00, 0x00, 0x00, 0x00, 0x00, 0x00, 0x00, 0x00, 0x00, 0x00, 0x00, 0x00, 0x00,
    0x00, 0x00, 0x00, 0x00, 0x61, 0x08, 0xf9, 0xbd, 0x5a, 0xce, 0x3a, 0xc6, 0x3a, 0xc6, 0x5b, 0xce,
    0x5a, 0xce, 0x3a, 0xc6, 0x3a, 0xc6, 0x5b, 0xce, 0x39, 0xc6, 0x57, 0xad, 0xaf, 0x73, 0x52, 0x8c,
    0xaf, 0x73, 0xa7, 0x31, 0x00, 0x00, 0x00, 0x00, 0x00, 0x00, 0x00, 0x00, 0x00, 0x00, 0x00, 0x00,
    0x00, 0x00, 0x00, 0x00, 0x00, 0x00, 0x00, 0x00, 0x00, 0x00, 0x00, 0x00, 0x00, 0x00, 0x00, 0x00,
    0x00, 0x00, 0x00, 0x00, 0xa3, 0x10, 0x1a, 0xc6, 0x5a, 0xce, 0x3a, 0xc6, 0x3a, 0xc6, 0x5b, 0xce,
    0x5a, 0xce, 0x3a, 0xc6, 0x3a, 0xc6, 0x5b, 0xce, 0x39, 0xc6, 0x77, 0xad, 0xd0, 0x7b, 0x73, 0x8c,
    0xb0, 0x73, 0xe8, 0x39, 0x20, 0x00, 0x00, 0x00, 0x00, 0x00, 0x00, 0x00, 0x00, 0x00, 0x00, 0x00,
    0x00, 0x00, 0x00, 0x00, 0x00, 0x00, 0x00, 0x00, 0x00, 0x00, 0x00, 0x00, 0x00, 0x00, 0x00, 0x00,
    0x00, 0x00, 0x00, 0x00, 0x04, 0x21, 0x5a, 0xce, 0x5a, 0xce, 0x3a, 0xc6, 0x3a, 0xc6, 0x5b, 0xce,
    0x5a, 0xce, 0x3a, 0xc6, 0x3a, 0xc6, 0x5b, 0xce, 0x39, 0xc6, 0x97, 0xad, 0xb0, 0x73, 0x11, 0x84,
    0x6e, 0x6b, 0xa7, 0x31, 0x20, 0x00, 0x00, 0x00, 0x00, 0x00, 0x00, 0x00, 0x00, 0x00, 0x00, 0x00,
    0x00, 0x00, 0x00, 0x00, 0x00, 0x00, 0x00, 0x00, 0x00, 0x00, 0x00, 0x00, 0x00, 0x00, 0x00, 0x00,
    0x00, 0x00, 0x00, 0x00, 0x09, 0x42, 0x5b, 0xce, 0x5a, 0xce, 0x3a, 0xc6, 0x3a, 0xc6, 0x5b, 0xce,
    0x5a, 0xce, 0x3a, 0xc6, 0x3a, 0xc6, 0x5b, 0xce, 0x39, 0xc6, 0xb8, 0xb5, 0x8f, 0x73, 0x2d, 0x63,
    0xab, 0x52, 0x25, 0x21, 0x00, 0x00, 0x00, 0x00, 0x00, 0x00, 0x00, 0x00, 0x00, 0x00, 0x00, 0x00,
    0x00, 0x00, 0x00, 0x00, 0x00, 0x00, 0x00, 0x00, 0x00, 0x00, 0x00, 0x00, 0x00, 0x00, 0x00, 0x00,
    0x00, 0x00, 0x00, 0x00, 0x8f, 0x73, 0x3a, 0xc6, 0x3a, 0xc6, 0x3a, 0xc6, 0x1a, 0xc6, 0x3a, 0xc6,
    0x3a, 0xc6, 0x3a, 0xc6, 0x1a, 0xc6, 0x3a, 0xc6, 0x3a, 0xc6, 0xf9, 0xbd, 0xd0, 0x7b, 0x08, 0x42,
    0x87, 0x31, 0xc3, 0x18, 0x00, 0x00, 0x00, 0x00, 0x00, 0x00, 0x00, 0x00, 0x00, 0x00, 0x00, 0x00,
    0x00, 0x00, 0x00, 0x00, 0x00, 0x00, 0x00, 0x00, 0x00, 0x00, 0x00, 0x00, 0x00, 0x00, 0x00, 0x00,
    0x00, 0x00, 0x20, 0x00, 0xf5, 0x9c, 0x1a, 0xc6, 0x1a, 0xc6, 0x1a, 0xc6, 0x19, 0xc6, 0x1a, 0xc6,
    0x1a, 0xc6, 0x1a, 0xc6, 0xf9, 0xbd, 0x1a, 0xc6, 0x1a, 0xc6, 0xd8, 0xb5, 0xf5, 0x9c, 0x04, 0x21,
    0xc3, 0x18, 0x00, 0x00, 0x00, 0x00, 0x00, 0x00, 0x00, 0x00, 0x00, 0x00, 0x00, 0x00, 0x00, 0x00,
    0x00, 0x00, 0x00, 0x00, 0x00, 0x00, 0x00, 0x00, 0x00, 0x00, 0x00, 0x00, 0x00, 0x00, 0x00, 0x00,
    0x00, 0x00, 0x04, 0x21, 0xd9, 0xbd, 0x19, 0xc6, 0xf9, 0xbd, 0xf9, 0xbd, 0xf9, 0xbd, 0x19, 0xc6,
    0xf9, 0xbd, 0xf9, 0xbd, 0xf9, 0xbd, 0xf9, 0xbd, 0xf9, 0xbd, 0xd9, 0xbd, 0x97, 0xad, 0x04, 0x21,
    0x00, 0x00, 0x00, 0x00, 0x00, 0x00, 0x00, 0x00, 0x00, 0x00, 0x00, 0x00, 0x00, 0x00, 0x00, 0x00,
    0x00, 0x00, 0x00, 0x00, 0x00, 0x00, 0x00, 0x00, 0x00, 0x00, 0x00, 0x00, 0x00, 0x00, 0x00, 0x00,
    0x00, 0x00, 0x29, 0x42, 0xd9, 0xbd, 0xf9, 0xbd, 0xf9, 0xbd, 0xf9, 0xbd, 0xd9, 0xbd, 0xf9, 0xbd,
    0xf9, 0xbd, 0xd9, 0xbd, 0xd9, 0xbd, 0xd9, 0xbd, 0xd9, 0xbd, 0xd9, 0xbd, 0xb8, 0xb5, 0x4a, 0x4a,
    0x00, 0x00, 0x00, 0x00, 0x00, 0x00, 0x00, 0x00, 0x00, 0x00, 0x00, 0x00, 0x00, 0x00, 0x00, 0x00,
    0x00, 0x00, 0x00, 0x00, 0x00, 0x00, 0x00, 0x00, 0x00, 0x00, 0x00, 0x00, 0x00, 0x00, 0x00, 0x00,
    0x00, 0x00, 0x8f, 0x73, 0xd9, 0xbd, 0xf9, 0xbd, 0xd9, 0xbd, 0xd9, 0xbd, 0xd9, 0xbd, 0xd9, 0xbd,
    0xd9, 0xbd, 0xd9, 0xbd, 0xb8, 0xb5, 0xd9, 0xbd, 0xd9, 0xbd, 0xb8, 0xb5, 0xb8, 0xb5, 0x8f, 0x73,
    0x00, 0x00, 0x00, 0x00, 0x00, 0x00, 0x00, 0x00, 0x00, 0x00, 0x00, 0x00, 0x00, 0x00, 0x00, 0x00,
    0x00, 0x00, 0x00, 0x00, 0x00, 0x00, 0x00, 0x00, 0x00, 0x00, 0x00, 0x00, 0x00, 0x00, 0x00, 0x00,
    0x41, 0x08, 0x93, 0x94, 0xb8, 0xb5, 0xd9, 0xbd, 0xd9, 0xbd, 0xd9, 0xbd, 0xb8, 0xb5, 0xd9, 0xbd,
    0xd9, 0xbd, 0xb8, 0xb5, 0xb8, 0xb5, 0xd9, 0xbd, 0xb8, 0xb5, 0xb8, 0xb5, 0x98, 0xb5, 0x73, 0x8c,
    0x41, 0x08, 0x00, 0x00, 0x00, 0x00, 0x00, 0x00, 0x00, 0x00, 0x00, 0x00, 0x00, 0x00, 0x00, 0x00,
    0x00, 0x00, 0x00, 0x00, 0x00, 0x00, 0x00, 0x00, 0x00, 0x00, 0x00, 0x00, 0x00, 0x00, 0x00, 0x00,
    0xc3, 0x18, 0x16, 0xa5, 0xb8, 0xb5, 0xd9, 0xbd, 0xd9, 0xbd, 0xd9, 0xbd, 0xb8, 0xb5, 0xd9, 0xbd,
    0xd9, 0xbd, 0xb8, 0xb5, 0xb8, 0xb5, 0xb8, 0xb5, 0xb8, 0xb5, 0xb8, 0xb5, 0x98, 0xb5, 0xf5, 0x9c,
    0xc3, 0x18, 0x00, 0x00, 0x00, 0x00, 0x00, 0x00, 0x00, 0x00, 0x00, 0x00, 0x00, 0x00, 0x00, 0x00,
    0x00, 0x00, 0x00, 0x00, 0x00, 0x00, 0x00, 0x00, 0x00, 0x00, 0x00, 0x00, 0x00, 0x00, 0x00, 0x00,
    0xe4, 0x18, 0x57, 0xad, 0xb8, 0xb5, 0xd9, 0xbd, 0xd9, 0xbd, 0xd9, 0xbd, 0xb8, 0xb5, 0xd9, 0xbd,
    0xd9, 0xbd, 0xb8, 0xb5, 0xb8, 0xb5, 0xb8, 0xb5, 0xb8, 0xb5, 0xb8, 0xb5, 0x98, 0xb5, 0x36, 0xa5,
    0xe4, 0x18, 0x00, 0x00, 0x00, 0x00, 0x00, 0x00, 0x00, 0x00, 0x00, 0x00, 0x00, 0x00, 0x00, 0x00,
    0x00, 0x00, 0x00, 0x00, 0x00, 0x00, 0x00, 0x00, 0x00, 0x00, 0x00, 0x00, 0x00, 0x00, 0x00, 0x00,
    0xe4, 0x18, 0x57, 0xad, 0xb8, 0xb5, 0xd9, 0xbd, 0xd9, 0xbd, 0xd9, 0xbd, 0xb8, 0xb5, 0xd9, 0xbd,
    0xd9, 0xbd, 0xb8, 0xb5, 0xb8, 0xb5, 0xd9, 0xbd, 0xb8, 0xb5, 0xb8, 0xb5, 0x98, 0xb5, 0x36, 0xa5,
    0xe4, 0x18, 0x00, 0x00, 0x00, 0x00, 0x00, 0x00, 0x00, 0x00, 0x00, 0x00, 0x00, 0x00, 0x00, 0x00,
    0x00, 0x00, 0x00, 0x00, 0x00, 0x00, 0x00, 0x00, 0x00, 0x00, 0x00, 0x00, 0x00, 0x00, 0x00, 0x00,
    0xa3, 0x10, 0x36, 0xa5, 0xd9, 0xbd, 0xf9, 0xbd, 0xd9, 0xbd, 0xd9, 0xbd, 0xd9, 0xbd, 0xd9, 0xbd,
    0xd9, 0xbd, 0xd9, 0xbd, 0xb8, 0xb5, 0xd9, 0xbd, 0xd8, 0xbd, 0xb8, 0xb5, 0xb8, 0xb5, 0x16, 0xa5,
    0xa3, 0x10, 0x00, 0x00, 0x00, 0x00, 0x00, 0x00, 0x00, 0x00, 0x00, 0x00, 0x00, 0x00, 0x00, 0x00,
    0x00, 0x00, 0x00, 0x00, 0x00, 0x00, 0x00, 0x00, 0x00, 0x00, 0x00, 0x00, 0x00, 0x00, 0x00, 0x00,
    0x61, 0x08, 0xb4, 0x94, 0xd9, 0xbd, 0xf9, 0xbd, 0xf9, 0xbd, 0xd9, 0xbd, 0xd9, 0xbd, 0xf9, 0xbd,
    0xf9, 0xbd, 0xd9, 0xbd, 0xd9, 0xbd, 0xd9, 0xbd, 0xd9, 0xbd, 0xd9, 0xbd, 0xb8, 0xb5, 0xb4, 0x94,
    0x61, 0x08, 0x00, 0x00, 0x00, 0x00, 0x00, 0x00, 0x00, 0x00, 0x00, 0x00, 0x00, 0x00, 0x00, 0x00,
    0x00, 0x00, 0x00, 0x00, 0x00, 0x00, 0x00, 0x00, 0x00, 0x00, 0x00, 0x00, 0x00, 0x00, 0x00, 0x00,
    0x00, 0x00, 0xb0, 0x73, 0xf9, 0xbd, 0x19, 0xc6, 0xf9, 0xbd, 0xf9, 0xbd, 0xf9, 0xbd, 0xf9, 0xbd,
    0xf9, 0xbd, 0xf9, 0xbd, 0xd9, 0xbd, 0xf9, 0xbd, 0xf9, 0xbd, 0xd9, 0xbd, 0xd9, 0xbd, 0xb0, 0x73,
    0x00, 0x00, 0x00, 0x00, 0x00, 0x00, 0x00, 0x00, 0x00, 0x00, 0x00, 0x00, 0x00, 0x00, 0x00, 0x00,
    0x00, 0x00, 0x00, 0x00, 0x00, 0x00, 0x00, 0x00, 0x00, 0x00, 0x00, 0x00, 0x00, 0x00, 0x00, 0x00,
    0x00, 0x00, 0xab, 0x52, 0xf9, 0xbd, 0x1a, 0xc6, 0x1a, 0xc6, 0x1a, 0xc6, 0xf9, 0xbd, 0x1a, 0xc6,
    0x1a, 0xc6, 0x19, 0xc6, 0xf9, 0xbd, 0x1a, 0xc6, 0x19, 0xc6, 0xf9, 0xbd, 0xf9, 0xbd, 0x6a, 0x4a,
    0x00, 0x00, 0x00, 0x00, 0x00, 0x00, 0x00, 0x00, 0x00, 0x00, 0x00, 0x00, 0x00, 0x00, 0x00, 0x00,
    0x00, 0x00, 0x00, 0x00, 0x00, 0x00, 0x00, 0x00, 0x00, 0x00, 0x00, 0x00, 0x00, 0x00, 0x00, 0x00,
    0xc3, 0x18, 0x29, 0x42, 0x19, 0xc6, 0x3a, 0xc6, 0x3a, 0xc6, 0x3a, 0xc6, 0x1a, 0xc6, 0x3a, 0xc6,
    0x3a, 0xc6, 0x1a, 0xc6, 0x1a, 0xc6, 0x3a, 0xc6, 0x3a, 0xc6, 0x1a, 0xc6, 0xf9, 0xbd, 0x25, 0x21,
    0x00, 0x00, 0x00, 0x00, 0x00, 0x00, 0x00, 0x00, 0x00, 0x00, 0x00, 0x00, 0x00, 0x00, 0x00, 0x00,
    0x00, 0x00, 0x00, 0x00, 0x00, 0x00, 0x00, 0x00, 0x00, 0x00, 0x00, 0x00, 0x00, 0x00, 0x20, 0x00,
    0x66, 0x29, 0xec, 0x5a, 0x98, 0xb5, 0x5b, 0xce, 0x5a, 0xce, 0x3a, 0xc6, 0x3a, 0xc6, 0x5b, 0xce,
    0x5a, 0xce, 0x3a, 0xc6, 0x3a, 0xc6, 0x5b, 0xce, 0x5a, 0xce, 0x3a, 0xc6, 0x16, 0xa5, 0x41, 0x08,
    0x00, 0x00, 0x00, 0x00, 0x00, 0x00, 0x00, 0x00, 0x00, 0x00, 0x00, 0x00, 0x00, 0x00, 0x00, 0x00,
    0x00, 0x00, 0x00, 0x00, 0x00, 0x00, 0x00, 0x00, 0x00, 0x00, 0x00, 0x00, 0x00, 0x00, 0x82, 0x10,
    0x09, 0x42, 0xb0, 0x73, 0x15, 0xa5, 0x5b, 0xce, 0x5a, 0xce, 0x3a, 0xc6, 0x3a, 0xc6, 0x5b, 0xce,
    0x5a, 0xce, 0x3a, 0xc6, 0x3a, 0xc6, 0x5b, 0xce, 0x5a, 0xce, 0x3a, 0xc6, 0x6f, 0x6b, 0x00, 0x00,
    0x00, 0x00, 0x00, 0x00, 0x00, 0x00, 0x00, 0x00, 0x00, 0x00, 0x00, 0x00, 0x00, 0x00, 0x00, 0x00,
    0x00, 0x00, 0x00, 0x00, 0x00, 0x00, 0x00, 0x00, 0x00, 0x00, 0x00, 0x00, 0x00, 0x00, 0xa2, 0x10,
    0x6a, 0x4a, 0x32, 0x84, 0xb4, 0x94, 0x5b, 0xce, 0x5a, 0xce, 0x3a, 0xc6, 0x3a, 0xc6, 0x5b, 0xce,
    0x5a, 0xce, 0x3a, 0xc6, 0x3a, 0xc6, 0x5b, 0xce, 0x5a, 0xce, 0x3a, 0xc6, 0xe8, 0x39, 0x00, 0x00,
    0x00, 0x00, 0x00, 0x00, 0x00, 0x00, 0x00, 0x00, 0x00, 0x00, 0x00, 0x00, 0x00, 0x00, 0x00, 0x00,
    0x00, 0x00, 0x00, 0x00, 0x00, 0x00, 0x00, 0x00, 0x00, 0x00, 0x00, 0x00, 0x00, 0x00, 0x82, 0x10,
    0x4a, 0x4a, 0x32, 0x84, 0xb3, 0x94, 0x5a, 0xce, 0x5a, 0xce, 0x3a, 0xc6, 0x3a, 0xc6, 0x5b, 0xce,
    0x5a, 0xce, 0x3a, 0xc6, 0x3a, 0xc6, 0x5b, 0xce, 0x5a, 0xce, 0x3a, 0xc6, 0xe3, 0x18, 0x00, 0x00,
    0x00, 0x00, 0x00, 0x00, 0x00, 0x00, 0x00, 0x00, 0x00, 0x00, 0x00, 0x00, 0x00, 0x00, 0x00, 0x00,
    0x00, 0x00, 0x00, 0x00, 0x00, 0x00, 0x00, 0x00, 0x00, 0x00, 0x00, 0x00, 0x00, 0x00, 0x20, 0x00,
    0xc8, 0x39, 0xaf, 0x73, 0x52, 0x8c, 0x1a, 0xc6, 0x5a, 0xce, 0x3a, 0xc6, 0x3a, 0xc6, 0x5b, 0xce,
    0x5a, 0xce, 0x3a, 0xc6, 0x3a, 0xc6, 0x5b, 0xce, 0x5a, 0xce, 0xf9, 0xbd, 0x82, 0x10, 0x00, 0x00,
    0x00, 0x00, 0x00, 0x00, 0x00, 0x00, 0x00, 0x00, 0x00, 0x00, 0x00, 0x00, 0x00, 0x00, 0x00, 0x00,
    0x00, 0x00, 0x00, 0x00, 0x00, 0x00, 0x00, 0x00, 0x00, 0x00, 0x00, 0x00, 0x00, 0x00, 0x00, 0x00,
    0x04, 0x21, 0xab, 0x52, 0x6e, 0x6b, 0xf9, 0xbd, 0x5a, 0xce, 0x3a, 0xc6, 0x3a, 0xc6, 0x5b, 0xce,
    0x5a, 0xce, 0x3a, 0xc6, 0x3a, 0xc6, 0x5b, 0xce, 0x5a, 0xce, 0x98, 0xb5, 0x61, 0x08, 0x82, 0x10,
    0x21, 0x00, 0x00, 0x00, 0x00, 0x00, 0x00, 0x00, 0x00, 0x00, 0x00, 0x00, 0x00, 0x00, 0x00, 0x00,
    0x00, 0x00, 0x00, 0x00, 0x00, 0x00, 0x00, 0x00, 0x00, 0x00, 0x00, 0x00, 0x00, 0x00, 0x00, 0x00,
    0x61, 0x08, 0x86, 0x31, 0x49, 0x42, 0xd8, 0xbd, 0x5a, 0xce, 0x3a, 0xc6, 0x3a, 0xc6, 0x5b, 0xce,
    0x5a, 0xce, 0x3a, 0xc6, 0x3a, 0xc6, 0x5b, 0xce, 0x5a, 0xce, 0x77, 0xad, 0x25, 0x21, 0x86, 0x31,
    0x04, 0x21, 0x21, 0x00, 0x00, 0x00, 0x00, 0x00, 0x00, 0x00, 0x00, 0x00, 0x00, 0x00, 0x00, 0x00,
    0x00, 0x00, 0x00, 0x00, 0x00, 0x00, 0x00, 0x00, 0x00, 0x00, 0x00, 0x00, 0x00, 0x00, 0x00, 0x00,
    0x00, 0x00, 0x82, 0x10, 0x45, 0x29, 0xf9, 0xbd, 0x5a, 0xce, 0x3a, 0xc6, 0x3a, 0xc6, 0x5b, 0xce,
    0x5a, 0xce, 0x3a, 0xc6, 0x3a, 0xc6, 0x5b, 0xce, 0x39, 0xc6, 0x97, 0xad, 0x4a, 0x4a, 0xab, 0x52,
    0x29, 0x42, 0xc3, 0x18, 0x00, 0x00, 0x00, 0x00, 0x00, 0x00, 0x00, 0x00, 0x00, 0x00, 0x00, 0x00,
    0x00, 0x00, 0x00, 0x00, 0x00, 0x00, 0x00, 0x00, 0x00, 0x00, 0x00, 0x00, 0x25, 0x21, 0xf9, 0xbd,
    0xb8, 0xb5, 0xf5, 0x9c, 0xf5, 0x9c, 0xf5, 0x9c, 0x16, 0xa5, 0xf6, 0x9c, 0xf5, 0x9c, 0xb5, 0x94,
    0xb4, 0x94, 0x94, 0x94, 0x94, 0x94, 0xb4, 0x94, 0xd5, 0x9c, 0x94, 0x94, 0xf5, 0x9c, 0x36, 0xa5,
    0x11, 0x84, 0x66, 0x29, 0x00, 0x00, 0x00, 0x00, 0x00, 0x00, 0x00, 0x00, 0x00, 0x00, 0x00, 0x00,
    0x00, 0x00, 0x00, 0x00, 0x00, 0x00, 0x00, 0x00, 0x00, 0x00, 0x00, 0x00, 0xc7, 0x39, 0x3a, 0xc6,
    0xd9, 0xbd, 0xf6, 0x9c, 0xf6, 0x9c, 0xf6, 0x9c, 0x16, 0xa5, 0x16, 0xa5, 0xf6, 0x9c, 0xd5, 0x9c,
    0xb5, 0x94, 0xb4, 0x94, 0xb4, 0x94, 0xb5, 0x94, 0xd5, 0x9c, 0xf5, 0x9c, 0xb8, 0xb5, 0xd9, 0xbd,
    0x77, 0xad, 0xec, 0x5a, 0x21, 0x00, 0x00, 0x00, 0x00, 0x00, 0x00, 0x00, 0x00, 0x00, 0x00, 0x00,
    0x00, 0x00, 0x00, 0x00, 0x00, 0x00, 0x00, 0x00, 0x00, 0x00, 0x00, 0x00, 0x09, 0x42, 0x3a, 0xc6,
    0x1a, 0xc6, 0x16, 0xa5, 0x16, 0xa5, 0x16, 0xa5, 0x16, 0xa5, 0x16, 0xa5, 0x16, 0xa5, 0xd5, 0x9c,
    0xd5, 0x9c, 0xb5, 0x94, 0xb5, 0x94, 0xd5, 0x9c, 0xf5, 0x9c, 0x77, 0xad, 0xf9, 0xbd, 0xf9, 0xbd,
    0xf9, 0xbd, 0x73, 0x8c, 0xc3, 0x18, 0x00, 0x00, 0x00, 0x00, 0x00, 0x00, 0x00, 0x00, 0x00, 0x00,
    0x00, 0x00, 0x00, 0x00, 0x00, 0x00, 0x00, 0x00, 0x00, 0x00, 0x00, 0x00, 0x08, 0x42, 0x19, 0xc6,
    0x7b, 0xce, 0x36, 0xa5, 0x16, 0xa5, 0x16, 0xa5, 0x36, 0xa5, 0x16, 0xa5, 0x16, 0xa5, 0xf5, 0x9c,
    0xd5, 0x9c, 0xd5, 0x9c, 0xd5, 0x9c, 0xd5, 0x9c, 0xd4, 0x94, 0xd9, 0xbd, 0xf9, 0xbd, 0xf9, 0xbd,
    0xf9, 0xbd, 0x77, 0xad, 0x04, 0x21, 0x00, 0x00, 0x00, 0x00, 0x00, 0x00, 0x00, 0x00, 0x00, 0x00,
    0x00, 0x00, 0x00, 0x00, 0x00, 0x00, 0x00, 0x00, 0x00, 0x00, 0x00, 0x00, 0x86, 0x31, 0x77, 0xad,
    0x9c, 0xd6, 0x36, 0xa5, 0x16, 0xa5, 0x16, 0xa5, 0x36, 0xa5, 0x16, 0xa5, 0x16, 0xa5, 0xf5, 0x9c,
    0xd5, 0x9c, 0xd5, 0x9c, 0xd5, 0x9c, 0xd5, 0x9c, 0xd4, 0x94, 0xf9, 0xbd, 0xf9, 0xbd, 0xf9, 0xbd,
    0xf9, 0xbd, 0xd9, 0xbd, 0x86, 0x31, 0x00, 0x00, 0x00, 0x00, 0x00, 0x00, 0x00, 0x00, 0x00, 0x00,
    0x00, 0x00, 0x00, 0x00, 0x00, 0x00, 0x00, 0x00, 0x00, 0x00, 0x00, 0x00, 0xc3, 0x18, 0x32, 0x84,
    0x9b, 0xd6, 0x77, 0xad, 0x16, 0xa5, 0x16, 0xa5, 0x36, 0xa5, 0x16, 0xa5, 0x16, 0xa5, 0xf5, 0x9c,
    0xd5, 0x9c, 0xd5, 0x9c, 0xd5, 0x9c, 0xd5, 0x9c, 0xd5, 0x9c, 0xf9, 0xbd, 0xf9, 0xbd, 0xf9, 0xbd,
    0xf9, 0xbd, 0xf9, 0xbd, 0x09, 0x42, 0x00, 0x00, 0x00, 0x00, 0x00, 0x00, 0x00, 0x00, 0x00, 0x00,
    0x00, 0x00, 0x00, 0x00, 0x00, 0x00, 0x00, 0x00, 0x00, 0x00, 0x00, 0x00, 0x20, 0x00, 0x6a, 0x4a,
    0x57, 0xad, 0xd8, 0xb5, 0xf6, 0x9c, 0xf6, 0x9c, 0x16, 0xa5, 0x16, 0xa5, 0x16, 0xa5, 0xd5, 0x9c,
    0xd5, 0x9c, 0xb5, 0x94, 0xb5, 0x94, 0xd5, 0x9c, 0xf5, 0x9c, 0xf9, 0xbd, 0xf9, 0xbd, 0xf9, 0xbd,
    0xf9, 0xbd, 0xf9, 0xbd, 0xab, 0x52, 0x00, 0x00, 0x00, 0x00, 0x00, 0x00, 0x00, 0x00, 0x00, 0x00,
    0x00, 0x00, 0x00, 0x00, 0x00, 0x00, 0x00, 0x00, 0x00, 0x00, 0x00, 0x00, 0x00, 0x00, 0xc3, 0x18,
    0x2d, 0x63, 0xd5, 0x9c, 0xd5, 0x9c, 0xf5, 0x9c, 0x16, 0xa5, 0x16, 0xa5, 0xf5, 0x9c, 0xd5, 0x9c,
    0xb4, 0x94, 0xb4, 0x94, 0xb4, 0x94, 0xb4, 0x94, 0x16, 0xa5, 0xf9, 0xbd, 0xf9, 0xbd, 0xf9, 0xbd,
    0xf9, 0xbd, 0xf9, 0xbd, 0x4e, 0x6b, 0x00, 0x00, 0x00, 0x00, 0x00, 0x00, 0x00, 0x00, 0x00, 0x00,
    0x00, 0x00, 0x00, 0x00, 0x00, 0x00, 0x00, 0x00, 0x00, 0x00, 0x00, 0x00, 0x00, 0x00, 0x00, 0x00,
    0x04, 0x21, 0x6a, 0x4a, 0x73, 0x8c, 0xd5, 0x9c, 0xf6, 0x9c, 0xf5, 0x9c, 0xf5, 0x9c, 0xb4, 0x94,
    0x94, 0x94, 0x94, 0x94, 0x94, 0x94, 0x73, 0x8c, 0x36, 0xa5, 0xf9, 0xbd, 0xf9, 0xbd, 0xf9, 0xbd,
    0xf9, 0xbd, 0xf9, 0xbd, 0xf0, 0x7b, 0x00, 0x00, 0x00, 0x00, 0x00, 0x00, 0x00, 0x00, 0x00, 0x00,
    0x00, 0x00, 0x00, 0x00, 0x00, 0x00, 0x00, 0x00, 0x00, 0x00, 0x00, 0x00, 0x00, 0x00, 0x00, 0x00,
    0x00, 0x00, 0xc3, 0x18, 0x6e, 0x6b, 0xd5, 0x9c, 0xf5, 0x9c, 0xf5, 0x9c, 0xd5, 0x9c, 0x94, 0x94,
    0x94, 0x94, 0x73, 0x8c, 0x74, 0x8c, 0x73, 0x8c, 0x57, 0xad, 0xf9, 0xbd, 0xf9, 0xbd, 0xf9, 0xbd,
    0xf9, 0xbd, 0xf9, 0xbd, 0x32, 0x84, 0x20, 0x00, 0x00, 0x00, 0x00, 0x00, 0x00, 0x00, 0x00, 0x00,
    0x00, 0x00, 0x00, 0x00, 0x00, 0x00, 0x00, 0x00, 0x00, 0x00, 0x00, 0x00, 0x00, 0x00, 0x00, 0x00,
    0x00, 0x00, 0x00, 0x00, 0x8b, 0x52, 0xb5, 0x94, 0xd5, 0x9c, 0xd5, 0x9c, 0xd5, 0x9c, 0x94, 0x94,
    0x74, 0x8c, 0x53, 0x8c, 0x73, 0x8c, 0x74, 0x8c, 0x57, 0xad, 0xf9, 0xbd, 0xf9, 0xbd, 0xf9, 0xbd,
    0xf9, 0xbd, 0xf9, 0xbd, 0x52, 0x8c, 0x41, 0x08, 0x00, 0x00, 0x00, 0x00, 0x00, 0x00, 0x00, 0x00,
    0x00, 0x00, 0x00, 0x00, 0x00, 0x00, 0x00, 0x00, 0x00, 0x00, 0x00, 0x00, 0x00, 0x00, 0x00, 0x00,
    0x00, 0x00, 0x00, 0x00, 0x6a, 0x4a, 0xb4, 0x94, 0xd5, 0x9c, 0xb5, 0x94, 0xb4, 0x94, 0x73, 0x8c,
    0x53, 0x8c, 0x53, 0x8c, 0x53, 0x8c, 0x53, 0x8c, 0x36, 0xa5, 0xf9, 0xbd, 0xf9, 0xbd, 0xf9, 0xbd,
    0xf9, 0xbd, 0xf9, 0xbd, 0xf1, 0x7b, 0x61, 0x08, 0x00, 0x00, 0x00, 0x00, 0x00, 0x00, 0x00, 0x00,
    0x00, 0x00, 0x00, 0x00, 0x00, 0x00, 0x00, 0x00, 0x00, 0x00, 0x00, 0x00, 0x00, 0x00, 0x00, 0x00,
    0x00, 0x00, 0x00, 0x00, 0x8b, 0x52, 0x94, 0x94, 0xb5, 0x94, 0xb4, 0x94, 0xb4, 0x94, 0x53, 0x8c,
    0x53, 0x8c, 0x33, 0x84, 0x33, 0x84, 0x53, 0x8c, 0xf5, 0x9c, 0xf9, 0xbd, 0xf9, 0xbd, 0xf9, 0xbd,
    0xf9, 0xbd, 0xd9, 0xbd, 0x4e, 0x6b, 0x41, 0x08, 0x00, 0x00, 0x00, 0x00, 0x00, 0x00, 0x00, 0x00,
    0x00, 0x00, 0x00, 0x00, 0x00, 0x00, 0x00, 0x00, 0x00, 0x00, 0x00, 0x00, 0x00, 0x00, 0x00, 0x00,
    0x00, 0x00, 0x00, 0x00, 0x0d, 0x63, 0x94, 0x94, 0xb4, 0x94, 0x94, 0x94, 0x94, 0x94, 0x53, 0x8c,
    0x33, 0x84, 0x12, 0x84, 0x32, 0x84, 0x12, 0x7c, 0x94, 0x94, 0x98, 0xb5, 0xf9, 0xbd, 0xf9, 0xbd,
    0xf9, 0xbd, 0x15, 0xa5, 0x29, 0x42, 0x00, 0x00, 0x00, 0x00, 0x00, 0x00, 0x00, 0x00, 0x00, 0x00,
    0x00, 0x00, 0x00, 0x00, 0x00, 0x00, 0x00, 0x00, 0x00, 0x00, 0x00, 0x00, 0x00, 0x00, 0x00, 0x00,
    0x00, 0x00, 0x00, 0x00, 0xd1, 0x7b, 0x74, 0x8c, 0x94, 0x94, 0x94, 0x94, 0x94, 0x94, 0x33, 0x84,
    0x32, 0x84, 0x12, 0x84, 0x12, 0x84, 0x32, 0x84, 0x33, 0x84, 0xd5, 0x9c, 0x77, 0xad, 0x77, 0xad,
    0x15, 0xa5, 0x4e, 0x6b, 0x04, 0x21, 0x00, 0x00, 0x00, 0x00, 0x00, 0x00, 0x00, 0x00, 0x00, 0x00,
    0x00, 0x00, 0x00, 0x00, 0x00, 0x00, 0x00, 0x00, 0x00, 0x00, 0x00, 0x00, 0x00, 0x00, 0x00, 0x00,
    0x00, 0x00, 0x62, 0x08, 0x53, 0x8c, 0x74, 0x8c, 0x94, 0x94, 0x94, 0x94, 0x74, 0x8c, 0x33, 0x84,
    0x32, 0x84, 0x12, 0x84, 0x12, 0x84, 0x32, 0x84, 0x33, 0x84, 0x32, 0x84, 0x73, 0x8c, 0x6e, 0x6b,
    0xec, 0x5a, 0x66, 0x29, 0x20, 0x00, 0x00, 0x00, 0x00, 0x00, 0x00, 0x00, 0x00, 0x00, 0x00, 0x00,
    0x00, 0x00, 0x00, 0x00, 0x00, 0x00, 0x00, 0x00, 0x00, 0x00, 0x00, 0x00, 0x00, 0x00, 0x00, 0x00,
    0x00, 0x00, 0x45, 0x29, 0x73, 0x8c, 0x74, 0x8c, 0x94, 0x94, 0x94, 0x94, 0x73, 0x8c, 0x32, 0x84,
    0x12, 0x84, 0x12, 0x84, 0x12, 0x84, 0x12, 0x84, 0x32, 0x84, 0x12, 0x84, 0xf1, 0x7b, 0x09, 0x3a,
    0xe4, 0x18, 0x41, 0x08, 0x00, 0x00, 0x00, 0x00, 0x00, 0x00, 0x00, 0x00, 0x00, 0x00, 0x00, 0x00,
    0x00, 0x00, 0x00, 0x00, 0x00, 0x00, 0x00, 0x00, 0x00, 0x00, 0x00, 0x00, 0x00, 0x00, 0x00, 0x00,
    0x00, 0x00, 0x4a, 0x4a, 0x74, 0x8c, 0x74, 0x8c, 0x94, 0x94, 0x94, 0x94, 0x53, 0x8c, 0x32, 0x84,
    0x12, 0x84, 0x12, 0x84, 0xf2, 0x7b, 0x12, 0x84, 0x32, 0x84, 0x12, 0x84, 0xd0, 0x73, 0x09, 0x42,
    0x00, 0x00, 0x00, 0x00, 0x00, 0x00, 0x00, 0x00, 0x00, 0x00, 0x00, 0x00, 0x00, 0x00, 0x00, 0x00,
    0x00, 0x00, 0x00, 0x00, 0x00, 0x00, 0x00, 0x00, 0x00, 0x00, 0x00, 0x00, 0x00, 0x00, 0x00, 0x00,
    0x00, 0x00, 0x6f, 0x6b, 0x74, 0x8c, 0x74, 0x8c, 0x94, 0x94, 0x94, 0x94, 0x53, 0x8c, 0x32, 0x84,
    0x12, 0x84, 0x12, 0x84, 0x12, 0x84, 0x12, 0x84, 0x33, 0x84, 0x12, 0x84, 0xf2, 0x7b, 0xed, 0x5a,
    0x00, 0x00, 0x00, 0x00, 0x00, 0x00, 0x00, 0x00, 0x00, 0x00, 0x00, 0x00, 0x00, 0x00, 0x00, 0x00,
    0x00, 0x00, 0x00, 0x00, 0x00, 0x00, 0x00, 0x00, 0x00, 0x00, 0x00, 0x00, 0x00, 0x00, 0x00, 0x00,
    0x82, 0x10, 0x32, 0x84, 0x74, 0x8c, 0x74, 0x8c, 0x94, 0x94, 0x94, 0x94, 0x73, 0x8c, 0x32, 0x84,
    0x32, 0x84, 0x12, 0x84, 0x12, 0x84, 0x12, 0x84, 0x33, 0x84, 0x12, 0x84, 0xf2, 0x7b, 0x90, 0x73,
    0x82, 0x10, 0x00, 0x00, 0x00, 0x00, 0x00, 0x00, 0x00, 0x00, 0x00, 0x00, 0x00, 0x00, 0x00, 0x00,
    0xa4, 0x10, 0xa4, 0x08, 0xa4, 0x08, 0xa4, 0x08, 0xa4, 0x10, 0xa4, 0x08, 0xa4, 0x08, 0xa4, 0x08,
    0x8b, 0x4a, 0x3a, 0xc6, 0x3a, 0xc6, 0x3a, 0xc6, 0x5b, 0xce, 0x5a, 0xce, 0x1a, 0xc6, 0xb8, 0xb5,
    0xb8, 0xb5, 0xb8, 0xb5, 0xb8, 0xb5, 0xf9, 0xbd, 0x5b, 0xce, 0x5a, 0xce, 0x3a, 0xc6, 0x3a, 0xc6,
    0xc8, 0x31, 0xa4, 0x08, 0xa4, 0x08, 0xa4, 0x08, 0xa4, 0x10, 0xa4, 0x08, 0xa4, 0x08, 0xa4, 0x08,
    0xa4, 0x10, 0xa4, 0x08, 0xa4, 0x08, 0xa4, 0x08, 0xa4, 0x10, 0xa4, 0x08, 0xa4, 0x08, 0xc4, 0x08,
    0x12, 0x84, 0x5a, 0xce, 0x3a, 0xc6, 0x3a, 0xc6, 0x5b, 0xce, 0x5a, 0xce, 0x1a, 0xc6, 0xd8, 0xbd,
    0xb8, 0xb5, 0xb8, 0xb5, 0xb8, 0xb5, 0xf9, 0xbd, 0x5b, 0xce, 0x5a, 0xce, 0x3a, 0xc6, 0x3a, 0xc6,
    0x4b, 0x4a, 0xa4, 0x08, 0xa4, 0x08, 0xa4, 0x08, 0xa4, 0x10, 0xa4, 0x08, 0xa4, 0x08, 0xa4, 0x08,
    0x00, 0x00, 0x00, 0x00, 0x00, 0x00, 0x00, 0x00, 0x00, 0x00, 0x00, 0x00, 0x00, 0x00, 0x66, 0x29,
    0xf5, 0x9c, 0x94, 0x94, 0x94, 0x94, 0x94, 0x94, 0xb4, 0x94, 0xb4, 0x94, 0x74, 0x8c, 0x53, 0x8c,
    0x33, 0x84, 0x32, 0x84, 0x32, 0x84, 0x32, 0x84, 0x53, 0x8c, 0x33, 0x84, 0x32, 0x84, 0x12, 0x84,
    0xa7, 0x31, 0x00, 0x00, 0x00, 0x00, 0x00, 0x00, 0x00, 0x00, 0x00, 0x00, 0x00, 0x00, 0x00, 0x00,
    0x00, 0x00, 0x00, 0x00, 0x00, 0x00, 0x00, 0x00, 0x00, 0x00, 0x00, 0x00, 0x00, 0x00, 0x4e, 0x6b,
    0x77, 0xad, 0xb4, 0x94, 0xb4, 0x94, 0xb4, 0x94, 0xb5, 0x94, 0xb4, 0x94, 0x94, 0x94, 0x53, 0x8c,
    0x53, 0x8c, 0x33, 0x84, 0x33, 0x84, 0x53, 0x8c, 0x73, 0x8c, 0x53, 0x8c, 0x33, 0x84, 0x12, 0x84,
    0xa7, 0x31, 0x00, 0x00, 0x00, 0x00, 0x00, 0x00, 0x00, 0x00, 0x00, 0x00, 0x00, 0x00, 0x00, 0x00,
    0x00, 0x00, 0x00, 0x00, 0x00, 0x00, 0x00, 0x00, 0x00, 0x00, 0x00, 0x00, 0xc3, 0x18, 0x16, 0xa5,
    0x98, 0xb5, 0xb4, 0x94, 0xb5, 0x94, 0xb5, 0x94, 0xd5, 0x9c, 0xd5, 0x9c, 0xb4, 0x94, 0x73, 0x8c,
    0x73, 0x8c, 0x53, 0x8c, 0x53, 0x8c, 0x53, 0x8c, 0x74, 0x8c, 0x73, 0x8c, 0x53, 0x8c, 0x32, 0x84,
    0x86, 0x31, 0x00, 0x00, 0x00, 0x00, 0x00, 0x00, 0x00, 0x00, 0x00, 0x00, 0x00, 0x00, 0x00, 0x00,
    0x00, 0x00, 0x00, 0x00, 0x00, 0x00, 0x00, 0x00, 0x00, 0x00, 0x00, 0x00, 0xe8, 0x39, 0x3a, 0xc6,
    0xf9, 0xbd, 0xd5, 0x9c, 0xd5, 0x9c, 0xd5, 0x9c, 0xd5, 0x9c, 0xd5, 0x9c, 0xb5, 0x94, 0x74, 0x8c,
    0x74, 0x8c, 0x73, 0x8c, 0x73, 0x8c, 0x73, 0x8c, 0x94, 0x94, 0x74, 0x8c, 0x32, 0x84, 0x32, 0x84,
    0x04, 0x21, 0x00, 0x00, 0x00, 0x00, 0x00, 0x00, 0x00, 0x00, 0x00, 0x00, 0x00, 0x00, 0x00, 0x00,
    0x00, 0x00, 0x00, 0x00, 0x00, 0x00, 0x00, 0x00, 0x00, 0x00, 0x00, 0x00, 0xed, 0x5a, 0x7b, 0xce,
    0x5b, 0xce, 0xf5, 0x9c, 0xd5, 0x9c, 0xd5, 0x9c, 0xf5, 0x9c, 0xf5, 0x9c, 0xd5, 0x9c, 0x94, 0x94,
    0x94, 0x94, 0x74, 0x8c, 0x74, 0x8c, 0x94, 0x94, 0xb4, 0x94, 0x94, 0x94, 0x53, 0x8c, 0x11, 0x7c,
    0x45, 0x29, 0x00, 0x00, 0x00, 0x00, 0x00, 0x00, 0x00, 0x00, 0x00, 0x00, 0x00, 0x00, 0x00, 0x00,
    0x22, 0x21, 0x21, 0x21, 0x21, 0x21, 0x21, 0x21, 0x22, 0x21, 0x41, 0x21, 0x10, 0x84, 0x9b, 0xd6,
    0x9c, 0xd6, 0xf9, 0xbd, 0x3a, 0xc6, 0x3a, 0xc6, 0x5b, 0xce, 0x5a, 0xce, 0x3a, 0xc6, 0xf9, 0xbd,
    0xf9, 0xbd, 0xd9, 0xbd, 0xf9, 0xbd, 0x3a, 0xc6, 0x5b, 0xce, 0x39, 0xc6, 0x77, 0xad, 0x15, 0xa5,
    0x2c, 0x63, 0xa3, 0x31, 0x21, 0x21, 0x21, 0x21, 0x22, 0x21, 0x21, 0x21, 0x21, 0x21, 0x21, 0x21,
    0x22, 0x21, 0x21, 0x21, 0x21, 0x21, 0x21, 0x21, 0x22, 0x21, 0x62, 0x29, 0x31, 0x84, 0x9b, 0xd6,
    0x9c, 0xd6, 0xd9, 0xbd, 0x3a, 0xc6, 0x3a, 0xc6, 0x5b, 0xce, 0x5a, 0xce, 0x3a, 0xc6, 0x19, 0xc6,
    0xf9, 0xbd, 0xf9, 0xbd, 0x19, 0xc6, 0x3a, 0xc6, 0x5b, 0xce, 0xb7, 0xb5, 0xb8, 0xb5, 0xb8, 0xb5,
    0xf5, 0x9c, 0x88, 0x4a, 0x21, 0x21, 0x21, 0x21, 0x22, 0x21, 0x21, 0x21, 0x21, 0x21, 0x21, 0x21,
    0x22, 0x21, 0x21, 0x21, 0x21, 0x21, 0x21, 0x21, 0x22, 0x21, 0x41, 0x21, 0x0f, 0x7c, 0x7b, 0xce,
    0x9c, 0xd6, 0x1a, 0xc6, 0x3a, 0xc6, 0x3a, 0xc6, 0x5b, 0xce, 0x5a, 0xce, 0x3a, 0xc6, 0x1a, 0xc6,
    0xf9, 0xbd, 0xf9, 0xbd, 0x1a, 0xc6, 0x3a, 0xc6, 0x5b, 0xce, 0xb8, 0xb5, 0xf9, 0xbd, 0xf9, 0xbd,
    0xf9, 0xbd, 0xf0, 0x7b, 0x41, 0x21, 0x21, 0x21, 0x22, 0x21, 0x21, 0x21, 0x21, 0x21, 0x21, 0x21,
    0x22, 0x21, 0x21, 0x21, 0x21, 0x21, 0x21, 0x21, 0x22, 0x21, 0x21, 0x21, 0x4c, 0x6b, 0x5b, 0xce,
    0x9c, 0xd6, 0x7b, 0xce, 0x3a, 0xc6, 0x3a, 0xc6, 0x5b, 0xce, 0x5a, 0xce, 0x3a, 0xc6, 0x1a, 0xc6,
    0xf9, 0xbd, 0xf9, 0xbd, 0x1a, 0xc6, 0x3a, 0xc6, 0xf9, 0xbd, 0xd9, 0xbd, 0xf9, 0xbd, 0xf9, 0xbd,
    0xf9, 0xbd, 0x56, 0xad, 0xc4, 0x31, 0x21, 0x21, 0x22, 0x21, 0x21, 0x21, 0x21, 0x21, 0x21, 0x21,
    0x00, 0x00, 0x00, 0x00, 0x00, 0x00, 0x00, 0x00, 0x00, 0x00, 0x00, 0x00, 0xa7, 0x31, 0x98, 0xb5,
    0x9c, 0xd6, 0x7b, 0xce, 0x36, 0xa5, 0x16, 0xa5, 0x36, 0xa5, 0x16, 0xa5, 0x16, 0xa5, 0xf5, 0x9c,
    0xd5, 0x9c, 0xd5, 0x9c, 0xd5, 0x9c, 0xd5, 0x9c, 0xd5, 0x9c, 0xf9, 0xbd, 0xf9, 0xbd, 0xf9, 0xbd,
    0xf9, 0xbd, 0xf9, 0xbd, 0x29, 0x42, 0x00, 0x00, 0x00, 0x00, 0x00, 0x00, 0x00, 0x00, 0x00, 0x00,
    0x00, 0x00, 0x00, 0x00, 0x00, 0x00, 0x00, 0x00, 0x00, 0x00, 0x00, 0x00, 0xc3, 0x18, 0x11, 0x84,
    0x9c, 0xd6, 0x9c, 0xd6, 0x37, 0xa5, 0x16, 0xa5, 0x36, 0xa5, 0x16, 0xa5, 0x16, 0xa5, 0xf5, 0x9c,
    0xd5, 0x9c, 0xd5, 0x9c, 0xd5, 0x9c, 0xb4, 0x94, 0x36, 0xa5, 0xf9, 0xbd, 0xf9, 0xbd, 0xf9, 0xbd,
    0xf9, 0xbd, 0xf9, 0xbd, 0xaf, 0x73, 0x00, 0x00, 0x00, 0x00, 0x00, 0x00, 0x00, 0x00, 0x00, 0x00,
    0x00, 0x00, 0x00, 0x00, 0x00, 0x00, 0x00, 0x00, 0x00, 0x00, 0x00, 0x00, 0x00, 0x00, 0x09, 0x42,
    0x77, 0xad, 0x9c, 0xd6, 0x57, 0xad, 0xf6, 0x9c, 0x16, 0xa5, 0x16, 0xa5, 0x16, 0xa5, 0xf5, 0x9c,
    0xd5, 0x9c, 0xb5, 0x94, 0xd5, 0x9c, 0xd5, 0x9c, 0x98, 0xb5, 0xf9, 0xbd, 0xf9, 0xbd, 0xf9, 0xbd,
    0xf9, 0xbd, 0xf9, 0xbd, 0xd4, 0x9c, 0xa2, 0x10, 0x00, 0x00, 0x00, 0x00, 0x00, 0x00, 0x00, 0x00,
    0x00, 0x00, 0x00, 0x00, 0x00, 0x00, 0x00, 0x00, 0x00, 0x00, 0x00, 0x00, 0x00, 0x00, 0xa2, 0x10,
    0x2d, 0x63, 0x56, 0xad, 0x16, 0xa5, 0xf5, 0x9c, 0x16, 0xa5, 0x16, 0xa5, 0xf6, 0x9c, 0xd5, 0x9c,
    0xb5, 0x94, 0xb4, 0x94, 0xb4, 0x94, 0x93, 0x8c, 0xd9, 0xbd, 0xf9, 0xbd, 0xf9, 0xbd, 0xf9, 0xbd,
    0xf9, 0xbd, 0xf9, 0xbd, 0x97, 0xb5, 0x25, 0x21, 0x00, 0x00, 0x00, 0x00, 0x00, 0x00, 0x00, 0x00,
    0x00, 0x00, 0x00, 0x00, 0x00, 0x00, 0x00, 0x00, 0x00, 0x00, 0x00, 0x00, 0x00, 0x00, 0x00, 0x00,
    0x04, 0x21, 0xec, 0x5a, 0x73, 0x8c, 0xf9, 0xbd, 0xf9, 0xbd, 0xf9, 0xbd, 0xf9, 0xbd, 0xb8, 0xb5,
    0x98, 0xb5, 0x98, 0xb5, 0xb8, 0xb5, 0x57, 0xad, 0xf9, 0xbd, 0xf9, 0xbd, 0xf9, 0xbd, 0xf9, 0xbd,
    0xf9, 0xbd, 0xf9, 0xbd, 0xb8, 0xb5, 0xe8, 0x39, 0x00, 0x00, 0x00, 0x00, 0x00, 0x00, 0x00, 0x00,
    0x00, 0x00, 0x00, 0x00, 0x00, 0x00, 0x00, 0x00, 0x00, 0x00, 0x00, 0x00, 0x00, 0x00, 0x00, 0x00,
    0x00, 0x00, 0xc3, 0x18, 0xf1, 0x7b, 0xd9, 0xbd, 0xf9, 0xbd, 0xf9, 0xbd, 0xf9, 0xbd, 0xb8, 0xb5,
    0x98, 0xb5, 0x78, 0xad, 0x98, 0xb5, 0x57, 0xad, 0xf9, 0xbd, 0xf9, 0xbd, 0xf9, 0xbd, 0xf9, 0xbd,
    0xf9, 0xbd, 0xf9, 0xbd, 0xd9, 0xbd, 0x4a, 0x4a, 0x00, 0x00, 0x00, 0x00, 0x00, 0x00, 0x00, 0x00,
    0x00, 0x00, 0x00, 0x00, 0x00, 0x00, 0x00, 0x00, 0x00, 0x00, 0x00, 0x00, 0x00, 0x00, 0x00, 0x00,
    0x00, 0x00, 0x00, 0x00, 0xd0, 0x73, 0xb5, 0x94, 0xd5, 0x9c, 0xd5, 0x9c, 0xd5, 0x9c, 0x94, 0x94,
    0x74, 0x8c, 0x53, 0x8c, 0x52, 0x84, 0x94, 0x94, 0xf9, 0xbd, 0xf9, 0xbd, 0xf9, 0xbd, 0xf9, 0xbd,
    0xf9, 0xbd, 0xf9, 0xbd, 0xb8, 0xb5, 0x4a, 0x4a, 0x00, 0x00, 0x00, 0x00, 0x00, 0x00, 0x00, 0x00,
    0x00, 0x00, 0x00, 0x00, 0x00, 0x00, 0x00, 0x00, 0x00, 0x00, 0x00, 0x00, 0x00, 0x00, 0x00, 0x00,
    0x00, 0x00, 0x41, 0x08, 0x73, 0x8c, 0xb4, 0x94, 0xd5, 0x9c, 0xd5, 0x9c, 0xb5, 0x94, 0x74, 0x8c,
    0x73, 0x8c, 0x53, 0x8c, 0x53, 0x8c, 0x73, 0x8c, 0xd9, 0xbd, 0xf9, 0xbd, 0xf9, 0xbd, 0xf9, 0xbd,
    0xf9, 0xbd, 0xf9, 0xbd, 0x77, 0xad, 0xe8, 0x39, 0x00, 0x00, 0x00, 0x00, 0x00, 0x00, 0x00, 0x00,
    0x00, 0x00, 0x00, 0x00, 0x00, 0x00, 0x00, 0x00, 0x00, 0x00, 0x00, 0x00, 0x00, 0x00, 0x00, 0x00,
    0x00, 0x00, 0x05, 0x21, 0x94, 0x94, 0x94, 0x94, 0xb5, 0x94, 0xb5, 0x94, 0xb4, 0x94, 0x53, 0x8c,
    0x53, 0x8c, 0x33, 0x84, 0x33, 0x84, 0x53, 0x8c, 0x77, 0xad, 0xf9, 0xbd, 0xf9, 0xbd, 0xf9, 0xbd,
    0xf9, 0xbd, 0xf9, 0xbd, 0x93, 0x94, 0x25, 0x21, 0x00, 0x00, 0x00, 0x00, 0x00, 0x00, 0x00, 0x00,
    0x00, 0x00, 0x00, 0x00, 0x00, 0x00, 0x00, 0x00, 0x00, 0x00, 0x00, 0x00, 0x00, 0x00, 0x00, 0x00,
    0x00, 0x00, 0x2a, 0x42, 0x94, 0x94, 0x94, 0x94, 0xb4, 0x94, 0xb4, 0x94, 0x94, 0x94, 0x53, 0x8c,
    0x33, 0x84, 0x32, 0x84, 0x32, 0x84, 0x53, 0x84, 0xd5, 0x9c, 0xd9, 0xbd, 0xf9, 0xbd, 0xf9, 0xbd,
    0xf9, 0xbd, 0x98, 0xb5, 0x2d, 0x63, 0x82, 0x10, 0x00, 0x00, 0x00, 0x00, 0x00, 0x00, 0x00, 0x00,
    0x00, 0x00, 0x00, 0x00, 0x00, 0x00, 0x00, 0x00, 0x00, 0x00, 0x00, 0x00, 0x00, 0x00, 0x00, 0x00,
    0x00, 0x00, 0x4e, 0x6b, 0x94, 0x94, 0x94, 0x94, 0xb4, 0x94, 0x94, 0x94, 0x74, 0x8c, 0x33, 0x84,
    0x32, 0x84, 0x12, 0x84, 0x12, 0x84, 0x11, 0x7c, 0x73, 0x8c, 0x16, 0xa5, 0xb8, 0xb5, 0xb8, 0xb5,
    0x77, 0xad, 0x11, 0x84, 0x66, 0x29, 0x00, 0x00, 0x00, 0x00, 0x00, 0x00, 0x00, 0x00, 0x00, 0x00,
    0x00, 0x00, 0x00, 0x00, 0x00, 0x00, 0x00, 0x00, 0x00, 0x00, 0x00, 0x00, 0x00, 0x00, 0x00, 0x00,
    0x82, 0x10, 0x12, 0x84, 0x74, 0x8c, 0x94, 0x94, 0x94, 0x94, 0x94, 0x94, 0x73, 0x8c, 0x33, 0x84,
    0x32, 0x84, 0x12, 0x84, 0x12, 0x84, 0x12, 0x84, 0x53, 0x84, 0x53, 0x8c, 0xd5, 0x9c, 0xf5, 0x9c,
    0x8f, 0x73, 0xe8, 0x39, 0x41, 0x08, 0x00, 0x00, 0x00, 0x00, 0x00, 0x00, 0x00, 0x00, 0x00, 0x00,
    0x00, 0x00, 0x00, 0x00, 0x00, 0x00, 0x00, 0x00, 0x00, 0x00, 0x00, 0x00, 0x00, 0x00, 0x00, 0x00,
    0x04, 0x21, 0x73, 0x8c, 0x74, 0x8c, 0x74, 0x8c, 0x94, 0x94, 0x94, 0x94, 0x53, 0x8c, 0x32, 0x84,
    0x12, 0x84, 0x12, 0x84, 0x12, 0x84, 0x12, 0x84, 0x33, 0x84, 0x32, 0x84, 0x12, 0x84, 0x12, 0x84,
    0x08, 0x42, 0x82, 0x10, 0x00, 0x00, 0x00, 0x00, 0x00, 0x00, 0x00, 0x00, 0x00, 0x00, 0x00, 0x00,
    0x00, 0x00, 0x00, 0x00, 0x00, 0x00, 0x00, 0x00, 0x00, 0x00, 0x00, 0x00, 0x00, 0x00, 0x00, 0x00,
    0x87, 0x31, 0x74, 0x8c, 0x74, 0x8c, 0x74, 0x8c, 0x94, 0x94, 0x94, 0x94, 0x53, 0x8c, 0x12, 0x84,
    0x12, 0x84, 0x12, 0x84, 0x12, 0x84, 0x12, 0x84, 0x33, 0x84, 0x12, 0x84, 0xf2, 0x7b, 0xd1, 0x7b,
    0x86, 0x29, 0x00, 0x00, 0x00, 0x00, 0x00, 0x00, 0x00, 0x00, 0x00, 0x00, 0x00, 0x00, 0x00, 0x00,
    0x00, 0x00, 0x00, 0x00, 0x00, 0x00, 0x00, 0x00, 0x00, 0x00, 0x00, 0x00, 0x00, 0x00, 0x00, 0x00,
    0xe8, 0x39, 0x74, 0x8c, 0x74, 0x8c, 0x74, 0x8c, 0x94, 0x94, 0x94, 0x94, 0x53, 0x8c, 0x12, 0x84,
    0x12, 0x84, 0x12, 0x84, 0x12, 0x84, 0x12, 0x84, 0x33, 0x84, 0x12, 0x84, 0xf2, 0x7b, 0xf1, 0x7b,
    0xc8, 0x39, 0x00, 0x00, 0x00, 0x00, 0x00, 0x00, 0x00, 0x00, 0x00, 0x00, 0x00, 0x00, 0x00, 0x00,
    0x00, 0x00, 0x00, 0x00, 0x00, 0x00, 0x00, 0x00, 0x00, 0x00, 0x00, 0x00, 0x00, 0x00, 0x00, 0x00,
    0xe8, 0x39, 0x74, 0x8c, 0x74, 0x8c, 0x74, 0x8c, 0x94, 0x94, 0x94, 0x94, 0x53, 0x8c, 0x32, 0x84,
    0x12, 0x84, 0x12, 0x84, 0x12, 0x84, 0x12, 0x84, 0x33, 0x84, 0x32, 0x84, 0x12, 0x84, 0xf1, 0x7b,
    0xc8, 0x39, 0x00, 0x00, 0x00, 0x00, 0x00, 0x00, 0x00, 0x00, 0x00, 0x00, 0x00, 0x00, 0x00, 0x00,
    0x00, 0x00, 0x00, 0x00, 0x00, 0x00, 0x00, 0x00, 0x00, 0x00, 0x00, 0x00, 0x00, 0x00, 0x00, 0x00,
    0x8b, 0x52, 0x74, 0x8c, 0x94, 0x94, 0x74, 0x8c, 0x94, 0x94, 0x94, 0x94, 0x53, 0x8c, 0x32, 0x84,
    0x32, 0x84, 0x12, 0x84, 0x12, 0x84, 0x12, 0x84, 0x53, 0x8c, 0x32, 0x84, 0x12, 0x84, 0xf1, 0x7b,
    0x87, 0x31, 0x00, 0x00, 0x00, 0x00, 0x00, 0x00, 0x00, 0x00, 0x00, 0x00, 0x00, 0x00, 0x00, 0x00,
    0x00, 0x00, 0x00, 0x00, 0x00, 0x00, 0x00, 0x00, 0x00, 0x00, 0x00, 0x00, 0x00, 0x00, 0xe4, 0x18,
    0xd0, 0x7b, 0x94, 0x94, 0x94, 0x94, 0x94, 0x94, 0x94, 0x94, 0x94, 0x94, 0x73, 0x8c, 0x33, 0x84,
    0x32, 0x84, 0x12, 0x84, 0x12, 0x84, 0x12, 0x84, 0x53, 0x8c, 0x32, 0x84, 0x12, 0x84, 0xf1, 0x7b,
    0x25, 0x21, 0x00, 0x00, 0x00, 0x00, 0x00, 0x00, 0x00, 0x00, 0x00, 0x00, 0x00, 0x00, 0x00, 0x00,
    0x00, 0x00, 0x00, 0x00, 0x00, 0x00, 0x00, 0x00, 0x00, 0x00, 0x00, 0x00, 0x20, 0x00, 0xcc, 0x5a,
    0x97, 0xad, 0x94, 0x94, 0x94, 0x94, 0x94, 0x94, 0xb4, 0x94, 0xb4, 0x94, 0x74, 0x8c, 0x53, 0x8c,
    0x33, 0x84, 0x32, 0x84, 0x32, 0x84, 0x32, 0x84, 0x53, 0x8c, 0x33, 0x84, 0x12, 0x84, 0xb1, 0x73,
    0xa2, 0x10, 0x00, 0x00, 0x00, 0x00, 0x00, 0x00, 0x00, 0x00, 0x00, 0x00, 0x00, 0x00, 0x00, 0x00,
    0x00, 0x00, 0x00, 0x00, 0x00, 0x00, 0x00, 0x00, 0x00, 0x00, 0x00, 0x00, 0x04, 0x21, 0xb4, 0x94,
    0x7b, 0xce, 0xd5, 0x9c, 0x94, 0x94, 0x94, 0x94, 0xb5, 0x94, 0xb4, 0x94, 0x94, 0x94, 0x53, 0x8c,
    0x53, 0x8c, 0x33, 0x84, 0x33, 0x84, 0x53, 0x8c, 0x73, 0x8c, 0x53, 0x8c, 0x32, 0x84, 0x2e, 0x63,
    0x20, 0x00, 0x00, 0x00, 0x00, 0x00, 0x00, 0x00, 0x00, 0x00, 0x00, 0x00, 0x00, 0x00, 0x00, 0x00,
    0x00, 0x00, 0x00, 0x00, 0x00, 0x00, 0x00, 0x00, 0x00, 0x00, 0x00, 0x00, 0x29, 0x42, 0xf9, 0xbd,
    0x9c, 0xd6, 0x36, 0xa5, 0xb4, 0x94, 0xb4, 0x94, 0xd5, 0x9c, 0xb5, 0x94, 0xb4, 0x94, 0x73, 0x8c,
    0x53, 0x8c, 0x53, 0x8c, 0x53, 0x8c, 0x53, 0x8c, 0x73, 0x8c, 0x53, 0x8c, 0x33, 0x84, 0x4a, 0x4a,
    0x00, 0x00, 0x00, 0x00, 0x00, 0x00, 0x00, 0x00, 0x00, 0x00, 0x00, 0x00, 0x00, 0x00, 0x00, 0x00,
    0x00, 0x00, 0x00, 0x00, 0x00, 0x00, 0x00, 0x00, 0x00, 0x00, 0x00, 0x00, 0x0d, 0x63, 0x7b, 0xce,
    0x9c, 0xd6, 0xb8, 0xb5, 0xb5, 0x94, 0xb5, 0x94, 0xd5, 0x9c, 0xd5, 0x9c, 0xd5, 0x9c, 0x94, 0x94,
    0x74, 0x8c, 0x53, 0x8c, 0x53, 0x8c, 0x74, 0x8c, 0x94, 0x94, 0x73, 0x8c, 0x53, 0x8c, 0x24, 0x21,
    0x00, 0x00, 0x00, 0x00, 0x00, 0x00, 0x00, 0x00, 0x00, 0x00, 0x00, 0x00, 0x00, 0x00, 0x00, 0x00,
    0x00, 0x00, 0x00, 0x00, 0x00, 0x00, 0x00, 0x00, 0x00, 0x00, 0x20, 0x00, 0x8f, 0x73, 0x7b, 0xce,
    0x9c, 0xd6, 0x5b, 0xce, 0xd5, 0x9c, 0xd5, 0x9c, 0xf5, 0x9c, 0xf5, 0x9c, 0xd5, 0x9c, 0x94, 0x94,
    0x94, 0x94, 0x74, 0x8c, 0x74, 0x8c, 0x94, 0x94, 0x94, 0x94, 0x74, 0x8c, 0x52, 0x84, 0x25, 0x21,
    0xa3, 0x10, 0x00, 0x00, 0x00, 0x00, 0x00, 0x00, 0x00, 0x00, 0x00, 0x00, 0x00, 0x00, 0x00, 0x00,
    0x00, 0x00, 0x00, 0x00, 0x00, 0x00, 0x00, 0x00, 0x00, 0x00, 0x20, 0x00, 0x8f, 0x73, 0x7b, 0xce,
    0x9c, 0xd6, 0x7b, 0xce, 0xf5, 0x9c, 0xd5, 0x9c, 0xf6, 0x9c, 0xf5, 0x9c, 0xf5, 0x9c, 0xb5, 0x94,
    0xb4, 0x94, 0x94, 0x94, 0x94, 0x94, 0xb4, 0x94, 0xb4, 0x94, 0xb4, 0x94, 0x32, 0x84, 0xed, 0x5a,
    0x29, 0x42, 0x82, 0x10, 0x00, 0x00, 0x00, 0x00, 0x00, 0x00, 0x00, 0x00, 0x00, 0x00, 0x00, 0x00,
    0x00, 0x00, 0x00, 0x00, 0x00, 0x00, 0x00, 0x00, 0x00, 0x00, 0x00, 0x00, 0x0d, 0x63, 0x7b, 0xce,
    0x9c, 0xd6, 0x9c, 0xd6, 0x36, 0xa5, 0xf5, 0x9c, 0x16, 0xa5, 0x16, 0xa5, 0xf6, 0x9c, 0xd5, 0x9c,
    0xb5, 0x94, 0xb4, 0x94, 0xb4, 0x94, 0xb4, 0x94, 0xb5, 0x94, 0x94, 0x94, 0x15, 0x9d, 0x36, 0xa5,
    0x73, 0x8c, 0xe8, 0x39, 0x00, 0x00, 0x00, 0x00, 0x00, 0x00, 0x00, 0x00, 0x00, 0x00, 0x00, 0x00,
    0x00, 0x00, 0x00, 0x00, 0x00, 0x00, 0x00, 0x00, 0x00, 0x00, 0x00, 0x00, 0x29, 0x42, 0x5a, 0xce,
    0x9c, 0xd6, 0x9c, 0xd6, 0x57, 0xad, 0xf5, 0x9c, 0x16, 0xa5, 0x16, 0xa5, 0x16, 0xa5, 0xd5, 0x9c,
    0xd5, 0x9c, 0xb5, 0x94, 0xd5, 0x9c, 0xd5, 0x9c, 0xb4, 0x94, 0x56, 0xad, 0xd9, 0xbd, 0xf9, 0xbd,
    0xf9, 0xbd, 0x31, 0x84, 0xc3, 0x18, 0x00, 0x00, 0x00, 0x00, 0x00, 0x00, 0x00, 0x00, 0x00, 0x00,
    0x00, 0x00, 0x00, 0x00, 0x00, 0x00, 0x00, 0x00, 0x00, 0x00, 0x00, 0x00, 0x04, 0x21, 0x98, 0xb5,
    0x9c, 0xd6, 0x9c, 0xd6, 0x77, 0xad, 0xf6, 0x9c, 0x36, 0xa5, 0x16, 0xa5, 0x16, 0xa5, 0xf5, 0x9c,
    0xd5, 0x9c, 0xd5, 0x9c, 0xd5, 0x9c, 0xb4, 0x94, 0xf5, 0x9c, 0xd9, 0xbd, 0xf9, 0xbd, 0xf9, 0xbd,
    0xf9, 0xbd, 0xb8, 0xb5, 0x6a, 0x4a, 0x00, 0x00, 0x00, 0x00, 0x00, 0x00, 0x00, 0x00, 0x00, 0x00,
    0x00, 0x00, 0x00, 0x00, 0x00, 0x00, 0x00, 0x00, 0x00, 0x00, 0x00, 0x00, 0x41, 0x08, 0x32, 0x84,
    0x9c, 0xd6, 0x9c, 0xd6, 0x77, 0xad, 0x16, 0xa5, 0x36, 0xa5, 0x16, 0xa5, 0x16, 0xa5, 0xf5, 0x9c,
    0xd5, 0x9c, 0xd5, 0x9c, 0xd5, 0x9c, 0xd5, 0x9c, 0x77, 0xad, 0xf9, 0xbd, 0xf9, 0xbd, 0xf9, 0xbd,
    0xf9, 0xbd, 0xf9, 0xbd, 0x32, 0x84, 0xc3, 0x18, 0x00, 0x00, 0x00, 0x00, 0x00, 0x00, 0x00, 0x00,
    0x00, 0x00, 0x00, 0x00, 0x00, 0x00, 0x00, 0x00, 0x00, 0x00, 0x00, 0x00, 0x00, 0x00, 0x4a, 0x4a,
    0x5b, 0xce, 0x9c, 0xd6, 0x57, 0xad, 0x16, 0xa5, 0x36, 0xa5, 0x16, 0xa5, 0x16, 0xa5, 0xf5, 0x9c,
    0xd5, 0x9c, 0xd5, 0x9c, 0xd5, 0x9c, 0xb4, 0x94, 0xd9, 0xbd, 0xf9, 0xbd, 0xf9, 0xbd, 0xf9, 0xbd,
    0xf9, 0xbd, 0xf9, 0xbd, 0x77, 0xad, 0x86, 0x31, 0x00, 0x00, 0x00, 0x00, 0x00, 0x00, 0x00, 0x00,
    0x00, 0x00, 0x00, 0x00, 0x00, 0x00, 0x00, 0x00, 0x00, 0x00, 0xe4, 0x18, 0x9b, 0xd6, 0x9c, 0xd6,
    0x93, 0x94, 0xee, 0x5a, 0x0e, 0x63, 0x0e, 0x63, 0x0e, 0x63, 0xee, 0x5a, 0xcd, 0x5a, 0xad, 0x52,
    0x8c, 0x52, 0xad, 0x52, 0x8c, 0x52, 0x0e, 0x63, 0xd9, 0xbd, 0xf9, 0xbd, 0xf9, 0xbd, 0xf9, 0xbd,
    0xf9, 0xbd, 0xf9, 0xbd, 0xf9, 0xbd, 0x66, 0x29, 0x00, 0x00, 0x00, 0x00, 0x00, 0x00, 0x00, 0x00,
    0x00, 0x00, 0x00, 0x00, 0x00, 0x00, 0x00, 0x00, 0x00, 0x00, 0xe8, 0x39, 0x9c, 0xd6, 0x9c, 0xd6,
    0xd4, 0x9c, 0xee, 0x5a, 0x0e, 0x63, 0x0e, 0x63, 0x0e, 0x63, 0xee, 0x5a, 0xcd, 0x5a, 0xad, 0x52,
    0x8c, 0x52, 0xad, 0x52, 0x8c, 0x52, 0x0e, 0x63, 0xf9, 0xbd, 0xf9, 0xbd, 0xf9, 0xbd, 0xf9, 0xbd,
    0xf9, 0xbd, 0xf9, 0xbd, 0xf9, 0xbd, 0x66, 0x29, 0x00, 0x00, 0x00, 0x00, 0x00, 0x00, 0x00, 0x00,
    0x00, 0x00, 0x00, 0x00, 0x00, 0x00, 0x00, 0x00, 0x00, 0x00, 0xec, 0x5a, 0x9c, 0xd6, 0x9c, 0xd6,
    0x36, 0xa5, 0xee, 0x5a, 0x0e, 0x63, 0x0e, 0x63, 0x0e, 0x63, 0xee, 0x5a, 0xcd, 0x5a, 0xad, 0x52,
    0x8c, 0x52, 0xad, 0x52, 0x8c, 0x52, 0x0e, 0x63, 0xf9, 0xbd, 0xf9, 0xbd, 0xf9, 0xbd, 0xf9, 0xbd,
    0xf9, 0xbd, 0xf9, 0xbd, 0xf9, 0xbd, 0x45, 0x29, 0x00, 0x00, 0x00, 0x00, 0x00, 0x00, 0x00, 0x00,
    0x00, 0x00, 0x00, 0x00, 0x00, 0x00, 0x00, 0x00, 0x00, 0x00, 0x8f, 0x73, 0x9c, 0xd6, 0x9c, 0xd6,
    0xb8, 0xb5, 0x0e, 0x63, 0x0e, 0x63, 0x0e, 0x63, 0x0e, 0x63, 0x0e, 0x63, 0xcd, 0x5a, 0xad, 0x52,
    0x8c, 0x52, 0xad, 0x52, 0x8c, 0x52, 0xee, 0x5a, 0xf9, 0xbd, 0xf9, 0xbd, 0xf9, 0xbd, 0xf9, 0xbd,
    0xf9, 0xbd, 0xf9, 0xbd, 0xf9, 0xbd, 0x25, 0x21, 0x00, 0x00, 0x00, 0x00, 0x00, 0x00, 0x00, 0x00,
    0x00, 0x00, 0x00, 0x00, 0x00, 0x00, 0x00, 0x00, 0x00, 0x00, 0x8f, 0x73, 0x9c, 0xd6, 0x9c, 0xd6,
    0x39, 0xc6, 0x4f, 0x6b, 0x0e, 0x63, 0x0e, 0x63, 0x0e, 0x63, 0x0e, 0x63, 0xcd, 0x5a, 0xad, 0x52,
    0x8c, 0x52, 0xad, 0x52, 0x8c, 0x52, 0xee, 0x5a, 0xf9, 0xbd, 0xf9, 0xbd, 0xf9, 0xbd, 0xf9, 0xbd,
    0xf9, 0xbd, 0xf9, 0xbd, 0xf9, 0xbd, 0x25, 0x21, 0x00, 0x00, 0x00, 0x00, 0x00, 0x00, 0x00, 0x00,
    0x00, 0x00, 0x00, 0x00, 0x00, 0x00, 0x00, 0x00, 0x00, 0x00, 0x2d, 0x63, 0x9c, 0xd6, 0x9c, 0xd6,
    0x9b, 0xd6, 0x12, 0x84, 0xee, 0x5a, 0x0e, 0x63, 0x0e, 0x63, 0x0e, 0x63, 0xcd, 0x5a, 0xcd, 0x5a,
    0x8c, 0x52, 0xad, 0x52, 0x8c, 0x52, 0x0e, 0x5b, 0xf9, 0xbd, 0xf9, 0xbd, 0xf9, 0xbd, 0xf9, 0xbd,
    0xf9, 0xbd, 0xf9, 0xbd, 0xf9, 0xbd, 0x66, 0x29, 0x00, 0x00, 0x00, 0x00, 0x00, 0x00, 0x00, 0x00,
    0x00, 0x00, 0x00, 0x00, 0x00, 0x00, 0x00, 0x00, 0x00, 0x00, 0x4a, 0x4a, 0x9b, 0xd6, 0x9c, 0xd6,
    0x9b, 0xd6, 0x16, 0xa5, 0xee, 0x5a, 0x0e, 0x63, 0x0e, 0x63, 0x0e, 0x63, 0xee, 0x5a, 0xcd, 0x5a,
    0x8c, 0x52, 0xad, 0x52, 0x8c, 0x52, 0x4f, 0x63, 0xf9, 0xbd, 0xf9, 0xbd, 0xf9, 0xbd, 0xf9, 0xbd,
    0xf9, 0xbd, 0xf9, 0xbd, 0xf9, 0xbd, 0xc8, 0x39, 0x00, 0x00, 0x00, 0x00, 0x00, 0x00, 0x00, 0x00,
    0x00, 0x00, 0x00, 0x00, 0x00, 0x00, 0x00, 0x00, 0x00, 0x00, 0x45, 0x29, 0xf9, 0xbd, 0x9c, 0xd6,
    0x9b, 0xd6, 0xf9, 0xbd, 0xee, 0x5a, 0xee, 0x5a, 0x0e, 0x63, 0x0e, 0x63, 0xee, 0x5a, 0xcd, 0x5a,
    0x8c, 0x52, 0xad, 0x52, 0x8c, 0x52, 0xb1, 0x73, 0xf9, 0xbd, 0xf9, 0xbd, 0xf9, 0xbd, 0xf9, 0xbd,
    0xf9, 0xbd, 0xf9, 0xbd, 0xf9, 0xbd, 0x8b, 0x52, 0x00, 0x00, 0x00, 0x00, 0x00, 0x00, 0x00, 0x00,
    0x00, 0x00, 0x00, 0x00, 0x00, 0x00, 0x00, 0x00, 0x00, 0x00, 0x61, 0x08, 0x52, 0x8c, 0x9c, 0xd6,
    0x9b, 0xd6, 0x5b, 0xce, 0x0e, 0x63, 0xee, 0x5a, 0x0e, 0x63, 0x0e, 0x63, 0xee, 0x5a, 0xcd, 0x5a,
    0x8c, 0x52, 0xad, 0x52, 0x8c, 0x52, 0x53, 0x8c, 0xf9, 0xbd, 0xf9, 0xbd, 0xf9, 0xbd, 0xf9, 0xbd,
    0xf9, 0xbd, 0xf9, 0xbd, 0xf9, 0xbd, 0x8f, 0x73, 0x00, 0x00, 0x00, 0x00, 0x00, 0x00, 0x00, 0x00,
    0x00, 0x00, 0x00, 0x00, 0x00, 0x00, 0x00, 0x00, 0x00, 0x00, 0x00, 0x00, 0x4a, 0x4a, 0x5a, 0xce,
    0x9b, 0xd6, 0x9c, 0xd6, 0x90, 0x73, 0xee, 0x5a, 0xee, 0x5a, 0x0e, 0x63, 0xee, 0x5a, 0xcd, 0x5a,
    0x8c, 0x52, 0xad, 0x52, 0x8c, 0x52, 0xf6, 0x9c, 0xf9, 0xbd, 0xf9, 0xbd, 0xf9, 0xbd, 0xf9, 0xbd,
    0xf9, 0xbd, 0xf9, 0xbd, 0xf9, 0xbd, 0x93, 0x94, 0x00, 0x00, 0x00, 0x00, 0x00, 0x00, 0x00, 0x00,
    0x00, 0x00, 0x00, 0x00, 0x00, 0x00, 0x00, 0x00, 0x00, 0x00, 0x00, 0x00, 0xe4, 0x18, 0xb4, 0x94,
    0x9b, 0xd6, 0x9c, 0xd6, 0xf1, 0x7b, 0xee, 0x5a, 0xee, 0x5a, 0x0e, 0x63, 0xee, 0x5a, 0xcd, 0x5a,
    0x8c, 0x52, 0xad, 0x52, 0xac, 0x52, 0x77, 0xad, 0xf9, 0xbd, 0xf9, 0xbd, 0xf9, 0xbd, 0xf9, 0xbd,
    0xf9, 0xbd, 0xf9, 0xbd, 0xf9, 0xbd, 0x56, 0xad, 0x20, 0x00, 0x00, 0x00, 0x00, 0x00, 0x00, 0x00,
    0x00, 0x00, 0x00, 0x00, 0x00, 0x00, 0x00, 0x00, 0x00, 0x00, 0x00, 0x00, 0x00, 0x00, 0xab, 0x52,
    0x1a, 0xc6, 0x9c, 0xd6, 0x12, 0x84, 0xee, 0x5a, 0xee, 0x5a, 0x0e, 0x63, 0xee, 0x5a, 0xcd, 0x5a,
    0x8c, 0x52, 0xad, 0x52, 0xed, 0x5a, 0xb8, 0xb5, 0xf9, 0xbd, 0xf9, 0xbd, 0xf9, 0xbd, 0xf9, 0xbd,
    0xf9, 0xbd, 0xf9, 0xbd, 0xf9, 0xbd, 0x98, 0xb5, 0xa3, 0x10, 0x00, 0x00, 0x00, 0x00, 0x00, 0x00,
    0x00, 0x00, 0x00, 0x00, 0x00, 0x00, 0x00, 0x00, 0x00, 0x00, 0x00, 0x00, 0x00, 0x00, 0x45, 0x29,
    0xf5, 0x9c, 0x9c, 0xd6, 0xf2, 0x7b, 0xee, 0x5a, 0xee, 0x5a, 0x0e, 0x63, 0xee, 0x5a, 0xcd, 0x5a,
    0x8c, 0x52, 0xad, 0x52, 0xed, 0x5a, 0xd8, 0xbd, 0xf9, 0xbd, 0xf9, 0xbd, 0xf9, 0xbd, 0xf9, 0xbd,
    0xf9, 0xbd, 0xf9, 0xbd, 0xf9, 0xbd, 0xb8, 0xb5, 0xe4, 0x18, 0x00, 0x00, 0x00, 0x00, 0x00, 0x00,
    0x00, 0x00, 0x00, 0x00, 0x00, 0x00, 0x00, 0x00, 0x00, 0x00, 0x00, 0x00, 0x00, 0x00, 0xa3, 0x10,
    0xf1, 0x7b, 0x5b, 0xce, 0x90, 0x73, 0xee, 0x5a, 0xee, 0x5a, 0x0e, 0x63, 0xee, 0x5a, 0xcd, 0x5a,
    0x8c, 0x52, 0xad, 0x52, 0xed, 0x5a, 0xb8, 0xb5, 0xf9, 0xbd, 0xf9, 0xbd, 0xf9, 0xbd, 0xf9, 0xbd,
    0xf9, 0xbd, 0xf9, 0xbd, 0xf9, 0xbd, 0xb8, 0xb5, 0x04, 0x21, 0x00, 0x00, 0x00, 0x00, 0x00, 0x00,
    0x00, 0x00, 0x00, 0x00, 0x00, 0x00, 0x00, 0x00, 0x00, 0x00, 0x00, 0x00, 0x00, 0x00, 0x41, 0x08,
    0x8f, 0x73, 0x39, 0xc6, 0x0e, 0x63, 0xee, 0x5a, 0x0e, 0x63, 0x0e, 0x63, 0xee, 0x5a, 0xcd, 0x5a,
    0x8c, 0x52, 0xad, 0x52, 0xed, 0x5a, 0x97, 0xb5, 0xf9, 0xbd, 0xf9, 0xbd, 0xf9, 0xbd, 0xf9, 0xbd,
    0xf9, 0xbd, 0xf9, 0xbd, 0xf9, 0xbd, 0x56, 0xad, 0xe4, 0x18, 0x00, 0x00, 0x00, 0x00, 0x00, 0x00,
    0x00, 0x00, 0x00, 0x00, 0x00, 0x00, 0x00, 0x00, 0x00, 0x00, 0x00, 0x00, 0x00, 0x00, 0x41, 0x08,
    0xd0, 0x7b, 0xd9, 0xbd, 0xee, 0x5a, 0xee, 0x5a, 0x0e, 0x63, 0x0e, 0x63, 0xee, 0x5a, 0xcd, 0x5a,
    0x8c, 0x52, 0xad, 0x52, 0xed, 0x5a, 0xf6, 0x9c, 0xf9, 0xbd, 0xf9, 0xbd, 0xf9, 0xbd, 0xf9, 0xbd,
    0xf9, 0xbd, 0xf9, 0xbd, 0xf9, 0xbd, 0x93, 0x94, 0xc3, 0x18, 0x00, 0x00, 0x00, 0x00, 0x00, 0x00,
    0x00, 0x00, 0x00, 0x00, 0x00, 0x00, 0x00, 0x00, 0x00, 0x00, 0x00, 0x00, 0x00, 0x00, 0x82, 0x10,
    0x94, 0x94, 0x36, 0xa5, 0xee, 0x5a, 0x0e, 0x63, 0x0e, 0x63, 0x0e, 0x63, 0xee, 0x5a, 0xcd, 0x5a,
    0x8c, 0x52, 0xad, 0x52, 0xac, 0x52, 0x32, 0x84, 0xd9, 0xbd, 0xf9, 0xbd, 0xf9, 0xbd, 0xf9, 0xbd,
    0xf9, 0xbd, 0xf9, 0xbd, 0xf9, 0xbd, 0x4e, 0x6b, 0x20, 0x00, 0x00, 0x00, 0x00, 0x00, 0x00, 0x00,
    0x00, 0x00, 0x00, 0x00, 0x00, 0x00, 0x00, 0x00, 0x00, 0x00, 0x00, 0x00, 0x00, 0x00, 0xe4, 0x18,
    0xd8, 0xbd, 0x33, 0x84, 0xee, 0x5a, 0x0e, 0x63, 0x0e, 0x63, 0x0e, 0x63, 0xcd, 0x5a, 0xcd, 0x5a,
    0x8c, 0x52, 0xad, 0x52, 0x8c, 0x52, 0x4f, 0x6b, 0x98, 0xb5, 0xf9, 0xbd, 0xf9, 0xbd, 0xf9, 0xbd,
    0xf9, 0xbd, 0xf9, 0xbd, 0x77, 0xad, 0xe8, 0x39, 0x00, 0x00, 0x00, 0x00, 0x00, 0x00, 0x00, 0x00,
    0x00, 0x00, 0x00, 0x00, 0x00, 0x00, 0x00, 0x00, 0x00, 0x00, 0x00, 0x00, 0x00, 0x00, 0x08, 0x42,
    0x3a, 0xc6, 0x70, 0x6b, 0x0e, 0x63, 0x0e, 0x63, 0x0e, 0x63, 0x0e, 0x63, 0xcd, 0x5a, 0xad, 0x52,
    0x8c, 0x52, 0xad, 0x52, 0x8c, 0x52, 0xcd, 0x52, 0xb4, 0x94, 0xf9, 0xbd, 0xf9, 0xbd, 0xf9, 0xbd,
    0xf9, 0xbd, 0xf9, 0xbd, 0x11, 0x84, 0xc3, 0x18, 0x00, 0x00, 0x00, 0x00, 0x00, 0x00, 0x00, 0x00,
    0x00, 0x00, 0x00, 0x00, 0x00, 0x00, 0x00, 0x00, 0x00, 0x00, 0x00, 0x00, 0x00, 0x00, 0xd0, 0x7b,
    0xd8, 0xbd, 0x0e, 0x63, 0x0e, 0x63, 0x0e, 0x63, 0x0e, 0x63, 0x0e, 0x63, 0xcd, 0x5a, 0xad, 0x52,
    0x8c, 0x52, 0xad, 0x52, 0x8c, 0x52, 0x8c, 0x4a, 0xb1, 0x73, 0x98, 0xb5, 0xf9, 0xbd, 0xf9, 0xbd,
    0xf9, 0xbd, 0x77, 0xad, 0xab, 0x52, 0x41, 0x08, 0x00, 0x00, 0x00, 0x00, 0x00, 0x00, 0x00, 0x00,
    0xa4, 0x08, 0xa4, 0x10, 0xa4, 0x08, 0xa4, 0x08, 0xa4, 0x08, 0xa4, 0x10, 0xe5, 0x10, 0xd9, 0xbd,
    0xb8, 0xb5, 0x78, 0xad, 0x77, 0xad, 0x77, 0xad, 0x77, 0xad, 0x37, 0xa5, 0xd5, 0x9c, 0x94, 0x94,
    0x74, 0x8c, 0x94, 0x94, 0x94, 0x94, 0xb4, 0x94, 0xd5, 0x9c, 0xb8, 0xb5, 0xf9, 0xbd, 0xf9, 0xbd,
    0xd9, 0xbd, 0xd4, 0x94, 0x2a, 0x3a, 0x83, 0x00, 0xa4, 0x08, 0xa4, 0x10, 0xa4, 0x08, 0xa4, 0x08,
    0xa4, 0x08, 0xa4, 0x10, 0xa4, 0x08, 0xa4, 0x08, 0xa4, 0x08, 0xa4, 0x10, 0xe9, 0x31, 0x9c, 0xd6,
    0x97, 0xb5, 0x78, 0xad, 0x77, 0xad, 0x77, 0xad, 0x77, 0xad, 0x36, 0xa5, 0xd5, 0x9c, 0x94, 0x94,
    0x74, 0x8c, 0x94, 0x94, 0x94, 0x94, 0xb5, 0x94, 0xb5, 0x94, 0x97, 0xad, 0xf9, 0xbd, 0xf9, 0xbd,
    0xb8, 0xb5, 0x73, 0x8c, 0xa8, 0x29, 0xa4, 0x08, 0xa4, 0x08, 0xa4, 0x10, 0xa4, 0x08, 0xa4, 0x08,
    0x00, 0x00, 0x00, 0x00, 0x00, 0x00, 0x00, 0x00, 0x00, 0x00, 0x00, 0x00, 0x8f, 0x73, 0x9c, 0xd6,
    0x93, 0x94, 0xee, 0x5a, 0x0e, 0x63, 0x0e, 0x63, 0x0e, 0x63, 0xee, 0x5a, 0xcd, 0x5a, 0xad, 0x52,
    0x8c, 0x52, 0xad, 0x52, 0x8c, 0x52, 0x8c, 0x52, 0xcd, 0x52, 0xd5, 0x9c, 0xd9, 0xbd, 0xf9, 0xbd,
    0xd9, 0xbd, 0x52, 0x8c, 0x05, 0x21, 0x00, 0x00, 0x00, 0x00, 0x00, 0x00, 0x00, 0x00, 0x00, 0x00,
    0x00, 0x00, 0x00, 0x00, 0x00, 0x00, 0x00, 0x00, 0x00, 0x00, 0x41, 0x08, 0x97, 0xb5, 0x9c, 0xd6,
    0x93, 0x94, 0xee, 0x5a, 0x0e, 0x63, 0x0e, 0x63, 0x0e, 0x63, 0xee, 0x5a, 0xcd, 0x5a, 0xad, 0x52,
    0x8c, 0x52, 0xad, 0x52, 0x8c, 0x52, 0x8c, 0x52, 0xee, 0x5a, 0x36, 0xa5, 0xf9, 0xbd, 0xf9, 0xbd,
    0xf9, 0xbd, 0xd4, 0x9c, 0x45, 0x29, 0x00, 0x00, 0x00, 0x00, 0x00, 0x00, 0x00, 0x00, 0x00, 0x00,
    0x00, 0x00, 0x00, 0x00, 0x00, 0x00, 0x00, 0x00, 0x00, 0x00, 0x45, 0x29, 0x9b, 0xd6, 0x9c, 0xd6,
    0xb4, 0x94, 0xee, 0x5a, 0x0e, 0x63, 0x0e, 0x63, 0x0e, 0x63, 0xee, 0x5a, 0xcd, 0x5a, 0xad, 0x52,
    0x8c, 0x52, 0xad, 0x52, 0x8c, 0x52, 0x8c, 0x52, 0x0e, 0x63, 0xb8, 0xb5, 0xf9, 0xbd, 0xf9, 0xbd,
    0xf9, 0xbd, 0x97, 0xb5, 0xa7, 0x31, 0x00, 0x00, 0x00, 0x00, 0x00, 0x00, 0x00, 0x00, 0x00, 0x00,
    0x00, 0x00, 0x00, 0x00, 0x00, 0x00, 0x00, 0x00, 0x00, 0x00, 0xab, 0x52, 0x9c, 0xd6, 0x9c, 0xd6,
    0x36, 0xa5, 0xee, 0x5a, 0x0e, 0x63, 0x0e, 0x63, 0x0e, 0x63, 0xee, 0x5a, 0xcd, 0x5a, 0xad, 0x52,
    0x8c, 0x52, 0xad, 0x52, 0x8c, 0x52, 0x8c, 0x52, 0x70, 0x6b, 0xf9, 0xbd, 0xf9, 0xbd, 0xf9, 0xbd,
    0xf9, 0xbd, 0xf9, 0xbd, 0x49, 0x4a, 0x00, 0x00, 0x00, 0x00, 0x00, 0x00, 0x00, 0x00, 0x00, 0x00,
    0x00, 0x00, 0x00, 0x00, 0x00, 0x00, 0x00, 0x00, 0x00, 0x00, 0x11, 0x84, 0x9c, 0xd6, 0x9c, 0xd6,
    0xb8, 0xb5, 0xee, 0x5a, 0x0e, 0x63, 0x0e, 0x63, 0x0e, 0x63, 0x0e, 0x63, 0xcd, 0x5a, 0xad, 0x52,
    0x8c, 0x52, 0xad, 0x52, 0x8c, 0x52, 0x6c, 0x4a, 0xf2, 0x7b, 0xf9, 0xbd, 0xf9, 0xbd, 0xf9, 0xbd,
    0xf9, 0xbd, 0xf9, 0xbd, 0x0d, 0x63, 0x00, 0x00, 0x00, 0x00, 0x00, 0x00, 0x00, 0x00, 0x00, 0x00,
    0x21, 0x21, 0x22, 0x21, 0x21, 0x21, 0x21, 0x21, 0x21, 0x21, 0x35, 0xa5, 0x9c, 0xd6, 0x9c, 0xd6,
    0x7a, 0xce, 0xd9, 0xbd, 0xd9, 0xbd, 0xd9, 0xbd, 0xd9, 0xbd, 0xb8, 0xb5, 0x36, 0xa5, 0xf5, 0x9c,
    0xb5, 0x94, 0xd5, 0x9c, 0xf5, 0x9c, 0x16, 0xa5, 0x77, 0xad, 0xf9, 0xbd, 0xf9, 0xbd, 0xf9, 0xbd,
    0xf9, 0xbd, 0xf9, 0xbd, 0x72, 0x8c, 0x21, 0x21, 0x21, 0x21, 0x22, 0x21, 0x21, 0x21, 0x21, 0x21,
    0x21, 0x21, 0x22, 0x21, 0x21, 0x21, 0x21, 0x21, 0x62, 0x29, 0x77, 0xad, 0x9c, 0xd6, 0x9c, 0xd6,
    0x9b, 0xd6, 0xb8, 0xb5, 0xd9, 0xbd, 0xd9, 0xbd, 0xd9, 0xbd, 0xb8, 0xb5, 0x37, 0xa5, 0xf5, 0x9c,
    0xb5, 0x94, 0xd5, 0x9c, 0xf5, 0x9c, 0x15, 0x9d, 0xb8, 0xb5, 0xf9, 0xbd, 0xf9, 0xbd, 0xf9, 0xbd,
    0xf9, 0xbd, 0xf9, 0xbd, 0x56, 0xad, 0x21, 0x21, 0x21, 0x21, 0x22, 0x21, 0x21, 0x21, 0x21, 0x21,
    0x21, 0x21, 0x22, 0x21, 0x21, 0x21, 0x21, 0x21, 0x62, 0x29, 0x76, 0xad, 0x9c, 0xd6, 0x9c, 0xd6,
    0x9b, 0xd6, 0xd9, 0xbd, 0xd9, 0xbd, 0xd9, 0xbd, 0xd9, 0xbd, 0xb9, 0xb5, 0x57, 0xad, 0xf5, 0x9c,
    0xb5, 0x94, 0xd5, 0x9c, 0xf5, 0x9c, 0x36, 0xa5, 0xd9, 0xbd, 0xf9, 0xbd, 0xf9, 0xbd, 0xf9, 0xbd,
    0xf9, 0xbd, 0xf9, 0xbd, 0xd9, 0xbd, 0x83, 0x29, 0x21, 0x21, 0x22, 0x21, 0x21, 0x21, 0x21, 0x21,
    0x21, 0x21, 0x22, 0x21, 0x21, 0x21, 0x21, 0x21, 0x21, 0x21, 0xf4, 0x9c, 0x9c, 0xd6, 0x9c, 0xd6,
    0x9b, 0xd6, 0x1a, 0xc6, 0xd9, 0xbd, 0xd9, 0xbd, 0xd9, 0xbd, 0xd9, 0xbd, 0x57, 0xad, 0xf5, 0x9c,
    0xb5, 0x94, 0xd5, 0x9c, 0xf5, 0x9c, 0xf5, 0x9c, 0xf9, 0xbd, 0xf9, 0xbd, 0xf9, 0xbd, 0xf9, 0xbd,
    0xf9, 0xbd, 0xf9, 0xbd, 0xf9, 0xbd, 0x06, 0x3a, 0x21, 0x21, 0x22, 0x21, 0x21, 0x21, 0x21, 0x21,
    0x00, 0x00, 0x00, 0x00, 0x00, 0x00, 0x00, 0x00, 0x00, 0x00, 0x8f, 0x73, 0x9c, 0xd6, 0x9c, 0xd6,
    0x9b, 0xd6, 0x5b, 0xce, 0x0e, 0x63, 0xee, 0x5a, 0x0e, 0x63, 0x0e, 0x63, 0xee, 0x5a, 0xcd, 0x5a,
    0x8c, 0x52, 0xad, 0x52, 0x8c, 0x52, 0xb1, 0x73, 0xf9, 0xbd, 0xf9, 0xbd, 0xf9, 0xbd, 0xf9, 0xbd,
    0xf9, 0xbd, 0xf9, 0xbd, 0xf9, 0xbd, 0x8b, 0x52, 0x00, 0x00, 0x00, 0x00, 0x00, 0x00, 0x00, 0x00,
    0x00, 0x00, 0x00, 0x00, 0x00, 0x00, 0x00, 0x00, 0x00, 0x00, 0x09, 0x42, 0x9c, 0xd6, 0x9c, 0xd6,
    0x9b, 0xd6, 0x9c, 0xd6, 0x70, 0x6b, 0xee, 0x5a, 0xee, 0x5a, 0x0e, 0x63, 0xee, 0x5a, 0xcd, 0x5a,
    0x8c, 0x52, 0xad, 0x52, 0x8c, 0x52, 0xd5, 0x94, 0xf9, 0xbd, 0xf9, 0xbd, 0xf9, 0xbd, 0xf9, 0xbd,
    0xf9, 0xbd, 0xf9, 0xbd, 0xf9, 0xbd, 0x32, 0x84, 0x00, 0x00, 0x00, 0x00, 0x00, 0x00, 0x00, 0x00,
    0x00, 0x00, 0x00, 0x00, 0x00, 0x00, 0x00, 0x00, 0x00, 0x00, 0xe4, 0x18, 0xf9, 0xbd, 0x9c, 0xd6,
    0x9b, 0xd6, 0x9c, 0xd6, 0xf1, 0x7b, 0xee, 0x5a, 0xee, 0x5a, 0x0e, 0x63, 0xee, 0x5a, 0xcd, 0x5a,
    0x8c, 0x52, 0xad, 0x52, 0xac, 0x52, 0x98, 0xb5, 0xf9, 0xbd, 0xf9, 0xbd, 0xf9, 0xbd, 0xf9, 0xbd,
    0xf9, 0xbd, 0xf9, 0xbd, 0xf9, 0xbd, 0x77, 0xad, 0x41, 0x08, 0x00, 0x00, 0x00, 0x00, 0x00, 0x00,
    0x00, 0x00, 0x00, 0x00, 0x00, 0x00, 0x00, 0x00, 0x00, 0x00, 0x00, 0x00, 0xf0, 0x7b, 0x9c, 0xd6,
    0x9b, 0xd6, 0x9c, 0xd6, 0x12, 0x84, 0xee, 0x5a, 0xee, 0x5a, 0x0e, 0x63, 0xee, 0x5a, 0xcd, 0x5a,
    0x8c, 0x52, 0xad, 0x52, 0xed, 0x5a, 0xf9, 0xbd, 0xf9, 0xbd, 0xf9, 0xbd, 0xf9, 0xbd, 0xf9, 0xbd,
    0xf9, 0xbd, 0xf9, 0xbd, 0xf9, 0xbd, 0xf9, 0xbd, 0x04, 0x21, 0x00, 0x00, 0x00, 0x00, 0x00, 0x00,
    0x00, 0x00, 0x00, 0x00, 0x00, 0x00, 0x00, 0x00, 0x00, 0x00, 0x00, 0x00, 0xa7, 0x31, 0x7b, 0xce,
    0x9b, 0xd6, 0x9c, 0xd6, 0xf5, 0x9c, 0x94, 0x94, 0x94, 0x94, 0x94, 0x94, 0x53, 0x8c, 0xf2, 0x7b,
    0xb1, 0x73, 0xd1, 0x7b, 0x32, 0x84, 0xf9, 0xbd, 0xf9, 0xbd, 0xf9, 0xbd, 0xf9, 0xbd, 0xf9, 0xbd,
    0xf9, 0xbd, 0xf9, 0xbd, 0xf9, 0xbd, 0xf9, 0xbd, 0x09, 0x42, 0x00, 0x00, 0x00, 0x00, 0x00, 0x00,
    0x00, 0x00, 0x00, 0x00, 0x00, 0x00, 0x00, 0x00, 0x00, 0x00, 0x00, 0x00, 0x41, 0x08, 0xd5, 0x9c,
    0x9b, 0xd6, 0x9c, 0xd6, 0xd5, 0x9c, 0x94, 0x94, 0x94, 0x94, 0x94, 0x94, 0x53, 0x8c, 0xf2, 0x7b,
    0xb1, 0x73, 0xd1, 0x7b, 0x94, 0x94, 0xf9, 0xbd, 0xf9, 0xbd, 0xf9, 0xbd, 0xf9, 0xbd, 0xf9, 0xbd,
    0xf9, 0xbd, 0xf9, 0xbd, 0xf9, 0xbd, 0xf9, 0xbd, 0x0d, 0x63, 0x00, 0x00, 0x00, 0x00, 0x00, 0x00,
    0x00, 0x00, 0x00, 0x00, 0x00, 0x00, 0x00, 0x00, 0x00, 0x00, 0x00, 0x00, 0x00, 0x00, 0x8b, 0x52,
    0x7b, 0xce, 0x7b, 0xce, 0x2f, 0x63, 0xee, 0x5a, 0x0e, 0x63, 0x0e, 0x63, 0xee, 0x5a, 0xcd, 0x5a,
    0x8c, 0x52, 0xad, 0x52, 0x73, 0x8c, 0xf9, 0xbd, 0xf9, 0xbd, 0xf9, 0xbd, 0xf9, 0xbd, 0xf9, 0xbd,
    0xf9, 0xbd, 0xf9, 0xbd, 0xf9, 0xbd, 0xf9, 0xbd, 0x8f, 0x73, 0x00, 0x00, 0x00, 0x00, 0x00, 0x00,
    0x00, 0x00, 0x00, 0x00, 0x00, 0x00, 0x00, 0x00, 0x00, 0x00, 0x00, 0x00, 0x00, 0x00, 0xe4, 0x18,
    0x97, 0xb5, 0x1a, 0xc6, 0xee, 0x5a, 0xee, 0x5a, 0x0e, 0x63, 0x0e, 0x63, 0xee, 0x5a, 0xcd, 0x5a,
    0x8c, 0x52, 0xad, 0x52, 0x73, 0x8c, 0xf9, 0xbd, 0xf9, 0xbd, 0xf9, 0xbd, 0xf9, 0xbd, 0xf9, 0xbd,
    0xf9, 0xbd, 0xf9, 0xbd, 0xf9, 0xbd, 0xf9, 0xbd, 0xaf, 0x73, 0x00, 0x00, 0x00, 0x00, 0x00, 0x00,
    0x00, 0x00, 0x00, 0x00, 0x00, 0x00, 0x00, 0x00, 0x00, 0x00, 0x00, 0x00, 0x00, 0x00, 0x41, 0x08,
    0x11, 0x84, 0x37, 0xa5, 0xee, 0x5a, 0x0e, 0x63, 0x0e, 0x63, 0x0e, 0x63, 0xee, 0x5a, 0xcd, 0x5a,
    0x8c, 0x52, 0xad, 0x52, 0x52, 0x8c, 0xf9, 0xbd, 0xf9, 0xbd, 0xf9, 0xbd, 0xf9, 0xbd, 0xf9, 0xbd,
    0xf9, 0xbd, 0xf9, 0xbd, 0xf9, 0xbd, 0xf9, 0xbd, 0x4e, 0x6b, 0x00, 0x00, 0x00, 0x00, 0x00, 0x00,
    0x00, 0x00, 0x00, 0x00, 0x00, 0x00, 0x00, 0x00, 0x00, 0x00, 0x00, 0x00, 0x00, 0x00, 0x00, 0x00,
    0x2d, 0x63, 0x32, 0x84, 0xee, 0x5a, 0x0e, 0x63, 0x0e, 0x63, 0x0e, 0x63, 0xcd, 0x5a, 0xcd, 0x5a,
    0x8c, 0x52, 0xad, 0x52, 0xb0, 0x73, 0xf9, 0xbd, 0xf9, 0xbd, 0xf9, 0xbd, 0xf9, 0xbd, 0xf9, 0xbd,
    0xf9, 0xbd, 0xf9, 0xbd, 0xf9, 0xbd, 0xf9, 0xbd, 0x6a, 0x4a, 0x00, 0x00, 0x00, 0x00, 0x00, 0x00,
    0x00, 0x00, 0x00, 0x00, 0x00, 0x00, 0x00, 0x00, 0x00, 0x00, 0x00, 0x00, 0x00, 0x00, 0x00, 0x00,
    0xcb, 0x52, 0x6f, 0x6b, 0xee, 0x5a, 0x0e, 0x63, 0x0e, 0x63, 0x0e, 0x63, 0xcd, 0x5a, 0xad, 0x52,
    0x8c, 0x52, 0xad, 0x52, 0x2e, 0x63, 0xb8, 0xb5, 0xf9, 0xbd, 0xf9, 0xbd, 0xf9, 0xbd, 0xf9, 0xbd,
    0xf9, 0xbd, 0xf9, 0xbd, 0xf9, 0xbd, 0xb8, 0xb5, 0x66, 0x29, 0x00, 0x00, 0x00, 0x00, 0x00, 0x00,
    0x00, 0x00, 0x00, 0x00, 0x00, 0x00, 0x00, 0x00, 0x00, 0x00, 0x00, 0x00, 0x00, 0x00, 0x00, 0x00,
    0x4d, 0x63, 0x0e, 0x63, 0x0e, 0x63, 0x0e, 0x63, 0x0e, 0x63, 0x0e, 0x63, 0xcd, 0x5a, 0xad, 0x52,
    0x8c, 0x52, 0xad, 0x52, 0xcd, 0x5a, 0xf5, 0x9c, 0xf9, 0xbd, 0xf9, 0xbd, 0xf9, 0xbd, 0xf9, 0xbd,
    0xf9, 0xbd, 0xf9, 0xbd, 0xf9, 0xbd, 0x73, 0x8c, 0x82, 0x10, 0x00, 0x00, 0x00, 0x00, 0x00, 0x00,
    0x00, 0x00, 0x00, 0x00, 0x00, 0x00, 0x00, 0x00, 0x00, 0x00, 0x00, 0x00, 0x00, 0x00, 0xa3, 0x10,
    0xf1, 0x7b, 0xee, 0x5a, 0x0e, 0x63, 0x0e, 0x63, 0x0e, 0x63, 0x0e, 0x63, 0xcd, 0x5a, 0xad, 0x52,
    0x8c, 0x52, 0xad, 0x52, 0x8c, 0x52, 0xd1, 0x7b, 0xd9, 0xbd, 0xf9, 0xbd, 0xf9, 0xbd, 0xf9, 0xbd,
    0xf9, 0xbd, 0xf9, 0xbd, 0xf9, 0xbd, 0x8b, 0x52, 0x00, 0x00, 0x00, 0x00, 0x00, 0x00, 0x00, 0x00,
    0x00, 0x00, 0x00, 0x00, 0x00, 0x00, 0x00, 0x00, 0x00, 0x00, 0x00, 0x00, 0x00, 0x00, 0xa7, 0x31,
    0x93, 0x94, 0xee, 0x5a, 0x0e, 0x63, 0x0e, 0x63, 0x0e, 0x63, 0xee, 0x5a, 0xcd, 0x5a, 0xad, 0x52,
    0x8c, 0x52, 0xad, 0x52, 0x8c, 0x52, 0xed, 0x5a, 0x36, 0xa5, 0xf9, 0xbd, 0xf9, 0xbd, 0xf9, 0xbd,
    0xf9, 0xbd, 0xf9, 0xbd, 0xf5, 0x9c, 0xe4, 0x18, 0x00, 0x00, 0x00, 0x00, 0x00, 0x00, 0x00, 0x00,
    0x00, 0x00, 0x00, 0x00, 0x00, 0x00, 0x00, 0x00, 0x00, 0x00, 0x00, 0x00, 0x00, 0x00, 0xb0, 0x73,
    0x93, 0x94, 0xee, 0x5a, 0x0e, 0x63, 0x0e, 0x63, 0x0e, 0x63, 0xee, 0x5a, 0xcd, 0x5a, 0xad, 0x52,
    0x8c, 0x52, 0xad, 0x52, 0x8c, 0x52, 0x8c, 0x52, 0xf1, 0x7b, 0xf9, 0xbd, 0xf9, 0xbd, 0xf9, 0xbd,
    0xf9, 0xbd, 0xf9, 0xbd, 0xed, 0x5a, 0x00, 0x00, 0x00, 0x00, 0x00, 0x00, 0x00, 0x00, 0x00, 0x00,
    0x00, 0x00, 0x00, 0x00, 0x00, 0x00, 0x00, 0x00, 0x00, 0x00, 0x00, 0x00, 0x04, 0x21, 0xd9, 0xbd,
    0x93, 0x94, 0xee, 0x5a, 0x0e, 0x63, 0x0e, 0x63, 0x0e, 0x63, 0xee, 0x5a, 0xcd, 0x5a, 0xad, 0x52,
    0x8c, 0x52, 0xad, 0x52, 0x8c, 0x52, 0x8c, 0x52, 0xee, 0x5a, 0x57, 0xad, 0xf9, 0xbd, 0xf9, 0xbd,
    0xf9, 0xbd, 0xf5, 0x9c, 0x66, 0x29, 0x00, 0x00, 0x00, 0x00, 0x00, 0x00, 0x00, 0x00, 0x00, 0x00,
    0x00, 0x00, 0x00, 0x00, 0x00, 0x00, 0x00, 0x00, 0x00, 0x00, 0x00, 0x00, 0x0d, 0x63, 0x9c, 0xd6,
    0xb4, 0x94, 0xee, 0x5a, 0x0e, 0x63, 0x0e, 0x63, 0x0e, 0x63, 0xee, 0x5a, 0xcd, 0x5a, 0xad, 0x52,
    0x8c, 0x52, 0xad, 0x52, 0x8c, 0x52, 0x8c, 0x52, 0xad, 0x52, 0x94, 0x94, 0xd9, 0xbd, 0xf9, 0xbd,
    0xd8, 0xbd, 0xd0, 0x7b, 0xa3, 0x10, 0x00, 0x00, 0x00, 0x00, 0x00, 0x00, 0x00, 0x00, 0x00, 0x00,
    0x00, 0x00, 0x00, 0x00, 0x00, 0x00, 0x00, 0x00, 0x00, 0x00, 0x82, 0x10, 0x36, 0xa5, 0x9c, 0xd6,
    0x15, 0xa5, 0xee, 0x5a, 0x0e, 0x63, 0x0e, 0x63, 0x0e, 0x63, 0xee, 0x5a, 0xcd, 0x5a, 0xad, 0x52,
    0x8c, 0x52, 0xad, 0x52, 0x8c, 0x52, 0x8c, 0x52, 0x6c, 0x4a, 0x12, 0x84, 0xb8, 0xb5, 0xf9, 0xbd,
    0x98, 0xb5, 0x2d, 0x63, 0x20, 0x00, 0x00, 0x00, 0x00, 0x00, 0x00, 0x00, 0x00, 0x00, 0x00, 0x00,
    0x00, 0x00, 0x00, 0x00, 0x00, 0x00, 0x00, 0x00, 0x00, 0x00, 0xa7, 0x31, 0x7b, 0xce, 0x9c, 0xd6,
    0xb7, 0xb5, 0xee, 0x5a, 0x0e, 0x63, 0x0e, 0x63, 0x0e, 0x63, 0x0e, 0x63, 0xcd, 0x5a, 0xad, 0x52,
    0x8c, 0x52, 0xad, 0x52, 0x8c, 0x52, 0x8c, 0x52, 0x6c, 0x4a, 0x12, 0x7c, 0xb8, 0xb5, 0xf9, 0xbd,
    0x98, 0xb5, 0x0d, 0x63, 0x00, 0x00, 0x00, 0x00, 0x00, 0x00, 0x00, 0x00, 0x00, 0x00, 0x00, 0x00,
    0x00, 0x00, 0x00, 0x00, 0x00, 0x00, 0x00, 0x00, 0x00, 0x00, 0x0d, 0x63, 0x9c, 0xd6, 0x9c, 0xd6,
    0x19, 0xc6, 0x2f, 0x63, 0x0e, 0x63, 0x0e, 0x63, 0x0e, 0x63, 0x0e, 0x63, 0xcd, 0x5a, 0xad, 0x52,
    0x8c, 0x52, 0xad, 0x52, 0x8c, 0x52, 0x6c, 0x4a, 0x6c, 0x4a, 0x73, 0x8c, 0xf9, 0xbd, 0xf9, 0xbd,
    0xd9, 0xbd, 0x8f, 0x73, 0x20, 0x00, 0x00, 0x00, 0x00, 0x00, 0x00, 0x00, 0x00, 0x00, 0x00, 0x00,
    0x00, 0x00, 0x00, 0x00, 0x00, 0x00, 0x00, 0x00, 0x00, 0x00, 0x52, 0x8c, 0x9c, 0xd6, 0x9c, 0xd6,
    0x7a, 0xce, 0xf2, 0x7b, 0xee, 0x5a, 0x0e, 0x63, 0x0e, 0x63, 0x0e, 0x63, 0xcd, 0x5a, 0xad, 0x52,
    0x8c, 0x52, 0xad, 0x52, 0x8c, 0x52, 0x6c, 0x4a, 0xad, 0x52, 0x16, 0xa5, 0xf9, 0xbd, 0xf9, 0xbd,
    0xf9, 0xbd, 0xb4, 0x94, 0xa2, 0x10, 0x00, 0x00, 0x00, 0x00, 0x00, 0x00, 0x00, 0x00, 0x00, 0x00,
    0x00, 0x00, 0x00, 0x00, 0x00, 0x00, 0x00, 0x00, 0x20, 0x00, 0xf5, 0x9c, 0x9c, 0xd6, 0x9c, 0xd6,
    0x9b, 0xd6, 0xf5, 0x9c, 0xee, 0x5a, 0x0e, 0x63, 0x0e, 0x63, 0x0e, 0x63, 0xee, 0x5a, 0xcd, 0x5a,
    0x8c, 0x52, 0xad, 0x52, 0x8c, 0x52, 0x6c, 0x4a, 0xcd, 0x5a, 0xd9, 0xbd, 0xf9, 0xbd, 0xf9, 0xbd,
    0xf9, 0xbd, 0xb8, 0xb5, 0x45, 0x29, 0x00, 0x00, 0x00, 0x00, 0x00, 0x00, 0x00, 0x00, 0x00, 0x00,
    0x00, 0x00, 0x00, 0x00, 0x00, 0x00, 0x00, 0x00, 0x21, 0x00, 0x15, 0xa5, 0x9c, 0xd6, 0x9c, 0xd6,
    0x9b, 0xd6, 0xd9, 0xbd, 0xee, 0x5a, 0x0e, 0x63, 0x0e, 0x63, 0x0e, 0x63, 0xee, 0x5a, 0xcd, 0x5a,
    0x8c, 0x52, 0xad, 0x52, 0x8c, 0x52, 0x6c, 0x4a, 0xb0, 0x73, 0xf9, 0xbd, 0xf9, 0xbd, 0xf9, 0xbd,
    0xf9, 0xbd, 0xf9, 0xbd, 0xcc, 0x5a, 0x00, 0x00, 0x00, 0x00, 0x00, 0x00, 0x00, 0x00, 0x00, 0x00,
    0x00, 0x00, 0x00, 0x00, 0x00, 0x00, 0x00, 0x00, 0x00, 0x00, 0xd4, 0x9c, 0x9c, 0xd6, 0x9c, 0xd6,
    0x9b, 0xd6, 0x5b, 0xce, 0x0e, 0x63, 0xee, 0x5a, 0x0e, 0x63, 0x0e, 0x63, 0xee, 0x5a, 0xcd, 0x5a,
    0x8c, 0x52, 0xad, 0x52, 0x8c, 0x52, 0x6c, 0x4a, 0x16, 0xa5, 0xf9, 0xbd, 0xf9, 0xbd, 0xf9, 0xbd,
    0xf9, 0xbd, 0xf9, 0xbd, 0xb4, 0x94, 0x20, 0x00, 0x00, 0x00, 0x00, 0x00, 0x00, 0x00, 0x00, 0x00,
    0x00, 0x00, 0x00, 0x00, 0x00, 0x00, 0x00, 0x00, 0x00, 0x00, 0xf1, 0x7b, 0x9c, 0xd6, 0x9c, 0xd6,
    0x9b, 0xd6, 0x9c, 0xd6, 0x70, 0x6b, 0xee, 0x5a, 0xee, 0x5a, 0x0e, 0x63, 0xee, 0x5a, 0xcd, 0x5a,
    0x8c, 0x52, 0xad, 0x52, 0x8c, 0x52, 0xed, 0x5a, 0xd9, 0xbd, 0xf9, 0xbd, 0xf9, 0xbd, 0xf9, 0xbd,
    0xf9, 0xbd, 0xf9, 0xbd, 0xf9, 0xbd, 0x25, 0x21, 0x00, 0x00, 0x00, 0x00, 0x00, 0x00, 0x00, 0x00,
    0x00, 0x00, 0x00, 0x00, 0x00, 0x00, 0x00, 0x00, 0x00, 0x00, 0xab, 0x52, 0x9c, 0xd6, 0x9c, 0xd6,
    0x9b, 0xd6, 0x9c, 0xd6, 0xd1, 0x7b, 0xee, 0x5a, 0xee, 0x5a, 0x0e, 0x63, 0xee, 0x5a, 0xcd, 0x5a,
    0x8c, 0x52, 0xad, 0x52, 0x8c, 0x52, 0xf2, 0x7b, 0xf9, 0xbd, 0xf9, 0xbd, 0xf9, 0xbd, 0xf9, 0xbd,
    0xf9, 0xbd, 0xf9, 0xbd, 0xf9, 0xbd, 0xed, 0x5a, 0x00, 0x00, 0x00, 0x00, 0x00, 0x00, 0x00, 0x00,
    0x00, 0x00, 0x00, 0x00, 0x00, 0x00, 0x00, 0x00, 0x00, 0x00, 0x45, 0x29, 0x9c, 0xd6, 0x9c, 0xd6,
    0x9b, 0xd6, 0x9c, 0xd6, 0x12, 0x84, 0xee, 0x5a, 0xee, 0x5a, 0x0e, 0x63, 0xee, 0x5a, 0xcd, 0x5a,
    0x8c, 0x52, 0xad, 0x52, 0xac, 0x52, 0x56, 0xa5, 0xf9, 0xbd, 0xf9, 0xbd, 0xf9, 0xbd, 0xf9, 0xbd,
    0xf9, 0xbd, 0xf9, 0xbd, 0xf9, 0xbd, 0xf5, 0x9c, 0x20, 0x00, 0x00, 0x00, 0x00, 0x00, 0x00, 0x00,
    0x00, 0x00, 0x00, 0x00, 0x00, 0x00, 0x00, 0x00, 0x00, 0x00, 0x41, 0x08, 0xd8, 0xbd, 0x9c, 0xd6,
    0x9b, 0xd6, 0x9c, 0xd6, 0xf2, 0x7b, 0xee, 0x5a, 0xee, 0x5a, 0x0e, 0x63, 0xee, 0x5a, 0xcd, 0x5a,
    0x8c, 0x52, 0xad, 0x52, 0x0e, 0x63, 0xf9, 0xbd, 0xf9, 0xbd, 0xf9, 0xbd, 0xf9, 0xbd, 0xf9, 0xbd,
    0xf9, 0xbd, 0xf9, 0xbd, 0xf9, 0xbd, 0xd9, 0xbd, 0x25, 0x21, 0x00, 0x00, 0x00, 0x00, 0x00, 0x00,
    0x00, 0x00, 0x00, 0x00, 0x00, 0x00, 0x00, 0x00, 0x00, 0x00, 0x00, 0x00, 0xf1, 0x7b, 0x9c, 0xd6,
    0x9b, 0xd6, 0x9c, 0xd6, 0xb0, 0x73, 0xee, 0x5a, 0xee, 0x5a, 0x0e, 0x63, 0xee, 0x5a, 0xcd, 0x5a,
    0x8c, 0x52, 0xad, 0x52, 0xd0, 0x7b, 0xf9, 0xbd, 0xf9, 0xbd, 0xf9, 0xbd, 0xf9, 0xbd, 0xf9, 0xbd,
    0xf9, 0xbd, 0xf9, 0xbd, 0xf9, 0xbd, 0xf9, 0xbd, 0x6a, 0x4a, 0x00, 0x00, 0x00, 0x00, 0x00, 0x00,
    0x00, 0x00, 0x00, 0x00, 0x00, 0x00, 0x00, 0x00, 0x00, 0x00, 0xd4, 0x9c, 0x9c, 0xd6, 0x9b, 0xd6,
    0x15, 0x9d, 0x6c, 0x4a, 0x8c, 0x52, 0x8c, 0x52, 0x6c, 0x4a, 0xac, 0x52, 0x0e, 0x5b, 0x90, 0x6b,
    0xb0, 0x73, 0x4f, 0x6b, 0x6f, 0x6b, 0xd8, 0xb5, 0xf9, 0xbd, 0xf9, 0xbd, 0xf9, 0xbd, 0xf9, 0xbd,
    0xf9, 0xbd, 0xf9, 0xbd, 0xf9, 0xbd, 0xf9, 0xbd, 0x25, 0x21, 0x00, 0x00, 0x00, 0x00, 0x00, 0x00,
    0x00, 0x00, 0x00, 0x00, 0x00, 0x00, 0x00, 0x00, 0x41, 0x08, 0x1a, 0xc6, 0x9c, 0xd6, 0x9b, 0xd6,
    0x36, 0xa5, 0x6c, 0x4a, 0x8c, 0x52, 0x8c, 0x52, 0x6c, 0x4a, 0x4b, 0x42, 0xad, 0x52, 0xed, 0x5a,
    0xed, 0x5a, 0xad, 0x52, 0xed, 0x5a, 0xd8, 0xb5, 0xf9, 0xbd, 0xf9, 0xbd, 0xf9, 0xbd, 0xf9, 0xbd,
    0xf9, 0xbd, 0xf9, 0xbd, 0xf9, 0xbd, 0xf9, 0xbd, 0xa2, 0x10, 0x00, 0x00, 0x00, 0x00, 0x00, 0x00,
    0x00, 0x00, 0x00, 0x00, 0x00, 0x00, 0x00, 0x00, 0xe4, 0x18, 0x7b, 0xce, 0x9c, 0xd6, 0x9c, 0xd6,
    0xb9, 0xb5, 0x8c, 0x52, 0x8c, 0x52, 0x8c, 0x52, 0x6c, 0x4a, 0x6c, 0x4a, 0x6c, 0x4a, 0x8c, 0x52,
    0xac, 0x52, 0x6b, 0x4a, 0x4b, 0x4a, 0xf9, 0xbd, 0xf9, 0xbd, 0xf9, 0xbd, 0xf9, 0xbd, 0xf9, 0xbd,
    0xf9, 0xbd, 0xf9, 0xbd, 0xf9, 0xbd, 0xd9, 0xbd, 0x00, 0x00, 0x00, 0x00, 0x00, 0x00, 0x00, 0x00,
    0x00, 0x00, 0x00, 0x00, 0x00, 0x00, 0x00, 0x00, 0xc8, 0x39, 0x9b, 0xd6, 0x9c, 0xd6, 0x9c, 0xd6,
    0x1a, 0xc6, 0xed, 0x5a, 0x8c, 0x52, 0x8c, 0x52, 0x6c, 0x4a, 0x6c, 0x4a, 0x6c, 0x4a, 0x4b, 0x4a,
    0x4b, 0x4a, 0x2b, 0x42, 0x4b, 0x4a, 0xb8, 0xb5, 0xf9, 0xbd, 0xf9, 0xbd, 0xf9, 0xbd, 0xf9, 0xbd,
    0xf9, 0xbd, 0xf9, 0xbd, 0xf9, 0xbd, 0xb8, 0xb5, 0x00, 0x00, 0x00, 0x00, 0x00, 0x00, 0x00, 0x00,
    0x00, 0x00, 0x00, 0x00, 0x00, 0x00, 0x00, 0x00, 0x6a, 0x4a, 0x9b, 0xd6, 0x9c, 0xd6, 0x9c, 0xd6,
    0x7b, 0xce, 0xb0, 0x73, 0x8c, 0x52, 0x8c, 0x52, 0x6c, 0x4a, 0x6c, 0x4a, 0x6c, 0x4a, 0x4b, 0x4a,
    0x4b, 0x4a, 0x2b, 0x42, 0x4b, 0x4a, 0x98, 0xb5, 0xf9, 0xbd, 0xf9, 0xbd, 0xf9, 0xbd, 0xf9, 0xbd,
    0xf9, 0xbd, 0xf9, 0xbd, 0xf9, 0xbd, 0x77, 0xad, 0x00, 0x00, 0x00, 0x00, 0x00, 0x00, 0x00, 0x00,
    0x00, 0x00, 0x00, 0x00, 0x00, 0x00, 0x00, 0x00, 0xab, 0x52, 0x9b, 0xd6, 0x9c, 0xd6, 0x9c, 0xd6,
    0x9c, 0xd6, 0x94, 0x94, 0x6c, 0x4a, 0x8c, 0x52, 0x6c, 0x4a, 0x6c, 0x4a, 0x6c, 0x4a, 0x4b, 0x4a,
    0x4b, 0x4a, 0x2b, 0x42, 0x4b, 0x4a, 0x98, 0xb5, 0xf9, 0xbd, 0xf9, 0xbd, 0xf9, 0xbd, 0xf9, 0xbd,
    0xf9, 0xbd, 0xf9, 0xbd, 0xf9, 0xbd, 0x77, 0xad, 0x00, 0x00, 0x00, 0x00, 0x00, 0x00, 0x00, 0x00,
    0x00, 0x00, 0x00, 0x00, 0x00, 0x00, 0x00, 0x00, 0x4a, 0x4a, 0x9b, 0xd6, 0x9c, 0xd6, 0x9c, 0xd6,
    0x9c, 0xd6, 0x97, 0xb5, 0x6c, 0x4a, 0x8c, 0x52, 0x6c, 0x4a, 0x6c, 0x4a, 0x6c, 0x4a, 0x4b, 0x4a,
    0x4b, 0x4a, 0x2b, 0x42, 0x4b, 0x4a, 0xb8, 0xb5, 0xf9, 0xbd, 0xd9, 0xbd, 0xf9, 0xbd, 0xf9, 0xbd,
    0xf9, 0xbd, 0xd9, 0xbd, 0xf9, 0xbd, 0xb8, 0xb5, 0x00, 0x00, 0x00, 0x00, 0x00, 0x00, 0x00, 0x00,
    0x00, 0x00, 0x00, 0x00, 0x00, 0x00, 0x00, 0x00, 0xa7, 0x31, 0x9b, 0xd6, 0x9c, 0xd6, 0x9c, 0xd6,
    0x9c, 0xd6, 0x19, 0xc6, 0xad, 0x52, 0x8c, 0x52, 0x6c, 0x4a, 0x6c, 0x4a, 0x6c, 0x4a, 0x6c, 0x4a,
    0x4b, 0x4a, 0x2b, 0x42, 0x4b, 0x4a, 0xd9, 0xbd, 0xd9, 0xbd, 0xd9, 0xbd, 0xf9, 0xbd, 0xf9, 0xbd,
    0xd9, 0xbd, 0xd9, 0xbd, 0xf9, 0xbd, 0xd9, 0xbd, 0x00, 0x00, 0x00, 0x00, 0x00, 0x00, 0x00, 0x00,
    0x00, 0x00, 0x00, 0x00, 0x00, 0x00, 0x00, 0x00, 0xc3, 0x18, 0x3a, 0xc6, 0x9c, 0xd6, 0x9c, 0xd6,
    0x9c, 0xd6, 0x7a, 0xce, 0x2f, 0x63, 0x8c, 0x52, 0x8c, 0x52, 0x6c, 0x4a, 0x6c, 0x4a, 0x6c, 0x4a,
    0x4b, 0x4a, 0x2b, 0x42, 0xcd, 0x5a, 0xf9, 0xbd, 0xd9, 0xbd, 0xd9, 0xbd, 0xf9, 0xbd, 0xf9, 0xbd,
    0xd9, 0xbd, 0xd9, 0xbd, 0xf9, 0xbd, 0xf9, 0xbd, 0xc3, 0x18, 0x00, 0x00, 0x00, 0x00, 0x00, 0x00,
    0x00, 0x00, 0x00, 0x00, 0x00, 0x00, 0x00, 0x00, 0x00, 0x00, 0x36, 0xa5, 0x9c, 0xd6, 0x9c, 0xd6,
    0x9c, 0xd6, 0x9b, 0xd6, 0xd1, 0x7b, 0x8c, 0x52, 0x8c, 0x52, 0x6c, 0x4a, 0x6c, 0x4a, 0x6c, 0x4a,
    0x4b, 0x4a, 0x4b, 0x4a, 0x2e, 0x63, 0xf9, 0xbd, 0xf9, 0xbd, 0xd9, 0xbd, 0xf9, 0xbd, 0xf9, 0xbd,
    0xf9, 0xbd, 0xd9, 0xbd, 0xf9, 0xbd, 0xf9, 0xbd, 0xa7, 0x31, 0x00, 0x00, 0x00, 0x00, 0x00, 0x00,
    0x00, 0x00, 0x00, 0x00, 0x00, 0x00, 0x00, 0x00, 0x00, 0x00, 0x4e, 0x6b, 0x9c, 0xd6, 0x9c, 0xd6,
    0x9c, 0xd6, 0x9b, 0xd6, 0x53, 0x8c, 0x8c, 0x52, 0x8c, 0x52, 0x6c, 0x4a, 0x8c, 0x52, 0x6c, 0x4a,
    0x4b, 0x4a, 0x4b, 0x4a, 0x12, 0x84, 0xf9, 0xbd, 0xf9, 0xbd, 0xf9, 0xbd, 0xf9, 0xbd, 0xf9, 0xbd,
    0xf9, 0xbd, 0xf9, 0xbd, 0xf9, 0xbd, 0xf9, 0xbd, 0x2d, 0x63, 0x00, 0x00, 0x00, 0x00, 0x00, 0x00,
    0x00, 0x00, 0x00, 0x00, 0x00, 0x00, 0x00, 0x00, 0x00, 0x00, 0x66, 0x29, 0x9c, 0xd6, 0x9c, 0xd6,
    0x9c, 0xd6, 0x9b, 0xd6, 0x73, 0x8c, 0x8c, 0x52, 0x8c, 0x52, 0x8c, 0x52, 0x8c, 0x52, 0x6c, 0x4a,
    0x4b, 0x4a, 0x4b, 0x4a, 0x16, 0xa5, 0xf9, 0xbd, 0xf9, 0xbd, 0xf9, 0xbd, 0xf9, 0xbd, 0xf9, 0xbd,
    0xf9, 0xbd, 0xf9, 0xbd, 0xf9, 0xbd, 0xf9, 0xbd, 0x93, 0x94, 0x00, 0x00, 0x00, 0x00, 0x00, 0x00,
    0x00, 0x00, 0x00, 0x00, 0x00, 0x00, 0x00, 0x00, 0x00, 0x00, 0x41, 0x08, 0x1a, 0xc6, 0x9c, 0xd6,
    0x9c, 0xd6, 0x9b, 0xd6, 0x33, 0x84, 0x8c, 0x52, 0x8c, 0x52, 0x8c, 0x52, 0x8c, 0x52, 0x6c, 0x4a,
    0x4b, 0x4a, 0x4b, 0x4a, 0xb8, 0xb5, 0xf9, 0xbd, 0xf9, 0xbd, 0xf9, 0xbd, 0xf9, 0xbd, 0xf9, 0xbd,
    0xf9, 0xbd, 0xf9, 0xbd, 0xf9, 0xbd, 0xf9, 0xbd, 0x77, 0xad, 0x20, 0x00, 0x00, 0x00, 0x00, 0x00,
    0x00, 0x00, 0x00, 0x00, 0x00, 0x00, 0x00, 0x00, 0x00, 0x00, 0x00, 0x00, 0xd4, 0x9c, 0x9c, 0xd6,
    0x9c, 0xd6, 0x9b, 0xd6, 0xd1, 0x7b, 0x8c, 0x52, 0x8c, 0x52, 0x8c, 0x52, 0x8c, 0x52, 0x6c, 0x4a,
    0x4b, 0x4a, 0xcd, 0x5a, 0xf9, 0xbd, 0xf9, 0xbd, 0xf9, 0xbd, 0xf9, 0xbd, 0xf9, 0xbd, 0xf9, 0xbd,
    0xf9, 0xbd, 0xf9, 0xbd, 0xf9, 0xbd, 0xf9, 0xbd, 0xd9, 0xbd, 0xc3, 0x18, 0x00, 0x00, 0x00, 0x00,
    0x00, 0x00, 0x00, 0x00, 0x00, 0x00, 0x00, 0x00, 0x00, 0x00, 0x00, 0x00, 0x6e, 0x6b, 0x9c, 0xd6,
    0x9c, 0xd6, 0x7a, 0xce, 0x2e, 0x63, 0x8c, 0x52, 0x8c, 0x52, 0x8c, 0x52, 0x8c, 0x52, 0x6c, 0x4a,
    0x4b, 0x4a, 0xac, 0x52, 0xf9, 0xbd, 0xf9, 0xbd, 0xf9, 0xbd, 0xf9, 0xbd, 0xf9, 0xbd, 0xf9, 0xbd,
    0xf9, 0xbd, 0xf9, 0xbd, 0xf9, 0xbd, 0xf9, 0xbd, 0xf9, 0xbd, 0xe4, 0x18, 0x00, 0x00, 0x00, 0x00,
    0x00, 0x00, 0x00, 0x00, 0x00, 0x00, 0x00, 0x00, 0x00, 0x00, 0x00, 0x00, 0x8b, 0x52, 0x9c, 0xd6,
    0x9c, 0xd6, 0xf9, 0xbd, 0xad, 0x52, 0x8c, 0x52, 0x8c, 0x52, 0x8c, 0x52, 0x8c, 0x52, 0x6c, 0x4a,
    0x4b, 0x4a, 0xcd, 0x5a, 0xf9, 0xbd, 0xf9, 0xbd, 0xf9, 0xbd, 0xf9, 0xbd, 0xf9, 0xbd, 0xf9, 0xbd,
    0xf9, 0xbd, 0xf9, 0xbd, 0xf9, 0xbd, 0xf9, 0xbd, 0xf9, 0xbd, 0x25, 0x21, 0x00, 0x00, 0x00, 0x00,
    0x00, 0x00, 0x00, 0x00, 0x00, 0x00, 0x00, 0x00, 0x00, 0x00, 0x00, 0x00, 0x29, 0x42, 0x9c, 0xd6,
    0x9c, 0xd6, 0x56, 0xad, 0x8c, 0x52, 0x8c, 0x52, 0x8c, 0x52, 0x8c, 0x52, 0x8c, 0x52, 0x6c, 0x4a,
    0x4b, 0x4a, 0xac, 0x52, 0xd9, 0xbd, 0xf9, 0xbd, 0xf9, 0xbd, 0xf9, 0xbd, 0xf9, 0xbd, 0xf9, 0xbd,
    0xf9, 0xbd, 0xf9, 0xbd, 0xf9, 0xbd, 0xf9, 0xbd, 0xd8, 0xbd, 0xe4, 0x18, 0x00, 0x00, 0x00, 0x00,
    0x00, 0x00, 0x00, 0x00, 0x00, 0x00, 0x00, 0x00, 0x00, 0x00, 0x00, 0x00, 0x4a, 0x4a, 0x9c, 0xd6,
    0x9c, 0xd6, 0x53, 0x8c, 0xad, 0x52, 0xad, 0x52, 0x8c, 0x52, 0x8c, 0x52, 0x8c, 0x52, 0x6c, 0x4a,
    0x4b, 0x4a, 0xac, 0x52, 0xb8, 0xb5, 0xf9, 0xbd, 0xf9, 0xbd, 0xf9, 0xbd, 0xf9, 0xbd, 0xf9, 0xbd,
    0xf9, 0xbd, 0xf9, 0xbd, 0xf9, 0xbd, 0xf9, 0xbd, 0x77, 0xad, 0xc3, 0x18, 0x00, 0x00, 0x00, 0x00,
    0x00, 0x00, 0x00, 0x00, 0x00, 0x00, 0x00, 0x00, 0x00, 0x00, 0x00, 0x00, 0x0d, 0x63, 0x9c, 0xd6,
    0x7b, 0xce, 0x6f, 0x6b, 0xad, 0x52, 0xad, 0x52, 0x8c, 0x52, 0x8c, 0x52, 0x8c, 0x52, 0x6c, 0x4a,
    0x4b, 0x4a, 0x6b, 0x4a, 0x36, 0xa5, 0xf9, 0xbd, 0xf9, 0xbd, 0xf9, 0xbd, 0xf9, 0xbd, 0xf9, 0xbd,
    0xf9, 0xbd, 0xf9, 0xbd, 0xf9, 0xbd, 0xf9, 0xbd, 0xb4, 0x94, 0x41, 0x08, 0x00, 0x00, 0x00, 0x00,
    0x00, 0x00, 0x00, 0x00, 0x00, 0x00, 0x00, 0x00, 0x00, 0x00, 0x00, 0x00, 0x73, 0x8c, 0x9c, 0xd6,
    0xf9, 0xbd, 0xad, 0x52, 0xad, 0x52, 0xad, 0x52, 0x8c, 0x52, 0x8c, 0x52, 0x8c, 0x52, 0x6c, 0x4a,
    0x2a, 0x42, 0x2a, 0x42, 0x73, 0x8c, 0xf9, 0xbd, 0xf9, 0xbd, 0xf9, 0xbd, 0xf9, 0xbd, 0xf9, 0xbd,
    0xf9, 0xbd, 0xf9, 0xbd, 0xf9, 0xbd, 0xf9, 0xbd, 0x8f, 0x73, 0x00, 0x00, 0x00, 0x00, 0x00, 0x00,
    0xa4, 0x08, 0xa4, 0x08, 0xa4, 0x10, 0xa4, 0x08, 0xa4, 0x08, 0xa4, 0x08, 0xf9, 0xbd, 0x9c, 0xd6,
    0xf9, 0xbd, 0x37, 0xa5, 0x57, 0xad, 0x57, 0xad, 0x57, 0xad, 0xd5, 0x9c, 0x94, 0x94, 0x73, 0x8c,
    0x53, 0x84, 0x32, 0x84, 0x94, 0x94, 0xf9, 0xbd, 0xf9, 0xbd, 0xf9, 0xbd, 0xf9, 0xbd, 0xf9, 0xbd,
    0xf9, 0xbd, 0xf9, 0xbd, 0xf9, 0xbd, 0xf9, 0xbd, 0xac, 0x4a, 0xa4, 0x08, 0xa4, 0x10, 0xa4, 0x08,
    0xa4, 0x08, 0xa4, 0x08, 0xa4, 0x10, 0xa4, 0x08, 0xa4, 0x08, 0x06, 0x19, 0x9c, 0xd6, 0x9c, 0xd6,
    0xb8, 0xb5, 0x37, 0xa5, 0x57, 0xad, 0x57, 0xad, 0x37, 0xa5, 0xb4, 0x94, 0x73, 0x8c, 0x53, 0x8c,
    0x33, 0x84, 0x12, 0x84, 0x53, 0x8c, 0xd8, 0xb5, 0xf9, 0xbd, 0xf9, 0xbd, 0xf9, 0xbd, 0xf9, 0xbd,
    0xf9, 0xbd, 0xf9, 0xbd, 0xf9, 0xbd, 0xf9, 0xbd, 0xc8, 0x29, 0xa4, 0x08, 0xa4, 0x10, 0xa4, 0x08,
    0x00, 0x00, 0x00, 0x00, 0x00, 0x00, 0x00, 0x00, 0x00, 0x00, 0xc8, 0x39, 0x9c, 0xd6, 0x9c, 0xd6,
    0xf5, 0x9c, 0x6c, 0x4a, 0x8c, 0x52, 0x8c, 0x52, 0x8c, 0x52, 0xac, 0x52, 0x2e, 0x63, 0x90, 0x73,
    0xb0, 0x73, 0x6f, 0x6b, 0x4f, 0x6b, 0xb8, 0xb5, 0xf9, 0xbd, 0xf9, 0xbd, 0xf9, 0xbd, 0xf9, 0xbd,
    0xf9, 0xbd, 0xf9, 0xbd, 0xf9, 0xbd, 0xb8, 0xb5, 0xc3, 0x18, 0x00, 0x00, 0x00, 0x00, 0x00, 0x00,
    0x00, 0x00, 0x00, 0x00, 0x00, 0x00, 0x00, 0x00, 0x00, 0x00, 0xf1, 0x7b, 0x9c, 0xd6, 0x9c, 0xd6,
    0xf5, 0x9c, 0x6c, 0x4a, 0x8c, 0x52, 0x8c, 0x52, 0x6b, 0x4a, 0xad, 0x52, 0x90, 0x73, 0x12, 0x84,
    0x53, 0x8c, 0xf1, 0x7b, 0x6f, 0x6b, 0x36, 0xa5, 0xd8, 0xb5, 0xf9, 0xbd, 0xf9, 0xbd, 0xf9, 0xbd,
    0xf9, 0xbd, 0xf9, 0xbd, 0xf9, 0xbd, 0x56, 0xad, 0x20, 0x00, 0x00, 0x00, 0x00, 0x00, 0x00, 0x00,
    0x00, 0x00, 0x00, 0x00, 0x00, 0x00, 0x00, 0x00, 0x00, 0x00, 0xd9, 0xbd, 0x9c, 0xd6, 0x9c, 0xd6,
    0x36, 0xa5, 0x6c, 0x4a, 0x8c, 0x52, 0x8c, 0x52, 0x8c, 0x52, 0xcd, 0x52, 0xb1, 0x73, 0x73, 0x8c,
    0x94, 0x94, 0x53, 0x8c, 0xb0, 0x73, 0xd5, 0x9c, 0xd8, 0xb5, 0xf9, 0xbd, 0xf9, 0xbd, 0xf9, 0xbd,
    0xf9, 0xbd, 0xf9, 0xbd, 0xf9, 0xbd, 0xb4, 0x94, 0x00, 0x00, 0x00, 0x00, 0x00, 0x00, 0x00, 0x00,
    0x00, 0x00, 0x00, 0x00, 0x00, 0x00, 0x00, 0x00, 0xe3, 0x18, 0x7b, 0xce, 0x9c, 0xd6, 0x9c, 0xd6,
    0x98, 0xb5, 0x6c, 0x4a, 0x8c, 0x52, 0x8c, 0x52, 0x8c, 0x52, 0xed, 0x5a, 0xd1, 0x73, 0x73, 0x8c,
    0x94, 0x94, 0x53, 0x8c, 0xb0, 0x73, 0x94, 0x94, 0xd8, 0xb5, 0xf9, 0xbd, 0xf9, 0xbd, 0xf9, 0xbd,
    0xf9, 0xbd, 0xf9, 0xbd, 0xf9, 0xbd, 0x32, 0x84, 0x00, 0x00, 0x00, 0x00, 0x00, 0x00, 0x00, 0x00,
    0x00, 0x00, 0x00, 0x00, 0x00, 0x00, 0x00, 0x00, 0xe8, 0x39, 0x7b, 0xce, 0x9c, 0xd6, 0x9c, 0xd6,
    0xf9, 0xbd, 0xad, 0x52, 0x8c, 0x52, 0x8c, 0x52, 0x8c, 0x52, 0xcd, 0x52, 0x90, 0x73, 0x32, 0x84,
    0x53, 0x8c, 0x12, 0x84, 0x90, 0x73, 0x73, 0x8c, 0xd8, 0xb5, 0xf9, 0xbd, 0xf9, 0xbd, 0xf9, 0xbd,
    0xf9, 0xbd, 0xf9, 0xbd, 0xf9, 0xbd, 0xf1, 0x7b, 0x00, 0x00, 0x00, 0x00, 0x00, 0x00, 0x00, 0x00,
    0x21, 0x21, 0x21, 0x21, 0x22, 0x21, 0x21, 0x21, 0x6d, 0x6b, 0x9b, 0xd6, 0x9c, 0xd6, 0x9c, 0xd6,
    0x7b, 0xce, 0x98, 0xb5, 0xb8, 0xb5, 0xb8, 0xb5, 0x97, 0xad, 0xd5, 0x9c, 0xb4, 0x94, 0xb4, 0x94,
    0xb4, 0x94, 0x93, 0x8c, 0x94, 0x94, 0xf5, 0x9c, 0xd8, 0xb5, 0xf9, 0xbd, 0xf9, 0xbd, 0xf9, 0xbd,
    0xf9, 0xbd, 0xf9, 0xbd, 0xf9, 0xbd, 0x31, 0x84, 0x21, 0x21, 0x21, 0x21, 0x22, 0x21, 0x21, 0x21,
    0x21, 0x21, 0x21, 0x21, 0x22, 0x21, 0x21, 0x21, 0xef, 0x7b, 0x9b, 0xd6, 0x9c, 0xd6, 0x9c, 0xd6,
    0x9c, 0xd6, 0x97, 0xb5, 0xb8, 0xb5, 0xb8, 0xb5, 0xb8, 0xb5, 0x36, 0xa5, 0xb5, 0x94, 0x93, 0x8c,
    0x73, 0x8c, 0x52, 0x84, 0x93, 0x8c, 0x77, 0xad, 0xf9, 0xbd, 0xf9, 0xbd, 0xf9, 0xbd, 0xf9, 0xbd,
    0xf9, 0xbd, 0xf9, 0xbd, 0xf9, 0xbd, 0x92, 0x8c, 0x21, 0x21, 0x21, 0x21, 0x22, 0x21, 0x21, 0x21,
    0x21, 0x21, 0x21, 0x21, 0x22, 0x21, 0x21, 0x21, 0x0f, 0x7c, 0x9b, 0xd6, 0x9c, 0xd6, 0x9c, 0xd6,
    0x9c, 0xd6, 0xf8, 0xbd, 0xb8, 0xb5, 0xb8, 0xb5, 0xb8, 0xb5, 0x36, 0xa5, 0x16, 0xa5, 0xd4, 0x94,
    0x53, 0x84, 0x93, 0x8c, 0xb4, 0x94, 0xb8, 0xb5, 0xf9, 0xbd, 0xf9, 0xbd, 0xf9, 0xbd, 0xf9, 0xbd,
    0xf9, 0xbd, 0xf9, 0xbd, 0xf9, 0xbd, 0x15, 0xa5, 0x21, 0x21, 0x21, 0x21, 0x22, 0x21, 0x21, 0x21,
    0x21, 0x21, 0x21, 0x21, 0x22, 0x21, 0x21, 0x21, 0x8e, 0x73, 0x9b, 0xd6, 0x9c, 0xd6, 0x9c, 0xd6,
    0x9c, 0xd6, 0x5a, 0xce, 0xb8, 0xb5, 0xb8, 0xb5, 0xb8, 0xb5, 0x77, 0xad, 0x16, 0xa5, 0xb4, 0x94,
    0x73, 0x8c, 0x53, 0x84, 0xb4, 0x94, 0xd9, 0xbd, 0xf9, 0xbd, 0xf9, 0xbd, 0xf9, 0xbd, 0xf9, 0xbd,
    0xf9, 0xbd, 0xf9, 0xbd, 0xf9, 0xbd, 0xb8, 0xb5, 0x00, 0x19, 0x21, 0x21, 0x22, 0x21, 0x21, 0x21,
    0x00, 0x00, 0x00, 0x00, 0x00, 0x00, 0x00, 0x00, 0x29, 0x42, 0x9b, 0xd6, 0x9c, 0xd6, 0x9c, 0xd6,
    0x9c, 0xd6, 0x7a, 0xce, 0x4f, 0x6b, 0x6c, 0x4a, 0x6c, 0x4a, 0x6c, 0x4a, 0x6c, 0x4a, 0x4b, 0x4a,
    0x4b, 0x4a, 0x4b, 0x4a, 0x8c, 0x52, 0xf9, 0xbd, 0xf9, 0xbd, 0xf9, 0xbd, 0xf9, 0xbd, 0xf9, 0xbd,
    0xf9, 0xbd, 0xf9, 0xbd, 0xf9, 0xbd, 0xf9, 0xbd, 0x62, 0x08, 0x00, 0x00, 0x00, 0x00, 0x00, 0x00,
    0x00, 0x00, 0x00, 0x00, 0x00, 0x00, 0x00, 0x00, 0x04, 0x21, 0x7b, 0xce, 0x9c, 0xd6, 0x9c, 0xd6,
    0x9c, 0xd6, 0x9b, 0xd6, 0xf2, 0x7b, 0x6c, 0x4a, 0x6c, 0x4a, 0x6c, 0x4a, 0x6c, 0x4a, 0x4b, 0x4a,
    0x4b, 0x4a, 0x4b, 0x4a, 0x0e, 0x63, 0xf9, 0xbd, 0xf9, 0xbd, 0xf9, 0xbd, 0xf9, 0xbd, 0xf9, 0xbd,
    0xf9, 0xbd, 0xf9, 0xbd, 0xf9, 0xbd, 0xf9, 0xbd, 0x66, 0x29, 0x00, 0x00, 0x00, 0x00, 0x00, 0x00,
    0x00, 0x00, 0x00, 0x00, 0x00, 0x00, 0x00, 0x00, 0x41, 0x08, 0xf9, 0xbd, 0x9c, 0xd6, 0x9c, 0xd6,
    0x9c, 0xd6, 0x9b, 0xd6, 0x74, 0x8c, 0x6c, 0x4a, 0x6c, 0x4a, 0x6c, 0x4a, 0x6c, 0x4a, 0x6c, 0x4a,
    0x4b, 0x4a, 0x4b, 0x4a, 0x12, 0x84, 0xf9, 0xbd, 0xf9, 0xbd, 0xd9, 0xbd, 0xf9, 0xbd, 0xf9, 0xbd,
    0xf9, 0xbd, 0xd9, 0xbd, 0xf9, 0xbd, 0xf9, 0xbd, 0x2d, 0x63, 0x00, 0x00, 0x00, 0x00, 0x00, 0x00,
    0x00, 0x00, 0x00, 0x00, 0x00, 0x00, 0x00, 0x00, 0x00, 0x00, 0x11, 0x84, 0x9c, 0xd6, 0x9c, 0xd6,
    0x9c, 0xd6, 0x9b, 0xd6, 0x94, 0x94, 0x6c, 0x4a, 0x6c, 0x4a, 0x6c, 0x4a, 0x6c, 0x4a, 0x6c, 0x4a,
    0x4b, 0x4a, 0x4b, 0x4a, 0x36, 0xa5, 0xf9, 0xbd, 0xd9, 0xbd, 0xd9, 0xbd, 0xf9, 0xbd, 0xf9, 0xbd,
    0xd9, 0xbd, 0xd9, 0xbd, 0xf9, 0xbd, 0xf9, 0xbd, 0xd4, 0x9c, 0x00, 0x00, 0x00, 0x00, 0x00, 0x00,
    0x00, 0x00, 0x00, 0x00, 0x00, 0x00, 0x00, 0x00, 0x00, 0x00, 0xc8, 0x39, 0x9c, 0xd6, 0x9c, 0xd6,
    0x9c, 0xd6, 0x9b, 0xd6, 0x16, 0xa5, 0x12, 0x84, 0x12, 0x84, 0xf2, 0x7b, 0xb1, 0x73, 0x90, 0x73,
    0x4f, 0x6b, 0x6f, 0x6b, 0xf9, 0xbd, 0xf9, 0xbd, 0xf9, 0xbd, 0xf9, 0xbd, 0xf9, 0xbd, 0xf9, 0xbd,
    0xf9, 0xbd, 0xf9, 0xbd, 0xf9, 0xbd, 0xf9, 0xbd, 0xd8, 0xbd, 0x82, 0x10, 0x00, 0x00, 0x00, 0x00,
    0x00, 0x00, 0x00, 0x00, 0x00, 0x00, 0x00, 0x00, 0x00, 0x00, 0x62, 0x08, 0x9b, 0xd6, 0x9c, 0xd6,
    0x9c, 0xd6, 0x9b, 0xd6, 0xd5, 0x9c, 0x12, 0x84, 0x12, 0x84, 0xf2, 0x7b, 0xd1, 0x7b, 0x90, 0x73,
    0x4f, 0x6b, 0x90, 0x73, 0xf9, 0xbd, 0xf9, 0xbd, 0xf9, 0xbd, 0xf9, 0xbd, 0xf9, 0xbd, 0xf9, 0xbd,
    0xf9, 0xbd, 0xf9, 0xbd, 0xf9, 0xbd, 0xf9, 0xbd, 0xf9, 0xbd, 0x25, 0x21, 0x00, 0x00, 0x00, 0x00,
    0x00, 0x00, 0x00, 0x00, 0x00, 0x00, 0x00, 0x00, 0x00, 0x00, 0x00, 0x00, 0x36, 0xa5, 0x9c, 0xd6,
    0x9c, 0xd6, 0x7a, 0xce, 0x4f, 0x6b, 0x8c, 0x52, 0x8c, 0x52, 0x6c, 0x4a, 0x8c, 0x52, 0x6c, 0x4a,
    0x4b, 0x4a, 0x4f, 0x6b, 0xf9, 0xbd, 0xf9, 0xbd, 0xf9, 0xbd, 0xf9, 0xbd, 0xf9, 0xbd, 0xf9, 0xbd,
    0xf9, 0xbd, 0xf9, 0xbd, 0xf9, 0xbd, 0xf9, 0xbd, 0xf9, 0xbd, 0xe8, 0x39, 0x00, 0x00, 0x00, 0x00,
    0x00, 0x00, 0x00, 0x00, 0x00, 0x00, 0x00, 0x00, 0x00, 0x00, 0x00, 0x00, 0x4e, 0x6b, 0x9c, 0xd6,
    0x9c, 0xd6, 0x19, 0xc6, 0xad, 0x52, 0x8c, 0x52, 0x8c, 0x52, 0x8c, 0x52, 0x8c, 0x52, 0x6c, 0x4a,
    0x4b, 0x4a, 0x90, 0x73, 0xf9, 0xbd, 0xf9, 0xbd, 0xf9, 0xbd, 0xf9, 0xbd, 0xf9, 0xbd, 0xf9, 0xbd,
    0xf9, 0xbd, 0xf9, 0xbd, 0xf9, 0xbd, 0xf9, 0xbd, 0xf9, 0xbd, 0x8b, 0x52, 0x00, 0x00, 0x00, 0x00,
    0x00, 0x00, 0x00, 0x00, 0x00, 0x00, 0x00, 0x00, 0x00, 0x00, 0x00, 0x00, 0x09, 0x42, 0x9c, 0xd6,
    0x9c, 0xd6, 0x77, 0xad, 0x8c, 0x52, 0x8c, 0x52, 0x8c, 0x52, 0x8c, 0x52, 0x8c, 0x52, 0x6c, 0x4a,
    0x4b, 0x4a, 0xb0, 0x73, 0xf9, 0xbd, 0xf9, 0xbd, 0xf9, 0xbd, 0xf9, 0xbd, 0xf9, 0xbd, 0xf9, 0xbd,
    0xf9, 0xbd, 0xf9, 0xbd, 0xf9, 0xbd, 0xf9, 0xbd, 0xf9, 0xbd, 0x8b, 0x52, 0x00, 0x00, 0x00, 0x00,
    0x00, 0x00, 0x00, 0x00, 0x00, 0x00, 0x00, 0x00, 0x00, 0x00, 0x00, 0x00, 0x66, 0x29, 0x9c, 0xd6,
    0x9c, 0xd6, 0x73, 0x8c, 0x8c, 0x52, 0x8c, 0x52, 0x8c, 0x52, 0x6c, 0x4a, 0x8c, 0x52, 0x6c, 0x4a,
    0x4b, 0x4a, 0x6f, 0x6b, 0xf9, 0xbd, 0xf9, 0xbd, 0xf9, 0xbd, 0xf9, 0xbd, 0xf9, 0xbd, 0xf9, 0xbd,
    0xf9, 0xbd, 0xf9, 0xbd, 0xf9, 0xbd, 0xf9, 0xbd, 0xf9, 0xbd, 0x29, 0x42, 0x00, 0x00, 0x00, 0x00,
    0x00, 0x00, 0x00, 0x00, 0x00, 0x00, 0x00, 0x00, 0x00, 0x00, 0x00, 0x00, 0x66, 0x29, 0x9c, 0xd6,
    0x7b, 0xce, 0x70, 0x6b, 0x8c, 0x52, 0x8c, 0x52, 0x8c, 0x52, 0x8c, 0x52, 0x8c, 0x52, 0x6c, 0x4a,
    0x4b, 0x4a, 0x0e, 0x63, 0xf9, 0xbd, 0xf9, 0xbd, 0xf9, 0xbd, 0xf9, 0xbd, 0xf9, 0xbd, 0xf9, 0xbd,
    0xf9, 0xbd, 0xf9, 0xbd, 0xf9, 0xbd, 0xf9, 0xbd, 0xf9, 0xbd, 0x86, 0x31, 0x00, 0x00, 0x00, 0x00,
    0x00, 0x00, 0x00, 0x00, 0x00, 0x00, 0x00, 0x00, 0x00, 0x00, 0x00, 0x00, 0xe8, 0x39, 0x9c, 0xd6,
    0xf9, 0xbd, 0xcd, 0x5a, 0x8c, 0x52, 0xad, 0x52, 0x8c, 0x52, 0x8c, 0x52, 0x8c, 0x52, 0x6c, 0x4a,
    0x4b, 0x4a, 0x8c, 0x52, 0xd9, 0xbd, 0xf9, 0xbd, 0xf9, 0xbd, 0xf9, 0xbd, 0xf9, 0xbd, 0xf9, 0xbd,
    0xf9, 0xbd, 0xf9, 0xbd, 0xf9, 0xbd, 0xf9, 0xbd, 0xb8, 0xb5, 0xa3, 0x10, 0x00, 0x00, 0x00, 0x00,
    0x00, 0x00, 0x00, 0x00, 0x00, 0x00, 0x00, 0x00, 0x00, 0x00, 0x00, 0x00, 0x2d, 0x63, 0x9c, 0xd6,
    0x98, 0xb5, 0x8c, 0x52, 0xad, 0x52, 0xad, 0x52, 0x8c, 0x52, 0x8c, 0x52, 0x8c, 0x52, 0x6c, 0x4a,
    0x4b, 0x4a, 0x4b, 0x4a, 0x36, 0xa5, 0xf9, 0xbd, 0xf9, 0xbd, 0xf9, 0xbd, 0xf9, 0xbd, 0xf9, 0xbd,
    0xf9, 0xbd, 0xf9, 0xbd, 0xf9, 0xbd, 0xf9, 0xbd, 0xb4, 0x94, 0x00, 0x00, 0x00, 0x00, 0x00, 0x00,
    0x00, 0x00, 0x00, 0x00, 0x00, 0x00, 0x00, 0x00, 0x00, 0x00, 0x00, 0x00, 0xf5, 0x9c, 0x9c, 0xd6,
    0x16, 0xa5, 0x8c, 0x52, 0xad, 0x52, 0xad, 0x52, 0x8c, 0x52, 0x8c, 0x52, 0x8c, 0x52, 0x6c, 0x4a,
    0x4b, 0x4a, 0x4b, 0x4a, 0xf1, 0x7b, 0xf9, 0xbd, 0xf9, 0xbd, 0xf9, 0xbd, 0xf9, 0xbd, 0xf9, 0xbd,
    0xf9, 0xbd, 0xf9, 0xbd, 0xf9, 0xbd, 0xf9, 0xbd, 0xec, 0x5a, 0x00, 0x00, 0x00, 0x00, 0x00, 0x00,
    0x00, 0x00, 0x00, 0x00, 0x00, 0x00, 0x00, 0x00, 0x00, 0x00, 0x61, 0x08, 0x7b, 0xce, 0x9c, 0xd6,
    0xd5, 0x9c, 0x8c, 0x52, 0xad, 0x52, 0xad, 0x52, 0x8c, 0x52, 0x8c, 0x52, 0x8c, 0x52, 0x6c, 0x4a,
    0x4b, 0x4a, 0x4b, 0x4a, 0xed, 0x5a, 0xf9, 0xbd, 0xf9, 0xbd, 0xf9, 0xbd, 0xf9, 0xbd, 0xf9, 0xbd,
    0xf9, 0xbd, 0xf9, 0xbd, 0xf9, 0xbd, 0xf9, 0xbd, 0x25, 0x21, 0x00, 0x00, 0x00, 0x00, 0x00, 0x00,
    0x00, 0x00, 0x00, 0x00, 0x00, 0x00, 0x00, 0x00, 0x00, 0x00, 0xc7, 0x39, 0x9c, 0xd6, 0x9c, 0xd6,
    0xd5, 0x9c, 0x8c, 0x52, 0xad, 0x52, 0xad, 0x52, 0x8c, 0x52, 0x8c, 0x52, 0x8c, 0x52, 0x6c, 0x4a,
    0x4b, 0x4a, 0x4b, 0x4a, 0x6b, 0x4a, 0x98, 0xb5, 0xf9, 0xbd, 0xf9, 0xbd, 0xf9, 0xbd, 0xf9, 0xbd,
    0xf9, 0xbd, 0xf9, 0xbd, 0xf9, 0xbd, 0x77, 0xad, 0x20, 0x00, 0x00, 0x00, 0x00, 0x00, 0x00, 0x00,
    0x00, 0x00, 0x00, 0x00, 0x00, 0x00, 0x00, 0x00, 0x00, 0x00, 0xf1, 0x7b, 0x9c, 0xd6, 0x9c, 0xd6,
    0x16, 0xa5, 0x8c, 0x52, 0xad, 0x52, 0xad, 0x52, 0x8c, 0x52, 0x8c, 0x52, 0x8c, 0x52, 0x8c, 0x4a,
    0x8c, 0x52, 0x6b, 0x4a, 0x4b, 0x4a, 0x94, 0x94, 0xf9, 0xbd, 0xf9, 0xbd, 0xf9, 0xbd, 0xf9, 0xbd,
    0xf9, 0xbd, 0xf9, 0xbd, 0xf9, 0xbd, 0x11, 0x84, 0x00, 0x00, 0x00, 0x00, 0x00, 0x00, 0x00, 0x00,
    0x00, 0x00, 0x00, 0x00, 0x00, 0x00, 0x00, 0x00, 0x41, 0x08, 0xd8, 0xbd, 0x9c, 0xd6, 0x9c, 0xd6,
    0x77, 0xad, 0x6c, 0x4a, 0xad, 0x52, 0xad, 0x52, 0x8c, 0x52, 0x4b, 0x42, 0xed, 0x5a, 0xcd, 0x5a,
    0xcd, 0x5a, 0xac, 0x52, 0xac, 0x52, 0xb0, 0x73, 0xf9, 0xbd, 0xf9, 0xbd, 0xf9, 0xbd, 0xf9, 0xbd,
    0xf9, 0xbd, 0xf9, 0xbd, 0xf9, 0xbd, 0xab, 0x52, 0x00, 0x00, 0x00, 0x00, 0x00, 0x00, 0x00, 0x00,
    0x00, 0x00, 0x00, 0x00, 0x00, 0x00, 0x00, 0x00, 0x04, 0x21, 0x7b, 0xce, 0x9c, 0xd6, 0x9c, 0xd6,
    0xf9, 0xbd, 0xad, 0x52, 0x8c, 0x52, 0x8c, 0x52, 0x8c, 0x52, 0xad, 0x52, 0x0e, 0x63, 0x70, 0x6b,
    0x90, 0x73, 0x4f, 0x6b, 0xed, 0x5a, 0x6f, 0x6b, 0xf9, 0xbd, 0xf9, 0xbd, 0xf9, 0xbd, 0xf9, 0xbd,
    0xf9, 0xbd, 0xf9, 0xbd, 0xf9, 0xbd, 0xc8, 0x39, 0x00, 0x00, 0x00, 0x00, 0x00, 0x00, 0x00, 0x00,
    0x00, 0x00, 0x00, 0x00, 0x00, 0x00, 0x00, 0x00, 0x29, 0x42, 0x9b, 0xd6, 0x9c, 0xd6, 0x9c, 0xd6,
    0x5b, 0xce, 0x2f, 0x63, 0x8c, 0x52, 0x8c, 0x52, 0x8c, 0x52, 0xcd, 0x52, 0x90, 0x73, 0x12, 0x7c,
    0x32, 0x84, 0xf1, 0x7b, 0x6f, 0x6b, 0x4f, 0x6b, 0xd8, 0xb5, 0xf9, 0xbd, 0xf9, 0xbd, 0xf9, 0xbd,
    0xf9, 0xbd, 0xf9, 0xbd, 0xf9, 0xbd, 0x87, 0x31, 0x00, 0x00, 0x00, 0x00, 0x00, 0x00, 0x00, 0x00,
    0x00, 0x00, 0x00, 0x00, 0x00, 0x00, 0x00, 0x00, 0x0d, 0x63, 0x9b, 0xd6, 0x9c, 0xd6, 0x9c, 0xd6,
    0x9c, 0xd6, 0x32, 0x84, 0x8c, 0x52, 0x8c, 0x52, 0xcd, 0x5a, 0x0e, 0x5b, 0xf1, 0x7b, 0x73, 0x8c,
    0x94, 0x94, 0x53, 0x8c, 0xd1, 0x7b, 0x8f, 0x6b, 0xd8, 0xb5, 0xf9, 0xbd, 0xf9, 0xbd, 0xf9, 0xbd,
    0xf9, 0xbd, 0xf9, 0xbd, 0xf9, 0xbd, 0xc7, 0x39, 0x00, 0x00, 0x00, 0x00, 0x00, 0x00, 0x00, 0x00,
    0x00, 0x00, 0x00, 0x00, 0x00, 0x00, 0x00, 0x00, 0x6e, 0x6b, 0x9b, 0xd6, 0x9c, 0xd6, 0x9c, 0xd6,
    0x9c, 0xd6, 0x36, 0xa5, 0x8c, 0x52, 0x8c, 0x52, 0xed, 0x5a, 0x2e, 0x63, 0xf2, 0x7b, 0x74, 0x8c,
    0x94, 0x94, 0x73, 0x8c, 0xf1, 0x7b, 0xf1, 0x7b, 0xd8, 0xb5, 0xf9, 0xbd, 0xf9, 0xbd, 0xf9, 0xbd,
    0xf9, 0xbd, 0xf9, 0xbd, 0xf9, 0xbd, 0x8b, 0x52, 0x00, 0x00, 0x00, 0x00, 0x00, 0x00, 0x00, 0x00,
    0x00, 0x00, 0x00, 0x00, 0x00, 0x00, 0x00, 0x00, 0x4e, 0x6b, 0x7b, 0xce, 0x9c, 0xd6, 0x9c, 0xd6,
    0x9b, 0xd6, 0xd8, 0xb5, 0x8c, 0x52, 0x8c, 0x52, 0xed, 0x5a, 0x0e, 0x63, 0xd1, 0x7b, 0x53, 0x8c,
    0x73, 0x8c, 0x32, 0x84, 0xd1, 0x7b, 0x73, 0x8c, 0xd8, 0xb5, 0xf9, 0xbd, 0xf9, 0xbd, 0xf9, 0xbd,
    0xf9, 0xbd, 0xf9, 0xbd, 0xf9, 0xbd, 0xd0, 0x7b, 0x00, 0x00, 0x00, 0x00, 0x00, 0x00, 0x00, 0x00,
    0x00, 0x00, 0x00, 0x00, 0x00, 0x00, 0x00, 0x00, 0xab, 0x52, 0x7b, 0xce, 0x9c, 0xd6, 0x9b, 0xd6,
    0x7b, 0xce, 0x5a, 0xc6, 0x2e, 0x63, 0x8c, 0x52, 0xac, 0x52, 0xcd, 0x5a, 0x90, 0x6b, 0xf1, 0x7b,
    0xf1, 0x7b, 0xd1, 0x73, 0x6f, 0x6b, 0x36, 0xa5, 0xd8, 0xb5, 0xf9, 0xbd, 0xf9, 0xbd, 0xf9, 0xbd,
    0xf9, 0xbd, 0xf9, 0xbd, 0xf9, 0xbd, 0x57, 0xad, 0x00, 0x00, 0x00, 0x00, 0x00, 0x00, 0x00, 0x00,
    0x00, 0x00, 0x00, 0x00, 0x00, 0x00, 0x00, 0x00, 0xc7, 0x39, 0x7b, 0xce, 0x9c, 0xd6, 0x9b, 0xd6,
    0x7b, 0xce, 0x7b, 0xce, 0xd1, 0x7b, 0x6c, 0x4a, 0x6c, 0x4a, 0x8c, 0x4a, 0x0e, 0x5b, 0x4f, 0x6b,
    0x4f, 0x6b, 0x2e, 0x63, 0x2e, 0x63, 0x97, 0xad, 0xd8, 0xb5, 0xf9, 0xbd, 0xf9, 0xbd, 0xf9, 0xbd,
    0xf9, 0xbd, 0xf9, 0xbd, 0xf9, 0xbd, 0xf9, 0xbd, 0xa3, 0x10, 0x00, 0x00, 0x00, 0x00, 0x00, 0x00,
    0x00, 0x00, 0x00, 0x00, 0x00, 0x00, 0x00, 0x00, 0xe4, 0x18, 0x7b, 0xce, 0x9c, 0xd6, 0x9c, 0xd6,
    0x9b, 0xd6, 0x7b, 0xce, 0x73, 0x8c, 0x6c, 0x4a, 0x6c, 0x4a, 0x6c, 0x4a, 0xcd, 0x52, 0xcd, 0x52,
    0xac, 0x52, 0x8c, 0x52, 0x90, 0x73, 0xd8, 0xb5, 0xf9, 0xbd, 0xf9, 0xbd, 0xf9, 0xbd, 0xf9, 0xbd,
    0xf9, 0xbd, 0xf9, 0xbd, 0xf9, 0xbd, 0xf9, 0xbd, 0xe8, 0x39, 0x00, 0x00, 0x00, 0x00, 0x00, 0x00,
    0x00, 0x00, 0x00, 0x00, 0x00, 0x00, 0x00, 0x00, 0x00, 0x00, 0xb8, 0xb5, 0x9c, 0xd6, 0x9c, 0xd6,
    0x9c, 0xd6, 0x9b, 0xd6, 0xb4, 0x94, 0x6c, 0x4a, 0x6c, 0x4a, 0x6c, 0x4a, 0x6c, 0x4a, 0x4b, 0x4a,
    0x4b, 0x4a, 0x4b, 0x4a, 0xb4, 0x94, 0xf9, 0xbd, 0xf9, 0xbd, 0xf9, 0xbd, 0xf9, 0xbd, 0xf9, 0xbd,
    0xf9, 0xbd, 0xf9, 0xbd, 0xf9, 0xbd, 0xf9, 0xbd, 0xf1, 0x7b, 0x00, 0x00, 0x00, 0x00, 0x00, 0x00,
    0x00, 0x00, 0x00, 0x00, 0x00, 0x00, 0x00, 0x00, 0x00, 0x00, 0xd0, 0x7b, 0x9c, 0xd6, 0x9c, 0xd6,
    0x9c, 0xd6, 0x9b, 0xd6, 0x94, 0x94, 0x6c, 0x4a, 0x6c, 0x4a, 0x6c, 0x4a, 0x6c, 0x4a, 0x4b, 0x4a,
    0x4b, 0x4a, 0x2b, 0x42, 0xb8, 0xb5, 0xf9, 0xbd, 0xf9, 0xbd, 0xf9, 0xbd, 0xf9, 0xbd, 0xf9, 0xbd,
    0xf9, 0xbd, 0xf9, 0xbd, 0xf9, 0xbd, 0xf9, 0xbd, 0x77, 0xad, 0x20, 0x00, 0x00, 0x00, 0x00, 0x00,
    0x00, 0x00, 0x00, 0x00, 0x00, 0x00, 0x00, 0x00, 0x00, 0x00, 0xa7, 0x31, 0x9c, 0xd6, 0x9c, 0xd6,
    0x9c, 0xd6, 0x9b, 0xd6, 0x33, 0x84, 0x6c, 0x4a, 0x6c, 0x4a, 0x6c, 0x4a, 0x6c, 0x4a, 0x4b, 0x4a,
    0x4b, 0x4a, 0xac, 0x52, 0xf9, 0xbd, 0xf9, 0xbd, 0xf9, 0xbd, 0xf9, 0xbd, 0xf9, 0xbd, 0xf9, 0xbd,
    0xf9, 0xbd, 0xf9, 0xbd, 0xf9, 0xbd, 0xf9, 0xbd, 0xf9, 0xbd, 0xe4, 0x18, 0x00, 0x00, 0x00, 0x00,
    0x00, 0x00, 0x00, 0x00, 0x00, 0x00, 0x00, 0x00, 0x41, 0x08, 0xf6, 0x9c, 0x16, 0xa5, 0x16, 0xa5,
    0xf5, 0x9c, 0x2e, 0x63, 0x2b, 0x42, 0xed, 0x5a, 0xd5, 0x9c, 0x98, 0xb5, 0x98, 0xb5, 0xb8, 0xb5,
    0xb8, 0xb5, 0x98, 0xb5, 0x98, 0xb5, 0xb8, 0xb5, 0x57, 0xad, 0x94, 0x94, 0xd5, 0x9c, 0xb4, 0x94,
    0x94, 0x94, 0xb4, 0x94, 0x94, 0x94, 0x94, 0x94, 0xb0, 0x73, 0x00, 0x00, 0x00, 0x00, 0x00, 0x00,
    0x00, 0x00, 0x00, 0x00, 0x00, 0x00, 0x00, 0x00, 0x66, 0x29, 0x16, 0xa5, 0x16, 0xa5, 0x16, 0xa5,
    0xf5, 0x9c, 0x6f, 0x6b, 0x2b, 0x42, 0xcd, 0x5a, 0x73, 0x8c, 0x98, 0xb5, 0x98, 0xb5, 0xb8, 0xb5,
    0xb8, 0xb5, 0x98, 0xb5, 0x98, 0xb5, 0xb8, 0xb5, 0x16, 0xa5, 0x74, 0x8c, 0x94, 0x94, 0x74, 0x8c,
    0x73, 0x8c, 0x94, 0x94, 0x73, 0x8c, 0x73, 0x8c, 0x6b, 0x4a, 0x00, 0x00, 0x00, 0x00, 0x00, 0x00,
    0x00, 0x00, 0x00, 0x00, 0x00, 0x00, 0x00, 0x00, 0xac, 0x52, 0x16, 0xa5, 0x16, 0xa5, 0x36, 0xa5,
    0x16, 0xa5, 0xd1, 0x7b, 0x2b, 0x42, 0xcd, 0x5a, 0xd1, 0x7b, 0x57, 0xad, 0x98, 0xb5, 0xb8, 0xb5,
    0xb8, 0xb5, 0x98, 0xb5, 0x98, 0xb5, 0x98, 0xb5, 0xd4, 0x94, 0xb4, 0x94, 0x94, 0x94, 0x73, 0x8c,
    0x53, 0x8c, 0x73, 0x8c, 0x53, 0x8c, 0x53, 0x8c, 0x46, 0x29, 0x00, 0x00, 0x00, 0x00, 0x00, 0x00,
    0x00, 0x00, 0x00, 0x00, 0x00, 0x00, 0x00, 0x00, 0xb0, 0x73, 0x16, 0xa5, 0x16, 0xa5, 0x36, 0xa5,
    0x36, 0xa5, 0x32, 0x84, 0x2b, 0x42, 0x6b, 0x4a, 0x2e, 0x63, 0x94, 0x94, 0x77, 0xad, 0xb8, 0xb5,
    0xb8, 0xb5, 0x98, 0xb5, 0x77, 0xad, 0x36, 0xa5, 0x94, 0x94, 0x94, 0x94, 0x73, 0x8c, 0x53, 0x8c,
    0x32, 0x84, 0x53, 0x8c, 0x32, 0x84, 0x32, 0x84, 0xa2, 0x10, 0x00, 0x00, 0x00, 0x00, 0x00, 0x00,
    0x00, 0x00, 0x00, 0x00, 0x00, 0x00, 0x00, 0x00, 0x73, 0x8c, 0x36, 0xa5, 0x36, 0xa5, 0x37, 0xa5,
    0x36, 0xa5, 0x94, 0x8c, 0x4b, 0x4a, 0x4b, 0x4a, 0x8c, 0x4a, 0x70, 0x6b, 0x74, 0x8c, 0x36, 0xa5,
    0x57, 0xad, 0x16, 0xa5, 0x94, 0x8c, 0xb4, 0x94, 0x73, 0x8c, 0x73, 0x8c, 0x53, 0x8c, 0x33, 0x84,
    0x32, 0x84, 0x33, 0x84, 0x12, 0x84, 0x12, 0x84, 0x41, 0x08, 0x00, 0x00, 0x00, 0x00, 0x00, 0x00,
    0x00, 0x00, 0x00, 0x00, 0x00, 0x00, 0x41, 0x08, 0xb4, 0x94, 0x37, 0xa5, 0x36, 0xa5, 0x57, 0xad,
    0x57, 0xad, 0xd5, 0x9c, 0xcd, 0x52, 0x4b, 0x4a, 0x4b, 0x42, 0x8c, 0x52, 0x2f, 0x63, 0xd1, 0x7b,
    0xf2, 0x7b, 0xd1, 0x73, 0x2f, 0x63, 0x53, 0x8c, 0x74, 0x8c, 0x74, 0x8c, 0x53, 0x8c, 0x32, 0x84,
    0x12, 0x84, 0x32, 0x84, 0x12, 0x84, 0x12, 0x84, 0x41, 0x08, 0x00, 0x00, 0x00, 0x00, 0x00, 0x00,
    0x00, 0x00, 0x00, 0x00, 0x00, 0x00, 0x41, 0x08, 0xd5, 0x9c, 0x57, 0xad, 0x57, 0xad, 0x77, 0xad,
    0x57, 0xad, 0x36, 0xa5, 0x2f, 0x63, 0x4b, 0x4a, 0x2b, 0x42, 0x2b, 0x42, 0x8c, 0x4a, 0xad, 0x52,
    0xad, 0x52, 0x8c, 0x52, 0xac, 0x4a, 0x74, 0x8c, 0x74, 0x8c, 0x73, 0x8c, 0x53, 0x8c, 0x12, 0x84,
    0x12, 0x84, 0x12, 0x84, 0x12, 0x84, 0x12, 0x84, 0x62, 0x08, 0x00, 0x00, 0x00, 0x00, 0x00, 0x00,
    0x00, 0x00, 0x00, 0x00, 0x00, 0x00, 0x20, 0x00, 0xb4, 0x94, 0x77, 0xad, 0x77, 0xad, 0x78, 0xad,
    0x77, 0xad, 0x57, 0xad, 0xd1, 0x7b, 0x4b, 0x4a, 0x2b, 0x42, 0x2b, 0x42, 0x0a, 0x3a, 0x2b, 0x42,
    0x2b, 0x42, 0x2b, 0x42, 0x4b, 0x42, 0x74, 0x8c, 0x74, 0x8c, 0x73, 0x8c, 0x33, 0x84, 0x12, 0x84,
    0x12, 0x84, 0x12, 0x84, 0x12, 0x84, 0x12, 0x84, 0xe4, 0x18, 0x00, 0x00, 0x00, 0x00, 0x00, 0x00,
    0x00, 0x00, 0x00, 0x00, 0x00, 0x00, 0x00, 0x00, 0x11, 0x84, 0x78, 0xad, 0x78, 0xad, 0x98, 0xb5,
    0x98, 0xb5, 0x77, 0xad, 0x53, 0x8c, 0x4b, 0x4a, 0x4b, 0x4a, 0x2b, 0x42, 0x2b, 0x42, 0x2b, 0x42,
    0x2b, 0x42, 0x2b, 0x42, 0xee, 0x5a, 0x74, 0x8c, 0x74, 0x8c, 0x73, 0x8c, 0x33, 0x84, 0x12, 0x84,
    0x12, 0x84, 0x12, 0x84, 0x12, 0x84, 0x12, 0x84, 0xc8, 0x39, 0x00, 0x00, 0x00, 0x00, 0x00, 0x00,
    0x00, 0x00, 0x00, 0x00, 0x00, 0x00, 0x00, 0x00, 0xed, 0x5a, 0x98, 0xb5, 0x98, 0xb5, 0xb8, 0xb5,
    0xb8, 0xb5, 0x98, 0xb5, 0xb4, 0x94, 0x4b, 0x4a, 0x4b, 0x4a, 0x2b, 0x42, 0x2b, 0x42, 0x4b, 0x4a,
    0x2b, 0x42, 0x2b, 0x42, 0x90, 0x73, 0x74, 0x8c, 0x74, 0x8c, 0x73, 0x8c, 0x33, 0x84, 0x12, 0x84,
    0x12, 0x84, 0x12, 0x84, 0x12, 0x84, 0x12, 0x84, 0xcd, 0x5a, 0x00, 0x00, 0x00, 0x00, 0x00, 0x00,
    0x00, 0x00, 0x00, 0x00, 0x00, 0x00, 0x00, 0x00, 0x87, 0x31, 0xb8, 0xb5, 0xb8, 0xb5, 0xd9, 0xbd,
    0xb8, 0xb5, 0xb8, 0xb5, 0xf5, 0x9c, 0x4b, 0x4a, 0x4b, 0x4a, 0x4b, 0x4a, 0x2b, 0x42, 0x4b, 0x4a,
    0x2b, 0x42, 0x0a, 0x3a, 0x33, 0x84, 0x94, 0x94, 0x94, 0x94, 0x74, 0x8c, 0x53, 0x8c, 0x32, 0x84,
    0x12, 0x84, 0x32, 0x84, 0x32, 0x84, 0x12, 0x84, 0xb1, 0x73, 0x00, 0x00, 0x00, 0x00, 0x00, 0x00,
    0x00, 0x00, 0x00, 0x00, 0x00, 0x00, 0x00, 0x00, 0x62, 0x08, 0xb8, 0xb5, 0xd9, 0xbd, 0xd9, 0xbd,
    0xd9, 0xbd, 0xd9, 0xbd, 0xf5, 0x9c, 0x4b, 0x4a, 0x4b, 0x4a, 0x4b, 0x4a, 0x2b, 0x42, 0x4b, 0x4a,
    0x2b, 0x42, 0x6c, 0x4a, 0x73, 0x8c, 0x94, 0x94, 0x94, 0x94, 0x94, 0x94, 0x53, 0x8c, 0x33, 0x84,
    0x32, 0x84, 0x32, 0x84, 0x32, 0x84, 0x33, 0x84, 0x12, 0x84, 0x82, 0x10, 0x00, 0x00, 0x00, 0x00,
    0x00, 0x00, 0x00, 0x00, 0x00, 0x00, 0x00, 0x00, 0x00, 0x00, 0xf5, 0x9c, 0xd9, 0xbd, 0xf9, 0xbd,
    0xf9, 0xbd, 0xd9, 0xbd, 0xf5, 0x9c, 0x4b, 0x4a, 0x4b, 0x4a, 0x4b, 0x4a, 0x2b, 0x42, 0x4b, 0x4a,
    0x2b, 0x42, 0xcd, 0x5a, 0x94, 0x94, 0xb4, 0x94, 0x94, 0x94, 0x94, 0x94, 0x73, 0x8c, 0x53, 0x8c,
    0x33, 0x84, 0x53, 0x8c, 0x53, 0x8c, 0x53, 0x8c, 0x32, 0x84, 0x66, 0x29, 0x00, 0x00, 0x00, 0x00,
    0x00, 0x00, 0x00, 0x00, 0x00, 0x00, 0x00, 0x00, 0x00, 0x00, 0x2d, 0x63, 0xd9, 0xbd, 0xf9, 0xbd,
    0xf9, 0xbd, 0xf9, 0xbd, 0x94, 0x94, 0x4b, 0x4a, 0x4b, 0x4a, 0x4b, 0x4a, 0x2b, 0x42, 0x4b, 0x4a,
    0x4b, 0x4a, 0x70, 0x6b, 0x94, 0x94, 0xb5, 0x94, 0xb4, 0x94, 0xb4, 0x94, 0x94, 0x94, 0x73, 0x8c,
    0x53, 0x8c, 0x53, 0x8c, 0x73, 0x8c, 0x73, 0x8c, 0x53, 0x8c, 0x6b, 0x4a, 0x00, 0x00, 0x00, 0x00,
    0x00, 0x00, 0x00, 0x00, 0x00, 0x00, 0x00, 0x00, 0x00, 0x00, 0x86, 0x31, 0xd9, 0xbd, 0xf9, 0xbd,
    0xf9, 0xbd, 0xf9, 0xbd, 0xf1, 0x7b, 0x4b, 0x4a, 0x4b, 0x4a, 0x4b, 0x4a, 0x4b, 0x4a, 0x4b, 0x4a,
    0x4b, 0x4a, 0xf2, 0x7b, 0xb4, 0x94, 0xd5, 0x9c, 0xd5, 0x9c, 0xb5, 0x94, 0xb4, 0x94, 0x94, 0x94,
    0x73, 0x8c, 0x94, 0x94, 0x74, 0x8c, 0x94, 0x94, 0x73, 0x8c, 0x4e, 0x6b, 0x00, 0x00, 0x00, 0x00,
    0x00, 0x00, 0x00, 0x00, 0x00, 0x00, 0x00, 0x00, 0x00, 0x00, 0xc3, 0x18, 0xd9, 0xbd, 0xf9, 0xbd,
    0xf9, 0xbd, 0xb8, 0xb5, 0x2e, 0x63, 0x4b, 0x4a, 0x4b, 0x4a, 0x4b, 0x4a, 0x2a, 0x42, 0x4b, 0x4a,
    0x6b, 0x4a, 0x53, 0x8c, 0xb4, 0x94, 0xf5, 0x9c, 0xf5, 0x9c, 0xd5, 0x9c, 0xd5, 0x9c, 0xb4, 0x94,
    0x94, 0x94, 0xb4, 0x94, 0x94, 0x94, 0xb4, 0x94, 0x94, 0x94, 0xd0, 0x7b, 0x00, 0x00, 0x00, 0x00,
    0x00, 0x00, 0x00, 0x00, 0x00, 0x00, 0x00, 0x00, 0x00, 0x00, 0x20, 0x00, 0xd9, 0xbd, 0xf9, 0xbd,
    0xd9, 0xbd, 0x57, 0xad, 0x6c, 0x4a, 0x6c, 0x4a, 0x4b, 0x4a, 0x4b, 0x4a, 0xac, 0x52, 0xcd, 0x5a,
    0xed, 0x5a, 0x53, 0x84, 0xf5, 0x9c, 0x16, 0xa5, 0xf6, 0x9c, 0xf5, 0x9c, 0xf5, 0x9c, 0xd5, 0x9c,
    0xd5, 0x9c, 0xd5, 0x9c, 0xb5, 0x94, 0xd5, 0x9c, 0xb4, 0x94, 0xf1, 0x7b, 0x00, 0x00, 0x00, 0x00,
    0x00, 0x00, 0x00, 0x00, 0x00, 0x00, 0x00, 0x00, 0x00, 0x00, 0x00, 0x00, 0xb8, 0xb5, 0xd9, 0xbd,
    0xd9, 0xbd, 0xd4, 0x94, 0x4b, 0x4a, 0x6c, 0x4a, 0x4b, 0x4a, 0xac, 0x52, 0x4f, 0x6b, 0xf1, 0x7b,
    0x32, 0x84, 0xb4, 0x94, 0xb4, 0x94, 0xd5, 0x9c, 0x16, 0xa5, 0x16, 0xa5, 0xf6, 0x9c, 0xf5, 0x9c,
    0xf5, 0x9c, 0xf5, 0x9c, 0xd5, 0x9c, 0xf5, 0x9c, 0xd5, 0x9c, 0xf1, 0x7b, 0x00, 0x00, 0x00, 0x00,
    0x00, 0x00, 0x00, 0x00, 0x00, 0x00, 0x00, 0x00, 0x00, 0x00, 0x20, 0x00, 0x98, 0xb5, 0xb8, 0xb5,
    0xb8, 0xb5, 0x12, 0x84, 0x4b, 0x4a, 0x6c, 0x4a, 0x8c, 0x52, 0x6f, 0x6b, 0x94, 0x94, 0x56, 0xad,
    0x77, 0xad, 0x57, 0xad, 0x36, 0xa5, 0xf5, 0x9c, 0xf5, 0x9c, 0x36, 0xa5, 0x16, 0xa5, 0x36, 0xa5,
    0x16, 0xa5, 0x16, 0xa5, 0xf5, 0x9c, 0x16, 0xa5, 0xf5, 0x9c, 0x8f, 0x73, 0x00, 0x00, 0x00, 0x00,
    0x00, 0x00, 0x00, 0x00, 0x00, 0x00, 0x00, 0x00, 0x00, 0x00, 0x82, 0x10, 0x77, 0xad, 0x98, 0xb5,
    0x77, 0xad, 0x70, 0x6b, 0x4b, 0x4a, 0x6c, 0x4a, 0x0e, 0x63, 0x73, 0x8c, 0x77, 0xad, 0xb8, 0xb5,
    0xb8, 0xb5, 0x98, 0xb5, 0x97, 0xb5, 0x57, 0xad, 0xf5, 0x9c, 0x15, 0x9d, 0x36, 0xa5, 0x36, 0xa5,
    0x36, 0xa5, 0x16, 0xa5, 0x16, 0xa5, 0x16, 0xa5, 0x16, 0xa5, 0xcc, 0x5a, 0x00, 0x00, 0x00, 0x00,
    0xa4, 0x08, 0xa4, 0x08, 0xa4, 0x08, 0xa4, 0x10, 0xa4, 0x08, 0xe9, 0x31, 0x9b, 0xd6, 0x9c, 0xd6,
    0x7b, 0xce, 0x36, 0xa5, 0x16, 0xa5, 0x36, 0xa5, 0xf5, 0x9c, 0x77, 0xad, 0x98, 0xb5, 0xb8, 0xb5,
    0xb8, 0xb5, 0x98, 0xb5, 0x98, 0xb5, 0x98, 0xb5, 0x56, 0xa5, 0xd8, 0xb5, 0xf9, 0xbd, 0xf9, 0xbd,
    0xf9, 0xbd, 0xf9, 0xbd, 0xf9, 0xbd, 0xf9, 0xbd, 0xf9, 0xbd, 0x6b, 0x42, 0xa4, 0x08, 0xa4, 0x10,
    0xa4, 0x08, 0xa4, 0x08, 0xa4, 0x08, 0xa4, 0x10, 0xa4, 0x08, 0x6f, 0x6b, 0x9b, 0xd6, 0x9c, 0xd6,
    0x5b, 0xce, 0x16, 0xa5, 0x16, 0xa5, 0xf5, 0x9c, 0x16, 0xa5, 0x98, 0xb5, 0x98, 0xb5, 0xb8, 0xb5,
    0xb8, 0xb5, 0x98, 0xb5, 0x98, 0xb5, 0xb8, 0xb5, 0x57, 0xad, 0x97, 0xad, 0xf9, 0xbd, 0xf9, 0xbd,
    0xf9, 0xbd, 0xf9, 0xbd, 0xf9, 0xbd, 0xf9, 0xbd, 0xf9, 0xbd, 0x46, 0x21, 0xa4, 0x08, 0xa4, 0x10,
    0x00, 0x00, 0x00, 0x00, 0x00, 0x00, 0x00, 0x00, 0x00, 0x00, 0x52, 0x8c, 0x37, 0xa5, 0x57, 0xad,
    0xd5, 0x9c, 0x8c, 0x52, 0x2b, 0x42, 0xed, 0x5a, 0xd5, 0x9c, 0x98, 0xb5, 0x98, 0xb5, 0xb8, 0xb5,
    0xb8, 0xb5, 0x98, 0xb5, 0x98, 0xb5, 0xb8, 0xb5, 0x57, 0xad, 0xf5, 0x9c, 0x36, 0xa5, 0x57, 0xad,
    0x36, 0xa5, 0x36, 0xa5, 0x16, 0xa5, 0x16, 0xa5, 0xd5, 0x9c, 0x00, 0x00, 0x00, 0x00, 0x00, 0x00,
    0x00, 0x00, 0x00, 0x00, 0x00, 0x00, 0x00, 0x00, 0x21, 0x00, 0x16, 0xa5, 0x36, 0xa5, 0x57, 0xad,
    0xb5, 0x94, 0x8c, 0x52, 0x0a, 0x3a, 0x2e, 0x63, 0x36, 0xa5, 0x98, 0xb5, 0x98, 0xb5, 0xb8, 0xb5,
    0xb8, 0xb5, 0x98, 0xb5, 0x98, 0xb5, 0xb8, 0xb5, 0x77, 0xad, 0xd5, 0x9c, 0x15, 0x9d, 0x36, 0xa5,
    0x36, 0xa5, 0x16, 0xa5, 0x16, 0xa5, 0x16, 0xa5, 0xb0, 0x73, 0x00, 0x00, 0x00, 0x00, 0x00, 0x00,
    0x00, 0x00, 0x00, 0x00, 0x00, 0x00, 0x00, 0x00, 0x45, 0x29, 0x16, 0xa5, 0x16, 0xa5, 0x36, 0xa5,
    0xf5, 0x9c, 0xcd, 0x5a, 0x2b, 0x42, 0x6f, 0x6b, 0x77, 0xad, 0x98, 0xb5, 0x98, 0xb5, 0xb8, 0xb5,
    0xb8, 0xb5, 0x98, 0xb5, 0x98, 0xb5, 0xb8, 0xb5, 0x98, 0xb5, 0xd5, 0x9c, 0xf5, 0x9c, 0x16, 0xa5,
    0x16, 0xa5, 0x16, 0xa5, 0xf5, 0x9c, 0xf5, 0x9c, 0x4a, 0x4a, 0x00, 0x00, 0x00, 0x00, 0x00, 0x00,
    0x00, 0x00, 0x00, 0x00, 0x00, 0x00, 0x00, 0x00, 0x8b, 0x52, 0x16, 0xa5, 0x16, 0xa5, 0x36, 0xa5,
    0xf5, 0x9c, 0x2f, 0x63, 0x4b, 0x42, 0xb0, 0x73, 0x77, 0xad, 0x98, 0xb5, 0x98, 0xb5, 0xb8, 0xb5,
    0xb8, 0xb5, 0x98, 0xb5, 0x98, 0xb5, 0xb8, 0xb5, 0x98, 0xb5, 0xd5, 0x9c, 0xd5, 0x94, 0xf5, 0x9c,
    0xf5, 0x9c, 0xf5, 0x9c, 0xd5, 0x9c, 0xd5, 0x9c, 0x25, 0x21, 0x00, 0x00, 0x00, 0x00, 0x00, 0x00,
    0x00, 0x00, 0x00, 0x00, 0x00, 0x00, 0x00, 0x00, 0xb0, 0x73, 0x16, 0xa5, 0x16, 0xa5, 0x36, 0xa5,
    0x16, 0xa5, 0xb1, 0x73, 0x6c, 0x4a, 0xf1, 0x7b, 0x97, 0xb5, 0x98, 0xb5, 0x98, 0xb5, 0xb8, 0xb5,
    0xb8, 0xb5, 0x98, 0xb5, 0x98, 0xb5, 0xb8, 0xb5, 0x98, 0xb5, 0xd5, 0x9c, 0xf5, 0x9c, 0xd5, 0x9c,
    0xb5, 0x94, 0xd5, 0x9c, 0xb4, 0x94, 0xb4, 0x94, 0x82, 0x10, 0x00, 0x00, 0x00, 0x00, 0x00, 0x00,
    0x21, 0x21, 0x21, 0x21, 0x21, 0x21, 0x42, 0x21, 0xd8, 0xbd, 0x9c, 0xd6, 0x9b, 0xd6, 0x9c, 0xd6,
    0x9c, 0xd6, 0x98, 0xb5, 0x77, 0xad, 0x36, 0xa5, 0x98, 0xb5, 0x98, 0xb5, 0x98, 0xb5, 0xb8, 0xb5,
    0xb8, 0xb5, 0x98, 0xb5, 0x98, 0xb5, 0xb8, 0xb5, 0x98, 0xb5, 0x36, 0xa5, 0xd8, 0xb5, 0xb8, 0xb5,
    0xb8, 0xb5, 0xf9, 0xbd, 0xf9, 0xbd, 0xf9, 0xbd, 0x62, 0x29, 0x21, 0x21, 0x21, 0x21, 0x22, 0x21,
    0x21, 0x21, 0x21, 0x21, 0x21, 0x21, 0x63, 0x29, 0x3a, 0xc6, 0x9c, 0xd6, 0x9b, 0xd6, 0x9c, 0xd6,
    0x9c, 0xd6, 0x19, 0xbe, 0x56, 0xa5, 0x16, 0xa5, 0x98, 0xb5, 0x98, 0xb5, 0x98, 0xb5, 0xb8, 0xb5,
    0xb8, 0xb5, 0x98, 0xb5, 0x98, 0xb5, 0xb8, 0xb5, 0x98, 0xb5, 0x36, 0xa5, 0xd8, 0xb5, 0xb8, 0xb5,
    0xb8, 0xb5, 0xf9, 0xbd, 0xf9, 0xbd, 0xf9, 0xbd, 0x42, 0x21, 0x21, 0x21, 0x21, 0x21, 0x22, 0x21,
    0x21, 0x21, 0x21, 0x21, 0x21, 0x21, 0x84, 0x29, 0x5a, 0xce, 0x9c, 0xd6, 0x9b, 0xd6, 0x9c, 0xd6,
    0x9c, 0xd6, 0x39, 0xc6, 0x36, 0xa5, 0x16, 0xa5, 0x77, 0xad, 0x98, 0xb5, 0x98, 0xb5, 0xb8, 0xb5,
    0xb8, 0xb5, 0x98, 0xb5, 0x98, 0xb5, 0xb8, 0xb5, 0x77, 0xad, 0x36, 0xa5, 0xb8, 0xb5, 0x98, 0xb5,
    0x98, 0xb5, 0xf9, 0xbd, 0xf9, 0xbd, 0xf9, 0xbd, 0x83, 0x29, 0x21, 0x21, 0x21, 0x21, 0x22, 0x21,
    0x21, 0x21, 0x21, 0x21, 0x21, 0x21, 0x63, 0x29, 0x19, 0xc6, 0x9c, 0xd6, 0x9b, 0xd6, 0x9c, 0xd6,
    0x9c, 0xd6, 0x5a, 0xce, 0x36, 0xa5, 0x36, 0xa5, 0x36, 0xa5, 0x77, 0xad, 0x98, 0xb5, 0xb8, 0xb5,
    0xb8, 0xb5, 0x98, 0xb5, 0x98, 0xb5, 0x98, 0xb5, 0x57, 0xad, 0x57, 0xad, 0xb8, 0xb5, 0x98, 0xb5,
    0x98, 0xb5, 0xf9, 0xbd, 0xf9, 0xbd, 0xf9, 0xbd, 0xc5, 0x39, 0x21, 0x21, 0x21, 0x21, 0x22, 0x21,
    0x00, 0x00, 0x00, 0x00, 0x00, 0x00, 0x00, 0x00, 0x32, 0x84, 0x36, 0xa5, 0x36, 0xa5, 0x37, 0xa5,
    0x36, 0xa5, 0xf6, 0x9c, 0x33, 0x84, 0xac, 0x52, 0x0e, 0x63, 0x32, 0x84, 0xf5, 0x9c, 0x77, 0xad,
    0x77, 0xad, 0x77, 0xad, 0x16, 0xa5, 0xf5, 0x9c, 0x74, 0x8c, 0x94, 0x94, 0x53, 0x8c, 0x33, 0x84,
    0x12, 0x84, 0x33, 0x84, 0x32, 0x84, 0x32, 0x84, 0xa7, 0x31, 0x00, 0x00, 0x00, 0x00, 0x00, 0x00,
    0x00, 0x00, 0x00, 0x00, 0x00, 0x00, 0x00, 0x00, 0x4e, 0x6b, 0x36, 0xa5, 0x36, 0xa5, 0x57, 0xad,
    0x37, 0xa5, 0x16, 0xa5, 0x53, 0x8c, 0x4b, 0x4a, 0xad, 0x52, 0xee, 0x5a, 0xb0, 0x73, 0x53, 0x84,
    0x73, 0x8c, 0x32, 0x84, 0x32, 0x84, 0x94, 0x94, 0xb4, 0x94, 0x53, 0x84, 0x53, 0x8c, 0x32, 0x84,
    0x12, 0x84, 0x32, 0x84, 0x12, 0x84, 0x12, 0x84, 0xcc, 0x5a, 0x00, 0x00, 0x00, 0x00, 0x00, 0x00,
    0x00, 0x00, 0x00, 0x00, 0x00, 0x00, 0x00, 0x00, 0x09, 0x42, 0x57, 0xad, 0x57, 0xad, 0x57, 0xad,
    0x57, 0xad, 0x36, 0xa5, 0x93, 0x8c, 0x6c, 0x4a, 0x2b, 0x42, 0x6c, 0x4a, 0x8c, 0x4a, 0xee, 0x5a,
    0x0e, 0x5b, 0xcd, 0x52, 0x11, 0x7c, 0x94, 0x8c, 0x74, 0x8c, 0x73, 0x8c, 0x33, 0x84, 0x12, 0x84,
    0x12, 0x84, 0x12, 0x84, 0x12, 0x84, 0x12, 0x84, 0xb0, 0x73, 0x00, 0x00, 0x00, 0x00, 0x00, 0x00,
    0x00, 0x00, 0x00, 0x00, 0x00, 0x00, 0x00, 0x00, 0xa3, 0x10, 0x57, 0xad, 0x57, 0xad, 0x77, 0xad,
    0x77, 0xad, 0x57, 0xad, 0xb4, 0x94, 0x6c, 0x4a, 0x2b, 0x42, 0x2b, 0x42, 0x0a, 0x3a, 0x4b, 0x42,
    0x6c, 0x4a, 0x8c, 0x4a, 0x32, 0x84, 0x74, 0x8c, 0x74, 0x8c, 0x73, 0x8c, 0x32, 0x84, 0x12, 0x84,
    0x12, 0x84, 0x12, 0x84, 0x12, 0x84, 0x12, 0x84, 0xf2, 0x7b, 0x82, 0x10, 0x00, 0x00, 0x00, 0x00,
    0x00, 0x00, 0x00, 0x00, 0x00, 0x00, 0x00, 0x00, 0x00, 0x00, 0xf9, 0xbd, 0x7b, 0xce, 0x7b, 0xce,
    0x7b, 0xce, 0x7b, 0xce, 0xb8, 0xb5, 0xb1, 0x73, 0xb1, 0x73, 0xb1, 0x73, 0x90, 0x73, 0x70, 0x6b,
    0x4f, 0x6b, 0xb0, 0x73, 0x77, 0xad, 0x98, 0xb5, 0x98, 0xb5, 0x77, 0xad, 0x36, 0xa5, 0x16, 0xa5,
    0x16, 0xa5, 0x36, 0xa5, 0x57, 0xad, 0x77, 0xad, 0x57, 0xad, 0xc8, 0x39, 0x00, 0x00, 0x00, 0x00,
    0x00, 0x00, 0x00, 0x00, 0x00, 0x00, 0x00, 0x00, 0x00, 0x00, 0x32, 0x84, 0x7b, 0xce, 0x9c, 0xd6,
    0x9b, 0xd6, 0x7b, 0xce, 0x98, 0xb5, 0xd1, 0x7b, 0xb1, 0x73, 0xb1, 0x73, 0x70, 0x6b, 0x70, 0x6b,
    0x4f, 0x6b, 0x53, 0x8c, 0x77, 0xad, 0x98, 0xb5, 0x98, 0xb5, 0x98, 0xb5, 0x36, 0xa5, 0x16, 0xa5,
    0x16, 0xa5, 0x36, 0xa5, 0x57, 0xad, 0x77, 0xad, 0x57, 0xad, 0x2d, 0x63, 0x00, 0x00, 0x00, 0x00,
    0x00, 0x00, 0x00, 0x00, 0x00, 0x00, 0x00, 0x00, 0x00, 0x00, 0xe8, 0x39, 0xb8, 0xb5, 0xb9, 0xb5,
    0xb8, 0xb5, 0xb8, 0xb5, 0x53, 0x8c, 0x4b, 0x4a, 0x4b, 0x4a, 0x4b, 0x4a, 0x2b, 0x42, 0x4b, 0x4a,
    0x2b, 0x42, 0xd1, 0x7b, 0x73, 0x8c, 0x94, 0x94, 0x74, 0x8c, 0x73, 0x8c, 0x32, 0x84, 0x32, 0x84,
    0x12, 0x84, 0x12, 0x84, 0x32, 0x84, 0x32, 0x84, 0x12, 0x84, 0x2e, 0x63, 0x00, 0x00, 0x00, 0x00,
    0x00, 0x00, 0x00, 0x00, 0x00, 0x00, 0x00, 0x00, 0x00, 0x00, 0xa3, 0x10, 0xb8, 0xb5, 0xd9, 0xbd,
    0xd9, 0xbd, 0xd9, 0xbd, 0x90, 0x73, 0x4b, 0x4a, 0x4b, 0x4a, 0x2b, 0x42, 0x2b, 0x42, 0x4b, 0x4a,
    0x2b, 0x42, 0x32, 0x84, 0x74, 0x8c, 0x94, 0x94, 0x94, 0x94, 0x94, 0x94, 0x53, 0x8c, 0x33, 0x84,
    0x32, 0x84, 0x32, 0x84, 0x33, 0x84, 0x33, 0x84, 0x12, 0x84, 0x90, 0x73, 0x00, 0x00, 0x00, 0x00,
    0x00, 0x00, 0x00, 0x00, 0x00, 0x00, 0x00, 0x00, 0x00, 0x00, 0x20, 0x00, 0xd9, 0xbd, 0xf9, 0xbd,
    0xf9, 0xbd, 0x98, 0xb5, 0xad, 0x52, 0x4b, 0x4a, 0x4b, 0x4a, 0x4b, 0x4a, 0x2b, 0x42, 0x4b, 0x4a,
    0x4b, 0x42, 0x53, 0x8c, 0x94, 0x94, 0xb4, 0x94, 0x94, 0x94, 0x94, 0x94, 0x53, 0x8c, 0x53, 0x8c,
    0x32, 0x84, 0x33, 0x84, 0x53, 0x8c, 0x53, 0x8c, 0x32, 0x84, 0xd1, 0x7b, 0x20, 0x00, 0x00, 0x00,
    0x00, 0x00, 0x00, 0x00, 0x00, 0x00, 0x00, 0x00, 0x00, 0x00, 0x00, 0x00, 0xd9, 0xbd, 0xf9, 0xbd,
    0xf9, 0xbd, 0x16, 0xa5, 0x4b, 0x4a, 0x4b, 0x4a, 0x4b, 0x4a, 0x4b, 0x4a, 0x2b, 0x42, 0x4b, 0x4a,
    0x2b, 0x42, 0x53, 0x8c, 0x94, 0x94, 0xb4, 0x94, 0xb4, 0x94, 0xb4, 0x94, 0x73, 0x8c, 0x73, 0x8c,
    0x53, 0x8c, 0x53, 0x8c, 0x73, 0x8c, 0x73, 0x8c, 0x53, 0x8c, 0xd1, 0x7b, 0x20, 0x00, 0x00, 0x00,
    0x00, 0x00, 0x00, 0x00, 0x00, 0x00, 0x00, 0x00, 0x00, 0x00, 0x00, 0x00, 0xd9, 0xbd, 0xf9, 0xbd,
    0xf9, 0xbd, 0x73, 0x8c, 0x4b, 0x4a, 0x6c, 0x4a, 0x4b, 0x4a, 0x4b, 0x4a, 0x2b, 0x42, 0x4b, 0x4a,
    0x4b, 0x4a, 0x33, 0x84, 0xb4, 0x94, 0xd5, 0x9c, 0xd5, 0x9c, 0xb5, 0x94, 0x94, 0x94, 0x94, 0x94,
    0x73, 0x8c, 0x74, 0x8c, 0x74, 0x8c, 0x94, 0x94, 0x73, 0x8c, 0xb0, 0x73, 0x00, 0x00, 0x00, 0x00,
    0x00, 0x00, 0x00, 0x00, 0x00, 0x00, 0x00, 0x00, 0x00, 0x00, 0x41, 0x08, 0xd9, 0xbd, 0xf9, 0xbd,
    0xd8, 0xb5, 0x90, 0x73, 0x4b, 0x4a, 0x6c, 0x4a, 0x4b, 0x4a, 0x4b, 0x4a, 0x4b, 0x4a, 0x4b, 0x4a,
    0x4b, 0x4a, 0xb0, 0x73, 0xd5, 0x9c, 0xf5, 0x9c, 0xd5, 0x9c, 0xd5, 0x9c, 0xb5, 0x94, 0xb4, 0x94,
    0x94, 0x94, 0x94, 0x94, 0x94, 0x94, 0x94, 0x94, 0x94, 0x94, 0x0e, 0x63, 0x00, 0x00, 0x00, 0x00,
    0x00, 0x00, 0x00, 0x00, 0x00, 0x00, 0x00, 0x00, 0x00, 0x00, 0xe3, 0x18, 0xd9, 0xbd, 0xf9, 0xbd,
    0x98, 0xb5, 0xee, 0x5a, 0x4b, 0x4a, 0x6c, 0x4a, 0x4b, 0x4a, 0x4b, 0x4a, 0x6b, 0x4a, 0x8c, 0x52,
    0xac, 0x52, 0x6f, 0x63, 0xd4, 0x94, 0xf6, 0x9c, 0xf5, 0x9c, 0xf5, 0x9c, 0xd5, 0x9c, 0xd5, 0x9c,
    0xb4, 0x94, 0xd5, 0x9c, 0xb4, 0x94, 0xb4, 0x94, 0x94, 0x94, 0x29, 0x42, 0x00, 0x00, 0x00, 0x00,
    0x00, 0x00, 0x00, 0x00, 0x00, 0x00, 0x00, 0x00, 0x00, 0x00, 0x29, 0x42, 0xb8, 0xb5, 0xd9, 0xbd,
    0x36, 0xa5, 0x8c, 0x52, 0x4b, 0x4a, 0x6c, 0x4a, 0x4b, 0x4a, 0x8c, 0x52, 0xcd, 0x52, 0x90, 0x73,
    0xb0, 0x73, 0x90, 0x73, 0xb4, 0x94, 0x16, 0xa5, 0x16, 0xa5, 0x16, 0xa5, 0xf5, 0x9c, 0xf5, 0x9c,
    0xd5, 0x9c, 0xf5, 0x9c, 0xd5, 0x9c, 0xd5, 0x9c, 0xb5, 0x94, 0x04, 0x21, 0x00, 0x00, 0x00, 0x00,
    0x00, 0x00, 0x00, 0x00, 0x00, 0x00, 0x00, 0x00, 0x00, 0x00, 0xf1, 0x7b, 0x98, 0xb5, 0xb8, 0xb5,
    0x16, 0xa5, 0x6c, 0x4a, 0x4b, 0x4a, 0x6c, 0x4a, 0x6b, 0x4a, 0x0e, 0x63, 0x12, 0x7c, 0xf5, 0x9c,
    0x36, 0xa5, 0xd5, 0x9c, 0xf5, 0x9c, 0xf5, 0x9c, 0x36, 0xa5, 0x16, 0xa5, 0x16, 0xa5, 0x16, 0xa5,
    0x16, 0xa5, 0xf6, 0x9c, 0xf5, 0x9c, 0xf5, 0x9c, 0xb4, 0x94, 0x20, 0x00, 0x00, 0x00, 0x00, 0x00,
    0x00, 0x00, 0x00, 0x00, 0x00, 0x00, 0x00, 0x00, 0x00, 0x00, 0x57, 0xad, 0x98, 0xb5, 0xb8, 0xb5,
    0xf6, 0x9c, 0x6c, 0x4a, 0x4b, 0x4a, 0x6c, 0x4a, 0xcd, 0x5a, 0x12, 0x84, 0x36, 0xa5, 0xb8, 0xb5,
    0xb8, 0xb5, 0x98, 0xb5, 0x77, 0xad, 0x16, 0xa5, 0xf5, 0x9c, 0x36, 0xa5, 0x36, 0xa5, 0x36, 0xa5,
    0x36, 0xa5, 0x16, 0xa5, 0xf6, 0x9c, 0x16, 0xa5, 0xd0, 0x7b, 0x00, 0x00, 0x00, 0x00, 0x00, 0x00,
    0x00, 0x00, 0x00, 0x00, 0x00, 0x00, 0x00, 0x00, 0xe4, 0x18, 0x77, 0xad, 0x77, 0xad, 0x98, 0xb5,
    0x16, 0x9d, 0x8c, 0x52, 0x4b, 0x4a, 0xad, 0x52, 0x90, 0x73, 0x36, 0xa5, 0x98, 0xb5, 0xb8, 0xb5,
    0xb8, 0xb5, 0x98, 0xb5, 0x98, 0xb5, 0x97, 0xb5, 0xf5, 0x9c, 0x36, 0xa5, 0x36, 0xa5, 0x57, 0xad,
    0x36, 0xa5, 0x36, 0xa5, 0x16, 0xa5, 0x16, 0xa5, 0x4a, 0x4a, 0x00, 0x00, 0x00, 0x00, 0x00, 0x00,
    0x00, 0x00, 0x00, 0x00, 0x00, 0x00, 0x00, 0x00, 0x4a, 0x4a, 0x57, 0xad, 0x57, 0xad, 0x77, 0xad,
    0x16, 0xa5, 0xcd, 0x5a, 0x4b, 0x4a, 0xed, 0x5a, 0x73, 0x8c, 0x98, 0xb5, 0x98, 0xb5, 0xb8, 0xb5,
    0xb8, 0xb5, 0x98, 0xb5, 0x98, 0xb5, 0xb8, 0xb5, 0x36, 0xa5, 0xf5, 0x9c, 0x36, 0xa5, 0x57, 0xad,
    0x36, 0xa5, 0x36, 0xa5, 0x16, 0xa5, 0x16, 0xa5, 0x04, 0x21, 0x00, 0x00, 0x00, 0x00, 0x00, 0x00,
    0x00, 0x00, 0x00, 0x00, 0x00, 0x00, 0x00, 0x00, 0x8f, 0x73, 0x37, 0xa5, 0x37, 0xa5, 0x57, 0xad,
    0x36, 0xa5, 0x4f, 0x6b, 0x4b, 0x4a, 0x6f, 0x6b, 0x36, 0xa5, 0x98, 0xb5, 0x98, 0xb5, 0xb8, 0xb5,
    0xb8, 0xb5, 0x98, 0xb5, 0x98, 0xb5, 0xb8, 0xb5, 0x97, 0xb5, 0xf5, 0x9c, 0x15, 0x9d, 0x57, 0xad,
    0x36, 0xa5, 0x36, 0xa5, 0x16, 0xa5, 0x16, 0xa5, 0x61, 0x08, 0x00, 0x00, 0x00, 0x00, 0x00, 0x00,
    0x00, 0x00, 0x00, 0x00, 0x00, 0x00, 0x00, 0x00, 0x53, 0x8c, 0x36, 0xa5, 0x36, 0xa5, 0x57, 0xad,
    0x37, 0xa5, 0xf1, 0x7b, 0x8c, 0x4a, 0x12, 0x84, 0x97, 0xb5, 0x98, 0xb5, 0x98, 0xb5, 0xb8, 0xb5,
    0xb8, 0xb5, 0x98, 0xb5, 0x98, 0xb5, 0xb8, 0xb5, 0x98, 0xb5, 0xf5, 0x9c, 0x36, 0xa5, 0x37, 0xa5,
    0x36, 0xa5, 0x16, 0xa5, 0x16, 0xa5, 0x16, 0xa5, 0x00, 0x00, 0x00, 0x00, 0x00, 0x00, 0x00, 0x00,
    0x00, 0x00, 0x00, 0x00, 0x00, 0x00, 0x41, 0x08, 0xb4, 0x94, 0x16, 0xa5, 0x16, 0xa5, 0x37, 0xa5,
    0x36, 0xa5, 0x73, 0x8c, 0xac, 0x52, 0x94, 0x94, 0x98, 0xb5, 0x98, 0xb5, 0x98, 0xb5, 0xb8, 0xb5,
    0xb8, 0xb5, 0x98, 0xb5, 0x98, 0xb5, 0xb8, 0xb5, 0x98, 0xb5, 0x36, 0xa5, 0xb4, 0x94, 0x36, 0xa5,
    0x16, 0xa5, 0x16, 0xa5, 0xf5, 0x9c, 0xf5, 0x9c, 0x00, 0x00, 0x00, 0x00, 0x00, 0x00, 0x00, 0x00,
    0x00, 0x00, 0x00, 0x00, 0x00, 0x00, 0x41, 0x08, 0xb5, 0x94, 0x16, 0xa5, 0x16, 0xa5, 0x36, 0xa5,
    0x16, 0xa5, 0x73, 0x8c, 0x2e, 0x63, 0xf5, 0x9c, 0xb8, 0xb5, 0x98, 0xb5, 0x98, 0xb5, 0xb8, 0xb5,
    0xb8, 0xb5, 0x98, 0xb5, 0x98, 0xb5, 0xb8, 0xb5, 0xb8, 0xb5, 0x57, 0xad, 0xb4, 0x94, 0x16, 0xa5,
    0xf5, 0x9c, 0xf5, 0x9c, 0xd5, 0x9c, 0xd5, 0x9c, 0x20, 0x00, 0x00, 0x00, 0x00, 0x00, 0x00, 0x00,
    0x00, 0x00, 0x00, 0x00, 0x00, 0x00, 0x41, 0x08, 0xb4, 0x94, 0x16, 0xa5, 0x16, 0xa5, 0x36, 0xa5,
    0x16, 0xa5, 0xb4, 0x94, 0xb0, 0x73, 0x15, 0xa5, 0xb8, 0xb5, 0x98, 0xb5, 0x98, 0xb5, 0xb8, 0xb5,
    0xb8, 0xb5, 0x98, 0xb5, 0x98, 0xb5, 0xb8, 0xb5, 0xb8, 0xb5, 0x57, 0xad, 0xb4, 0x94, 0xd5, 0x9c,
    0xd5, 0x9c, 0xd5, 0x9c, 0xb4, 0x94, 0xb4, 0x94, 0xa2, 0x10, 0x00, 0x00, 0x00, 0x00, 0x00, 0x00,
    0x00, 0x00, 0x00, 0x00, 0x00, 0x00, 0x00, 0x00, 0x32, 0x84, 0x16, 0xa5, 0x16, 0xa5, 0x16, 0xa5,
    0x16, 0xa5, 0xb4, 0x94, 0xf1, 0x7b, 0xf5, 0x9c, 0xb8, 0xb5, 0x98, 0xb5, 0x98, 0xb5, 0xb8, 0xb5,
    0xb8, 0xb5, 0x98, 0xb5, 0x98, 0xb5, 0xb8, 0xb5, 0xb8, 0xb5, 0x36, 0xa5, 0x94, 0x94, 0xb4, 0x94,
    0x94, 0x94, 0xb4, 0x94, 0x94, 0x94, 0x94, 0x94, 0x66, 0x29, 0x00, 0x00, 0x00, 0x00, 0x00, 0x00,
    0x00, 0x00, 0x00, 0x00, 0x00, 0x00, 0x00, 0x00, 0x6f, 0x6b, 0x16, 0xa5, 0x16, 0xa5, 0x16, 0xa5,
    0x16, 0xa5, 0xb4, 0x94, 0x32, 0x84, 0x94, 0x94, 0x98, 0xb5, 0x98, 0xb5, 0x98, 0xb5, 0xb8, 0xb5,
    0xb8, 0xb5, 0x98, 0xb5, 0x98, 0xb5, 0xb8, 0xb5, 0x98, 0xb5, 0x16, 0xa5, 0x73, 0x8c, 0x94, 0x94,
    0x74, 0x8c, 0x94, 0x94, 0x73, 0x8c, 0x74, 0x8c, 0xac, 0x52, 0x00, 0x00, 0x00, 0x00, 0x00, 0x00,
    0x00, 0x00, 0x00, 0x00, 0x00, 0x00, 0x00, 0x00, 0x4a, 0x4a, 0x16, 0xa5, 0x16, 0xa5, 0x36, 0xa5,
    0x16, 0xa5, 0xd5, 0x9c, 0x31, 0x7c, 0xf1, 0x7b, 0x57, 0xad, 0x98, 0xb5, 0x98, 0xb5, 0xb8, 0xb5,
    0xb8, 0xb5, 0x98, 0xb5, 0x98, 0xb5, 0xb8, 0xb5, 0x77, 0xad, 0xd4, 0x94, 0x53, 0x8c, 0x73, 0x8c,
    0x53, 0x8c, 0x73, 0x8c, 0x73, 0x8c, 0x73, 0x8c, 0xd1, 0x7b, 0x00, 0x00, 0x00, 0x00, 0x00, 0x00,
    0x00, 0x00, 0x00, 0x00, 0x00, 0x00, 0x00, 0x00, 0xe4, 0x18, 0x16, 0xa5, 0x16, 0xa5, 0x36, 0xa5,
    0x16, 0xa5, 0xf5, 0x9c, 0x73, 0x8c, 0x4f, 0x63, 0x74, 0x8c, 0x77, 0xad, 0x98, 0xb5, 0xb8, 0xb5,
    0xb8, 0xb5, 0x98, 0xb5, 0x98, 0xb5, 0x98, 0xb5, 0x16, 0xa5, 0x73, 0x8c, 0x73, 0x8c, 0x53, 0x8c,
    0x53, 0x8c, 0x53, 0x8c, 0x53, 0x8c, 0x53, 0x8c, 0x32, 0x84, 0x61, 0x08, 0x00, 0x00, 0x00, 0x00,
    0x00, 0x00, 0x00, 0x00, 0x00, 0x00, 0x00, 0x00, 0x00, 0x00, 0xf5, 0x9c, 0x16, 0xa5, 0x37, 0xa5,
    0x36, 0xa5, 0xf6, 0x9c, 0x74, 0x8c, 0xad, 0x52, 0x6f, 0x6b, 0x94, 0x8c, 0x56, 0xad, 0x98, 0xb5,
    0x98, 0xb5, 0x98, 0xb5, 0x77, 0xad, 0x16, 0xa5, 0x94, 0x94, 0x73, 0x8c, 0x53, 0x8c, 0x33, 0x84,
    0x32, 0x84, 0x33, 0x84, 0x33, 0x84, 0x33, 0x84, 0x12, 0x84, 0x46, 0x29, 0x00, 0x00, 0x00, 0x00,
    0x00, 0x00, 0x00, 0x00, 0x00, 0x00, 0x00, 0x00, 0x00, 0x00, 0xf1, 0x7b, 0x36, 0xa5, 0x57, 0xad,
    0x37, 0xa5, 0x16, 0xa5, 0x73, 0x8c, 0x4b, 0x4a, 0x8c, 0x4a, 0x2f, 0x63, 0x12, 0x7c, 0xb4, 0x94,
    0xd5, 0x9c, 0xd5, 0x9c, 0xd4, 0x94, 0x94, 0x94, 0x73, 0x8c, 0x53, 0x84, 0x53, 0x8c, 0x32, 0x84,
    0x12, 0x84, 0x32, 0x84, 0x32, 0x84, 0x32, 0x84, 0x12, 0x84, 0x4a, 0x4a, 0x00, 0x00, 0x00, 0x00,
    0x00, 0x00, 0x00, 0x00, 0x00, 0x00, 0x00, 0x00, 0x82, 0x10, 0x4f, 0x6b, 0x4f, 0x6b, 0x4f, 0x6b,
    0x4f, 0x6b, 0xed, 0x5a, 0x12, 0x7c, 0x98, 0xb5, 0xb8, 0xb5, 0xb8, 0xb5, 0x98, 0xb5, 0x98, 0xb5,
    0xb8, 0xb5, 0xb8, 0xb5, 0x98, 0xb5, 0x98, 0xb5, 0xb8, 0xb5, 0xb8, 0xb5, 0xf1, 0x7b, 0x2a, 0x42,
    0x4b, 0x4a, 0x2b, 0x42, 0x0a, 0x42, 0xea, 0x39, 0xc9, 0x39, 0x00, 0x00, 0x00, 0x00, 0x00, 0x00,
    0x00, 0x00, 0x00, 0x00, 0x00, 0x00, 0x00, 0x00, 0x87, 0x31, 0x4f, 0x6b, 0x4f, 0x6b, 0x4f, 0x6b,
    0x4f, 0x6b, 0xed, 0x5a, 0x12, 0x84, 0x98, 0xb5, 0xb8, 0xb5, 0xb8, 0xb5, 0x98, 0xb5, 0x98, 0xb5,
    0xb8, 0xb5, 0xb8, 0xb5, 0x98, 0xb5, 0x98, 0xb5, 0xb8, 0xb5, 0xb8, 0xb5, 0xf1, 0x7b, 0x4b, 0x4a,
    0x4b, 0x4a, 0x2b, 0x42, 0x0a, 0x42, 0xea, 0x39, 0xa8, 0x31, 0x00, 0x00, 0x00, 0x00, 0x00, 0x00,
    0x00, 0x00, 0x00, 0x00, 0x00, 0x00, 0x00, 0x00, 0x6b, 0x4a, 0x4f, 0x6b, 0x4f, 0x6b, 0x4f, 0x6b,
    0x4f, 0x6b, 0x0e, 0x63, 0x12, 0x84, 0x98, 0xb5, 0xb8, 0xb5, 0xb8, 0xb5, 0x98, 0xb5, 0x98, 0xb5,
    0xb8, 0xb5, 0xb8, 0xb5, 0x98, 0xb5, 0x98, 0xb5, 0xb8, 0xb5, 0xb8, 0xb5, 0xf1, 0x7b, 0x4b, 0x4a,
    0x4b, 0x4a, 0x2b, 0x42, 0x0a, 0x42, 0xea, 0x39, 0x46, 0x29, 0x00, 0x00, 0x00, 0x00, 0x00, 0x00,
    0x00, 0x00, 0x00, 0x00, 0x00, 0x00, 0x00, 0x00, 0xed, 0x5a, 0x4f, 0x6b, 0x4f, 0x6b, 0x4f, 0x6b,
    0x4f, 0x6b, 0x0e, 0x63, 0x11, 0x7c, 0x98, 0xb5, 0xb8, 0xb5, 0xb8, 0xb5, 0x98, 0xb5, 0x98, 0xb5,
    0xb8, 0xb5, 0xb8, 0xb5, 0x98, 0xb5, 0x98, 0xb5, 0xb8, 0xb5, 0x98, 0xb5, 0xd1, 0x7b, 0x4b, 0x4a,
    0x4b, 0x4a, 0x2b, 0x42, 0x0a, 0x42, 0xc9, 0x39, 0xc4, 0x18, 0x00, 0x00, 0x00, 0x00, 0x00, 0x00,
    0x00, 0x00, 0x00, 0x00, 0x00, 0x00, 0x20, 0x00, 0x2f, 0x63, 0x4f, 0x6b, 0x4f, 0x6b, 0x4f, 0x6b,
    0x4f, 0x6b, 0x0e, 0x63, 0xd1, 0x73, 0x77, 0xad, 0xb8, 0xb5, 0xb8, 0xb5, 0x98, 0xb5, 0x98, 0xb5,
    0xb8, 0xb5, 0xb8, 0xb5, 0x98, 0xb5, 0x98, 0xb5, 0xb8, 0xb5, 0x97, 0xb5, 0x90, 0x73, 0x4b, 0x4a,
    0x4b, 0x4a, 0x2b, 0x42, 0x0a, 0x42, 0xc9, 0x39, 0x82, 0x10, 0x00, 0x00, 0x00, 0x00, 0x00, 0x00,
    0x00, 0x00, 0x00, 0x00, 0x00, 0x00, 0x41, 0x08, 0x2f, 0x63, 0x4f, 0x6b, 0x4f, 0x6b, 0x4f, 0x6b,
    0x2f, 0x63, 0x0e, 0x63, 0x90, 0x6b, 0x36, 0xa5, 0xb8, 0xb5, 0xb8, 0xb5, 0x98, 0xb5, 0x98, 0xb5,
    0xb8, 0xb5, 0xb8, 0xb5, 0x98, 0xb5, 0x98, 0xb5, 0xb8, 0xb5, 0x57, 0xad, 0x4f, 0x6b, 0x4b, 0x4a,
    0x4b, 0x4a, 0x2b, 0x42, 0x0a, 0x42, 0xc9, 0x39, 0x62, 0x08, 0x00, 0x00, 0x00, 0x00, 0x00, 0x00,
    0x00, 0x00, 0x00, 0x00, 0x00, 0x00, 0x61, 0x08, 0x2f, 0x63, 0x4f, 0x6b, 0x4f, 0x6b, 0x4f, 0x6b,
    0x2f, 0x63, 0x0e, 0x63, 0x4f, 0x63, 0xb4, 0x94, 0xb8, 0xb5, 0xb8, 0xb5, 0x98, 0xb5, 0x98, 0xb5,
    0xb8, 0xb5, 0xb8, 0xb5, 0x98, 0xb5, 0x98, 0xb5, 0xb8, 0xb5, 0xd5, 0x9c, 0x0e, 0x5b, 0x2a, 0x42,
    0x4b, 0x4a, 0x2b, 0x42, 0x0a, 0x42, 0xc9, 0x39, 0xa3, 0x10, 0x00, 0x00, 0x00, 0x00, 0x00, 0x00,
    0x00, 0x00, 0x00, 0x00, 0x00, 0x00, 0x41, 0x08, 0x2f, 0x63, 0x4f, 0x6b, 0x4f, 0x6b, 0x4f, 0x6b,
    0x2f, 0x63, 0x0e, 0x63, 0x0e, 0x63, 0x12, 0x84, 0x77, 0xad, 0xb8, 0xb5, 0x98, 0xb5, 0x98, 0xb5,
    0xb8, 0xb5, 0xb8, 0xb5, 0x98, 0xb5, 0x98, 0xb5, 0x77, 0xad, 0x32, 0x84, 0xad, 0x52, 0x4b, 0x4a,
    0x4b, 0x4a, 0x2b, 0x42, 0x0a, 0x42, 0xc9, 0x39, 0x04, 0x21, 0x00, 0x00, 0x00, 0x00, 0x00, 0x00,
    0x00, 0x00, 0x00, 0x00, 0x00, 0x00, 0x00, 0x00, 0x0e, 0x63, 0x4f, 0x6b, 0x4f, 0x6b, 0x4f, 0x6b,
    0x4f, 0x6b, 0x0e, 0x63, 0x0e, 0x63, 0x8f, 0x6b, 0xd5, 0x9c, 0x98, 0xb5, 0x98, 0xb5, 0x98, 0xb5,
    0xb8, 0xb5, 0xb8, 0xb5, 0x98, 0xb5, 0x98, 0xb5, 0xf5, 0x9c, 0x90, 0x73, 0xad, 0x52, 0x4b, 0x4a,
    0x4b, 0x4a, 0x2b, 0x42, 0x0a, 0x42, 0xea, 0x39, 0x67, 0x29, 0x00, 0x00, 0x00, 0x00, 0x00, 0x00,
    0x00, 0x00, 0x00, 0x00, 0x00, 0x00, 0x00, 0x00, 0xac, 0x52, 0x4f, 0x6b, 0x4f, 0x6b, 0x4f, 0x6b,
    0x4f, 0x6b, 0x0e, 0x63, 0xee, 0x5a, 0x0e, 0x63, 0x32, 0x84, 0x36, 0xa5, 0x98, 0xb5, 0x98, 0xb5,
    0xb8, 0xb5, 0xb8, 0xb5, 0x98, 0xb5, 0x36, 0xa5, 0x53, 0x8c, 0x2f, 0x63, 0x6c, 0x4a, 0x4b, 0x4a,
    0x4b, 0x4a, 0x2b, 0x42, 0x0a, 0x42, 0xea, 0x39, 0xa9, 0x31, 0x00, 0x00, 0x00, 0x00, 0x00, 0x00,
    0x00, 0x00, 0x00, 0x00, 0x00, 0x00, 0x00, 0x00, 0x09, 0x42, 0x4f, 0x6b, 0x4f, 0x6b, 0x4f, 0x6b,
    0x4f, 0x6b, 0x0e, 0x63, 0xcd, 0x52, 0xed, 0x5a, 0xb0, 0x73, 0xd5, 0x9c, 0x77, 0xad, 0x98, 0xb5,
    0xb8, 0xb5, 0x98, 0xb5, 0x77, 0xad, 0xd5, 0x9c, 0xf1, 0x7b, 0xee, 0x5a, 0x4b, 0x42, 0x4b, 0x4a,
    0x4b, 0x4a, 0x2b, 0x42, 0x0a, 0x42, 0xea, 0x39, 0xea, 0x39, 0x00, 0x00, 0x00, 0x00, 0x00, 0x00,
    0x00, 0x00, 0x00, 0x00, 0x00, 0x00, 0x00, 0x00, 0x05, 0x21, 0x4f, 0x6b, 0x4f, 0x6b, 0x4f, 0x6b,
    0x4f, 0x6b, 0x0e, 0x63, 0xcd, 0x52, 0xcd, 0x5a, 0x90, 0x6b, 0xb4, 0x94, 0x57, 0xad, 0x97, 0xb5,
    0xb8, 0xb5, 0x98, 0xb5, 0x57, 0xad, 0xb4, 0x94, 0xd1, 0x7b, 0xee, 0x5a, 0x4b, 0x42, 0x4b, 0x4a,
    0x4b, 0x4a, 0x2b, 0x42, 0x0a, 0x42, 0xea, 0x39, 0xea, 0x39, 0xa3, 0x10, 0x00, 0x00, 0x00, 0x00,
    0x00, 0x00, 0x00, 0x00, 0x00, 0x00, 0x00, 0x00, 0x20, 0x00, 0x2f, 0x63, 0x4f, 0x6b, 0x4f, 0x6b,
    0x4f, 0x6b, 0x0e, 0x63, 0xcd, 0x52, 0xad, 0x52, 0xb0, 0x73, 0xd5, 0x9c, 0x77, 0xad, 0x98, 0xb5,
    0xb8, 0xb5, 0x98, 0xb5, 0x77, 0xad, 0xd5, 0x9c, 0xf1, 0x7b, 0xcd, 0x5a, 0x4b, 0x42, 0x4b, 0x4a,
    0x4b, 0x4a, 0x2b, 0x42, 0x2b, 0x42, 0x0a, 0x42, 0xea, 0x39, 0x46, 0x29, 0x00, 0x00, 0x00, 0x00,
    0x00, 0x00, 0x00, 0x00, 0x00, 0x00, 0x00, 0x00, 0x00, 0x00, 0xcd, 0x5a, 0x4f, 0x6b, 0x4f, 0x6b,
    0x4f, 0x6b, 0x0e, 0x63, 0xcd, 0x52, 0xcd, 0x5a, 0x12, 0x84, 0x36, 0xa5, 0x98, 0xb5, 0x98, 0xb5,
    0xb8, 0xb5, 0xb8, 0xb5, 0x98, 0xb5, 0x36, 0xa5, 0x53, 0x8c, 0x0e, 0x63, 0x6c, 0x4a, 0x4b, 0x4a,
    0x4b, 0x4a, 0x2b, 0x42, 0x2b, 0x42, 0x0a, 0x42, 0xea, 0x39, 0xa8, 0x31, 0x00, 0x00, 0x00, 0x00,
    0x00, 0x00, 0x00, 0x00, 0x00, 0x00, 0x00, 0x00, 0x00, 0x00, 0x2a, 0x42, 0x4f, 0x6b, 0x4f, 0x6b,
    0x4f, 0x6b, 0x0e, 0x63, 0xcd, 0x52, 0x0e, 0x5b, 0xb4, 0x94, 0x98, 0xb5, 0x98, 0xb5, 0x98, 0xb5,
    0xb8, 0xb5, 0xb8, 0xb5, 0x98, 0xb5, 0x97, 0xb5, 0xd5, 0x9c, 0x4f, 0x6b, 0x8c, 0x4a, 0x4b, 0x4a,
    0x4b, 0x4a, 0x4b, 0x4a, 0x2b, 0x42, 0x0a, 0x42, 0x0a, 0x42, 0xc9, 0x39, 0x00, 0x00, 0x00, 0x00,
    0x00, 0x00, 0x00, 0x00, 0x00, 0x00, 0x00, 0x00, 0x00, 0x00, 0x66, 0x29, 0x4f, 0x6b, 0x4f, 0x6b,
    0x4f, 0x6b, 0x0e, 0x63, 0x0e, 0x63, 0x90, 0x73, 0x57, 0xad, 0xb8, 0xb5, 0x98, 0xb5, 0x98, 0xb5,
    0xb8, 0xb5, 0xb8, 0xb5, 0x98, 0xb5, 0x98, 0xb5, 0x77, 0xad, 0xd1, 0x7b, 0xad, 0x52, 0x4b, 0x4a,
    0x4b, 0x4a, 0x4b, 0x4a, 0x2b, 0x42, 0x0a, 0x42, 0x0a, 0x42, 0xc9, 0x39, 0x20, 0x00, 0x00, 0x00,
    0x00, 0x00, 0x00, 0x00, 0x00, 0x00, 0x00, 0x00, 0x00, 0x00, 0xc3, 0x18, 0x4f, 0x6b, 0x4f, 0x6b,
    0x4f, 0x6b, 0x0e, 0x63, 0x0e, 0x5b, 0x33, 0x84, 0xb8, 0xb5, 0xb8, 0xb5, 0x98, 0xb5, 0x98, 0xb5,
    0xb8, 0xb5, 0xb8, 0xb5, 0x98, 0xb5, 0x98, 0xb5, 0xb8, 0xb5, 0x73, 0x8c, 0xad, 0x52, 0x4b, 0x4a,
    0x4b, 0x4a, 0x4b, 0x4a, 0x2b, 0x42, 0x0a, 0x42, 0x0a, 0x42, 0xc9, 0x39, 0x41, 0x08, 0x00, 0x00,
    0x00, 0x00, 0x00, 0x00, 0x00, 0x00, 0x00, 0x00, 0x00, 0x00, 0x82, 0x10, 0x4f, 0x6b, 0x4f, 0x6b,
    0x4f, 0x6b, 0xed, 0x5a, 0xed, 0x5a, 0xd5, 0x9c, 0xb8, 0xb5, 0xb8, 0xb5, 0x98, 0xb5, 0x98, 0xb5,
    0xb8, 0xb5, 0xb8, 0xb5, 0x98, 0xb5, 0x98, 0xb5, 0xb8, 0xb5, 0xf5, 0x9c, 0xed, 0x5a, 0x4b, 0x4a,
    0x4b, 0x4a, 0x4b, 0x4a, 0x2b, 0x42, 0x0a, 0x42, 0x0a, 0x42, 0xc9, 0x39, 0x21, 0x00, 0x00, 0x00,
    0x00, 0x00, 0x00, 0x00, 0x00, 0x00, 0x00, 0x00, 0x00, 0x00, 0x82, 0x10, 0x4f, 0x6b, 0x4f, 0x6b,
    0x4f, 0x6b, 0xed, 0x5a, 0xed, 0x5a, 0x36, 0xa5, 0xb8, 0xb5, 0xb8, 0xb5, 0x98, 0xb5, 0x98, 0xb5,
    0xb8, 0xb5, 0xb8, 0xb5, 0x98, 0xb5, 0x98, 0xb5, 0xb8, 0xb5, 0x56, 0xad, 0x0e, 0x5b, 0x4b, 0x4a,
    0x4b, 0x4a, 0x4b, 0x4a, 0x2b, 0x42, 0x0a, 0x42, 0x0a, 0x42, 0xc9, 0x39, 0x20, 0x00, 0x00, 0x00,
    0x00, 0x00, 0x00, 0x00, 0x00, 0x00, 0x00, 0x00, 0x00, 0x00, 0xe4, 0x18, 0x4f, 0x6b, 0x4f, 0x6b,
    0x4f, 0x6b, 0x0e, 0x63, 0x0e, 0x63, 0x77, 0xad, 0xb8, 0xb5, 0xb8, 0xb5, 0x98, 0xb5, 0x98, 0xb5,
    0xb8, 0xb5, 0xb8, 0xb5, 0x98, 0xb5, 0x98, 0xb5, 0xb8, 0xb5, 0x77, 0xad, 0x2f, 0x63, 0x4b, 0x4a,
    0x4b, 0x4a, 0x2b, 0x42, 0x2b, 0x42, 0x0a, 0x42, 0xea, 0x39, 0xa9, 0x31, 0x00, 0x00, 0x00, 0x00,
    0xa4, 0x10, 0xa4, 0x08, 0xa4, 0x08, 0xa4, 0x08, 0xa4, 0x10, 0xcc, 0x52, 0xb9, 0xb5, 0xb8, 0xb5,
    0x98, 0xb5, 0xb5, 0x94, 0xb4, 0x94, 0x98, 0xb5, 0xb8, 0xb5, 0xb8, 0xb5, 0x98, 0xb5, 0x98, 0xb5,
    0xb8, 0xb5, 0xb8, 0xb5, 0x98, 0xb5, 0x98, 0xb5, 0xb8, 0xb5, 0x98, 0xb5, 0x53, 0x8c, 0x32, 0x84,
    0x33, 0x84, 0x53, 0x8c, 0xb4, 0x94, 0x16, 0xa5, 0x16, 0xa5, 0xb0, 0x73, 0xa4, 0x08, 0xa4, 0x08,
    0xa4, 0x10, 0xa4, 0x08, 0xa4, 0x08, 0xa4, 0x08, 0xa4, 0x10, 0x32, 0x84, 0xb9, 0xb5, 0xb8, 0xb5,
    0x98, 0xb5, 0xb4, 0x94, 0xb4, 0x94, 0x98, 0xb5, 0xb8, 0xb5, 0xb8, 0xb5, 0x98, 0xb5, 0x98, 0xb5,
    0xb8, 0xb5, 0xb8, 0xb5, 0x98, 0xb5, 0x98, 0xb5, 0xb8, 0xb5, 0x98, 0xb5, 0x73, 0x8c, 0x11, 0x7c,
    0x33, 0x84, 0x73, 0x8c, 0xb4, 0x94, 0x16, 0xa5, 0x16, 0xa5, 0x6b, 0x42, 0xa4, 0x08, 0xa4, 0x08,
    0x00, 0x00, 0x00, 0x00, 0x00, 0x00, 0x00, 0x00, 0x00, 0x00, 0x0e, 0x63, 0x4f, 0x6b, 0x4f, 0x6b,
    0x4f, 0x6b, 0xee, 0x5a, 0xb1, 0x73, 0x98, 0xb5, 0xb8, 0xb5, 0xb8, 0xb5, 0x98, 0xb5, 0x98, 0xb5,
    0xb8, 0xb5, 0xb8, 0xb5, 0x98, 0xb5, 0x98, 0xb5, 0xb8, 0xb5, 0xb8, 0xb5, 0xd1, 0x7b, 0x2a, 0x42,
    0x4b, 0x4a, 0x2b, 0x42, 0x2b, 0x42, 0xea, 0x39, 0xea, 0x39, 0x82, 0x10, 0x00, 0x00, 0x00, 0x00,
    0x00, 0x00, 0x00, 0x00, 0x00, 0x00, 0x00, 0x00, 0x62, 0x08, 0x4f, 0x6b, 0x4f, 0x6b, 0x4f, 0x6b,
    0x4f, 0x6b, 0xee, 0x5a, 0x12, 0x84, 0x98, 0xb5, 0xb8, 0xb5, 0xb8, 0xb5, 0x98, 0xb5, 0x98, 0xb5,
    0xb8, 0xb5, 0xb8, 0xb5, 0x98, 0xb5, 0x98, 0xb5, 0xb8, 0xb5, 0xb8, 0xb5, 0x32, 0x84, 0x4b, 0x4a,
    0x4b, 0x4a, 0x2b, 0x42, 0x0a, 0x42, 0xea, 0x39, 0xc9, 0x39, 0x00, 0x00, 0x00, 0x00, 0x00, 0x00,
    0x00, 0x00, 0x00, 0x00, 0x00, 0x00, 0x00, 0x00, 0x66, 0x29, 0x4f, 0x6b, 0x4f, 0x6b, 0x4f, 0x6b,
    0x4f, 0x6b, 0x2e, 0x63, 0x73, 0x8c, 0x98, 0xb5, 0xb8, 0xb5, 0xb8, 0xb5, 0x98, 0xb5, 0x98, 0xb5,
    0xb8, 0xb5, 0xb8, 0xb5, 0x98, 0xb5, 0x98, 0xb5, 0xb8, 0xb5, 0xb8, 0xb5, 0x94, 0x8c, 0x6b, 0x4a,
    0x4b, 0x4a, 0x2b, 0x42, 0x0a, 0x42, 0xea, 0x39, 0xa8, 0x31, 0x00, 0x00, 0x00, 0x00, 0x00, 0x00,
    0x00, 0x00, 0x00, 0x00, 0x00, 0x00, 0x00, 0x00, 0x4a, 0x4a, 0x4f, 0x6b, 0x4f, 0x6b, 0x4f, 0x6b,
    0x4f, 0x6b, 0x0d, 0x5b, 0xf5, 0x9c, 0x98, 0xb5, 0xb8, 0xb5, 0xb8, 0xb5, 0x98, 0xb5, 0x98, 0xb5,
    0xb8, 0xb5, 0xb8, 0xb5, 0x98, 0xb5, 0x98, 0xb5, 0xb8, 0xb5, 0xb8, 0xb5, 0xf5, 0x9c, 0x8c, 0x52,
    0x4b, 0x4a, 0x2b, 0x42, 0x0a, 0x42, 0xea, 0x39, 0x46, 0x29, 0x00, 0x00, 0x00, 0x00, 0x00, 0x00,
    0x00, 0x00, 0x00, 0x00, 0x00, 0x00, 0x00, 0x00, 0xcd, 0x5a, 0x4f, 0x6b, 0x4f, 0x6b, 0x4f, 0x6b,
    0x4f, 0x6b, 0x4e, 0x63, 0x36, 0xa5, 0x98, 0xb5, 0xb8, 0xb5, 0xb8, 0xb5, 0x98, 0xb5, 0x98, 0xb5,
    0xb8, 0xb5, 0xb8, 0xb5, 0x98, 0xb5, 0x98, 0xb5, 0xb8, 0xb5, 0xb8, 0xb5, 0x36, 0xa5, 0xac, 0x52,
    0x4b, 0x4a, 0x2b, 0x42, 0x0a, 0x42, 0xc9, 0x39, 0xe4, 0x18, 0x00, 0x00, 0x00, 0x00, 0x00, 0x00,
    0x22, 0x21, 0x21, 0x21, 0x21, 0x21, 0x62, 0x29, 0xf9, 0xbd, 0x3a, 0xc6, 0x1a, 0xc6, 0x1a, 0xc6,
    0xb8, 0xb5, 0xf5, 0x9c, 0x97, 0xb5, 0x98, 0xb5, 0xb8, 0xb5, 0xb8, 0xb5, 0x98, 0xb5, 0x98, 0xb5,
    0xb8, 0xb5, 0xb8, 0xb5, 0x98, 0xb5, 0x98, 0xb5, 0xb8, 0xb5, 0xb8, 0xb5, 0x97, 0xb5, 0x52, 0x84,
    0x94, 0x94, 0xd5, 0x9c, 0x77, 0xad, 0x77, 0xad, 0xc5, 0x31, 0x21, 0x21, 0x21, 0x21, 0x21, 0x21,
    0x22, 0x21, 0x21, 0x21, 0x21, 0x21, 0xa4, 0x31, 0x1a, 0xc6, 0x3a, 0xc6, 0x1a, 0xc6, 0x1a, 0xc6,
    0xb8, 0xb5, 0xf5, 0x9c, 0x98, 0xb5, 0x98, 0xb5, 0xb8, 0xb5, 0xb8, 0xb5, 0x98, 0xb5, 0x98, 0xb5,
    0xb8, 0xb5, 0xb8, 0xb5, 0x98, 0xb5, 0x98, 0xb5, 0xb8, 0xb5, 0xb8, 0xb5, 0x98, 0xb5, 0x73, 0x8c,
    0x94, 0x94, 0xd5, 0x9c, 0x77, 0xad, 0x77, 0xad, 0xa4, 0x31, 0x21, 0x21, 0x21, 0x21, 0x21, 0x21,
    0x22, 0x21, 0x21, 0x21, 0x21, 0x21, 0xc4, 0x31, 0x3a, 0xc6, 0x3a, 0xc6, 0x1a, 0xc6, 0x1a, 0xc6,
    0xb8, 0xb5, 0xf5, 0x9c, 0x98, 0xb5, 0x98, 0xb5, 0xb8, 0xb5, 0xb8, 0xb5, 0x98, 0xb5, 0x98, 0xb5,
    0xb8, 0xb5, 0xb8, 0xb5, 0x98, 0xb5, 0x98, 0xb5, 0xb8, 0xb5, 0xb8, 0xb5, 0x98, 0xb5, 0x73, 0x8c,
    0x94, 0x94, 0xd5, 0x9c, 0x77, 0xad, 0x77, 0xad, 0xc5, 0x31, 0x21, 0x21, 0x21, 0x21, 0x21, 0x21,
    0x22, 0x21, 0x21, 0x21, 0x21, 0x21, 0xa3, 0x31, 0x1a, 0xc6, 0x3a, 0xc6, 0x1a, 0xc6, 0x1a, 0xc6,
    0xb8, 0xb5, 0xf5, 0x9c, 0x77, 0xad, 0x98, 0xb5, 0xb8, 0xb5, 0xb8, 0xb5, 0x98, 0xb5, 0x98, 0xb5,
    0xb8, 0xb5, 0xb8, 0xb5, 0x98, 0xb5, 0x98, 0xb5, 0xb8, 0xb5, 0xb8, 0xb5, 0x77, 0xad, 0x73, 0x8c,
    0x94, 0x94, 0xd5, 0x9c, 0x77, 0xad, 0x77, 0xad, 0x48, 0x4a, 0x21, 0x21, 0x21, 0x21, 0x21, 0x21,
    0x00, 0x00, 0x00, 0x00, 0x00, 0x00, 0x00, 0x00, 0x0e, 0x63, 0x4f, 0x6b, 0x4f, 0x6b, 0x4f, 0x6b,
    0x4f, 0x6b, 0x90, 0x73, 0x16, 0xa5, 0x98, 0xb5, 0xb8, 0xb5, 0xb8, 0xb5, 0x98, 0xb5, 0x98, 0xb5,
    0xb8, 0xb5, 0xb8, 0xb5, 0x98, 0xb5, 0x98, 0xb5, 0xb8, 0xb5, 0xb8, 0xb5, 0x16, 0xa5, 0x0e, 0x63,
    0x4b, 0x4a, 0x2b, 0x42, 0x0a, 0x42, 0xea, 0x39, 0x67, 0x29, 0x00, 0x00, 0x00, 0x00, 0x00, 0x00,
    0x00, 0x00, 0x00, 0x00, 0x00, 0x00, 0x00, 0x00, 0xac, 0x52, 0x4f, 0x6b, 0x4f, 0x6b, 0x4f, 0x6b,
    0x4f, 0x6b, 0x4f, 0x6b, 0x94, 0x94, 0x98, 0xb5, 0xb8, 0xb5, 0xb8, 0xb5, 0x98, 0xb5, 0x98, 0xb5,
    0xb8, 0xb5, 0xb8, 0xb5, 0x98, 0xb5, 0x98, 0xb5, 0xb8, 0xb5, 0x98, 0xb5, 0x74, 0x8c, 0xac, 0x52,
    0x4b, 0x4a, 0x2b, 0x42, 0x0a, 0x42, 0xea, 0x39, 0xa8, 0x31, 0x00, 0x00, 0x00, 0x00, 0x00, 0x00,
    0x00, 0x00, 0x00, 0x00, 0x00, 0x00, 0x00, 0x00, 0x09, 0x42, 0x4f, 0x6b, 0x4f, 0x6b, 0x4f, 0x6b,
    0x4f, 0x6b, 0x4f, 0x6b, 0xf1, 0x7b, 0x57, 0xad, 0xb8, 0xb5, 0xb8, 0xb5, 0x98, 0xb5, 0x98, 0xb5,
    0xb8, 0xb5, 0xb8, 0xb5, 0x98, 0xb5, 0x98, 0xb5, 0xb8, 0xb5, 0x77, 0xad, 0xb1, 0x73, 0x8c, 0x52,
    0x4b, 0x4a, 0x2b, 0x42, 0x0a, 0x42, 0xea, 0x39, 0xea, 0x39, 0x00, 0x00, 0x00, 0x00, 0x00, 0x00,
    0x00, 0x00, 0x00, 0x00, 0x00, 0x00, 0x00, 0x00, 0x25, 0x21, 0x4f, 0x6b, 0x4f, 0x6b, 0x4f, 0x6b,
    0x4f, 0x6b, 0x0e, 0x63, 0x4f, 0x6b, 0x94, 0x94, 0xb8, 0xb5, 0xb8, 0xb5, 0x98, 0xb5, 0x98, 0xb5,
    0xb8, 0xb5, 0xb8, 0xb5, 0x98, 0xb5, 0x98, 0xb5, 0xb8, 0xb5, 0xb4, 0x94, 0x0e, 0x5b, 0x2a, 0x42,
    0x4b, 0x4a, 0x2b, 0x42, 0x0a, 0x42, 0xea, 0x39, 0xea, 0x39, 0xa3, 0x10, 0x00, 0x00, 0x00, 0x00,
    0x00, 0x00, 0x00, 0x00, 0x00, 0x00, 0x00, 0x00, 0x41, 0x08, 0xd5, 0x9c, 0xd5, 0x9c, 0xd5, 0x9c,
    0xb4, 0x94, 0x53, 0x8c, 0x32, 0x84, 0x32, 0x84, 0x56, 0xad, 0x98, 0xb5, 0x98, 0xb5, 0x98, 0xb5,
    0xb8, 0xb5, 0xb8, 0xb5, 0x98, 0xb5, 0x98, 0xb5, 0x57, 0xad, 0x53, 0x8c, 0xf1, 0x7b, 0x70, 0x6b,
    0x70, 0x6b, 0x90, 0x73, 0xb0, 0x73, 0xd1, 0x7b, 0xb1, 0x73, 0xe8, 0x39, 0x00, 0x00, 0x00, 0x00,
    0x00, 0x00, 0x00, 0x00, 0x00, 0x00, 0x00, 0x00, 0x00, 0x00, 0x33, 0x84, 0xd5, 0x9c, 0xd5, 0x9c,
    0xb5, 0x94, 0x53, 0x8c, 0x12, 0x84, 0xd1, 0x73, 0x94, 0x94, 0x77, 0xad, 0x98, 0xb5, 0x98, 0xb5,
    0xb8, 0xb5, 0xb8, 0xb5, 0x98, 0xb5, 0x77, 0xad, 0xd5, 0x9c, 0x12, 0x7c, 0xb0, 0x73, 0x70, 0x6b,
    0x70, 0x6b, 0x90, 0x73, 0x90, 0x73, 0xd1, 0x7b, 0xd1, 0x7b, 0xcd, 0x5a, 0x00, 0x00, 0x00, 0x00,
    0x00, 0x00, 0x00, 0x00, 0x00, 0x00, 0x00, 0x00, 0x00, 0x00, 0x2a, 0x42, 0x4f, 0x6b, 0x4f, 0x6b,
    0x4f, 0x6b, 0x0e, 0x63, 0xcd, 0x52, 0xac, 0x52, 0x90, 0x6b, 0xd5, 0x94, 0x77, 0xad, 0x98, 0xb5,
    0xb8, 0xb5, 0x98, 0xb5, 0x77, 0xad, 0xd5, 0x9c, 0xd1, 0x7b, 0xcd, 0x5a, 0x6c, 0x4a, 0x4b, 0x4a,
    0x4b, 0x4a, 0x4b, 0x4a, 0x2b, 0x42, 0x0a, 0x42, 0xea, 0x39, 0xc9, 0x39, 0x00, 0x00, 0x00, 0x00,
    0x00, 0x00, 0x00, 0x00, 0x00, 0x00, 0x00, 0x00, 0x00, 0x00, 0x66, 0x29, 0x4f, 0x6b, 0x4f, 0x6b,
    0x4f, 0x6b, 0x0e, 0x63, 0xcd, 0x52, 0x6b, 0x4a, 0x2e, 0x63, 0x73, 0x8c, 0x57, 0xad, 0x97, 0xb5,
    0xb8, 0xb5, 0x98, 0xb5, 0x57, 0xad, 0x73, 0x8c, 0x90, 0x73, 0xcd, 0x5a, 0x6c, 0x4a, 0x4b, 0x4a,
    0x4b, 0x4a, 0x4b, 0x4a, 0x2b, 0x42, 0x0a, 0x42, 0x0a, 0x42, 0xc9, 0x39, 0x20, 0x00, 0x00, 0x00,
    0x00, 0x00, 0x00, 0x00, 0x00, 0x00, 0x00, 0x00, 0x00, 0x00, 0xc3, 0x18, 0x4f, 0x6b, 0x4f, 0x6b,
    0x4f, 0x6b, 0x0e, 0x63, 0xcd, 0x5a, 0x4b, 0x42, 0x0e, 0x63, 0x73, 0x8c, 0x57, 0xad, 0x98, 0xb5,
    0xb8, 0xb5, 0x98, 0xb5, 0x57, 0xad, 0x73, 0x8c, 0x6f, 0x6b, 0xac, 0x52, 0x6c, 0x4a, 0x4b, 0x4a,
    0x4b, 0x4a, 0x4b, 0x4a, 0x2b, 0x42, 0x0a, 0x42, 0x0a, 0x42, 0xc9, 0x39, 0x41, 0x08, 0x00, 0x00,
    0x00, 0x00, 0x00, 0x00, 0x00, 0x00, 0x00, 0x00, 0x00, 0x00, 0x82, 0x10, 0x4f, 0x6b, 0x4f, 0x6b,
    0x4f, 0x6b, 0x0e, 0x63, 0xad, 0x52, 0x4b, 0x42, 0x4f, 0x63, 0xb4, 0x94, 0x77, 0xad, 0x98, 0xb5,
    0xb8, 0xb5, 0xb8, 0xb5, 0x77, 0xad, 0xd5, 0x94, 0x90, 0x73, 0xcd, 0x5a, 0x6c, 0x4a, 0x4b, 0x4a,
    0x4b, 0x4a, 0x4b, 0x4a, 0x2b, 0x42, 0x0a, 0x42, 0x0a, 0x42, 0xc9, 0x39, 0x21, 0x00, 0x00, 0x00,
    0x00, 0x00, 0x00, 0x00, 0x00, 0x00, 0x00, 0x00, 0x00, 0x00, 0x82, 0x10, 0x4f, 0x6b, 0x4f, 0x6b,
    0x4f, 0x6b, 0xed, 0x5a, 0x6c, 0x4a, 0x8c, 0x4a, 0xb1, 0x73, 0x36, 0xa5, 0x98, 0xb5, 0x98, 0xb5,
    0xb8, 0xb5, 0xb8, 0xb5, 0x98, 0xb5, 0x36, 0xa5, 0xf1, 0x7b, 0xed, 0x5a, 0x6c, 0x4a, 0x4b, 0x4a,
    0x4b, 0x4a, 0x4b, 0x4a, 0x2b, 0x42, 0x0a, 0x42, 0x0a, 0x42, 0xc9, 0x39, 0x20, 0x00, 0x00, 0x00,
    0x00, 0x00, 0x00, 0x00, 0x00, 0x00, 0x00, 0x00, 0x00, 0x00, 0xe4, 0x18, 0x4f, 0x6b, 0x4f, 0x6b,
    0x4f, 0x6b, 0x0e, 0x63, 0x2b, 0x42, 0x8c, 0x4a, 0x73, 0x8c, 0x98, 0xb5, 0x98, 0xb5, 0x98, 0xb5,
    0xb8, 0xb5, 0xb8, 0xb5, 0x98, 0xb5, 0x98, 0xb5, 0x94, 0x94, 0xed, 0x5a, 0x6c, 0x4a, 0x4b, 0x4a,
    0x4b, 0x4a, 0x2b, 0x42, 0x2b, 0x42, 0x0a, 0x42, 0xea, 0x39, 0xa9, 0x31, 0x00, 0x00, 0x00, 0x00,
    0x00, 0x00, 0x00, 0x00, 0x00, 0x00, 0x00, 0x00, 0x00, 0x00, 0x87, 0x31, 0x4f, 0x6b, 0x4f, 0x6b,
    0x4f, 0x6b, 0xee, 0x5a, 0x0a, 0x3a, 0xee, 0x5a, 0x36, 0xa5, 0xb8, 0xb5, 0x98, 0xb5, 0x98, 0xb5,
    0xb8, 0xb5, 0xb8, 0xb5, 0x98, 0xb5, 0x98, 0xb5, 0x36, 0xa5, 0x4f, 0x6b, 0x4b, 0x42, 0x4b, 0x4a,
    0x4b, 0x4a, 0x2b, 0x42, 0x2b, 0x42, 0x0a, 0x42, 0xea, 0x39, 0x88, 0x31, 0x00, 0x00, 0x00, 0x00,
    0x00, 0x00, 0x00, 0x00, 0x00, 0x00, 0x00, 0x00, 0x00, 0x00, 0x6b, 0x4a, 0x4f, 0x6b, 0x4f, 0x6b,
    0x4f, 0x6b, 0xed, 0x5a, 0x2b, 0x42, 0x90, 0x73, 0x98, 0xb5, 0xb8, 0xb5, 0x98, 0xb5, 0x98, 0xb5,
    0xb8, 0xb5, 0xb8, 0xb5, 0x98, 0xb5, 0x98, 0xb5, 0x98, 0xb5, 0xd1, 0x7b, 0x6c, 0x4a, 0x4b, 0x4a,
    0x4b, 0x4a, 0x2b, 0x42, 0x2b, 0x42, 0x0a, 0x42, 0xea, 0x39, 0x46, 0x29, 0x00, 0x00, 0x00, 0x00,
    0x00, 0x00, 0x00, 0x00, 0x00, 0x00, 0x00, 0x00, 0x00, 0x00, 0x0e, 0x63, 0x4f, 0x6b, 0x4f, 0x6b,
    0x4f, 0x6b, 0xcd, 0x5a, 0x8c, 0x4a, 0x53, 0x8c, 0xb8, 0xb5, 0xb8, 0xb5, 0x98, 0xb5, 0x98, 0xb5,
    0xb8, 0xb5, 0xb8, 0xb5, 0x98, 0xb5, 0x98, 0xb5, 0xb8, 0xb5, 0x94, 0x94, 0xcd, 0x52, 0x4b, 0x4a,
    0x4b, 0x4a, 0x2b, 0x42, 0x2b, 0x42, 0xea, 0x39, 0xea, 0x39, 0x82, 0x10, 0x00, 0x00, 0x00, 0x00,
    0x00, 0x00, 0x00, 0x00, 0x00, 0x00, 0x00, 0x00, 0x41, 0x08, 0x4f, 0x6b, 0x4f, 0x6b, 0x4f, 0x6b,
    0x4f, 0x6b, 0xcd, 0x5a, 0xad, 0x52, 0x16, 0xa5, 0xb8, 0xb5, 0xb8, 0xb5, 0x98, 0xb5, 0x98, 0xb5,
    0xb8, 0xb5, 0xb8, 0xb5, 0x98, 0xb5, 0x98, 0xb5, 0xb8, 0xb5, 0x36, 0xa5, 0xed, 0x5a, 0x4b, 0x4a,
    0x4b, 0x4a, 0x2b, 0x42, 0x0a, 0x42, 0xea, 0x39, 0xe9, 0x39, 0x00, 0x00, 0x00, 0x00, 0x00, 0x00,
    0x00, 0x00, 0x00, 0x00, 0x00, 0x00, 0x00, 0x00, 0x66, 0x29, 0x4f, 0x6b, 0x4f, 0x6b, 0x4f, 0x6b,
    0x4f, 0x6b, 0xed, 0x5a, 0x4f, 0x63, 0x97, 0xb5, 0xb8, 0xb5, 0xb8, 0xb5, 0x98, 0xb5, 0x98, 0xb5,
    0xb8, 0xb5, 0xb8, 0xb5, 0x98, 0xb5, 0x98, 0xb5, 0xb8, 0xb5, 0x98, 0xb5, 0x6f, 0x6b, 0x2a, 0x42,
    0x4b, 0x4a, 0x2b, 0x42, 0x0a, 0x42, 0xea, 0x39, 0xa8, 0x31, 0x00, 0x00, 0x00, 0x00, 0x00, 0x00,
    0x00, 0x00, 0x00, 0x00, 0x00, 0x00, 0x00, 0x00, 0x4a, 0x4a, 0x4f, 0x6b, 0x4f, 0x6b, 0x4f, 0x6b,
    0x4f, 0x6b, 0x0e, 0x5b, 0x12, 0x84, 0x98, 0xb5, 0xb8, 0xb5, 0xb8, 0xb5, 0x98, 0xb5, 0x98, 0xb5,
    0xb8, 0xb5, 0xb8, 0xb5, 0x98, 0xb5, 0x98, 0xb5, 0xb8, 0xb5, 0xb8, 0xb5, 0x32, 0x84, 0x6b, 0x4a,
    0x4b, 0x4a, 0x2b, 0x42, 0x0a, 0x42, 0xea, 0x39, 0x66, 0x29, 0x00, 0x00, 0x00, 0x00, 0x00, 0x00,
    0x00, 0x00, 0x00, 0x00, 0x00, 0x00, 0x00, 0x00, 0xcd, 0x5a, 0x4f, 0x6b, 0x4f, 0x6b, 0x4f, 0x6b,
    0x4f, 0x6b, 0x2e, 0x63, 0xf5, 0x9c, 0x98, 0xb5, 0xb8, 0xb5, 0xb8, 0xb5, 0x98, 0xb5, 0x98, 0xb5,
    0xb8, 0xb5, 0xb8, 0xb5, 0x98, 0xb5, 0x98, 0xb5, 0xb8, 0xb5, 0xb8, 0xb5, 0xf5, 0x9c, 0x8c, 0x52,
    0x4b, 0x4a, 0x2b, 0x42, 0x0a, 0x42, 0xc9, 0x39, 0xe4, 0x18, 0x00, 0x00, 0x00, 0x00, 0x00, 0x00,
    0x00, 0x00, 0x00, 0x00, 0x00, 0x00, 0x00, 0x00, 0x0e, 0x63, 0x4f, 0x6b, 0x4f, 0x6b, 0x4f, 0x6b,
    0x4f, 0x6b, 0x6f, 0x6b, 0x77, 0xad, 0x98, 0xb5, 0xb8, 0xb5, 0xb8, 0xb5, 0x98, 0xb5, 0x98, 0xb5,
    0xb8, 0xb5, 0xb8, 0xb5, 0x98, 0xb5, 0x98, 0xb5, 0xb8, 0xb5, 0xb8, 0xb5, 0x77, 0xad, 0x0e, 0x63,
    0x4b, 0x4a, 0x2b, 0x42, 0x0a, 0x42, 0xc9, 0x39, 0x82, 0x10, 0x00, 0x00, 0x00, 0x00, 0x00, 0x00,
    0x00, 0x00, 0x00, 0x00, 0x00, 0x00, 0x41, 0x08, 0x2f, 0x63, 0x4f, 0x6b, 0x4f, 0x6b, 0x4f, 0x6b,
    0x2f, 0x63, 0x12, 0x84, 0x98, 0xb5, 0x98, 0xb5, 0xb8, 0xb5, 0xb8, 0xb5, 0x98, 0xb5, 0x98, 0xb5,
    0xb8, 0xb5, 0xb8, 0xb5, 0x98, 0xb5, 0x98, 0xb5, 0xb8, 0xb5, 0xb8, 0xb5, 0x98, 0xb5, 0x90, 0x73,
    0x4b, 0x4a, 0x2b, 0x42, 0x0a, 0x42, 0xc9, 0x39, 0x62, 0x08, 0x00, 0x00, 0x00, 0x00, 0x00, 0x00,
    0x00, 0x00, 0x00, 0x00, 0x00, 0x00, 0x61, 0x08, 0x2f, 0x63, 0x4f, 0x6b, 0x4f, 0x6b, 0x4f, 0x6b,
    0x70, 0x6b, 0x73, 0x8c, 0x98, 0xb5, 0x98, 0xb5, 0xb8, 0xb5, 0xb8, 0xb5, 0x98, 0xb5, 0x98, 0xb5,
    0xb8, 0xb5, 0xb8, 0xb5, 0x98, 0xb5, 0x98, 0xb5, 0xb8, 0xb5, 0xb8, 0xb5, 0x98, 0xb5, 0x32, 0x84,
    0x8c, 0x52, 0x2b, 0x42, 0x0a, 0x42, 0xc9, 0x39, 0x82, 0x10, 0x00, 0x00, 0x00, 0x00, 0x00, 0x00,
    0x00, 0x00, 0x00, 0x00, 0x00, 0x00, 0x41, 0x08, 0x2f, 0x63, 0x4f, 0x6b, 0x4f, 0x6b, 0x4f, 0x6b,
    0x4f, 0x63, 0xd5, 0x9c, 0x98, 0xb5, 0x98, 0xb5, 0xb8, 0xb5, 0xb8, 0xb5, 0x98, 0xb5, 0x98, 0xb5,
    0xb8, 0xb5, 0xb8, 0xb5, 0x98, 0xb5, 0x98, 0xb5, 0xb8, 0xb5, 0xb8, 0xb5, 0x98, 0xb5, 0x94, 0x94,
    0xac, 0x52, 0x2b, 0x42, 0x0a, 0x42, 0xc9, 0x39, 0xe4, 0x18, 0x00, 0x00, 0x00, 0x00, 0x00, 0x00,
    0x00, 0x00, 0x00, 0x00, 0x00, 0x00, 0x00, 0x00, 0x0e, 0x63, 0x4f, 0x6b, 0x4f, 0x6b, 0x4f, 0x6b,
    0x70, 0x6b, 0xf5, 0x9c, 0x98, 0xb5, 0x98, 0xb5, 0xb8, 0xb5, 0xb8, 0xb5, 0x98, 0xb5, 0x98, 0xb5,
    0xb8, 0xb5, 0xb8, 0xb5, 0x98, 0xb5, 0x98, 0xb5, 0xb8, 0xb5, 0xb8, 0xb5, 0x98, 0xb5, 0xb4, 0x94,
    0xac, 0x52, 0x2b, 0x42, 0x0a, 0x42, 0xea, 0x39, 0x66, 0x29, 0x00, 0x00, 0x00, 0x00, 0x00, 0x00,
    0x00, 0x00, 0x00, 0x00, 0x00, 0x00, 0x00, 0x00, 0xcd, 0x5a, 0x4f, 0x6b, 0x4f, 0x6b, 0x4f, 0x6b,
    0x90, 0x73, 0xd5, 0x9c, 0x98, 0xb5, 0x98, 0xb5, 0xb8, 0xb5, 0xb8, 0xb5, 0x98, 0xb5, 0x98, 0xb5,
    0xb8, 0xb5, 0xb8, 0xb5, 0x98, 0xb5, 0x98, 0xb5, 0xb8, 0xb5, 0xb8, 0xb5, 0x98, 0xb5, 0xb4, 0x94,
    0xac, 0x52, 0x2b, 0x42, 0x0a, 0x42, 0xea, 0x39, 0xa8, 0x31, 0x00, 0x00, 0x00, 0x00, 0x00, 0x00,
    0x00, 0x00, 0x00, 0x00, 0x00, 0x00, 0x00, 0x00, 0x2a, 0x42, 0x4f, 0x6b, 0x4f, 0x6b, 0x4f, 0x6b,
    0x6f, 0x6b, 0xb4, 0x94, 0x98, 0xb5, 0x98, 0xb5, 0xb8, 0xb5, 0xb8, 0xb5, 0x98, 0xb5, 0x98, 0xb5,
    0xb8, 0xb5, 0xb8, 0xb5, 0x98, 0xb5, 0x98, 0xb5, 0xb8, 0xb5, 0xb8, 0xb5, 0x98, 0xb5, 0x73, 0x8c,
    0xac, 0x52, 0x2b, 0x42, 0x0a, 0x42, 0xea, 0x39, 0xea, 0x39, 0x00, 0x00, 0x00, 0x00, 0x00, 0x00,
    0x00, 0x00, 0x00, 0x00, 0x00, 0x00, 0x00, 0x00, 0x45, 0x29, 0x4f, 0x6b, 0x4f, 0x6b, 0x4f, 0x6b,
    0x90, 0x73, 0x32, 0x84, 0x98, 0xb5, 0x98, 0xb5, 0xb8, 0xb5, 0xb8, 0xb5, 0x98, 0xb5, 0x98, 0xb5,
    0xb8, 0xb5, 0xb8, 0xb5, 0x98, 0xb5, 0x98, 0xb5, 0xb8, 0xb5, 0xb8, 0xb5, 0x98, 0xb5, 0xd1, 0x7b,
    0xac, 0x52, 0x2b, 0x42, 0x0a, 0x42, 0xea, 0x39, 0xea, 0x39, 0xa3, 0x10, 0x00, 0x00, 0x00, 0x00,
    0x00, 0x00, 0x00, 0x00, 0x00, 0x00, 0x00, 0x00, 0x41, 0x08, 0x4f, 0x6b, 0x4f, 0x6b, 0x4f, 0x6b,
    0x4f, 0x6b, 0xb0, 0x73, 0x57, 0xad, 0x98, 0xb5, 0xb8, 0xb5, 0xb8, 0xb5, 0x98, 0xb5, 0x98, 0xb5,
    0xb8, 0xb5, 0xb8, 0xb5, 0x98, 0xb5, 0x98, 0xb5, 0xb8, 0xb5, 0xb8, 0xb5, 0x36, 0xa5, 0x2e, 0x63,
    0x4b, 0x4a, 0x2b, 0x42, 0x2b, 0x42, 0x0a, 0x42, 0xea, 0x39, 0x46, 0x29, 0x00, 0x00, 0x00, 0x00,
    0x00, 0x00, 0x00, 0x00, 0x00, 0x00, 0x00, 0x00, 0x00, 0x00, 0xee, 0x5a, 0x4f, 0x6b, 0x4f, 0x6b,
    0x4f, 0x6b, 0x4f, 0x6b, 0x94, 0x94, 0x98, 0xb5, 0xb8, 0xb5, 0xb8, 0xb5, 0x98, 0xb5, 0x98, 0xb5,
    0xb8, 0xb5, 0xb8, 0xb5, 0x98, 0xb5, 0x98, 0xb5, 0xb8, 0xb5, 0x98, 0xb5, 0x73, 0x8c, 0xac, 0x52,
    0x4b, 0x4a, 0x2b, 0x42, 0x2b, 0x42, 0x0a, 0x42, 0xea, 0x39, 0x88, 0x31, 0x00, 0x00, 0x00, 0x00,
    0x00, 0x00, 0x00, 0x00, 0x00, 0x00, 0x00, 0x00, 0x20, 0x00, 0xcd, 0x5a, 0xee, 0x5a, 0xee, 0x5a,
    0xcd, 0x5a, 0xd1, 0x7b, 0xb8, 0xb5, 0x98, 0xb5, 0x98, 0xb5, 0xb8, 0xb5, 0xb8, 0xb5, 0x98, 0xb5,
    0x98, 0xb5, 0xb8, 0xb5, 0xb8, 0xb5, 0x98, 0xb5, 0x98, 0xb5, 0xb8, 0xb5, 0xb8, 0xb5, 0x4f, 0x6b,
    0xea, 0x39, 0xea, 0x39, 0xea, 0x39, 0xc9, 0x39, 0xa8, 0x31, 0x00, 0x00, 0x00, 0x00, 0x00, 0x00,
    0x00, 0x00, 0x00, 0x00, 0x00, 0x00, 0x00, 0x00, 0xe4, 0x18, 0xcd, 0x5a, 0xee, 0x5a, 0xcd, 0x5a,
    0x8c, 0x4a, 0x12, 0x84, 0xb8, 0xb5, 0x98, 0xb5, 0x98, 0xb5, 0xb8, 0xb5, 0xb8, 0xb5, 0x98, 0xb5,
    0x98, 0xb5, 0xb8, 0xb5, 0xb8, 0xb5, 0x98, 0xb5, 0x98, 0xb5, 0xb8, 0xb5, 0xb8, 0xb5, 0xb0, 0x73,
    0xc9, 0x31, 0xea, 0x39, 0xea, 0x39, 0xc9, 0x39, 0x46, 0x29, 0x00, 0x00, 0x00, 0x00, 0x00, 0x00,
    0x00, 0x00, 0x00, 0x00, 0x00, 0x00, 0x00, 0x00, 0xa8, 0x31, 0xcd, 0x5a, 0xee, 0x5a, 0xcd, 0x5a,
    0x8c, 0x4a, 0x53, 0x8c, 0xb8, 0xb5, 0x98, 0xb5, 0x98, 0xb5, 0xb8, 0xb5, 0xb8, 0xb5, 0x98, 0xb5,
    0x98, 0xb5, 0xb8, 0xb5, 0xb8, 0xb5, 0x98, 0xb5, 0x98, 0xb5, 0xb8, 0xb5, 0xb8, 0xb5, 0x12, 0x84,
    0xea, 0x39, 0xea, 0x39, 0xea, 0x39, 0xc9, 0x39, 0xe4, 0x18, 0x00, 0x00, 0x00, 0x00, 0x00, 0x00,
    0x00, 0x00, 0x00, 0x00, 0x00, 0x00, 0x00, 0x00, 0x2a, 0x42, 0xee, 0x5a, 0xee, 0x5a, 0xcd, 0x5a,
    0xcd, 0x52, 0xb4, 0x94, 0xb8, 0xb5, 0x98, 0xb5, 0x98, 0xb5, 0xb8, 0xb5, 0xb8, 0xb5, 0x98, 0xb5,
    0x98, 0xb5, 0xb8, 0xb5, 0xb8, 0xb5, 0x98, 0xb5, 0x98, 0xb5, 0xb8, 0xb5, 0xb8, 0xb5, 0x73, 0x8c,
    0x0a, 0x3a, 0xea, 0x39, 0xea, 0x39, 0xc9, 0x39, 0x62, 0x08, 0x00, 0x00, 0x00, 0x00, 0x00, 0x00,
    0x00, 0x00, 0x00, 0x00, 0x00, 0x00, 0x00, 0x00, 0x6b, 0x4a, 0xee, 0x5a, 0xee, 0x5a, 0xcd, 0x5a,
    0x0e, 0x5b, 0xf5, 0x9c, 0xb8, 0xb5, 0x98, 0xb5, 0x98, 0xb5, 0xb8, 0xb5, 0xb8, 0xb5, 0x98, 0xb5,
    0x98, 0xb5, 0xb8, 0xb5, 0xb8, 0xb5, 0x98, 0xb5, 0x98, 0xb5, 0xb8, 0xb5, 0xb8, 0xb5, 0xd5, 0x9c,
    0x6b, 0x4a, 0xea, 0x39, 0xea, 0x39, 0xc9, 0x39, 0x00, 0x00, 0x00, 0x00, 0x00, 0x00, 0x00, 0x00,
    0x00, 0x00, 0x00, 0x00, 0x00, 0x00, 0x00, 0x00, 0x6c, 0x4a, 0xcd, 0x5a, 0xcd, 0x5a, 0xcd, 0x5a,
    0xee, 0x5a, 0x36, 0xa5, 0xb8, 0xb5, 0x98, 0xb5, 0x98, 0xb5, 0xb8, 0xb5, 0xb8, 0xb5, 0x98, 0xb5,
    0x98, 0xb5, 0xb8, 0xb5, 0xb8, 0xb5, 0x98, 0xb5, 0x98, 0xb5, 0xb8, 0xb5, 0xb8, 0xb5, 0x15, 0xa5,
    0x4b, 0x42, 0xea, 0x39, 0xea, 0x39, 0xc9, 0x39, 0x00, 0x00, 0x00, 0x00, 0x00, 0x00, 0x00, 0x00,
    0x00, 0x00, 0x00, 0x00, 0x00, 0x00, 0x00, 0x00, 0x6c, 0x4a, 0xcd, 0x5a, 0xcd, 0x5a, 0xcd, 0x5a,
    0x0e, 0x5b, 0x36, 0xa5, 0xb8, 0xb5, 0x98, 0xb5, 0x98, 0xb5, 0xb8, 0xb5, 0xb8, 0xb5, 0x98, 0xb5,
    0x98, 0xb5, 0xb8, 0xb5, 0xb8, 0xb5, 0x98, 0xb5, 0x98, 0xb5, 0xb8, 0xb5, 0xb8, 0xb5, 0x16, 0xa5,
    0x6c, 0x4a, 0xea, 0x39, 0xea, 0x39, 0xc9, 0x39, 0x20, 0x00, 0x00, 0x00, 0x00, 0x00, 0x00, 0x00,
    0x00, 0x00, 0x00, 0x00, 0x00, 0x00, 0x00, 0x00, 0x6b, 0x4a, 0xcd, 0x5a, 0xcd, 0x5a, 0xad, 0x52,
    0x0e, 0x63, 0x56, 0xa5, 0xb8, 0xb5, 0x98, 0xb5, 0x98, 0xb5, 0xb8, 0xb5, 0xb8, 0xb5, 0x98, 0xb5,
    0x98, 0xb5, 0xb8, 0xb5, 0xb8, 0xb5, 0x98, 0xb5, 0x98, 0xb5, 0xb8, 0xb5, 0xb8, 0xb5, 0x36, 0xa5,
    0x8c, 0x52, 0xea, 0x39, 0xea, 0x39, 0xc9, 0x39, 0xa3, 0x10, 0x00, 0x00, 0x00, 0x00, 0x00, 0x00,
    0x00, 0x00, 0x00, 0x00, 0x00, 0x00, 0x00, 0x00, 0x2a, 0x42, 0xcd, 0x5a, 0xcd, 0x5a, 0xad, 0x52,
    0x0e, 0x63, 0x36, 0xa5, 0xb8, 0xb5, 0x98, 0xb5, 0x98, 0xb5, 0xb8, 0xb5, 0xb8, 0xb5, 0x98, 0xb5,
    0x98, 0xb5, 0xb8, 0xb5, 0xb8, 0xb5, 0x98, 0xb5, 0x98, 0xb5, 0xb8, 0xb5, 0xb8, 0xb5, 0x16, 0xa5,
    0x8c, 0x52, 0x0a, 0x42, 0xea, 0x39, 0xc9, 0x39, 0x25, 0x21, 0x00, 0x00, 0x00, 0x00, 0x00, 0x00,
    0x00, 0x00, 0x00, 0x00, 0x00, 0x00, 0x00, 0x00, 0xa8, 0x31, 0xcd, 0x5a, 0xcd, 0x5a, 0xad, 0x52,
    0x0e, 0x5b, 0x16, 0xa5, 0xb8, 0xb5, 0x98, 0xb5, 0x98, 0xb5, 0xb8, 0xb5, 0xb8, 0xb5, 0x98, 0xb5,
    0x98, 0xb5, 0xb8, 0xb5, 0xb8, 0xb5, 0x98, 0xb5, 0x98, 0xb5, 0xb8, 0xb5, 0xb8, 0xb5, 0xf5, 0x9c,
    0x8c, 0x4a, 0xea, 0x39, 0xea, 0x39, 0xc9, 0x39, 0x87, 0x31, 0x00, 0x00, 0x00, 0x00, 0x00, 0x00,
    0x00, 0x00, 0x00, 0x00, 0x00, 0x00, 0x00, 0x00, 0x04, 0x21, 0xad, 0x52, 0xad, 0x52, 0xad, 0x52,
    0xed, 0x5a, 0xf5, 0x9c, 0xb8, 0xb5, 0x98, 0xb5, 0x98, 0xb5, 0xb8, 0xb5, 0xb8, 0xb5, 0x98, 0xb5,
    0x98, 0xb5, 0xb8, 0xb5, 0xb8, 0xb5, 0x98, 0xb5, 0x98, 0xb5, 0xb8, 0xb5, 0xb8, 0xb5, 0xd5, 0x9c,
    0x6c, 0x4a, 0xea, 0x39, 0xea, 0x39, 0xc9, 0x39, 0xa9, 0x31, 0x00, 0x00, 0x00, 0x00, 0x00, 0x00,
    0x00, 0x00, 0x00, 0x00, 0x00, 0x00, 0x00, 0x00, 0x20, 0x00, 0xad, 0x52, 0xad, 0x52, 0xad, 0x52,
    0xcd, 0x5a, 0xd5, 0x9c, 0xb8, 0xb5, 0x98, 0xb5, 0x98, 0xb5, 0xb8, 0xb5, 0xb8, 0xb5, 0x98, 0xb5,
    0x98, 0xb5, 0xb8, 0xb5, 0xb8, 0xb5, 0x98, 0xb5, 0x98, 0xb5, 0xb8, 0xb5, 0xb8, 0xb5, 0xb4, 0x94,
    0x6b, 0x4a, 0xea, 0x39, 0xea, 0x39, 0xc9, 0x39, 0xc9, 0x39, 0x41, 0x08, 0x00, 0x00, 0x00, 0x00,
    0x00, 0x00, 0x00, 0x00, 0x00, 0x00, 0x00, 0x00, 0x00, 0x00, 0x4b, 0x4a, 0xad, 0x52, 0xad, 0x52,
    0xcd, 0x5a, 0xd5, 0x9c, 0xb8, 0xb5, 0x98, 0xb5, 0x98, 0xb5, 0xb8, 0xb5, 0xb8, 0xb5, 0x98, 0xb5,
    0x98, 0xb5, 0xb8, 0xb5, 0xb8, 0xb5, 0x98, 0xb5, 0x98, 0xb5, 0xb8, 0xb5, 0xb8, 0xb5, 0x94, 0x94,
    0x4b, 0x42, 0xea, 0x39, 0xea, 0x39, 0xc9, 0x39, 0xc9, 0x39, 0x05, 0x21, 0x00, 0x00, 0x00, 0x00,
    0x00, 0x00, 0x00, 0x00, 0x00, 0x00, 0x00, 0x00, 0x00, 0x00, 0xc8, 0x39, 0xad, 0x52, 0xad, 0x52,
    0xcd, 0x5a, 0xb4, 0x94, 0xb8, 0xb5, 0x98, 0xb5, 0x98, 0xb5, 0xb8, 0xb5, 0xb8, 0xb5, 0x98, 0xb5,
    0x98, 0xb5, 0xb8, 0xb5, 0xb8, 0xb5, 0x98, 0xb5, 0x98, 0xb5, 0xb8, 0xb5, 0xb8, 0xb5, 0x94, 0x94,
    0x4b, 0x42, 0xea, 0x39, 0xea, 0x39, 0xc9, 0x39, 0xc9, 0x39, 0x67, 0x29, 0x00, 0x00, 0x00, 0x00,
    0x00, 0x00, 0x00, 0x00, 0x00, 0x00, 0x00, 0x00, 0x00, 0x00, 0x05, 0x21, 0xad, 0x52, 0xad, 0x52,
    0xac, 0x52, 0xb4, 0x94, 0xb8, 0xb5, 0x98, 0xb5, 0x98, 0xb5, 0xb8, 0xb5, 0xb8, 0xb5, 0x98, 0xb5,
    0x98, 0xb5, 0xb8, 0xb5, 0xb8, 0xb5, 0x98, 0xb5, 0x98, 0xb5, 0xb8, 0xb5, 0xb8, 0xb5, 0x73, 0x8c,
    0x2b, 0x42, 0xea, 0x39, 0xea, 0x39, 0xc9, 0x39, 0xc9, 0x39, 0xa8, 0x31, 0x00, 0x00, 0x00, 0x00,
    0x00, 0x00, 0x00, 0x00, 0x00, 0x00, 0x00, 0x00, 0x00, 0x00, 0x41, 0x08, 0xad, 0x52, 0xad, 0x52,
    0xcd, 0x5a, 0x94, 0x94, 0xb8, 0xb5, 0x98, 0xb5, 0x98, 0xb5, 0xb8, 0xb5, 0xb8, 0xb5, 0x98, 0xb5,
    0x98, 0xb5, 0xb8, 0xb5, 0xb8, 0xb5, 0x98, 0xb5, 0x98, 0xb5, 0xb8, 0xb5, 0xb8, 0xb5, 0x53, 0x8c,
    0x4b, 0x42, 0xea, 0x39, 0xea, 0x39, 0xc9, 0x39, 0xc9, 0x39, 0xa9, 0x31, 0x00, 0x00, 0x00, 0x00,
    0x00, 0x00, 0x00, 0x00, 0x00, 0x00, 0x00, 0x00, 0x00, 0x00, 0x20, 0x00, 0xad, 0x52, 0xad, 0x52,
    0xcd, 0x52, 0x73, 0x8c, 0xb8, 0xb5, 0x98, 0xb5, 0x98, 0xb5, 0xb8, 0xb5, 0xb8, 0xb5, 0x98, 0xb5,
    0x98, 0xb5, 0xb8, 0xb5, 0xb8, 0xb5, 0x98, 0xb5, 0x98, 0xb5, 0xb8, 0xb5, 0xb8, 0xb5, 0x32, 0x84,
    0x0a, 0x3a, 0xea, 0x39, 0xea, 0x39, 0xc9, 0x39, 0xc9, 0x39, 0xa9, 0x31, 0x00, 0x00, 0x00, 0x00,
    0x00, 0x00, 0x00, 0x00, 0x00, 0x00, 0x00, 0x00, 0x00, 0x00, 0x00, 0x00, 0xad, 0x52, 0xad, 0x52,
    0xad, 0x52, 0x33, 0x84, 0xb8, 0xb5, 0x98, 0xb5, 0x98, 0xb5, 0xb8, 0xb5, 0xb8, 0xb5, 0x98, 0xb5,
    0x98, 0xb5, 0xb8, 0xb5, 0xb8, 0xb5, 0x98, 0xb5, 0x98, 0xb5, 0xb8, 0xb5, 0xb8, 0xb5, 0xf1, 0x7b,
    0xea, 0x39, 0xea, 0x39, 0xea, 0x39, 0xc9, 0x39, 0xc9, 0x39, 0xa9, 0x31, 0x00, 0x00, 0x00, 0x00,
    0x00, 0x00, 0x00, 0x00, 0x00, 0x00, 0x00, 0x00, 0x00, 0x00, 0x00, 0x00, 0xad, 0x52, 0xad, 0x52,
    0x8c, 0x4a, 0xf2, 0x7b, 0xb8, 0xb5, 0x98, 0xb5, 0x98, 0xb5, 0xb8, 0xb5, 0xb8, 0xb5, 0x98, 0xb5,
    0x98, 0xb5, 0xb8, 0xb5, 0xb8, 0xb5, 0x98, 0xb5, 0x98, 0xb5, 0xb8, 0xb5, 0xb8, 0xb5, 0x90, 0x73,
    0xc9, 0x31, 0xea, 0x39, 0xea, 0x39, 0xc9, 0x39, 0xc9, 0x39, 0xa8, 0x31, 0x00, 0x00, 0x00, 0x00,
    0x00, 0x00, 0x00, 0x00, 0x00, 0x00, 0x00, 0x00, 0x00, 0x00, 0x41, 0x08, 0xad, 0x52, 0xad, 0x52,
    0xad, 0x52, 0xb1, 0x73, 0xb8, 0xb5, 0x98, 0xb5, 0x98, 0xb5, 0xb8, 0xb5, 0xb8, 0xb5, 0x98, 0xb5,
    0x98, 0xb5, 0xb8, 0xb5, 0xb8, 0xb5, 0x98, 0xb5, 0x98, 0xb5, 0xb8, 0xb5, 0xb8, 0xb5, 0x4f, 0x6b,
    0xea, 0x39, 0xea, 0x39, 0xea, 0x39, 0xc9, 0x39, 0xc9, 0x39, 0x67, 0x29, 0x00, 0x00, 0x00, 0x00,
    0xa4, 0x08, 0xa4, 0x10, 0xa4, 0x08, 0xa4, 0x08, 0xa4, 0x08, 0xc9, 0x31, 0x98, 0xb5, 0x98, 0xb5,
    0x36, 0xa5, 0xb4, 0x94, 0xb8, 0xb5, 0x98, 0xb5, 0x98, 0xb5, 0xb8, 0xb5, 0xb8, 0xb5, 0x98, 0xb5,
    0x98, 0xb5, 0xb8, 0xb5, 0xb8, 0xb5, 0x98, 0xb5, 0x98, 0xb5, 0xb8, 0xb5, 0xb8, 0xb5, 0x12, 0x84,
    0xd1, 0x7b, 0x12, 0x84, 0x53, 0x8c, 0xb4, 0x94, 0xb4, 0x94, 0x2a, 0x42, 0xa4, 0x08, 0xa4, 0x08,
    0xa4, 0x08, 0xa4, 0x10, 0xa4, 0x08, 0xa4, 0x08, 0xa4, 0x08, 0x2e, 0x63, 0x98, 0xb5, 0x98, 0xb5,
    0x16, 0xa5, 0xb4, 0x94, 0xb8, 0xb5, 0x98, 0xb5, 0x98, 0xb5, 0xb8, 0xb5, 0xb8, 0xb5, 0x98, 0xb5,
    0x98, 0xb5, 0xb8, 0xb5, 0xb8, 0xb5, 0x98, 0xb5, 0x98, 0xb5, 0xb8, 0xb5, 0xb8, 0xb5, 0x12, 0x84,
    0xd1, 0x7b, 0x12, 0x84, 0x53, 0x8c, 0xb5, 0x94, 0xb4, 0x94, 0x46, 0x21, 0xa4, 0x08, 0xa4, 0x08,
    0x00, 0x00, 0x00, 0x00, 0x00, 0x00, 0x00, 0x00, 0x00, 0x00, 0x6b, 0x4a, 0xcd, 0x5a, 0xcd, 0x5a,
    0xad, 0x52, 0xb0, 0x73, 0xb8, 0xb5, 0x98, 0xb5, 0x98, 0xb5, 0xb8, 0xb5, 0xb8, 0xb5, 0x98, 0xb5,
    0x98, 0xb5, 0xb8, 0xb5, 0xb8, 0xb5, 0x98, 0xb5, 0x98, 0xb5, 0xb8, 0xb5, 0xb8, 0xb5, 0x2e, 0x63,
    0xea, 0x39, 0xea, 0x39, 0xea, 0x39, 0xc9, 0x39, 0xa9, 0x31, 0x00, 0x00, 0x00, 0x00, 0x00, 0x00,
    0x00, 0x00, 0x00, 0x00, 0x00, 0x00, 0x00, 0x00, 0x00, 0x00, 0xcd, 0x5a, 0xcd, 0x5a, 0xcd, 0x5a,
    0xad, 0x52, 0xf1, 0x7b, 0x98, 0xb5, 0x98, 0xb5, 0x98, 0xb5, 0xb8, 0xb5, 0x98, 0xb5, 0x98, 0xb5,
    0x98, 0xb5, 0xb8, 0xb5, 0x98, 0xb5, 0x98, 0xb5, 0x98, 0xb5, 0xb8, 0xb5, 0x98, 0xb5, 0x6f, 0x6b,
    0xea, 0x39, 0xea, 0x39, 0xea, 0x39, 0xc9, 0x39, 0x88, 0x31, 0x00, 0x00, 0x00, 0x00, 0x00, 0x00,
    0x00, 0x00, 0x00, 0x00, 0x00, 0x00, 0x00, 0x00, 0xe4, 0x18, 0xcd, 0x5a, 0xee, 0x5a, 0xcd, 0x5a,
    0xac, 0x52, 0x32, 0x84, 0x98, 0xb5, 0x98, 0xb5, 0x97, 0xb5, 0x98, 0xb5, 0x98, 0xb5, 0x98, 0xb5,
    0x97, 0xb5, 0x98, 0xb5, 0x98, 0xb5, 0x98, 0xb5, 0x97, 0xb5, 0x98, 0xb5, 0x98, 0xb5, 0xd1, 0x7b,
    0xc9, 0x31, 0xea, 0x39, 0xea, 0x39, 0xc9, 0x39, 0x26, 0x21, 0x00, 0x00, 0x00, 0x00, 0x00, 0x00,
    0x00, 0x00, 0x00, 0x00, 0x00, 0x00, 0x00, 0x00, 0xa8, 0x31, 0xcd, 0x5a, 0xee, 0x5a, 0xcd, 0x5a,
    0xad, 0x52, 0xb4, 0x94, 0x98, 0xb5, 0x98, 0xb5, 0x97, 0xb5, 0x98, 0xb5, 0x98, 0xb5, 0x98, 0xb5,
    0x97, 0xb5, 0x98, 0xb5, 0x98, 0xb5, 0x98, 0xb5, 0x97, 0xb5, 0x98, 0xb5, 0x98, 0xb5, 0x73, 0x8c,
    0x0a, 0x3a, 0xea, 0x39, 0xea, 0x39, 0xc9, 0x39, 0xa3, 0x10, 0x00, 0x00, 0x00, 0x00, 0x00, 0x00,
    0x00, 0x00, 0x00, 0x00, 0x00, 0x00, 0x00, 0x00, 0x2a, 0x42, 0xee, 0x5a, 0xee, 0x5a, 0xcd, 0x5a,
    0xcd, 0x52, 0x36, 0xa5, 0x98, 0xb5, 0x98, 0xb5, 0x98, 0xb5, 0xb8, 0xb5, 0x98, 0xb5, 0x98, 0xb5,
    0x98, 0xb5, 0xb8, 0xb5, 0x98, 0xb5, 0x98, 0xb5, 0x98, 0xb5, 0xb8, 0xb5, 0x98, 0xb5, 0x16, 0xa5,
    0x2b, 0x42, 0xea, 0x39, 0xea, 0x39, 0xc9, 0x39, 0x21, 0x00, 0x00, 0x00, 0x00, 0x00, 0x00, 0x00,
    0x21, 0x21, 0x22, 0x21, 0x21, 0x21, 0x21, 0x21, 0x56, 0xad, 0x1a, 0xc6, 0x1a, 0xc6, 0xd9, 0xbd,
    0xf5, 0x9c, 0x98, 0xb5, 0xb8, 0xb5, 0x98, 0xb5, 0x98, 0xb5, 0xb8, 0xb5, 0xb8, 0xb5, 0x98, 0xb5,
    0x98, 0xb5, 0xb8, 0xb5, 0xb8, 0xb5, 0x98, 0xb5, 0x98, 0xb5, 0xb8, 0xb5, 0xb8, 0xb5, 0x97, 0xb5,
    0x12, 0x84, 0x94, 0x94, 0x36, 0xa5, 0x57, 0xad, 0x42, 0x21, 0x22, 0x21, 0x21, 0x21, 0x21, 0x21,
    0x21, 0x21, 0x22, 0x21, 0x21, 0x21, 0x62, 0x29, 0x98, 0xb5, 0x1a, 0xc6, 0x1a, 0xc6, 0xd9, 0xbd,
    0xd5, 0x9c, 0xb8, 0xb5, 0xb8, 0xb5, 0x98, 0xb5, 0x98, 0xb5, 0xb8, 0xb5, 0xb8, 0xb5, 0x98, 0xb5,
    0x98, 0xb5, 0xb8, 0xb5, 0xb8, 0xb5, 0x98, 0xb5, 0x98, 0xb5, 0xb8, 0xb5, 0xb8, 0xb5, 0x98, 0xb5,
    0x52, 0x84, 0x94, 0x94, 0x36, 0xa5, 0x57, 0xad, 0x41, 0x21, 0x22, 0x21, 0x21, 0x21, 0x21, 0x21,
    0x21, 0x21, 0x22, 0x21, 0x21, 0x21, 0x62, 0x29, 0xb8, 0xb5, 0x1a, 0xc6, 0x1a, 0xc6, 0xb8, 0xb5,
    0xf5, 0x9c, 0xb8, 0xb5, 0xb8, 0xb5, 0x98, 0xb5, 0x98, 0xb5, 0xb8, 0xb5, 0xb8, 0xb5, 0x98, 0xb5,
    0x98, 0xb5, 0xb8, 0xb5, 0xb8, 0xb5, 0x98, 0xb5, 0x98, 0xb5, 0xb8, 0xb5, 0xb8, 0xb5, 0x98, 0xb5,
    0x73, 0x8c, 0x94, 0x94, 0x36, 0xa5, 0x57, 0xad, 0x62, 0x29, 0x22, 0x21, 0x21, 0x21, 0x21, 0x21,
    0x21, 0x21, 0x22, 0x21, 0x21, 0x21, 0x41, 0x21, 0x97, 0xb5, 0x1a, 0xc6, 0x1a, 0xc6, 0xb8, 0xb5,
    0x16, 0xa5, 0xb8, 0xb5, 0xb8, 0xb5, 0x98, 0xb5, 0x98, 0xb5, 0xb8, 0xb5, 0xb8, 0xb5, 0x98, 0xb5,
    0x98, 0xb5, 0xb8, 0xb5, 0xb8, 0xb5, 0x98, 0xb5, 0x98, 0xb5, 0xb8, 0xb5, 0xb8, 0xb5, 0x98, 0xb5,
    0xb4, 0x94, 0x94, 0x94, 0x36, 0xa5, 0x57, 0xad, 0xa4, 0x31, 0x22, 0x21, 0x21, 0x21, 0x21, 0x21,
    0x00, 0x00, 0x00, 0x00, 0x00, 0x00, 0x00, 0x00, 0x4b, 0x4a, 0xee, 0x5a, 0xee, 0x5a, 0xed, 0x5a,
    0x53, 0x84, 0xb8, 0xb5, 0xb8, 0xb5, 0x98, 0xb5, 0x98, 0xb5, 0xb8, 0xb5, 0xb8, 0xb5, 0x98, 0xb5,
    0x98, 0xb5, 0xb8, 0xb5, 0xb8, 0xb5, 0x98, 0xb5, 0x98, 0xb5, 0xb8, 0xb5, 0xb8, 0xb5, 0x98, 0xb5,
    0x12, 0x7c, 0x2b, 0x42, 0xea, 0x39, 0xc9, 0x39, 0x05, 0x21, 0x00, 0x00, 0x00, 0x00, 0x00, 0x00,
    0x00, 0x00, 0x00, 0x00, 0x00, 0x00, 0x00, 0x00, 0xe9, 0x39, 0xcd, 0x5a, 0xcd, 0x5a, 0xed, 0x5a,
    0x32, 0x84, 0xb8, 0xb5, 0xb8, 0xb5, 0x98, 0xb5, 0x98, 0xb5, 0xb8, 0xb5, 0xb8, 0xb5, 0x98, 0xb5,
    0x98, 0xb5, 0xb8, 0xb5, 0xb8, 0xb5, 0x98, 0xb5, 0x98, 0xb5, 0xb8, 0xb5, 0xb8, 0xb5, 0x98, 0xb5,
    0xf1, 0x7b, 0x2b, 0x42, 0xea, 0x39, 0xc9, 0x39, 0x87, 0x31, 0x00, 0x00, 0x00, 0x00, 0x00, 0x00,
    0x00, 0x00, 0x00, 0x00, 0x00, 0x00, 0x00, 0x00, 0x46, 0x29, 0xcd, 0x5a, 0xcd, 0x5a, 0xed, 0x5a,
    0xf1, 0x7b, 0xb8, 0xb5, 0xb8, 0xb5, 0x98, 0xb5, 0x98, 0xb5, 0xb8, 0xb5, 0xb8, 0xb5, 0x98, 0xb5,
    0x98, 0xb5, 0xb8, 0xb5, 0xb8, 0xb5, 0x98, 0xb5, 0x98, 0xb5, 0xb8, 0xb5, 0xb8, 0xb5, 0x98, 0xb5,
    0xb0, 0x73, 0x0a, 0x3a, 0xea, 0x39, 0xc9, 0x39, 0xa9, 0x31, 0x00, 0x00, 0x00, 0x00, 0x00, 0x00,
    0x00, 0x00, 0x00, 0x00, 0x00, 0x00, 0x00, 0x00, 0x82, 0x10, 0xcd, 0x5a, 0xcd, 0x5a, 0xcd, 0x5a,
    0x90, 0x73, 0x98, 0xb5, 0xb8, 0xb5, 0x98, 0xb5, 0x98, 0xb5, 0xb8, 0xb5, 0xb8, 0xb5, 0x98, 0xb5,
    0x98, 0xb5, 0xb8, 0xb5, 0xb8, 0xb5, 0x98, 0xb5, 0x98, 0xb5, 0xb8, 0xb5, 0xb8, 0xb5, 0x77, 0xad,
    0x2f, 0x63, 0x0a, 0x42, 0xea, 0x39, 0xc9, 0x39, 0xc9, 0x39, 0x41, 0x08, 0x00, 0x00, 0x00, 0x00,
    0x00, 0x00, 0x00, 0x00, 0x00, 0x00, 0x00, 0x00, 0x00, 0x00, 0x12, 0x84, 0x53, 0x8c, 0x53, 0x8c,
    0xf2, 0x7b, 0x77, 0xad, 0xb8, 0xb5, 0x98, 0xb5, 0x98, 0xb5, 0xb8, 0xb5, 0xb8, 0xb5, 0x98, 0xb5,
    0x98, 0xb5, 0xb8, 0xb5, 0xb8, 0xb5, 0x98, 0xb5, 0x98, 0xb5, 0xb8, 0xb5, 0xb8, 0xb5, 0x57, 0xad,
    0x4f, 0x6b, 0x2e, 0x63, 0x4f, 0x6b, 0x70, 0x6b, 0x70, 0x6b, 0x66, 0x29, 0x00, 0x00, 0x00, 0x00,
    0x00, 0x00, 0x00, 0x00, 0x00, 0x00, 0x00, 0x00, 0x00, 0x00, 0xed, 0x5a, 0x53, 0x8c, 0x53, 0x8c,
    0xd1, 0x7b, 0x16, 0xa5, 0xb8, 0xb5, 0x98, 0xb5, 0x98, 0xb5, 0xb8, 0xb5, 0xb8, 0xb5, 0x98, 0xb5,
    0x98, 0xb5, 0xb8, 0xb5, 0xb8, 0xb5, 0x98, 0xb5, 0x98, 0xb5, 0xb8, 0xb5, 0xb8, 0xb5, 0xd5, 0x9c,
    0x0e, 0x5b, 0x2e, 0x63, 0x4f, 0x6b, 0x70, 0x6b, 0x70, 0x6b, 0x4a, 0x4a, 0x00, 0x00, 0x00, 0x00,
    0x00, 0x00, 0x00, 0x00, 0x00, 0x00, 0x00, 0x00, 0x00, 0x00, 0x46, 0x29, 0xad, 0x52, 0xad, 0x52,
    0xcd, 0x52, 0x33, 0x84, 0xb8, 0xb5, 0x98, 0xb5, 0x98, 0xb5, 0xb8, 0xb5, 0xb8, 0xb5, 0x98, 0xb5,
    0x98, 0xb5, 0xb8, 0xb5, 0xb8, 0xb5, 0x98, 0xb5, 0x98, 0xb5, 0xb8, 0xb5, 0xb8, 0xb5, 0xf1, 0x7b,
    0x2b, 0x42, 0x0a, 0x42, 0xea, 0x39, 0xc9, 0x39, 0xc9, 0x39, 0xa8, 0x31, 0x00, 0x00, 0x00, 0x00,
    0x00, 0x00, 0x00, 0x00, 0x00, 0x00, 0x00, 0x00, 0x00, 0x00, 0x82, 0x10, 0xad, 0x52, 0xad, 0x52,
    0x8c, 0x4a, 0xb1, 0x73, 0x98, 0xb5, 0x98, 0xb5, 0x98, 0xb5, 0xb8, 0xb5, 0xb8, 0xb5, 0x98, 0xb5,
    0x98, 0xb5, 0xb8, 0xb5, 0xb8, 0xb5, 0x98, 0xb5, 0x98, 0xb5, 0xb8, 0xb5, 0x98, 0xb5, 0x4f, 0x6b,
    0xc9, 0x31, 0xea, 0x39, 0xea, 0x39, 0xc9, 0x39, 0xc9, 0x39, 0xc9, 0x39, 0x00, 0x00, 0x00, 0x00,
    0x00, 0x00, 0x00, 0x00, 0x00, 0x00, 0x00, 0x00, 0x00, 0x00, 0x20, 0x00, 0xad, 0x52, 0xad, 0x52,
    0x8c, 0x52, 0x4f, 0x6b, 0x77, 0xad, 0x98, 0xb5, 0x98, 0xb5, 0xb8, 0xb5, 0xb8, 0xb5, 0x98, 0xb5,
    0x98, 0xb5, 0xb8, 0xb5, 0xb8, 0xb5, 0x98, 0xb5, 0x98, 0xb5, 0xb8, 0xb5, 0x77, 0xad, 0xed, 0x5a,
    0xea, 0x39, 0xea, 0x39, 0xea, 0x39, 0xc9, 0x39, 0xc9, 0x39, 0xc9, 0x39, 0x00, 0x00, 0x00, 0x00,
    0x00, 0x00, 0x00, 0x00, 0x00, 0x00, 0x00, 0x00, 0x00, 0x00, 0x00, 0x00, 0xad, 0x52, 0xad, 0x52,
    0x8c, 0x52, 0x2e, 0x63, 0x56, 0xa5, 0x98, 0xb5, 0x98, 0xb5, 0xb8, 0xb5, 0xb8, 0xb5, 0x98, 0xb5,
    0x98, 0xb5, 0xb8, 0xb5, 0xb8, 0xb5, 0x98, 0xb5, 0x98, 0xb5, 0xb8, 0xb5, 0x36, 0xa5, 0xac, 0x52,
    0xea, 0x39, 0xea, 0x39, 0xea, 0x39, 0xc9, 0x39, 0xc9, 0x39, 0xc9, 0x39, 0x00, 0x00, 0x00, 0x00,
    0x00, 0x00, 0x00, 0x00, 0x00, 0x00, 0x00, 0x00, 0x00, 0x00, 0x00, 0x00, 0xad, 0x52, 0xad, 0x52,
    0x8c, 0x52, 0x0e, 0x5b, 0x36, 0xa5, 0x98, 0xb5, 0x98, 0xb5, 0xb8, 0xb5, 0xb8, 0xb5, 0x98, 0xb5,
    0x98, 0xb5, 0xb8, 0xb5, 0xb8, 0xb5, 0x98, 0xb5, 0x98, 0xb5, 0xb8, 0xb5, 0x16, 0xa5, 0x6b, 0x4a,
    0xea, 0x39, 0xea, 0x39, 0xea, 0x39, 0xc9, 0x39, 0xc9, 0x39, 0xa9, 0x31, 0x00, 0x00, 0x00, 0x00,
    0x00, 0x00, 0x00, 0x00, 0x00, 0x00, 0x00, 0x00, 0x00, 0x00, 0x20, 0x00, 0xad, 0x52, 0xad, 0x52,
    0x8c, 0x52, 0xee, 0x5a, 0x36, 0xa5, 0x98, 0xb5, 0x98, 0xb5, 0xb8, 0xb5, 0xb8, 0xb5, 0x98, 0xb5,
    0x98, 0xb5, 0xb8, 0xb5, 0xb8, 0xb5, 0x98, 0xb5, 0x98, 0xb5, 0xb8, 0xb5, 0x16, 0xa5, 0x4b, 0x42,
    0xea, 0x39, 0xea, 0x39, 0xea, 0x39, 0xc9, 0x39, 0xc9, 0x39, 0x88, 0x31, 0x00, 0x00, 0x00, 0x00,
    0x00, 0x00, 0x00, 0x00, 0x00, 0x00, 0x00, 0x00, 0x00, 0x00, 0xa3, 0x10, 0xad, 0x52, 0xad, 0x52,
    0xad, 0x52, 0xee, 0x5a, 0x36, 0xa5, 0x98, 0xb5, 0x98, 0xb5, 0xb8, 0xb5, 0xb8, 0xb5, 0x98, 0xb5,
    0x98, 0xb5, 0xb8, 0xb5, 0xb8, 0xb5, 0x98, 0xb5, 0x98, 0xb5, 0xb8, 0xb5, 0x36, 0xa5, 0x4b, 0x42,
    0xea, 0x39, 0xea, 0x39, 0xea, 0x39, 0xc9, 0x39, 0xc9, 0x39, 0x46, 0x29, 0x00, 0x00, 0x00, 0x00,
    0x00, 0x00, 0x00, 0x00, 0x00, 0x00, 0x00, 0x00, 0x00, 0x00, 0x66, 0x29, 0xad, 0x52, 0xad, 0x52,
    0xad, 0x52, 0xee, 0x5a, 0x57, 0xad, 0x98, 0xb5, 0x98, 0xb5, 0xb8, 0xb5, 0xb8, 0xb5, 0x98, 0xb5,
    0x98, 0xb5, 0xb8, 0xb5, 0xb8, 0xb5, 0x98, 0xb5, 0x98, 0xb5, 0xb8, 0xb5, 0x57, 0xad, 0x4b, 0x42,
    0xea, 0x39, 0xea, 0x39, 0xea, 0x39, 0xc9, 0x39, 0xc9, 0x39, 0xc3, 0x18, 0x00, 0x00, 0x00, 0x00,
    0x00, 0x00, 0x00, 0x00, 0x00, 0x00, 0x00, 0x00, 0x00, 0x00, 0x2a, 0x42, 0xcd, 0x5a, 0xad, 0x52,
    0xad, 0x52, 0x0e, 0x5b, 0x77, 0xad, 0x98, 0xb5, 0x98, 0xb5, 0xb8, 0xb5, 0xb8, 0xb5, 0x98, 0xb5,
    0x98, 0xb5, 0xb8, 0xb5, 0xb8, 0xb5, 0x98, 0xb5, 0x98, 0xb5, 0xb8, 0xb5, 0x77, 0xad, 0x6c, 0x4a,
    0xea, 0x39, 0xea, 0x39, 0xea, 0x39, 0xc9, 0x39, 0xc9, 0x39, 0x00, 0x00, 0x00, 0x00, 0x00, 0x00,
    0x00, 0x00, 0x00, 0x00, 0x00, 0x00, 0x00, 0x00, 0x00, 0x00, 0x8c, 0x52, 0xcd, 0x5a, 0xad, 0x52,
    0xad, 0x52, 0x4f, 0x6b, 0x98, 0xb5, 0x98, 0xb5, 0x98, 0xb5, 0xb8, 0xb5, 0xb8, 0xb5, 0x98, 0xb5,
    0x98, 0xb5, 0xb8, 0xb5, 0xb8, 0xb5, 0x98, 0xb5, 0x98, 0xb5, 0xb8, 0xb5, 0x98, 0xb5, 0xcd, 0x52,
    0xea, 0x39, 0xea, 0x39, 0xea, 0x39, 0xc9, 0x39, 0x88, 0x31, 0x00, 0x00, 0x00, 0x00, 0x00, 0x00,
    0x00, 0x00, 0x00, 0x00, 0x00, 0x00, 0x00, 0x00, 0xa3, 0x10, 0xcd, 0x5a, 0xcd, 0x5a, 0xcd, 0x5a,
    0xad, 0x52, 0xb1, 0x73, 0xb8, 0xb5, 0x98, 0xb5, 0x98, 0xb5, 0xb8, 0xb5, 0xb8, 0xb5, 0x98, 0xb5,
    0x98, 0xb5, 0xb8, 0xb5, 0xb8, 0xb5, 0x98, 0xb5, 0x98, 0xb5, 0xb8, 0xb5, 0xb8, 0xb5, 0x4f, 0x6b,
    0xc9, 0x39, 0xea, 0x39, 0xea, 0x39, 0xc9, 0x39, 0x26, 0x21, 0x00, 0x00, 0x00, 0x00, 0x00, 0x00,
    0x00, 0x00, 0x00, 0x00, 0x00, 0x00, 0x00, 0x00, 0x67, 0x29, 0xcd, 0x5a, 0xcd, 0x5a, 0xcd, 0x5a,
    0xad, 0x52, 0x73, 0x8c, 0xb8, 0xb5, 0x98, 0xb5, 0x98, 0xb5, 0xb8, 0xb5, 0xb8, 0xb5, 0x98, 0xb5,
    0x98, 0xb5, 0xb8, 0xb5, 0xb8, 0xb5, 0x98, 0xb5, 0x98, 0xb5, 0xb8, 0xb5, 0xb8, 0xb5, 0x12, 0x84,
    0xc9, 0x39, 0xea, 0x39, 0xea, 0x39, 0xc9, 0x39, 0xa3, 0x10, 0x00, 0x00, 0x00, 0x00, 0x00, 0x00,
    0x00, 0x00, 0x00, 0x00, 0x00, 0x00, 0x00, 0x00, 0x09, 0x42, 0xcd, 0x5a, 0xcd, 0x5a, 0xcd, 0x5a,
    0xee, 0x5a, 0x16, 0xa5, 0xb8, 0xb5, 0x98, 0xb5, 0x98, 0xb5, 0xb8, 0xb5, 0xb8, 0xb5, 0x98, 0xb5,
    0x98, 0xb5, 0xb8, 0xb5, 0xb8, 0xb5, 0x98, 0xb5, 0x98, 0xb5, 0xb8, 0xb5, 0xb8, 0xb5, 0xf5, 0x9c,
    0x2a, 0x42, 0xea, 0x39, 0xea, 0x39, 0xc9, 0x39, 0x00, 0x00, 0x00, 0x00, 0x00, 0x00, 0x00, 0x00,
    0x00, 0x00, 0x00, 0x00, 0x00, 0x00, 0x00, 0x00, 0x4b, 0x4a, 0xcd, 0x5a, 0xcd, 0x5a, 0xcd, 0x5a,
    0x0e, 0x5b, 0x77, 0xad, 0x98, 0xb5, 0x98, 0xb5, 0x98, 0xb5, 0xb8, 0xb5, 0x98, 0xb5, 0x98, 0xb5,
    0x98, 0xb5, 0xb8, 0xb5, 0x98, 0xb5, 0x98, 0xb5, 0x98, 0xb5, 0xb8, 0xb5, 0x98, 0xb5, 0x77, 0xad,
    0x6b, 0x4a, 0xea, 0x39, 0xea, 0x39, 0xc9, 0x39, 0x00, 0x00, 0x00, 0x00, 0x00, 0x00, 0x00, 0x00,
    0x00, 0x00, 0x00, 0x00, 0x00, 0x00, 0x00, 0x00, 0x8c, 0x52, 0xee, 0x5a, 0xee, 0x5a, 0xcd, 0x5a,
    0x90, 0x73, 0x98, 0xb5, 0x98, 0xb5, 0x98, 0xb5, 0x97, 0xb5, 0x98, 0xb5, 0x98, 0xb5, 0x98, 0xb5,
    0x97, 0xb5, 0x98, 0xb5, 0x98, 0xb5, 0x98, 0xb5, 0x97, 0xb5, 0x98, 0xb5, 0x98, 0xb5, 0x98, 0xb5,
    0x2f, 0x63, 0xea, 0x39, 0xea, 0x39, 0xc9, 0x39, 0x00, 0x00, 0x00, 0x00, 0x00, 0x00, 0x00, 0x00,
    0x00, 0x00, 0x00, 0x00, 0x00, 0x00, 0x20, 0x00, 0x8c, 0x52, 0xee, 0x5a, 0xee, 0x5a, 0xcd, 0x5a,
    0x32, 0x84, 0x98, 0xb5, 0x98, 0xb5, 0x98, 0xb5, 0x97, 0xb5, 0x98, 0xb5, 0x98, 0xb5, 0x98, 0xb5,
    0x97, 0xb5, 0x98, 0xb5, 0x98, 0xb5, 0x98, 0xb5, 0x97, 0xb5, 0x98, 0xb5, 0x98, 0xb5, 0x97, 0xb5,
    0xf1, 0x7b, 0x0a, 0x3a, 0xea, 0x39, 0xc9, 0x39, 0x00, 0x00, 0x00, 0x00, 0x00, 0x00, 0x00, 0x00,
    0x00, 0x00, 0x00, 0x00, 0x00, 0x00, 0x00, 0x00, 0x8c, 0x52, 0xee, 0x5a, 0xee, 0x5a, 0x0e, 0x63,
    0xb4, 0x94, 0x98, 0xb5, 0x98, 0xb5, 0x98, 0xb5, 0x98, 0xb5, 0x98, 0xb5, 0x98, 0xb5, 0x98, 0xb5,
    0x97, 0xb5, 0x98, 0xb5, 0x98, 0xb5, 0x98, 0xb5, 0x97, 0xb5, 0x98, 0xb5, 0x98, 0xb5, 0x98, 0xb5,
    0x94, 0x8c, 0x6c, 0x4a, 0xea, 0x39, 0xc9, 0x39, 0x21, 0x00, 0x00, 0x00, 0x00, 0x00, 0x00, 0x00,
    0x00, 0x00, 0x00, 0x00, 0x00, 0x00, 0x00, 0x00, 0x6b, 0x4a, 0xee, 0x5a, 0xee, 0x5a, 0x0e, 0x63,
    0x15, 0x9d, 0xb8, 0xb5, 0xb8, 0xb5, 0x98, 0xb5, 0x98, 0xb5, 0xb8, 0xb5, 0xb8, 0xb5, 0x98, 0xb5,
    0x98, 0xb5, 0xb8, 0xb5, 0xb8, 0xb5, 0x98, 0xb5, 0x98, 0xb5, 0xb8, 0xb5, 0xb8, 0xb5, 0x98, 0xb5,
    0xf5, 0x9c, 0x6c, 0x4a, 0xea, 0x39, 0xc9, 0x39, 0xe4, 0x18, 0x00, 0x00, 0x00, 0x00, 0x00, 0x00,
    0x00, 0x00, 0x00, 0x00, 0x00, 0x00, 0x00, 0x00, 0x0a, 0x42, 0xee, 0x5a, 0xee, 0x5a, 0x0e, 0x63,
    0x36, 0xa5, 0xb8, 0xb5, 0xb8, 0xb5, 0x98, 0xb5, 0x98, 0xb5, 0xb8, 0xb5, 0xb8, 0xb5, 0x98, 0xb5,
    0x98, 0xb5, 0xb8, 0xb5, 0xb8, 0xb5, 0x98, 0xb5, 0x98, 0xb5, 0xb8, 0xb5, 0xb8, 0xb5, 0x98, 0xb5,
    0x16, 0xa5, 0x8c, 0x4a, 0xea, 0x39, 0xc9, 0x39, 0x67, 0x29, 0x00, 0x00, 0x00, 0x00, 0x00, 0x00,
    0x00, 0x00, 0x00, 0x00, 0x00, 0x00, 0x00, 0x00, 0x87, 0x31, 0xcd, 0x5a, 0xee, 0x5a, 0x0e, 0x63,
    0x16, 0xa5, 0xb8, 0xb5, 0xb8, 0xb5, 0x98, 0xb5, 0x98, 0xb5, 0xb8, 0xb5, 0xb8, 0xb5, 0x98, 0xb5,
    0x98, 0xb5, 0xb8, 0xb5, 0xb8, 0xb5, 0x98, 0xb5, 0x98, 0xb5, 0xb8, 0xb5, 0xb8, 0xb5, 0x98, 0xb5,
    0x16, 0x9d, 0x8c, 0x4a, 0xea, 0x39, 0xc9, 0x39, 0xa8, 0x31, 0x00, 0x00, 0x00, 0x00, 0x00, 0x00,
    0x00, 0x00, 0x00, 0x00, 0x00, 0x00, 0x00, 0x00, 0xa3, 0x10, 0xcd, 0x5a, 0xee, 0x5a, 0x0e, 0x63,
    0xf5, 0x9c, 0xb8, 0xb5, 0xb8, 0xb5, 0x98, 0xb5, 0x98, 0xb5, 0xb8, 0xb5, 0xb8, 0xb5, 0x98, 0xb5,
    0x98, 0xb5, 0xb8, 0xb5, 0xb8, 0xb5, 0x98, 0xb5, 0x98, 0xb5, 0xb8, 0xb5, 0xb8, 0xb5, 0x98, 0xb5,
    0xd5, 0x9c, 0x6b, 0x4a, 0xea, 0x39, 0xc9, 0x39, 0xc9, 0x39, 0x21, 0x00, 0x00, 0x00, 0x00, 0x00,
    0x00, 0x00, 0x00, 0x00, 0x00, 0x00, 0x00, 0x00, 0x00, 0x00, 0xcd, 0x5a, 0xcd, 0x5a, 0x0e, 0x63,
    0x94, 0x94, 0xb8, 0xb5, 0xb8, 0xb5, 0x98, 0xb5, 0x98, 0xb5, 0xb8, 0xb5, 0xb8, 0xb5, 0x98, 0xb5,
    0x98, 0xb5, 0xb8, 0xb5, 0xb8, 0xb5, 0x98, 0xb5, 0x98, 0xb5, 0xb8, 0xb5, 0xb8, 0xb5, 0x98, 0xb5,
    0x53, 0x8c, 0x4b, 0x4a, 0xea, 0x39, 0xc9, 0x39, 0xc9, 0x39, 0x04, 0x21, 0x00, 0x00, 0x00, 0x00,
    0x00, 0x00, 0x00, 0x00, 0x00, 0x00, 0x00, 0x00, 0x00, 0x00, 0x4b, 0x4a, 0xcd, 0x5a, 0xcd, 0x5a,
    0xf1, 0x7b, 0xb8, 0xb5, 0xb8, 0xb5, 0x98, 0xb5, 0x98, 0xb5, 0xb8, 0xb5, 0xb8, 0xb5, 0x98, 0xb5,
    0x98, 0xb5, 0xb8, 0xb5, 0xb8, 0xb5, 0x98, 0xb5, 0x98, 0xb5, 0xb8, 0xb5, 0xb8, 0xb5, 0x98, 0xb5,
    0x90, 0x73, 0x2a, 0x42, 0xea, 0x39, 0xc9, 0x39, 0xc9, 0x39, 0x67, 0x29, 0x00, 0x00, 0x00, 0x00,
    0x00, 0x00, 0x00, 0x00, 0x00, 0x00, 0x00, 0x00, 0x00, 0x00, 0x0a, 0x42, 0xad, 0x52, 0x8c, 0x52,
    0xac, 0x52, 0xd1, 0x7b, 0x33, 0x84, 0x32, 0x84, 0x32, 0x84, 0x99, 0x64, 0x32, 0x84, 0xf2, 0x7b,
    0xd1, 0x7b, 0xb1, 0x73, 0xd1, 0x7b, 0xd1, 0x7b, 0xd1, 0x7b, 0xd1, 0x7b, 0x99, 0x6c, 0x70, 0x6b,
    0xe9, 0x39, 0xc9, 0x39, 0xea, 0x39, 0xea, 0x39, 0xa3, 0x10, 0x00, 0x00, 0x00, 0x00, 0x00, 0x00,
    0x00, 0x00, 0x00, 0x00, 0x00, 0x00, 0x00, 0x00, 0xb5, 0x4b, 0x4b, 0x4a, 0xad, 0x52, 0x8c, 0x52,
    0xac, 0x52, 0xf2, 0x7b, 0x53, 0x8c, 0x53, 0x8c, 0x33, 0x84, 0x99, 0x64, 0x53, 0x8c, 0x12, 0x84,
    0xd1, 0x7b, 0xd1, 0x7b, 0xf1, 0x7b, 0xf1, 0x7b, 0xf1, 0x7b, 0xd1, 0x7b, 0x99, 0x6c, 0x90, 0x73,
    0x0a, 0x42, 0xc9, 0x39, 0xea, 0x39, 0xea, 0x39, 0x21, 0x00, 0x00, 0x00, 0x00, 0x00, 0x00, 0x00,
    0x00, 0x00, 0x00, 0x00, 0x00, 0x00, 0x00, 0x00, 0xa2, 0x10, 0x6c, 0x4a, 0xad, 0x52, 0x8c, 0x52,
    0xcd, 0x5a, 0x32, 0x84, 0x53, 0x8c, 0x53, 0x8c, 0x53, 0x8c, 0x99, 0x64, 0x53, 0x8c, 0x12, 0x84,
    0xf1, 0x7b, 0xd1, 0x7b, 0x99, 0x6c, 0x12, 0x84, 0x12, 0x84, 0xf1, 0x7b, 0xf1, 0x7b, 0xd1, 0x7b,
    0x4b, 0x4a, 0xc9, 0x39, 0xea, 0x39, 0xc9, 0x39, 0x00, 0x00, 0x00, 0x00, 0x00, 0x00, 0x00, 0x00,
    0x00, 0x00, 0x00, 0x00, 0x00, 0x00, 0x00, 0x00, 0x05, 0x21, 0x8c, 0x52, 0xad, 0x52, 0x8c, 0x52,
    0x2e, 0x63, 0x99, 0x6c, 0x73, 0x8c, 0x73, 0x8c, 0x53, 0x8c, 0x99, 0x6c, 0x73, 0x8c, 0x32, 0x84,
    0x12, 0x84, 0xf1, 0x7b, 0x99, 0x6c, 0x32, 0x84, 0x12, 0x84, 0x12, 0x84, 0x12, 0x84, 0xf1, 0x7b,
    0x38, 0x5c, 0xc9, 0x39, 0xea, 0x39, 0xc9, 0x39, 0x00, 0x00, 0x00, 0x00, 0x00, 0x00, 0x00, 0x00,
    0x00, 0x00, 0x00, 0x00, 0x00, 0x00, 0xd6, 0x53, 0x66, 0x29, 0x8c, 0x52, 0x8c, 0x52, 0x8c, 0x52,
    0x90, 0x73, 0x53, 0x8c, 0x74, 0x8c, 0x74, 0x8c, 0x73, 0x8c, 0x99, 0x6c, 0x74, 0x8c, 0x53, 0x8c,
    0x32, 0x84, 0x12, 0x84, 0x99, 0x6c, 0x53, 0x8c, 0x32, 0x84, 0x32, 0x84, 0x32, 0x84, 0x12, 0x84,
    0x2e, 0x63, 0xa8, 0x31, 0xea, 0x39, 0xc9, 0x39, 0x00, 0x00, 0x00, 0x00, 0x00, 0x00, 0x00, 0x00,
    0x00, 0x00, 0x00, 0x00, 0x00, 0x00, 0xd6, 0x53, 0x67, 0x29, 0x6c, 0x4a, 0x8c, 0x52, 0xac, 0x52,
    0x12, 0x84, 0x74, 0x8c, 0x94, 0x94, 0x94, 0x94, 0x94, 0x94, 0x99, 0x6c, 0x94, 0x94, 0x73, 0x8c,
    0x53, 0x8c, 0x99, 0x64, 0xb9, 0x6c, 0x73, 0x8c, 0x53, 0x8c, 0x53, 0x8c, 0x53, 0x8c, 0x32, 0x84,
    0x90, 0x73, 0xe9, 0x39, 0xea, 0x39, 0xc9, 0x39, 0x00, 0x00, 0x00, 0x00, 0x00, 0x00, 0x00, 0x00,
    0x00, 0x00, 0x00, 0x00, 0x00, 0x00, 0x00, 0x00, 0x46, 0x29, 0x6c, 0x4a, 0x8c, 0x52, 0x58, 0x64,
    0x73, 0x8c, 0x94, 0x94, 0xb4, 0x94, 0xb4, 0x94, 0xb4, 0x94, 0x99, 0x6c, 0xb4, 0x94, 0x94, 0x94,
    0x73, 0x8c, 0x53, 0x8c, 0x74, 0x8c, 0x94, 0x94, 0x73, 0x8c, 0x99, 0x6c, 0x73, 0x8c, 0x53, 0x8c,
    0x12, 0x84, 0x2a, 0x42, 0xea, 0x39, 0xc9, 0x39, 0x00, 0x00, 0x00, 0x00, 0x00, 0x00, 0x00, 0x00,
    0x00, 0x00, 0x00, 0x00, 0x00, 0x00, 0x00, 0x00, 0x04, 0x21, 0x6c, 0x4a, 0x8c, 0x52, 0x0e, 0x63,
    0x94, 0x94, 0x99, 0x6c, 0xd5, 0x9c, 0xd5, 0x9c, 0xb5, 0x94, 0x99, 0x6c, 0xd5, 0x9c, 0xb5, 0x94,
    0x94, 0x94, 0x94, 0x94, 0xb4, 0x94, 0xb4, 0x94, 0x94, 0x94, 0x94, 0x94, 0x94, 0x94, 0x74, 0x8c,
    0x53, 0x8c, 0x6b, 0x4a, 0xea, 0x39, 0xc9, 0x39, 0x00, 0x00, 0x00, 0x00, 0x00, 0x00, 0x00, 0x00,
    0x00, 0x00, 0x00, 0x00, 0x00, 0x00, 0x00, 0x00, 0x82, 0x10, 0x4b, 0x4a, 0x8c, 0x52, 0x4f, 0x6b,
    0xd5, 0x9c, 0xd5, 0x9c, 0xf5, 0x9c, 0xd5, 0x9c, 0xd5, 0x9c, 0xb9, 0x6c, 0xd5, 0x9c, 0xd5, 0x9c,
    0xd5, 0x9c, 0xb4, 0x94, 0xd5, 0x9c, 0xb5, 0x94, 0xb4, 0x94, 0x94, 0x94, 0xb4, 0x94, 0xba, 0x6c,
    0x94, 0x94, 0xac, 0x52, 0xea, 0x39, 0xea, 0x39, 0x21, 0x00, 0x00, 0x00, 0x00, 0x00, 0x00, 0x00,
    0x00, 0x00, 0x00, 0x00, 0x00, 0x00, 0x00, 0x00, 0x00, 0x00, 0x0a, 0x42, 0x8c, 0x52, 0x6f, 0x6b,
    0xd5, 0x9c, 0xd5, 0x9c, 0xda, 0x6c, 0xf5, 0x9c, 0xf5, 0x9c, 0xb9, 0x6c, 0xf5, 0x9c, 0xf5, 0x9c,
    0xd5, 0x9c, 0xd5, 0x9c, 0xf5, 0x9c, 0xd5, 0x9c, 0xd5, 0x9c, 0xb4, 0x94, 0xd5, 0x9c, 0xba, 0x6c,
    0x94, 0x94, 0xed, 0x5a, 0x38, 0x5c, 0xea, 0x39, 0xe4, 0x18, 0x00, 0x00, 0x00, 0x00, 0x00, 0x00,
    0x00, 0x00, 0x00, 0x00, 0x00, 0x00, 0x00, 0x00, 0x00, 0x00, 0xa7, 0x31, 0x8c, 0x52, 0x6f, 0x6b,
    0xf5, 0x9c, 0xb9, 0x6c, 0x16, 0xa5, 0xf5, 0x9c, 0xf5, 0x9c, 0xb9, 0x6c, 0xf6, 0x9c, 0xf5, 0x9c,
    0xf5, 0x9c, 0xd5, 0x9c, 0xf5, 0x9c, 0xf5, 0x9c, 0xd5, 0x9c, 0xd5, 0x9c, 0xd5, 0x9c, 0xba, 0x6c,
    0xb4, 0x94, 0xee, 0x5a, 0xea, 0x39, 0xea, 0x39, 0x67, 0x29, 0x00, 0x00, 0x00, 0x00, 0x00, 0x00,
    0x00, 0x00, 0x00, 0x00, 0x00, 0x00, 0x00, 0x00, 0x00, 0x00, 0xe4, 0x18, 0x8c, 0x52, 0x6f, 0x6b,
    0xf5, 0x9c, 0xf5, 0x9c, 0x16, 0xa5, 0xf6, 0x9c, 0xf5, 0x9c, 0xb9, 0x6c, 0x16, 0xa5, 0xf5, 0x9c,
    0xf5, 0x9c, 0xf5, 0x9c, 0xf5, 0x9c, 0xf5, 0x9c, 0xd5, 0x9c, 0xd5, 0x9c, 0xd5, 0x9c, 0xd5, 0x9c,
    0xb4, 0x94, 0xed, 0x5a, 0x38, 0x5c, 0xea, 0x39, 0x88, 0x31, 0x00, 0x00, 0x00, 0x00, 0x00, 0x00,
    0x00, 0x00, 0x00, 0x00, 0x00, 0x00, 0x00, 0x00, 0x00, 0x00, 0x00, 0x00, 0x38, 0x5c, 0x4f, 0x6b,
    0xf5, 0x9c, 0xf5, 0x9c, 0x16, 0xa5, 0xf5, 0x9c, 0xf5, 0x9c, 0xb9, 0x6c, 0xf6, 0x9c, 0xf5, 0x9c,
    0xf5, 0x9c, 0xd5, 0x9c, 0xf5, 0x9c, 0xf5, 0x9c, 0xd5, 0x9c, 0xd5, 0x9c, 0xd5, 0x9c, 0xd5, 0x9c,
    0xb4, 0x94, 0x38, 0x5c, 0xea, 0x39, 0xea, 0x39, 0xa9, 0x31, 0x00, 0x00, 0x00, 0x00, 0x00, 0x00,
    0x00, 0x00, 0x00, 0x00, 0x00, 0x00, 0x00, 0x00, 0xb5, 0x4b, 0x00, 0x00, 0x0a, 0x42, 0x0e, 0x63,
    0xb5, 0x94, 0xd5, 0x9c, 0xf5, 0x9c, 0xf5, 0x9c, 0xf5, 0x9c, 0xb9, 0x6c, 0xf5, 0x9c, 0xf5, 0x9c,
    0xd5, 0x9c, 0xd5, 0x9c, 0xf5, 0x9c, 0xd5, 0x9c, 0xd5, 0x9c, 0xb4, 0x94, 0xd5, 0x9c, 0xb4, 0x94,
    0x94, 0x94, 0x6b, 0x4a, 0xea, 0x39, 0xea, 0x39, 0xc9, 0x39, 0x21, 0x00, 0x00, 0x00, 0x00, 0x00,
    0x00, 0x00, 0x00, 0x00, 0x00, 0x00, 0x00, 0x00, 0x00, 0x00, 0x00, 0x00, 0xc8, 0x39, 0xcd, 0x5a,
    0x94, 0x8c, 0xd5, 0x9c, 0xf5, 0x9c, 0xd5, 0x9c, 0xd5, 0x9c, 0xb9, 0x6c, 0xd5, 0x9c, 0xd5, 0x9c,
    0xb5, 0x94, 0xb4, 0x94, 0xd5, 0x9c, 0xb4, 0x94, 0xb4, 0x94, 0x94, 0x94, 0xb4, 0x94, 0x94, 0x94,
    0x99, 0x6c, 0x2a, 0x42, 0xea, 0x39, 0xea, 0x39, 0xc9, 0x39, 0x82, 0x10, 0x00, 0x00, 0x00, 0x00,
    0x00, 0x00, 0x00, 0x00, 0x00, 0x00, 0x00, 0x00, 0x00, 0x00, 0x00, 0x00, 0x66, 0x29, 0xac, 0x52,
    0x32, 0x84, 0xb4, 0x94, 0xd5, 0x9c, 0xd5, 0x9c, 0xb5, 0x94, 0x99, 0x6c, 0xd5, 0x9c, 0xb4, 0x94,
    0x94, 0x94, 0x94, 0x94, 0xb4, 0x94, 0x94, 0x94, 0x94, 0x94, 0x74, 0x8c, 0x94, 0x94, 0x73, 0x8c,
    0xd1, 0x7b, 0xe9, 0x39, 0xea, 0x39, 0xea, 0x39, 0xc9, 0x39, 0xa3, 0x10, 0x00, 0x00, 0x00, 0x00,
    0x00, 0x00, 0x00, 0x00, 0x00, 0x00, 0x00, 0x00, 0x00, 0x00, 0x00, 0x00, 0x46, 0x29, 0x58, 0x64,
    0x90, 0x73, 0x94, 0x94, 0xb4, 0x94, 0xb4, 0x94, 0xb4, 0x94, 0x94, 0x94, 0xb4, 0x94, 0x94, 0x94,
    0x73, 0x8c, 0x53, 0x8c, 0x74, 0x8c, 0x94, 0x94, 0x73, 0x8c, 0x53, 0x8c, 0x73, 0x8c, 0x53, 0x8c,
    0x4f, 0x6b, 0xa8, 0x31, 0xea, 0x39, 0xea, 0x39, 0xc9, 0x39, 0x82, 0x10, 0x00, 0x00, 0x00, 0x00,
    0x00, 0x00, 0x00, 0x00, 0x00, 0x00, 0x00, 0x00, 0x00, 0x00, 0x00, 0x00, 0x66, 0x29, 0x8c, 0x52,
    0x2e, 0x63, 0x73, 0x8c, 0x94, 0x94, 0x94, 0x94, 0x94, 0x94, 0x74, 0x8c, 0x94, 0x94, 0x73, 0x8c,
    0x53, 0x8c, 0x32, 0x84, 0x53, 0x8c, 0x73, 0x8c, 0x53, 0x8c, 0x33, 0x84, 0x53, 0x8c, 0x32, 0x84,
    0xad, 0x52, 0xc9, 0x39, 0xea, 0x39, 0xea, 0x39, 0xa9, 0x31, 0x21, 0x00, 0x00, 0x00, 0x00, 0x00,
    0x00, 0x00, 0x00, 0x00, 0x00, 0x00, 0x00, 0x00, 0x00, 0x00, 0x00, 0x00, 0xa7, 0x31, 0x8c, 0x52,
    0xcd, 0x52, 0x53, 0x8c, 0x74, 0x8c, 0x74, 0x8c, 0x73, 0x8c, 0x73, 0x8c, 0x74, 0x8c, 0x53, 0x8c,
    0x32, 0x84, 0x12, 0x84, 0x32, 0x84, 0x53, 0x8c, 0x32, 0x84, 0x12, 0x84, 0x32, 0x84, 0x12, 0x84,
    0x4b, 0x4a, 0xc9, 0x39, 0x38, 0x5c, 0xea, 0x39, 0xa8, 0x31, 0x00, 0x00, 0x00, 0x00, 0x00, 0x00,
    0x00, 0x00, 0x00, 0x00, 0x00, 0x00, 0x00, 0x00, 0xb5, 0x4b, 0x00, 0x00, 0x09, 0x42, 0x8c, 0x52,
    0x8c, 0x4a, 0x12, 0x84, 0x73, 0x8c, 0x53, 0x8c, 0x53, 0x8c, 0x53, 0x8c, 0x73, 0x8c, 0x32, 0x84,
    0x12, 0x84, 0xf1, 0x7b, 0x12, 0x84, 0x32, 0x84, 0x12, 0x84, 0xf2, 0x7b, 0x12, 0x84, 0xd1, 0x7b,
    0x0a, 0x42, 0xc9, 0x39, 0xea, 0x39, 0xea, 0x39, 0x67, 0x29, 0x00, 0x00, 0x00, 0x00, 0x00, 0x00,
    0xa4, 0x08, 0xa4, 0x08, 0xa4, 0x10, 0xa4, 0x08, 0xa4, 0x08, 0xa4, 0x08, 0xd5, 0x9c, 0x57, 0xad,
    0x37, 0xa5, 0x77, 0xad, 0xb8, 0xb5, 0xb8, 0xb5, 0x98, 0xb5, 0x98, 0xb5, 0xb8, 0xb5, 0x77, 0xad,
    0x36, 0xa5, 0x36, 0xa5, 0x57, 0xad, 0x98, 0xb5, 0x98, 0xb5, 0x98, 0xb5, 0xb8, 0xb5, 0x77, 0xad,
    0x73, 0x8c, 0x53, 0x8c, 0x94, 0x94, 0x94, 0x94, 0x4a, 0x42, 0xa4, 0x08, 0xa4, 0x10, 0xa4, 0x08,
    0xa4, 0x08, 0xa4, 0x08, 0xa4, 0x10, 0xa4, 0x08, 0xa4, 0x08, 0xe5, 0x10, 0x57, 0xad, 0x57, 0xad,
    0x36, 0xa5, 0x57, 0xad, 0xb8, 0xb5, 0xb8, 0xb5, 0x98, 0xb5, 0x98, 0xb5, 0xb8, 0xb5, 0x57, 0xad,
    0x36, 0xa5, 0x16, 0xa5, 0x57, 0xad, 0x98, 0xb5, 0x98, 0xb5, 0x98, 0xb5, 0xb8, 0xb5, 0x57, 0xad,
    0x53, 0x8c, 0x73, 0x8c, 0x94, 0x94, 0x94, 0x94, 0x87, 0x29, 0xa4, 0x08, 0xa4, 0x10, 0xa4, 0x08,
    0x00, 0x00, 0x00, 0x00, 0x00, 0x00, 0x00, 0x00, 0x00, 0x00, 0x05, 0x21, 0x8c, 0x52, 0x8c, 0x52,
    0x8c, 0x52, 0xd1, 0x73, 0x32, 0x84, 0x32, 0x84, 0x32, 0x84, 0x32, 0x84, 0x32, 0x84, 0xf2, 0x7b,
    0xd1, 0x7b, 0xb0, 0x73, 0xd1, 0x7b, 0xf1, 0x7b, 0xd1, 0x7b, 0xd1, 0x7b, 0xd1, 0x7b, 0x6f, 0x6b,
    0xc9, 0x39, 0xc9, 0x39, 0x38, 0x5c, 0xc9, 0x39, 0x21, 0x00, 0x00, 0x00, 0x00, 0x00, 0x00, 0x00,
    0x00, 0x00, 0x00, 0x00, 0x00, 0x00, 0x00, 0x00, 0x00, 0x00, 0xe9, 0x39, 0x8c, 0x52, 0x8c, 0x52,
    0x8c, 0x52, 0x79, 0x64, 0x32, 0x84, 0x32, 0x84, 0x32, 0x84, 0x12, 0x84, 0x32, 0x84, 0xf1, 0x7b,
    0xb1, 0x73, 0xb0, 0x73, 0xd1, 0x7b, 0xd1, 0x7b, 0xd1, 0x7b, 0xb1, 0x73, 0xb1, 0x73, 0x6f, 0x6b,
    0xe9, 0x39, 0xc9, 0x39, 0xea, 0x39, 0xa9, 0x31, 0x00, 0x00, 0x00, 0x00, 0x00, 0x00, 0x00, 0x00,
    0x00, 0x00, 0x00, 0x00, 0x00, 0x00, 0x00, 0x00, 0x00, 0x00, 0x4b, 0x4a, 0x8c, 0x52, 0x8c, 0x52,
    0xac, 0x52, 0xf1, 0x7b, 0x32, 0x84, 0x32, 0x84, 0x12, 0x84, 0x12, 0x84, 0x32, 0x84, 0xf1, 0x7b,
    0xb1, 0x73, 0xb0, 0x73, 0xb1, 0x73, 0xd1, 0x7b, 0xd1, 0x7b, 0xb1, 0x73, 0xb1, 0x73, 0x70, 0x6b,
    0x0a, 0x42, 0xc9, 0x39, 0xea, 0x39, 0xa8, 0x31, 0x00, 0x00, 0x00, 0x00, 0x00, 0x00, 0x00, 0x00,
    0x00, 0x00, 0x00, 0x00, 0x00, 0x00, 0x00, 0x00, 0x82, 0x10, 0x6c, 0x4a, 0xad, 0x52, 0x8c, 0x52,
    0xcd, 0x5a, 0xf2, 0x7b, 0x32, 0x84, 0x32, 0x84, 0x12, 0x84, 0x12, 0x84, 0x12, 0x84, 0xf1, 0x7b,
    0xb1, 0x73, 0xb0, 0x73, 0xd1, 0x7b, 0xd1, 0x7b, 0xd1, 0x7b, 0xb1, 0x73, 0xb1, 0x73, 0x90, 0x73,
    0x4b, 0x4a, 0xc9, 0x39, 0xea, 0x39, 0x88, 0x31, 0x00, 0x00, 0x00, 0x00, 0x00, 0x00, 0x00, 0x00,
    0x00, 0x00, 0x00, 0x00, 0x00, 0x00, 0x00, 0x00, 0x25, 0x21, 0x8c, 0x52, 0xad, 0x52, 0x8c, 0x52,
    0x0e, 0x63, 0x12, 0x84, 0x32, 0x84, 0x32, 0x84, 0x32, 0x84, 0x12, 0x84, 0x12, 0x84, 0xf1, 0x7b,
    0xb1, 0x73, 0xb0, 0x73, 0xd1, 0x7b, 0xd1, 0x7b, 0xd1, 0x7b, 0xb1, 0x73, 0xd1, 0x7b, 0xb0, 0x73,
    0x8c, 0x52, 0x17, 0x5c, 0xea, 0x39, 0x88, 0x31, 0x00, 0x00, 0x00, 0x00, 0x00, 0x00, 0x00, 0x00,
    0x21, 0x21, 0x21, 0x21, 0x22, 0x21, 0xf6, 0x53, 0x2c, 0x63, 0xd9, 0xbd, 0xf9, 0xbd, 0xd8, 0xb5,
    0x36, 0xa5, 0x98, 0xb5, 0xb8, 0xb5, 0xb8, 0xb5, 0x98, 0xb5, 0x98, 0xb5, 0x98, 0xb5, 0x57, 0xad,
    0x36, 0xa5, 0x16, 0xa5, 0x56, 0xad, 0x77, 0xad, 0x98, 0xb5, 0x98, 0xb5, 0xb8, 0xb5, 0xb8, 0xb5,
    0xf5, 0x9c, 0xb4, 0x94, 0x57, 0xad, 0xcf, 0x7b, 0x21, 0x21, 0x21, 0x21, 0x22, 0x21, 0x21, 0x21,
    0x21, 0x21, 0x21, 0x21, 0x22, 0x21, 0x21, 0x21, 0xae, 0x73, 0xd9, 0xbd, 0xf9, 0xbd, 0xd8, 0xb5,
    0x77, 0xad, 0x98, 0xb5, 0xb8, 0xb5, 0xb8, 0xb5, 0x98, 0xb5, 0x98, 0xb5, 0x98, 0xb5, 0x57, 0xad,
    0x36, 0xa5, 0x16, 0xa5, 0x57, 0xad, 0x77, 0xad, 0x98, 0xb5, 0x98, 0xb5, 0xb8, 0xb5, 0xb8, 0xb5,
    0x57, 0xad, 0xd5, 0x9c, 0x57, 0xad, 0x11, 0x84, 0x21, 0x21, 0x21, 0x21, 0x22, 0x21, 0x21, 0x21,
    0x21, 0x21, 0x21, 0x21, 0x22, 0x21, 0x21, 0x21, 0xae, 0x73, 0xd9, 0xbd, 0xf9, 0xbd, 0x77, 0xad,
    0x98, 0xb5, 0x98, 0xb5, 0xb8, 0xb5, 0xb8, 0xb5, 0x98, 0xb5, 0x98, 0xb5, 0x98, 0xb5, 0x57, 0xad,
    0x36, 0xa5, 0x36, 0xa5, 0x57, 0xad, 0x77, 0xad, 0x98, 0xb5, 0x98, 0xb5, 0xb8, 0xb5, 0xfa, 0x74,
    0x97, 0xb5, 0x73, 0x8c, 0x57, 0xad, 0x93, 0x94, 0x21, 0x21, 0x21, 0x21, 0x22, 0x21, 0x21, 0x21,
    0x21, 0x21, 0x21, 0x21, 0x22, 0x21, 0x21, 0x21, 0x6d, 0x6b, 0xd9, 0xbd, 0xf9, 0xbd, 0x56, 0xa5,
    0x98, 0xb5, 0x98, 0xb5, 0xb8, 0xb5, 0xb8, 0xb5, 0x98, 0xb5, 0xda, 0x74, 0xb8, 0xb5, 0x77, 0xad,
    0x36, 0xa5, 0x36, 0xa5, 0x57, 0xad, 0x77, 0xad, 0x98, 0xb5, 0x98, 0xb5, 0xb8, 0xb5, 0xb8, 0xb5,
    0x98, 0xb5, 0x93, 0x8c, 0x57, 0xad, 0x16, 0xa5, 0x00, 0x19, 0x21, 0x21, 0x22, 0x21, 0x21, 0x21,
    0x00, 0x00, 0x00, 0x00, 0x00, 0x00, 0x00, 0x00, 0x46, 0x29, 0x8c, 0x52, 0x8c, 0x52, 0x79, 0x64,
    0x53, 0x8c, 0x53, 0x8c, 0x74, 0x8c, 0x73, 0x8c, 0x73, 0x8c, 0x73, 0x8c, 0x73, 0x8c, 0x33, 0x84,
    0x12, 0x84, 0x12, 0x84, 0x32, 0x84, 0x32, 0x84, 0x32, 0x84, 0x12, 0x84, 0x32, 0x84, 0x12, 0x84,
    0xf2, 0x7b, 0xcd, 0x5a, 0xea, 0x39, 0xea, 0x39, 0x20, 0x00, 0x00, 0x00, 0x00, 0x00, 0x00, 0x00,
    0x00, 0x00, 0x00, 0x00, 0x00, 0x00, 0x00, 0x00, 0xa3, 0x10, 0x6c, 0x4a, 0x8c, 0x52, 0x6f, 0x6b,
    0x74, 0x8c, 0x73, 0x8c, 0x94, 0x94, 0x94, 0x94, 0x94, 0x94, 0x74, 0x8c, 0x94, 0x94, 0x73, 0x8c,
    0x53, 0x8c, 0x32, 0x84, 0x53, 0x8c, 0x53, 0x8c, 0x53, 0x8c, 0x33, 0x84, 0x53, 0x8c, 0x32, 0x84,
    0x32, 0x84, 0xee, 0x5a, 0xea, 0x39, 0xea, 0x39, 0xc4, 0x18, 0x00, 0x00, 0x00, 0x00, 0x00, 0x00,
    0x00, 0x00, 0x00, 0x00, 0x00, 0x00, 0x00, 0x00, 0x00, 0x00, 0x4b, 0x4a, 0x8c, 0x52, 0x90, 0x73,
    0x94, 0x94, 0x94, 0x94, 0xb4, 0x94, 0xb4, 0x94, 0x94, 0x94, 0x94, 0x94, 0xb4, 0x94, 0x94, 0x94,
    0x73, 0x8c, 0x53, 0x8c, 0x73, 0x8c, 0x74, 0x8c, 0x73, 0x8c, 0x53, 0x8c, 0x73, 0x8c, 0x53, 0x8c,
    0x53, 0x8c, 0x0e, 0x63, 0x38, 0x5c, 0xea, 0x39, 0x67, 0x29, 0x00, 0x00, 0x00, 0x00, 0x00, 0x00,
    0x00, 0x00, 0x00, 0x00, 0x00, 0x00, 0x00, 0x00, 0xb5, 0x4b, 0xc9, 0x39, 0x8c, 0x52, 0x90, 0x73,
    0xb4, 0x94, 0xb4, 0x94, 0xd5, 0x9c, 0xd5, 0x9c, 0xb4, 0x94, 0xb4, 0x94, 0xd5, 0x9c, 0xb4, 0x94,
    0x94, 0x94, 0x74, 0x8c, 0x94, 0x94, 0x94, 0x94, 0x94, 0x94, 0x73, 0x8c, 0x94, 0x94, 0x73, 0x8c,
    0x73, 0x8c, 0x0e, 0x63, 0xea, 0x39, 0xea, 0x39, 0xa8, 0x31, 0x00, 0x00, 0x00, 0x00, 0x00, 0x00,
    0x00, 0x00, 0x00, 0x00, 0x00, 0x00, 0x00, 0x00, 0x00, 0x00, 0x66, 0x29, 0xf2, 0x7b, 0x53, 0x84,
    0x98, 0xb5, 0x98, 0xb5, 0xb8, 0xb5, 0xb8, 0xb5, 0x98, 0xb5, 0x98, 0xb5, 0xb8, 0xb5, 0xb8, 0xb5,
    0x98, 0xb5, 0x77, 0xad, 0xb8, 0xb5, 0xb8, 0xb5, 0x98, 0xb5, 0x98, 0xb5, 0xb8, 0xb5, 0xb8, 0xb5,
    0x98, 0xb5, 0xb1, 0x73, 0x2f, 0x63, 0x6f, 0x6b, 0x4f, 0x6b, 0x41, 0x08, 0x00, 0x00, 0x00, 0x00,
    0x00, 0x00, 0x00, 0x00, 0x00, 0x00, 0x00, 0x00, 0x00, 0x00, 0x41, 0x08, 0xf1, 0x7b, 0x12, 0x84,
    0x97, 0xb5, 0x98, 0xb5, 0xb8, 0xb5, 0xb8, 0xb5, 0x98, 0xb5, 0x98, 0xb5, 0xb8, 0xb5, 0xb8, 0xb5,
    0x98, 0xb5, 0x98, 0xb5, 0xb8, 0xb5, 0xb8, 0xb5, 0x98, 0xb5, 0x98, 0xb5, 0xb8, 0xb5, 0xb8, 0xb5,
    0x97, 0xad, 0x6f, 0x6b, 0x2f, 0x63, 0x6f, 0x6b, 0x4f, 0x6b, 0xc4, 0x18, 0x00, 0x00, 0x00, 0x00,
    0x00, 0x00, 0x00, 0x00, 0x00, 0x00, 0x00, 0x00, 0x00, 0x00, 0x00, 0x00, 0x2a, 0x42, 0xcd, 0x5a,
    0x94, 0x94, 0xf5, 0x9c, 0x16, 0xa5, 0xf5, 0x9c, 0xf5, 0x9c, 0xf5, 0x9c, 0xf5, 0x9c, 0xf5, 0x9c,
    0xf5, 0x9c, 0xd5, 0x9c, 0xf5, 0x9c, 0xd5, 0x9c, 0xd5, 0x9c, 0xb5, 0x94, 0xd5, 0x9c, 0xb4, 0x94,
    0x53, 0x8c, 0x2a, 0x42, 0x38, 0x5c, 0xea, 0x39, 0xc9, 0x39, 0x05, 0x21, 0x00, 0x00, 0x00, 0x00,
    0x00, 0x00, 0x00, 0x00, 0x00, 0x00, 0x00, 0x00, 0x00, 0x00, 0x00, 0x00, 0xc8, 0x39, 0xac, 0x52,
    0x32, 0x84, 0xb9, 0x6c, 0x16, 0xa5, 0xf6, 0x9c, 0xf5, 0x9c, 0xf5, 0x9c, 0x16, 0xa5, 0xf5, 0x9c,
    0xf5, 0x9c, 0xf5, 0x9c, 0xf5, 0x9c, 0xf5, 0x9c, 0xd5, 0x9c, 0xd5, 0x9c, 0xd5, 0x9c, 0xd5, 0x9c,
    0xd1, 0x7b, 0xe9, 0x39, 0xea, 0x39, 0xea, 0x39, 0xc9, 0x39, 0x26, 0x21, 0x00, 0x00, 0x00, 0x00,
    0x00, 0x00, 0x00, 0x00, 0x00, 0x00, 0x00, 0x00, 0x00, 0x00, 0x00, 0x00, 0x45, 0x29, 0x8c, 0x52,
    0x90, 0x73, 0xf5, 0x9c, 0x16, 0xa5, 0xf5, 0x9c, 0xf5, 0x9c, 0xf5, 0x9c, 0x16, 0xa5, 0xf5, 0x9c,
    0xf5, 0x9c, 0xd5, 0x9c, 0xf5, 0x9c, 0xf5, 0x9c, 0xd5, 0x9c, 0xd5, 0x9c, 0xd5, 0x9c, 0xb5, 0x94,
    0x2f, 0x63, 0xa8, 0x31, 0xea, 0x39, 0xea, 0x39, 0xc9, 0x39, 0x26, 0x21, 0x00, 0x00, 0x00, 0x00,
    0x00, 0x00, 0x00, 0x00, 0x00, 0x00, 0x00, 0x00, 0x00, 0x00, 0x00, 0x00, 0xe4, 0x18, 0x8c, 0x52,
    0x0e, 0x63, 0xd5, 0x9c, 0xf5, 0x9c, 0xf5, 0x9c, 0xf5, 0x9c, 0xf5, 0x9c, 0xf5, 0x9c, 0xf5, 0x9c,
    0xd5, 0x9c, 0xd5, 0x9c, 0xf5, 0x9c, 0xd5, 0x9c, 0xd5, 0x9c, 0xb4, 0x94, 0xd5, 0x9c, 0xb4, 0x94,
    0xac, 0x52, 0xc9, 0x39, 0xea, 0x39, 0xea, 0x39, 0xc9, 0x39, 0x25, 0x21, 0x00, 0x00, 0x00, 0x00,
    0x00, 0x00, 0x00, 0x00, 0x00, 0x00, 0x00, 0x00, 0x00, 0x00, 0x00, 0x00, 0xe4, 0x18, 0x8c, 0x52,
    0xad, 0x52, 0xb4, 0x94, 0xf5, 0x9c, 0xf5, 0x9c, 0xd5, 0x9c, 0xd5, 0x9c, 0xf5, 0x9c, 0xd5, 0x9c,
    0xd5, 0x9c, 0xb4, 0x94, 0xd5, 0x9c, 0xb5, 0x94, 0xb4, 0x94, 0x94, 0x94, 0xb4, 0x94, 0x73, 0x8c,
    0x4b, 0x4a, 0x17, 0x5c, 0xea, 0x39, 0xea, 0x39, 0xc9, 0x39, 0xc4, 0x18, 0x00, 0x00, 0x00, 0x00,
    0x00, 0x00, 0x00, 0x00, 0x00, 0x00, 0xd6, 0x53, 0x00, 0x00, 0x00, 0x00, 0x25, 0x21, 0x8c, 0x52,
    0xad, 0x52, 0x73, 0x8c, 0xd5, 0x9c, 0xd5, 0x9c, 0xd5, 0x9c, 0xb4, 0x94, 0xd5, 0x9c, 0xd5, 0x9c,
    0xb4, 0x94, 0x94, 0x94, 0xb4, 0x94, 0xb4, 0x94, 0x94, 0x94, 0x74, 0x8c, 0x94, 0x94, 0x32, 0x84,
    0x0a, 0x42, 0xc9, 0x39, 0xea, 0x39, 0xea, 0x39, 0xc9, 0x39, 0x61, 0x08, 0x00, 0x00, 0x00, 0x00,
    0x00, 0x00, 0x00, 0x00, 0x00, 0x00, 0x00, 0x00, 0x00, 0x00, 0x00, 0x00, 0xa8, 0x31, 0x8c, 0x52,
    0x6c, 0x4a, 0x32, 0x84, 0xb4, 0x94, 0xb4, 0x94, 0xb4, 0x94, 0xb4, 0x94, 0xb4, 0x94, 0xb4, 0x94,
    0x74, 0x8c, 0x73, 0x8c, 0x94, 0x94, 0x94, 0x94, 0x73, 0x8c, 0x53, 0x8c, 0x73, 0x8c, 0xf1, 0x7b,
    0xe9, 0x39, 0xc9, 0x39, 0xea, 0x39, 0xea, 0x39, 0xa8, 0x31, 0x00, 0x00, 0x00, 0x00, 0x00, 0x00,
    0x00, 0x00, 0x00, 0x00, 0x00, 0x00, 0x00, 0x00, 0x00, 0x00, 0x00, 0x00, 0x2a, 0x42, 0x8c, 0x52,
    0x6c, 0x4a, 0xf1, 0x7b, 0x94, 0x94, 0x94, 0x94, 0x94, 0x94, 0x94, 0x94, 0x94, 0x94, 0x74, 0x8c,
    0x53, 0x8c, 0x33, 0x84, 0x73, 0x8c, 0x73, 0x8c, 0x53, 0x8c, 0x33, 0x84, 0x53, 0x8c, 0x79, 0x64,
    0xc9, 0x39, 0xc9, 0x39, 0xea, 0x39, 0xea, 0x39, 0x46, 0x29, 0x00, 0x00, 0x00, 0x00, 0x00, 0x00,
    0x00, 0x00, 0x00, 0x00, 0x00, 0x00, 0x00, 0x00, 0x00, 0x00, 0x00, 0x00, 0x6c, 0x4a, 0x8c, 0x52,
    0x6c, 0x4a, 0xf1, 0x7b, 0x74, 0x8c, 0x74, 0x8c, 0x73, 0x8c, 0x99, 0x6c, 0x94, 0x94, 0x53, 0x8c,
    0x32, 0x84, 0x12, 0x84, 0x33, 0x84, 0x53, 0x8c, 0x32, 0x84, 0x12, 0x84, 0x32, 0x84, 0x90, 0x73,
    0xc9, 0x39, 0xc9, 0x39, 0xea, 0x39, 0xea, 0x39, 0xa3, 0x10, 0x00, 0x00, 0x00, 0x00, 0x00, 0x00,
    0x00, 0x00, 0x00, 0x00, 0x00, 0x00, 0x00, 0x00, 0x00, 0x00, 0x05, 0x21, 0x8c, 0x52, 0x8c, 0x52,
    0x6c, 0x4a, 0xf1, 0x7b, 0x73, 0x8c, 0x73, 0x8c, 0x73, 0x8c, 0x53, 0x8c, 0x73, 0x8c, 0x33, 0x84,
    0x12, 0x84, 0xf2, 0x7b, 0x12, 0x84, 0x32, 0x84, 0x12, 0x84, 0x12, 0x84, 0x12, 0x84, 0x90, 0x73,
    0xe9, 0x39, 0xc9, 0x39, 0xea, 0x39, 0xc9, 0x39, 0x00, 0x00, 0x00, 0x00, 0x00, 0x00, 0x00, 0x00,
    0x00, 0x00, 0x00, 0x00, 0x00, 0x00, 0x00, 0x00, 0x00, 0x00, 0xc8, 0x39, 0x8c, 0x52, 0x8c, 0x52,
    0x8c, 0x4a, 0x12, 0x84, 0x53, 0x8c, 0x53, 0x8c, 0x53, 0x8c, 0x53, 0x8c, 0x53, 0x8c, 0x12, 0x84,
    0xf1, 0x7b, 0xd1, 0x7b, 0xf2, 0x7b, 0x12, 0x84, 0x12, 0x84, 0xf1, 0x7b, 0xf1, 0x7b, 0xb0, 0x73,
    0xea, 0x39, 0xc9, 0x39, 0xea, 0x39, 0x88, 0x31, 0x00, 0x00, 0x00, 0x00, 0x00, 0x00, 0x00, 0x00,
    0x00, 0x00, 0x00, 0x00, 0x00, 0x00, 0x00, 0x00, 0x00, 0x00, 0x2b, 0x42, 0x8c, 0x52, 0x8c, 0x52,
    0xad, 0x52, 0x12, 0x84, 0x53, 0x8c, 0x53, 0x8c, 0x33, 0x84, 0x32, 0x84, 0x53, 0x8c, 0x12, 0x84,
    0xd1, 0x7b, 0xd1, 0x7b, 0xf1, 0x7b, 0xf2, 0x7b, 0xf1, 0x7b, 0xd1, 0x7b, 0xd1, 0x7b, 0xb1, 0x73,
    0x2a, 0x42, 0xc9, 0x39, 0xea, 0x39, 0x46, 0x29, 0x00, 0x00, 0x00, 0x00, 0x00, 0x00, 0x00, 0x00,
    0x00, 0x00, 0x00, 0x00, 0x00, 0x00, 0x00, 0x00, 0xa3, 0x10, 0x6c, 0x4a, 0x8c, 0x52, 0x8c, 0x52,
    0x0e, 0x5b, 0x12, 0x84, 0x33, 0x84, 0x32, 0x84, 0x32, 0x84, 0x32, 0x84, 0x32, 0x84, 0xf1, 0x7b,
    0xd1, 0x7b, 0xb1, 0x73, 0xd1, 0x7b, 0xd1, 0x7b, 0xf1, 0x7b, 0xd1, 0x7b, 0xd1, 0x7b, 0xb1, 0x73,
    0x8c, 0x52, 0xc9, 0x39, 0xea, 0x39, 0x05, 0x21, 0x00, 0x00, 0x00, 0x00, 0x00, 0x00, 0x00, 0x00,
    0x00, 0x00, 0x00, 0x00, 0x00, 0x00, 0x00, 0x00, 0x46, 0x29, 0x8c, 0x52, 0x8c, 0x52, 0x8c, 0x52,
    0x6f, 0x6b, 0x12, 0x84, 0x32, 0x84, 0x32, 0x84, 0x32, 0x84, 0x12, 0x84, 0x12, 0x84, 0xf1, 0x7b,
    0xb1, 0x73, 0xb0, 0x73, 0xd1, 0x7b, 0xd1, 0x7b, 0xd1, 0x7b, 0xd1, 0x7b, 0xd1, 0x7b, 0xb0, 0x73,
    0xed, 0x5a, 0xa8, 0x31, 0xea, 0x39, 0xe4, 0x18, 0x00, 0x00, 0x00, 0x00, 0x00, 0x00, 0x00, 0x00,
    0x00, 0x00, 0x00, 0x00, 0x00, 0x00, 0x00, 0x00, 0x87, 0x31, 0x8c, 0x52, 0x8c, 0x52, 0xac, 0x52,
    0xd1, 0x7b, 0x12, 0x84, 0x32, 0x84, 0x32, 0x84, 0x12, 0x84, 0x12, 0x84, 0x12, 0x84, 0xd1, 0x7b,
    0xb1, 0x73, 0xb0, 0x73, 0xb1, 0x73, 0xd1, 0x7b, 0xd1, 0x7b, 0xd1, 0x7b, 0xd1, 0x7b, 0xb0, 0x73,
    0x4f, 0x6b, 0xe9, 0x39, 0xea, 0x39, 0x04, 0x21, 0x00, 0x00, 0x00, 0x00, 0x00, 0x00, 0x00, 0x00,
    0x00, 0x00, 0x00, 0x00, 0x00, 0x00, 0x00, 0x00, 0xc8, 0x39, 0x8c, 0x52, 0xad, 0x52, 0xcd, 0x5a,
    0xf1, 0x7b, 0x12, 0x84, 0x32, 0x84, 0x32, 0x84, 0x12, 0x84, 0x12, 0x84, 0x12, 0x84, 0xd1, 0x7b,
    0xb1, 0x73, 0xb0, 0x73, 0xb1, 0x73, 0xd1, 0x7b, 0xd1, 0x7b, 0xb1, 0x73, 0xd1, 0x7b, 0xb0, 0x73,
    0x70, 0x6b, 0x2a, 0x42, 0xea, 0x39, 0x46, 0x29, 0x00, 0x00, 0x00, 0x00, 0x00, 0x00, 0x00, 0x00,
    0x00, 0x00, 0x00, 0x00, 0x00, 0x00, 0x00, 0x00, 0xa8, 0x31, 0x8c, 0x52, 0xad, 0x52, 0x0e, 0x63,
    0x12, 0x84, 0x12, 0x84, 0x32, 0x84, 0x32, 0x84, 0x12, 0x84, 0x12, 0x84, 0x12, 0x84, 0xd1, 0x7b,
    0xb1, 0x73, 0xb0, 0x73, 0xb1, 0x73, 0xb1, 0x73, 0xd1, 0x7b, 0xd1, 0x7b, 0xd1, 0x7b, 0xb1, 0x73,
    0x90, 0x73, 0x6c, 0x4a, 0xea, 0x39, 0x87, 0x31, 0x00, 0x00, 0x00, 0x00, 0x00, 0x00, 0x00, 0x00,
    0x00, 0x00, 0x00, 0x00, 0x00, 0x00, 0x00, 0x00, 0x87, 0x31, 0x8c, 0x52, 0xad, 0x52, 0x4f, 0x6b,
    0x12, 0x84, 0x12, 0x84, 0x33, 0x84, 0x32, 0x84, 0x32, 0x84, 0x12, 0x84, 0x12, 0x84, 0xf1, 0x7b,
    0xd1, 0x7b, 0xb0, 0x73, 0xd1, 0x7b, 0xd1, 0x7b, 0xd1, 0x7b, 0xd1, 0x7b, 0xd1, 0x7b, 0xb1, 0x73,
    0xb0, 0x73, 0xad, 0x52, 0xea, 0x39, 0xa9, 0x31, 0x00, 0x00, 0x00, 0x00, 0x00, 0x00, 0x00, 0x00,
    0x00, 0x00, 0x00, 0x00, 0x00, 0x00, 0x00, 0x00, 0x05, 0x21, 0x8c, 0x52, 0xad, 0x52, 0x6f, 0x6b,
    0x32, 0x84, 0x32, 0x84, 0x33, 0x84, 0x33, 0x84, 0x32, 0x84, 0x32, 0x84, 0x12, 0x84, 0xf1, 0x7b,
    0xd1, 0x7b, 0xb1, 0x73, 0xd1, 0x7b, 0xd1, 0x7b, 0xf1, 0x7b, 0xd1, 0x7b, 0xf1, 0x7b, 0xd1, 0x7b,
    0xb0, 0x73, 0xed, 0x5a, 0xea, 0x39, 0xea, 0x39, 0x21, 0x00, 0x00, 0x00, 0x00, 0x00, 0x00, 0x00,
    0x00, 0x00, 0x00, 0x00, 0x00, 0x00, 0x00, 0x00, 0x41, 0x08, 0x6c, 0x4a, 0xad, 0x52, 0x90, 0x73,
    0x32, 0x84, 0x32, 0x84, 0x53, 0x8c, 0x53, 0x8c, 0x33, 0x84, 0x32, 0x84, 0x33, 0x84, 0x12, 0x84,
    0xf1, 0x7b, 0xd1, 0x7b, 0xf1, 0x7b, 0xf1, 0x7b, 0xf2, 0x7b, 0xf1, 0x7b, 0xf1, 0x7b, 0xd1, 0x7b,
    0xd1, 0x7b, 0xee, 0x5a, 0x0a, 0x3a, 0xea, 0x39, 0x05, 0x21, 0x00, 0x00, 0x00, 0x00, 0x00, 0x00,
    0x00, 0x00, 0x00, 0x00, 0x00, 0x00, 0x00, 0x00, 0x00, 0x00, 0x4b, 0x4a, 0xad, 0x52, 0x90, 0x73,
    0x53, 0x8c, 0x53, 0x8c, 0x53, 0x8c, 0x53, 0x8c, 0x53, 0x8c, 0x53, 0x8c, 0x53, 0x8c, 0x12, 0x84,
    0xf2, 0x7b, 0xf1, 0x7b, 0x12, 0x84, 0x12, 0x84, 0x12, 0x84, 0xf2, 0x7b, 0x12, 0x84, 0xf1, 0x7b,
    0xd1, 0x7b, 0xee, 0x5a, 0x0a, 0x3a, 0xea, 0x39, 0x87, 0x31, 0x00, 0x00, 0x00, 0x00, 0x00, 0x00,
    0x00, 0x00, 0x00, 0x00, 0x00, 0x00, 0x00, 0x00, 0x00, 0x00, 0xc8, 0x39, 0x8c, 0x52, 0x6f, 0x6b,
    0x53, 0x8c, 0x53, 0x8c, 0x73, 0x8c, 0x73, 0x8c, 0x73, 0x8c, 0x53, 0x8c, 0x73, 0x8c, 0x33, 0x84,
    0x12, 0x84, 0x12, 0x84, 0x12, 0x84, 0x32, 0x84, 0x32, 0x84, 0x12, 0x84, 0x32, 0x84, 0x12, 0x84,
    0xf1, 0x7b, 0xcd, 0x5a, 0xea, 0x39, 0xea, 0x39, 0xa9, 0x31, 0x00, 0x00, 0x00, 0x00, 0x00, 0x00,
    0x00, 0x00, 0x00, 0x00, 0x00, 0x00, 0x00, 0x00, 0x00, 0x00, 0x05, 0x21, 0x8c, 0x52, 0x2e, 0x63,
    0x73, 0x8c, 0x73, 0x8c, 0x94, 0x94, 0x94, 0x94, 0x74, 0x8c, 0x73, 0x8c, 0x94, 0x94, 0x53, 0x8c,
    0x33, 0x84, 0x32, 0x84, 0x53, 0x8c, 0x53, 0x8c, 0x53, 0x8c, 0x32, 0x84, 0x53, 0x8c, 0x32, 0x84,
    0x12, 0x84, 0x8c, 0x52, 0xea, 0x39, 0xea, 0x39, 0xc9, 0x39, 0x82, 0x10, 0x00, 0x00, 0x00, 0x00,
    0x00, 0x00, 0x00, 0x00, 0x00, 0x00, 0x00, 0x00, 0x00, 0x00, 0x82, 0x10, 0x6c, 0x4a, 0x8c, 0x52,
    0x8c, 0x52, 0x4b, 0x42, 0x4b, 0x4a, 0x6c, 0x4a, 0x6c, 0x4a, 0xb4, 0x53, 0x3f, 0xc7, 0x2b, 0x42,
    0x0a, 0x42, 0xea, 0x39, 0xea, 0x39, 0xea, 0x39, 0xc9, 0x39, 0xa9, 0x31, 0x53, 0x4b, 0x3f, 0xcf,
    0x0a, 0x3a, 0xc9, 0x39, 0xc9, 0x39, 0xc4, 0x18, 0x00, 0x00, 0x00, 0x00, 0x00, 0x00, 0x00, 0x00,
    0x00, 0x00, 0x00, 0x00, 0x00, 0x00, 0x00, 0x00, 0xd0, 0x3a, 0x3f, 0xc7, 0x6c, 0x4a, 0x8c, 0x52,
    0x8c, 0x52, 0x4b, 0x42, 0x4b, 0x4a, 0x6c, 0x4a, 0x6c, 0x4a, 0xb4, 0x53, 0x3f, 0xc7, 0x2b, 0x42,
    0x0a, 0x42, 0xea, 0x39, 0xea, 0x39, 0xea, 0x39, 0xc9, 0x39, 0xa9, 0x31, 0x53, 0x4b, 0x3f, 0xcf,
    0x0a, 0x3a, 0xc9, 0x39, 0xc9, 0x39, 0xe4, 0x18, 0x00, 0x00, 0x00, 0x00, 0x00, 0x00, 0x00, 0x00,
    0x00, 0x00, 0x00, 0x00, 0x00, 0x00, 0x00, 0x00, 0xd6, 0x53, 0x87, 0x31, 0x6c, 0x4a, 0x8c, 0x52,
    0x8c, 0x52, 0x4b, 0x4a, 0x4b, 0x4a, 0x6c, 0x4a, 0x6c, 0x4a, 0xb4, 0x53, 0x3f, 0xc7, 0x2b, 0x42,
    0x0a, 0x42, 0xea, 0x39, 0x94, 0x53, 0x3f, 0xcf, 0xc9, 0x39, 0xc9, 0x39, 0xf7, 0x53, 0x88, 0x31,
    0x0a, 0x3a, 0xc9, 0x39, 0xc9, 0x39, 0xc3, 0x18, 0x00, 0x00, 0x00, 0x00, 0x00, 0x00, 0x00, 0x00,
    0x00, 0x00, 0x00, 0x00, 0x00, 0x00, 0x00, 0x00, 0x00, 0x00, 0xa8, 0x31, 0x6c, 0x4a, 0x8c, 0x52,
    0x6c, 0x4a, 0xb4, 0x53, 0x3f, 0xc7, 0x6c, 0x4a, 0x6c, 0x4a, 0xb4, 0x53, 0x3f, 0xc7, 0x2b, 0x42,
    0x0a, 0x42, 0xea, 0x39, 0x94, 0x53, 0x3f, 0xcf, 0xc9, 0x39, 0xa9, 0x31, 0x17, 0x54, 0x88, 0x31,
    0x94, 0x53, 0x3f, 0xc7, 0xc9, 0x39, 0xc3, 0x18, 0x00, 0x00, 0x00, 0x00, 0x00, 0x00, 0x00, 0x00,
    0x00, 0x00, 0x00, 0x00, 0x00, 0x00, 0xd0, 0x3a, 0x3f, 0xcf, 0xc8, 0x39, 0x6c, 0x4a, 0x6b, 0x4a,
    0x4b, 0x4a, 0x38, 0x5c, 0x4b, 0x4a, 0x6c, 0x4a, 0x6c, 0x4a, 0xb4, 0x53, 0x3f, 0xc7, 0x2b, 0x42,
    0x0a, 0x42, 0xea, 0x39, 0x94, 0x53, 0x3f, 0xcf, 0xc9, 0x39, 0xc9, 0x39, 0xa9, 0x31, 0xa9, 0x31,
    0x17, 0x5c, 0xa8, 0x31, 0xc9, 0x39, 0xc3, 0x18, 0x00, 0x00, 0x00, 0x00, 0x00, 0x00, 0x00, 0x00,
    0x00, 0x00, 0x00, 0x00, 0x00, 0x00, 0xd0, 0x3a, 0x3f, 0xcf, 0xa7, 0x31, 0x6c, 0x4a, 0x8c, 0x52,
    0x4b, 0x4a, 0x38, 0x5c, 0x4b, 0x4a, 0x6c, 0x4a, 0x6c, 0x4a, 0xb4, 0x53, 0x3f, 0xc7, 0x2b, 0x42,
    0x0a, 0x42, 0x94, 0x53, 0x3f, 0xc7, 0x3f, 0xcf, 0xea, 0x39, 0xc9, 0x39, 0xa9, 0x31, 0xa9, 0x31,
    0x88, 0x31, 0xe9, 0x39, 0xc9, 0x39, 0xc4, 0x18, 0x00, 0x00, 0x00, 0x00, 0x00, 0x00, 0x00, 0x00,
    0x00, 0x00, 0x00, 0x00, 0x00, 0x00, 0xd6, 0x53, 0x00, 0x00, 0x46, 0x29, 0x6c, 0x4a, 0xd5, 0x5b,
    0x3f, 0xcf, 0x4b, 0x4a, 0x4b, 0x4a, 0x6c, 0x4a, 0x6c, 0x4a, 0xb4, 0x53, 0x3f, 0xc7, 0x2b, 0x42,
    0x0a, 0x42, 0x17, 0x5c, 0x17, 0x5c, 0xea, 0x39, 0xea, 0x39, 0x73, 0x53, 0x3f, 0xc7, 0xa9, 0x31,
    0x88, 0x31, 0xe9, 0x39, 0xc9, 0x39, 0x05, 0x21, 0x00, 0x00, 0x00, 0x00, 0x00, 0x00, 0x00, 0x00,
    0x00, 0x00, 0x00, 0x00, 0x00, 0x00, 0xd6, 0x53, 0x00, 0x00, 0xc3, 0x18, 0x2a, 0x42, 0x6c, 0x4a,
    0x4b, 0x4a, 0xb4, 0x53, 0x3f, 0xc7, 0x6c, 0x4a, 0x6c, 0x4a, 0xb4, 0x53, 0x3f, 0xc7, 0x2b, 0x42,
    0x0a, 0x42, 0xea, 0x39, 0x17, 0x5c, 0xea, 0x39, 0xea, 0x39, 0x17, 0x5c, 0xa9, 0x31, 0xa9, 0x31,
    0x88, 0x31, 0xe9, 0x39, 0xa8, 0x31, 0x46, 0x29, 0x00, 0x00, 0x00, 0x00, 0x00, 0x00, 0x00, 0x00,
    0x00, 0x00, 0x00, 0x00, 0x00, 0x00, 0xd6, 0x53, 0x00, 0x00, 0x00, 0x00, 0xc8, 0x31, 0x6c, 0x4a,
    0x4b, 0x4a, 0x4b, 0x4a, 0x4b, 0x4a, 0x6c, 0x4a, 0x6c, 0x4a, 0xb4, 0x53, 0x3f, 0xc7, 0x2b, 0x42,
    0x0a, 0x42, 0xea, 0x39, 0x17, 0x5c, 0xea, 0x39, 0xc9, 0x39, 0x17, 0x5c, 0xa9, 0x31, 0x74, 0x53,
    0x3f, 0xcf, 0xc9, 0x39, 0xa8, 0x31, 0x87, 0x31, 0x00, 0x00, 0x00, 0x00, 0x00, 0x00, 0x00, 0x00,
    0x00, 0x00, 0x00, 0x00, 0x00, 0x00, 0x00, 0x00, 0x00, 0x00, 0x00, 0x00, 0x46, 0x29, 0x4b, 0x4a,
    0x4b, 0x4a, 0x6c, 0x4a, 0xb4, 0x53, 0x3f, 0xcf, 0x6c, 0x4a, 0xb4, 0x53, 0x3f, 0xc7, 0x2b, 0x42,
    0x0a, 0x42, 0xea, 0x39, 0x17, 0x5c, 0xea, 0x39, 0xea, 0x39, 0xc9, 0x39, 0xa9, 0x31, 0x74, 0x53,
    0x3f, 0xcf, 0xa9, 0x31, 0x73, 0x4b, 0x3f, 0xcf, 0x00, 0x00, 0x00, 0x00, 0x00, 0x00, 0x00, 0x00,
    0x00, 0x00, 0x00, 0x00, 0x00, 0x00, 0x00, 0x00, 0x00, 0x00, 0x00, 0x00, 0x62, 0x08, 0x4b, 0x4a,
    0x4b, 0x4a, 0xb5, 0x53, 0x3f, 0xc7, 0x6c, 0x4a, 0x6c, 0x4a, 0xb4, 0x53, 0x3f, 0xc7, 0x2b, 0x42,
    0x0a, 0x42, 0xea, 0x39, 0x17, 0x5c, 0xea, 0x39, 0xea, 0x39, 0xc9, 0x39, 0xa9, 0x31, 0x74, 0x53,
    0x3f, 0xcf, 0xa9, 0x31, 0xa8, 0x31, 0xc9, 0x39, 0x00, 0x00, 0x00, 0x00, 0x00, 0x00, 0x00, 0x00,
    0x00, 0x00, 0x00, 0x00, 0x00, 0x00, 0x00, 0x00, 0x00, 0x00, 0x00, 0x00, 0x21, 0x00, 0x2a, 0x42,
    0x4b, 0x4a, 0x38, 0x5c, 0x4b, 0x4a, 0x6c, 0x4a, 0x6c, 0x4a, 0xb4, 0x53, 0x3f, 0xc7, 0x2b, 0x42,
    0x0a, 0x42, 0xea, 0x39, 0x17, 0x5c, 0xea, 0x39, 0xea, 0x39, 0xc9, 0x39, 0xa9, 0x31, 0x17, 0x5c,
    0x88, 0x31, 0xa9, 0x31, 0x73, 0x4b, 0x3f, 0xcf, 0x41, 0x08, 0x00, 0x00, 0x00, 0x00, 0x00, 0x00,
    0x00, 0x00, 0x00, 0x00, 0x00, 0x00, 0x00, 0x00, 0x00, 0x00, 0x00, 0x00, 0xd0, 0x3a, 0x3f, 0xcf,
    0x4b, 0x4a, 0x38, 0x5c, 0x4b, 0x4a, 0x6c, 0x4a, 0x6c, 0x4a, 0xb4, 0x53, 0x3f, 0xc7, 0x2b, 0x42,
    0x0a, 0x42, 0xea, 0x39, 0xea, 0x39, 0xea, 0x39, 0xea, 0x39, 0xc9, 0x39, 0xa9, 0x31, 0x17, 0x5c,
    0x88, 0x31, 0x73, 0x4b, 0x3f, 0xc7, 0xc9, 0x39, 0x82, 0x10, 0x00, 0x00, 0x00, 0x00, 0x00, 0x00,
    0x00, 0x00, 0x00, 0x00, 0x00, 0x00, 0x00, 0x00, 0xd0, 0x3a, 0x3f, 0xc7, 0x00, 0x00, 0xa8, 0x31,
    0x4b, 0x4a, 0x4b, 0x4a, 0x4b, 0x4a, 0x6c, 0x4a, 0x6c, 0x4a, 0xb4, 0x53, 0x3f, 0xc7, 0x2b, 0x42,
    0x0a, 0x42, 0xea, 0x39, 0xea, 0x39, 0xea, 0x39, 0xc9, 0x39, 0xc9, 0x39, 0xa9, 0x31, 0x17, 0x5c,
    0x88, 0x31, 0xc9, 0x39, 0xa8, 0x31, 0xc9, 0x39, 0xa3, 0x10, 0x00, 0x00, 0x00, 0x00, 0x00, 0x00,
    0x00, 0x00, 0x00, 0x00, 0x00, 0x00, 0x00, 0x00, 0x00, 0x00, 0x00, 0x00, 0x00, 0x00, 0x66, 0x29,
    0x4b, 0x4a, 0x4b, 0x4a, 0x4b, 0x4a, 0x6c, 0x4a, 0x6c, 0x4a, 0xb4, 0x53, 0x3f, 0xc7, 0x2b, 0x42,
    0x0a, 0x42, 0xea, 0x39, 0xea, 0x39, 0xea, 0x39, 0xea, 0x39, 0xc9, 0x39, 0xa9, 0x31, 0x17, 0x5c,
    0x73, 0x4b, 0x3f, 0xc7, 0xc9, 0x39, 0xc9, 0x39, 0x82, 0x10, 0x00, 0x00, 0x00, 0x00, 0x00, 0x00,
    0x00, 0x00, 0x00, 0x00, 0x00, 0x00, 0x00, 0x00, 0x00, 0x00, 0x00, 0x00, 0x00, 0x00, 0xe4, 0x18,
    0x4b, 0x4a, 0x4b, 0x4a, 0x4b, 0x4a, 0x6c, 0x4a, 0x6c, 0x4a, 0xb4, 0x53, 0x3f, 0xc7, 0x2b, 0x42,
    0x0a, 0x42, 0xea, 0x39, 0xea, 0x39, 0xea, 0x39, 0xea, 0x39, 0xc9, 0x39, 0xa9, 0x31, 0x17, 0x5c,
    0x17, 0x5c, 0xe9, 0x39, 0xc9, 0x39, 0xa8, 0x31, 0x41, 0x08, 0x00, 0x00, 0x00, 0x00, 0x00, 0x00,
    0x00, 0x00, 0x00, 0x00, 0x00, 0x00, 0x00, 0x00, 0x00, 0x00, 0x00, 0x00, 0x00, 0x00, 0xf1, 0x42,
    0x3f, 0xcf, 0x4b, 0x4a, 0x4b, 0x4a, 0x6c, 0x4a, 0x6c, 0x4a, 0x38, 0x5c, 0x2b, 0x42, 0x2b, 0x42,
    0x0a, 0x42, 0xea, 0x39, 0xea, 0x39, 0xea, 0x39, 0xc9, 0x39, 0xc9, 0x39, 0xa9, 0x31, 0xa9, 0x31,
    0xa9, 0x31, 0xa8, 0x31, 0xc9, 0x39, 0x67, 0x29, 0x00, 0x00, 0x00, 0x00, 0x00, 0x00, 0x00, 0x00,
    0x00, 0x00, 0x00, 0x00, 0x00, 0x00, 0x00, 0x00, 0x00, 0x00, 0x00, 0x00, 0xb5, 0x4b, 0xa3, 0x10,
    0x4b, 0x4a, 0x4b, 0x4a, 0x4b, 0x4a, 0x6c, 0x4a, 0x6c, 0x4a, 0x4b, 0x4a, 0x2b, 0x42, 0x2b, 0x42,
    0x0a, 0x42, 0xea, 0x39, 0xea, 0x39, 0xea, 0x39, 0xc9, 0x39, 0xa9, 0x31, 0xa9, 0x31, 0xa9, 0x31,
    0xe9, 0x39, 0xa8, 0x31, 0xa9, 0x31, 0x05, 0x21, 0x00, 0x00, 0x00, 0x00, 0x00, 0x00, 0x00, 0x00,
    0x00, 0x00, 0x00, 0x00, 0x00, 0x00, 0x00, 0x00, 0x00, 0x00, 0x00, 0x00, 0x00, 0x00, 0x46, 0x29,
    0x6c, 0x4a, 0x4b, 0x4a, 0x4b, 0x4a, 0x6c, 0x4a, 0x6c, 0x4a, 0x4b, 0x4a, 0x2b, 0x42, 0x2b, 0x42,
    0x0a, 0x42, 0xea, 0x39, 0xea, 0x39, 0xea, 0x39, 0xc9, 0x39, 0xa9, 0x31, 0x88, 0x31, 0x88, 0x31,
    0x38, 0x5c, 0xc9, 0x39, 0x53, 0x4b, 0x3f, 0xcf, 0x00, 0x00, 0x00, 0x00, 0x00, 0x00, 0x00, 0x00,
    0x00, 0x00, 0x00, 0x00, 0x00, 0x00, 0x00, 0x00, 0xd0, 0x3a, 0x3f, 0xc7, 0x00, 0x00, 0xe9, 0x39,
    0x8c, 0x52, 0x4b, 0x4a, 0x4b, 0x4a, 0x6c, 0x4a, 0x6c, 0x4a, 0x4b, 0x4a, 0x2b, 0x42, 0x2b, 0x42,
    0x0a, 0x42, 0xea, 0x39, 0xea, 0x39, 0xea, 0x39, 0xc9, 0x39, 0xc9, 0x39, 0x88, 0x31, 0x88, 0x31,
    0x0a, 0x3a, 0xa9, 0x31, 0xf6, 0x53, 0x20, 0x00, 0x00, 0x00, 0x00, 0x00, 0x00, 0x00, 0x00, 0x00,
    0xa4, 0x08, 0xa4, 0x08, 0xa4, 0x08, 0xa4, 0x10, 0xf6, 0x53, 0xa4, 0x08, 0xc4, 0x08, 0x94, 0x94,
    0xb4, 0x94, 0xba, 0x6c, 0xd5, 0x9c, 0xd5, 0x9c, 0xd5, 0x9c, 0x94, 0x94, 0x32, 0x84, 0x12, 0x84,
    0xf1, 0x7b, 0xd1, 0x7b, 0xf1, 0x7b, 0x33, 0x84, 0x73, 0x8c, 0xb5, 0x94, 0xb4, 0x94, 0xb4, 0x94,
    0x32, 0x84, 0xb0, 0x73, 0xc8, 0x31, 0xa4, 0x10, 0xa4, 0x08, 0xa4, 0x08, 0xa4, 0x08, 0xa4, 0x10,
    0xa4, 0x08, 0xa4, 0x08, 0xa4, 0x08, 0xa4, 0x10, 0xf6, 0x53, 0xa4, 0x08, 0xa8, 0x29, 0x36, 0xa5,
    0xd5, 0x9c, 0xd5, 0x9c, 0xd5, 0x9c, 0xd5, 0x9c, 0xd5, 0x9c, 0x94, 0x94, 0x32, 0x84, 0x12, 0x84,
    0xf1, 0x7b, 0xd1, 0x7b, 0xf1, 0x7b, 0x33, 0x84, 0x94, 0x94, 0xb5, 0x94, 0xb4, 0x94, 0xb4, 0x94,
    0x32, 0x84, 0x4f, 0x6b, 0x67, 0x21, 0xa4, 0x10, 0xa4, 0x08, 0xa4, 0x08, 0xa4, 0x08, 0xa4, 0x10,
    0x00, 0x00, 0x00, 0x00, 0x00, 0x00, 0x00, 0x00, 0x00, 0x00, 0x00, 0x00, 0xa8, 0x31, 0x8c, 0x52,
    0x8c, 0x52, 0x4b, 0x42, 0x4b, 0x4a, 0x6c, 0x4a, 0x6c, 0x4a, 0x4b, 0x4a, 0x2b, 0x42, 0x2b, 0x42,
    0x0a, 0x42, 0x17, 0x5c, 0xea, 0x39, 0xea, 0x39, 0xc9, 0x39, 0xa9, 0x31, 0x88, 0x31, 0x88, 0x31,
    0xc9, 0x39, 0x88, 0x31, 0x11, 0x43, 0x3f, 0xcf, 0x00, 0x00, 0x00, 0x00, 0x00, 0x00, 0x00, 0x00,
    0x00, 0x00, 0x00, 0x00, 0x00, 0x00, 0x00, 0x00, 0x00, 0x00, 0x00, 0x00, 0x2a, 0x42, 0x8c, 0x52,
    0x8c, 0x52, 0xb4, 0x53, 0x3f, 0xc7, 0x6c, 0x4a, 0x6c, 0x4a, 0x4b, 0x4a, 0x2b, 0x42, 0x2b, 0x42,
    0x0a, 0x42, 0xea, 0x39, 0xea, 0x39, 0xea, 0x39, 0xc9, 0x39, 0xa9, 0x31, 0x88, 0x31, 0x88, 0x31,
    0x0a, 0x3a, 0xa8, 0x31, 0xd6, 0x53, 0x00, 0x00, 0x00, 0x00, 0x00, 0x00, 0x00, 0x00, 0x00, 0x00,
    0x00, 0x00, 0x00, 0x00, 0x00, 0x00, 0x00, 0x00, 0x00, 0x00, 0xc3, 0x18, 0x6c, 0x4a, 0x8c, 0x52,
    0x8c, 0x52, 0x38, 0x5c, 0x37, 0x5c, 0x6c, 0x4a, 0x6c, 0x4a, 0x4b, 0x4a, 0x2b, 0x42, 0x2b, 0x42,
    0x0a, 0x42, 0xea, 0x39, 0xea, 0x39, 0xea, 0x39, 0xc9, 0x39, 0xa9, 0x31, 0x88, 0x31, 0x88, 0x31,
    0x0a, 0x3a, 0xa9, 0x31, 0xe4, 0x18, 0x00, 0x00, 0x00, 0x00, 0x00, 0x00, 0x00, 0x00, 0x00, 0x00,
    0x00, 0x00, 0x00, 0x00, 0x00, 0x00, 0x00, 0x00, 0x00, 0x00, 0x67, 0x29, 0x6c, 0x4a, 0x8c, 0x52,
    0x8c, 0x52, 0x4b, 0x4a, 0x4b, 0x4a, 0x6c, 0x4a, 0x6c, 0x4a, 0x4b, 0x4a, 0x2b, 0x42, 0x2b, 0x42,
    0x0a, 0x42, 0xea, 0x39, 0xea, 0x39, 0xea, 0x39, 0xc9, 0x39, 0xc9, 0x39, 0xf7, 0x53, 0x88, 0x31,
    0x0a, 0x3a, 0xc9, 0x39, 0x05, 0x21, 0x00, 0x00, 0x00, 0x00, 0x00, 0x00, 0x00, 0x00, 0x00, 0x00,
    0x00, 0x00, 0x00, 0x00, 0x00, 0x00, 0x00, 0x00, 0x00, 0x00, 0xe9, 0x39, 0x6c, 0x4a, 0x8c, 0x52,
    0x6c, 0x4a, 0x4b, 0x4a, 0x4b, 0x4a, 0x6c, 0x4a, 0x6c, 0x4a, 0x4b, 0x4a, 0x2b, 0x42, 0x2b, 0x42,
    0x0a, 0x42, 0xea, 0x39, 0xea, 0x39, 0xea, 0x39, 0xc9, 0x39, 0x17, 0x5c, 0xa9, 0x31, 0x88, 0x31,
    0xea, 0x39, 0x73, 0x4b, 0x3f, 0xc7, 0x00, 0x00, 0x00, 0x00, 0x00, 0x00, 0x00, 0x00, 0x00, 0x00,
    0x21, 0x21, 0x21, 0x21, 0x21, 0x21, 0x51, 0x4b, 0x3f, 0xcf, 0x93, 0x94, 0xd9, 0xbd, 0xb8, 0xb5,
    0x16, 0xa5, 0x36, 0xa5, 0x36, 0xa5, 0x36, 0xa5, 0x36, 0xa5, 0xd5, 0x9c, 0x73, 0x8c, 0x53, 0x8c,
    0x32, 0x84, 0x12, 0x84, 0x32, 0x84, 0x73, 0x8c, 0xb4, 0x94, 0x16, 0xa5, 0x36, 0xa5, 0x36, 0xa5,
    0x16, 0xa5, 0xf5, 0x9c, 0xd0, 0x7b, 0x22, 0x21, 0x21, 0x21, 0x21, 0x21, 0x21, 0x21, 0x22, 0x21,
    0x21, 0x21, 0x21, 0x21, 0x21, 0x21, 0x22, 0x21, 0x62, 0x29, 0xd4, 0x9c, 0xd9, 0xbd, 0x57, 0xad,
    0x36, 0xa5, 0xba, 0x6c, 0x36, 0xa5, 0x36, 0xa5, 0x36, 0xa5, 0xd5, 0x9c, 0x73, 0x8c, 0x53, 0x8c,
    0x32, 0x84, 0x12, 0x84, 0x32, 0x84, 0x73, 0x8c, 0xb4, 0x94, 0xf5, 0x9c, 0x36, 0xa5, 0x36, 0xa5,
    0x36, 0xa5, 0xb4, 0x94, 0x93, 0x94, 0x22, 0x21, 0x21, 0x21, 0x21, 0x21, 0x21, 0x21, 0x22, 0x21,
    0x21, 0x21, 0x21, 0x21, 0x21, 0x21, 0x22, 0x21, 0x62, 0x29, 0xd4, 0x94, 0xd9, 0xbd, 0x16, 0xa5,
    0x36, 0xa5, 0x36, 0xa5, 0x36, 0xa5, 0x36, 0xa5, 0x36, 0xa5, 0xb5, 0x94, 0x73, 0x8c, 0x53, 0x8c,
    0x32, 0x84, 0x12, 0x84, 0x99, 0x64, 0x73, 0x8c, 0x94, 0x94, 0xf5, 0x9c, 0x36, 0xa5, 0xf9, 0x7c,
    0x3f, 0xcf, 0xb4, 0x94, 0x15, 0xa5, 0x84, 0x29, 0x21, 0x21, 0x21, 0x21, 0x21, 0x21, 0x22, 0x21,
    0x21, 0x21, 0x21, 0x21, 0x21, 0x21, 0x22, 0x21, 0x21, 0x21, 0x52, 0x8c, 0x97, 0xad, 0x16, 0xa5,
    0x36, 0xa5, 0x36, 0xa5, 0x36, 0xa5, 0x36, 0xa5, 0x16, 0xa5, 0xb8, 0x74, 0x3f, 0xc7, 0x53, 0x8c,
    0x32, 0x84, 0x12, 0x84, 0x32, 0x84, 0x73, 0x8c, 0x94, 0x94, 0xd5, 0x9c, 0x36, 0xa5, 0xda, 0x74,
    0xda, 0x74, 0xd4, 0x94, 0xf5, 0x9c, 0x06, 0x3a, 0x21, 0x21, 0x21, 0x21, 0x21, 0x21, 0x22, 0x21,
    0x00, 0x00, 0x00, 0x00, 0x00, 0x00, 0x00, 0x00, 0x00, 0x00, 0xa8, 0x31, 0x4b, 0x42, 0xd5, 0x5b,
    0x3f, 0xcf, 0x4b, 0x4a, 0x4b, 0x4a, 0x6c, 0x4a, 0x6c, 0x4a, 0x38, 0x5c, 0x2b, 0x42, 0x2b, 0x42,
    0x0a, 0x42, 0xea, 0x39, 0xea, 0x39, 0xea, 0x39, 0xc9, 0x39, 0xc9, 0x39, 0xa9, 0x31, 0xa9, 0x31,
    0x88, 0x31, 0xc9, 0x39, 0xa8, 0x31, 0x46, 0x29, 0x00, 0x00, 0x00, 0x00, 0x00, 0x00, 0x00, 0x00,
    0x00, 0x00, 0x00, 0x00, 0x00, 0x00, 0x00, 0x00, 0x00, 0x00, 0x25, 0x21, 0x37, 0x5c, 0x6b, 0x4a,
    0x4b, 0x4a, 0x6c, 0x4a, 0x4b, 0x4a, 0x6c, 0x4a, 0x6c, 0x4a, 0x4b, 0x4a, 0x0a, 0x42, 0x2b, 0x42,
    0x0a, 0x42, 0xea, 0x39, 0xea, 0x39, 0xea, 0x39, 0xea, 0x39, 0xc9, 0x39, 0xa9, 0x31, 0xa9, 0x31,
    0x88, 0x31, 0xa9, 0x31, 0xa8, 0x31, 0xa8, 0x31, 0x00, 0x00, 0x00, 0x00, 0x00, 0x00, 0x00, 0x00,
    0x00, 0x00, 0x00, 0x00, 0x00, 0x00, 0x00, 0x00, 0x00, 0x00, 0x41, 0x08, 0x0a, 0x3a, 0x4b, 0x4a,
    0x4b, 0x4a, 0x6c, 0x4a, 0x4b, 0x4a, 0x6c, 0x4a, 0x6c, 0x4a, 0x4b, 0x4a, 0x0a, 0x42, 0x2b, 0x42,
    0x0a, 0x42, 0xea, 0x39, 0xea, 0x39, 0xea, 0x39, 0xea, 0x39, 0xc9, 0x39, 0xa9, 0x31, 0xa9, 0x31,
    0x17, 0x5c, 0xa9, 0x31, 0x73, 0x4b, 0x3f, 0xcf, 0x00, 0x00, 0x00, 0x00, 0x00, 0x00, 0x00, 0x00,
    0x00, 0x00, 0x00, 0x00, 0x00, 0x00, 0x00, 0x00, 0xd0, 0x3a, 0x3f, 0xc7, 0xa8, 0x31, 0x6b, 0x4a,
    0x4b, 0x4a, 0x6c, 0x4a, 0x4b, 0x4a, 0x6c, 0x4a, 0x6c, 0x4a, 0x4b, 0x4a, 0x0a, 0x42, 0x2b, 0x42,
    0x0a, 0x42, 0xea, 0x39, 0xea, 0x39, 0xea, 0x39, 0xea, 0x39, 0xc9, 0x39, 0xa9, 0x31, 0xa9, 0x31,
    0x88, 0x31, 0xa9, 0x31, 0x17, 0x54, 0xea, 0x39, 0xa3, 0x10, 0x00, 0x00, 0x00, 0x00, 0x00, 0x00,
    0x00, 0x00, 0x00, 0x00, 0x00, 0x00, 0x00, 0x00, 0xd6, 0x53, 0x00, 0x00, 0x45, 0x21, 0xd1, 0x7b,
    0xf1, 0x7b, 0x79, 0x64, 0xf1, 0x7b, 0xf2, 0x7b, 0xd1, 0x7b, 0x90, 0x73, 0x4f, 0x6b, 0x4f, 0x6b,
    0x2f, 0x63, 0x0e, 0x63, 0x0e, 0x63, 0x2f, 0x63, 0x4f, 0x6b, 0x4f, 0x6b, 0x70, 0x6b, 0x70, 0x6b,
    0x4f, 0x6b, 0x2f, 0x63, 0x0e, 0x5b, 0x4f, 0x6b, 0x66, 0x29, 0x00, 0x00, 0x00, 0x00, 0x00, 0x00,
    0x00, 0x00, 0x00, 0x00, 0x00, 0x00, 0x00, 0x00, 0xd6, 0x53, 0x00, 0x00, 0x00, 0x00, 0x6f, 0x6b,
    0xf1, 0x7b, 0xf1, 0x7b, 0xf1, 0x7b, 0xf2, 0x7b, 0xf1, 0x7b, 0x90, 0x73, 0x6f, 0x6b, 0x4f, 0x6b,
    0x2f, 0x63, 0x0e, 0x63, 0x0e, 0x63, 0x2f, 0x63, 0x4f, 0x6b, 0x4f, 0x6b, 0x70, 0x6b, 0x70, 0x6b,
    0x4f, 0x6b, 0x2e, 0x63, 0x0e, 0x5b, 0x4f, 0x6b, 0xe9, 0x39, 0x00, 0x00, 0x00, 0x00, 0x00, 0x00,
    0x00, 0x00, 0x00, 0x00, 0x00, 0x00, 0x00, 0x00, 0x00, 0x00, 0x00, 0x00, 0x00, 0x00, 0x0a, 0x42,
    0x4b, 0x4a, 0x4b, 0x4a, 0x4b, 0x4a, 0x6c, 0x4a, 0x6c, 0x4a, 0x4b, 0x4a, 0x2b, 0x42, 0x2b, 0x42,
    0x0a, 0x42, 0x17, 0x5c, 0xea, 0x39, 0xea, 0x39, 0xea, 0x39, 0xc9, 0x39, 0xa9, 0x31, 0xa9, 0x31,
    0x88, 0x31, 0xe9, 0x39, 0x73, 0x53, 0x3f, 0xcf, 0x87, 0x31, 0x00, 0x00, 0x00, 0x00, 0x00, 0x00,
    0x00, 0x00, 0x00, 0x00, 0x00, 0x00, 0x00, 0x00, 0x00, 0x00, 0x00, 0x00, 0x00, 0x00, 0x46, 0x29,
    0x4b, 0x4a, 0xb4, 0x53, 0x3f, 0xc7, 0x6c, 0x4a, 0x6c, 0x4a, 0x4b, 0x4a, 0x2b, 0x42, 0x2b, 0x42,
    0x0a, 0x42, 0xea, 0x39, 0xea, 0x39, 0xea, 0x39, 0xea, 0x39, 0xc9, 0x39, 0xa9, 0x31, 0xa9, 0x31,
    0x88, 0x31, 0xe9, 0x39, 0x17, 0x5c, 0xea, 0x39, 0x87, 0x31, 0x00, 0x00, 0x00, 0x00, 0x00, 0x00,
    0x00, 0x00, 0x00, 0x00, 0x00, 0x00, 0x00, 0x00, 0x00, 0x00, 0x00, 0x00, 0x00, 0x00, 0x61, 0x08,
    0x2b, 0x42, 0x38, 0x5c, 0x37, 0x5c, 0x6c, 0x4a, 0x6c, 0x4a, 0x4b, 0x4a, 0x2b, 0x42, 0x2b, 0x42,
    0x0a, 0x42, 0xea, 0x39, 0xea, 0x39, 0xea, 0x39, 0xc9, 0x39, 0xc9, 0x39, 0xa9, 0x31, 0xa9, 0x31,
    0xa9, 0x31, 0xa8, 0x31, 0xc9, 0x39, 0xea, 0x39, 0x67, 0x29, 0x00, 0x00, 0x00, 0x00, 0x00, 0x00,
    0x00, 0x00, 0x00, 0x00, 0x00, 0x00, 0x00, 0x00, 0x00, 0x00, 0x00, 0x00, 0x00, 0x00, 0x00, 0x00,
    0x2a, 0x42, 0x4b, 0x4a, 0x4b, 0x4a, 0x6c, 0x4a, 0x6c, 0x4a, 0x4b, 0x4a, 0x2b, 0x42, 0x2b, 0x42,
    0x0a, 0x42, 0xea, 0x39, 0xea, 0x39, 0xea, 0x39, 0xc9, 0x39, 0xc9, 0x39, 0x17, 0x54, 0xa9, 0x31,
    0xc9, 0x39, 0xa8, 0x31, 0xc9, 0x39, 0xea, 0x39, 0x46, 0x29, 0x00, 0x00, 0x00, 0x00, 0x00, 0x00,
    0x00, 0x00, 0x00, 0x00, 0x00, 0x00, 0x00, 0x00, 0x00, 0x00, 0x00, 0x00, 0x00, 0x00, 0x00, 0x00,
    0x09, 0x42, 0x4b, 0x4a, 0x4b, 0x4a, 0x6c, 0x4a, 0x6c, 0x4a, 0x4b, 0x4a, 0x2b, 0x42, 0x2b, 0x42,
    0x0a, 0x42, 0xea, 0x39, 0xea, 0x39, 0xea, 0x39, 0xc9, 0x39, 0x17, 0x5c, 0x88, 0x31, 0x88, 0x31,
    0x0a, 0x3a, 0x73, 0x53, 0x3f, 0xc7, 0xc9, 0x39, 0xc4, 0x18, 0x00, 0x00, 0x00, 0x00, 0x00, 0x00,
    0x00, 0x00, 0x00, 0x00, 0x00, 0x00, 0xd0, 0x3a, 0x3f, 0xcf, 0x00, 0x00, 0x00, 0x00, 0x00, 0x00,
    0x09, 0x42, 0x4b, 0x4a, 0x4b, 0x4a, 0x6c, 0x4a, 0x6c, 0x4a, 0x4b, 0x4a, 0x2b, 0x42, 0x2b, 0x42,
    0x0a, 0x42, 0xea, 0x39, 0xea, 0x39, 0xea, 0x39, 0xc9, 0x39, 0xc9, 0x39, 0x88, 0x31, 0x88, 0x31,
    0x0a, 0x3a, 0xc9, 0x39, 0xc9, 0x39, 0xa8, 0x31, 0x21, 0x00, 0x00, 0x00, 0x00, 0x00, 0x00, 0x00,
    0x00, 0x00, 0x00, 0x00, 0x00, 0x00, 0x00, 0x00, 0x00, 0x00, 0x00, 0x00, 0x00, 0x00, 0x41, 0x08,
    0x2a, 0x42, 0x38, 0x5c, 0x4b, 0x4a, 0x6c, 0x4a, 0x6c, 0x4a, 0x4b, 0x4a, 0x2b, 0x42, 0x2b, 0x42,
    0x0a, 0x42, 0xea, 0x39, 0xea, 0x39, 0xea, 0x39, 0xc9, 0x39, 0xa9, 0x31, 0x88, 0x31, 0x88, 0x31,
    0x0a, 0x3a, 0xc9, 0x39, 0xc9, 0x39, 0x46, 0x29, 0x00, 0x00, 0x00, 0x00, 0x00, 0x00, 0x00, 0x00,
    0x00, 0x00, 0x00, 0x00, 0x00, 0x00, 0x00, 0x00, 0x00, 0x00, 0x00, 0x00, 0x00, 0x00, 0x05, 0x21,
    0x4b, 0x4a, 0x4b, 0x42, 0x4b, 0x4a, 0x6c, 0x4a, 0x6c, 0x4a, 0x4b, 0x4a, 0x2b, 0x42, 0x2b, 0x42,
    0x0a, 0x42, 0xea, 0x39, 0x17, 0x5c, 0xea, 0x39, 0xc9, 0x39, 0xa9, 0x31, 0x88, 0x31, 0x73, 0x53,
    0x3f, 0xcf, 0xc9, 0x39, 0x88, 0x31, 0x82, 0x10, 0x00, 0x00, 0x00, 0x00, 0x00, 0x00, 0x00, 0x00,
    0x00, 0x00, 0x00, 0x00, 0x00, 0x00, 0x00, 0x00, 0x00, 0x00, 0x00, 0x00, 0x00, 0x00, 0xe9, 0x39,
    0x8c, 0x52, 0x4b, 0x42, 0x4b, 0x4a, 0x6c, 0x4a, 0x6c, 0x4a, 0xb4, 0x53, 0x3f, 0xc7, 0x2b, 0x42,
    0x0a, 0x42, 0xea, 0x39, 0xea, 0x39, 0xea, 0x39, 0xc9, 0x39, 0xa9, 0x31, 0x88, 0x31, 0x17, 0x5c,
    0x38, 0x5c, 0xc9, 0x39, 0x46, 0x29, 0x00, 0x00, 0x00, 0x00, 0x00, 0x00, 0x00, 0x00, 0x00, 0x00,
    0x00, 0x00, 0x00, 0x00, 0x00, 0x00, 0x00, 0x00, 0x00, 0x00, 0x00, 0x00, 0x82, 0x10, 0x4b, 0x4a,
    0x8c, 0x52, 0x4b, 0x42, 0x4b, 0x4a, 0x6c, 0x4a, 0x6c, 0x4a, 0x38, 0x5c, 0x2b, 0x42, 0x2b, 0x42,
    0x0a, 0x42, 0xea, 0x39, 0xea, 0x39, 0xea, 0x39, 0xc9, 0x39, 0xa9, 0x31, 0x88, 0x31, 0x88, 0x31,
    0xea, 0x39, 0xa8, 0x31, 0xc3, 0x18, 0x00, 0x00, 0x00, 0x00, 0x00, 0x00, 0x00, 0x00, 0x00, 0x00,
    0x00, 0x00, 0x00, 0x00, 0x00, 0x00, 0x00, 0x00, 0x00, 0x00, 0x00, 0x00, 0x87, 0x31, 0x8c, 0x52,
    0x8c, 0x52, 0x4b, 0x42, 0x4b, 0x4a, 0x6c, 0x4a, 0x6c, 0x4a, 0x4b, 0x4a, 0x2b, 0x42, 0x2b, 0x42,
    0x0a, 0x42, 0xea, 0x39, 0xea, 0x39, 0xea, 0x39, 0xc9, 0x39, 0xa9, 0x31, 0x88, 0x31, 0x88, 0x31,
    0xe9, 0x39, 0x87, 0x31, 0x20, 0x00, 0x00, 0x00, 0x00, 0x00, 0x00, 0x00, 0x00, 0x00, 0x00, 0x00,
    0x00, 0x00, 0x00, 0x00, 0x00, 0x00, 0x00, 0x00, 0x00, 0x00, 0x20, 0x00, 0x2a, 0x42, 0x8c, 0x52,
    0x8c, 0x52, 0x4b, 0x4a, 0x4b, 0x4a, 0x6c, 0x4a, 0x6c, 0x4a, 0x4b, 0x4a, 0x2b, 0x42, 0x2b, 0x42,
    0x0a, 0x42, 0xea, 0x39, 0xea, 0x39, 0xea, 0x39, 0xc9, 0x39, 0xc9, 0x39, 0x88, 0x31, 0x88, 0x31,
    0xea, 0x39, 0x66, 0x29, 0x00, 0x00, 0x00, 0x00, 0x00, 0x00, 0x00, 0x00, 0x00, 0x00, 0x00, 0x00,
    0x00, 0x00, 0x00, 0x00, 0x00, 0x00, 0x00, 0x00, 0x00, 0x00, 0x04, 0x21, 0x6c, 0x4a, 0x8c, 0x52,
    0x6c, 0x4a, 0x4b, 0x4a, 0x4b, 0x4a, 0x6c, 0x4a, 0x6c, 0x4a, 0x4b, 0x4a, 0x2b, 0x42, 0x2b, 0x42,
    0x0a, 0x42, 0xea, 0x39, 0xea, 0x39, 0xea, 0x39, 0xc9, 0x39, 0xa9, 0x31, 0xa9, 0x31, 0x88, 0x31,
    0xe9, 0x39, 0x25, 0x21, 0x00, 0x00, 0x00, 0x00, 0x00, 0x00, 0x00, 0x00, 0x00, 0x00, 0x00, 0x00,
    0x00, 0x00, 0x00, 0x00, 0x00, 0x00, 0x00, 0x00, 0x00, 0x00, 0x87, 0x31, 0x6c, 0x4a, 0x6b, 0x4a,
    0x4b, 0x4a, 0x4b, 0x4a, 0x4b, 0x4a, 0x6c, 0x4a, 0x6c, 0x4a, 0x4b, 0x4a, 0x2b, 0x42, 0x2b, 0x42,
    0x0a, 0x42, 0xea, 0x39, 0xea, 0x39, 0xea, 0x39, 0xc9, 0x39, 0xc9, 0x39, 0xa9, 0x31, 0xa9, 0x31,
    0xa9, 0x31, 0x47, 0x21, 0x00, 0x00, 0x00, 0x00, 0x00, 0x00, 0x00, 0x00, 0x00, 0x00, 0x00, 0x00,
    0x00, 0x00, 0x00, 0x00, 0x00, 0x00, 0x00, 0x00, 0x00, 0x00, 0xe9, 0x39, 0x6c, 0x4a, 0x8c, 0x52,
    0x4b, 0x4a, 0x4b, 0x4a, 0x4b, 0x4a, 0x6c, 0x4a, 0x6c, 0x4a, 0x4b, 0x4a, 0x2b, 0x42, 0x2b, 0x42,
    0x0a, 0x42, 0xea, 0x39, 0xea, 0x39, 0xea, 0x39, 0xea, 0x39, 0xc9, 0x39, 0xa9, 0x31, 0xa9, 0x31,
    0x88, 0x31, 0xc8, 0x31, 0x20, 0x00, 0x00, 0x00, 0x00, 0x00, 0x00, 0x00, 0x00, 0x00, 0x00, 0x00,
    0x00, 0x00, 0x00, 0x00, 0x00, 0x00, 0x00, 0x00, 0x00, 0x00, 0x0a, 0x42, 0x6c, 0x4a, 0x8c, 0x52,
    0x4b, 0x4a, 0x4b, 0x4a, 0x4b, 0x4a, 0x6c, 0x4a, 0x6c, 0x4a, 0x4b, 0x4a, 0x2b, 0x42, 0x2b, 0x42,
    0x0a, 0x42, 0xea, 0x39, 0xea, 0x39, 0xea, 0x39, 0xea, 0x39, 0xc9, 0x39, 0xa9, 0x31, 0xa9, 0x31,
    0x88, 0x31, 0xe9, 0x39, 0xa3, 0x10, 0x00, 0x00, 0x00, 0x00, 0x00, 0x00, 0x00, 0x00, 0x00, 0x00,
    0x00, 0x00, 0x00, 0x00, 0x00, 0x00, 0x00, 0x00, 0x00, 0x00, 0x0a, 0x42, 0x4b, 0x42, 0x8c, 0x52,
    0x4b, 0x4a, 0x4b, 0x4a, 0x4b, 0x4a, 0x6c, 0x4a, 0x6c, 0x4a, 0x4b, 0x4a, 0x2b, 0x42, 0x2b, 0x42,
    0x0a, 0x42, 0xea, 0x39, 0xea, 0x39, 0xea, 0x39, 0xea, 0x39, 0xc9, 0x39, 0xa9, 0x31, 0xa9, 0x31,
    0x88, 0x31, 0xe9, 0x39, 0x25, 0x21, 0x00, 0x00, 0x00, 0x00, 0x00, 0x00, 0x00, 0x00, 0x00, 0x00,
    0x00, 0x00, 0x00, 0x00, 0x00, 0x00, 0x00, 0x00, 0x00, 0x00, 0x0a, 0x42, 0x4b, 0x42, 0x6c, 0x4a,
    0x4b, 0x4a, 0x4b, 0x4a, 0x4b, 0x4a, 0x6c, 0x4a, 0x6c, 0x4a, 0x4b, 0x4a, 0x2b, 0x42, 0x2b, 0x42,
    0x0a, 0x42, 0xea, 0x39, 0xea, 0x39, 0xea, 0x39, 0xc9, 0x39, 0xc9, 0x39, 0xa9, 0x31, 0xa9, 0x31,
    0x88, 0x31, 0xc9, 0x39, 0x67, 0x29, 0x00, 0x00, 0x00, 0x00, 0x00, 0x00, 0x00, 0x00, 0x00, 0x00,
    0x00, 0x00, 0x00, 0x00, 0x00, 0x00, 0x00, 0x00, 0x00, 0x00, 0xc9, 0x39, 0x4b, 0x42, 0x6b, 0x4a,
    0x4b, 0x4a, 0x6c, 0x4a, 0x4b, 0x4a, 0x6c, 0x4a, 0x6c, 0x4a, 0x4b, 0x4a, 0x0a, 0x42, 0x2b, 0x42,
    0x0a, 0x42, 0xea, 0x39, 0xea, 0x39, 0xea, 0x39, 0xea, 0x39, 0xc9, 0x39, 0xa9, 0x31, 0xa9, 0x31,
    0x88, 0x31, 0xa9, 0x31, 0xa8, 0x31, 0xa3, 0x10, 0x00, 0x00, 0x00, 0x00, 0x00, 0x00, 0x00, 0x00,
    0x00, 0x00, 0x00, 0x00, 0x00, 0x00, 0x00, 0x00, 0x00, 0x00, 0x67, 0x29, 0x2b, 0x42, 0x4b, 0x4a,
    0x4b, 0x4a, 0x6c, 0x4a, 0x4b, 0x4a, 0x6c, 0x4a, 0x6c, 0x4a, 0x4b, 0x4a, 0x0a, 0x42, 0x2b, 0x42,
    0x0a, 0x42, 0xea, 0x39, 0xea, 0x39, 0xea, 0x39, 0xea, 0x39, 0xc9, 0x39, 0xa9, 0x31, 0xa9, 0x31,
    0x88, 0x31, 0xa9, 0x31, 0xa8, 0x31, 0x67, 0x29, 0x00, 0x00, 0x00, 0x00, 0x00, 0x00, 0x00, 0x00,
    0x00, 0x00, 0x00, 0x00, 0x00, 0x00, 0x00, 0x00, 0x00, 0x00, 0xc3, 0x18, 0x2b, 0x42, 0x4b, 0x4a,
    0x4b, 0x4a, 0x6c, 0x4a, 0x4b, 0x4a, 0x6c, 0x4a, 0x6c, 0x4a, 0x4b, 0x4a, 0x0a, 0x42, 0x2b, 0x42,
    0x0a, 0x42, 0xea, 0x39, 0xea, 0x39, 0xea, 0x39, 0xea, 0x39, 0xc9, 0x39, 0xa9, 0x31, 0xa9, 0x31,
    0x88, 0x31, 0xa9, 0x31, 0xa8, 0x31, 0xa9, 0x31, 0x00, 0x00, 0x00, 0x00, 0x00, 0x00, 0x00, 0x00,
    0x00, 0x00, 0x00, 0x00, 0x00, 0x00, 0x00, 0x00, 0x00, 0x00, 0x00, 0x00, 0x0a, 0x3a, 0x6c, 0x4a,
    0x4b, 0x4a, 0x6c, 0x4a, 0x4b, 0x4a, 0x6c, 0x4a, 0x6c, 0x4a, 0x4b, 0x4a, 0x2b, 0x42, 0x2b, 0x42,
    0x0a, 0x42, 0xea, 0x39, 0xea, 0x39, 0xea, 0x39, 0xea, 0x39, 0xc9, 0x39, 0xa9, 0x31, 0xa9, 0x31,
    0x88, 0x31, 0xa9, 0x31, 0xa8, 0x31, 0xea, 0x39, 0xa3, 0x10, 0x00, 0x00, 0x00, 0x00, 0x00, 0x00,
    0x00, 0x00, 0x00, 0x00, 0x00, 0x00, 0x00, 0x00, 0x00, 0x00, 0x00, 0x00, 0xa8, 0x31, 0x6c, 0x4a,
    0x4b, 0x4a, 0x4b, 0x4a, 0x4b, 0x4a, 0x6c, 0x4a, 0x6c, 0x4a, 0x4b, 0x4a, 0x2b, 0x42, 0x2b, 0x42,
    0x0a, 0x42, 0xea, 0x39, 0xea, 0x39, 0xea, 0x39, 0xc9, 0x39, 0xc9, 0x39, 0xa9, 0x31, 0xa9, 0x31,
    0x88, 0x31, 0xc9, 0x39, 0xa8, 0x31, 0xea, 0x39, 0x46, 0x29, 0x00, 0x00, 0x00, 0x00, 0x00, 0x00,
    0x00, 0x00, 0x00, 0x00, 0x00, 0x00, 0x00, 0x00, 0x00, 0x00, 0x00, 0x00, 0xc3, 0x18, 0x4b, 0x4a,
    0x6b, 0x4a, 0xea, 0x39, 0xea, 0x39, 0xea, 0x39, 0xea, 0x39, 0xea, 0x39, 0xc9, 0x39, 0xa9, 0x31,
    0xc9, 0x39, 0xa9, 0x31, 0xa9, 0x31, 0x88, 0x31, 0xa9, 0x31, 0x88, 0x31, 0x88, 0x31, 0x88, 0x31,
    0x87, 0x31, 0xc4, 0x18, 0x00, 0x00, 0x00, 0x00, 0x00, 0x00, 0x00, 0x00, 0x00, 0x00, 0x00, 0x00,
    0x00, 0x00, 0x00, 0x00, 0x00, 0x00, 0x00, 0x00, 0x00, 0x00, 0x00, 0x00, 0x05, 0x21, 0x4b, 0x4a,
    0x8c, 0x52, 0xc9, 0x39, 0xea, 0x39, 0xea, 0x39, 0xea, 0x39, 0xea, 0x39, 0xc9, 0x39, 0xa9, 0x31,
    0xc9, 0x39, 0xa9, 0x31, 0xa9, 0x31, 0x88, 0x31, 0xa9, 0x31, 0x88, 0x31, 0x88, 0x31, 0x88, 0x31,
    0xe9, 0x39, 0x46, 0x29, 0x00, 0x00, 0x00, 0x00, 0x00, 0x00, 0x00, 0x00, 0x00, 0x00, 0x00, 0x00,
    0x00, 0x00, 0x00, 0x00, 0x00, 0x00, 0x00, 0x00, 0xd0, 0x3a, 0x3f, 0xcf, 0x45, 0x29, 0x4b, 0x4a,
    0x8c, 0x52, 0xc9, 0x39, 0xc9, 0x39, 0xc9, 0x39, 0xea, 0x39, 0xc9, 0x39, 0xc9, 0x39, 0xa9, 0x31,
    0xc9, 0x39, 0xa9, 0x31, 0xa9, 0x31, 0x88, 0x31, 0xa9, 0x31, 0x88, 0x31, 0x73, 0x4b, 0x3f, 0xc7,
    0x0a, 0x3a, 0xa8, 0x31, 0x21, 0x00, 0x00, 0x00, 0x00, 0x00, 0x00, 0x00, 0x00, 0x00, 0x00, 0x00,
    0x00, 0x00, 0x00, 0x00, 0x00, 0x00, 0x00, 0x00, 0x00, 0x00, 0xd6, 0x53, 0x25, 0x21, 0x4b, 0x4a,
    0x6b, 0x4a, 0xc9, 0x39, 0xc9, 0x39, 0xc9, 0x39, 0xea, 0x39, 0xc9, 0x39, 0xc9, 0x39, 0xa9, 0x31,
    0xc9, 0x39, 0xa9, 0x31, 0xa9, 0x31, 0x88, 0x31, 0xa9, 0x31, 0x88, 0x31, 0x73, 0x4b, 0x3f, 0xc7,
    0x0a, 0x42, 0xc9, 0x39, 0xa3, 0x10, 0x00, 0x00, 0x00, 0x00, 0x00, 0x00, 0x00, 0x00, 0x00, 0x00,
    0x00, 0x00, 0x00, 0x00, 0x00, 0x00, 0x00, 0x00, 0x00, 0x00, 0x00, 0x00, 0xe4, 0x18, 0x09, 0x3a,
    0x2b, 0x42, 0x94, 0x53, 0x3f, 0xc7, 0xc9, 0x39, 0xea, 0x39, 0xc9, 0x39, 0xa9, 0x31, 0xa9, 0x31,
    0xa9, 0x31, 0xa9, 0x31, 0x88, 0x31, 0x88, 0x31, 0xa9, 0x31, 0x88, 0x31, 0x88, 0x31, 0xf7, 0x53,
    0x94, 0x53, 0x3f, 0xcf, 0xe4, 0x18, 0x00, 0x00, 0x00, 0x00, 0x00, 0x00, 0x00, 0x00, 0x00, 0x00,
    0x00, 0x00, 0x00, 0x00, 0x00, 0x00, 0x00, 0x00, 0x00, 0x00, 0x00, 0x00, 0x82, 0x10, 0xc8, 0x31,
    0xea, 0x39, 0x94, 0x53, 0x3f, 0xc7, 0xc9, 0x39, 0xc9, 0x39, 0xc9, 0x39, 0xa9, 0x31, 0xa9, 0x31,
    0xa9, 0x31, 0xa9, 0x31, 0x88, 0x31, 0x88, 0x31, 0x88, 0x31, 0x88, 0x31, 0x88, 0x31, 0xf7, 0x53,
    0xc9, 0x39, 0xc9, 0x31, 0x05, 0x21, 0x00, 0x00, 0x00, 0x00, 0x00, 0x00, 0x00, 0x00, 0x00, 0x00,
    0x00, 0x00, 0x00, 0x00, 0x00, 0x00, 0xd0, 0x3a, 0x3f, 0xcf, 0x00, 0x00, 0x00, 0x00, 0x87, 0x31,
    0xc9, 0x39, 0xc9, 0x39, 0x17, 0x5c, 0xc9, 0x39, 0xc9, 0x39, 0xc9, 0x39, 0xa9, 0x31, 0xa9, 0x31,
    0xa9, 0x31, 0x74, 0x4b, 0x3f, 0xc7, 0x3f, 0xc7, 0x88, 0x31, 0x88, 0x31, 0x88, 0x31, 0x88, 0x31,
    0xa9, 0x31, 0x0a, 0x3a, 0x46, 0x29, 0x00, 0x00, 0x00, 0x00, 0x00, 0x00, 0x00, 0x00, 0x00, 0x00,
    0x00, 0x00, 0x00, 0x00, 0x00, 0x00, 0xd0, 0x3a, 0x3f, 0xcf, 0x00, 0x00, 0x00, 0x00, 0x25, 0x21,
    0x37, 0x5c, 0xc9, 0x39, 0xc9, 0x39, 0xc9, 0x39, 0xc9, 0x39, 0xa9, 0x31, 0xa9, 0x31, 0xa9, 0x31,
    0xa9, 0x31, 0xa9, 0x31, 0x79, 0x5c, 0x3f, 0xc7, 0x88, 0x31, 0x73, 0x4b, 0x3f, 0xc7, 0x88, 0x31,
    0x88, 0x31, 0x0a, 0x3a, 0x67, 0x29, 0x00, 0x00, 0x00, 0x00, 0x00, 0x00, 0x00, 0x00, 0x00, 0x00,
    0x00, 0x00, 0x00, 0x00, 0x00, 0x00, 0xd0, 0x3a, 0x3f, 0xcf, 0x00, 0x00, 0x00, 0x00, 0x05, 0x21,
    0xa9, 0x31, 0xc9, 0x39, 0x17, 0x5c, 0xa9, 0x31, 0xc9, 0x39, 0xa9, 0x31, 0xa9, 0x31, 0x88, 0x31,
    0xa9, 0x31, 0xa9, 0x31, 0x73, 0x4b, 0x3f, 0xc7, 0x88, 0x31, 0x73, 0x4b, 0x3f, 0xc7, 0x88, 0x31,
    0x88, 0x31, 0x0a, 0x3a, 0x87, 0x31, 0x00, 0x00, 0x00, 0x00, 0x00, 0x00, 0x00, 0x00, 0x00, 0x00,
    0x00, 0x00, 0x00, 0x00, 0x00, 0x00, 0x00, 0x00, 0xd6, 0x53, 0x00, 0x00, 0x00, 0x00, 0x05, 0x21,
    0xa9, 0x31, 0xc9, 0x39, 0xc9, 0x39, 0xa9, 0x31, 0xc9, 0x39, 0xa9, 0x31, 0xa9, 0x31, 0x88, 0x31,
    0xa9, 0x31, 0xa9, 0x31, 0x73, 0x4b, 0x3f, 0xc7, 0x88, 0x31, 0x88, 0x31, 0x17, 0x5c, 0x88, 0x31,
    0x88, 0x31, 0x0a, 0x3a, 0x67, 0x29, 0x00, 0x00, 0x00, 0x00, 0x00, 0x00, 0x00, 0x00, 0x00, 0x00,
    0x00, 0x00, 0x00, 0x00, 0x00, 0x00, 0x00, 0x00, 0xd6, 0x53, 0x00, 0x00, 0x00, 0x00, 0x25, 0x21,
    0xc9, 0x39, 0xc9, 0x39, 0x73, 0x4b, 0x3f, 0xc7, 0xc9, 0x39, 0xa9, 0x31, 0xa9, 0x31, 0x88, 0x31,
    0xa9, 0x31, 0xa9, 0x31, 0x73, 0x4b, 0x3f, 0xc7, 0x88, 0x31, 0x88, 0x31, 0x88, 0x31, 0x88, 0x31,
    0x88, 0x31, 0x0a, 0x3a, 0x67, 0x29, 0xb5, 0x4b, 0x00, 0x00, 0x00, 0x00, 0x00, 0x00, 0x00, 0x00,
    0x00, 0x00, 0x00, 0x00, 0x00, 0x00, 0x00, 0x00, 0x00, 0x00, 0x00, 0x00, 0x00, 0x00, 0x05, 0x21,
    0xa9, 0x31, 0x94, 0x53, 0x3f, 0xc7, 0xa9, 0x31, 0xc9, 0x39, 0xa9, 0x31, 0xa9, 0x31, 0x88, 0x31,
    0xa9, 0x31, 0xa9, 0x31, 0x73, 0x4b, 0x3f, 0xc7, 0x88, 0x31, 0x88, 0x31, 0x88, 0x31, 0x53, 0x4b,
    0x3f, 0xcf, 0x0a, 0x3a, 0x66, 0x29, 0x00, 0x00, 0x00, 0x00, 0x00, 0x00, 0x00, 0x00, 0x00, 0x00,
    0x00, 0x00, 0x00, 0x00, 0x00, 0x00, 0x00, 0x00, 0x00, 0x00, 0x00, 0x00, 0x00, 0x00, 0xe5, 0x18,
    0xa9, 0x31, 0x94, 0x53, 0x3f, 0xc7, 0xa9, 0x31, 0xc9, 0x39, 0xa9, 0x31, 0xa9, 0x31, 0x88, 0x31,
    0xa9, 0x31, 0xa9, 0x31, 0x88, 0x31, 0xf7, 0x53, 0x88, 0x31, 0x88, 0x31, 0x88, 0x31, 0x53, 0x4b,
    0x3f, 0xcf, 0xea, 0x39, 0x67, 0x29, 0xb5, 0x4b, 0x00, 0x00, 0x00, 0x00, 0x00, 0x00, 0x00, 0x00,
    0x00, 0x00, 0x00, 0x00, 0x00, 0x00, 0x00, 0x00, 0x00, 0x00, 0x00, 0x00, 0x00, 0x00, 0xc4, 0x18,
    0xa9, 0x31, 0xc9, 0x39, 0x17, 0x5c, 0xa9, 0x31, 0xc9, 0x39, 0xa9, 0x31, 0xa9, 0x31, 0x88, 0x31,
    0xa9, 0x31, 0xa9, 0x31, 0x88, 0x31, 0xf7, 0x53, 0x88, 0x31, 0x88, 0x31, 0x88, 0x31, 0x53, 0x4b,
    0x3f, 0xcf, 0xe9, 0x39, 0xf6, 0x53, 0x00, 0x00, 0x00, 0x00, 0x00, 0x00, 0x00, 0x00, 0x00, 0x00,
    0x00, 0x00, 0x00, 0x00, 0x00, 0x00, 0x00, 0x00, 0x00, 0x00, 0x00, 0x00, 0x00, 0x00, 0x82, 0x10,
    0xa8, 0x31, 0xc9, 0x39, 0xc9, 0x39, 0xa9, 0x31, 0xc9, 0x39, 0xa9, 0x31, 0xa9, 0x31, 0x88, 0x31,
    0xa9, 0x31, 0xa9, 0x31, 0x88, 0x31, 0xf7, 0x53, 0x88, 0x31, 0x88, 0x31, 0x88, 0x31, 0x53, 0x4b,
    0x3f, 0xcf, 0xa8, 0x31, 0x82, 0x10, 0x00, 0x00, 0x00, 0x00, 0x00, 0x00, 0x00, 0x00, 0x00, 0x00,
    0x00, 0x00, 0x00, 0x00, 0x00, 0x00, 0x00, 0x00, 0x00, 0x00, 0x00, 0x00, 0x00, 0x00, 0x00, 0x00,
    0x88, 0x31, 0xc9, 0x39, 0xc9, 0x39, 0xc9, 0x39, 0xc9, 0x39, 0xc9, 0x39, 0xa9, 0x31, 0xa9, 0x31,
    0xa9, 0x31, 0xa9, 0x31, 0x88, 0x31, 0xf7, 0x53, 0x88, 0x31, 0x88, 0x31, 0x88, 0x31, 0x53, 0x4b,
    0xbd, 0x8d, 0x3f, 0xcf, 0x00, 0x00, 0x00, 0x00, 0x00, 0x00, 0x00, 0x00, 0x00, 0x00, 0x00, 0x00,
    0x00, 0x00, 0x00, 0x00, 0x00, 0x00, 0x00, 0x00, 0x00, 0x00, 0x00, 0x00, 0x00, 0x00, 0x00, 0x00,
    0x67, 0x29, 0xc9, 0x39, 0xc9, 0x39, 0xc9, 0x39, 0xc9, 0x39, 0x94, 0x53, 0x3f, 0xc7, 0xa9, 0x31,
    0xa9, 0x31, 0xa9, 0x31, 0x88, 0x31, 0x88, 0x31, 0x88, 0x31, 0x88, 0x31, 0x88, 0x31, 0x88, 0x31,
    0x17, 0x5c, 0xd6, 0x53, 0x00, 0x00, 0x00, 0x00, 0x00, 0x00, 0x00, 0x00, 0x00, 0x00, 0x00, 0x00,
    0x00, 0x00, 0x00, 0x00, 0x00, 0x00, 0x00, 0x00, 0x00, 0x00, 0x00, 0x00, 0xd0, 0x3a, 0x3f, 0xc7,
    0x17, 0x54, 0xc9, 0x39, 0xc9, 0x39, 0xc9, 0x39, 0xc9, 0x39, 0xc9, 0x39, 0x17, 0x5c, 0xa9, 0x31,
    0xa9, 0x31, 0xa9, 0x31, 0x88, 0x31, 0x88, 0x31, 0x88, 0x31, 0x88, 0x31, 0x88, 0x31, 0x88, 0x31,
    0x25, 0x21, 0x00, 0x00, 0x00, 0x00, 0x00, 0x00, 0x00, 0x00, 0x00, 0x00, 0x00, 0x00, 0x00, 0x00,
    0x00, 0x00, 0x00, 0x00, 0x00, 0x00, 0x00, 0x00, 0x00, 0x00, 0x00, 0x00, 0x00, 0x00, 0xb5, 0x4b,
    0xe4, 0x18, 0xc9, 0x39, 0xc9, 0x39, 0xc9, 0x39, 0xea, 0x39, 0xc9, 0x39, 0xa9, 0x31, 0xa9, 0x31,
    0xa9, 0x31, 0xa9, 0x31, 0x88, 0x31, 0x88, 0x31, 0x88, 0x31, 0x88, 0x31, 0x88, 0x31, 0x68, 0x29,
    0x32, 0x43, 0x3f, 0xcf, 0x00, 0x00, 0x00, 0x00, 0x00, 0x00, 0x00, 0x00, 0x00, 0x00, 0x00, 0x00,
    0x00, 0x00, 0x00, 0x00, 0x00, 0x00, 0x00, 0x00, 0x00, 0x00, 0x00, 0x00, 0x00, 0x00, 0x00, 0x00,
    0x82, 0x10, 0xc9, 0x39, 0xc9, 0x39, 0xc9, 0x39, 0xea, 0x39, 0xc9, 0x39, 0xc9, 0x39, 0xa9, 0x31,
    0xc9, 0x39, 0xa9, 0x31, 0x88, 0x31, 0x88, 0x31, 0x88, 0x31, 0x88, 0x31, 0x88, 0x31, 0x68, 0x29,
    0x82, 0x10, 0xd6, 0x53, 0xd0, 0x3a, 0x3f, 0xc7, 0x00, 0x00, 0x00, 0x00, 0x00, 0x00, 0x00, 0x00,
    0xa4, 0x10, 0xa4, 0x08, 0xa4, 0x08, 0xa4, 0x08, 0x12, 0x43, 0x3f, 0xcf, 0xa4, 0x08, 0xa4, 0x08,
    0xe8, 0x31, 0x98, 0x74, 0x3f, 0xc7, 0x94, 0x94, 0xb4, 0x94, 0x33, 0x84, 0xf1, 0x7b, 0xb0, 0x73,
    0x90, 0x73, 0x90, 0x73, 0xb0, 0x73, 0xd1, 0x7b, 0x12, 0x84, 0x73, 0x8c, 0x94, 0x94, 0x12, 0x84,
    0x05, 0x19, 0xa4, 0x08, 0xa4, 0x08, 0xa4, 0x08, 0xa4, 0x10, 0xa4, 0x08, 0xa4, 0x08, 0xa4, 0x08,
    0xa4, 0x10, 0xa4, 0x08, 0xa4, 0x08, 0xa4, 0x08, 0x12, 0x43, 0x3f, 0xcf, 0xa4, 0x08, 0xc4, 0x08,
    0x2d, 0x5b, 0x94, 0x94, 0x99, 0x6c, 0x94, 0x94, 0xb4, 0x94, 0x53, 0x8c, 0xf1, 0x7b, 0xb0, 0x73,
    0xb0, 0x73, 0x90, 0x73, 0xb0, 0x73, 0xd1, 0x7b, 0x32, 0x84, 0x74, 0x8c, 0x94, 0x94, 0xf1, 0x7b,
    0xe5, 0x18, 0xa4, 0x08, 0xa4, 0x08, 0xa4, 0x08, 0xa4, 0x10, 0xa4, 0x08, 0xa4, 0x08, 0xa4, 0x08,
    0x00, 0x00, 0x00, 0x00, 0x00, 0x00, 0x00, 0x00, 0x00, 0x00, 0xd6, 0x53, 0x00, 0x00, 0xe4, 0x18,
    0x2a, 0x42, 0xea, 0x39, 0xea, 0x39, 0xea, 0x39, 0xea, 0x39, 0xea, 0x39, 0xc9, 0x39, 0xa9, 0x31,
    0xc9, 0x39, 0x74, 0x4b, 0x3f, 0xc7, 0x88, 0x31, 0xa9, 0x31, 0x88, 0x31, 0x88, 0x31, 0x67, 0x29,
    0x20, 0x00, 0x00, 0x00, 0x00, 0x00, 0x00, 0x00, 0x00, 0x00, 0x00, 0x00, 0x00, 0x00, 0x00, 0x00,
    0x00, 0x00, 0x00, 0x00, 0x00, 0x00, 0x00, 0x00, 0x00, 0x00, 0x00, 0x00, 0x00, 0x00, 0xa8, 0x31,
    0x6b, 0x4a, 0xea, 0x39, 0xea, 0x39, 0xea, 0x39, 0x0a, 0x42, 0xea, 0x39, 0xc9, 0x39, 0xa9, 0x31,
    0xc9, 0x39, 0xa9, 0x31, 0x17, 0x5c, 0x88, 0x31, 0xa9, 0x31, 0x88, 0x31, 0x88, 0x31, 0x67, 0x29,
    0x21, 0x00, 0x00, 0x00, 0xd0, 0x3a, 0x3f, 0xc7, 0x00, 0x00, 0x00, 0x00, 0x00, 0x00, 0x00, 0x00,
    0x00, 0x00, 0x00, 0x00, 0x00, 0x00, 0x00, 0x00, 0x00, 0x00, 0x00, 0x00, 0x82, 0x10, 0x0a, 0x42,
    0x8c, 0x52, 0x94, 0x53, 0xbc, 0x85, 0x3f, 0xc7, 0x0a, 0x42, 0xea, 0x39, 0xc9, 0x39, 0xa9, 0x31,
    0xc9, 0x39, 0xa9, 0x31, 0xa9, 0x31, 0x88, 0x31, 0xa9, 0x31, 0x88, 0x31, 0x88, 0x31, 0x68, 0x29,
    0x82, 0x10, 0x00, 0x00, 0x00, 0x00, 0x00, 0x00, 0x00, 0x00, 0x00, 0x00, 0x00, 0x00, 0x00, 0x00,
    0x00, 0x00, 0x00, 0x00, 0x00, 0x00, 0x00, 0x00, 0x00, 0x00, 0x00, 0x00, 0x25, 0x21, 0x4b, 0x4a,
    0x8c, 0x52, 0xea, 0x39, 0xea, 0x39, 0x17, 0x5c, 0xea, 0x39, 0xea, 0x39, 0xc9, 0x39, 0xa9, 0x31,
    0xc9, 0x39, 0xa9, 0x31, 0xa9, 0x31, 0x88, 0x31, 0xa9, 0x31, 0x88, 0x31, 0x73, 0x4b, 0x3f, 0xc7,
    0xc4, 0x18, 0x00, 0x00, 0x00, 0x00, 0x00, 0x00, 0x00, 0x00, 0x00, 0x00, 0x00, 0x00, 0x00, 0x00,
    0x00, 0x00, 0x00, 0x00, 0x00, 0x00, 0x00, 0x00, 0x00, 0x00, 0x00, 0x00, 0x87, 0x31, 0x6c, 0x4a,
    0x6b, 0x4a, 0xea, 0x39, 0xea, 0x39, 0xea, 0x39, 0xea, 0x39, 0xea, 0x39, 0xc9, 0x39, 0xa9, 0x31,
    0xc9, 0x39, 0xa9, 0x31, 0xa9, 0x31, 0x88, 0x31, 0xa9, 0x31, 0x73, 0x4b, 0x3f, 0xc7, 0xf7, 0x53,
    0x66, 0x29, 0x00, 0x00, 0x00, 0x00, 0x00, 0x00, 0x00, 0x00, 0x00, 0x00, 0x00, 0x00, 0x00, 0x00,
    0x22, 0x21, 0x21, 0x21, 0x21, 0x21, 0x21, 0x21, 0x22, 0x21, 0x41, 0x21, 0xae, 0x73, 0x97, 0xad,
    0x16, 0xa5, 0x16, 0xa5, 0x16, 0xa5, 0x16, 0xa5, 0xf5, 0x9c, 0x94, 0x94, 0xf8, 0xff, 0xf8, 0xff,
    0xf9, 0xff, 0xf1, 0x7b, 0xf1, 0x7b, 0x12, 0x84, 0x73, 0x8c, 0xd5, 0x9c, 0xba, 0x6c, 0x16, 0xa5,
    0x32, 0x84, 0x83, 0x29, 0xf6, 0x53, 0x21, 0x21, 0x22, 0x21, 0x21, 0x21, 0x21, 0x21, 0x21, 0x21,
    0x22, 0x21, 0x21, 0x21, 0x21, 0x21, 0x21, 0x21, 0x16, 0x54, 0x42, 0x21, 0xcf, 0x7b, 0x77, 0xad,
    0x16, 0xa5, 0xd9, 0x7c, 0x3f, 0xc7, 0x16, 0xa5, 0xf5, 0x9c, 0x94, 0x94, 0xf8, 0xff, 0xf8, 0xff,
    0xf9, 0xff, 0xf1, 0x7b, 0xf1, 0x7b, 0x12, 0x84, 0x73, 0x8c, 0xb4, 0x94, 0x16, 0xa5, 0x16, 0xa5,
    0xf5, 0x9c, 0xaa, 0x52, 0x21, 0x21, 0x21, 0x21, 0x22, 0x21, 0x21, 0x21, 0x21, 0x21, 0x21, 0x21,
    0x22, 0x21, 0x21, 0x21, 0x21, 0x21, 0x21, 0x21, 0x22, 0x21, 0x41, 0x21, 0xae, 0x73, 0x15, 0x9d,
    0x16, 0xa5, 0x16, 0xa5, 0xba, 0x6c, 0x16, 0xa5, 0xf5, 0x9c, 0x74, 0x8c, 0xf8, 0xff, 0xf8, 0xff,
    0xf9, 0xff, 0xf1, 0x7b, 0x57, 0x6c, 0x3f, 0xc7, 0x53, 0x8c, 0xb4, 0x94, 0x16, 0xa5, 0x16, 0xa5,
    0x16, 0xa5, 0xaf, 0x73, 0x21, 0x21, 0x21, 0x21, 0x22, 0x21, 0x21, 0x21, 0x21, 0x21, 0x21, 0x21,
    0x22, 0x21, 0x21, 0x21, 0x21, 0x21, 0x21, 0x21, 0x22, 0x21, 0x21, 0x21, 0x0b, 0x63, 0xd5, 0x9c,
    0x16, 0xa5, 0x16, 0xa5, 0x16, 0xa5, 0x16, 0xa5, 0xd5, 0x9c, 0x73, 0x8c, 0xf8, 0xff, 0xf8, 0xff,
    0xf9, 0xff, 0xf1, 0x7b, 0xf1, 0x7b, 0x79, 0x64, 0x53, 0x8c, 0x94, 0x94, 0xf5, 0x9c, 0xd9, 0x7c,
    0xbd, 0x8d, 0x3f, 0xcf, 0xa4, 0x31, 0x21, 0x21, 0x22, 0x21, 0x21, 0x21, 0x21, 0x21, 0x21, 0x21,
    0x00, 0x00, 0x00, 0x00, 0x00, 0x00, 0x00, 0x00, 0x00, 0x00, 0x00, 0x00, 0xe4, 0x18, 0x0a, 0x42,
    0xc9, 0x39, 0xea, 0x39, 0xc9, 0x39, 0xc9, 0x39, 0xea, 0x39, 0x94, 0x53, 0x3f, 0xc7, 0xa9, 0x31,
    0xa9, 0x31, 0xa9, 0x31, 0xa9, 0x31, 0x88, 0x31, 0xa9, 0x31, 0x88, 0x31, 0x88, 0x31, 0x88, 0x31,
    0x17, 0x5c, 0x37, 0x5c, 0x04, 0x19, 0x00, 0x00, 0x00, 0x00, 0x00, 0x00, 0x00, 0x00, 0x00, 0x00,
    0x00, 0x00, 0x00, 0x00, 0x00, 0x00, 0x00, 0x00, 0x00, 0x00, 0x00, 0x00, 0xf0, 0x3a, 0x3f, 0xc7,
    0x37, 0x5c, 0xc9, 0x39, 0xc9, 0x39, 0xc9, 0x39, 0xc9, 0x39, 0xc9, 0x39, 0x17, 0x5c, 0xa9, 0x31,
    0xa9, 0x31, 0xa9, 0x31, 0x88, 0x31, 0x88, 0x31, 0x88, 0x31, 0x88, 0x31, 0x88, 0x31, 0x88, 0x31,
    0x88, 0x31, 0xea, 0x39, 0x46, 0x21, 0x00, 0x00, 0x00, 0x00, 0x00, 0x00, 0x00, 0x00, 0x00, 0x00,
    0x00, 0x00, 0x00, 0x00, 0x00, 0x00, 0x00, 0x00, 0x00, 0x00, 0x00, 0x00, 0x00, 0x00, 0x17, 0x54,
    0xc9, 0x39, 0xc9, 0x39, 0xc9, 0x39, 0xc9, 0x39, 0xc9, 0x39, 0xc9, 0x39, 0xa9, 0x31, 0xa9, 0x31,
    0xa9, 0x31, 0xa9, 0x31, 0x88, 0x31, 0x88, 0x31, 0x88, 0x31, 0x88, 0x31, 0x88, 0x31, 0x88, 0x31,
    0x73, 0x53, 0x3f, 0xcf, 0x87, 0x29, 0x20, 0x00, 0x00, 0x00, 0x00, 0x00, 0x00, 0x00, 0x00, 0x00,
    0x00, 0x00, 0x00, 0x00, 0x00, 0x00, 0x00, 0x00, 0x00, 0x00, 0x00, 0x00, 0x00, 0x00, 0x46, 0x21,
    0xc9, 0x39, 0xc9, 0x39, 0xc9, 0x39, 0xc9, 0x39, 0xc9, 0x39, 0xc9, 0x39, 0xa9, 0x31, 0xa9, 0x31,
    0xa9, 0x31, 0xa9, 0x31, 0x88, 0x31, 0x88, 0x31, 0x88, 0x31, 0x88, 0x31, 0x88, 0x31, 0x88, 0x31,
    0x88, 0x31, 0x38, 0x5c, 0x73, 0x4b, 0x3f, 0xc7, 0x00, 0x00, 0x00, 0x00, 0x00, 0x00, 0x00, 0x00,
    0x00, 0x00, 0x00, 0x00, 0x00, 0x00, 0x00, 0x00, 0xd0, 0x3a, 0x3f, 0xcf, 0x00, 0x00, 0x87, 0x31,
    0x4f, 0x6b, 0x16, 0x64, 0x3f, 0xc7, 0x4f, 0x6b, 0x2f, 0x63, 0x0e, 0x63, 0xcd, 0x5a, 0xad, 0x52,
    0xad, 0x52, 0x5b, 0x85, 0xad, 0x52, 0xad, 0x52, 0xcd, 0x5a, 0xee, 0x5a, 0x0e, 0x63, 0x0e, 0x63,
    0x2f, 0x63, 0x2e, 0x63, 0xed, 0x5a, 0x46, 0x29, 0x00, 0x00, 0x00, 0x00, 0x00, 0x00, 0x00, 0x00,
    0x00, 0x00, 0x00, 0x00, 0x00, 0x00, 0x00, 0x00, 0xd0, 0x3a, 0x3f, 0xcf, 0x00, 0x00, 0x25, 0x21,
    0x2e, 0x63, 0x4f, 0x6b, 0x58, 0x64, 0x2f, 0x63, 0x2f, 0x63, 0x0e, 0x63, 0xcd, 0x5a, 0xad, 0x52,
    0xad, 0x52, 0x5b, 0x85, 0xad, 0x52, 0xad, 0x52, 0xcd, 0x5a, 0xee, 0x5a, 0x0e, 0x63, 0x0e, 0x63,
    0x2f, 0x63, 0x2e, 0x63, 0x0e, 0x63, 0x87, 0x31, 0x00, 0x00, 0x00, 0x00, 0x00, 0x00, 0x00, 0x00,
    0x00, 0x00, 0x00, 0x00, 0x00, 0x00, 0x00, 0x00, 0x00, 0x00, 0xd6, 0x53, 0x00, 0x00, 0x82, 0x10,
    0x88, 0x31, 0xc9, 0x39, 0xa9, 0x31, 0xa9, 0x31, 0xc9, 0x39, 0xa9, 0x31, 0xa9, 0x31, 0x88, 0x31,
    0xa9, 0x31, 0x74, 0x4b, 0x3f, 0xc7, 0x88, 0x31, 0x88, 0x31, 0x88, 0x31, 0x88, 0x31, 0x88, 0x31,
    0xa9, 0x31, 0x0a, 0x3a, 0xc9, 0x39, 0x25, 0x21, 0x00, 0x00, 0x00, 0x00, 0x00, 0x00, 0x00, 0x00,
    0x00, 0x00, 0x00, 0x00, 0x00, 0x00, 0x00, 0x00, 0x00, 0x00, 0x00, 0x00, 0x00, 0x00, 0x00, 0x00,
    0x87, 0x31, 0xa9, 0x31, 0xa9, 0x31, 0xa9, 0x31, 0xc9, 0x39, 0xa9, 0x31, 0xa9, 0x31, 0x88, 0x31,
    0xa9, 0x31, 0xa9, 0x31, 0x17, 0x5c, 0x88, 0x31, 0x88, 0x31, 0x88, 0x31, 0x88, 0x31, 0x88, 0x31,
    0xc9, 0x39, 0xc9, 0x31, 0x73, 0x4b, 0x3f, 0xc7, 0x00, 0x00, 0x00, 0x00, 0x00, 0x00, 0x00, 0x00,
    0x00, 0x00, 0x00, 0x00, 0x00, 0x00, 0x00, 0x00, 0x00, 0x00, 0x00, 0x00, 0x00, 0x00, 0x00, 0x00,
    0x46, 0x29, 0x74, 0x4b, 0xbc, 0x85, 0x3f, 0xc7, 0xc9, 0x39, 0xa9, 0x31, 0xa9, 0x31, 0x88, 0x31,
    0xa9, 0x31, 0xa9, 0x31, 0x88, 0x31, 0x88, 0x31, 0x88, 0x31, 0x88, 0x31, 0x88, 0x31, 0x88, 0x31,
    0x0a, 0x3a, 0xc9, 0x31, 0xa8, 0x31, 0xa3, 0x10, 0x00, 0x00, 0x00, 0x00, 0x00, 0x00, 0x00, 0x00,
    0x00, 0x00, 0x00, 0x00, 0x00, 0x00, 0x00, 0x00, 0x00, 0x00, 0x00, 0x00, 0x00, 0x00, 0x00, 0x00,
    0x05, 0x21, 0xa9, 0x31, 0xa9, 0x31, 0x17, 0x54, 0xc9, 0x39, 0xa9, 0x31, 0xa9, 0x31, 0x88, 0x31,
    0xa9, 0x31, 0xa9, 0x31, 0x88, 0x31, 0x88, 0x31, 0x88, 0x31, 0x88, 0x31, 0x73, 0x4b, 0x3f, 0xc7,
    0x0a, 0x42, 0xc9, 0x39, 0x66, 0x29, 0x20, 0x00, 0x00, 0x00, 0x00, 0x00, 0x00, 0x00, 0x00, 0x00,
    0x00, 0x00, 0x00, 0x00, 0x00, 0x00, 0x00, 0x00, 0x00, 0x00, 0x00, 0x00, 0x00, 0x00, 0x00, 0x00,
    0xa3, 0x10, 0xa9, 0x31, 0xc9, 0x39, 0xa9, 0x31, 0xc9, 0x39, 0xc9, 0x39, 0xa9, 0x31, 0x88, 0x31,
    0xa9, 0x31, 0xa9, 0x31, 0x88, 0x31, 0x88, 0x31, 0x88, 0x31, 0x73, 0x4b, 0x3f, 0xc7, 0xf7, 0x53,
    0xe9, 0x39, 0x88, 0x31, 0xc4, 0x18, 0x00, 0x00, 0x00, 0x00, 0x00, 0x00, 0x00, 0x00, 0x00, 0x00,
    0x00, 0x00, 0x00, 0x00, 0x00, 0x00, 0x00, 0x00, 0x00, 0x00, 0x00, 0x00, 0x00, 0x00, 0x00, 0x00,
    0x41, 0x08, 0xa8, 0x31, 0xc9, 0x39, 0xa9, 0x31, 0xc9, 0x39, 0xc9, 0x39, 0xa9, 0x31, 0xa9, 0x31,
    0xa9, 0x31, 0xa9, 0x31, 0x88, 0x31, 0x88, 0x31, 0x88, 0x31, 0x88, 0x31, 0x17, 0x5c, 0x88, 0x31,
    0x87, 0x31, 0x05, 0x21, 0xb5, 0x4b, 0x00, 0x00, 0x00, 0x00, 0x00, 0x00, 0x00, 0x00, 0x00, 0x00,
    0x00, 0x00, 0x00, 0x00, 0x00, 0x00, 0x00, 0x00, 0xd6, 0x53, 0x00, 0x00, 0x00, 0x00, 0x00, 0x00,
    0x20, 0x00, 0x73, 0x4b, 0x3f, 0xc7, 0xc9, 0x39, 0xc9, 0x39, 0xc9, 0x39, 0xa9, 0x31, 0xa9, 0x31,
    0xa9, 0x31, 0xa9, 0x31, 0x88, 0x31, 0x88, 0x31, 0x88, 0x31, 0x88, 0x31, 0x88, 0x31, 0x88, 0x29,
    0xc3, 0x18, 0x20, 0x00, 0x00, 0x00, 0x00, 0x00, 0x00, 0x00, 0x00, 0x00, 0x00, 0x00, 0x00, 0x00,
    0x00, 0x00, 0x00, 0x00, 0x00, 0x00, 0x00, 0x00, 0x00, 0x00, 0x00, 0x00, 0x00, 0x00, 0x00, 0x00,
    0x00, 0x00, 0x88, 0x31, 0x17, 0x5c, 0xc9, 0x39, 0xea, 0x39, 0xc9, 0x39, 0xc9, 0x39, 0xa9, 0x31,
    0xa9, 0x31, 0xa9, 0x31, 0x73, 0x4b, 0x3f, 0xc7, 0x88, 0x31, 0x88, 0x31, 0x88, 0x31, 0x47, 0x29,
    0x00, 0x00, 0x00, 0x00, 0x00, 0x00, 0x00, 0x00, 0x00, 0x00, 0x00, 0x00, 0x00, 0x00, 0x00, 0x00,
    0x00, 0x00, 0x00, 0x00, 0x00, 0x00, 0x00, 0x00, 0x00, 0x00, 0x00, 0x00, 0x00, 0x00, 0x00, 0x00,
    0x00, 0x00, 0x88, 0x31, 0xc9, 0x39, 0xc9, 0x39, 0xea, 0x39, 0xc9, 0x39, 0xc9, 0x39, 0xa9, 0x31,
    0xa9, 0x31, 0xa9, 0x31, 0x88, 0x31, 0xf7, 0x53, 0x88, 0x31, 0x88, 0x31, 0x88, 0x31, 0x53, 0x4b,
    0xbd, 0x8d, 0x3f, 0xcf, 0x00, 0x00, 0x00, 0x00, 0x00, 0x00, 0x00, 0x00, 0x00, 0x00, 0x00, 0x00,
    0x00, 0x00, 0x00, 0x00, 0x00, 0x00, 0x00, 0x00, 0x00, 0x00, 0x00, 0x00, 0x00, 0x00, 0x00, 0x00,
    0x20, 0x00, 0xa9, 0x31, 0xc9, 0x39, 0xc9, 0x39, 0xea, 0x39, 0x94, 0x53, 0x3f, 0xc7, 0xa9, 0x31,
    0xc9, 0x39, 0xa9, 0x31, 0x88, 0x31, 0x88, 0x31, 0x88, 0x31, 0x88, 0x31, 0x88, 0x31, 0x67, 0x29,
    0xd6, 0x53, 0xd6, 0x53, 0x00, 0x00, 0x00, 0x00, 0x00, 0x00, 0x00, 0x00, 0x00, 0x00, 0x00, 0x00,
    0x00, 0x00, 0x00, 0x00, 0x00, 0x00, 0x00, 0x00, 0x00, 0x00, 0x00, 0x00, 0x00, 0x00, 0x00, 0x00,
    0x45, 0x29, 0xc9, 0x39, 0xc9, 0x39, 0xc9, 0x39, 0xea, 0x39, 0xc9, 0x39, 0x17, 0x5c, 0xa9, 0x31,
    0xc9, 0x39, 0xa9, 0x31, 0xa9, 0x31, 0x88, 0x31, 0x88, 0x31, 0x88, 0x31, 0x88, 0x31, 0x68, 0x29,
    0x62, 0x08, 0x00, 0x00, 0x00, 0x00, 0x00, 0x00, 0x00, 0x00, 0x00, 0x00, 0x00, 0x00, 0x00, 0x00,
    0x00, 0x00, 0x00, 0x00, 0x00, 0x00, 0x00, 0x00, 0x00, 0x00, 0x00, 0x00, 0x00, 0x00, 0xa2, 0x10,
    0x0a, 0x42, 0xc9, 0x39, 0xea, 0x39, 0xea, 0x39, 0xea, 0x39, 0xea, 0x39, 0xc9, 0x39, 0xa9, 0x31,
    0xc9, 0x39, 0xa9, 0x31, 0xa9, 0x31, 0x88, 0x31, 0xa9, 0x31, 0x88, 0x31, 0x88, 0x31, 0x68, 0x29,
    0xc3, 0x18, 0x00, 0x00, 0x00, 0x00, 0x00, 0x00, 0x00, 0x00, 0x00, 0x00, 0x00, 0x00, 0x00, 0x00,
    0x00, 0x00, 0x00, 0x00, 0x00, 0x00, 0x00, 0x00, 0x00, 0x00, 0x00, 0x00, 0x00, 0x00, 0x87, 0x31,
    0x4b, 0x4a, 0xea, 0x39, 0xea, 0x39, 0xea, 0x39, 0xea, 0x39, 0xea, 0x39, 0xc9, 0x39, 0xa9, 0x31,
    0xc9, 0x39, 0xa9, 0x31, 0xa9, 0x31, 0x88, 0x31, 0xa9, 0x31, 0x88, 0x31, 0x88, 0x31, 0x88, 0x31,
    0x25, 0x21, 0x00, 0x00, 0x00, 0x00, 0x00, 0x00, 0x00, 0x00, 0x00, 0x00, 0x00, 0x00, 0x00, 0x00,
    0x00, 0x00, 0x00, 0x00, 0x00, 0x00, 0x00, 0x00, 0x00, 0x00, 0x00, 0x00, 0xa3, 0x10, 0xe9, 0x39,
    0x2b, 0x42, 0xea, 0x39, 0xea, 0x39, 0xea, 0x39, 0xea, 0x39, 0xea, 0x39, 0xc9, 0x39, 0xa9, 0x31,
    0xc9, 0x39, 0xa9, 0x31, 0xa9, 0x31, 0x88, 0x31, 0xa9, 0x31, 0x88, 0x31, 0x88, 0x31, 0x88, 0x31,
    0x47, 0x29, 0x00, 0x00, 0x00, 0x00, 0x00, 0x00, 0x00, 0x00, 0x00, 0x00, 0x00, 0x00, 0x00, 0x00,
    0x00, 0x00, 0x00, 0x00, 0x00, 0x00, 0x00, 0x00, 0x00, 0x00, 0x00, 0x00, 0x46, 0x29, 0x0a, 0x42,
    0x0a, 0x42, 0xea, 0x39, 0xea, 0x39, 0xea, 0x39, 0xea, 0x39, 0xea, 0x39, 0xc9, 0x39, 0xa9, 0x31,
    0xc9, 0x39, 0xa9, 0x31, 0xa9, 0x31, 0x88, 0x31, 0xa9, 0x31, 0x88, 0x31, 0x88, 0x31, 0x88, 0x31,
    0x68, 0x29, 0x21, 0x00, 0x00, 0x00, 0x00, 0x00, 0x00, 0x00, 0x00, 0x00, 0x00, 0x00, 0x00, 0x00,
    0x00, 0x00, 0x00, 0x00, 0x00, 0x00, 0x00, 0x00, 0x00, 0x00, 0x00, 0x00, 0x87, 0x31, 0x4b, 0x4a,
    0xea, 0x39, 0xea, 0x39, 0xea, 0x39, 0xea, 0x39, 0xea, 0x39, 0xea, 0x39, 0xc9, 0x39, 0xa9, 0x31,
    0xc9, 0x39, 0xa9, 0x31, 0xa9, 0x31, 0x88, 0x31, 0xa9, 0x31, 0x88, 0x31, 0x88, 0x31, 0x88, 0x31,
    0x88, 0x31, 0xc3, 0x18, 0x00, 0x00, 0x00, 0x00, 0x00, 0x00, 0x00, 0x00, 0x00, 0x00, 0x00, 0x00,
    0x00, 0x00, 0x00, 0x00, 0x00, 0x00, 0x00, 0x00, 0x00, 0x00, 0x00, 0x00, 0xc8, 0x39, 0x4b, 0x42,
    0xea, 0x39, 0xea, 0x39, 0xea, 0x39, 0xea, 0x39, 0xea, 0x39, 0xc9, 0x39, 0xc9, 0x39, 0xa9, 0x31,
    0xc9, 0x39, 0xa9, 0x31, 0xa9, 0x31, 0x88, 0x31, 0xa9, 0x31, 0x88, 0x31, 0x88, 0x31, 0x88, 0x31,
    0x88, 0x31, 0x05, 0x21, 0x00, 0x00, 0x00, 0x00, 0x00, 0x00, 0x00, 0x00, 0x00, 0x00, 0x00, 0x00,
    0x00, 0x00, 0x00, 0x00, 0x00, 0x00, 0x00, 0x00, 0x00, 0x00, 0x00, 0x00, 0xa7, 0x31, 0x2b, 0x42,
    0xea, 0x39, 0xea, 0x39, 0xea, 0x39, 0xea, 0x39, 0xea, 0x39, 0xc9, 0x39, 0xc9, 0x39, 0xa9, 0x31,
    0xc9, 0x39, 0xa9, 0x31, 0xa9, 0x31, 0x88, 0x31, 0xa9, 0x31, 0x88, 0x31, 0x88, 0x31, 0x88, 0x31,
    0x88, 0x31, 0x46, 0x21, 0x00, 0x00, 0x00, 0x00, 0x00, 0x00, 0x00, 0x00, 0x00, 0x00, 0x00, 0x00,
    0x00, 0x00, 0x00, 0x00, 0x00, 0x00, 0x00, 0x00, 0x00, 0x00, 0x00, 0x00, 0x66, 0x29, 0x0a, 0x42,
    0xea, 0x39, 0xea, 0x39, 0xea, 0x39, 0xea, 0x39, 0xea, 0x39, 0xc9, 0x39, 0xc9, 0x39, 0xa9, 0x31,
    0xc9, 0x39, 0xa9, 0x31, 0xa9, 0x31, 0x88, 0x31, 0xa9, 0x31, 0x88, 0x31, 0x88, 0x31, 0x88, 0x31,
    0x88, 0x31, 0xa8, 0x31, 0x00, 0x00, 0x00, 0x00, 0x00, 0x00, 0x00, 0x00, 0x00, 0x00, 0x00, 0x00,
    0x00, 0x00, 0x00, 0x00, 0x00, 0x00, 0x00, 0x00, 0x00, 0x00, 0x00, 0x00, 0x26, 0x21, 0x0a, 0x42,
    0xea, 0x39, 0xea, 0x39, 0xea, 0x39, 0xc9, 0x39, 0xea, 0x39, 0xc9, 0x39, 0xc9, 0x39, 0xa9, 0x31,
    0xc9, 0x39, 0xa9, 0x31, 0xa9, 0x31, 0x88, 0x31, 0xa9, 0x31, 0x88, 0x31, 0x88, 0x31, 0x88, 0x31,
    0x88, 0x31, 0xc9, 0x39, 0x82, 0x10, 0x00, 0x00, 0x00, 0x00, 0x00, 0x00, 0x00, 0x00, 0x00, 0x00,
    0x00, 0x00, 0x00, 0x00, 0x00, 0x00, 0x00, 0x00, 0x00, 0x00, 0x00, 0x00, 0xa3, 0x10, 0x0a, 0x3a,
    0xea, 0x39, 0xea, 0x39, 0xea, 0x39, 0xc9, 0x39, 0xea, 0x39, 0xc9, 0x39, 0xc9, 0x39, 0xa9, 0x31,
    0xc9, 0x39, 0xa9, 0x31, 0xa9, 0x31, 0x88, 0x31, 0xa9, 0x31, 0x88, 0x31, 0x88, 0x31, 0x88, 0x31,
    0x88, 0x31, 0xc9, 0x39, 0x06, 0x19, 0x00, 0x00, 0x00, 0x00, 0x00, 0x00, 0x00, 0x00, 0x00, 0x00,
    0x00, 0x00, 0x00, 0x00, 0x00, 0x00, 0x00, 0x00, 0x00, 0x00, 0x00, 0x00, 0x00, 0x00, 0xea, 0x39,
    0xc9, 0x39, 0xea, 0x39, 0xc9, 0x39, 0xc9, 0x39, 0xea, 0x39, 0xc9, 0x39, 0xa9, 0x31, 0xa9, 0x31,
    0xa9, 0x31, 0xa9, 0x31, 0xa9, 0x31, 0x88, 0x31, 0xa9, 0x31, 0x88, 0x31, 0x88, 0x31, 0x88, 0x31,
    0x88, 0x31, 0xea, 0x39, 0x67, 0x29, 0x21, 0x00, 0x00, 0x00, 0x00, 0x00, 0x00, 0x00, 0x00, 0x00,
    0x00, 0x00, 0x00, 0x00, 0x00, 0x00, 0x00, 0x00, 0x00, 0x00, 0x00, 0x00, 0x00, 0x00, 0xa8, 0x31,
    0xc9, 0x39, 0xc9, 0x39, 0xc9, 0x39, 0xc9, 0x39, 0xc9, 0x39, 0xc9, 0x39, 0xa9, 0x31, 0xa9, 0x31,
    0xa9, 0x31, 0xa9, 0x31, 0x88, 0x31, 0x88, 0x31, 0x88, 0x31, 0x88, 0x31, 0x88, 0x31, 0x88, 0x31,
    0x88, 0x31, 0x0a, 0x3a, 0xa9, 0x31, 0xc4, 0x18, 0x00, 0x00, 0x00, 0x00, 0x00, 0x00, 0x00, 0x00,
    0x00, 0x00, 0x00, 0x00, 0x00, 0x00, 0x00, 0x00, 0x00, 0x00, 0x00, 0x00, 0x00, 0x00, 0x00, 0x00,
    0x05, 0x21, 0x0a, 0x3a, 0xa9, 0x31, 0xa9, 0x31, 0x88, 0x31, 0xa9, 0x31, 0xa9, 0x31, 0x88, 0x31,
    0x88, 0x31, 0x88, 0x31, 0x88, 0x31, 0x88, 0x31, 0x88, 0x31, 0x88, 0x31, 0x88, 0x31, 0x05, 0x21,
    0x00, 0x00, 0x00, 0x00, 0x00, 0x00, 0x00, 0x00, 0x00, 0x00, 0x00, 0x00, 0x00, 0x00, 0x00, 0x00,
    0x00, 0x00, 0x00, 0x00, 0x00, 0x00, 0x00, 0x00, 0x00, 0x00, 0x00, 0x00, 0x00, 0x00, 0x00, 0x00,
    0xe4, 0x18, 0x0a, 0x3a, 0xa9, 0x31, 0x88, 0x31, 0x88, 0x31, 0xa9, 0x31, 0x88, 0x31, 0x88, 0x31,
    0x88, 0x31, 0x88, 0x31, 0x88, 0x31, 0x88, 0x31, 0x88, 0x31, 0x88, 0x31, 0x88, 0x31, 0x26, 0x21,
    0x00, 0x00, 0x00, 0x00, 0x00, 0x00, 0x00, 0x00, 0x00, 0x00, 0x00, 0x00, 0x00, 0x00, 0x00, 0x00,
    0x00, 0x00, 0x00, 0x00, 0x00, 0x00, 0x00, 0x00, 0x00, 0x00, 0x00, 0x00, 0x00, 0x00, 0x00, 0x00,
    0xc3, 0x10, 0xc9, 0x39, 0x88, 0x31, 0x88, 0x31, 0x88, 0x31, 0xa9, 0x31, 0x88, 0x31, 0x88, 0x31,
    0x88, 0x31, 0x88, 0x31, 0x88, 0x31, 0x88, 0x31, 0x88, 0x31, 0x88, 0x31, 0x88, 0x31, 0x46, 0x29,
    0x00, 0x00, 0x00, 0x00, 0x00, 0x00, 0x00, 0x00, 0x00, 0x00, 0x00, 0x00, 0x00, 0x00, 0x00, 0x00,
    0x00, 0x00, 0x00, 0x00, 0x00, 0x00, 0x00, 0x00, 0x00, 0x00, 0xd0, 0x3a, 0x3f, 0xcf, 0x00, 0x00,
    0x82, 0x10, 0xa8, 0x31, 0x88, 0x31, 0x88, 0x31, 0x88, 0x31, 0x88, 0x31, 0x88, 0x31, 0x88, 0x31,
    0x88, 0x31, 0x88, 0x31, 0x88, 0x31, 0x88, 0x31, 0x88, 0x31, 0x88, 0x31, 0x88, 0x31, 0x67, 0x29,
    0x20, 0x00, 0x00, 0x00, 0x00, 0x00, 0x00, 0x00, 0x00, 0x00, 0x00, 0x00, 0x00, 0x00, 0x00, 0x00,
    0x00, 0x00, 0x00, 0x00, 0x00, 0x00, 0x00, 0x00, 0x00, 0x00, 0xd6, 0x53, 0x00, 0x00, 0x00, 0x00,
    0x21, 0x00, 0x88, 0x31, 0x88, 0x31, 0x88, 0x31, 0x88, 0x31, 0x88, 0x31, 0x88, 0x31, 0x88, 0x31,
    0x88, 0x31, 0x88, 0x31, 0x88, 0x31, 0x88, 0x31, 0x88, 0x31, 0x88, 0x31, 0x88, 0x31, 0x73, 0x4b,
    0x3f, 0xc7, 0x00, 0x00, 0x00, 0x00, 0x00, 0x00, 0x00, 0x00, 0x00, 0x00, 0x00, 0x00, 0x00, 0x00,
    0x00, 0x00, 0x00, 0x00, 0x00, 0x00, 0x00, 0x00, 0x00, 0x00, 0x00, 0x00, 0x00, 0x00, 0x00, 0x00,
    0x82, 0x10, 0x68, 0x29, 0x88, 0x31, 0x88, 0x31, 0x88, 0x31, 0x88, 0x31, 0x88, 0x31, 0x88, 0x31,
    0x88, 0x31, 0x88, 0x31, 0x88, 0x31, 0x88, 0x31, 0x88, 0x31, 0x88, 0x31, 0x88, 0x31, 0x73, 0x4b,
    0x3f, 0xc7, 0xd6, 0x53, 0x00, 0x00, 0x00, 0x00, 0x00, 0x00, 0x00, 0x00, 0x00, 0x00, 0x00, 0x00,
    0x00, 0x00, 0x00, 0x00, 0x00, 0x00, 0x00, 0x00, 0x00, 0x00, 0x00, 0x00, 0x00, 0x00, 0x00, 0x00,
    0xa3, 0x10, 0x68, 0x29, 0x73, 0x4b, 0x3f, 0xc7, 0x88, 0x31, 0x88, 0x31, 0x88, 0x31, 0x88, 0x31,
    0x88, 0x31, 0x88, 0x31, 0x88, 0x31, 0x88, 0x31, 0x88, 0x31, 0x88, 0x31, 0x88, 0x31, 0x17, 0x5c,
    0x87, 0x31, 0x62, 0x08, 0x00, 0x00, 0x00, 0x00, 0x00, 0x00, 0x00, 0x00, 0x00, 0x00, 0x00, 0x00,
    0x00, 0x00, 0x00, 0x00, 0x00, 0x00, 0x00, 0x00, 0x00, 0x00, 0x00, 0x00, 0x00, 0x00, 0x00, 0x00,
    0x11, 0x43, 0x3f, 0xcf, 0x17, 0x5c, 0x88, 0x31, 0x88, 0x31, 0x88, 0x31, 0x88, 0x31, 0x88, 0x31,
    0x88, 0x31, 0x88, 0x31, 0x73, 0x4b, 0x3f, 0xc7, 0x88, 0x31, 0x88, 0x31, 0x88, 0x31, 0x17, 0x5c,
    0xa8, 0x31, 0xa3, 0x10, 0x00, 0x00, 0x00, 0x00, 0x00, 0x00, 0x00, 0x00, 0x00, 0x00, 0x00, 0x00,
    0x00, 0x00, 0x00, 0x00, 0x00, 0x00, 0x00, 0x00, 0x00, 0x00, 0x00, 0x00, 0x00, 0x00, 0x00, 0x00,
    0xa3, 0x10, 0x68, 0x29, 0x73, 0x4b, 0x3f, 0xc7, 0x88, 0x31, 0x88, 0x31, 0x88, 0x31, 0x88, 0x31,
    0x88, 0x31, 0x88, 0x31, 0x17, 0x5c, 0x88, 0x31, 0x88, 0x31, 0x88, 0x31, 0x88, 0x31, 0x88, 0x31,
    0xa8, 0x31, 0xa3, 0x10, 0x00, 0x00, 0x00, 0x00, 0x00, 0x00, 0x00, 0x00, 0x00, 0x00, 0x00, 0x00,
    0x00, 0x00, 0x00, 0x00, 0x00, 0x00, 0x00, 0x00, 0xd0, 0x3a, 0x3f, 0xcf, 0x00, 0x00, 0x00, 0x00,
    0xa3, 0x10, 0x68, 0x29, 0x17, 0x5c, 0x88, 0x31, 0x88, 0x31, 0x88, 0x31, 0x88, 0x31, 0x88, 0x31,
    0x88, 0x31, 0x88, 0x31, 0x88, 0x31, 0x88, 0x31, 0x88, 0x31, 0x88, 0x31, 0x73, 0x4b, 0x3f, 0xc7,
    0x87, 0x31, 0xa3, 0x10, 0x00, 0x00, 0x00, 0x00, 0x00, 0x00, 0x00, 0x00, 0x00, 0x00, 0x00, 0x00,
    0x00, 0x00, 0x00, 0x00, 0x00, 0x00, 0x00, 0x00, 0xd0, 0x3a, 0x3f, 0xcf, 0x00, 0x00, 0x00, 0x00,
    0x83, 0x10, 0x67, 0x29, 0x88, 0x31, 0x88, 0x31, 0x88, 0x31, 0x88, 0x31, 0x88, 0x31, 0x88, 0x31,
    0x88, 0x31, 0x88, 0x31, 0x88, 0x31, 0x88, 0x31, 0x88, 0x31, 0x88, 0x31, 0x17, 0x5c, 0x88, 0x31,
    0x46, 0x29, 0x41, 0x08, 0x00, 0x00, 0xd0, 0x3a, 0x3f, 0xc7, 0x00, 0x00, 0x00, 0x00, 0x00, 0x00,
    0x00, 0x00, 0x00, 0x00, 0x00, 0x00, 0x00, 0x00, 0xb5, 0x4b, 0x00, 0x00, 0x00, 0x00, 0x00, 0x00,
    0x82, 0x10, 0x67, 0x29, 0x88, 0x31, 0x17, 0x5c, 0x88, 0x31, 0x88, 0x31, 0x88, 0x31, 0x88, 0x31,
    0x88, 0x31, 0x88, 0x31, 0x88, 0x31, 0x88, 0x31, 0x88, 0x31, 0x88, 0x31, 0x17, 0x5c, 0x88, 0x31,
    0x05, 0x19, 0x20, 0x00, 0x00, 0x00, 0x00, 0x00, 0x00, 0x00, 0x00, 0x00, 0x00, 0x00, 0x00, 0x00,
    0x00, 0x00, 0x00, 0x00, 0x00, 0x00, 0x00, 0x00, 0xb5, 0x4b, 0x00, 0x00, 0x00, 0x00, 0x00, 0x00,
    0x62, 0x08, 0x67, 0x29, 0x88, 0x31, 0x88, 0x31, 0x88, 0x31, 0x88, 0x31, 0x88, 0x31, 0x88, 0x31,
    0x88, 0x31, 0x88, 0x31, 0x88, 0x31, 0x73, 0x4b, 0x3f, 0xc7, 0x88, 0x31, 0x88, 0x31, 0x67, 0x29,
    0x62, 0x08, 0x00, 0x00, 0x00, 0x00, 0xd0, 0x3a, 0x3f, 0xc7, 0x00, 0x00, 0x00, 0x00, 0x00, 0x00,
    0x00, 0x00, 0x00, 0x00, 0x00, 0x00, 0x00, 0x00, 0xb5, 0x4b, 0x00, 0x00, 0x00, 0x00, 0x00, 0x00,
    0x62, 0x08, 0x67, 0x29, 0x73, 0x4b, 0x3f, 0xc7, 0x88, 0x31, 0x88, 0x31, 0x88, 0x31, 0x88, 0x31,
    0x88, 0x31, 0x88, 0x31, 0x88, 0x31, 0x73, 0x4b, 0x3f, 0xc7, 0x88, 0x31, 0x88, 0x31, 0x47, 0x29,
    0x62, 0x08, 0x00, 0x00, 0xd0, 0x3a, 0x3f, 0xc7, 0x00, 0x00, 0x00, 0x00, 0x00, 0x00, 0x00, 0x00,
    0x00, 0x00, 0x00, 0x00, 0x00, 0x00, 0x00, 0x00, 0x00, 0x00, 0x00, 0x00, 0x00, 0x00, 0x00, 0x00,
    0x41, 0x08, 0x67, 0x29, 0x17, 0x5c, 0x88, 0x31, 0x88, 0x31, 0x88, 0x31, 0x88, 0x31, 0x88, 0x31,
    0x88, 0x31, 0x88, 0x31, 0x88, 0x31, 0x73, 0x4b, 0x3f, 0xc7, 0x88, 0x31, 0x88, 0x31, 0x47, 0x29,
    0x41, 0x08, 0x00, 0x00, 0xd6, 0x53, 0x00, 0x00, 0x00, 0x00, 0x00, 0x00, 0x00, 0x00, 0x00, 0x00,
    0x00, 0x00, 0x00, 0x00, 0x00, 0x00, 0x00, 0x00, 0x00, 0x00, 0x00, 0x00, 0x00, 0x00, 0x00, 0x00,
    0x20, 0x00, 0x67, 0x29, 0x17, 0x5c, 0x88, 0x31, 0x88, 0x31, 0x88, 0x31, 0x88, 0x31, 0x88, 0x31,
    0x88, 0x31, 0x88, 0x31, 0x88, 0x31, 0x73, 0x4b, 0x3f, 0xc7, 0x88, 0x31, 0x88, 0x31, 0x47, 0x29,
    0x20, 0x00, 0x00, 0x00, 0x00, 0x00, 0x00, 0x00, 0x00, 0x00, 0x00, 0x00, 0x00, 0x00, 0x00, 0x00,
    0x00, 0x00, 0x00, 0x00, 0x00, 0x00, 0x00, 0x00, 0x00, 0x00, 0x00, 0x00, 0x00, 0x00, 0x00, 0x00,
    0x00, 0x00, 0x47, 0x29, 0x88, 0x31, 0x88, 0x31, 0x88, 0x31, 0x88, 0x31, 0x88, 0x31, 0x88, 0x31,
    0x88, 0x31, 0x88, 0x31, 0x88, 0x31, 0x17, 0x5c, 0x88, 0x31, 0x88, 0x31, 0x88, 0x31, 0x47, 0x29,
    0xd0, 0x3a, 0xbd, 0x8d, 0x3f, 0xcf, 0x00, 0x00, 0x00, 0x00, 0x00, 0x00, 0x00, 0x00, 0x00, 0x00,
    0x00, 0x00, 0x00, 0x00, 0x00, 0x00, 0x00, 0x00, 0x00, 0x00, 0x00, 0x00, 0x00, 0x00, 0x00, 0x00,
    0xd0, 0x3a, 0x3f, 0xcf, 0x88, 0x31, 0x88, 0x31, 0x88, 0x31, 0x88, 0x31, 0x73, 0x4b, 0x3f, 0xc7,
    0x88, 0x31, 0x88, 0x31, 0x88, 0x31, 0x88, 0x31, 0x88, 0x31, 0x88, 0x31, 0x88, 0x31, 0x46, 0x29,
    0x00, 0x00, 0xd6, 0x53, 0x00, 0x00, 0x00, 0x00, 0x00, 0x00, 0x00, 0x00, 0x00, 0x00, 0x00, 0x00,
    0x00, 0x00, 0x00, 0x00, 0x00, 0x00, 0x00, 0x00, 0x00, 0x00, 0x00, 0x00, 0x00, 0x00, 0xd0, 0x3a,
    0x3f, 0xc7, 0x46, 0x29, 0x88, 0x31, 0x88, 0x31, 0x88, 0x31, 0x88, 0x31, 0x88, 0x31, 0x88, 0x31,
    0x88, 0x31, 0x88, 0x31, 0x88, 0x31, 0x88, 0x31, 0x88, 0x31, 0x88, 0x31, 0x88, 0x31, 0x26, 0x21,
    0x00, 0x00, 0x00, 0x00, 0x00, 0x00, 0x00, 0x00, 0x00, 0x00, 0x00, 0x00, 0x00, 0x00, 0x00, 0x00,
    0x00, 0x00, 0x00, 0x00, 0x00, 0x00, 0x00, 0x00, 0x00, 0x00, 0x00, 0x00, 0x00, 0x00, 0xb5, 0x4b,
    0x00, 0x00, 0x25, 0x21, 0x88, 0x31, 0x88, 0x31, 0x88, 0x31, 0x88, 0x31, 0x88, 0x31, 0x88, 0x31,
    0x88, 0x31, 0x88, 0x31, 0x88, 0x31, 0x88, 0x31, 0x88, 0x31, 0x88, 0x31, 0x88, 0x31, 0x05, 0x21,
    0x00, 0x00, 0xd0, 0x3a, 0x3f, 0xcf, 0x00, 0x00, 0x00, 0x00, 0x00, 0x00, 0x00, 0x00, 0x00, 0x00,
    0xa4, 0x08, 0xa4, 0x10, 0xa4, 0x08, 0xa4, 0x08, 0xa4, 0x08, 0xa4, 0x10, 0xa4, 0x08, 0xa4, 0x08,
    0xa4, 0x08, 0x2a, 0x42, 0x73, 0x8c, 0x53, 0x8c, 0x53, 0x8c, 0x53, 0x8c, 0xf2, 0x7b, 0xb1, 0x73,
    0x90, 0x73, 0xb0, 0x73, 0xb1, 0x73, 0xd1, 0x7b, 0x12, 0x84, 0x73, 0x8c, 0x73, 0x8c, 0x2a, 0x3a,
    0xa4, 0x08, 0xf6, 0x53, 0xa4, 0x08, 0xd6, 0x53, 0xa4, 0x08, 0xa4, 0x10, 0xa4, 0x08, 0xa4, 0x08,
    0xa4, 0x08, 0xa4, 0x10, 0xa4, 0x08, 0xa4, 0x08, 0xa4, 0x08, 0xf6, 0x53, 0xa4, 0x08, 0xa4, 0x08,
    0xa4, 0x08, 0x2a, 0x42, 0x98, 0x74, 0x3f, 0xc7, 0x53, 0x8c, 0x53, 0x8c, 0xf1, 0x7b, 0xb1, 0x73,
    0x90, 0x73, 0xb0, 0x73, 0xb1, 0x73, 0xd1, 0x7b, 0x12, 0x84, 0x73, 0x8c, 0x73, 0x8c, 0x0a, 0x3a,
    0xa4, 0x08, 0xa4, 0x10, 0xa4, 0x08, 0xa4, 0x08, 0xa4, 0x08, 0xa4, 0x10, 0xa4, 0x08, 0xa4, 0x08,
    0x00, 0x00, 0x00, 0x00, 0x00, 0x00, 0x00, 0x00, 0x00, 0x00, 0xd0, 0x3a, 0x3f, 0xcf, 0x00, 0x00,
    0x00, 0x00, 0x05, 0x21, 0x17, 0x5c, 0xa9, 0x31, 0x88, 0x31, 0xa9, 0x31, 0xa9, 0x31, 0x88, 0x31,
    0x88, 0x31, 0x88, 0x31, 0x88, 0x31, 0x88, 0x31, 0x88, 0x31, 0x88, 0x31, 0x88, 0x31, 0x05, 0x21,
    0x00, 0x00, 0x00, 0x00, 0x00, 0x00, 0x00, 0x00, 0x00, 0x00, 0x00, 0x00, 0x00, 0x00, 0x00, 0x00,
    0x00, 0x00, 0x00, 0x00, 0x00, 0x00, 0x00, 0x00, 0x00, 0x00, 0xd6, 0x53, 0x00, 0x00, 0x00, 0x00,
    0x00, 0x00, 0x46, 0x29, 0xa9, 0x31, 0xa9, 0x31, 0x88, 0x31, 0xa9, 0x31, 0xa9, 0x31, 0x88, 0x31,
    0x88, 0x31, 0x88, 0x31, 0x73, 0x4b, 0x3f, 0xc7, 0x88, 0x31, 0x88, 0x31, 0x88, 0x31, 0x25, 0x21,
    0x00, 0x00, 0x00, 0x00, 0x00, 0x00, 0x00, 0x00, 0x00, 0x00, 0x00, 0x00, 0x00, 0x00, 0x00, 0x00,
    0x00, 0x00, 0x00, 0x00, 0x00, 0x00, 0x00, 0x00, 0x00, 0x00, 0x00, 0x00, 0x00, 0x00, 0x00, 0x00,
    0x00, 0x00, 0xa8, 0x31, 0xa9, 0x31, 0xa9, 0x31, 0x88, 0x31, 0xa9, 0x31, 0xa9, 0x31, 0x88, 0x31,
    0x88, 0x31, 0x88, 0x31, 0x17, 0x5c, 0x88, 0x31, 0x88, 0x31, 0x88, 0x31, 0x88, 0x31, 0x46, 0x29,
    0x00, 0x00, 0x00, 0x00, 0x00, 0x00, 0xb5, 0x4b, 0x00, 0x00, 0x00, 0x00, 0x00, 0x00, 0x00, 0x00,
    0x00, 0x00, 0x00, 0x00, 0x00, 0x00, 0x00, 0x00, 0x00, 0x00, 0x00, 0x00, 0x00, 0x00, 0x00, 0x00,
    0xa3, 0x10, 0xc9, 0x39, 0x17, 0x5c, 0x73, 0x4b, 0x3f, 0xc7, 0xa9, 0x31, 0xa9, 0x31, 0x88, 0x31,
    0x88, 0x31, 0x88, 0x31, 0x88, 0x31, 0x88, 0x31, 0x88, 0x31, 0x88, 0x31, 0x88, 0x31, 0x47, 0x29,
    0x00, 0x00, 0x00, 0x00, 0x00, 0x00, 0x00, 0x00, 0x00, 0x00, 0x00, 0x00, 0x00, 0x00, 0x00, 0x00,
    0x00, 0x00, 0x00, 0x00, 0x00, 0x00, 0x00, 0x00, 0x00, 0x00, 0x00, 0x00, 0x00, 0x00, 0x20, 0x00,
    0x45, 0x21, 0xa9, 0x31, 0xa9, 0x31, 0x17, 0x5c, 0x88, 0x31, 0xa9, 0x31, 0xa9, 0x31, 0x88, 0x31,
    0x88, 0x31, 0x88, 0x31, 0x88, 0x31, 0x88, 0x31, 0x88, 0x31, 0x88, 0x31, 0x88, 0x31, 0x53, 0x4b,
    0x3f, 0xc7, 0x00, 0x00, 0x00, 0x00, 0x00, 0x00, 0x00, 0x00, 0x00, 0x00, 0x00, 0x00, 0x00, 0x00,
    0x21, 0x21, 0x22, 0x21, 0x21, 0x21, 0x21, 0x21, 0x21, 0x21, 0x22, 0x21, 0x21, 0x21, 0x83, 0x29,
    0x0c, 0x63, 0xf5, 0x9c, 0xf5, 0x9c, 0xf5, 0x9c, 0xf5, 0x9c, 0xb4, 0x94, 0x53, 0x8c, 0xf8, 0xff,
    0xf8, 0xff, 0xf9, 0xff, 0x12, 0x84, 0x33, 0x84, 0x73, 0x8c, 0xf5, 0x9c, 0xd8, 0x7c, 0x3f, 0xc7,
    0xe6, 0x39, 0x22, 0x21, 0x50, 0x4b, 0x3f, 0xc7, 0x21, 0x21, 0x22, 0x21, 0x21, 0x21, 0x21, 0x21,
    0x21, 0x21, 0x22, 0x21, 0x21, 0x21, 0x21, 0x21, 0x30, 0x43, 0x3f, 0xcf, 0x21, 0x21, 0x83, 0x31,
    0x4d, 0x63, 0xf5, 0x9c, 0xf5, 0x9c, 0xf5, 0x9c, 0xf5, 0x9c, 0xb4, 0x94, 0x53, 0x8c, 0xf8, 0xff,
    0xf8, 0xff, 0xf9, 0xff, 0x12, 0x84, 0x33, 0x84, 0x73, 0x8c, 0xf5, 0x9c, 0xf5, 0x9c, 0xf5, 0x9c,
    0x69, 0x4a, 0x22, 0x21, 0xf6, 0x53, 0x21, 0x21, 0x21, 0x21, 0x22, 0x21, 0x21, 0x21, 0x21, 0x21,
    0x21, 0x21, 0x22, 0x21, 0x21, 0x21, 0x21, 0x21, 0xf5, 0x53, 0x22, 0x21, 0x21, 0x21, 0x62, 0x29,
    0x6e, 0x6b, 0xf5, 0x9c, 0xd8, 0x7c, 0x3f, 0xc7, 0xf5, 0x9c, 0xb4, 0x94, 0x53, 0x8c, 0xf8, 0xff,
    0xf8, 0xff, 0xf9, 0xff, 0x12, 0x84, 0x33, 0x84, 0x73, 0x8c, 0xd5, 0x9c, 0xf5, 0x9c, 0xf5, 0x9c,
    0xeb, 0x5a, 0x22, 0x21, 0x21, 0x21, 0x21, 0x21, 0x21, 0x21, 0x22, 0x21, 0x21, 0x21, 0x21, 0x21,
    0x21, 0x21, 0x22, 0x21, 0x21, 0x21, 0x21, 0x21, 0x21, 0x21, 0x22, 0x21, 0x21, 0x21, 0x42, 0x21,
    0x8e, 0x73, 0xf5, 0x9c, 0xba, 0x6c, 0xf5, 0x9c, 0xf5, 0x9c, 0xb4, 0x94, 0x73, 0x8c, 0xf8, 0xff,
    0xf8, 0xff, 0xf9, 0xff, 0x32, 0x84, 0x77, 0x74, 0x3f, 0xc7, 0xd5, 0x9c, 0xf5, 0x9c, 0xf5, 0x9c,
    0x4d, 0x6b, 0x43, 0x29, 0x21, 0x21, 0x21, 0x21, 0x21, 0x21, 0x22, 0x21, 0x21, 0x21, 0x21, 0x21,
    0x00, 0x00, 0x00, 0x00, 0x00, 0x00, 0x00, 0x00, 0x00, 0x00, 0x00, 0x00, 0x00, 0x00, 0x00, 0x00,
    0x46, 0x29, 0xa9, 0x31, 0x88, 0x31, 0x88, 0x31, 0x88, 0x31, 0x88, 0x31, 0x88, 0x31, 0x88, 0x31,
    0x88, 0x31, 0x88, 0x31, 0x88, 0x31, 0x17, 0x5c, 0x88, 0x31, 0x88, 0x31, 0x88, 0x31, 0x88, 0x31,
    0x53, 0x4b, 0xbd, 0x8d, 0x3f, 0xcf, 0x00, 0x00, 0x00, 0x00, 0x00, 0x00, 0x00, 0x00, 0x00, 0x00,
    0x00, 0x00, 0x00, 0x00, 0x00, 0x00, 0x00, 0x00, 0x00, 0x00, 0x00, 0x00, 0x00, 0x00, 0x00, 0x00,
    0x52, 0x4b, 0x3f, 0xcf, 0x88, 0x31, 0x88, 0x31, 0x88, 0x31, 0x88, 0x31, 0x73, 0x4b, 0x3f, 0xc7,
    0x88, 0x31, 0x88, 0x31, 0x88, 0x31, 0x88, 0x31, 0x88, 0x31, 0x88, 0x31, 0x88, 0x31, 0x88, 0x31,
    0x88, 0x31, 0xd6, 0x53, 0x00, 0x00, 0x00, 0x00, 0x00, 0x00, 0x00, 0x00, 0x00, 0x00, 0x00, 0x00,
    0x00, 0x00, 0x00, 0x00, 0x00, 0x00, 0x00, 0x00, 0x00, 0x00, 0x00, 0x00, 0x00, 0x00, 0xd0, 0x3a,
    0x3f, 0xc7, 0x88, 0x31, 0x88, 0x31, 0x88, 0x31, 0x88, 0x31, 0x88, 0x31, 0x88, 0x31, 0x88, 0x31,
    0x88, 0x31, 0x88, 0x31, 0x88, 0x31, 0x88, 0x31, 0x88, 0x31, 0x88, 0x31, 0x88, 0x31, 0x88, 0x31,
    0xa8, 0x31, 0xc3, 0x18, 0x00, 0x00, 0x00, 0x00, 0x00, 0x00, 0x00, 0x00, 0x00, 0x00, 0x00, 0x00,
    0x00, 0x00, 0x00, 0x00, 0x00, 0x00, 0x00, 0x00, 0x00, 0x00, 0x00, 0x00, 0x00, 0x00, 0xb5, 0x4b,
    0x05, 0x21, 0x88, 0x31, 0x88, 0x31, 0x88, 0x31, 0x88, 0x31, 0x88, 0x31, 0x88, 0x31, 0x88, 0x31,
    0x88, 0x31, 0x88, 0x31, 0x88, 0x31, 0x88, 0x31, 0x88, 0x31, 0x88, 0x31, 0x88, 0x31, 0x88, 0x31,
    0xa8, 0x31, 0x32, 0x4b, 0x3f, 0xcf, 0x00, 0x00, 0x00, 0x00, 0x00, 0x00, 0x00, 0x00, 0x00, 0x00,
    0x00, 0x00, 0x00, 0x00, 0x00, 0x00, 0x00, 0x00, 0x00, 0x00, 0x00, 0x00, 0x00, 0x00, 0x00, 0x00,
    0x05, 0x21, 0xac, 0x52, 0xee, 0x5a, 0xee, 0x5a, 0xed, 0x5a, 0x0e, 0x63, 0xcd, 0x5a, 0xcd, 0x5a,
    0xad, 0x52, 0x5b, 0x85, 0xcd, 0x5a, 0xcd, 0x5a, 0xcd, 0x5a, 0xee, 0x5a, 0xee, 0x5a, 0xcd, 0x5a,
    0x6b, 0x4a, 0x17, 0x5c, 0x20, 0x00, 0xb5, 0x4b, 0x00, 0x00, 0x00, 0x00, 0x00, 0x00, 0x00, 0x00,
    0x00, 0x00, 0x00, 0x00, 0x00, 0x00, 0x00, 0x00, 0x00, 0x00, 0xd6, 0x53, 0x00, 0x00, 0x00, 0x00,
    0x82, 0x10, 0x6b, 0x4a, 0xf6, 0x5b, 0x3f, 0xc7, 0xed, 0x5a, 0xee, 0x5a, 0xed, 0x5a, 0xcd, 0x5a,
    0xad, 0x52, 0x5b, 0x85, 0xcd, 0x5a, 0xcd, 0x5a, 0xed, 0x5a, 0xee, 0x5a, 0xee, 0x5a, 0xcd, 0x5a,
    0x29, 0x42, 0x45, 0x29, 0x20, 0x00, 0x00, 0x00, 0x00, 0x00, 0x00, 0x00, 0x00, 0x00, 0x00, 0x00,
    0x00, 0x00, 0x00, 0x00, 0x00, 0x00, 0x00, 0x00, 0x00, 0x00, 0xd0, 0x3a, 0x3f, 0xcf, 0x00, 0x00,
    0x00, 0x00, 0x46, 0x29, 0x17, 0x5c, 0x88, 0x31, 0x88, 0x31, 0x88, 0x31, 0x88, 0x31, 0x88, 0x31,
    0x88, 0x31, 0x88, 0x31, 0x88, 0x31, 0x88, 0x31, 0x88, 0x31, 0x88, 0x31, 0x88, 0x31, 0xa8, 0x31,
    0x05, 0x19, 0xc3, 0x18, 0x00, 0x00, 0x00, 0x00, 0x00, 0x00, 0x00, 0x00, 0x00, 0x00, 0x00, 0x00,
    0x00, 0x00, 0x00, 0x00, 0x00, 0x00, 0x00, 0x00, 0x00, 0x00, 0xd6, 0x53, 0x00, 0x00, 0x00, 0x00,
    0x00, 0x00, 0x25, 0x21, 0x88, 0x31, 0x88, 0x31, 0x88, 0x31, 0x88, 0x31, 0x88, 0x31, 0x88, 0x31,
    0x88, 0x31, 0x88, 0x31, 0x73, 0x4b, 0x3f, 0xc7, 0x88, 0x31, 0x88, 0x31, 0x88, 0x31, 0x88, 0x31,
    0xa3, 0x10, 0x41, 0x08, 0x00, 0x00, 0x00, 0x00, 0x00, 0x00, 0x00, 0x00, 0x00, 0x00, 0x00, 0x00,
    0x00, 0x00, 0x00, 0x00, 0x00, 0x00, 0x00, 0x00, 0x00, 0x00, 0x00, 0x00, 0x00, 0x00, 0x00, 0x00,
    0x00, 0x00, 0xe4, 0x18, 0x68, 0x29, 0x88, 0x31, 0x88, 0x31, 0x88, 0x31, 0x88, 0x31, 0x88, 0x31,
    0x88, 0x31, 0x88, 0x31, 0x17, 0x5c, 0x88, 0x31, 0x88, 0x31, 0x88, 0x31, 0x68, 0x29, 0x05, 0x21,
    0x21, 0x00, 0x00, 0x00, 0x00, 0x00, 0xb5, 0x4b, 0x00, 0x00, 0x00, 0x00, 0x00, 0x00, 0x00, 0x00,
    0x00, 0x00, 0x00, 0x00, 0x00, 0x00, 0x00, 0x00, 0x00, 0x00, 0x00, 0x00, 0x00, 0x00, 0x00, 0x00,
    0x00, 0x00, 0xc3, 0x18, 0x17, 0x5c, 0x73, 0x4b, 0x3f, 0xc7, 0x88, 0x31, 0x88, 0x31, 0x88, 0x31,
    0x88, 0x31, 0x88, 0x31, 0x88, 0x31, 0x88, 0x31, 0x88, 0x31, 0x88, 0x31, 0x68, 0x29, 0xa3, 0x10,
    0x00, 0x00, 0x00, 0x00, 0x00, 0x00, 0x00, 0x00, 0x00, 0x00, 0x00, 0x00, 0x00, 0x00, 0x00, 0x00,
    0x00, 0x00, 0x00, 0x00, 0x00, 0x00, 0x00, 0x00, 0x00, 0x00, 0x00, 0x00, 0x00, 0x00, 0x00, 0x00,
    0x00, 0x00, 0x82, 0x10, 0x68, 0x29, 0x17, 0x5c, 0x88, 0x31, 0x88, 0x31, 0x88, 0x31, 0x88, 0x31,
    0x88, 0x31, 0x88, 0x31, 0x88, 0x31, 0x88, 0x31, 0x88, 0x31, 0x88, 0x31, 0x68, 0x29, 0xf1, 0x42,
    0x3f, 0xc7, 0x00, 0x00, 0x00, 0x00, 0x00, 0x00, 0x00, 0x00, 0x00, 0x00, 0x00, 0x00, 0x00, 0x00,
    0x00, 0x00, 0x00, 0x00, 0x00, 0x00, 0x00, 0x00, 0x00, 0x00, 0x00, 0x00, 0x00, 0x00, 0x00, 0x00,
    0x00, 0x00, 0x82, 0x10, 0x67, 0x29, 0x88, 0x31, 0x88, 0x31, 0x88, 0x31, 0x88, 0x31, 0x88, 0x31,
    0x88, 0x31, 0x88, 0x31, 0x88, 0x31, 0x88, 0x31, 0x88, 0x31, 0x88, 0x31, 0x53, 0x4b, 0x3f, 0xc7,
    0x00, 0x00, 0x00, 0x00, 0xd0, 0x3a, 0x3f, 0xc7, 0x00, 0x00, 0x00, 0x00, 0x00, 0x00, 0x00, 0x00,
    0x00, 0x00, 0x00, 0x00, 0x00, 0x00, 0x00, 0x00, 0xd0, 0x3a, 0x3f, 0xcf, 0x00, 0x00, 0x00, 0x00,
    0x00, 0x00, 0x82, 0x10, 0x68, 0x29, 0x88, 0x31, 0x88, 0x31, 0x88, 0x31, 0x88, 0x31, 0x88, 0x31,
    0x88, 0x31, 0x88, 0x31, 0x88, 0x31, 0x88, 0x31, 0x88, 0x31, 0x88, 0x31, 0x68, 0x29, 0x62, 0x08,
    0x00, 0x00, 0x00, 0x00, 0xd6, 0x53, 0x00, 0x00, 0x00, 0x00, 0x00, 0x00, 0x00, 0x00, 0x00, 0x00,
    0x00, 0x00, 0x00, 0x00, 0x00, 0x00, 0x00, 0x00, 0xb5, 0x4b, 0x00, 0x00, 0x00, 0x00, 0x00, 0x00,
    0x00, 0x00, 0x82, 0x10, 0x53, 0x4b, 0x3f, 0xc7, 0x88, 0x31, 0x88, 0x31, 0x88, 0x31, 0x88, 0x31,
    0x88, 0x31, 0x88, 0x31, 0x88, 0x31, 0x88, 0x31, 0x88, 0x31, 0x88, 0x31, 0x68, 0x29, 0x62, 0x08,
    0x00, 0x00, 0x00, 0x00, 0x00, 0x00, 0x00, 0x00, 0x00, 0x00, 0x00, 0x00, 0x00, 0x00, 0x00, 0x00,
    0x00, 0x00, 0x00, 0x00, 0x00, 0x00, 0x00, 0x00, 0x00, 0x00, 0x00, 0x00, 0x00, 0x00, 0x00, 0x00,
    0x00, 0x00, 0xa3, 0x10, 0x17, 0x5c, 0x88, 0x31, 0x88, 0x31, 0xa9, 0x31, 0x88, 0x31, 0x88, 0x31,
    0x88, 0x31, 0x88, 0x31, 0x88, 0x31, 0x73, 0x4b, 0x3f, 0xc7, 0x88, 0x31, 0x88, 0x31, 0xa3, 0x10,
    0x00, 0x00, 0x00, 0x00, 0x00, 0x00, 0x00, 0x00, 0x00, 0x00, 0x00, 0x00, 0x00, 0x00, 0x00, 0x00,
    0x00, 0x00, 0x00, 0x00, 0x00, 0x00, 0x00, 0x00, 0x00, 0x00, 0x00, 0x00, 0x00, 0x00, 0x00, 0x00,
    0x00, 0x00, 0xe4, 0x18, 0x88, 0x31, 0x88, 0x31, 0x88, 0x31, 0x88, 0x31, 0x88, 0x31, 0x88, 0x31,
    0x88, 0x31, 0x88, 0x31, 0x88, 0x31, 0x17, 0x5c, 0x88, 0x31, 0x88, 0x31, 0x88, 0x31, 0xc4, 0x18,
    0xd0, 0x3a, 0xbd, 0x8d, 0x3f, 0xcf, 0x00, 0x00, 0x00, 0x00, 0x00, 0x00, 0x00, 0x00, 0x00, 0x00,
    0x00, 0x00, 0x00, 0x00, 0x00, 0x00, 0x00, 0x00, 0x00, 0x00, 0x00, 0x00, 0x00, 0x00, 0x00, 0x00,
    0x00, 0x00, 0x25, 0x21, 0x88, 0x31, 0x88, 0x31, 0x88, 0x31, 0xa9, 0x31, 0x73, 0x4b, 0x3f, 0xc7,
    0x88, 0x31, 0x88, 0x31, 0x88, 0x31, 0x88, 0x31, 0x88, 0x31, 0x88, 0x31, 0x88, 0x31, 0x05, 0x21,
    0x00, 0x00, 0xd6, 0x53, 0x00, 0x00, 0x00, 0x00, 0x00, 0x00, 0x00, 0x00, 0x00, 0x00, 0x00, 0x00,
    0x00, 0x00, 0x00, 0x00, 0x00, 0x00, 0x00, 0x00, 0x00, 0x00, 0x00, 0x00, 0x00, 0x00, 0x00, 0x00,
    0x00, 0x00, 0x67, 0x29, 0xa9, 0x31, 0x88, 0x31, 0x88, 0x31, 0xa9, 0x31, 0x88, 0x31, 0x88, 0x31,
    0x88, 0x31, 0x88, 0x31, 0x88, 0x31, 0x88, 0x31, 0x88, 0x31, 0x88, 0x31, 0x88, 0x31, 0x46, 0x29,
    0x00, 0x00, 0x00, 0x00, 0x00, 0x00, 0x00, 0x00, 0x00, 0x00, 0x00, 0x00, 0x00, 0x00, 0x00, 0x00,
    0x00, 0x00, 0x00, 0x00, 0x00, 0x00, 0x00, 0x00, 0x00, 0x00, 0x00, 0x00, 0x00, 0x00, 0x00, 0x00,
    0x20, 0x00, 0x68, 0x29, 0xa9, 0x31, 0xa9, 0x31, 0x88, 0x31, 0xa9, 0x31, 0x88, 0x31, 0x88, 0x31,
    0x88, 0x31, 0x88, 0x31, 0x88, 0x31, 0x88, 0x31, 0x88, 0x31, 0x88, 0x31, 0x88, 0x31, 0x67, 0x29,
    0x20, 0x00, 0x00, 0x00, 0x00, 0x00, 0x00, 0x00, 0x00, 0x00, 0x00, 0x00, 0x00, 0x00, 0x00, 0x00,
    0x00, 0x00, 0x00, 0x00, 0x00, 0x00, 0x00, 0x00, 0x00, 0x00, 0x00, 0x00, 0x00, 0x00, 0x00, 0x00,
    0xa3, 0x10, 0x88, 0x31, 0xa9, 0x31, 0xa9, 0x31, 0x88, 0x31, 0xa9, 0x31, 0xa9, 0x31, 0x88, 0x31,
    0x88, 0x31, 0x88, 0x31, 0x88, 0x31, 0x88, 0x31, 0x88, 0x31, 0x88, 0x31, 0x88, 0x31, 0x68, 0x29,
    0xa3, 0x10, 0x00, 0x00, 0x00, 0x00, 0x00, 0x00, 0x00, 0x00, 0x00, 0x00, 0x00, 0x00, 0x00, 0x00,
    0x00, 0x00, 0x00, 0x00, 0x00, 0x00, 0x00, 0x00, 0x00, 0x00, 0x00, 0x00, 0x00, 0x00, 0x00, 0x00,
    0x05, 0x21, 0xa9, 0x31, 0xa9, 0x31, 0xa9, 0x31, 0x88, 0x31, 0xa9, 0x31, 0xa9, 0x31, 0x88, 0x31,
    0x88, 0x31, 0x88, 0x31, 0x88, 0x31, 0x88, 0x31, 0x88, 0x31, 0x88, 0x31, 0x88, 0x31, 0x88, 0x31,
    0x05, 0x21, 0x00, 0x00, 0x00, 0x00, 0x00, 0x00, 0x00, 0x00, 0x00, 0x00, 0x00, 0x00, 0x00, 0x00,
    0x00, 0x00, 0x00, 0x00, 0x00, 0x00, 0x00, 0x00, 0x00, 0x00, 0x00, 0x00, 0x00, 0x00, 0x00, 0x00,
    0x87, 0x31, 0xa9, 0x31, 0xa9, 0x31, 0xa9, 0x31, 0x88, 0x31, 0xa9, 0x31, 0xa9, 0x31, 0x88, 0x31,
    0x88, 0x31, 0x88, 0x31, 0x88, 0x31, 0x88, 0x31, 0x88, 0x31, 0x88, 0x31, 0x88, 0x31, 0x88, 0x31,
    0x46, 0x29, 0x00, 0x00, 0x00, 0x00, 0x00, 0x00, 0x00, 0x00, 0x00, 0x00, 0x00, 0x00, 0x00, 0x00,
    0x00, 0x00, 0x00, 0x00, 0x00, 0x00, 0x00, 0x00, 0x00, 0x00, 0x00, 0x00, 0x00, 0x00, 0x41, 0x00,
    0x88, 0x31, 0xa9, 0x31, 0xa9, 0x31, 0xa9, 0x31, 0x88, 0x31, 0xa9, 0x31, 0xa9, 0x31, 0x88, 0x31,
    0x88, 0x31, 0x88, 0x31, 0x88, 0x31, 0x88, 0x31, 0x88, 0x31, 0x88, 0x31, 0x88, 0x31, 0x88, 0x31,
    0x47, 0x29, 0x21, 0x00, 0x00, 0x00, 0x00, 0x00, 0x00, 0x00, 0x00, 0x00, 0x00, 0x00, 0x00, 0x00,
    0x00, 0x00, 0x00, 0x00, 0x00, 0x00, 0x00, 0x00, 0x00, 0x00, 0x00, 0x00, 0x00, 0x00, 0x83, 0x10,
    0x88, 0x31, 0xa9, 0x31, 0xa9, 0x31, 0xa9, 0x31, 0x88, 0x31, 0xa9, 0x31, 0xa9, 0x31, 0x88, 0x31,
    0x88, 0x31, 0x88, 0x31, 0x88, 0x31, 0x88, 0x31, 0x88, 0x31, 0x88, 0x31, 0x88, 0x31, 0x88, 0x31,
    0x47, 0x29, 0x82, 0x10, 0x00, 0x00, 0x00, 0x00, 0x00, 0x00, 0x00, 0x00, 0x00, 0x00, 0x00, 0x00,
    0x00, 0x00, 0x00, 0x00, 0x00, 0x00, 0x00, 0x00, 0x00, 0x00, 0x00, 0x00, 0x00, 0x00, 0xa3, 0x10,
    0x88, 0x31, 0xa9, 0x31, 0xa9, 0x31, 0xa9, 0x31, 0x88, 0x31, 0xa9, 0x31, 0x88, 0x31, 0x88, 0x31,
    0x88, 0x31, 0x88, 0x31, 0x88, 0x31, 0x88, 0x31, 0x88, 0x31, 0x88, 0x31, 0x88, 0x31, 0x88, 0x31,
    0x67, 0x29, 0xa3, 0x10, 0x00, 0x00, 0x00, 0x00, 0x00, 0x00, 0x00, 0x00, 0x00, 0x00, 0x00, 0x00,
    0x00, 0x00, 0x00, 0x00, 0x00, 0x00, 0x00, 0x00, 0x00, 0x00, 0x00, 0x00, 0x00, 0x00, 0x83, 0x10,
    0x88, 0x31, 0xa9, 0x31, 0xa9, 0x31, 0x88, 0x31, 0x88, 0x31, 0xa9, 0x31, 0x88, 0x31, 0x88, 0x31,
    0x88, 0x31, 0x88, 0x31, 0x88, 0x31, 0x88, 0x31, 0x88, 0x31, 0x88, 0x31, 0x88, 0x31, 0x88, 0x31,
    0x67, 0x29, 0xa3, 0x10, 0x00, 0x00, 0x00, 0x00, 0x00, 0x00, 0x00, 0x00, 0x00, 0x00, 0x00, 0x00,
    0x00, 0x00, 0x00, 0x00, 0x00, 0x00, 0x00, 0x00, 0x00, 0x00, 0x00, 0x00, 0x00, 0x00, 0x62, 0x08,
    0x68, 0x29, 0xa9, 0x31, 0xa9, 0x31, 0x88, 0x31, 0x88, 0x31, 0x88, 0x31, 0x88, 0x31, 0x88, 0x31,
    0x88, 0x31, 0x88, 0x31, 0x88, 0x31, 0x88, 0x31, 0x88, 0x31, 0x88, 0x31, 0x88, 0x31, 0x88, 0x31,
    0x47, 0x29, 0x82, 0x10, 0x00, 0x00, 0x00, 0x00, 0x00, 0x00, 0x00, 0x00, 0x00, 0x00, 0x00, 0x00,
    0x00, 0x00, 0x00, 0x00, 0x00, 0x00, 0x00, 0x00, 0x00, 0x00, 0x00, 0x00, 0x00, 0x00, 0x20, 0x00,
    0x47, 0x29, 0xa9, 0x31, 0x88, 0x31, 0x88, 0x31, 0x88, 0x31, 0x88, 0x31, 0x88, 0x31, 0x88, 0x31,
    0x88, 0x31, 0x88, 0x31, 0x88, 0x31, 0x88, 0x31, 0x88, 0x31, 0x88, 0x31, 0x88, 0x31, 0x88, 0x31,
    0x67, 0x29, 0x21, 0x00, 0x00, 0x00, 0x00, 0x00, 0x00, 0x00, 0x00, 0x00, 0x00, 0x00, 0x00, 0x00,
    0x00, 0x00, 0x00, 0x00, 0x00, 0x00, 0x00, 0x00, 0x00, 0x00, 0x00, 0x00, 0x00, 0x00, 0x00, 0x00,
    0x26, 0x21, 0x88, 0x31, 0x88, 0x31, 0x88, 0x31, 0x88, 0x31, 0x88, 0x31, 0x88, 0x31, 0x88, 0x31,
    0x88, 0x31, 0x88, 0x31, 0x88, 0x31, 0x88, 0x31, 0x88, 0x31, 0x88, 0x31, 0x88, 0x31, 0x88, 0x31,
    0x88, 0x31, 0x82, 0x10, 0x00, 0x00, 0x00, 0x00, 0x00, 0x00, 0x00, 0x00, 0x00, 0x00, 0x00, 0x00,
    0x00, 0x00, 0x00, 0x00, 0x00, 0x00, 0x00, 0x00, 0x00, 0x00, 0x00, 0x00, 0x00, 0x00, 0x00, 0x00,
    0x00, 0x00, 0x00, 0x00, 0x46, 0x29, 0x88, 0x31, 0x88, 0x31, 0x88, 0x31, 0x88, 0x31, 0x88, 0x31,
    0x88, 0x31, 0x88, 0x31, 0x88, 0x31, 0x88, 0x31, 0x88, 0x31, 0x88, 0x31, 0x46, 0x29, 0x00, 0x00,
    0x00, 0x00, 0x00, 0x00, 0x00, 0x00, 0x00, 0x00, 0x00, 0x00, 0x00, 0x00, 0x00, 0x00, 0x00, 0x00,
    0x00, 0x00, 0x00, 0x00, 0x00, 0x00, 0x00, 0x00, 0x00, 0x00, 0x00, 0x00, 0x00, 0x00, 0x00, 0x00,
    0x00, 0x00, 0x00, 0x00, 0x46, 0x29, 0x88, 0x31, 0x88, 0x31, 0x88, 0x31, 0x88, 0x31, 0x88, 0x31,
    0x88, 0x31, 0x88, 0x31, 0x88, 0x31, 0x88, 0x31, 0x88, 0x31, 0x88, 0x31, 0x46, 0x29, 0x00, 0x00,
    0x00, 0x00, 0x00, 0x00, 0x00, 0x00, 0x00, 0x00, 0x00, 0x00, 0x00, 0x00, 0x00, 0x00, 0x00, 0x00,
    0x00, 0x00, 0x00, 0x00, 0x00, 0x00, 0x00, 0x00, 0x00, 0x00, 0x00, 0x00, 0x00, 0x00, 0x00, 0x00,
    0x00, 0x00, 0x00, 0x00, 0x46, 0x29, 0x88, 0x31, 0x88, 0x31, 0x88, 0x31, 0x88, 0x31, 0x88, 0x31,
    0x88, 0x31, 0x88, 0x31, 0x88, 0x31, 0x88, 0x31, 0x88, 0x31, 0x88, 0x31, 0x46, 0x29, 0x00, 0x00,
    0x00, 0x00, 0x00, 0x00, 0x00, 0x00, 0x00, 0x00, 0x00, 0x00, 0x00, 0x00, 0x00, 0x00, 0x00, 0x00,
    0x00, 0x00, 0x00, 0x00, 0x00, 0x00, 0x00, 0x00, 0x00, 0x00, 0x00, 0x00, 0x00, 0x00, 0x00, 0x00,
    0x00, 0x00, 0x00, 0x00, 0x46, 0x29, 0x88, 0x31, 0x88, 0x31, 0x88, 0x31, 0x88, 0x31, 0x88, 0x31,
    0x88, 0x31, 0x88, 0x31, 0x88, 0x31, 0x88, 0x31, 0x88, 0x31, 0x68, 0x29, 0x46, 0x29, 0x00, 0x00,
    0x00, 0x00, 0x00, 0x00, 0x00, 0x00, 0x00, 0x00, 0x00, 0x00, 0x00, 0x00, 0x00, 0x00, 0x00, 0x00,
    0x00, 0x00, 0x00, 0x00, 0x00, 0x00, 0x00, 0x00, 0x00, 0x00, 0xd0, 0x3a, 0x3f, 0xcf, 0x00, 0x00,
    0x00, 0x00, 0x00, 0x00, 0x26, 0x21, 0x88, 0x31, 0x88, 0x31, 0x88, 0x31, 0x88, 0x31, 0x88, 0x31,
    0x88, 0x31, 0x88, 0x31, 0x88, 0x31, 0x88, 0x31, 0x88, 0x31, 0x68, 0x29, 0x26, 0x21, 0x00, 0x00,
    0x00, 0x00, 0x00, 0x00, 0x00, 0x00, 0x00, 0x00, 0x00, 0x00, 0x00, 0x00, 0x00, 0x00, 0x00, 0x00,
    0x00, 0x00, 0x00, 0x00, 0x00, 0x00, 0x00, 0x00, 0x00, 0x00, 0x00, 0x00, 0xd6, 0x53, 0x00, 0x00,
    0x00, 0x00, 0x00, 0x00, 0x05, 0x21, 0x68, 0x29, 0x88, 0x31, 0x88, 0x31, 0x88, 0x31, 0x88, 0x31,
    0x88, 0x31, 0x88, 0x31, 0x88, 0x31, 0x88, 0x31, 0x88, 0x31, 0x67, 0x29, 0x05, 0x21, 0x00, 0x00,
    0x00, 0x00, 0xd0, 0x3a, 0x3f, 0xcf, 0x00, 0x00, 0x00, 0x00, 0x00, 0x00, 0x00, 0x00, 0x00, 0x00,
    0x00, 0x00, 0x00, 0x00, 0x00, 0x00, 0x00, 0x00, 0x00, 0x00, 0x00, 0x00, 0x00, 0x00, 0x00, 0x00,
    0x00, 0x00, 0x00, 0x00, 0xc4, 0x18, 0x67, 0x29, 0x88, 0x31, 0x88, 0x31, 0x88, 0x31, 0x88, 0x31,
    0x88, 0x31, 0x88, 0x31, 0x88, 0x31, 0x88, 0x31, 0x88, 0x31, 0x47, 0x29, 0xc4, 0x18, 0xd0, 0x3a,
    0x3f, 0xc7, 0x00, 0x00, 0xd6, 0x53, 0x00, 0x00, 0x00, 0x00, 0x00, 0x00, 0x00, 0x00, 0x00, 0x00,
    0x00, 0x00, 0x00, 0x00, 0x00, 0x00, 0x00, 0x00, 0x00, 0x00, 0x00, 0x00, 0x00, 0x00, 0x00, 0x00,
    0x00, 0x00, 0x00, 0x00, 0x11, 0x43, 0x3f, 0xcf, 0x68, 0x29, 0x88, 0x31, 0x88, 0x31, 0x88, 0x31,
    0x88, 0x31, 0x88, 0x31, 0x88, 0x31, 0x88, 0x31, 0x68, 0x29, 0x26, 0x21, 0x82, 0x10, 0xd0, 0x3a,
    0x3f, 0xc7, 0x00, 0x00, 0x00, 0x00, 0x00, 0x00, 0x00, 0x00, 0x00, 0x00, 0x00, 0x00, 0x00, 0x00,
    0x00, 0x00, 0x00, 0x00, 0x00, 0x00, 0x00, 0x00, 0x00, 0x00, 0x00, 0x00, 0x00, 0x00, 0x00, 0x00,
    0x00, 0x00, 0xb5, 0x4b, 0x21, 0x00, 0xf7, 0x53, 0x67, 0x29, 0x68, 0x29, 0x88, 0x31, 0x88, 0x31,
    0x88, 0x31, 0x88, 0x31, 0x73, 0x53, 0x3f, 0xcf, 0x67, 0x29, 0x05, 0x21, 0x21, 0x00, 0x00, 0x00,
    0xb5, 0x4b, 0x00, 0x00, 0x00, 0x00, 0x00, 0x00, 0x00, 0x00, 0x00, 0x00, 0x00, 0x00, 0x00, 0x00,
    0x00, 0x00, 0x00, 0x00, 0x00, 0x00, 0x00, 0x00, 0x00, 0x00, 0x00, 0x00, 0x00, 0x00, 0x00, 0x00,
    0x00, 0x00, 0x00, 0x00, 0xd0, 0x3a, 0x3f, 0xcf, 0x46, 0x29, 0x67, 0x29, 0x88, 0x31, 0x88, 0x31,
    0x88, 0x31, 0x88, 0x31, 0x88, 0x31, 0x17, 0x5c, 0x46, 0x29, 0xa3, 0x10, 0x00, 0x00, 0x00, 0x00,
    0xb5, 0x4b, 0x00, 0x00, 0x00, 0x00, 0x00, 0x00, 0x00, 0x00, 0x00, 0x00, 0x00, 0x00, 0x00, 0x00,
    0x00, 0x00, 0x00, 0x00, 0x00, 0x00, 0x00, 0x00, 0x00, 0x00, 0x00, 0x00, 0x00, 0x00, 0x00, 0x00,
    0x00, 0x00, 0x00, 0x00, 0x00, 0x00, 0x82, 0x10, 0x26, 0x21, 0x47, 0x29, 0x88, 0x31, 0x88, 0x31,
    0x88, 0x31, 0x68, 0x29, 0x88, 0x31, 0x67, 0x29, 0x26, 0x21, 0x82, 0x10, 0xd0, 0x3a, 0x3f, 0xcf,
    0xb5, 0x4b, 0x00, 0x00, 0x00, 0x00, 0x00, 0x00, 0x00, 0x00, 0x00, 0x00, 0x00, 0x00, 0x00, 0x00,
    0x00, 0x00, 0x00, 0x00, 0x00, 0x00, 0x00, 0x00, 0xd0, 0x3a, 0x3f, 0xc7, 0x00, 0x00, 0x00, 0x00,
    0x00, 0x00, 0x00, 0x00, 0x00, 0x00, 0xf1, 0x3a, 0x3f, 0xc7, 0x47, 0x29, 0x68, 0x29, 0x88, 0x31,
    0x88, 0x31, 0x68, 0x29, 0x68, 0x29, 0x67, 0x29, 0x05, 0x21, 0x62, 0x08, 0xd0, 0x3a, 0x3f, 0xcf,
    0x00, 0x00, 0x00, 0x00, 0x00, 0x00, 0x00, 0x00, 0x00, 0x00, 0x00, 0x00, 0x00, 0x00, 0x00, 0x00,
    0x00, 0x00, 0x00, 0x00, 0x00, 0x00, 0x00, 0x00, 0xd0, 0x3a, 0x3f, 0xc7, 0x00, 0x00, 0x00, 0x00,
    0x00, 0x00, 0x00, 0x00, 0x00, 0x00, 0x82, 0x10, 0xf6, 0x53, 0x47, 0x29, 0x88, 0x31, 0x88, 0x31,
    0x88, 0x31, 0x68, 0x29, 0x88, 0x31, 0x67, 0x29, 0x25, 0x21, 0x62, 0x08, 0x00, 0x00, 0xd6, 0x53,
    0x00, 0x00, 0x00, 0x00, 0x00, 0x00, 0x00, 0x00, 0x00, 0x00, 0x00, 0x00, 0x00, 0x00, 0x00, 0x00,
    0x00, 0x00, 0x00, 0x00, 0x00, 0x00, 0x00, 0x00, 0xd0, 0x3a, 0x3f, 0xc7, 0x00, 0x00, 0x00, 0x00,
    0x00, 0x00, 0x00, 0x00, 0x00, 0x00, 0xa3, 0x10, 0x46, 0x29, 0x67, 0x29, 0x88, 0x31, 0x88, 0x31,
    0x88, 0x31, 0x88, 0x31, 0x88, 0x31, 0x68, 0x29, 0x46, 0x29, 0xa3, 0x10, 0x00, 0x00, 0x00, 0x00,
    0x00, 0x00, 0x00, 0x00, 0x00, 0x00, 0x00, 0x00, 0x00, 0x00, 0x00, 0x00, 0x00, 0x00, 0x00, 0x00,
    0x00, 0x00, 0x00, 0x00, 0x00, 0x00, 0x00, 0x00, 0x00, 0x00, 0xb5, 0x4b, 0x00, 0x00, 0x00, 0x00,
    0x00, 0x00, 0x00, 0x00, 0xd0, 0x3a, 0x3f, 0xcf, 0x47, 0x29, 0x68, 0x29, 0x88, 0x31, 0x88, 0x31,
    0x88, 0x31, 0x88, 0x31, 0x88, 0x31, 0x88, 0x31, 0x47, 0x29, 0xe4, 0x18, 0x00, 0x00, 0x00, 0x00,
    0x00, 0x00, 0x00, 0x00, 0xd0, 0x3a, 0x3f, 0xcf, 0x00, 0x00, 0x00, 0x00, 0x00, 0x00, 0x00, 0x00,
    0x00, 0x00, 0x00, 0x00, 0x00, 0x00, 0x00, 0x00, 0x00, 0x00, 0xb5, 0x4b, 0x00, 0x00, 0x00, 0x00,
    0x00, 0x00, 0x00, 0x00, 0xf1, 0x3a, 0x3f, 0xcf, 0x68, 0x29, 0x88, 0x31, 0x88, 0x31, 0x88, 0x31,
    0x88, 0x31, 0x88, 0x31, 0x88, 0x31, 0x88, 0x31, 0x68, 0x29, 0x25, 0x21, 0x21, 0x00, 0x00, 0x00,
    0x00, 0x00, 0x00, 0x00, 0x00, 0x00, 0x00, 0x00, 0x00, 0x00, 0x00, 0x00, 0x00, 0x00, 0x00, 0x00,
    0x00, 0x00, 0x00, 0x00, 0x00, 0x00, 0x00, 0x00, 0x00, 0x00, 0x00, 0x00, 0x00, 0x00, 0x00, 0x00,
    0x00, 0x00, 0x00, 0x00, 0x82, 0x10, 0x17, 0x5c, 0x88, 0x31, 0x88, 0x31, 0x88, 0x31, 0x88, 0x31,
    0x88, 0x31, 0x88, 0x31, 0x88, 0x31, 0x73, 0x4b, 0x3f, 0xc7, 0x46, 0x29, 0x82, 0x10, 0x00, 0x00,
    0x00, 0x00, 0x00, 0x00, 0x00, 0x00, 0x00, 0x00, 0x00, 0x00, 0x00, 0x00, 0x00, 0x00, 0x00, 0x00,
    0x00, 0x00, 0x00, 0x00, 0x00, 0x00, 0x00, 0x00, 0x00, 0x00, 0x00, 0x00, 0x00, 0x00, 0x00, 0x00,
    0x00, 0x00, 0x00, 0x00, 0xa3, 0x10, 0x67, 0x29, 0x88, 0x31, 0x88, 0x31, 0x88, 0x31, 0x88, 0x31,
    0x88, 0x31, 0x88, 0x31, 0x88, 0x31, 0x88, 0x31, 0x17, 0x5c, 0x47, 0x29, 0xa3, 0x10, 0x00, 0x00,
    0x00, 0x00, 0x38, 0x54, 0x3f, 0xcf, 0x00, 0x00, 0x00, 0x00, 0x00, 0x00, 0x00, 0x00, 0x00, 0x00,
    0x00, 0x00, 0x00, 0x00, 0x00, 0x00, 0x00, 0x00, 0x00, 0x00, 0x00, 0x00, 0x00, 0x00, 0x00, 0x00,
    0xd0, 0x3a, 0x3f, 0xc7, 0xe4, 0x18, 0x68, 0x29, 0x88, 0x31, 0x88, 0x31, 0x88, 0x31, 0x17, 0x5c,
    0x88, 0x31, 0x88, 0x31, 0x88, 0x31, 0x88, 0x31, 0x88, 0x31, 0x67, 0x29, 0xe4, 0x18, 0x00, 0x00,
    0x00, 0x00, 0x00, 0x00, 0xd6, 0x53, 0x00, 0x00, 0x00, 0x00, 0x00, 0x00, 0x00, 0x00, 0x00, 0x00,
    0x00, 0x00, 0x00, 0x00, 0x00, 0x00, 0x00, 0x00, 0x00, 0x00, 0x00, 0x00, 0x00, 0x00, 0xd0, 0x3a,
    0x3f, 0xc7, 0xb5, 0x4b, 0x04, 0x21, 0x88, 0x31, 0x88, 0x31, 0x88, 0x31, 0x88, 0x31, 0x88, 0x31,
    0x88, 0x31, 0x88, 0x31, 0x88, 0x31, 0x88, 0x31, 0x88, 0x31, 0x68, 0x29, 0x04, 0x21, 0x00, 0x00,
    0x00, 0x00, 0x00, 0x00, 0x00, 0x00, 0x00, 0x00, 0x00, 0x00, 0x00, 0x00, 0x00, 0x00, 0x00, 0x00,
    0xa4, 0x08, 0xa4, 0x08, 0xa4, 0x10, 0xa4, 0x08, 0xa4, 0x08, 0xa4, 0x08, 0xa4, 0x10, 0xa4, 0x08,
    0xa4, 0x08, 0xa4, 0x08, 0x0a, 0x42, 0x32, 0x84, 0x32, 0x84, 0x32, 0x84, 0x33, 0x84, 0x32, 0x84,
    0x12, 0x84, 0xf2, 0x7b, 0x32, 0x84, 0x32, 0x84, 0x32, 0x84, 0x12, 0x84, 0x0a, 0x42, 0xa4, 0x08,
    0xa4, 0x08, 0x11, 0x3b, 0x3f, 0xcf, 0x12, 0x3b, 0x3f, 0xc7, 0xa4, 0x08, 0xa4, 0x10, 0xa4, 0x08,
    0xa4, 0x08, 0xa4, 0x08, 0xa4, 0x10, 0xa4, 0x08, 0xa4, 0x08, 0x11, 0x3b, 0x3f, 0xcf, 0xa4, 0x08,
    0xa4, 0x08, 0x83, 0x00, 0x4b, 0x4a, 0x32, 0x84, 0x32, 0x84, 0x32, 0x84, 0x53, 0x8c, 0x32, 0x84,
    0xf2, 0x7b, 0xf1, 0x7b, 0x12, 0x84, 0x33, 0x84, 0x32, 0x84, 0x32, 0x84, 0x4b, 0x4a, 0xa4, 0x08,
    0xa4, 0x08, 0xa4, 0x08, 0xf6, 0x53, 0xa4, 0x08, 0xd6, 0x53, 0xa4, 0x08, 0xa4, 0x10, 0xa4, 0x08,
    0x00, 0x00, 0x00, 0x00, 0x00, 0x00, 0x00, 0x00, 0x00, 0x00, 0x00, 0x00, 0xd6, 0x53, 0x00, 0x00,
    0x00, 0x00, 0x00, 0x00, 0x53, 0x4b, 0x3f, 0xcf, 0x88, 0x31, 0x88, 0x31, 0x88, 0x31, 0x88, 0x31,
    0x88, 0x31, 0x88, 0x31, 0x88, 0x31, 0x88, 0x31, 0x88, 0x31, 0x88, 0x31, 0x46, 0x29, 0x00, 0x00,
    0x00, 0x00, 0x00, 0x00, 0x00, 0x00, 0x00, 0x00, 0x00, 0x00, 0x00, 0x00, 0x00, 0x00, 0x00, 0x00,
    0x00, 0x00, 0x00, 0x00, 0x00, 0x00, 0x00, 0x00, 0x00, 0x00, 0xd0, 0x3a, 0x3f, 0xcf, 0x00, 0x00,
    0x00, 0x00, 0x00, 0x00, 0x46, 0x29, 0x17, 0x5c, 0x88, 0x31, 0x88, 0x31, 0x88, 0x31, 0x88, 0x31,
    0x88, 0x31, 0x88, 0x31, 0x88, 0x31, 0x88, 0x31, 0x88, 0x31, 0x88, 0x31, 0x46, 0x29, 0x00, 0x00,
    0x00, 0x00, 0x00, 0x00, 0x00, 0x00, 0x00, 0x00, 0x00, 0x00, 0x00, 0x00, 0x00, 0x00, 0x00, 0x00,
    0x00, 0x00, 0x00, 0x00, 0x00, 0x00, 0x00, 0x00, 0x00, 0x00, 0x00, 0x00, 0x00, 0x00, 0x00, 0x00,
    0x00, 0x00, 0x00, 0x00, 0x67, 0x29, 0x88, 0x31, 0x88, 0x31, 0x88, 0x31, 0x88, 0x31, 0x88, 0x31,
    0x88, 0x31, 0x88, 0x31, 0x73, 0x53, 0x3f, 0xcf, 0x88, 0x31, 0x88, 0x31, 0x67, 0x29, 0x20, 0x00,
    0x00, 0x00, 0x00, 0x00, 0x00, 0x00, 0xd0, 0x3a, 0x3f, 0xc7, 0x00, 0x00, 0x00, 0x00, 0x00, 0x00,
    0x00, 0x00, 0x00, 0x00, 0x00, 0x00, 0x00, 0x00, 0x00, 0x00, 0x00, 0x00, 0x00, 0x00, 0x00, 0x00,
    0x00, 0x00, 0x41, 0x08, 0x73, 0x4b, 0x3f, 0xcf, 0x88, 0x31, 0x88, 0x31, 0x88, 0x31, 0x88, 0x31,
    0x88, 0x31, 0x88, 0x31, 0x88, 0x31, 0x88, 0x31, 0x88, 0x31, 0x88, 0x31, 0x67, 0x29, 0x62, 0x08,
    0x00, 0x00, 0x00, 0x00, 0x00, 0x00, 0x00, 0x00, 0xb5, 0x4b, 0x00, 0x00, 0x00, 0x00, 0x00, 0x00,
    0x00, 0x00, 0x00, 0x00, 0x00, 0x00, 0x00, 0x00, 0x00, 0x00, 0x00, 0x00, 0x00, 0x00, 0x00, 0x00,
    0x00, 0x00, 0x83, 0x10, 0x68, 0x29, 0x79, 0x5c, 0x3f, 0xc7, 0x88, 0x31, 0x88, 0x31, 0x88, 0x31,
    0x88, 0x31, 0x88, 0x31, 0x88, 0x31, 0x88, 0x31, 0x88, 0x31, 0x88, 0x31, 0x68, 0x29, 0xa3, 0x10,
    0x00, 0x00, 0x00, 0x00, 0x00, 0x00, 0x00, 0x00, 0x00, 0x00, 0x00, 0x00, 0x00, 0x00, 0x00, 0x00,
    0x21, 0x21, 0x21, 0x21, 0x22, 0x21, 0x21, 0x21, 0x21, 0x21, 0x21, 0x21, 0x22, 0x21, 0x21, 0x21,
    0x21, 0x21, 0x27, 0x42, 0xb4, 0x94, 0xd5, 0x9c, 0xba, 0x6c, 0xd5, 0x9c, 0xd5, 0x9c, 0xb4, 0x94,
    0x74, 0x8c, 0xf8, 0xff, 0xf9, 0xff, 0xf9, 0xff, 0xd5, 0x9c, 0xd5, 0x9c, 0xb4, 0x94, 0xb3, 0x53,
    0x3f, 0xc7, 0x21, 0x21, 0x22, 0x21, 0x21, 0x21, 0x21, 0x21, 0x21, 0x21, 0x22, 0x21, 0x21, 0x21,
    0x21, 0x21, 0x21, 0x21, 0x22, 0x21, 0x21, 0x21, 0x21, 0x21, 0x21, 0x21, 0x22, 0x21, 0x21, 0x21,
    0x00, 0x19, 0x68, 0x4a, 0xb4, 0x94, 0xd5, 0x9c, 0xd5, 0x9c, 0xd5, 0x9c, 0xf5, 0x9c, 0xb4, 0x94,
    0x94, 0x94, 0xf8, 0xff, 0xf9, 0xff, 0xf9, 0xff, 0xd5, 0x9c, 0xd5, 0x9c, 0xb4, 0x94, 0x37, 0x5c,
    0xf5, 0x53, 0x21, 0x21, 0x51, 0x4b, 0x3f, 0xcf, 0x21, 0x21, 0x21, 0x21, 0x22, 0x21, 0x21, 0x21,
    0x21, 0x21, 0x21, 0x21, 0x22, 0x21, 0x21, 0x21, 0x30, 0x43, 0x3f, 0xc7, 0x22, 0x21, 0x21, 0x21,
    0x21, 0x21, 0x69, 0x4a, 0xb4, 0x94, 0xd5, 0x9c, 0xd5, 0x9c, 0xd5, 0x9c, 0xf5, 0x9c, 0xd5, 0x9c,
    0xb4, 0x94, 0xf8, 0xff, 0xf9, 0xff, 0xf9, 0xff, 0xd5, 0x9c, 0xd5, 0x9c, 0xb4, 0x94, 0x89, 0x4a,
    0x21, 0x21, 0x21, 0x21, 0x22, 0x21, 0xf6, 0x53, 0x21, 0x21, 0x21, 0x21, 0x22, 0x21, 0x21, 0x21,
    0x21, 0x21, 0x21, 0x21, 0x22, 0x21, 0x21, 0x21, 0x21, 0x21, 0xf5, 0x53, 0x22, 0x21, 0x21, 0x21,
    0x21, 0x21, 0x68, 0x4a, 0xb8, 0x74, 0x3f, 0xcf, 0xd5, 0x9c, 0xd5, 0x9c, 0xd5, 0x9c, 0xd5, 0x9c,
    0xb4, 0x94, 0xf8, 0xff, 0xf9, 0xff, 0xf9, 0xff, 0xd5, 0x9c, 0xd5, 0x9c, 0x94, 0x94, 0x68, 0x4a,
    0x21, 0x21, 0x21, 0x21, 0x22, 0x21, 0x21, 0x21, 0x21, 0x21, 0x21, 0x21, 0x22, 0x21, 0x21, 0x21,
    0x00, 0x00, 0x00, 0x00, 0x00, 0x00, 0x00, 0x00, 0x00, 0x00, 0x00, 0x00, 0x00, 0x00, 0x00, 0x00,
    0x00, 0x00, 0xc4, 0x18, 0x68, 0x29, 0x17, 0x5c, 0x88, 0x31, 0x88, 0x31, 0x88, 0x31, 0x88, 0x31,
    0x88, 0x31, 0x88, 0x31, 0x88, 0x31, 0x73, 0x4b, 0x3f, 0xc7, 0x88, 0x31, 0x68, 0x29, 0xe4, 0x18,
    0x00, 0x00, 0x00, 0x00, 0x00, 0x00, 0x00, 0x00, 0x00, 0x00, 0x00, 0x00, 0x00, 0x00, 0x00, 0x00,
    0x00, 0x00, 0x00, 0x00, 0x00, 0x00, 0x00, 0x00, 0x00, 0x00, 0x00, 0x00, 0x00, 0x00, 0x00, 0x00,
    0x00, 0x00, 0x82, 0x10, 0x67, 0x29, 0x88, 0x31, 0x88, 0x31, 0x88, 0x31, 0x88, 0x31, 0x88, 0x31,
    0x88, 0x31, 0x88, 0x31, 0x88, 0x31, 0x88, 0x31, 0x17, 0x5c, 0x68, 0x29, 0x67, 0x29, 0xa3, 0x10,
    0x00, 0x00, 0x38, 0x54, 0x3f, 0xcf, 0x00, 0x00, 0x00, 0x00, 0x00, 0x00, 0x00, 0x00, 0x00, 0x00,
    0x00, 0x00, 0x00, 0x00, 0x00, 0x00, 0x00, 0x00, 0x00, 0x00, 0x00, 0x00, 0x00, 0x00, 0x00, 0x00,
    0xd0, 0x3a, 0x3f, 0xc7, 0x26, 0x21, 0x68, 0x29, 0x88, 0x31, 0x88, 0x31, 0x88, 0x31, 0x17, 0x5c,
    0x88, 0x31, 0x88, 0x31, 0x88, 0x31, 0x88, 0x31, 0x88, 0x31, 0x67, 0x29, 0x26, 0x21, 0x21, 0x00,
    0x00, 0x00, 0x00, 0x00, 0xd6, 0x53, 0x00, 0x00, 0x00, 0x00, 0x00, 0x00, 0x00, 0x00, 0x00, 0x00,
    0x00, 0x00, 0x00, 0x00, 0x00, 0x00, 0x00, 0x00, 0x00, 0x00, 0x00, 0x00, 0x00, 0x00, 0xd0, 0x3a,
    0x3f, 0xc7, 0xb5, 0x4b, 0xc4, 0x18, 0x67, 0x29, 0x88, 0x31, 0x88, 0x31, 0x88, 0x31, 0x88, 0x31,
    0x88, 0x31, 0x88, 0x31, 0x88, 0x31, 0x88, 0x31, 0x88, 0x31, 0x47, 0x29, 0xc4, 0x18, 0x00, 0x00,
    0x00, 0x00, 0x00, 0x00, 0x00, 0x00, 0x00, 0x00, 0x00, 0x00, 0x00, 0x00, 0x00, 0x00, 0x00, 0x00,
    0x00, 0x00, 0x00, 0x00, 0x00, 0x00, 0x00, 0x00, 0x00, 0x00, 0x00, 0x00, 0x00, 0x00, 0x00, 0x00,
    0x00, 0x00, 0x00, 0x00, 0x62, 0x08, 0x87, 0x31, 0x6b, 0x4a, 0xcd, 0x5a, 0xed, 0x5a, 0xcd, 0x5a,
    0xcd, 0x5a, 0x5a, 0x85, 0xed, 0x5a, 0xcd, 0x5a, 0x6b, 0x4a, 0x87, 0x31, 0x62, 0x08, 0x00, 0x00,
    0x00, 0x00, 0xd0, 0x3a, 0x3f, 0xcf, 0xd0, 0x3a, 0x3f, 0xc7, 0x00, 0x00, 0x00, 0x00, 0x00, 0x00,
    0x00, 0x00, 0x00, 0x00, 0x00, 0x00, 0x00, 0x00, 0x00, 0x00, 0xd0, 0x3a, 0x3f, 0xcf, 0x00, 0x00,
    0x00, 0x00, 0x00, 0x00, 0x00, 0x00, 0xe4, 0x18, 0xe9, 0x39, 0x8c, 0x52, 0xcd, 0x5a, 0xcd, 0x5a,
    0xcd, 0x5a, 0x5a, 0x85, 0xcd, 0x5a, 0xac, 0x52, 0xe9, 0x39, 0xe4, 0x18, 0x00, 0x00, 0x00, 0x00,
    0x00, 0x00, 0x00, 0x00, 0xd6, 0x53, 0x00, 0x00, 0xb5, 0x4b, 0x00, 0x00, 0x00, 0x00, 0x00, 0x00,
    0x00, 0x00, 0x00, 0x00, 0x00, 0x00, 0x00, 0x00, 0x00, 0x00, 0x00, 0x00, 0xd6, 0x53, 0x00, 0x00,
    0x00, 0x00, 0x00, 0x00, 0xd0, 0x3a, 0x3f, 0xcf, 0x05, 0x21, 0x47, 0x29, 0x88, 0x31, 0x88, 0x31,
    0x88, 0x31, 0x68, 0x29, 0x88, 0x31, 0x67, 0x29, 0x05, 0x21, 0x41, 0x08, 0x00, 0x00, 0x00, 0x00,
    0x00, 0x00, 0x00, 0x00, 0x00, 0x00, 0x00, 0x00, 0x00, 0x00, 0x00, 0x00, 0x00, 0x00, 0x00, 0x00,
    0x00, 0x00, 0x00, 0x00, 0x00, 0x00, 0x00, 0x00, 0x00, 0x00, 0xd0, 0x3a, 0x3f, 0xcf, 0x00, 0x00,
    0x00, 0x00, 0x00, 0x00, 0x00, 0x00, 0xd6, 0x53, 0xe4, 0x18, 0x47, 0x29, 0x88, 0x31, 0x88, 0x31,
    0x88, 0x31, 0x68, 0x29, 0x88, 0x31, 0x47, 0x29, 0xe4, 0x18, 0x00, 0x00, 0x00, 0x00, 0x00, 0x00,
    0x00, 0x00, 0x00, 0x00, 0x00, 0x00, 0x00, 0x00, 0x00, 0x00, 0x00, 0x00, 0x00, 0x00, 0x00, 0x00,
    0x00, 0x00, 0x00, 0x00, 0x00, 0x00, 0x00, 0x00, 0x00, 0x00, 0x00, 0x00, 0x00, 0x00, 0x00, 0x00,
    0x00, 0x00, 0x00, 0x00, 0x00, 0x00, 0x00, 0x00, 0xe4, 0x18, 0x46, 0x29, 0x88, 0x31, 0x88, 0x31,
    0x88, 0x31, 0x68, 0x29, 0x73, 0x53, 0x3f, 0xcf, 0xe4, 0x18, 0x00, 0x00, 0x00, 0x00, 0x00, 0x00,
    0x00, 0x00, 0x00, 0x00, 0x00, 0x00, 0xd0, 0x3a, 0x3f, 0xc7, 0x00, 0x00, 0x00, 0x00, 0x00, 0x00,
    0x00, 0x00, 0x00, 0x00, 0x00, 0x00, 0x00, 0x00, 0x00, 0x00, 0x00, 0x00, 0x00, 0x00, 0x00, 0x00,
    0x00, 0x00, 0x00, 0x00, 0xd0, 0x3a, 0x3f, 0xcf, 0x05, 0x21, 0x47, 0x29, 0x88, 0x31, 0x88, 0x31,
    0x88, 0x31, 0x88, 0x31, 0x88, 0x31, 0x67, 0x29, 0x05, 0x21, 0x00, 0x00, 0x00, 0x00, 0x00, 0x00,
    0x00, 0x00, 0x00, 0x00, 0x00, 0x00, 0x00, 0x00, 0xb5, 0x4b, 0x00, 0x00, 0x00, 0x00, 0x00, 0x00,
    0x00, 0x00, 0x00, 0x00, 0x00, 0x00, 0x00, 0x00, 0x00, 0x00, 0x00, 0x00, 0x00, 0x00, 0x00, 0x00,
    0x00, 0x00, 0x00, 0x00, 0x00, 0x00, 0x59, 0x5c, 0x3f, 0xc7, 0x67, 0x29, 0x88, 0x31, 0x88, 0x31,
    0x88, 0x31, 0x88, 0x31, 0x88, 0x31, 0x68, 0x29, 0x26, 0x21, 0x20, 0x00, 0x00, 0x00, 0x00, 0x00,
    0x00, 0x00, 0x00, 0x00, 0x00, 0x00, 0x00, 0x00, 0x00, 0x00, 0x00, 0x00, 0x00, 0x00, 0x00, 0x00,
    0x00, 0x00, 0x00, 0x00, 0x00, 0x00, 0x00, 0x00, 0x00, 0x00, 0x00, 0x00, 0x00, 0x00, 0x00, 0x00,
    0x00, 0x00, 0x00, 0x00, 0x00, 0x00, 0x82, 0x10, 0xf7, 0x53, 0x68, 0x29, 0x88, 0x31, 0x88, 0x31,
    0x88, 0x31, 0x88, 0x31, 0x88, 0x31, 0x88, 0x31, 0x47, 0x29, 0x82, 0x10, 0x00, 0x00, 0xd0, 0x3a,
    0x3f, 0xc7, 0x00, 0x00, 0x00, 0x00, 0x00, 0x00, 0x00, 0x00, 0x00, 0x00, 0x00, 0x00, 0x00, 0x00,
    0x00, 0x00, 0x00, 0x00, 0x00, 0x00, 0x00, 0x00, 0x00, 0x00, 0x00, 0x00, 0x00, 0x00, 0x00, 0x00,
    0x00, 0x00, 0x00, 0x00, 0x00, 0x00, 0xe4, 0x18, 0x67, 0x29, 0x88, 0x31, 0x88, 0x31, 0x88, 0x31,
    0x88, 0x31, 0x88, 0x31, 0x88, 0x31, 0x88, 0x31, 0x67, 0x29, 0xc4, 0x18, 0x00, 0x00, 0xd6, 0x53,
    0xb5, 0x4b, 0x00, 0x00, 0xd0, 0x3a, 0x3f, 0xcf, 0x00, 0x00, 0x00, 0x00, 0x00, 0x00, 0x00, 0x00,
    0x00, 0x00, 0x00, 0x00, 0x00, 0x00, 0x00, 0x00, 0xd0, 0x3a, 0x3f, 0xc7, 0x00, 0x00, 0x00, 0x00,
    0x00, 0x00, 0x00, 0x00, 0x00, 0x00, 0x26, 0x21, 0x88, 0x31, 0x88, 0x31, 0x88, 0x31, 0x88, 0x31,
    0x88, 0x31, 0x88, 0x31, 0x88, 0x31, 0x88, 0x31, 0x88, 0x31, 0x25, 0x21, 0x00, 0x00, 0x00, 0x00,
    0x00, 0x00, 0x00, 0x00, 0x00, 0x00, 0xd6, 0x53, 0x00, 0x00, 0x00, 0x00, 0x00, 0x00, 0x00, 0x00,
    0x00, 0x00, 0x00, 0x00, 0x00, 0x00, 0x00, 0x00, 0x00, 0x00, 0xb5, 0x4b, 0x00, 0x00, 0x00, 0x00,
    0x00, 0x00, 0x00, 0x00, 0xf1, 0x3a, 0x3f, 0xcf, 0x88, 0x31, 0x88, 0x31, 0x88, 0x31, 0x88, 0x31,
    0x88, 0x31, 0x88, 0x31, 0x88, 0x31, 0x88, 0x31, 0x88, 0x31, 0x47, 0x29, 0x21, 0x00, 0x00, 0x00,
    0x00, 0x00, 0x00, 0x00, 0x00, 0x00, 0x00, 0x00, 0x00, 0x00, 0x00, 0x00, 0x00, 0x00, 0x00, 0x00,
    0x00, 0x00, 0x00, 0x00, 0x00, 0x00, 0x00, 0x00, 0x00, 0x00, 0x00, 0x00, 0x00, 0x00, 0x00, 0x00,
    0x00, 0x00, 0x00, 0x00, 0xa3, 0x10, 0x17, 0x5c, 0x88, 0x31, 0x88, 0x31, 0x88, 0x31, 0x88, 0x31,
    0x88, 0x31, 0x88, 0x31, 0x88, 0x31, 0x73, 0x4b, 0x3f, 0xc7, 0x67, 0x29, 0xa3, 0x10, 0x00, 0x00,
    0x00, 0x00, 0x00, 0x00, 0x00, 0x00, 0x00, 0x00, 0x00, 0x00, 0x00, 0x00, 0x00, 0x00, 0x00, 0x00,
    0x00, 0x00, 0x00, 0x00, 0x00, 0x00, 0x00, 0x00, 0x00, 0x00, 0x00, 0x00, 0x00, 0x00, 0x00, 0x00,
    0x00, 0x00, 0x00, 0x00, 0x05, 0x21, 0x88, 0x31, 0x88, 0x31, 0x88, 0x31, 0x88, 0x31, 0x88, 0x31,
    0x88, 0x31, 0x88, 0x31, 0x88, 0x31, 0x88, 0x31, 0x17, 0x5c, 0x68, 0x29, 0x05, 0x21, 0x00, 0x00,
    0x00, 0x00, 0x38, 0x54, 0x3f, 0xcf, 0x00, 0x00, 0x00, 0x00, 0x00, 0x00, 0x00, 0x00, 0x00, 0x00,
    0x00, 0x00, 0x00, 0x00, 0x00, 0x00, 0x00, 0x00, 0x00, 0x00, 0x00, 0x00, 0x00, 0x00, 0x00, 0x00,
    0x00, 0x00, 0x00, 0x00, 0x47, 0x29, 0x88, 0x31, 0x88, 0x31, 0x88, 0x31, 0x88, 0x31, 0x17, 0x5c,
    0x88, 0x31, 0x88, 0x31, 0x88, 0x31, 0x88, 0x31, 0x88, 0x31, 0x88, 0x31, 0x47, 0x29, 0x00, 0x00,
    0x00, 0x00, 0x00, 0x00, 0xd6, 0x53, 0x00, 0x00, 0x00, 0x00, 0x00, 0x00, 0x00, 0x00, 0x00, 0x00,
    0x00, 0x00, 0x00, 0x00, 0x00, 0x00, 0x00, 0x00, 0x00, 0x00, 0x00, 0x00, 0x00, 0x00, 0x00, 0x00,
    0x00, 0x00, 0x62, 0x08, 0x67, 0x29, 0x88, 0x31, 0x88, 0x31, 0x88, 0x31, 0x88, 0x31, 0x88, 0x31,
    0x88, 0x31, 0x88, 0x31, 0x88, 0x31, 0x88, 0x31, 0x88, 0x31, 0x88, 0x31, 0x67, 0x29, 0x82, 0x10,
    0x00, 0x00, 0x00, 0x00, 0x00, 0x00, 0x00, 0x00, 0x00, 0x00, 0x00, 0x00, 0x00, 0x00, 0x00, 0x00,
    0x00, 0x00, 0x00, 0x00, 0x00, 0x00, 0x00, 0x00, 0x00, 0x00, 0x00, 0x00, 0x00, 0x00, 0x00, 0x00,
    0x00, 0x00, 0xc4, 0x18, 0x88, 0x31, 0x88, 0x31, 0x88, 0x31, 0x88, 0x31, 0x88, 0x31, 0x88, 0x31,
    0x88, 0x31, 0x88, 0x31, 0x88, 0x31, 0x88, 0x31, 0x88, 0x31, 0x88, 0x31, 0x88, 0x31, 0xe4, 0x18,
    0x00, 0x00, 0x00, 0x00, 0x00, 0x00, 0x00, 0x00, 0x00, 0x00, 0x00, 0x00, 0x00, 0x00, 0x00, 0x00,
    0x00, 0x00, 0x00, 0x00, 0x00, 0x00, 0x00, 0x00, 0x00, 0x00, 0x00, 0x00, 0x00, 0x00, 0x00, 0x00,
    0x00, 0x00, 0x05, 0x21, 0x88, 0x31, 0x88, 0x31, 0x88, 0x31, 0x88, 0x31, 0x88, 0x31, 0x88, 0x31,
    0x88, 0x31, 0x88, 0x31, 0x88, 0x31, 0x88, 0x31, 0x88, 0x31, 0x88, 0x31, 0x88, 0x31, 0x26, 0x21,
    0x00, 0x00, 0x00, 0x00, 0x00, 0x00, 0x00, 0x00, 0x00, 0x00, 0x00, 0x00, 0x00, 0x00, 0x00, 0x00,
    0x00, 0x00, 0x00, 0x00, 0x00, 0x00, 0x00, 0x00, 0x00, 0x00, 0x00, 0x00, 0x00, 0x00, 0x00, 0x00,
    0x00, 0x00, 0x46, 0x29, 0x88, 0x31, 0x88, 0x31, 0x88, 0x31, 0x88, 0x31, 0x88, 0x31, 0x88, 0x31,
    0x88, 0x31, 0x88, 0x31, 0x88, 0x31, 0x88, 0x31, 0x88, 0x31, 0x88, 0x31, 0x88, 0x31, 0x46, 0x29,
    0x00, 0x00, 0x00, 0x00, 0x00, 0x00, 0x00, 0x00, 0x00, 0x00, 0x00, 0x00, 0x00, 0x00, 0x00, 0x00,
    0x00, 0x00, 0x00, 0x00, 0x00, 0x00, 0x00, 0x00, 0x00, 0x00, 0x00, 0x00, 0x00, 0x00, 0x00, 0x00,
    0x62, 0x08, 0x47, 0x29, 0x88, 0x31, 0x88, 0x31, 0x88, 0x31, 0x88, 0x31, 0x88, 0x31, 0x88, 0x31,
    0x88, 0x31, 0x88, 0x31, 0x88, 0x31, 0x88, 0x31, 0x88, 0x31, 0x88, 0x31, 0x88, 0x31, 0x67, 0x29,
    0x62, 0x08, 0x00, 0x00, 0x00, 0x00, 0x00, 0x00, 0x00, 0x00, 0x00, 0x00, 0x00, 0x00, 0x00, 0x00,
    0x00, 0x00, 0x00, 0x00, 0x00, 0x00, 0x00, 0x00, 0x00, 0x00, 0x00, 0x00, 0x00, 0x00, 0x00, 0x00,
    0x82, 0x10, 0x47, 0x29, 0x88, 0x31, 0x88, 0x31, 0x88, 0x31, 0x88, 0x31, 0x88, 0x31, 0x88, 0x31,
    0x88, 0x31, 0x88, 0x31, 0x88, 0x31, 0x88, 0x31, 0x88, 0x31, 0x88, 0x31, 0x88, 0x31, 0x67, 0x29,
    0x82, 0x10, 0x00, 0x00, 0x00, 0x00, 0x00, 0x00, 0x00, 0x00, 0x00, 0x00, 0x00, 0x00, 0x00, 0x00,
    0x00, 0x00, 0x00, 0x00, 0x00, 0x00, 0x00, 0x00, 0x00, 0x00, 0x00, 0x00, 0x00, 0x00, 0x00, 0x00,
    0x82, 0x10, 0x47, 0x29, 0x88, 0x31, 0x88, 0x31, 0x88, 0x31, 0x88, 0x31, 0x88, 0x31, 0x88, 0x31,
    0x88, 0x31, 0x88, 0x31, 0x88, 0x31, 0x88, 0x31, 0x88, 0x31, 0x88, 0x31, 0x88, 0x31, 0x67, 0x29,
    0x82, 0x10, 0x00, 0x00, 0x00, 0x00, 0x00, 0x00, 0x00, 0x00, 0x00, 0x00, 0x00, 0x00, 0x00, 0x00,
    0x00, 0x00, 0x00, 0x00, 0x00, 0x00, 0x00, 0x00, 0x00, 0x00, 0x00, 0x00, 0x00, 0x00, 0x00, 0x00,
    0x62, 0x08, 0x47, 0x29, 0x88, 0x31, 0x88, 0x31, 0x88, 0x31, 0x88, 0x31, 0x88, 0x31, 0x88, 0x31,
    0x88, 0x31, 0x88, 0x31, 0x88, 0x31, 0x88, 0x31, 0x88, 0x31, 0x88, 0x31, 0x88, 0x31, 0x47, 0x29,
    0x62, 0x08, 0x00, 0x00, 0x00, 0x00, 0x00, 0x00, 0x00, 0x00, 0x00, 0x00, 0x00, 0x00, 0x00, 0x00,
    0x00, 0x00, 0x00, 0x00, 0x00, 0x00, 0x00, 0x00, 0x00, 0x00, 0x00, 0x00, 0x00, 0x00, 0x00, 0x00,
    0x20, 0x00, 0x26, 0x21, 0x88, 0x31, 0x88, 0x31, 0x88, 0x31, 0x88, 0x31, 0x88, 0x31, 0x88, 0x31,
    0x88, 0x31, 0x88, 0x31, 0x88, 0x31, 0x88, 0x31, 0x88, 0x31, 0x88, 0x31, 0x88, 0x31, 0x46, 0x29,
    0x20, 0x00, 0x00, 0x00, 0x00, 0x00, 0x00, 0x00, 0x00, 0x00, 0x00, 0x00, 0x00, 0x00, 0x00, 0x00,
    0x00, 0x00, 0x00, 0x00, 0x00, 0x00, 0x00, 0x00, 0x00, 0x00, 0x00, 0x00, 0x00, 0x00, 0x00, 0x00,
    0x00, 0x00, 0xe4, 0x18, 0x68, 0x29, 0x88, 0x31, 0x88, 0x31, 0x88, 0x31, 0x88, 0x31, 0x88, 0x31,
    0x88, 0x31, 0x88, 0x31, 0x88, 0x31, 0x88, 0x31, 0x88, 0x31, 0x88, 0x31, 0x68, 0x29, 0x05, 0x21,
    0x00, 0x00, 0x00, 0x00, 0x00, 0x00, 0x00, 0x00, 0x00, 0x00, 0x00, 0x00, 0x00, 0x00, 0x00, 0x00,
    0x00, 0x00, 0x00, 0x00, 0x00, 0x00, 0x00, 0x00, 0x00, 0x00, 0x00, 0x00, 0x00, 0x00, 0x00, 0x00,
    0x00, 0x00, 0x82, 0x10, 0x67, 0x29, 0x88, 0x31, 0x88, 0x31, 0x88, 0x31, 0x88, 0x31, 0x88, 0x31,
    0x88, 0x31, 0x88, 0x31, 0x88, 0x31, 0x88, 0x31, 0x88, 0x31, 0x68, 0x29, 0x67, 0x29, 0x82, 0x10,
    0x00, 0x00, 0x00, 0x00, 0x00, 0x00, 0x00, 0x00, 0x00, 0x00, 0x00, 0x00, 0x00, 0x00, 0x00, 0x00,
    0x00, 0x00, 0x00, 0x00, 0x00, 0x00, 0x00, 0x00, 0x00, 0x00, 0x00, 0x00, 0x00, 0x00, 0x00, 0x00,
    0x00, 0x00, 0x00, 0x00, 0x00, 0x00, 0xc3, 0x18, 0x67, 0x29, 0x88, 0x31, 0x88, 0x31, 0x88, 0x31,
    0x88, 0x31, 0x88, 0x31, 0x88, 0x31, 0x88, 0x31, 0x67, 0x29, 0xa3, 0x10, 0x00, 0x00, 0x00, 0x00,
    0x00, 0x00, 0x00, 0x00, 0x00, 0x00, 0x00, 0x00, 0x00, 0x00, 0x00, 0x00, 0x00, 0x00, 0x00, 0x00,
    0x00, 0x00, 0x00, 0x00, 0x00, 0x00, 0x00, 0x00, 0x00, 0x00, 0x00, 0x00, 0x00, 0x00, 0x00, 0x00,
    0x00, 0x00, 0x00, 0x00, 0x00, 0x00, 0xa3, 0x10, 0x47, 0x29, 0x88, 0x31, 0x88, 0x31, 0x88, 0x31,
    0x88, 0x31, 0x88, 0x31, 0x88, 0x31, 0x88, 0x31, 0x47, 0x29, 0x82, 0x10, 0x00, 0x00, 0x00, 0x00,
    0x00, 0x00, 0x00, 0x00, 0x00, 0x00, 0x00, 0x00, 0x00, 0x00, 0x00, 0x00, 0x00, 0x00, 0x00, 0x00,
    0x00, 0x00, 0x00, 0x00, 0x00, 0x00, 0x00, 0x00, 0x00, 0x00, 0x00, 0x00, 0x00, 0x00, 0x00, 0x00,
    0x00, 0x00, 0x00, 0x00, 0x00, 0x00, 0x41, 0x08, 0x26, 0x21, 0x68, 0x29, 0x88, 0x31, 0x88, 0x31,
    0x88, 0x31, 0x88, 0x31, 0x88, 0x31, 0x68, 0x29, 0x26, 0x21, 0x21, 0x00, 0x00, 0x00, 0x00, 0x00,
    0x00, 0x00, 0x00, 0x00, 0x00, 0x00, 0x00, 0x00, 0x00, 0x00, 0x00, 0x00, 0x00, 0x00, 0x00, 0x00,
    0x00, 0x00, 0x00, 0x00, 0x00, 0x00, 0x00, 0x00, 0x00, 0x00, 0x00, 0x00, 0x00, 0x00, 0x00, 0x00,
    0x00, 0x00, 0x00, 0x00, 0x00, 0x00, 0x00, 0x00, 0xe4, 0x18, 0x47, 0x29, 0x68, 0x29, 0x88, 0x31,
    0x88, 0x31, 0x88, 0x31, 0x68, 0x29, 0x67, 0x29, 0xe4, 0x18, 0x00, 0x00, 0x00, 0x00, 0x00, 0x00,
    0x00, 0x00, 0x00, 0x00, 0x00, 0x00, 0x00, 0x00, 0x00, 0x00, 0x00, 0x00, 0x00, 0x00, 0x00, 0x00,
    0x00, 0x00, 0x00, 0x00, 0x00, 0x00, 0x00, 0x00, 0x00, 0x00, 0x00, 0x00, 0x00, 0x00, 0x00, 0x00,
    0x00, 0x00, 0x00, 0x00, 0x00, 0x00, 0x00, 0x00, 0x82, 0x10, 0x05, 0x21, 0x47, 0x29, 0x68, 0x29,
    0x68, 0x29, 0x67, 0x29, 0x47, 0x29, 0x26, 0x21, 0x82, 0x10, 0x00, 0x00, 0x00, 0x00, 0x00, 0x00,
    0x00, 0x00, 0x00, 0x00, 0x00, 0x00, 0x00, 0x00, 0x00, 0x00, 0x00, 0x00, 0x00, 0x00, 0x00, 0x00,
    0x00, 0x00, 0x00, 0x00, 0x00, 0x00, 0x00, 0x00, 0x00, 0x00, 0x00, 0x00, 0xd0, 0x3a, 0x3f, 0xcf,
    0x00, 0x00, 0x00, 0x00, 0x00, 0x00, 0x00, 0x00, 0x00, 0x00, 0x82, 0x10, 0xe5, 0x18, 0x46, 0x29,
    0x46, 0x29, 0x26, 0x21, 0xe5, 0x18, 0xa3, 0x10, 0x00, 0x00, 0x00, 0x00, 0x00, 0x00, 0x00, 0x00,
    0x00, 0x00, 0x00, 0x00, 0x00, 0x00, 0x00, 0x00, 0x00, 0x00, 0x00, 0x00, 0x00, 0x00, 0x00, 0x00,
    0x00, 0x00, 0x00, 0x00, 0x00, 0x00, 0x00, 0x00, 0x00, 0x00, 0x00, 0x00, 0xb5, 0x4b, 0x00, 0x00,
    0x00, 0x00, 0x00, 0x00, 0x00, 0x00, 0x00, 0x00, 0x00, 0x00, 0x00, 0x00, 0x21, 0x00, 0xa3, 0x10,
    0xa3, 0x10, 0x82, 0x10, 0x21, 0x00, 0x00, 0x00, 0x00, 0x00, 0x00, 0x00, 0x00, 0x00, 0x00, 0x00,
    0x00, 0x00, 0x00, 0x00, 0xd0, 0x3a, 0x3f, 0xcf, 0x00, 0x00, 0x00, 0x00, 0x00, 0x00, 0x00, 0x00,
    0x00, 0x00, 0x00, 0x00, 0x00, 0x00, 0x00, 0x00, 0x00, 0x00, 0x00, 0x00, 0x00, 0x00, 0x00, 0x00,
    0x00, 0x00, 0x00, 0x00, 0x00, 0x00, 0x00, 0x00, 0x00, 0x00, 0x00, 0x00, 0x00, 0x00, 0x00, 0x00,
    0x00, 0x00, 0x00, 0x00, 0x00, 0x00, 0x00, 0x00, 0x00, 0x00, 0x00, 0x00, 0x00, 0x00, 0x00, 0x00,
    0x00, 0x00, 0x00, 0x00, 0xb5, 0x4b, 0x00, 0x00, 0x00, 0x00, 0x00, 0x00, 0x00, 0x00, 0x00, 0x00,
    0x00, 0x00, 0x00, 0x00, 0x00, 0x00, 0x00, 0x00, 0x00, 0x00, 0x00, 0x00, 0x00, 0x00, 0x00, 0x00,
    0x00, 0x00, 0xd0, 0x3a, 0x3f, 0xc7, 0xd0, 0x3a, 0x3f, 0xcf, 0x00, 0x00, 0x00, 0x00, 0x00, 0x00,
    0x00, 0x00, 0x00, 0x00, 0x00, 0x00, 0x00, 0x00, 0x00, 0x00, 0x00, 0x00, 0x00, 0x00, 0x00, 0x00,
    0xd0, 0x3a, 0x3f, 0xc7, 0x00, 0x00, 0x00, 0x00, 0x00, 0x00, 0x00, 0x00, 0x00, 0x00, 0x00, 0x00,
    0x00, 0x00, 0x00, 0x00, 0x00, 0x00, 0x00, 0x00, 0x00, 0x00, 0x00, 0x00, 0x00, 0x00, 0x00, 0x00,
    0x00, 0x00, 0x00, 0x00, 0x00, 0x00, 0xd0, 0x3a, 0x3f, 0xcf, 0x00, 0x00, 0x00, 0x00, 0x00, 0x00,
    0x00, 0x00, 0x00, 0x00, 0x00, 0x00, 0xd0, 0x3a, 0x3f, 0xcf, 0x00, 0x00, 0x00, 0x00, 0x00, 0x00,
    0xd0, 0x3a, 0x3f, 0xc7, 0x00, 0x00, 0x00, 0x00, 0x00, 0x00, 0x00, 0x00, 0x00, 0x00, 0x00, 0x00,
    0x00, 0x00, 0x00, 0x00, 0x00, 0x00, 0x00, 0x00, 0x00, 0x00, 0x00, 0x00, 0x00, 0x00, 0x00, 0x00,
    0x00, 0x00, 0x00, 0x00, 0x00, 0x00, 0x9a, 0x64, 0x00, 0x00, 0x00, 0x00, 0x00, 0x00, 0x00, 0x00,
    0x00, 0x00, 0x00, 0x00, 0x00, 0x00, 0xd6, 0x53, 0x00, 0x00, 0x00, 0x00, 0x00, 0x00, 0x00, 0x00,
    0xd0, 0x3a, 0x3f, 0xc7, 0x00, 0x00, 0x00, 0x00, 0x00, 0x00, 0x00, 0x00, 0x00, 0x00, 0x00, 0x00,
    0x00, 0x00, 0x00, 0x00, 0x00, 0x00, 0x00, 0x00, 0x00, 0x00, 0x00, 0x00, 0x00, 0x00, 0x00, 0x00,
    0x00, 0x00, 0x00, 0x00, 0x00, 0x00, 0x00, 0x00, 0x00, 0x00, 0x00, 0x00, 0x00, 0x00, 0x00, 0x00,
    0x00, 0x00, 0x00, 0x00, 0x00, 0x00, 0x00, 0x00, 0x00, 0x00, 0x00, 0x00, 0x00, 0x00, 0x00, 0x00,
    0xd6, 0x53, 0x00, 0x00, 0x00, 0x00, 0x00, 0x00, 0xd6, 0x53, 0x00, 0x00, 0x00, 0x00, 0x00, 0x00,
    0x00, 0x00, 0x00, 0x00, 0x00, 0x00, 0x00, 0x00, 0x00, 0x00, 0x00, 0x00, 0x00, 0x00, 0x00, 0x00,
    0x00, 0x00, 0x00, 0x00, 0x00, 0x00, 0x00, 0x00, 0xd0, 0x3a, 0x3f, 0xc7, 0x00, 0x00, 0x00, 0x00,
    0x00, 0x00, 0x00, 0x00, 0x00, 0x00, 0x00, 0x00, 0x00, 0x00, 0x00, 0x00, 0x00, 0x00, 0xd0, 0x3a,
    0x3f, 0xcf, 0x00, 0x00, 0x00, 0x00, 0x00, 0x00, 0x00, 0x00, 0x00, 0x00, 0x00, 0x00, 0x00, 0x00,
    0x00, 0x00, 0x00, 0x00, 0x00, 0x00, 0x00, 0x00, 0x00, 0x00, 0x00, 0x00, 0x00, 0x00, 0x00, 0x00,
    0x00, 0x00, 0x00, 0x00, 0x00, 0x00, 0x00, 0x00, 0xd6, 0x53, 0x00, 0x00, 0x00, 0x00, 0x00, 0x00,
    0x00, 0x00, 0x00, 0x00, 0x00, 0x00, 0x00, 0x00, 0x00, 0x00, 0x00, 0x00, 0x00, 0x00, 0xd6, 0x53,
    0x00, 0x00, 0x00, 0x00, 0x00, 0x00, 0x00, 0x00, 0xd6, 0x53, 0x00, 0x00, 0x00, 0x00, 0x00, 0x00,
    0x00, 0x00, 0x00, 0x00, 0x00, 0x00, 0x00, 0x00, 0x00, 0x00, 0xd0, 0x3a, 0x3f, 0xc7, 0x00, 0x00,
    0x00, 0x00, 0x00, 0x00, 0x00, 0x00, 0x00, 0x00, 0x00, 0x00, 0x00, 0x00, 0x00, 0x00, 0x00, 0x00,
    0x00, 0x00, 0x00, 0x00, 0x00, 0x00, 0x00, 0x00, 0x00, 0x00, 0x00, 0x00, 0x00, 0x00, 0xd6, 0x53,
    0x00, 0x00, 0x00, 0x00, 0x00, 0x00, 0x00, 0x00, 0x00, 0x00, 0x00, 0x00, 0x00, 0x00, 0x00, 0x00,
    0x00, 0x00, 0x00, 0x00, 0x00, 0x00, 0x00, 0x00, 0x00, 0x00, 0xd0, 0x3a, 0x3f, 0xc7, 0x00, 0x00,
    0x00, 0x00, 0x00, 0x00, 0x00, 0x00, 0x00, 0x00, 0x00, 0x00, 0x00, 0x00, 0x00, 0x00, 0x00, 0x00,
    0x00, 0x00, 0x00, 0x00, 0x00, 0x00, 0x00, 0x00, 0x00, 0x00, 0x00, 0x00, 0x00, 0x00, 0x00, 0x00,
    0x00, 0x00, 0x00, 0x00, 0x00, 0x00, 0xd6, 0x53, 0x00, 0x00, 0x00, 0x00, 0x00, 0x00, 0x00, 0x00,
    0x00, 0x00, 0x00, 0x00, 0x00, 0x00, 0x00, 0x00, 0x00, 0x00, 0xb5, 0x4b, 0x00, 0x00, 0x00, 0x00,
    0x00, 0x00, 0x00, 0x00, 0x00, 0x00, 0xd0, 0x3a, 0x3f, 0xcf, 0x00, 0x00, 0x21, 0x00, 0xa3, 0x10,
    0xc3, 0x18, 0xa3, 0x10, 0x21, 0x00, 0x00, 0x00, 0x00, 0x00, 0x00, 0x00, 0x00, 0x00, 0x00, 0x00,
    0x00, 0x00, 0x00, 0x00, 0x00, 0x00, 0x00, 0x00, 0x00, 0x00, 0x00, 0x00, 0x00, 0x00, 0x00, 0x00,
    0x00, 0x00, 0x00, 0x00, 0x00, 0x00, 0x00, 0x00, 0x00, 0x00, 0x00, 0x00, 0x00, 0x00, 0x00, 0x00,
    0x00, 0x00, 0x00, 0x00, 0x00, 0x00, 0x00, 0x00, 0x00, 0x00, 0x82, 0x10, 0xe5, 0x18, 0x46, 0x29,
    0x46, 0x29, 0x26, 0x21, 0xe5, 0x18, 0x82, 0x10, 0xd0, 0x3a, 0x3f, 0xc7, 0x00, 0x00, 0x00, 0x00,
    0x00, 0x00, 0xd0, 0x3a, 0x3f, 0xc7, 0x00, 0x00, 0x00, 0x00, 0x00, 0x00, 0x00, 0x00, 0x00, 0x00,
    0x00, 0x00, 0x00, 0x00, 0x00, 0x00, 0x00, 0x00, 0x00, 0x00, 0x00, 0x00, 0x00, 0x00, 0x00, 0x00,
    0x00, 0x00, 0x00, 0x00, 0x00, 0x00, 0x00, 0x00, 0x62, 0x08, 0x05, 0x21, 0x47, 0x29, 0x73, 0x4b,
    0x3f, 0xcf, 0x67, 0x29, 0x47, 0x29, 0x25, 0x21, 0x62, 0x08, 0x00, 0x00, 0x00, 0x00, 0x00, 0x00,
    0x00, 0x00, 0xb5, 0x4b, 0xd0, 0x3a, 0x3f, 0xcf, 0x00, 0x00, 0x00, 0x00, 0x00, 0x00, 0x00, 0x00,
    0x00, 0x00, 0x00, 0x00, 0x00, 0x00, 0x00, 0x00, 0x00, 0x00, 0x00, 0x00, 0x00, 0x00, 0x00, 0x00,
    0x00, 0x00, 0xd0, 0x3a, 0x3f, 0xc7, 0x00, 0x00, 0xe4, 0x18, 0x47, 0x29, 0x68, 0x29, 0x17, 0x5c,
    0x88, 0x31, 0x88, 0x31, 0x68, 0x29, 0x67, 0x29, 0xe4, 0x18, 0x00, 0x00, 0x00, 0x00, 0x00, 0x00,
    0x00, 0x00, 0x00, 0x00, 0xb5, 0x4b, 0x00, 0x00, 0x00, 0x00, 0x00, 0x00, 0x00, 0x00, 0x00, 0x00,
    0xa4, 0x08, 0xa4, 0x08, 0xa4, 0x08, 0xa4, 0x10, 0xa4, 0x08, 0xa4, 0x08, 0xa4, 0x08, 0xa4, 0x10,
    0xf6, 0x53, 0xd6, 0x53, 0xa4, 0x08, 0xe5, 0x18, 0x6b, 0x4a, 0xd1, 0x7b, 0x12, 0x84, 0x32, 0x84,
    0x32, 0x84, 0x32, 0x84, 0x12, 0x84, 0xf1, 0x7b, 0x6b, 0x4a, 0xe5, 0x10, 0xa4, 0x08, 0xa4, 0x10,
    0xa4, 0x08, 0xa4, 0x08, 0xa4, 0x08, 0xa4, 0x10, 0xa4, 0x08, 0xa4, 0x08, 0xa4, 0x08, 0xa4, 0x10,
    0xa4, 0x08, 0xa4, 0x08, 0xa4, 0x08, 0xa4, 0x10, 0xa4, 0x08, 0xa4, 0x08, 0xa4, 0x08, 0xa4, 0x10,
    0xa4, 0x08, 0xa4, 0x08, 0xa4, 0x08, 0x26, 0x21, 0x0e, 0x5b, 0x12, 0x84, 0x12, 0x84, 0x32, 0x84,
    0x32, 0x84, 0x32, 0x84, 0x12, 0x84, 0x32, 0x84, 0x0e, 0x5b, 0x26, 0x19, 0xa4, 0x08, 0xa4, 0x10,
    0xa4, 0x08, 0xa4, 0x08, 0x11, 0x3b, 0x3f, 0xcf, 0x12, 0x3b, 0x3f, 0xc7, 0xa4, 0x08, 0xa4, 0x10,
    0x00, 0x00, 0x00, 0x00, 0x00, 0x00, 0x00, 0x00, 0x00, 0x00, 0x00, 0x00, 0xd0, 0x3a, 0x3f, 0xcf,
    0x00, 0x00, 0x00, 0x00, 0x00, 0x00, 0xc3, 0x18, 0x67, 0x29, 0x88, 0x31, 0x88, 0x31, 0x88, 0x31,
    0x88, 0x31, 0x88, 0x31, 0x88, 0x31, 0x88, 0x31, 0x67, 0x29, 0xa3, 0x10, 0x00, 0x00, 0x00, 0x00,
    0x00, 0x00, 0x00, 0x00, 0x00, 0x00, 0x00, 0x00, 0xd6, 0x53, 0x00, 0x00, 0x00, 0x00, 0x00, 0x00,
    0x00, 0x00, 0x00, 0x00, 0x00, 0x00, 0x00, 0x00, 0x00, 0x00, 0x00, 0x00, 0xb5, 0x4b, 0x00, 0x00,
    0x00, 0x00, 0x00, 0x00, 0x00, 0x00, 0x32, 0x43, 0x3f, 0xcf, 0x88, 0x31, 0x88, 0x31, 0x88, 0x31,
    0x88, 0x31, 0x88, 0x31, 0x88, 0x31, 0x88, 0x31, 0x68, 0x29, 0xe4, 0x18, 0x00, 0x00, 0x00, 0x00,
    0x00, 0x00, 0x00, 0x00, 0x00, 0x00, 0x00, 0x00, 0x00, 0x00, 0x00, 0x00, 0x00, 0x00, 0x00, 0x00,
    0x00, 0x00, 0x00, 0x00, 0x00, 0x00, 0x00, 0x00, 0x00, 0x00, 0x00, 0x00, 0xb5, 0x4b, 0x00, 0x00,
    0x00, 0x00, 0x00, 0x00, 0x00, 0x00, 0xf7, 0x53, 0x68, 0x29, 0x88, 0x31, 0x88, 0x31, 0x88, 0x31,
    0x88, 0x31, 0x88, 0x31, 0x88, 0x31, 0x88, 0x31, 0x68, 0x29, 0x05, 0x21, 0x00, 0x00, 0x00, 0x00,
    0x00, 0x00, 0x00, 0x00, 0x00, 0x00, 0x00, 0x00, 0x00, 0x00, 0x00, 0x00, 0x00, 0x00, 0x00, 0x00,
    0x00, 0x00, 0x00, 0x00, 0x00, 0x00, 0x00, 0x00, 0x00, 0x00, 0x00, 0x00, 0x00, 0x00, 0x00, 0x00,
    0x00, 0x00, 0x00, 0x00, 0x00, 0x00, 0x26, 0x21, 0x88, 0x31, 0x88, 0x31, 0x88, 0x31, 0x88, 0x31,
    0x88, 0x31, 0x88, 0x31, 0x88, 0x31, 0x17, 0x5c, 0x88, 0x31, 0x25, 0x21, 0x00, 0x00, 0x00, 0x00,
    0x00, 0x00, 0x00, 0x00, 0x00, 0x00, 0x00, 0x00, 0xd0, 0x3a, 0x3f, 0xc7, 0x00, 0x00, 0x00, 0x00,
    0x00, 0x00, 0x00, 0x00, 0x00, 0x00, 0x00, 0x00, 0x00, 0x00, 0x00, 0x00, 0x00, 0x00, 0x00, 0x00,
    0x00, 0x00, 0x00, 0x00, 0x00, 0x00, 0x53, 0x4b, 0x3f, 0xcf, 0x88, 0x31, 0x88, 0x31, 0x88, 0x31,
    0x88, 0x31, 0x88, 0x31, 0x88, 0x31, 0x88, 0x31, 0x88, 0x31, 0x26, 0x21, 0x00, 0x00, 0x00, 0x00,
    0x00, 0x00, 0x00, 0x00, 0x00, 0x00, 0x00, 0x00, 0xd6, 0x53, 0x00, 0x00, 0x00, 0x00, 0x00, 0x00,
    0x21, 0x21, 0x21, 0x21, 0x21, 0x21, 0x22, 0x21, 0x21, 0x21, 0x21, 0x21, 0x21, 0x21, 0x22, 0x21,
    0x21, 0x21, 0x21, 0x21, 0x63, 0x29, 0x78, 0x64, 0xb8, 0x74, 0x3f, 0xc7, 0xd5, 0x9c, 0xd5, 0x9c,
    0xd5, 0x9c, 0xf8, 0xff, 0xf8, 0xff, 0xf9, 0xff, 0xb4, 0x94, 0x0b, 0x5b, 0x63, 0x29, 0x22, 0x21,
    0x21, 0x21, 0x21, 0x21, 0x21, 0x21, 0x22, 0x21, 0x21, 0x21, 0x21, 0x21, 0x21, 0x21, 0x22, 0x21,
    0x21, 0x21, 0x21, 0x21, 0x21, 0x21, 0x22, 0x21, 0x21, 0x21, 0x21, 0x21, 0x21, 0x21, 0x22, 0x21,
    0x21, 0x21, 0x21, 0x21, 0x62, 0x29, 0xeb, 0x5a, 0x73, 0x8c, 0xd5, 0x9c, 0xd5, 0x9c, 0xd5, 0x9c,
    0xd5, 0x9c, 0xf8, 0xff, 0xf8, 0xff, 0xf9, 0xff, 0x73, 0x8c, 0xca, 0x5a, 0x62, 0x29, 0x51, 0x4b,
    0x3f, 0xcf, 0x3f, 0xc7, 0x21, 0x21, 0x22, 0x21, 0x21, 0x21, 0x21, 0x21, 0x21, 0x21, 0x22, 0x21,
    0x21, 0x21, 0x21, 0x21, 0x21, 0x21, 0x22, 0x21, 0x21, 0x21, 0x21, 0x21, 0x21, 0x21, 0x22, 0x21,
    0x21, 0x21, 0x21, 0x21, 0x42, 0x21, 0x69, 0x4a, 0x11, 0x84, 0xd5, 0x9c, 0xd5, 0x9c, 0xd5, 0x9c,
    0xd5, 0x9c, 0xf8, 0xff, 0xf8, 0xff, 0xf9, 0xff, 0x11, 0x84, 0x68, 0x4a, 0x42, 0x21, 0x16, 0x54,
    0xf6, 0x53, 0x21, 0x21, 0x21, 0x21, 0x51, 0x4b, 0x3f, 0xcf, 0x21, 0x21, 0x21, 0x21, 0x22, 0x21,
    0x21, 0x21, 0x21, 0x21, 0x21, 0x21, 0x22, 0x21, 0x21, 0x21, 0x30, 0x43, 0x3f, 0xc7, 0x22, 0x21,
    0x21, 0x21, 0x21, 0x21, 0x00, 0x19, 0xe6, 0x39, 0x4d, 0x6b, 0x73, 0x8c, 0xb4, 0x94, 0xd5, 0x9c,
    0xd5, 0x9c, 0xf8, 0xff, 0xf8, 0xff, 0xf9, 0xff, 0x4d, 0x6b, 0xe5, 0x39, 0x00, 0x19, 0x22, 0x21,
    0x21, 0x21, 0x21, 0x21, 0x21, 0x21, 0x16, 0x54, 0x21, 0x21, 0x21, 0x21, 0x21, 0x21, 0x22, 0x21,
    0x00, 0x00, 0x00, 0x00, 0x00, 0x00, 0x00, 0x00, 0x00, 0x00, 0xb5, 0x4b, 0x00, 0x00, 0x00, 0x00,
    0x00, 0x00, 0x00, 0x00, 0x00, 0x00, 0xf1, 0x3a, 0x3f, 0xcf, 0x46, 0x29, 0x67, 0x29, 0x88, 0x31,
    0x88, 0x31, 0x68, 0x29, 0x67, 0x29, 0x47, 0x29, 0xe4, 0x18, 0x20, 0x00, 0x00, 0x00, 0x00, 0x00,
    0x00, 0x00, 0x00, 0x00, 0x00, 0x00, 0x00, 0x00, 0x00, 0x00, 0x00, 0x00, 0x00, 0x00, 0x00, 0x00,
    0x00, 0x00, 0x00, 0x00, 0x00, 0x00, 0x00, 0x00, 0x00, 0x00, 0x00, 0x00, 0x00, 0x00, 0x00, 0x00,
    0x00, 0x00, 0x00, 0x00, 0x00, 0x00, 0x00, 0x00, 0x21, 0x00, 0xe4, 0x18, 0x26, 0x21, 0x47, 0x29,
    0x47, 0x29, 0x46, 0x29, 0x26, 0x21, 0xe4, 0x18, 0xd0, 0x3a, 0x3f, 0xc7, 0x00, 0x00, 0x00, 0x00,
    0x00, 0x00, 0xd0, 0x3a, 0x3f, 0xc7, 0x00, 0x00, 0x00, 0x00, 0x00, 0x00, 0x00, 0x00, 0x00, 0x00,
    0x00, 0x00, 0x00, 0x00, 0x00, 0x00, 0x00, 0x00, 0x00, 0x00, 0x00, 0x00, 0x00, 0x00, 0x00, 0x00,
    0x00, 0x00, 0x00, 0x00, 0x00, 0x00, 0x00, 0x00, 0x00, 0x00, 0x00, 0x00, 0x82, 0x10, 0x32, 0x43,
    0x3f, 0xcf, 0xc3, 0x18, 0x82, 0x10, 0x20, 0x00, 0x00, 0x00, 0x00, 0x00, 0x00, 0x00, 0x00, 0x00,
    0x00, 0x00, 0xb5, 0x4b, 0xd0, 0x3a, 0x3f, 0xcf, 0x00, 0x00, 0x00, 0x00, 0x00, 0x00, 0x00, 0x00,
    0x00, 0x00, 0x00, 0x00, 0x00, 0x00, 0x00, 0x00, 0x00, 0x00, 0x00, 0x00, 0x00, 0x00, 0x00, 0x00,
    0x00, 0x00, 0xd0, 0x3a, 0x3f, 0xc7, 0x00, 0x00, 0x00, 0x00, 0x00, 0x00, 0x00, 0x00, 0xd6, 0x53,
    0x00, 0x00, 0x00, 0x00, 0x00, 0x00, 0x00, 0x00, 0x00, 0x00, 0x00, 0x00, 0x00, 0x00, 0x00, 0x00,
    0x00, 0x00, 0x00, 0x00, 0xb5, 0x4b, 0x00, 0x00, 0x00, 0x00, 0x00, 0x00, 0x00, 0x00, 0x00, 0x00,
    0x00, 0x00, 0x00, 0x00, 0x00, 0x00, 0x00, 0x00, 0x00, 0x00, 0x00, 0x00, 0x00, 0x00, 0x00, 0x00,
    0xd6, 0x53, 0xb5, 0x4b, 0x00, 0x00, 0x00, 0x00, 0x00, 0x00, 0x00, 0x00, 0x00, 0x00, 0x00, 0x00,
    0x19, 0x7d, 0x00, 0x00, 0x00, 0x00, 0x00, 0x00, 0x00, 0x00, 0x00, 0x00, 0x00, 0x00, 0x00, 0x00,
    0x00, 0x00, 0x00, 0x00, 0x00, 0x00, 0x00, 0x00, 0x00, 0x00, 0x00, 0x00, 0x00, 0x00, 0x00, 0x00,
    0x00, 0x00, 0x00, 0x00, 0x00, 0x00, 0x00, 0x00, 0x00, 0x00, 0x00, 0x00, 0x00, 0x00, 0x00, 0x00,
    0x00, 0x00, 0x00, 0x00, 0x00, 0x00, 0x00, 0x00, 0x00, 0x00, 0x00, 0x00, 0x00, 0x00, 0x00, 0x00,
    0x19, 0x7d, 0x00, 0x00, 0x00, 0x00, 0x00, 0x00, 0x00, 0x00, 0x00, 0x00, 0x00, 0x00, 0x00, 0x00,
    0x00, 0x00, 0x00, 0x00, 0xd0, 0x3a, 0x3f, 0xcf, 0xd0, 0x3a, 0x3f, 0xc7, 0x00, 0x00, 0x00, 0x00,
    0x00, 0x00, 0x00, 0x00, 0x00, 0x00, 0x00, 0x00, 0x00, 0x00, 0x00, 0x00, 0xd0, 0x3a, 0x3f, 0xcf,
    0x00, 0x00, 0x00, 0x00, 0x00, 0x00, 0x00, 0x00, 0x00, 0x00, 0x00, 0x00, 0x00, 0x00, 0x00, 0x00,
    0x00, 0x00, 0x00, 0x00, 0x00, 0x00, 0x00, 0x00, 0x00, 0x00, 0x00, 0x00, 0x00, 0x00, 0x00, 0x00,
    0x00, 0x00, 0x00, 0x00, 0x00, 0x00, 0x00, 0x00, 0xd6, 0x53, 0x00, 0x00, 0x00, 0x00, 0x00, 0x00,
    0x00, 0x00, 0x00, 0x00, 0x00, 0x00, 0x00, 0x00, 0x00, 0x00, 0x00, 0x00, 0xb5, 0x4b, 0x00, 0x00,
    0x00, 0x00, 0x00, 0x00, 0x00, 0x00, 0xd0, 0x3a, 0x3f, 0xcf, 0x00, 0x00, 0x00, 0x00, 0x00, 0x00,
    0x00, 0x00, 0x00, 0x00, 0x00, 0x00, 0x00, 0x00, 0x00, 0x00, 0x00, 0x00, 0x00, 0x00, 0x00, 0x00,
    0x00, 0x00, 0x00, 0x00, 0x00, 0x00, 0x00, 0x00, 0x00, 0x00, 0x00, 0x00, 0x00, 0x00, 0x00, 0x00,
    0x00, 0x00, 0x00, 0x00, 0x00, 0x00, 0x00, 0x00, 0x00, 0x00, 0x00, 0x00, 0xb5, 0x4b, 0x00, 0x00,
    0x00, 0x00, 0x00, 0x00, 0x00, 0x00, 0xd6, 0x53, 0x00, 0x00, 0x00, 0x00, 0x00, 0x00, 0x00, 0x00,
    0x00, 0x00, 0x00, 0x00, 0x00, 0x00, 0x00, 0x00, 0x00, 0x00, 0x00, 0x00, 0x00, 0x00, 0x00, 0x00,
    0x00, 0x00, 0x00, 0x00, 0x00, 0x00, 0x00, 0x00, 0x00, 0x00, 0x00, 0x00, 0x00, 0x00, 0x00, 0x00,
    0x00, 0x00, 0x00, 0x00, 0x00, 0x00, 0x00, 0x00, 0x00, 0x00, 0x00, 0x00, 0x00, 0x00, 0x00, 0x00,
    0x00, 0x00, 0x00, 0x00, 0x00, 0x00, 0x00, 0x00, 0x00, 0x00, 0x00, 0x00, 0x00, 0x00, 0x00, 0x00,
    0x00, 0x00, 0x00, 0x00, 0x00, 0x00, 0xd6, 0x53, 0x00, 0x00, 0x00, 0x00, 0x00, 0x00, 0x00, 0x00,
    0x00, 0x00, 0x00, 0x00, 0x00, 0x00, 0x00, 0x00, 0xd0, 0x3a, 0x3f, 0xc7, 0x00, 0x00, 0x00, 0x00,
    0x00, 0x00, 0x00, 0x00, 0x00, 0x00, 0x00, 0x00, 0x00, 0x00, 0x00, 0x00, 0x00, 0x00, 0x00, 0x00,
    0x00, 0x00, 0x00, 0x00, 0x00, 0x00, 0xd0, 0x3a, 0x3f, 0xcf, 0x00, 0x00, 0x00, 0x00, 0x00, 0x00,
    0x00, 0x00, 0x00, 0x00, 0x00, 0x00, 0x00, 0x00, 0x00, 0x00, 0x00, 0x00, 0x00, 0x00, 0x00, 0x00,
    0x00, 0x00, 0x00, 0x00, 0x00, 0x00, 0x00, 0x00, 0xd6, 0x53, 0x00, 0x00, 0x00, 0x00, 0x00, 0x00,
    0x00, 0x00, 0x00, 0x00, 0x00, 0x00, 0x00, 0x00, 0x00, 0x00, 0x00, 0x00, 0x00, 0x00, 0x00, 0x00,
    0x00, 0x00, 0x00, 0x00, 0x00, 0x00, 0xd6, 0x53, 0xd0, 0x3a, 0x3f, 0xc7, 0x00, 0x00, 0x00, 0x00,
    0x00, 0x00, 0x00, 0x00, 0x00, 0x00, 0x00, 0x00, 0x00, 0x00, 0x00, 0x00, 0x00, 0x00, 0x00, 0x00,
    0x00, 0x00, 0x00, 0x00, 0x00, 0x00, 0x00, 0x00, 0x00, 0x00, 0x00, 0x00, 0x00, 0x00, 0x00, 0x00,
    0x00, 0x00, 0x00, 0x00, 0x00, 0x00, 0x00, 0x00, 0x00, 0x00, 0x00, 0x00, 0x00, 0x00, 0x00, 0x00,
    0x00, 0x00, 0x00, 0x00, 0x00, 0x00, 0x00, 0x00, 0x00, 0x00, 0x00, 0x00, 0x00, 0x00, 0x62, 0x08,
    0x82, 0x10, 0x62, 0x08, 0x00, 0x00, 0x00, 0x00, 0x00, 0x00, 0x00, 0x00, 0x00, 0x00, 0xd0, 0x3a,
    0x3f, 0xcf, 0x3f, 0xc7, 0x00, 0x00, 0x00, 0x00, 0x00, 0x00, 0x00, 0x00, 0x00, 0x00, 0x00, 0x00,
    0x00, 0x00, 0x00, 0x00, 0x00, 0x00, 0x00, 0x00, 0x00, 0x00, 0x00, 0x00, 0x00, 0x00, 0x00, 0x00,
    0x00, 0x00, 0x00, 0x00, 0x00, 0x00, 0x00, 0x00, 0x00, 0x00, 0x20, 0x00, 0xc3, 0x18, 0x25, 0x21,
    0x26, 0x21, 0x05, 0x21, 0xc3, 0x18, 0x21, 0x00, 0x00, 0x00, 0x00, 0x00, 0x00, 0x00, 0xd6, 0x53,
    0xd6, 0x53, 0x00, 0x00, 0x00, 0x00, 0xd0, 0x3a, 0x3f, 0xcf, 0x00, 0x00, 0x00, 0x00, 0x00, 0x00,
    0x00, 0x00, 0x00, 0x00, 0x00, 0x00, 0x00, 0x00, 0x00, 0x00, 0xd0, 0x3a, 0x3f, 0xc7, 0x00, 0x00,
    0x00, 0x00, 0x00, 0x00, 0x00, 0x00, 0x00, 0x00, 0x00, 0x00, 0xc4, 0x18, 0x46, 0x29, 0x67, 0x29,
    0x68, 0x29, 0x67, 0x29, 0x46, 0x29, 0xe4, 0x18, 0x00, 0x00, 0x00, 0x00, 0x00, 0x00, 0x00, 0x00,
    0x00, 0x00, 0x00, 0x00, 0x00, 0x00, 0xd6, 0x53, 0x00, 0x00, 0x00, 0x00, 0x00, 0x00, 0x00, 0x00,
    0x00, 0x00, 0x00, 0x00, 0x00, 0x00, 0x00, 0x00, 0x00, 0x00, 0xb5, 0x4b, 0x00, 0x00, 0x00, 0x00,
    0x00, 0x00, 0x00, 0x00, 0x00, 0x00, 0xd0, 0x3a, 0x3f, 0xcf, 0x46, 0x29, 0x67, 0x29, 0x88, 0x31,
    0x88, 0x31, 0x88, 0x31, 0x67, 0x29, 0x46, 0x29, 0xa3, 0x10, 0x00, 0x00, 0x00, 0x00, 0x00, 0x00,
    0x00, 0x00, 0x00, 0x00, 0x00, 0x00, 0x00, 0x00, 0x00, 0x00, 0x00, 0x00, 0x00, 0x00, 0x00, 0x00,
    0x00, 0x00, 0x00, 0x00, 0x00, 0x00, 0x00, 0x00, 0x00, 0x00, 0x00, 0x00, 0x00, 0x00, 0x00, 0x00,
    0x00, 0x00, 0x00, 0x00, 0x00, 0x00, 0x20, 0x00, 0x25, 0x21, 0x67, 0x29, 0x88, 0x31, 0x88, 0x31,
    0x88, 0x31, 0x88, 0x31, 0x88, 0x31, 0x68, 0x29, 0x52, 0x4b, 0x3f, 0xc7, 0x00, 0x00, 0x00, 0x00,
    0x00, 0x00, 0xd0, 0x3a, 0x3f, 0xc7, 0x00, 0x00, 0x00, 0x00, 0x00, 0x00, 0x00, 0x00, 0x00, 0x00,
    0x00, 0x00, 0x00, 0x00, 0x00, 0x00, 0x00, 0x00, 0x00, 0x00, 0x00, 0x00, 0x00, 0x00, 0x00, 0x00,
    0x00, 0x00, 0x00, 0x00, 0x00, 0x00, 0xa3, 0x10, 0x47, 0x29, 0x88, 0x31, 0x88, 0x31, 0x73, 0x53,
    0x3f, 0xcf, 0x88, 0x31, 0x88, 0x31, 0x88, 0x31, 0x47, 0x29, 0x83, 0x10, 0x00, 0x00, 0x00, 0x00,
    0x00, 0x00, 0xb5, 0x4b, 0xd0, 0x3a, 0x3f, 0xcf, 0x00, 0x00, 0x00, 0x00, 0x00, 0x00, 0x00, 0x00,
    0x00, 0x00, 0x00, 0x00, 0x00, 0x00, 0x00, 0x00, 0x00, 0x00, 0x00, 0x00, 0x00, 0x00, 0x00, 0x00,
    0x00, 0x00, 0x00, 0x00, 0x00, 0x00, 0x05, 0x21, 0x68, 0x29, 0x88, 0x31, 0x88, 0x31, 0x17, 0x5c,
    0x88, 0x31, 0x88, 0x31, 0x88, 0x31, 0x88, 0x31, 0x68, 0x29, 0x05, 0x21, 0x00, 0x00, 0x00, 0x00,
    0x00, 0x00, 0x00, 0x00, 0xb5, 0x4b, 0x00, 0x00, 0x00, 0x00, 0x00, 0x00, 0x00, 0x00, 0x00, 0x00,
    0x00, 0x00, 0x00, 0x00, 0x00, 0x00, 0x00, 0x00, 0x00, 0x00, 0x00, 0x00, 0x00, 0x00, 0x00, 0x00,
    0x00, 0x00, 0x00, 0x00, 0x20, 0x00, 0x46, 0x29, 0x88, 0x31, 0x88, 0x31, 0x88, 0x31, 0x88, 0x31,
    0x88, 0x31, 0x88, 0x31, 0x88, 0x31, 0x88, 0x31, 0x88, 0x31, 0x26, 0x21, 0x20, 0x00, 0x00, 0x00,
    0x00, 0x00, 0x00, 0x00, 0x00, 0x00, 0x00, 0x00, 0x00, 0x00, 0x00, 0x00, 0x00, 0x00, 0x00, 0x00,
    0x00, 0x00, 0x00, 0x00, 0x00, 0x00, 0x00, 0x00, 0x00, 0x00, 0x00, 0x00, 0x00, 0x00, 0x00, 0x00,
    0x00, 0x00, 0x00, 0x00, 0x83, 0x10, 0x67, 0x29, 0x88, 0x31, 0x88, 0x31, 0x88, 0x31, 0x88, 0x31,
    0x88, 0x31, 0x88, 0x31, 0x88, 0x31, 0x88, 0x31, 0x88, 0x31, 0x47, 0x29, 0x83, 0x10, 0x00, 0x00,
    0x00, 0x00, 0x00, 0x00, 0x00, 0x00, 0x00, 0x00, 0x00, 0x00, 0x00, 0x00, 0x00, 0x00, 0x00, 0x00,
    0x00, 0x00, 0x00, 0x00, 0x00, 0x00, 0x00, 0x00, 0x00, 0x00, 0x00, 0x00, 0x00, 0x00, 0x00, 0x00,
    0x00, 0x00, 0x00, 0x00, 0xc4, 0x18, 0x67, 0x29, 0x88, 0x31, 0x88, 0x31, 0x88, 0x31, 0x88, 0x31,
    0x88, 0x31, 0x88, 0x31, 0x88, 0x31, 0x88, 0x31, 0x88, 0x31, 0x67, 0x29, 0xc4, 0x18, 0x00, 0x00,
    0x00, 0x00, 0x00, 0x00, 0x00, 0x00, 0x00, 0x00, 0x00, 0x00, 0x00, 0x00, 0x00, 0x00, 0x00, 0x00,
    0x00, 0x00, 0x00, 0x00, 0x00, 0x00, 0x00, 0x00, 0x00, 0x00, 0x00, 0x00, 0x00, 0x00, 0x00, 0x00,
    0x00, 0x00, 0x00, 0x00, 0xe4, 0x18, 0x67, 0x29, 0x88, 0x31, 0x88, 0x31, 0x88, 0x31, 0x88, 0x31,
    0x88, 0x31, 0x88, 0x31, 0x88, 0x31, 0x88, 0x31, 0x88, 0x31, 0x67, 0x29, 0xe4, 0x18, 0x00, 0x00,
    0x00, 0x00, 0x00, 0x00, 0x00, 0x00, 0x00, 0x00, 0x00, 0x00, 0x00, 0x00, 0x00, 0x00, 0x00, 0x00,
    0x00, 0x00, 0x00, 0x00, 0x00, 0x00, 0x00, 0x00, 0x00, 0x00, 0x00, 0x00, 0x00, 0x00, 0x00, 0x00,
    0x00, 0x00, 0x00, 0x00, 0xe4, 0x18, 0x67, 0x29, 0x88, 0x31, 0x88, 0x31, 0x88, 0x31, 0x88, 0x31,
    0x88, 0x31, 0x88, 0x31, 0x88, 0x31, 0x88, 0x31, 0x88, 0x31, 0x67, 0x29, 0xe4, 0x18, 0x00, 0x00,
    0x00, 0x00, 0x00, 0x00, 0x00, 0x00, 0x00, 0x00, 0x00, 0x00, 0x00, 0x00, 0x00, 0x00, 0x00, 0x00,
    0x00, 0x00, 0x00, 0x00, 0x00, 0x00, 0x00, 0x00, 0x00, 0x00, 0x00, 0x00, 0x00, 0x00, 0x00, 0x00,
    0x00, 0x00, 0x00, 0x00, 0xc3, 0x18, 0x67, 0x29, 0x88, 0x31, 0x88, 0x31, 0x88, 0x31, 0x88, 0x31,
    0x88, 0x31, 0x88, 0x31, 0x88, 0x31, 0x88, 0x31, 0x88, 0x31, 0x47, 0x29, 0xc3, 0x18, 0x00, 0x00,
    0x00, 0x00, 0x00, 0x00, 0x00, 0x00, 0x00, 0x00, 0x00, 0x00, 0x00, 0x00, 0x00, 0x00, 0x00, 0x00,
    0x00, 0x00, 0x00, 0x00, 0x00, 0x00, 0x00, 0x00, 0x00, 0x00, 0x00, 0x00, 0x00, 0x00, 0x00, 0x00,
    0x00, 0x00, 0x00, 0x00, 0x62, 0x08, 0x46, 0x29, 0x68, 0x29, 0x88, 0x31, 0x88, 0x31, 0x88, 0x31,
    0x88, 0x31, 0x88, 0x31, 0x88, 0x31, 0x88, 0x31, 0x68, 0x29, 0x26, 0x21, 0x62, 0x08, 0x00, 0x00,
    0x00, 0x00, 0x00, 0x00, 0x00, 0x00, 0x00, 0x00, 0x00, 0x00, 0x00, 0x00, 0x00, 0x00, 0x00, 0x00,
    0x00, 0x00, 0x00, 0x00, 0x00, 0x00, 0x00, 0x00, 0x00, 0x00, 0x00, 0x00, 0x00, 0x00, 0x00, 0x00,
    0x00, 0x00, 0x00, 0x00, 0x00, 0x00, 0x04, 0x21, 0x67, 0x29, 0x68, 0x29, 0x88, 0x31, 0x88, 0x31,
    0x88, 0x31, 0x88, 0x31, 0x88, 0x31, 0x88, 0x31, 0x67, 0x29, 0xe4, 0x18, 0x00, 0x00, 0x00, 0x00,
    0x00, 0x00, 0x00, 0x00, 0x00, 0x00, 0x00, 0x00, 0x00, 0x00, 0x00, 0x00, 0x00, 0x00, 0x00, 0x00,
    0x00, 0x00, 0x00, 0x00, 0x00, 0x00, 0x00, 0x00, 0x00, 0x00, 0x00, 0x00, 0x00, 0x00, 0x00, 0x00,
    0x00, 0x00, 0x00, 0x00, 0x00, 0x00, 0x62, 0x08, 0x05, 0x21, 0x47, 0x29, 0x68, 0x29, 0x88, 0x31,
    0x88, 0x31, 0x88, 0x31, 0x68, 0x29, 0x67, 0x29, 0x05, 0x21, 0x62, 0x08, 0x00, 0x00, 0x00, 0x00,
    0x00, 0x00, 0x00, 0x00, 0x00, 0x00, 0x00, 0x00, 0x00, 0x00, 0x00, 0x00, 0x00, 0x00, 0x00, 0x00,
    0x00, 0x00, 0x00, 0x00, 0x00, 0x00, 0x00, 0x00, 0x00, 0x00, 0x00, 0x00, 0x00, 0x00, 0x00, 0x00,
    0x00, 0x00, 0x00, 0x00, 0x00, 0x00, 0x00, 0x00, 0x82, 0x10, 0x05, 0x21, 0x26, 0x21, 0x67, 0x29,
    0x67, 0x29, 0x47, 0x29, 0x26, 0x21, 0x05, 0x21, 0x82, 0x10, 0x00, 0x00, 0x00, 0x00, 0x00, 0x00,
    0x00, 0x00, 0x00, 0x00, 0x00, 0x00, 0x00, 0x00, 0x00, 0x00, 0x00, 0x00, 0x00, 0x00, 0x00, 0x00,
    0x00, 0x00, 0x00, 0x00, 0x00, 0x00, 0x00, 0x00, 0x00, 0x00, 0x00, 0x00, 0x00, 0x00, 0x00, 0x00,
    0x00, 0x00, 0x00, 0x00, 0x00, 0x00, 0x00, 0x00, 0x00, 0x00, 0x20, 0x00, 0xc3, 0x18, 0x05, 0x21,
    0x26, 0x21, 0x05, 0x21, 0xc3, 0x18, 0x00, 0x00, 0x00, 0x00, 0x00, 0x00, 0x00, 0x00, 0x00, 0x00,
    0x00, 0x00, 0x00, 0x00, 0x00, 0x00, 0x00, 0x00, 0x00, 0x00, 0x00, 0x00, 0x00, 0x00, 0x00, 0x00,
    0x00, 0x00, 0x00, 0x00, 0x00, 0x00, 0x00, 0x00, 0x00, 0x00, 0x00, 0x00, 0x00, 0x00, 0x00, 0x00,
    0x00, 0x00, 0x00, 0x00, 0x00, 0x00, 0x00, 0x00, 0x00, 0x00, 0x00, 0x00, 0x61, 0x08, 0xa3, 0x10,
    0xe4, 0x18, 0xc3, 0x18, 0x61, 0x08, 0x00, 0x00, 0x00, 0x00, 0x00, 0x00, 0x00, 0x00, 0x00, 0x00,
    0x00, 0x00, 0x00, 0x00, 0x00, 0x00, 0x00, 0x00, 0x00, 0x00, 0x00, 0x00, 0x00, 0x00, 0x00, 0x00,
    0x00, 0x00, 0x00, 0x00, 0x00, 0x00, 0x00, 0x00, 0x00, 0x00, 0x00, 0x00, 0x00, 0x00, 0x00, 0x00,
    0x00, 0x00, 0x00, 0x00, 0x00, 0x00, 0x00, 0x00, 0x00, 0x00, 0x00, 0x00, 0x00, 0x00, 0x00, 0x00,
    0x21, 0x00, 0x20, 0x00, 0x00, 0x00, 0x00, 0x00, 0x00, 0x00, 0x00, 0x00, 0x00, 0x00, 0x00, 0x00,
    0x00, 0x00, 0x00, 0x00, 0x00, 0x00, 0x00, 0x00, 0x00, 0x00, 0x00, 0x00, 0x00, 0x00, 0x00, 0x00,
    0x00, 0x00, 0x00, 0x00, 0x00, 0x00, 0x00, 0x00, 0x00, 0x00, 0x00, 0x00, 0x00, 0x00, 0x00, 0x00,
    0x00, 0x00, 0x00, 0x00, 0x00, 0x00, 0x00, 0x00, 0x00, 0x00, 0x00, 0x00, 0x00, 0x00, 0x00, 0x00,
    0x00, 0x00, 0x00, 0x00, 0x00, 0x00, 0x00, 0x00, 0x00, 0x00, 0x00, 0x00, 0x00, 0x00, 0x00, 0x00,
    0x00, 0x00, 0x00, 0x00, 0x00, 0x00, 0x00, 0x00, 0x00, 0x00, 0x00, 0x00, 0x00, 0x00, 0x00, 0x00,
    0x00, 0x00, 0x00, 0x00, 0x00, 0x00, 0x00, 0x00, 0x00, 0x00, 0x00, 0x00, 0x00, 0x00, 0x00, 0x00,
    0x00, 0x00, 0x00, 0x00, 0x00, 0x00, 0x00, 0x00, 0x00, 0x00, 0x00, 0x00, 0x00, 0x00, 0x00, 0x00,
    0x00, 0x00, 0x00, 0x00, 0x00, 0x00, 0x00, 0x00, 0x00, 0x00, 0x00, 0x00, 0x00, 0x00, 0x00, 0x00,
    0x00, 0x00, 0x00, 0x00, 0x00, 0x00, 0x00, 0x00, 0x00, 0x00, 0x00, 0x00, 0x00, 0x00, 0x00, 0x00,
    0x00, 0x00, 0x00, 0x00, 0x00, 0x00, 0x00, 0x00, 0x00, 0x00, 0x00, 0x00, 0x00, 0x00, 0x00, 0x00,
    0x00, 0x00, 0x00, 0x00, 0x00, 0x00, 0x00, 0x00, 0x00, 0x00, 0x00, 0x00, 0x00, 0x00, 0x00, 0x00,
    0x00, 0x00, 0x00, 0x00, 0x00, 0x00, 0x00, 0x00, 0x00, 0x00, 0x00, 0x00, 0x00, 0x00, 0x00, 0x00,
    0x00, 0x00, 0x00, 0x00, 0x00, 0x00, 0x00, 0x00, 0x00, 0x00, 0x00, 0x00, 0x00, 0x00, 0x00, 0x00,
    0x00, 0x00, 0x00, 0x00, 0x00, 0x00, 0x00, 0x00, 0x00, 0x00, 0x00, 0x00, 0xd0, 0x3a, 0x3f, 0xc7,
    0x00, 0x00, 0x00, 0x00, 0x00, 0x00, 0x00, 0x00, 0x00, 0x00, 0x00, 0x00, 0x00, 0x00, 0x00, 0x00,
    0x00, 0x00, 0x00, 0x00, 0x00, 0x00, 0x00, 0x00, 0x00, 0x00, 0x00, 0x00, 0x00, 0x00, 0x00, 0x00,
    0x00, 0x00, 0x00, 0x00, 0x00, 0x00, 0x00, 0x00, 0x00, 0x00, 0x00, 0x00, 0x00, 0x00, 0x00, 0x00,
    0x00, 0x00, 0x00, 0x00, 0x00, 0x00, 0x00, 0x00, 0x00, 0x00, 0x00, 0x00, 0x00, 0x00, 0xb5, 0x4b,
    0x00, 0x00, 0x00, 0x00, 0x00, 0x00, 0x00, 0x00, 0x00, 0x00, 0x00, 0x00, 0x00, 0x00, 0x00, 0x00,
    0x00, 0x00, 0x00, 0x00, 0x00, 0x00, 0x00, 0x00, 0x00, 0x00, 0x00, 0x00, 0x00, 0x00, 0x00, 0x00,
    0x00, 0x00, 0x00, 0x00, 0xd0, 0x3a, 0x3f, 0xc7, 0x00, 0x00, 0x00, 0x00, 0x00, 0x00, 0x00, 0x00,
    0x00, 0x00, 0x00, 0x00, 0x00, 0x00, 0x00, 0x00, 0x00, 0x00, 0x00, 0x00, 0x00, 0x00, 0x00, 0x00,
    0x00, 0x00, 0x00, 0x00, 0x00, 0x00, 0x00, 0x00, 0x00, 0x00, 0x00, 0x00, 0x00, 0x00, 0x00, 0x00,
    0x00, 0x00, 0x00, 0x00, 0x00, 0x00, 0x00, 0x00, 0x00, 0x00, 0x00, 0x00, 0x00, 0x00, 0x00, 0x00,
    0x00, 0x00, 0x00, 0x00, 0x00, 0x00, 0xb5, 0x4b, 0x00, 0x00, 0x00, 0x00, 0x00, 0x00, 0x00, 0x00,
    0x00, 0x00, 0x00, 0x00, 0x00, 0x00, 0x00, 0x00, 0x00, 0x00, 0x00, 0x00, 0x00, 0x00, 0x00, 0x00,
    0x00, 0x00, 0x00, 0x00, 0xb5, 0x4b, 0x00, 0x00, 0x00, 0x00, 0x00, 0x00, 0x00, 0x00, 0x00, 0x00,
    0x00, 0x00, 0x00, 0x00, 0x00, 0x00, 0x00, 0x00, 0x00, 0x00, 0x00, 0x00, 0x00, 0x00, 0x00, 0x00,
    0x00, 0x00, 0x00, 0x00, 0x00, 0x00, 0x00, 0x00, 0x00, 0x00, 0x00, 0x00, 0x00, 0x00, 0x00, 0x00,
    0x00, 0x00, 0x00, 0x00, 0x00, 0x00, 0x00, 0x00, 0x00, 0x00, 0x00, 0x00, 0x00, 0x00, 0x00, 0x00,
    0x00, 0x00, 0x00, 0x00, 0x00, 0x00, 0xd6, 0x53, 0x3f, 0xcf, 0x00, 0x00, 0x00, 0x00, 0x00, 0x00,
    0x00, 0x00, 0x00, 0x00, 0x00, 0x00, 0xd0, 0x3a, 0x3f, 0xcf, 0x00, 0x00, 0x00, 0x00, 0x00, 0x00,
    0x00, 0x00, 0x00, 0x00, 0x00, 0x00, 0x00, 0x00, 0x00, 0x00, 0x00, 0x00, 0x00, 0x00, 0x00, 0x00,
    0x00, 0x00, 0x00, 0x00, 0x00, 0x00, 0x00, 0x00, 0x00, 0x00, 0x00, 0x00, 0x00, 0x00, 0x00, 0x00,
    0x00, 0x00, 0x00, 0x00, 0x00, 0x00, 0x00, 0x00, 0x9a, 0x64, 0x00, 0x00, 0x00, 0x00, 0x00, 0x00,
    0x00, 0x00, 0x00, 0x00, 0x00, 0x00, 0x00, 0x00, 0xd6, 0x53, 0x00, 0x00, 0x00, 0x00, 0x00, 0x00,
    0xd0, 0x3a, 0x3f, 0xcf, 0x00, 0x00, 0x00, 0x00, 0xd0, 0x3a, 0x3f, 0xcf, 0x00, 0x00, 0x00, 0x00,
    0x00, 0x00, 0x00, 0x00, 0x00, 0x00, 0x00, 0x00, 0x00, 0x00, 0x00, 0x00, 0x00, 0x00, 0x00, 0x00,
    0x00, 0x00, 0x00, 0x00, 0x00, 0x00, 0x00, 0x00, 0xd6, 0x53, 0x00, 0x00, 0x00, 0x00, 0x00, 0x00,
    0x00, 0x00, 0x00, 0x00, 0x00, 0x00, 0x00, 0x00, 0x00, 0x00, 0x00, 0x00, 0x00, 0x00, 0x00, 0x00,
    0xd0, 0x3a, 0x3f, 0xcf, 0x00, 0x00, 0x00, 0x00, 0x00, 0x00, 0x00, 0x00, 0x00, 0x00, 0x00, 0x00,
    0x00, 0x00, 0x00, 0x00, 0x00, 0x00, 0x00, 0x00, 0x00, 0x00, 0x00, 0x00, 0x00, 0x00, 0x00, 0x00,
    0x00, 0x00, 0xd6, 0x53, 0x00, 0x00, 0x00, 0x00, 0xd0, 0x3a, 0x3f, 0xcf, 0x00, 0x00, 0x00, 0x00,
    0x00, 0x00, 0x00, 0x00, 0x00, 0x00, 0x00, 0x00, 0x00, 0x00, 0x00, 0x00, 0x00, 0x00, 0xd0, 0x3a,
    0x3f, 0xcf, 0xd6, 0x53, 0x00, 0x00, 0x00, 0x00, 0xd0, 0x3a, 0x3f, 0xcf, 0x00, 0x00, 0x00, 0x00,
    0x00, 0x00, 0x00, 0x00, 0x00, 0x00, 0x00, 0x00, 0x00, 0x00, 0x00, 0x00, 0x00, 0x00, 0xb5, 0x4b,
    0x00, 0x00, 0x00, 0x00, 0x00, 0x00, 0x00, 0x00, 0x00, 0x00, 0x00, 0x00, 0x00, 0x00, 0x00, 0x00,
    0x00, 0x00, 0x00, 0x00, 0x00, 0x00, 0x00, 0x00, 0x00, 0x00, 0x00, 0x00, 0x00, 0x00, 0xd0, 0x3a,
    0x3f, 0xcf, 0xd6, 0x53, 0x00, 0x00, 0x00, 0x00, 0x00, 0x00, 0x00, 0x00, 0x00, 0x00, 0x00, 0x00,
    0x00, 0x00, 0x00, 0x00, 0x00, 0x00, 0x00, 0x00, 0x00, 0x00, 0x00, 0x00, 0x00, 0x00, 0x00, 0x00,
    0x00, 0x00, 0x00, 0x00, 0x00, 0x00, 0x00, 0x00, 0x00, 0x00, 0x00, 0x00, 0x00, 0x00, 0x00, 0x00,
    0x00, 0x00, 0x00, 0x00, 0x00, 0x00, 0x00, 0x00, 0x00, 0x00, 0x00, 0x00, 0x00, 0x00, 0x00, 0x00,
    0xd6, 0x53, 0x00, 0x00, 0x00, 0x00, 0xd0, 0x3a, 0x3f, 0xcf, 0x00, 0x00, 0x00, 0x00, 0x00, 0x00,
    0x00, 0x00, 0x00, 0x00, 0x00, 0x00, 0x00, 0x00, 0x00, 0x00, 0xd0, 0x3a, 0x3f, 0xc7, 0x00, 0x00,
    0x00, 0x00, 0x00, 0x00, 0x00, 0x00, 0x00, 0x00, 0x00, 0x00, 0x00, 0x00, 0x00, 0x00, 0x00, 0x00,
    0x00, 0x00, 0x00, 0x00, 0x00, 0x00, 0x00, 0x00, 0x00, 0x00, 0x00, 0x00, 0x00, 0x00, 0x00, 0x00,
    0x00, 0x00, 0x00, 0x00, 0x00, 0x00, 0x00, 0x00, 0xd6, 0x53, 0x00, 0x00, 0x00, 0x00, 0x00, 0x00,
    0x00, 0x00, 0x00, 0x00, 0x00, 0x00, 0x00, 0x00, 0x00, 0x00, 0x00, 0x00, 0xb5, 0x4b, 0x00, 0x00,
    0x00, 0x00, 0x00, 0x00, 0x00, 0x00, 0x00, 0x00, 0xd6, 0x53, 0x00, 0x00, 0x00, 0x00, 0x00, 0x00,
    0x00, 0x00, 0x00, 0x00, 0x00, 0x00, 0x00, 0x00, 0x00, 0x00, 0x00, 0x00, 0x00, 0x00, 0x00, 0x00,
    0x00, 0x00, 0x00, 0x00, 0x00, 0x00, 0x00, 0x00, 0x00, 0x00, 0x00, 0x00, 0x00, 0x00, 0x00, 0x00,
    0x00, 0x00, 0x00, 0x00, 0x00, 0x00, 0x00, 0x00, 0x00, 0x00, 0x00, 0x00, 0x00, 0x00, 0x00, 0x00,
    0x00, 0x00, 0x00, 0x00, 0x00, 0x00, 0x00, 0x00, 0x00, 0x00, 0x00, 0x00, 0x00, 0x00, 0x00, 0x00,
    0x00, 0x00, 0x00, 0x00, 0x00, 0x00, 0x00, 0x00, 0x00, 0x00, 0xd6, 0x53, 0x00, 0x00, 0x00, 0x00,
    0x00, 0x00, 0xd0, 0x3a, 0x3f, 0xc7, 0x00, 0x00, 0x00, 0x00, 0x00, 0x00, 0x00, 0x00, 0x00, 0x00,
    0x00, 0x00, 0x00, 0x00, 0x00, 0x00, 0x00, 0x00, 0x00, 0x00, 0x00, 0x00, 0x00, 0x00, 0x00, 0x00,
    0x00, 0x00, 0x00, 0x00, 0x00, 0x00, 0x00, 0x00, 0x00, 0x00, 0x00, 0x00, 0x00, 0x00, 0xd0, 0x3a,
    0x3f, 0xcf, 0x00, 0x00, 0x00, 0x00, 0x00, 0x00, 0x00, 0x00, 0x00, 0x00, 0x00, 0x00, 0x00, 0x00,
    0x00, 0x00, 0x00, 0x00, 0x38, 0x54, 0x3f, 0xc7, 0x00, 0x00, 0x00, 0x00, 0x00, 0x00, 0x00, 0x00,
    0xa4, 0x10, 0xa4, 0x08, 0xa4, 0x08, 0xa4, 0x08, 0xa4, 0x10, 0xa4, 0x08, 0xa4, 0x08, 0xa4, 0x08,
    0x12, 0x43, 0x3f, 0xcf, 0x3f, 0xc7, 0xa4, 0x08, 0xa4, 0x10, 0xa4, 0x08, 0xa4, 0x08, 0xe5, 0x10,
    0x17, 0x54, 0xe5, 0x10, 0xa4, 0x08, 0xa4, 0x08, 0xa4, 0x10, 0xa4, 0x08, 0xa4, 0x08, 0xa4, 0x08,
    0xa4, 0x10, 0xa4, 0x08, 0xa4, 0x08, 0xa4, 0x08, 0xa4, 0x10, 0xa4, 0x08, 0xa4, 0x08, 0xa4, 0x08,
    0xa4, 0x10, 0xa4, 0x08, 0xa4, 0x08, 0xa4, 0x08, 0xa4, 0x10, 0xa4, 0x08, 0xa4, 0x08, 0xa4, 0x08,
    0xa4, 0x10, 0xf6, 0x53, 0xd6, 0x53, 0xa4, 0x08, 0xa4, 0x10, 0xa4, 0x08, 0x05, 0x19, 0x87, 0x29,
    0xc9, 0x31, 0x88, 0x29, 0x05, 0x19, 0x83, 0x00, 0xa4, 0x10, 0xa4, 0x08, 0xa4, 0x08, 0xa4, 0x08,
    0xa4, 0x10, 0xa4, 0x08, 0xa4, 0x08, 0xa4, 0x08, 0xa4, 0x10, 0xa4, 0x08, 0xa4, 0x08, 0xa4, 0x08,
    0x00, 0x00, 0x00, 0x00, 0x00, 0x00, 0x00, 0x00, 0x00, 0x00, 0x00, 0x00, 0x00, 0x00, 0x00, 0x00,
    0x00, 0x00, 0x00, 0x00, 0x00, 0x00, 0x00, 0x00, 0x00, 0x00, 0x20, 0x00, 0xc3, 0x18, 0x05, 0x21,
    0x26, 0x21, 0x25, 0x21, 0xc3, 0x18, 0x00, 0x00, 0x00, 0x00, 0x00, 0x00, 0x00, 0x00, 0x00, 0x00,
    0x00, 0x00, 0x00, 0x00, 0x00, 0x00, 0xb5, 0x4b, 0xd0, 0x3a, 0x3f, 0xcf, 0x00, 0x00, 0x00, 0x00,
    0x00, 0x00, 0x00, 0x00, 0x00, 0x00, 0x00, 0x00, 0x00, 0x00, 0x00, 0x00, 0xd0, 0x3a, 0x3f, 0xc7,
    0x00, 0x00, 0x00, 0x00, 0x00, 0x00, 0x00, 0x00, 0x00, 0x00, 0x62, 0x08, 0x05, 0x21, 0x26, 0x21,
    0x47, 0x29, 0x46, 0x29, 0x05, 0x21, 0x62, 0x08, 0x00, 0x00, 0x00, 0x00, 0x00, 0x00, 0x00, 0x00,
    0x00, 0x00, 0x00, 0x00, 0x00, 0x00, 0x00, 0x00, 0x00, 0x00, 0xd6, 0x53, 0x00, 0x00, 0x00, 0x00,
    0x00, 0x00, 0x00, 0x00, 0x00, 0x00, 0x00, 0x00, 0x00, 0x00, 0x00, 0x00, 0xd0, 0x3a, 0x3f, 0xc7,
    0x00, 0x00, 0x00, 0x00, 0x00, 0x00, 0xd0, 0x3a, 0x3f, 0xcf, 0xa3, 0x10, 0x25, 0x21, 0x46, 0x29,
    0x67, 0x29, 0x47, 0x29, 0x25, 0x21, 0x83, 0x10, 0x00, 0x00, 0x00, 0x00, 0x00, 0x00, 0x00, 0x00,
    0x00, 0x00, 0x00, 0x00, 0x00, 0x00, 0x00, 0x00, 0x00, 0x00, 0x00, 0x00, 0x00, 0x00, 0x00, 0x00,
    0x00, 0x00, 0x00, 0x00, 0x00, 0x00, 0x00, 0x00, 0x00, 0x00, 0x00, 0x00, 0x00, 0x00, 0xb5, 0x4b,
    0x00, 0x00, 0x00, 0x00, 0x00, 0x00, 0x00, 0x00, 0x00, 0x00, 0xa3, 0x10, 0x26, 0x21, 0x47, 0x29,
    0x67, 0x29, 0x47, 0x29, 0x26, 0x21, 0x11, 0x43, 0x3f, 0xcf, 0x00, 0x00, 0x00, 0x00, 0x00, 0x00,
    0x00, 0x00, 0x00, 0x00, 0x00, 0x00, 0x00, 0x00, 0x00, 0x00, 0x00, 0x00, 0x00, 0x00, 0x00, 0x00,
    0x00, 0x00, 0x00, 0x00, 0x00, 0x00, 0x00, 0x00, 0x00, 0x00, 0x00, 0x00, 0x00, 0x00, 0x00, 0x00,
    0x00, 0x00, 0x00, 0x00, 0x00, 0x00, 0x00, 0x00, 0x00, 0x00, 0xa3, 0x10, 0x05, 0x21, 0x46, 0x29,
    0x67, 0x29, 0x46, 0x29, 0x05, 0x21, 0x83, 0x10, 0xd6, 0x53, 0x00, 0x00, 0x00, 0x00, 0x00, 0x00,
    0x00, 0x00, 0x00, 0x00, 0x00, 0x00, 0x00, 0x00, 0xd0, 0x3a, 0x3f, 0xcf, 0x00, 0x00, 0x00, 0x00,
    0x22, 0x21, 0x21, 0x21, 0x21, 0x21, 0x21, 0x21, 0x22, 0x21, 0x21, 0x21, 0x21, 0x21, 0x21, 0x21,
    0x22, 0x21, 0x21, 0x21, 0x21, 0x21, 0x30, 0x43, 0x3f, 0xcf, 0xa4, 0x31, 0x48, 0x42, 0xca, 0x5a,
    0xf9, 0xff, 0xf9, 0xff, 0xf8, 0xff, 0x83, 0x29, 0x22, 0x21, 0x21, 0x21, 0x21, 0x21, 0x21, 0x21,
    0x22, 0x21, 0x21, 0x21, 0x21, 0x21, 0x21, 0x21, 0x22, 0x21, 0xf6, 0x53, 0x21, 0x21, 0x21, 0x21,
    0x22, 0x21, 0x21, 0x21, 0x21, 0x21, 0x21, 0x21, 0x22, 0x21, 0x21, 0x21, 0x21, 0x21, 0x21, 0x21,
    0x22, 0x21, 0x21, 0x21, 0x21, 0x21, 0x21, 0x21, 0x16, 0x54, 0x16, 0x5c, 0xc5, 0x31, 0x27, 0x42,
    0xf9, 0xff, 0xf9, 0xff, 0xf8, 0xff, 0x42, 0x29, 0x22, 0x21, 0x21, 0x21, 0x21, 0x21, 0x21, 0x21,
    0x22, 0x21, 0x21, 0x21, 0x21, 0x21, 0x21, 0x21, 0x22, 0x21, 0x21, 0x21, 0x21, 0x21, 0x21, 0x21,
    0x22, 0x21, 0x21, 0x21, 0x21, 0x21, 0x21, 0x21, 0x22, 0x21, 0x21, 0x21, 0x21, 0x21, 0x21, 0x21,
    0x22, 0x21, 0x21, 0x21, 0x21, 0x21, 0x21, 0x21, 0x22, 0x21, 0x21, 0x21, 0x42, 0x21, 0xa3, 0x31,
    0xf9, 0xff, 0xf9, 0xff, 0xf8, 0xff, 0x00, 0x19, 0x22, 0x21, 0x21, 0x21, 0x21, 0x21, 0x30, 0x43,
    0x3f, 0xcf, 0x3f, 0xcf, 0x21, 0x21, 0x21, 0x21, 0x22, 0x21, 0x21, 0x21, 0x21, 0x21, 0x21, 0x21,
    0x22, 0x21, 0x21, 0x21, 0x21, 0x21, 0x21, 0x21, 0x22, 0x21, 0x21, 0x21, 0x21, 0x21, 0x21, 0x21,
    0x22, 0x21, 0x21, 0x21, 0x21, 0x21, 0x21, 0x21, 0x22, 0x21, 0x21, 0x21, 0x21, 0x21, 0x00, 0x19,
    0xf9, 0xff, 0xf9, 0xff, 0xf8, 0xff, 0x21, 0x21, 0x22, 0x21, 0x21, 0x21, 0x21, 0x21, 0x21, 0x21,
    0x16, 0x54, 0x21, 0x21, 0x21, 0x21, 0x30, 0x43, 0x3f, 0xcf, 0x21, 0x21, 0x21, 0x21, 0x21, 0x21,
    0x00, 0x00, 0x00, 0x00, 0x00, 0x00, 0x00, 0x00, 0x00, 0x00, 0xd0, 0x3a, 0x3f, 0xc7, 0x00, 0x00,
    0x00, 0x00, 0x00, 0x00, 0x00, 0x00, 0x00, 0x00, 0x00, 0x00, 0x00, 0x00, 0x00, 0x00, 0x00, 0x00,
    0x00, 0x00, 0x00, 0x00, 0x00, 0x00, 0x00, 0x00, 0x00, 0x00, 0x00, 0x00, 0x00, 0x00, 0x00, 0x00,
    0x00, 0x00, 0x00, 0x00, 0x00, 0x00, 0x00, 0x00, 0xd6, 0x53, 0x00, 0x00, 0x00, 0x00, 0x00, 0x00,
    0x00, 0x00, 0x00, 0x00, 0x00, 0x00, 0x00, 0x00, 0x00, 0x00, 0x00, 0x00, 0xb5, 0x4b, 0x00, 0x00,
    0x00, 0x00, 0x00, 0x00, 0x00, 0x00, 0x00, 0x00, 0xd6, 0x53, 0x00, 0x00, 0x00, 0x00, 0x00, 0x00,
    0x00, 0x00, 0x00, 0x00, 0x00, 0x00, 0x00, 0x00, 0x00, 0x00, 0x00, 0x00, 0x00, 0x00, 0x00, 0x00,
    0x00, 0x00, 0x00, 0x00, 0x00, 0x00, 0x00, 0x00, 0x00, 0x00, 0x00, 0x00, 0x00, 0x00, 0x00, 0x00,
    0x00, 0x00, 0x00, 0x00, 0x00, 0x00, 0x00, 0x00, 0x00, 0x00, 0x00, 0x00, 0x00, 0x00, 0x00, 0x00,
    0x00, 0x00, 0x00, 0x00, 0x00, 0x00, 0x00, 0x00, 0x00, 0x00, 0x00, 0x00, 0x00, 0x00, 0x00, 0x00,
    0x00, 0x00, 0x00, 0x00, 0x00, 0x00, 0x00, 0x00, 0x00, 0x00, 0xd6, 0x53, 0x00, 0x00, 0x00, 0x00,
    0x00, 0x00, 0xd0, 0x3a, 0x3f, 0xc7, 0x00, 0x00, 0x00, 0x00, 0x00, 0x00, 0x00, 0x00, 0x00, 0x00,
    0x00, 0x00, 0x00, 0x00, 0x00, 0x00, 0x00, 0x00, 0x00, 0x00, 0x00, 0x00, 0x00, 0x00, 0x00, 0x00,
    0x00, 0x00, 0x00, 0x00, 0x00, 0x00, 0x00, 0x00, 0x00, 0x00, 0x00, 0x00, 0x00, 0x00, 0xd0, 0x3a,
    0x3f, 0xcf, 0x00, 0x00, 0x00, 0x00, 0x00, 0x00, 0x00, 0x00, 0x00, 0x00, 0x00, 0x00, 0x00, 0x00,
    0x00, 0x00, 0x00, 0x00, 0x38, 0x54, 0x3f, 0xc7, 0x00, 0x00, 0x00, 0x00, 0x00, 0x00, 0x00, 0x00,
    0x00, 0x00, 0x00, 0x00, 0x00, 0x00, 0x00, 0x00, 0x00, 0x00, 0x00, 0x00, 0x00, 0x00, 0x00, 0x00,
    0xd0, 0x3a, 0x3f, 0xcf, 0x3f, 0xc7, 0x00, 0x00, 0x00, 0x00, 0x00, 0x00, 0x00, 0x00, 0x00, 0x00,
    0xdb, 0x6c, 0x00, 0x00, 0x00, 0x00, 0x00, 0x00, 0x00, 0x00, 0x00, 0x00, 0x00, 0x00, 0x00, 0x00,
    0x00, 0x00, 0x00, 0x00, 0x00, 0x00, 0x00, 0x00, 0x00, 0x00, 0x00, 0x00, 0x00, 0x00, 0x00, 0x00,
    0x00, 0x00, 0x00, 0x00, 0x00, 0x00, 0x00, 0x00, 0x00, 0x00, 0x00, 0x00, 0x00, 0x00, 0x00, 0x00,
    0x00, 0x00, 0xd6, 0x53, 0xb5, 0x4b, 0x00, 0x00, 0x00, 0x00, 0x00, 0x00, 0x00, 0x00, 0x00, 0x00,
    0x19, 0x7d, 0x00, 0x00, 0x00, 0x00, 0x00, 0x00, 0x00, 0x00, 0x00, 0x00, 0x00, 0x00, 0x00, 0x00,
    0x00, 0x00, 0x00, 0x00, 0x00, 0x00, 0x00, 0x00, 0x00, 0x00, 0x00, 0x00, 0x00, 0x00, 0x00, 0x00,
    0x00, 0x00, 0x00, 0x00, 0x00, 0x00, 0x00, 0x00, 0x00, 0x00, 0x00, 0x00, 0x00, 0x00, 0x00, 0x00,
    0x00, 0x00, 0x00, 0x00, 0x00, 0x00, 0x00, 0x00, 0x00, 0x00, 0x00, 0x00, 0x00, 0x00, 0x00, 0x00,
    0x00, 0x00, 0x00, 0x00, 0x00, 0x00, 0x00, 0x00, 0x00, 0x00, 0x00, 0x00, 0x00, 0x00, 0x00, 0x00,
    0x00, 0x00, 0x00, 0x00, 0x00, 0x00, 0xb5, 0x4b, 0xd0, 0x3a, 0x3f, 0xcf, 0x00, 0x00, 0x00, 0x00,
    0x00, 0x00, 0x00, 0x00, 0x00, 0x00, 0x00, 0x00, 0x00, 0x00, 0x00, 0x00, 0xd0, 0x3a, 0x3f, 0xc7,
    0x00, 0x00, 0x00, 0x00, 0x00, 0x00, 0x00, 0x00, 0x00, 0x00, 0x00, 0x00, 0x00, 0x00, 0x00, 0x00,
    0x00, 0x00, 0x00, 0x00, 0x00, 0x00, 0x00, 0x00, 0x00, 0x00, 0x00, 0x00, 0x00, 0x00, 0x00, 0x00,
    0x00, 0x00, 0x00, 0x00, 0x00, 0x00, 0x00, 0x00, 0x00, 0x00, 0xd6, 0x53, 0x00, 0x00, 0x00, 0x00,
    0x00, 0x00, 0x00, 0x00, 0x00, 0x00, 0x00, 0x00, 0x00, 0x00, 0x00, 0x00, 0xd0, 0x3a, 0x3f, 0xc7,
    0x00, 0x00, 0x00, 0x00, 0x00, 0x00, 0xd0, 0x3a, 0x3f, 0xcf, 0x00, 0x00, 0x00, 0x00, 0x00, 0x00,
    0x00, 0x00, 0x00, 0x00, 0x00, 0x00, 0x00, 0x00, 0x00, 0x00, 0x00, 0x00, 0x00, 0x00, 0x00, 0x00,
    0x00, 0x00, 0x00, 0x00, 0x00, 0x00, 0x00, 0x00, 0x00, 0x00, 0x00, 0x00, 0x00, 0x00, 0x00, 0x00,
    0x00, 0x00, 0x00, 0x00, 0x00, 0x00, 0x00, 0x00, 0x00, 0x00, 0x00, 0x00, 0x00, 0x00, 0xb5, 0x4b,
    0x00, 0x00, 0x00, 0x00, 0x00, 0x00, 0x00, 0x00, 0x00, 0x00, 0x00, 0x00, 0x00, 0x00, 0x00, 0x00,
    0x00, 0x00, 0x00, 0x00, 0x00, 0x00, 0xd0, 0x3a, 0x3f, 0xcf, 0x00, 0x00, 0x00, 0x00, 0x00, 0x00,
    0x00, 0x00, 0x00, 0x00, 0x00, 0x00, 0x00, 0x00, 0x00, 0x00, 0x00, 0x00, 0x00, 0x00, 0x00, 0x00,
    0x00, 0x00, 0x00, 0x00, 0x00, 0x00, 0x00, 0x00, 0x00, 0x00, 0x00, 0x00, 0x00, 0x00, 0x00, 0x00,
    0x00, 0x00, 0x00, 0x00, 0x00, 0x00, 0x00, 0x00, 0x00, 0x00, 0x00, 0x00, 0x00, 0x00, 0x00, 0x00,
    0x00, 0x00, 0x00, 0x00, 0x00, 0x00, 0x00, 0x00, 0xd6, 0x53, 0x00, 0x00, 0x00, 0x00, 0x00, 0x00,
    0x00, 0x00, 0x00, 0x00, 0x00, 0x00, 0x00, 0x00, 0xd0, 0x3a, 0x3f, 0xcf, 0x00, 0x00, 0x00, 0x00,
    0x00, 0x00, 0x00, 0x00, 0x00, 0x00, 0x00, 0x00, 0x00, 0x00, 0x00, 0x00, 0x00, 0x00, 0x00, 0x00,
    0x00, 0x00, 0x00, 0x00, 0x00, 0x00, 0xd0, 0x3a, 0x3f, 0xcf, 0x00, 0x00, 0x00, 0x00, 0x00, 0x00,
    0x00, 0x00, 0x00, 0x00, 0x00, 0x00, 0x00, 0x00, 0x00, 0x00, 0x00, 0x00, 0x00, 0x00, 0x00, 0x00,
    0x00, 0x00, 0x00, 0x00, 0x00, 0x00, 0x00, 0x00, 0x00, 0x00, 0xd6, 0x53, 0x00, 0x00, 0x00, 0x00,
    0x00, 0x00, 0x00, 0x00, 0x00, 0x00, 0x00, 0x00, 0x00, 0x00, 0x00, 0x00, 0x00, 0x00, 0x00, 0x00,
    0x00, 0x00, 0x00, 0x00, 0x00, 0x00, 0x00, 0x00, 0xd6, 0x53, 0xd6, 0x53, 0x00, 0x00, 0x00, 0x00,
    0x00, 0x00, 0x00, 0x00, 0x00, 0x00, 0x00, 0x00, 0x00, 0x00, 0x00, 0x00, 0x00, 0x00, 0x00, 0x00,
    0x00, 0x00, 0x00, 0x00, 0x00, 0x00, 0x00, 0x00, 0x00, 0x00, 0x00, 0x00, 0x00, 0x00, 0x00, 0x00,
    0x00, 0x00, 0x00, 0x00, 0x00, 0x00, 0x00, 0x00, 0x00, 0x00, 0x00, 0x00, 0x00, 0x00, 0x00, 0x00,
    0x00, 0x00, 0x00, 0x00, 0x00, 0x00, 0x00, 0x00, 0x00, 0x00, 0x00, 0x00, 0x00, 0x00, 0x00, 0x00,
    0x00, 0x00, 0x00, 0x00, 0x00, 0x00, 0x00, 0x00, 0x00, 0x00, 0x00, 0x00, 0x00, 0x00, 0xd0, 0x3a,
    0x3f, 0xcf, 0x3f, 0xcf, 0x00, 0x00, 0x00, 0x00, 0x00, 0x00, 0x00, 0x00, 0x00, 0x00, 0x00, 0x00,
    0x00, 0x00, 0x00, 0x00, 0x00, 0x00, 0x00, 0x00, 0x00, 0x00, 0x00, 0x00, 0x00, 0x00, 0x00, 0x00,
    0x00, 0x00, 0x00, 0x00, 0x00, 0x00, 0x00, 0x00, 0x00, 0x00, 0x00, 0x00, 0x00, 0x00, 0x00, 0x00,
    0x00, 0x00, 0x00, 0x00, 0x00, 0x00, 0x00, 0x00, 0x00, 0x00, 0x00, 0x00, 0x00, 0x00, 0x00, 0x00,
    0xd6, 0x53, 0x00, 0x00, 0x00, 0x00, 0xd0, 0x3a, 0x3f, 0xcf, 0x00, 0x00, 0x00, 0x00, 0x00, 0x00,
    0x00, 0x00, 0x00, 0x00, 0x00, 0x00, 0x00, 0x00, 0x00, 0x00, 0xd0, 0x3a, 0x3f, 0xc7, 0x00, 0x00,
    0x00, 0x00, 0x00, 0x00, 0x00, 0x00, 0x00, 0x00, 0x00, 0x00, 0x00, 0x00, 0x00, 0x00, 0x00, 0x00,
    0x00, 0x00, 0x00, 0x00, 0x00, 0x00, 0x00, 0x00, 0x00, 0x00, 0x00, 0x00, 0x00, 0x00, 0x00, 0x00,
    0x00, 0x00, 0x00, 0x00, 0x00, 0x00, 0x00, 0x00, 0xd6, 0x53, 0x00, 0x00, 0x00, 0x00, 0x00, 0x00,
    0x00, 0x00, 0x00, 0x00, 0x00, 0x00, 0x00, 0x00, 0x00, 0x00, 0x00, 0x00, 0xb5, 0x4b, 0x00, 0x00,
    0x00, 0x00, 0x00, 0x00, 0x00, 0x00, 0x00, 0x00, 0xd6, 0x53, 0x00, 0x00, 0x00, 0x00, 0x00, 0x00,
    0x20, 0x00, 0x00, 0x00, 0x00, 0x00, 0x00, 0x00, 0x00, 0x00, 0x00, 0x00, 0x00, 0x00, 0x00, 0x00,
    0x00, 0x00, 0x00, 0x00, 0x00, 0x00, 0x00, 0x00, 0x00, 0x00, 0x00, 0x00, 0x00, 0x00, 0x00, 0x00,
    0x00, 0x00, 0x00, 0x00, 0x00, 0x00, 0x00, 0x00, 0x00, 0x00, 0x00, 0x00, 0x00, 0x00, 0x00, 0x00,
    0x00, 0x00, 0x00, 0x00, 0x00, 0x00, 0x00, 0x00, 0x00, 0x00, 0x00, 0x00, 0x21, 0x00, 0x83, 0x10,
    0xc3, 0x18, 0xa3, 0x10, 0x21, 0x00, 0x00, 0x00, 0x00, 0x00, 0xd6, 0x53, 0x00, 0x00, 0x00, 0x00,
    0x00, 0x00, 0xd0, 0x3a, 0x3f, 0xc7, 0x00, 0x00, 0x00, 0x00, 0x00, 0x00, 0x00, 0x00, 0x00, 0x00,
    0x00, 0x00, 0x00, 0x00, 0x00, 0x00, 0x00, 0x00, 0x00, 0x00, 0x00, 0x00, 0x00, 0x00, 0x00, 0x00,
    0x00, 0x00, 0x00, 0x00, 0x00, 0x00, 0x00, 0x00, 0x00, 0x00, 0x21, 0x00, 0xc3, 0x18, 0x32, 0x43,
    0x3f, 0xcf, 0x05, 0x21, 0xc3, 0x18, 0x00, 0x00, 0x00, 0x00, 0x00, 0x00, 0x00, 0x00, 0x00, 0x00,
    0x00, 0x00, 0x00, 0x00, 0x38, 0x54, 0x3f, 0xc7, 0x00, 0x00, 0x00, 0x00, 0x00, 0x00, 0x00, 0x00,
    0x00, 0x00, 0x00, 0x00, 0x00, 0x00, 0x00, 0x00, 0x00, 0x00, 0x00, 0x00, 0x00, 0x00, 0x00, 0x00,
    0x00, 0x00, 0x00, 0x00, 0x00, 0x00, 0x00, 0x00, 0x00, 0x00, 0x83, 0x10, 0x05, 0x21, 0x26, 0x21,
    0x17, 0x5c, 0x46, 0x29, 0x05, 0x21, 0x82, 0x10, 0x00, 0x00, 0x00, 0x00, 0x00, 0x00, 0x00, 0x00,
    0x00, 0x00, 0x00, 0x00, 0x00, 0x00, 0x00, 0x00, 0x00, 0x00, 0x00, 0x00, 0x00, 0x00, 0x00, 0x00,
    0x00, 0x00, 0x00, 0x00, 0x00, 0x00, 0x00, 0x00, 0x00, 0x00, 0x00, 0x00, 0x00, 0x00, 0x00, 0x00,
    0x00, 0x00, 0x00, 0x00, 0x00, 0x00, 0x00, 0x00, 0x20, 0x00, 0xc4, 0x18, 0x26, 0x21, 0x46, 0x29,
    0x67, 0x29, 0x47, 0x29, 0x26, 0x21, 0xc3, 0x18, 0x20, 0x00, 0x00, 0x00, 0x00, 0x00, 0x00, 0x00,
    0x00, 0x00, 0x00, 0x00, 0x00, 0x00, 0x00, 0x00, 0x00, 0x00, 0x00, 0x00, 0x00, 0x00, 0x00, 0x00,
    0x00, 0x00, 0x00, 0x00, 0x00, 0x00, 0x00, 0x00, 0x00, 0x00, 0x00, 0x00, 0x00, 0x00, 0x00, 0x00,
    0x00, 0x00, 0x00, 0x00, 0x00, 0x00, 0x00, 0x00, 0x21, 0x00, 0xe4, 0x18, 0x26, 0x21, 0x47, 0x29,
    0x67, 0x29, 0x47, 0x29, 0x26, 0x21, 0xc4, 0x18, 0x21, 0x00, 0x00, 0x00, 0x00, 0x00, 0x00, 0x00,
    0x00, 0x00, 0x00, 0x00, 0x00, 0x00, 0x00, 0x00, 0x00, 0x00, 0x00, 0x00, 0x00, 0x00, 0x00, 0x00,
    0x00, 0x00, 0x00, 0x00, 0x00, 0x00, 0x00, 0x00, 0x00, 0x00, 0x00, 0x00, 0x00, 0x00, 0x00, 0x00,
    0x00, 0x00, 0x00, 0x00, 0x00, 0x00, 0x00, 0x00, 0x21, 0x00, 0xe4, 0x18, 0x26, 0x21, 0x46, 0x29,
    0x67, 0x29, 0x47, 0x29, 0x26, 0x21, 0xc4, 0x18, 0x21, 0x00, 0x00, 0x00, 0x00, 0x00, 0x00, 0x00,
    0x00, 0x00, 0x00, 0x00, 0x00, 0x00, 0x00, 0x00, 0x00, 0x00, 0x00, 0x00, 0x00, 0x00, 0x00, 0x00,
    0x00, 0x00, 0x00, 0x00, 0x00, 0x00, 0x00, 0x00, 0x00, 0x00, 0x00, 0x00, 0x00, 0x00, 0x00, 0x00,
    0x00, 0x00, 0x00, 0x00, 0x00, 0x00, 0x00, 0x00, 0x20, 0x00, 0xa3, 0x10, 0x05, 0x21, 0x26, 0x21,
    0x46, 0x29, 0x26, 0x21, 0x05, 0x21, 0xa3, 0x10, 0x20, 0x00, 0x00, 0x00, 0x00, 0x00, 0x00, 0x00,
    0x00, 0x00, 0x00, 0x00, 0x00, 0x00, 0x00, 0x00, 0x00, 0x00, 0x00, 0x00, 0x00, 0x00, 0x00, 0x00,
    0x00, 0x00, 0x00, 0x00, 0x00, 0x00, 0x00, 0x00, 0x00, 0x00, 0x00, 0x00, 0x00, 0x00, 0x00, 0x00,
    0x00, 0x00, 0x00, 0x00, 0x00, 0x00, 0x00, 0x00, 0x00, 0x00, 0x62, 0x08, 0xc3, 0x18, 0xe4, 0x18,
    0x05, 0x21, 0x05, 0x21, 0xc3, 0x18, 0x41, 0x08, 0x00, 0x00, 0x00, 0x00, 0x00, 0x00, 0x00, 0x00,
    0x00, 0x00, 0x00, 0x00, 0x00, 0x00, 0x00, 0x00, 0x00, 0x00, 0x00, 0x00, 0x00, 0x00, 0x00, 0x00,
    0x00, 0x00, 0x00, 0x00, 0x00, 0x00, 0x00, 0x00, 0x00, 0x00, 0x00, 0x00, 0x00, 0x00, 0x00, 0x00,
    0x00, 0x00, 0x00, 0x00, 0x00, 0x00, 0x00, 0x00, 0x00, 0x00, 0x00, 0x00, 0x21, 0x00, 0x62, 0x08,
    0xa3, 0x10, 0x82, 0x10, 0x21, 0x00, 0x00, 0x00, 0x00, 0x00, 0x00, 0x00, 0x00, 0x00, 0x00, 0x00,
    0x00, 0x00, 0x00, 0x00, 0x00, 0x00, 0x00, 0x00, 0x00, 0x00, 0x00, 0x00, 0x00, 0x00, 0x00, 0x00,
    0x00, 0x00, 0x00, 0x00, 0x00, 0x00, 0x00, 0x00, 0x00, 0x00, 0x00, 0x00, 0x00, 0x00, 0x00, 0x00,
    0x00, 0x00, 0x00, 0x00, 0x00, 0x00, 0x00, 0x00, 0x00, 0x00, 0x00, 0x00, 0x00, 0x00, 0x00, 0x00,
    0x00, 0x00, 0x00, 0x00, 0x00, 0x00, 0x00, 0x00, 0x00, 0x00, 0x00, 0x00, 0x00, 0x00, 0x00, 0x00,
    0x00, 0x00, 0x00, 0x00, 0x00, 0x00, 0x00, 0x00, 0x00, 0x00, 0x00, 0x00, 0x00, 0x00, 0x00, 0x00,
    0x00, 0x00, 0x00, 0x00, 0x00, 0x00, 0x00, 0x00, 0x00, 0x00, 0x00, 0x00, 0x00, 0x00, 0x00, 0x00,
    0x00, 0x00, 0x00, 0x00, 0x00, 0x00, 0x00, 0x00, 0x00, 0x00, 0x00, 0x00, 0x00, 0x00, 0x00, 0x00,
    0x00, 0x00, 0x00, 0x00, 0x00, 0x00, 0x00, 0x00, 0x00, 0x00, 0x00, 0x00, 0x00, 0x00, 0x00, 0x00,
    0x00, 0x00, 0x00, 0x00, 0x00, 0x00, 0x00, 0x00, 0x00, 0x00, 0x00, 0x00, 0x00, 0x00, 0x00, 0x00,
    0x00, 0x00, 0x00, 0x00, 0x00, 0x00, 0x00, 0x00, 0x00, 0x00, 0x00, 0x00, 0x00, 0x00, 0x00, 0x00,
    0x00, 0x00, 0x00, 0x00, 0x00, 0x00, 0x00, 0x00, 0x00, 0x00, 0x00, 0x00, 0x00, 0x00, 0x00, 0x00,
    0x00, 0x00, 0x00, 0x00, 0x00, 0x00, 0x00, 0x00, 0x00, 0x00, 0x00, 0x00, 0x00, 0x00, 0x00, 0x00,
    0x00, 0x00, 0x00, 0x00, 0x00, 0x00, 0x00, 0x00, 0x00, 0x00, 0x00, 0x00, 0x00, 0x00, 0x00, 0x00,
    0x00, 0x00, 0x00, 0x00, 0x00, 0x00, 0x00, 0x00, 0x00, 0x00, 0x00, 0x00, 0x00, 0x00, 0x00, 0x00,
    0x00, 0x00, 0x00, 0x00, 0x00, 0x00, 0x00, 0x00, 0x00, 0x00, 0x00, 0x00, 0x00, 0x00, 0x00, 0x00,
    0x00, 0x00, 0x00, 0x00, 0x00, 0x00, 0x00, 0x00, 0x00, 0x00, 0x00, 0x00, 0x00, 0x00, 0x00, 0x00,
    0x00, 0x00, 0x00, 0x00, 0x00, 0x00, 0x00, 0x00, 0x00, 0x00, 0x00, 0x00, 0x00, 0x00, 0x00, 0x00,
    0x00, 0x00, 0x00, 0x00, 0x00, 0x00, 0x00, 0x00, 0x00, 0x00, 0x00, 0x00, 0x00, 0x00, 0x00, 0x00,
    0x00, 0x00, 0x00, 0x00, 0x00, 0x00, 0x00, 0x00, 0x00, 0x00, 0x00, 0x00, 0x00, 0x00, 0x00, 0x00,
    0x00, 0x00, 0x00, 0x00, 0x00, 0x00, 0x00, 0x00, 0x00, 0x00, 0x00, 0x00, 0x00, 0x00, 0x00, 0x00,
    0x00, 0x00, 0x00, 0x00, 0x00, 0x00, 0x00, 0x00, 0x00, 0x00, 0x00, 0x00, 0x00, 0x00, 0x00, 0x00,
    0x00, 0x00, 0x00, 0x00, 0x00, 0x00, 0x00, 0x00, 0x00, 0x00, 0x00, 0x00, 0x00, 0x00, 0x00, 0x00,
    0x00, 0x00, 0x00, 0x00, 0x00, 0x00, 0x00, 0x00, 0x00, 0x00, 0x00, 0x00, 0x00, 0x00, 0x00, 0x00,
    0x00, 0x00, 0x00, 0x00, 0x00, 0x00, 0x00, 0x00, 0x00, 0x00, 0x00, 0x00, 0x00, 0x00, 0x00, 0x00,
    0x00, 0x00, 0x00, 0x00, 0x00, 0x00, 0x00, 0x00, 0x00, 0x00, 0x00, 0x00, 0x00, 0x00, 0x00, 0x00,
    0x00, 0x00, 0x00, 0x00, 0x00, 0x00, 0x00, 0x00, 0x00, 0x00, 0x00, 0x00, 0x00, 0x00, 0x00, 0x00,
    0x00, 0x00, 0x00, 0x00, 0x00, 0x00, 0x00, 0x00, 0x00, 0x00, 0x00, 0x00, 0x00, 0x00, 0x00, 0x00,
    0x00, 0x00, 0x00, 0x00, 0x00, 0x00, 0x00, 0x00, 0x00, 0x00, 0x00, 0x00, 0x00, 0x00, 0x00, 0x00,
    0x00, 0x00, 0x00, 0x00, 0x00, 0x00, 0x00, 0x00, 0x00, 0x00, 0x00, 0x00, 0x00, 0x00, 0x00, 0x00,
    0x00, 0x00, 0x00, 0x00, 0x00, 0x00, 0x00, 0x00, 0x00, 0x00, 0x00, 0x00, 0x00, 0x00, 0x00, 0x00,
    0x00, 0x00, 0x00, 0x00, 0x00, 0x00, 0x00, 0x00, 0x00, 0x00, 0x00, 0x00, 0x00, 0x00, 0x00, 0x00,
    0x00, 0x00, 0x00, 0x00, 0x00, 0x00, 0x00, 0x00, 0x00, 0x00, 0x00, 0x00, 0x00, 0x00, 0x00, 0x00,
    0x00, 0x00, 0x00, 0x00, 0x00, 0x00, 0x00, 0x00, 0x00, 0x00, 0x00, 0x00, 0x00, 0x00, 0x00, 0x00,
    0x00, 0x00, 0x00, 0x00, 0x00, 0x00, 0x00, 0x00, 0x00, 0x00, 0x00, 0x00, 0x00, 0x00, 0x00, 0x00,
    0x00, 0x00, 0x00, 0x00, 0x00, 0x00, 0x00, 0x00, 0x00, 0x00, 0x00, 0x00, 0x00, 0x00, 0x00, 0x00,
    0x00, 0x00, 0x00, 0x00, 0x00, 0x00, 0x00, 0x00, 0x00, 0x00, 0x00, 0x00, 0x00, 0x00, 0x00, 0x00,
    0x00, 0x00, 0x00, 0x00, 0x00, 0x00, 0x00, 0x00, 0x00, 0x00, 0x00, 0x00, 0x00, 0x00, 0x00, 0x00,
    0x00, 0x00, 0x00, 0x00, 0x00, 0x00, 0x00, 0x00, 0x00, 0x00, 0x00, 0x00, 0x00, 0x00, 0x00, 0x00,
    0x00, 0x00, 0x00, 0x00, 0x00, 0x00, 0x00, 0x00, 0x00, 0x00, 0x00, 0x00, 0x00, 0x00, 0x00, 0x00,
    0x00, 0x00, 0x00, 0x00, 0x00, 0x00, 0x00, 0x00, 0x00, 0x00, 0x00, 0x00, 0x00, 0x00, 0x00, 0x00,
    0x00, 0x00, 0x00, 0x00, 0x00, 0x00, 0x00, 0x00, 0x00, 0x00, 0x00, 0x00, 0x00, 0x00, 0x00, 0x00,
    0x00, 0x00, 0x00, 0x00, 0x00, 0x00, 0x00, 0x00, 0x00, 0x00, 0x00, 0x00, 0x00, 0x00, 0xd0, 0x3a,
    0x3f, 0xc7, 0x00, 0x00, 0x00, 0x00, 0x00, 0x00, 0x00, 0x00, 0x00, 0x00, 0x00, 0x00, 0x00, 0x00,
    0x00, 0x00, 0x00, 0x00, 0x00, 0x00, 0x00, 0x00, 0x00, 0x00, 0x00, 0x00, 0x00, 0x00, 0x00, 0x00,
    0x00, 0x00, 0x00, 0x00, 0x00, 0x00, 0x00, 0x00, 0x00, 0x00, 0x00, 0x00, 0x00, 0x00, 0x00, 0x00,
    0x00, 0x00, 0x00, 0x00, 0x00, 0x00, 0x00, 0x00, 0x00, 0x00, 0x00, 0x00, 0x00, 0x00, 0xb5, 0x4b,
    0x00, 0x00, 0x00, 0x00, 0x00, 0x00, 0x00, 0x00, 0x00, 0x00, 0x00, 0x00, 0x00, 0x00, 0x00, 0x00,
    0x00, 0x00, 0x00, 0x00, 0x00, 0x00, 0x00, 0x00, 0x00, 0x00, 0x00, 0x00, 0x00, 0x00, 0x00, 0x00,
    0x00, 0x00, 0x00, 0x00, 0x00, 0x00, 0xd0, 0x3a, 0x3f, 0xc7, 0x00, 0x00, 0x00, 0x00, 0x00, 0x00,
    0x00, 0x00, 0x00, 0x00, 0x00, 0x00, 0x00, 0x00, 0x00, 0x00, 0x00, 0x00, 0x00, 0x00, 0x00, 0x00,
    0x00, 0x00, 0x00, 0x00, 0xd0, 0x3a, 0x3f, 0xc7, 0x00, 0x00, 0x00, 0x00, 0x00, 0x00, 0x00, 0x00,
    0x00, 0x00, 0x00, 0x00, 0x00, 0x00, 0x00, 0x00, 0x00, 0x00, 0x00, 0x00, 0x00, 0x00, 0x00, 0x00,
    0x00, 0x00, 0x00, 0x00, 0x00, 0x00, 0x00, 0x00, 0x00, 0x00, 0x00, 0x00, 0x00, 0x00, 0x00, 0x00,
    0x00, 0x00, 0x00, 0x00, 0x00, 0x00, 0x00, 0x00, 0x00, 0x00, 0x00, 0x00, 0x00, 0x00, 0x00, 0x00,
    0x00, 0x00, 0x00, 0x00, 0x00, 0x00, 0x00, 0x00, 0x00, 0x00, 0x00, 0x00, 0x00, 0x00, 0x00, 0x00,
    0x00, 0x00, 0x00, 0x00, 0x00, 0x00, 0x00, 0x00, 0x00, 0x00, 0x00, 0x00, 0x00, 0x00, 0x00, 0x00,
    0x00, 0x00, 0x00, 0x00, 0x00, 0x00, 0x00, 0x00, 0x00, 0x00, 0x00, 0x00, 0x00, 0x00, 0x00, 0x00,
    0x00, 0x00, 0x00, 0x00, 0x00, 0x00, 0x00, 0x00, 0x00, 0x00, 0x00, 0x00, 0x00, 0x00, 0x00, 0x00,
    0x00, 0x00, 0x00, 0x00, 0x00, 0x00, 0x00, 0x00, 0xd6, 0x53, 0x3f, 0xcf, 0x00, 0x00, 0x00, 0x00,
    0x00, 0x00, 0x00, 0x00, 0x00, 0x00, 0x00, 0x00, 0xd0, 0x3a, 0x3f, 0xcf, 0x00, 0x00, 0x00, 0x00,
    0x00, 0x00, 0x00, 0x00, 0x00, 0x00, 0x00, 0x00, 0x00, 0x00, 0x00, 0x00, 0x00, 0x00, 0x00, 0x00,
    0x00, 0x00, 0x00, 0x00, 0x00, 0x00, 0x00, 0x00, 0x00, 0x00, 0x00, 0x00, 0x00, 0x00, 0x00, 0x00,
    0x00, 0x00, 0x00, 0x00, 0x00, 0x00, 0x00, 0x00, 0xd0, 0x3a, 0x3f, 0xcf, 0x00, 0x00, 0x00, 0x00,
    0x00, 0x00, 0x00, 0x00, 0x00, 0x00, 0x00, 0x00, 0xb5, 0x4b, 0x00, 0x00, 0x00, 0x00, 0x00, 0x00,
    0x00, 0x00, 0x00, 0x00, 0x00, 0x00, 0x00, 0x00, 0x00, 0x00, 0xd6, 0x53, 0x00, 0x00, 0x00, 0x00,
    0x00, 0x00, 0x00, 0x00, 0x00, 0x00, 0x00, 0x00, 0x00, 0x00, 0x00, 0x00, 0x00, 0x00, 0x00, 0x00,
    0x00, 0x00, 0xd0, 0x3a, 0x3f, 0xcf, 0x00, 0x00, 0xb5, 0x4b, 0x00, 0x00, 0x00, 0x00, 0x00, 0x00,
    0x00, 0x00, 0x00, 0x00, 0x00, 0x00, 0x00, 0x00, 0x00, 0x00, 0x00, 0x00, 0x00, 0x00, 0x00, 0x00,
    0x00, 0x00, 0xd0, 0x3a, 0x3f, 0xcf, 0x00, 0x00, 0x00, 0x00, 0x00, 0x00, 0x00, 0x00, 0x00, 0x00,
    0x00, 0x00, 0x00, 0x00, 0x00, 0x00, 0x00, 0x00, 0x00, 0x00, 0x00, 0x00, 0x00, 0x00, 0xd0, 0x3a,
    0x3f, 0xc7, 0x00, 0x00, 0x00, 0x00, 0x00, 0x00, 0x00, 0x00, 0xd6, 0x53, 0x00, 0x00, 0x00, 0x00,
    0x00, 0x00, 0x00, 0x00, 0x00, 0x00, 0x00, 0x00, 0x00, 0x00, 0x00, 0x00, 0x00, 0x00, 0x00, 0x00,
    0x00, 0x00, 0xd0, 0x3a, 0x3f, 0xcf, 0x00, 0x00, 0x00, 0x00, 0xd6, 0x53, 0x00, 0x00, 0x00, 0x00,
    0x00, 0x00, 0x00, 0x00, 0x00, 0x00, 0x00, 0x00, 0x00, 0x00, 0x00, 0x00, 0x00, 0x00, 0x00, 0x00,
    0x00, 0x00, 0x00, 0x00, 0x00, 0x00, 0x00, 0x00, 0x00, 0x00, 0x00, 0x00, 0x00, 0x00, 0x00, 0x00,
    0x00, 0x00, 0x00, 0x00, 0x00, 0x00, 0x00, 0x00, 0x00, 0x00, 0x00, 0x00, 0x00, 0x00, 0x00, 0x00,
    0xd0, 0x3a, 0x3f, 0xcf, 0x00, 0x00, 0x00, 0x00, 0x00, 0x00, 0x00, 0x00, 0x00, 0x00, 0x00, 0x00,
    0x00, 0x00, 0x00, 0x00, 0x00, 0x00, 0x00, 0x00, 0x00, 0x00, 0x00, 0x00, 0x00, 0x00, 0x00, 0x00,
    0x00, 0x00, 0x00, 0x00, 0x00, 0x00, 0x00, 0x00, 0x00, 0x00, 0x00, 0x00, 0x00, 0x00, 0x00, 0x00,
    0x00, 0x00, 0x00, 0x00, 0x00, 0x00, 0x00, 0x00, 0x00, 0x00, 0x00, 0x00, 0x00, 0x00, 0x00, 0x00,
    0xb5, 0x4b, 0x00, 0x00, 0x00, 0x00, 0x00, 0x00, 0xd0, 0x3a, 0x3f, 0xcf, 0x00, 0x00, 0x00, 0x00,
    0x00, 0x00, 0x00, 0x00, 0x00, 0x00, 0x00, 0x00, 0x00, 0x00, 0x00, 0x00, 0xd0, 0x3a, 0x3f, 0xc7,
    0x00, 0x00, 0x00, 0x00, 0x00, 0x00, 0x00, 0x00, 0xd0, 0x3a, 0x3f, 0xcf, 0x00, 0x00, 0x00, 0x00,
    0x00, 0x00, 0x00, 0x00, 0x00, 0x00, 0x00, 0x00, 0x00, 0x00, 0x00, 0x00, 0x00, 0x00, 0x00, 0x00,
    0x00, 0x00, 0x00, 0x00, 0x00, 0x00, 0x00, 0x00, 0x00, 0x00, 0x00, 0x00, 0x00, 0x00, 0x00, 0x00,
    0x00, 0x00, 0x00, 0x00, 0x00, 0x00, 0x00, 0x00, 0x00, 0x00, 0x00, 0x00, 0x00, 0x00, 0x00, 0x00,
    0x00, 0x00, 0x00, 0x00, 0x00, 0x00, 0x00, 0x00, 0xb5, 0x4b, 0x00, 0x00, 0x00, 0x00, 0x00, 0x00,
    0x00, 0x00, 0x00, 0x00, 0x00, 0x00, 0x00, 0x00, 0x00, 0x00, 0xd0, 0x3a, 0x3f, 0xcf, 0x00, 0x00,
    0x00, 0x00, 0x00, 0x00, 0x00, 0x00, 0x00, 0x00, 0x00, 0x00, 0x00, 0x00, 0x00, 0x00, 0x00, 0x00,
    0x00, 0x00, 0x00, 0x00, 0x00, 0x00, 0x00, 0x00, 0x00, 0x00, 0x00, 0x00, 0x00, 0x00, 0x00, 0x00,
    0x00, 0x00, 0x00, 0x00, 0x00, 0x00, 0x00, 0x00, 0x00, 0x00, 0x00, 0x00, 0x00, 0x00, 0x00, 0x00,
    0x00, 0x00, 0x00, 0x00, 0x00, 0x00, 0x00, 0x00, 0x00, 0x00, 0xd6, 0x53, 0x00, 0x00, 0x00, 0x00,
    0x00, 0x00, 0x00, 0x00, 0xd0, 0x3a, 0x3f, 0xc7, 0x00, 0x00, 0x00, 0x00, 0x00, 0x00, 0x00, 0x00,
    0xa4, 0x08, 0xa4, 0x10, 0xa4, 0x08, 0xa4, 0x08, 0xa4, 0x08, 0xa4, 0x10, 0xa4, 0x08, 0xa4, 0x08,
    0xa4, 0x08, 0xa4, 0x10, 0xa4, 0x08, 0xa4, 0x08, 0xa4, 0x08, 0xa4, 0x10, 0xa4, 0x08, 0xa4, 0x08,
    0x11, 0x3b, 0x3f, 0xcf, 0xa4, 0x08, 0xa4, 0x08, 0xa4, 0x08, 0xa4, 0x10, 0xa4, 0x08, 0xa4, 0x08,
    0xa4, 0x08, 0xa4, 0x10, 0xf6, 0x53, 0xd6, 0x53, 0xa4, 0x08, 0xa4, 0x10, 0xa4, 0x08, 0xa4, 0x08,
    0xa4, 0x08, 0xa4, 0x10, 0xa4, 0x08, 0xa4, 0x08, 0xa4, 0x08, 0xa4, 0x10, 0xa4, 0x08, 0xa4, 0x08,
    0xa4, 0x08, 0x12, 0x43, 0x3f, 0xcf, 0x3f, 0xc7, 0xa4, 0x08, 0xa4, 0x10, 0xa4, 0x08, 0xa4, 0x08,
    0xd6, 0x4b, 0xa4, 0x10, 0xa4, 0x08, 0xa4, 0x08, 0xa4, 0x08, 0xa4, 0x10, 0xa4, 0x08, 0xa4, 0x08,
    0xa4, 0x08, 0xa4, 0x10, 0xa4, 0x08, 0xa4, 0x08, 0xa4, 0x08, 0xa4, 0x10, 0xa4, 0x08, 0xa4, 0x08,
    0x00, 0x00, 0x00, 0x00, 0x00, 0x00, 0x00, 0x00, 0x00, 0x00, 0x00, 0x00, 0x00, 0x00, 0x00, 0x00,
    0x00, 0x00, 0xd6, 0x53, 0x00, 0x00, 0x00, 0x00, 0x00, 0x00, 0x00, 0x00, 0x00, 0x00, 0x00, 0x00,
    0x00, 0x00, 0x00, 0x00, 0x00, 0x00, 0x00, 0x00, 0x00, 0x00, 0x00, 0x00, 0x00, 0x00, 0x00, 0x00,
    0x00, 0x00, 0x00, 0x00, 0x00, 0x00, 0xd0, 0x3a, 0x3f, 0xc7, 0x00, 0x00, 0x00, 0x00, 0x00, 0x00,
    0x00, 0x00, 0x00, 0x00, 0x00, 0x00, 0x00, 0x00, 0x00, 0x00, 0x00, 0x00, 0x00, 0x00, 0x00, 0x00,
    0x00, 0x00, 0x00, 0x00, 0x00, 0x00, 0x00, 0x00, 0x00, 0x00, 0x00, 0x00, 0x00, 0x00, 0x00, 0x00,
    0x00, 0x00, 0x00, 0x00, 0x00, 0x00, 0x00, 0x00, 0x00, 0x00, 0x00, 0x00, 0x00, 0x00, 0x00, 0x00,
    0x00, 0x00, 0x00, 0x00, 0x00, 0x00, 0xb5, 0x4b, 0x00, 0x00, 0xd0, 0x3a, 0x3f, 0xcf, 0x00, 0x00,
    0x00, 0x00, 0x00, 0x00, 0x00, 0x00, 0x00, 0x00, 0x00, 0x00, 0x00, 0x00, 0x00, 0x00, 0xd0, 0x3a,
    0x3f, 0xc7, 0x00, 0x00, 0x00, 0x00, 0x00, 0x00, 0x00, 0x00, 0x00, 0x00, 0x00, 0x00, 0x00, 0x00,
    0x00, 0x00, 0x00, 0x00, 0x00, 0x00, 0x00, 0x00, 0x00, 0x00, 0x00, 0x00, 0x00, 0x00, 0x00, 0x00,
    0x00, 0x00, 0x00, 0x00, 0x00, 0x00, 0x00, 0x00, 0x00, 0x00, 0xd6, 0x53, 0x00, 0x00, 0x00, 0x00,
    0x00, 0x00, 0x00, 0x00, 0x00, 0x00, 0x00, 0x00, 0x00, 0x00, 0x00, 0x00, 0x00, 0x00, 0x38, 0x54,
    0x3f, 0xc7, 0x00, 0x00, 0x00, 0x00, 0x00, 0x00, 0xb5, 0x4b, 0x00, 0x00, 0x00, 0x00, 0x00, 0x00,
    0x00, 0x00, 0x00, 0x00, 0x00, 0x00, 0x00, 0x00, 0x00, 0x00, 0x00, 0x00, 0x00, 0x00, 0x00, 0x00,
    0x00, 0x00, 0x00, 0x00, 0x00, 0x00, 0x00, 0x00, 0x00, 0x00, 0x00, 0x00, 0x00, 0x00, 0x00, 0x00,
    0x00, 0x00, 0x00, 0x00, 0x00, 0x00, 0x00, 0x00, 0x00, 0x00, 0x00, 0x00, 0x00, 0x00, 0xb5, 0x4b,
    0x00, 0x00, 0x00, 0x00, 0x00, 0x00, 0x00, 0x00, 0x00, 0x00, 0x00, 0x00, 0x00, 0x00, 0x00, 0x00,
    0x00, 0x00, 0x00, 0x00, 0x00, 0x00, 0x00, 0x00, 0xd0, 0x3a, 0x3f, 0xcf, 0x00, 0x00, 0x00, 0x00,
    0x00, 0x00, 0x00, 0x00, 0x00, 0x00, 0x00, 0x00, 0x00, 0x00, 0x00, 0x00, 0x00, 0x00, 0x00, 0x00,
    0x21, 0x21, 0x22, 0x21, 0x21, 0x21, 0x21, 0x21, 0x21, 0x21, 0x22, 0x21, 0x21, 0x21, 0x21, 0x21,
    0x21, 0x21, 0x22, 0x21, 0x21, 0x21, 0x21, 0x21, 0x21, 0x21, 0x22, 0x21, 0x21, 0x21, 0xf8, 0xff,
    0xf8, 0xff, 0xf9, 0xff, 0x21, 0x21, 0x21, 0x21, 0xf5, 0x53, 0x22, 0x21, 0x21, 0x21, 0x21, 0x21,
    0x21, 0x21, 0x22, 0x21, 0x21, 0x21, 0x21, 0x21, 0x21, 0x21, 0x51, 0x4b, 0x3f, 0xcf, 0x21, 0x21,
    0x21, 0x21, 0x22, 0x21, 0x21, 0x21, 0x21, 0x21, 0x21, 0x21, 0x22, 0x21, 0x21, 0x21, 0x21, 0x21,
    0x21, 0x21, 0x22, 0x21, 0x21, 0x21, 0x21, 0x21, 0x30, 0x43, 0xbd, 0x8d, 0x3f, 0xcf, 0xf8, 0xff,
    0xf8, 0xff, 0xf9, 0xff, 0x21, 0x21, 0x21, 0x21, 0x21, 0x21, 0x22, 0x21, 0x21, 0x21, 0x21, 0x21,
    0x21, 0x21, 0x22, 0x21, 0x21, 0x21, 0x21, 0x21, 0x21, 0x21, 0x16, 0x54, 0x21, 0x21, 0x21, 0x21,
    0x21, 0x21, 0x22, 0x21, 0x21, 0x21, 0x21, 0x21, 0x21, 0x21, 0x22, 0x21, 0x21, 0x21, 0x21, 0x21,
    0x21, 0x21, 0x22, 0x21, 0x21, 0x21, 0x21, 0x21, 0xf5, 0x53, 0x16, 0x54, 0x21, 0x21, 0xf8, 0xff,
    0xf8, 0xff, 0xf9, 0xff, 0x21, 0x21, 0x21, 0x21, 0x21, 0x21, 0x22, 0x21, 0x21, 0x21, 0x21, 0x21,
    0x21, 0x21, 0x22, 0x21, 0x21, 0x21, 0x21, 0x21, 0x21, 0x21, 0x22, 0x21, 0x21, 0x21, 0x21, 0x21,
    0x21, 0x21, 0x22, 0x21, 0x21, 0x21, 0x21, 0x21, 0x21, 0x21, 0x22, 0x21, 0x21, 0x21, 0x21, 0x21,
    0x21, 0x21, 0x22, 0x21, 0x21, 0x21, 0x21, 0x21, 0x21, 0x21, 0x22, 0x21, 0x21, 0x21, 0xf8, 0xff,
    0xf8, 0xff, 0xf9, 0xff, 0x21, 0x21, 0x21, 0x21, 0x21, 0x21, 0x22, 0x21, 0x21, 0x21, 0x21, 0x21,
    0x30, 0x43, 0x3f, 0xcf, 0x21, 0x21, 0x21, 0x21, 0x21, 0x21, 0x22, 0x21, 0x21, 0x21, 0x21, 0x21,
    0x00, 0x00, 0x00, 0x00, 0x00, 0x00, 0x00, 0x00, 0x00, 0x00, 0x00, 0x00, 0x00, 0x00, 0x00, 0x00,
    0x00, 0x00, 0x00, 0x00, 0x00, 0x00, 0x00, 0x00, 0x00, 0x00, 0x00, 0x00, 0x00, 0x00, 0x00, 0x00,
    0x00, 0x00, 0x00, 0x00, 0x00, 0x00, 0x00, 0x00, 0x00, 0x00, 0x00, 0x00, 0x00, 0x00, 0x00, 0x00,
    0xb5, 0x4b, 0x00, 0x00, 0x00, 0x00, 0x00, 0x00, 0xd0, 0x3a, 0x3f, 0xcf, 0x00, 0x00, 0x00, 0x00,
    0x00, 0x00, 0x00, 0x00, 0x00, 0x00, 0x00, 0x00, 0x00, 0x00, 0x00, 0x00, 0xd0, 0x3a, 0x3f, 0xc7,
    0x00, 0x00, 0x00, 0x00, 0x00, 0x00, 0x00, 0x00, 0xd0, 0x3a, 0x3f, 0xcf, 0x00, 0x00, 0x00, 0x00,
    0x00, 0x00, 0x00, 0x00, 0x00, 0x00, 0x00, 0x00, 0x00, 0x00, 0x00, 0x00, 0x00, 0x00, 0x00, 0x00,
    0x00, 0x00, 0x00, 0x00, 0x00, 0x00, 0x00, 0x00, 0x00, 0x00, 0x00, 0x00, 0x00, 0x00, 0x00, 0x00,
    0x00, 0x00, 0x00, 0x00, 0x00, 0x00, 0x00, 0x00, 0x00, 0x00, 0x00, 0x00, 0x00, 0x00, 0x00, 0x00,
    0x00, 0x00, 0x00, 0x00, 0x00, 0x00, 0x00, 0x00, 0xb5, 0x4b, 0x00, 0x00, 0x00, 0x00, 0x00, 0x00,
    0x00, 0x00, 0x00, 0x00, 0x00, 0x00, 0x00, 0x00, 0x00, 0x00, 0xd0, 0x3a, 0x3f, 0xcf, 0x00, 0x00,
    0x00, 0x00, 0x00, 0x00, 0x00, 0x00, 0x00, 0x00, 0x00, 0x00, 0x00, 0x00, 0x00, 0x00, 0x00, 0x00,
    0x00, 0x00, 0x00, 0x00, 0x00, 0x00, 0x00, 0x00, 0x00, 0x00, 0x00, 0x00, 0x00, 0x00, 0x00, 0x00,
    0x00, 0x00, 0x00, 0x00, 0x00, 0x00, 0x00, 0x00, 0x00, 0x00, 0x00, 0x00, 0x00, 0x00, 0x00, 0x00,
    0x00, 0x00, 0x00, 0x00, 0x00, 0x00, 0x00, 0x00, 0x00, 0x00, 0xd6, 0x53, 0x00, 0x00, 0x00, 0x00,
    0x00, 0x00, 0x00, 0x00, 0xd0, 0x3a, 0x3f, 0xc7, 0x00, 0x00, 0x00, 0x00, 0x00, 0x00, 0x00, 0x00,
    0x00, 0x00, 0x00, 0x00, 0x00, 0x00, 0x00, 0x00, 0x00, 0x00, 0x00, 0x00, 0x00, 0x00, 0x00, 0x00,
    0x00, 0x00, 0x00, 0x00, 0x00, 0x00, 0x00, 0x00, 0x00, 0x00, 0x00, 0x00, 0x00, 0x00, 0x19, 0x7d,
    0xd0, 0x3a, 0x3f, 0xcf, 0x00, 0x00, 0x00, 0x00, 0x00, 0x00, 0x00, 0x00, 0x00, 0x00, 0x00, 0x00,
    0x00, 0x00, 0x00, 0x00, 0xd6, 0x53, 0xb5, 0x4b, 0x00, 0x00, 0x00, 0x00, 0x00, 0x00, 0x00, 0x00,
    0x00, 0x00, 0x00, 0x00, 0x00, 0x00, 0x00, 0x00, 0x00, 0x00, 0x00, 0x00, 0x00, 0x00, 0x00, 0x00,
    0x00, 0x00, 0xd0, 0x3a, 0x3f, 0xcf, 0x3f, 0xc7, 0x00, 0x00, 0x00, 0x00, 0x00, 0x00, 0x19, 0x7d,
    0xb5, 0x4b, 0x00, 0x00, 0x00, 0x00, 0x00, 0x00, 0x00, 0x00, 0x00, 0x00, 0x00, 0x00, 0x00, 0x00,
    0x00, 0x00, 0x00, 0x00, 0x00, 0x00, 0x00, 0x00, 0x00, 0x00, 0x00, 0x00, 0x00, 0x00, 0x00, 0x00,
    0x00, 0x00, 0x00, 0x00, 0x00, 0x00, 0x00, 0x00, 0x00, 0x00, 0x00, 0x00, 0x00, 0x00, 0x00, 0x00,
    0x00, 0x00, 0xd6, 0x53, 0x00, 0x00, 0x00, 0x00, 0x00, 0x00, 0x00, 0x00, 0x00, 0x00, 0x00, 0x00,
    0x00, 0x00, 0x00, 0x00, 0x00, 0x00, 0x00, 0x00, 0x00, 0x00, 0x00, 0x00, 0x00, 0x00, 0x00, 0x00,
    0x00, 0x00, 0x00, 0x00, 0x00, 0x00, 0xd0, 0x3a, 0x3f, 0xc7, 0x00, 0x00, 0x00, 0x00, 0x00, 0x00,
    0x00, 0x00, 0x00, 0x00, 0x00, 0x00, 0x00, 0x00, 0x00, 0x00, 0x00, 0x00, 0x00, 0x00, 0x00, 0x00,
    0x00, 0x00, 0x00, 0x00, 0x00, 0x00, 0x00, 0x00, 0x00, 0x00, 0x00, 0x00, 0x00, 0x00, 0x00, 0x00,
    0x00, 0x00, 0x00, 0x00, 0x00, 0x00, 0x00, 0x00, 0x00, 0x00, 0x00, 0x00, 0x00, 0x00, 0x00, 0x00,
    0x00, 0x00, 0x00, 0x00, 0x00, 0x00, 0xb5, 0x4b, 0x00, 0x00, 0xd0, 0x3a, 0x3f, 0xcf, 0x00, 0x00,
    0x00, 0x00, 0x00, 0x00, 0x00, 0x00, 0x00, 0x00, 0x00, 0x00, 0x00, 0x00, 0x00, 0x00, 0xd0, 0x3a,
    0x3f, 0xc7, 0x00, 0x00, 0x00, 0x00, 0x00, 0x00, 0x00, 0x00, 0x00, 0x00, 0x00, 0x00, 0x00, 0x00,
    0x00, 0x00, 0x00, 0x00, 0x00, 0x00, 0x00, 0x00, 0x00, 0x00, 0x00, 0x00, 0x00, 0x00, 0x00, 0x00,
    0x00, 0x00, 0x00, 0x00, 0x00, 0x00, 0x00, 0x00, 0x00, 0x00, 0xd6, 0x53, 0x00, 0x00, 0x00, 0x00,
    0x00, 0x00, 0x00, 0x00, 0x00, 0x00, 0x00, 0x00, 0x00, 0x00, 0x00, 0x00, 0x00, 0x00, 0x38, 0x54,
    0x3f, 0xc7, 0x00, 0x00, 0x00, 0x00, 0x00, 0x00, 0xb5, 0x4b, 0x00, 0x00, 0x00, 0x00, 0x00, 0x00,
    0x00, 0x00, 0x00, 0x00, 0x00, 0x00, 0x00, 0x00, 0x00, 0x00, 0x00, 0x00, 0x00, 0x00, 0x00, 0x00,
    0x00, 0x00, 0x00, 0x00, 0x00, 0x00, 0x00, 0x00, 0x00, 0x00, 0x00, 0x00, 0x00, 0x00, 0x00, 0x00,
    0x00, 0x00, 0x00, 0x00, 0x00, 0x00, 0x00, 0x00, 0x00, 0x00, 0x00, 0x00, 0x00, 0x00, 0xb5, 0x4b,
    0x00, 0x00, 0x00, 0x00, 0x00, 0x00, 0x00, 0x00, 0x00, 0x00, 0x00, 0x00, 0x00, 0x00, 0x00, 0x00,
    0x00, 0x00, 0x00, 0x00, 0x00, 0x00, 0x00, 0x00, 0xd0, 0x3a, 0x3f, 0xcf, 0x00, 0x00, 0x00, 0x00,
    0x00, 0x00, 0x00, 0x00, 0x00, 0x00, 0x00, 0x00, 0x00, 0x00, 0x00, 0x00, 0x00, 0x00, 0x00, 0x00,
    0x00, 0x00, 0x00, 0x00, 0x00, 0x00, 0x00, 0x00, 0x00, 0x00, 0x00, 0x00, 0x00, 0x00, 0x00, 0x00,
    0x00, 0x00, 0x00, 0x00, 0x00, 0x00, 0x00, 0x00, 0x00, 0x00, 0x00, 0x00, 0x00, 0x00, 0x00, 0x00,
    0x00, 0x00, 0x00, 0x00, 0x00, 0x00, 0x00, 0x00, 0xb5, 0x4b, 0x00, 0x00, 0x00, 0x00, 0x00, 0x00,
    0x00, 0x00, 0x00, 0x00, 0x00, 0x00, 0x00, 0x00, 0x00, 0x00, 0xd0, 0x3a, 0x3f, 0xcf, 0x00, 0x00,
    0x00, 0x00, 0x00, 0x00, 0x00, 0x00, 0x00, 0x00, 0x00, 0x00, 0x00, 0x00, 0x00, 0x00, 0x00, 0x00,
    0x00, 0x00, 0x00, 0x00, 0x00, 0x00, 0x00, 0x00, 0xd0, 0x3a, 0xbd, 0x8d, 0x3f, 0xcf, 0x00, 0x00,
    0x00, 0x00, 0x00, 0x00, 0x00, 0x00, 0x00, 0x00, 0x00, 0x00, 0x00, 0x00, 0x00, 0x00, 0x00, 0x00,
    0x00, 0x00, 0x00, 0x00, 0x00, 0x00, 0x00, 0x00, 0x00, 0x00, 0xd6, 0x53, 0x00, 0x00, 0x00, 0x00,
    0x00, 0x00, 0x00, 0x00, 0x00, 0x00, 0x00, 0x00, 0x00, 0x00, 0x00, 0x00, 0x00, 0x00, 0x00, 0x00,
    0x00, 0x00, 0x00, 0x00, 0x00, 0x00, 0x00, 0x00, 0xb5, 0x4b, 0xd6, 0x53, 0x00, 0x00, 0x00, 0x00,
    0x00, 0x00, 0x00, 0x00, 0x00, 0x00, 0x00, 0x00, 0x00, 0x00, 0x00, 0x00, 0x00, 0x00, 0x00, 0x00,
    0x00, 0x00, 0x00, 0x00, 0x00, 0x00, 0x00, 0x00, 0x00, 0x00, 0x00, 0x00, 0x00, 0x00, 0x00, 0x00,
    0x00, 0x00, 0x00, 0x00, 0x00, 0x00, 0x00, 0x00, 0x00, 0x00, 0x00, 0x00, 0x00, 0x00, 0x00, 0x00,
    0x00, 0x00, 0x00, 0x00, 0x00, 0x00, 0x00, 0x00, 0x00, 0x00, 0x00, 0x00, 0x00, 0x00, 0x00, 0x00,
    0x00, 0x00, 0x00, 0x00, 0x00, 0x00, 0x00, 0x00, 0x00, 0x00, 0x00, 0x00, 0x00, 0x00, 0x00, 0x00,
    0xd0, 0x3a, 0x3f, 0xcf, 0x00, 0x00, 0x00, 0x00, 0x00, 0x00, 0x00, 0x00, 0x00, 0x00, 0x00, 0x00,
    0x00, 0x00, 0x00, 0x00, 0x00, 0x00, 0x00, 0x00, 0x00, 0x00, 0x00, 0x00, 0x00, 0x00, 0x00, 0x00,
    0x00, 0x00, 0x00, 0x00, 0x00, 0x00, 0x00, 0x00, 0x00, 0x00, 0x00, 0x00, 0x00, 0x00, 0x00, 0x00,
    0x00, 0x00, 0x00, 0x00, 0x00, 0x00, 0x00, 0x00, 0x00, 0x00, 0x00, 0x00, 0x00, 0x00, 0x00, 0x00,
    0xb5, 0x4b, 0x00, 0x00, 0x00, 0x00, 0x00, 0x00, 0xd0, 0x3a, 0x3f, 0xcf, 0x00, 0x00, 0x00, 0x00,
    0x00, 0x00, 0x00, 0x00, 0x00, 0x00, 0x00, 0x00, 0x00, 0x00, 0x00, 0x00, 0xd0, 0x3a, 0x3f, 0xc7,
    0x00, 0x00, 0x00, 0x00, 0x00, 0x00, 0x00, 0x00, 0xd0, 0x3a, 0x3f, 0xcf, 0x00, 0x00, 0x00, 0x00,
    0x00, 0x00, 0x00, 0x00, 0x00, 0x00, 0x00, 0x00, 0x00, 0x00, 0x00, 0x00, 0x00, 0x00, 0x00, 0x00,
    0x00, 0x00, 0x00, 0x00, 0x00, 0x00, 0x00, 0x00, 0x00, 0x00, 0x00, 0x00, 0x00, 0x00, 0x00, 0x00,
    0x00, 0x00, 0x00, 0x00, 0x00, 0x00, 0x00, 0x00, 0x00, 0x00, 0x00, 0x00, 0x00, 0x00, 0x00, 0x00,
    0x00, 0x00, 0x00, 0x00, 0x00, 0x00, 0x00, 0x00, 0xb5, 0x4b, 0x00, 0x00, 0x00, 0x00, 0x00, 0x00,
    0x00, 0x00, 0x00, 0x00, 0x00, 0x00, 0x00, 0x00, 0x00, 0x00, 0xd0, 0x3a, 0x3f, 0xcf, 0x00, 0x00,
    0x00, 0x00, 0x00, 0x00, 0x00, 0x00, 0x00, 0x00, 0x00, 0x00, 0x00, 0x00, 0x00, 0x00, 0x00, 0x00,
    0x00, 0x00, 0x00, 0x00, 0x00, 0x00, 0x00, 0x00, 0x00, 0x00, 0x00, 0x00, 0x00, 0x00, 0x00, 0x00,
    0x00, 0x00, 0x00, 0x00, 0x00, 0x00, 0x00, 0x00, 0x00, 0x00, 0x00, 0x00, 0x00, 0x00, 0x00, 0x00,
    0x00, 0x00, 0x00, 0x00, 0x00, 0x00, 0x00, 0x00, 0x00, 0x00, 0xd6, 0x53, 0x00, 0x00, 0x00, 0x00,
    0x00, 0x00, 0x00, 0x00, 0xd0, 0x3a, 0x3f, 0xc7, 0x00, 0x00, 0x00, 0x00, 0x00, 0x00, 0x00, 0x00,
    0x00, 0x00, 0x00, 0x00, 0x00, 0x00, 0x00, 0x00, 0x00, 0x00, 0x00, 0x00, 0x00, 0x00, 0x00, 0x00,
    0x00, 0x00, 0x00, 0x00, 0x00, 0x00, 0x00, 0x00, 0x00, 0x00, 0x00, 0x00, 0x00, 0x00, 0x00, 0x00,
    0xd0, 0x3a, 0x3f, 0xcf, 0x00, 0x00, 0x00, 0x00, 0x00, 0x00, 0x00, 0x00, 0x00, 0x00, 0x00, 0x00,
    0x00, 0x00, 0x00, 0x00, 0xd6, 0x53, 0xb5, 0x4b, 0x00, 0x00, 0x00, 0x00, 0x00, 0x00, 0x00, 0x00,
    0x00, 0x00, 0x00, 0x00, 0x00, 0x00, 0x00, 0x00, 0x00, 0x00, 0x00, 0x00, 0x00, 0x00, 0x00, 0x00,
    0x00, 0x00, 0x00, 0x00, 0x00, 0x00, 0x00, 0x00, 0x00, 0x00, 0x00, 0x00, 0x00, 0x00, 0x00, 0x00,
    0xb5, 0x4b, 0x00, 0x00, 0x00, 0x00, 0x00, 0x00, 0x00, 0x00, 0x00, 0x00, 0x00, 0x00, 0x00, 0x00,
    0x00, 0x00, 0x00, 0x00, 0x00, 0x00, 0x00, 0x00, 0x00, 0x00, 0x00, 0x00, 0x00, 0x00, 0x00, 0x00,
    0x00, 0x00, 0x00, 0x00, 0x00, 0x00, 0x00, 0x00, 0x00, 0x00, 0x00, 0x00, 0x00, 0x00, 0x00, 0x00,
    0x00, 0x00, 0x00, 0x00, 0x00, 0x00, 0x00, 0x00, 0x00, 0x00, 0x00, 0x00, 0x00, 0x00, 0x00, 0x00,
    0x00, 0x00, 0x00, 0x00, 0x00, 0x00, 0x00, 0x00, 0x00, 0x00, 0x00, 0x00, 0x00, 0x00, 0x00, 0x00,
    0x00, 0x00, 0x00, 0x00, 0x00, 0x00, 0x00, 0x00, 0x00, 0x00, 0x00, 0x00, 0x00, 0x00, 0x00, 0x00,
    0x00, 0x00, 0x00, 0x00, 0x00, 0x00, 0x00, 0x00, 0x00, 0x00, 0x00, 0x00, 0x00, 0x00, 0x00, 0x00,
    0x00, 0x00, 0x00, 0x00, 0x00, 0x00, 0x00, 0x00, 0x00, 0x00, 0x00, 0x00, 0x00, 0x00, 0x00, 0x00,
    0x00, 0x00, 0x00, 0x00, 0x00, 0x00, 0x00, 0x00, 0x00, 0x00, 0x00, 0x00, 0x00, 0x00, 0x00, 0x00,
    0x00, 0x00, 0x00, 0x00, 0x00, 0x00, 0x00, 0x00, 0x00, 0x00, 0x00, 0x00, 0x00, 0x00, 0x00, 0x00,
    0x00, 0x00, 0x00, 0x00, 0x00, 0x00, 0x00, 0x00, 0x00, 0x00, 0x00, 0x00, 0x00, 0x00, 0x00, 0x00,
    0x00, 0x00, 0x00, 0x00, 0x00, 0x00, 0x00, 0x00, 0x00, 0x00, 0x00, 0x00, 0x00, 0x00, 0x00, 0x00,
    0x00, 0x00, 0x00, 0x00, 0x00, 0x00, 0x00, 0x00, 0x00, 0x00, 0x00, 0x00, 0x00, 0x00, 0x00, 0x00,
    0x00, 0x00, 0x00, 0x00, 0x00, 0x00, 0x00, 0x00, 0x00, 0x00, 0x00, 0x00, 0x00, 0x00, 0x00, 0x00,
    0x00, 0x00, 0x00, 0x00, 0x00, 0x00, 0x00, 0x00, 0x00, 0x00, 0x00, 0x00, 0x00, 0x00, 0x00, 0x00,
    0x00, 0x00, 0x00, 0x00, 0x00, 0x00, 0x00, 0x00, 0x00, 0x00, 0x00, 0x00, 0x00, 0x00, 0x00, 0x00,
    0x00, 0x00, 0x00, 0x00, 0x00, 0x00, 0x00, 0x00, 0x00, 0x00, 0x00, 0x00, 0x00, 0x00, 0x00, 0x00,
    0x00, 0x00, 0x00, 0x00, 0x00, 0x00, 0x00, 0x00, 0x00, 0x00, 0x00, 0x00, 0x00, 0x00, 0x00, 0x00,
    0x00, 0x00, 0x00, 0x00, 0x00, 0x00, 0x00, 0x00, 0x00, 0x00, 0x00, 0x00, 0x00, 0x00, 0x00, 0x00,
    0x00, 0x00, 0x00, 0x00, 0x00, 0x00, 0x00, 0x00, 0x00, 0x00, 0x00, 0x00, 0x00, 0x00, 0x00, 0x00,
    0x00, 0x00, 0x00, 0x00, 0x00, 0x00, 0x00, 0x00, 0x00, 0x00, 0x00, 0x00, 0x00, 0x00, 0x00, 0x00,
    0x00, 0x00, 0x00, 0x00, 0x00, 0x00, 0x00, 0x00, 0x00, 0x00, 0x00, 0x00, 0x00, 0x00, 0x00, 0x00,
    0x00, 0x00, 0x00, 0x00, 0x00, 0x00, 0x00, 0x00, 0x00, 0x00, 0x00, 0x00, 0x00, 0x00, 0x00, 0x00,
    0x00, 0x00, 0x00, 0x00, 0x00, 0x00, 0x00, 0x00, 0x00, 0x00, 0x00, 0x00, 0x00, 0x00, 0x00, 0x00,
    0x00, 0x00, 0x00, 0x00, 0x00, 0x00, 0x00, 0x00, 0x00, 0x00, 0x00, 0x00, 0x00, 0x00, 0x00, 0x00,
    0x00, 0x00, 0x00, 0x00, 0x00, 0x00, 0x00, 0x00, 0x00, 0x00, 0x00, 0x00, 0x00, 0x00, 0x00, 0x00,
    0x00, 0x00, 0x00, 0x00, 0x00, 0x00, 0x00, 0x00, 0x00, 0x00, 0x00, 0x00, 0x00, 0x00, 0x00, 0x00,
    0x00, 0x00, 0x00, 0x00, 0x00, 0x00, 0x00, 0x00, 0x00, 0x00, 0x00, 0x00, 0x00, 0x00, 0x00, 0x00,
    0x00, 0x00, 0x00, 0x00, 0x00, 0x00, 0x00, 0x00, 0x00, 0x00, 0x00, 0x00, 0x00, 0x00, 0x00, 0x00,
    0x00, 0x00, 0x00, 0x00, 0x00, 0x00, 0x00, 0x00, 0x00, 0x00, 0x00, 0x00, 0x00, 0x00, 0x00, 0x00,
    0x00, 0x00, 0x00, 0x00, 0x00, 0x00, 0x00, 0x00, 0x00, 0x00, 0x00, 0x00, 0x00, 0x00, 0x00, 0x00,
    0x00, 0x00, 0x00, 0x00, 0x00, 0x00, 0x00, 0x00, 0x00, 0x00, 0x00, 0x00, 0x00, 0x00, 0x00, 0x00,
    0x00, 0x00, 0x00, 0x00, 0x00, 0x00, 0x00, 0x00, 0x00, 0x00, 0x00, 0x00, 0x00, 0x00, 0x00, 0x00,
    0x00, 0x00, 0x00, 0x00, 0x00, 0x00, 0x00, 0x00, 0x00, 0x00, 0x00, 0x00, 0x00, 0x00, 0x00, 0x00,
    0x00, 0x00, 0x00, 0x00, 0x00, 0x00, 0x00, 0x00, 0x00, 0x00, 0x00, 0x00, 0x00, 0x00, 0x00, 0x00,
    0x00, 0x00, 0x00, 0x00, 0x00, 0x00, 0x00, 0x00, 0x00, 0x00, 0x00, 0x00, 0x00, 0x00, 0x00, 0x00,
    0x00, 0x00, 0x00, 0x00, 0x00, 0x00, 0x00, 0x00, 0x00, 0x00, 0x00, 0x00, 0x00, 0x00, 0x00, 0x00,
    0x00, 0x00, 0x00, 0x00, 0x00, 0x00, 0x00, 0x00, 0x00, 0x00, 0x00, 0x00, 0x00, 0x00, 0x00, 0x00,
    0x00, 0x00, 0x00, 0x00, 0x00, 0x00, 0x00, 0x00, 0x00, 0x00, 0x00, 0x00, 0x00, 0x00, 0x00, 0x00,
    0x00, 0x00, 0x00, 0x00, 0x00, 0x00, 0x00, 0x00, 0x00, 0x00, 0x00, 0x00, 0x00, 0x00, 0x00, 0x00,
    0x00, 0x00, 0x00, 0x00, 0x00, 0x00, 0x00, 0x00, 0x00, 0x00, 0x00, 0x00, 0x00, 0x00, 0x00, 0x00,
    0x00, 0x00, 0x00, 0x00, 0x00, 0x00, 0x00, 0x00, 0x00, 0x00, 0x00, 0x00, 0x00, 0x00, 0x00, 0x00,
    0x00, 0x00, 0x00, 0x00, 0x00, 0x00, 0x00, 0x00, 0x00, 0x00, 0x00, 0x00, 0x00, 0x00, 0x00, 0x00,
    0x00, 0x00, 0x00, 0x00, 0x00, 0x00, 0x00, 0x00, 0x00, 0x00, 0x00, 0x00, 0x00, 0x00, 0x00, 0x00,
    0x00, 0x00, 0x00, 0x00, 0x00, 0x00, 0x00, 0x00, 0x00, 0x00, 0x00, 0x00, 0x00, 0x00, 0x00, 0x00,
    0x00, 0x00, 0x00, 0x00, 0x00, 0x00, 0x00, 0x00, 0x00, 0x00, 0x00, 0x00, 0x00, 0x00, 0x00, 0x00,
    0x00, 0x00, 0x00, 0x00, 0x00, 0x00, 0x00, 0x00, 0x00, 0x00, 0x00, 0x00, 0x00, 0x00, 0x00, 0x00,
    0x00, 0x00, 0x00, 0x00, 0x00, 0x00, 0x00, 0x00, 0x00, 0x00, 0x00, 0x00, 0x00, 0x00, 0x00, 0x00,
    0x00, 0x00, 0x00, 0x00, 0x00, 0x00, 0x00, 0x00, 0x00, 0x00, 0x00, 0x00, 0x00, 0x00, 0x00, 0x00,
    0x00, 0x00, 0x00, 0x00, 0x00, 0x00, 0x00, 0x00, 0x00, 0x00, 0x00, 0x00, 0x00, 0x00, 0x00, 0x00,
    0x00, 0x00, 0x00, 0x00, 0x00, 0x00, 0x00, 0x00, 0x00, 0x00, 0x00, 0x00, 0x00, 0x00, 0x00, 0x00,
    0x00, 0x00, 0x00, 0x00, 0x00, 0x00, 0x00, 0x00, 0x00, 0x00, 0x00, 0x00, 0x00, 0x00, 0x00, 0x00,
    0x00, 0x00, 0x00, 0x00, 0x00, 0x00, 0x00, 0x00, 0x00, 0x00, 0x00, 0x00, 0x00, 0x00, 0x00, 0x00,
    0x00, 0x00, 0x00, 0x00, 0x00, 0x00, 0x00, 0x00, 0x00, 0x00, 0x00, 0x00, 0x00, 0x00, 0x00, 0x00,
    0x00, 0x00, 0x00, 0x00, 0x00, 0x00, 0x00, 0x00, 0x00, 0x00, 0x00, 0x00, 0x00, 0x00, 0x00, 0x00,
    0x00, 0x00, 0x00, 0x00, 0x00, 0x00, 0x00, 0x00, 0x00, 0x00, 0x00, 0x00, 0x00, 0x00, 0x00, 0x00,
    0x00, 0x00, 0x00, 0x00, 0x00, 0x00, 0x00, 0x00, 0x00, 0x00, 0x00, 0x00, 0x00, 0x00, 0x00, 0x00,
    0x00, 0x00, 0x00, 0x00, 0x00, 0x00, 0x00, 0x00, 0x00, 0x00, 0x00, 0x00, 0x00, 0x00, 0x00, 0x00,
    0x00, 0x00, 0x00, 0x00, 0x00, 0x00, 0x00, 0x00, 0x00, 0x00, 0x00, 0x00, 0x00, 0x00, 0x00, 0x00,
    0x00, 0x00, 0x00, 0x00, 0x00, 0x00, 0x00, 0x00, 0x00, 0x00, 0x00, 0x00, 0x00, 0x00, 0x00, 0x00,
    0x00, 0x00, 0x00, 0x00, 0x00, 0x00, 0x00, 0x00, 0x00, 0x00, 0x00, 0x00, 0x00, 0x00, 0x00, 0x00,
    0x00, 0x00, 0x00, 0x00, 0x00, 0x00, 0x00, 0x00, 0x00, 0x00, 0x00, 0x00, 0x00, 0x00, 0x00, 0x00,
    0x00, 0x00, 0x00, 0x00, 0x00, 0x00, 0x00, 0x00, 0x00, 0x00, 0x00, 0x00, 0x00, 0x00, 0x00, 0x00,
    0x00, 0x00, 0x00, 0x00, 0x00, 0x00, 0x00, 0x00, 0x00, 0x00, 0x00, 0x00, 0x00, 0x00, 0x00, 0x00,
    0x00, 0x00, 0x00, 0x00, 0x00, 0x00, 0x00, 0x00, 0x00, 0x00, 0x00, 0x00, 0x00, 0x00, 0x00, 0x00,
    0x00, 0x00, 0x00, 0x00, 0x00, 0x00, 0x00, 0x00, 0x00, 0x00, 0x00, 0x00, 0x00, 0x00, 0x00, 0x00,
    0x00, 0x00, 0x00, 0x00, 0x00, 0x00, 0x00, 0x00, 0x00, 0x00, 0x00, 0x00, 0x00, 0x00, 0xd0, 0x3a,
    0x3f, 0xc7, 0x00, 0x00, 0x00, 0x00, 0x00, 0x00, 0x00, 0x00, 0x00, 0x00, 0x00, 0x00, 0x00, 0x00,
    0x00, 0x00, 0x00, 0x00, 0x00, 0x00, 0x00, 0x00, 0x00, 0x00, 0x00, 0x00, 0x00, 0x00, 0x00, 0x00,
    0x00, 0x00, 0x00, 0x00, 0x00, 0x00, 0x00, 0x00, 0x00, 0x00, 0x00, 0x00, 0x00, 0x00, 0x00, 0x00,
    0x00, 0x00, 0x00, 0x00, 0x00, 0x00, 0x00, 0x00, 0x00, 0x00, 0x00, 0x00, 0x00, 0x00, 0x00, 0x00,
    0xb5, 0x4b, 0x00, 0x00, 0x00, 0x00, 0x00, 0x00, 0x00, 0x00, 0x00, 0x00, 0x00, 0x00, 0x00, 0x00,
    0x00, 0x00, 0x00, 0x00, 0x00, 0x00, 0x00, 0x00, 0x00, 0x00, 0x00, 0x00, 0x00, 0x00, 0x00, 0x00,
    0x00, 0x00, 0x00, 0x00, 0x00, 0x00, 0x00, 0x00, 0xb5, 0x4b, 0x00, 0x00, 0x00, 0x00, 0x00, 0x00,
    0x00, 0x00, 0x00, 0x00, 0x00, 0x00, 0x00, 0x00, 0x00, 0x00, 0x00, 0x00, 0x00, 0x00, 0x00, 0x00,
    0x00, 0x00, 0x00, 0x00, 0x00, 0x00, 0xd6, 0x53, 0x00, 0x00, 0x00, 0x00, 0x00, 0x00, 0x00, 0x00,
    0x00, 0x00, 0x00, 0x00, 0x00, 0x00, 0x00, 0x00, 0x00, 0x00, 0x00, 0x00, 0x00, 0x00, 0x00, 0x00,
    0x00, 0x00, 0x00, 0x00, 0x00, 0x00, 0x00, 0x00, 0x00, 0x00, 0x00, 0x00, 0x00, 0x00, 0x00, 0x00,
    0x00, 0x00, 0x00, 0x00, 0x00, 0x00, 0x00, 0x00, 0x00, 0x00, 0x00, 0x00, 0x00, 0x00, 0x00, 0x00,
    0x00, 0x00, 0x00, 0x00, 0x00, 0x00, 0x00, 0x00, 0x00, 0x00, 0x00, 0x00, 0x00, 0x00, 0x00, 0x00,
    0x00, 0x00, 0x00, 0x00, 0x00, 0x00, 0x00, 0x00, 0x00, 0x00, 0x00, 0x00, 0x00, 0x00, 0x00, 0x00,
    0x00, 0x00, 0x00, 0x00, 0x00, 0x00, 0x00, 0x00, 0x00, 0x00, 0x00, 0x00, 0x00, 0x00, 0x00, 0x00,
    0x00, 0x00, 0x00, 0x00, 0x00, 0x00, 0x00, 0x00, 0x00, 0x00, 0x00, 0x00, 0x00, 0x00, 0x00, 0x00,
    0x00, 0x00, 0x00, 0x00, 0x00, 0x00, 0x00, 0x00, 0x00, 0x00, 0xb5, 0x4b, 0x00, 0x00, 0x00, 0x00,
    0x00, 0x00, 0x00, 0x00, 0x00, 0x00, 0x00, 0x00, 0xd0, 0x3a, 0x3f, 0xc7, 0x00, 0x00, 0x00, 0x00,
    0x00, 0x00, 0x00, 0x00, 0x00, 0x00, 0x00, 0x00, 0x00, 0x00, 0xd0, 0x3a, 0x3f, 0xcf, 0x00, 0x00,
    0x00, 0x00, 0x00, 0x00, 0x00, 0x00, 0x00, 0x00, 0x00, 0x00, 0x00, 0x00, 0x00, 0x00, 0x00, 0x00,
    0x00, 0x00, 0x00, 0x00, 0x00, 0x00, 0x00, 0x00, 0xd0, 0x3a, 0x3f, 0xc7, 0x00, 0x00, 0x00, 0x00,
    0x00, 0x00, 0x00, 0x00, 0x00, 0x00, 0x00, 0x00, 0x00, 0x00, 0xb5, 0x4b, 0x00, 0x00, 0x00, 0x00,
    0x00, 0x00, 0x00, 0x00, 0x00, 0x00, 0x00, 0x00, 0x00, 0x00, 0x00, 0x00, 0x00, 0x00, 0x00, 0x00,
    0x00, 0x00, 0x00, 0x00, 0x00, 0x00, 0x00, 0x00, 0x00, 0x00, 0x00, 0x00, 0x00, 0x00, 0x00, 0x00,
    0x00, 0x00, 0x00, 0x00, 0x00, 0x00, 0x00, 0x00, 0x00, 0x00, 0x38, 0x54, 0x3f, 0xcf, 0x00, 0x00,
    0x00, 0x00, 0x00, 0x00, 0x00, 0x00, 0x00, 0x00, 0x00, 0x00, 0x00, 0x00, 0x00, 0x00, 0x00, 0x00,
    0x00, 0x00, 0x00, 0x00, 0x00, 0x00, 0x00, 0x00, 0x00, 0x00, 0xd0, 0x3a, 0x3f, 0xcf, 0x00, 0x00,
    0x00, 0x00, 0x00, 0x00, 0x00, 0x00, 0x00, 0x00, 0x00, 0x00, 0x00, 0x00, 0x00, 0x00, 0x00, 0x00,
    0x00, 0x00, 0x00, 0x00, 0x00, 0x00, 0x00, 0x00, 0x00, 0x00, 0x00, 0x00, 0xd6, 0x53, 0x00, 0x00,
    0x00, 0x00, 0x00, 0x00, 0x00, 0x00, 0x00, 0x00, 0x00, 0x00, 0x00, 0x00, 0x00, 0x00, 0x00, 0x00,
    0x00, 0x00, 0xd0, 0x3a, 0x3f, 0xcf, 0x00, 0x00, 0x00, 0x00, 0x00, 0x00, 0x00, 0x00, 0x00, 0x00,
    0x00, 0x00, 0x00, 0x00, 0x00, 0x00, 0x00, 0x00, 0x00, 0x00, 0x00, 0x00, 0x00, 0x00, 0x00, 0x00,
    0x00, 0x00, 0x00, 0x00, 0x00, 0x00, 0x00, 0x00, 0x00, 0x00, 0x00, 0x00, 0x00, 0x00, 0x00, 0x00,
    0x00, 0x00, 0x00, 0x00, 0x00, 0x00, 0x00, 0x00, 0x00, 0x00, 0x00, 0x00, 0x00, 0x00, 0x00, 0x00,
    0xd0, 0x3a, 0x3f, 0xc7, 0xd6, 0x53, 0x00, 0x00, 0x00, 0x00, 0x00, 0x00, 0x00, 0x00, 0x00, 0x00,
    0x00, 0x00, 0x00, 0x00, 0x00, 0x00, 0x00, 0x00, 0x00, 0x00, 0x00, 0x00, 0x00, 0x00, 0x00, 0x00,
    0x00, 0x00, 0x00, 0x00, 0x00, 0x00, 0x00, 0x00, 0x00, 0x00, 0x00, 0x00, 0x00, 0x00, 0x00, 0x00,
    0x00, 0x00, 0x00, 0x00, 0x00, 0x00, 0x00, 0x00, 0x00, 0x00, 0x00, 0x00, 0x00, 0x00, 0x00, 0x00,
    0x00, 0x00, 0xb5, 0x4b, 0x00, 0x00, 0x00, 0x00, 0x00, 0x00, 0xb5, 0x4b, 0x00, 0x00, 0x00, 0x00,
    0x00, 0x00, 0x00, 0x00, 0x00, 0x00, 0x00, 0x00, 0x00, 0x00, 0x00, 0x00, 0x00, 0x00, 0xd6, 0x53,
    0x00, 0x00, 0x00, 0x00, 0x00, 0x00, 0x00, 0x00, 0xd0, 0x3a, 0x3f, 0xc7, 0x00, 0x00, 0x00, 0x00,
    0x00, 0x00, 0x00, 0x00, 0x00, 0x00, 0x00, 0x00, 0x00, 0x00, 0x00, 0x00, 0x00, 0x00, 0x00, 0x00,
    0x00, 0x00, 0x00, 0x00, 0x00, 0x00, 0x00, 0x00, 0x00, 0x00, 0x00, 0x00, 0x00, 0x00, 0x00, 0x00,
    0x00, 0x00, 0x00, 0x00, 0x00, 0x00, 0x00, 0x00, 0x00, 0x00, 0x00, 0x00, 0x00, 0x00, 0x00, 0x00,
    0x00, 0x00, 0x00, 0x00, 0x00, 0x00, 0x00, 0x00, 0x00, 0x00, 0xb5, 0x4b, 0x00, 0x00, 0x00, 0x00,
    0x00, 0x00, 0x00, 0x00, 0x00, 0x00, 0x00, 0x00, 0x00, 0x00, 0xd0, 0x3a, 0x3f, 0xcf, 0x00, 0x00,
    0x00, 0x00, 0x00, 0x00, 0x00, 0x00, 0x00, 0x00, 0x00, 0x00, 0x00, 0x00, 0x00, 0x00, 0x00, 0x00,
    0xa4, 0x08, 0xa4, 0x08, 0xa4, 0x10, 0xa4, 0x08, 0xa4, 0x08, 0xa4, 0x08, 0xa4, 0x10, 0xa4, 0x08,
    0xa4, 0x08, 0xa4, 0x08, 0xa4, 0x10, 0xa4, 0x08, 0xa4, 0x08, 0xa4, 0x08, 0xa4, 0x10, 0xa4, 0x08,
    0xa4, 0x08, 0xa4, 0x08, 0xa4, 0x10, 0xa4, 0x08, 0xa4, 0x08, 0xa4, 0x08, 0xf6, 0x53, 0xa4, 0x08,
    0xa4, 0x08, 0xa4, 0x08, 0x12, 0x43, 0xbc, 0x8d, 0x3f, 0xc7, 0xa4, 0x08, 0xa4, 0x10, 0xa4, 0x08,
    0xa4, 0x08, 0xa4, 0x08, 0xa4, 0x10, 0xa4, 0x08, 0xa4, 0x08, 0xa4, 0x08, 0xa4, 0x10, 0xa4, 0x08,
    0xa4, 0x08, 0xa4, 0x08, 0xa4, 0x10, 0xa4, 0x08, 0xa4, 0x08, 0xa4, 0x08, 0xa4, 0x10, 0xa4, 0x08,
    0x11, 0x3b, 0x3f, 0xc7, 0xa4, 0x10, 0xa4, 0x08, 0xa4, 0x08, 0xa4, 0x08, 0xa4, 0x10, 0xa4, 0x08,
    0xa4, 0x08, 0xa4, 0x08, 0xa4, 0x10, 0xf6, 0x53, 0xd6, 0x53, 0xa4, 0x08, 0xa4, 0x10, 0xa4, 0x08,
    0x00, 0x00, 0x00, 0x00, 0x00, 0x00, 0x00, 0x00, 0x00, 0x00, 0x00, 0x00, 0x00, 0x00, 0x00, 0x00,
    0x00, 0x00, 0xd0, 0x3a, 0x3f, 0xcf, 0xd6, 0x53, 0x00, 0x00, 0x00, 0x00, 0x00, 0x00, 0x00, 0x00,
    0x00, 0x00, 0xb5, 0x4b, 0x00, 0x00, 0x00, 0x00, 0x00, 0x00, 0x00, 0x00, 0x00, 0x00, 0x00, 0x00,
    0x00, 0x00, 0x00, 0x00, 0x00, 0x00, 0x00, 0x00, 0x00, 0x00, 0x00, 0x00, 0x00, 0x00, 0x00, 0x00,
    0x00, 0x00, 0x00, 0x00, 0x00, 0x00, 0x00, 0x00, 0x00, 0x00, 0x00, 0x00, 0x00, 0x00, 0x00, 0x00,
    0x00, 0x00, 0x00, 0x00, 0xd6, 0x53, 0x00, 0x00, 0x00, 0x00, 0x00, 0x00, 0x00, 0x00, 0x00, 0x00,
    0x00, 0x00, 0x00, 0x00, 0x00, 0x00, 0x00, 0x00, 0x00, 0x00, 0x00, 0x00, 0x00, 0x00, 0x00, 0x00,
    0x00, 0x00, 0x00, 0x00, 0x00, 0x00, 0xd0, 0x3a, 0x3f, 0xc7, 0x00, 0x00, 0x00, 0x00, 0x00, 0x00,
    0x00, 0x00, 0x00, 0x00, 0x00, 0x00, 0x00, 0x00, 0x00, 0x00, 0x00, 0x00, 0x00, 0x00, 0x00, 0x00,
    0x00, 0x00, 0x00, 0x00, 0x00, 0x00, 0x00, 0x00, 0x00, 0x00, 0x00, 0x00, 0x00, 0x00, 0x00, 0x00,
    0x00, 0x00, 0x00, 0x00, 0x00, 0x00, 0x00, 0x00, 0x00, 0x00, 0x00, 0x00, 0x00, 0x00, 0x00, 0x00,
    0x00, 0x00, 0x00, 0x00, 0x00, 0x00, 0x00, 0x00, 0xb5, 0x4b, 0xd0, 0x3a, 0x3f, 0xcf, 0x00, 0x00,
    0x00, 0x00, 0x00, 0x00, 0x00, 0x00, 0x00, 0x00, 0x00, 0x00, 0x00, 0x00, 0x00, 0x00, 0xd0, 0x3a,
    0x3f, 0xc7, 0x00, 0x00, 0x00, 0x00, 0x00, 0x00, 0xd0, 0x3a, 0x3f, 0xc7, 0x00, 0x00, 0x00, 0x00,
    0x00, 0x00, 0x00, 0x00, 0x00, 0x00, 0x00, 0x00, 0x00, 0x00, 0x00, 0x00, 0x00, 0x00, 0x00, 0x00,
    0x00, 0x00, 0x00, 0x00, 0x00, 0x00, 0x00, 0x00, 0x00, 0x00, 0x00, 0x00, 0x00, 0x00, 0x00, 0x00,
    0x00, 0x00, 0x00, 0x00, 0x00, 0x00, 0x00, 0x00, 0x00, 0x00, 0x00, 0x00, 0x00, 0x00, 0xd0, 0x3a,
    0x3f, 0xc7, 0x00, 0x00, 0x00, 0x00, 0x00, 0x00, 0x00, 0x00, 0xb5, 0x4b, 0x00, 0x00, 0x00, 0x00,
    0x00, 0x00, 0x00, 0x00, 0x00, 0x00, 0x00, 0x00, 0x00, 0x00, 0x00, 0x00, 0x00, 0x00, 0x00, 0x00,
    0x00, 0x00, 0x00, 0x00, 0x00, 0x00, 0x00, 0x00, 0x00, 0x00, 0x00, 0x00, 0x00, 0x00, 0x00, 0x00,
    0x21, 0x21, 0x21, 0x21, 0x22, 0x21, 0x21, 0x21, 0x21, 0x21, 0x21, 0x21, 0x22, 0x21, 0x21, 0x21,
    0xf6, 0x53, 0x21, 0x21, 0x22, 0x21, 0x21, 0x21, 0x21, 0x21, 0xf8, 0xff, 0xf9, 0xff, 0xf9, 0xff,
    0x21, 0x21, 0x21, 0x21, 0x22, 0x21, 0x21, 0x21, 0x30, 0x43, 0x3f, 0xc7, 0x22, 0x21, 0x21, 0x21,
    0x21, 0x21, 0x21, 0x21, 0x22, 0x21, 0x21, 0x21, 0x21, 0x21, 0x21, 0x21, 0x22, 0x21, 0x21, 0x21,
    0x21, 0x21, 0x21, 0x21, 0x22, 0x21, 0x21, 0x21, 0x21, 0x21, 0x21, 0x21, 0x22, 0x21, 0x21, 0x21,
    0x21, 0x21, 0x21, 0x21, 0x22, 0x21, 0x21, 0x21, 0x21, 0x21, 0xf8, 0xff, 0xf9, 0xff, 0xf9, 0xff,
    0x21, 0x21, 0x21, 0x21, 0x22, 0x21, 0x21, 0x21, 0x21, 0x21, 0xf5, 0x53, 0x22, 0x21, 0x21, 0x21,
    0x21, 0x21, 0x21, 0x21, 0x22, 0x21, 0x21, 0x21, 0x21, 0x21, 0x30, 0x43, 0x3f, 0xcf, 0x21, 0x21,
    0x21, 0x21, 0x21, 0x21, 0x22, 0x21, 0x21, 0x21, 0x21, 0x21, 0x21, 0x21, 0x22, 0x21, 0x21, 0x21,
    0x21, 0x21, 0x21, 0x21, 0x22, 0x21, 0x21, 0x21, 0x30, 0x43, 0x9c, 0x85, 0x3f, 0xcf, 0xf9, 0xff,
    0x21, 0x21, 0x21, 0x21, 0x22, 0x21, 0x21, 0x21, 0x21, 0x21, 0x21, 0x21, 0x22, 0x21, 0x21, 0x21,
    0x21, 0x21, 0x21, 0x21, 0x22, 0x21, 0x21, 0x21, 0x21, 0x21, 0x21, 0x21, 0x22, 0x21, 0x21, 0x21,
    0x21, 0x21, 0x21, 0x21, 0x22, 0x21, 0x21, 0x21, 0x21, 0x21, 0x21, 0x21, 0x22, 0x21, 0x21, 0x21,
    0x21, 0x21, 0x21, 0x21, 0x22, 0x21, 0x21, 0x21, 0x21, 0x21, 0xf8, 0xff, 0x5b, 0x85, 0xf9, 0xff,
    0x21, 0x21, 0x21, 0x21, 0x22, 0x21, 0x21, 0x21, 0x21, 0x21, 0x21, 0x21, 0x22, 0x21, 0x21, 0x21,
    0x21, 0x21, 0x30, 0x43, 0x3f, 0xcf, 0x21, 0x21, 0x21, 0x21, 0x21, 0x21, 0x22, 0x21, 0x21, 0x21,
    0x00, 0x00, 0x00, 0x00, 0x00, 0x00, 0x00, 0x00, 0x00, 0x00, 0x00, 0x00, 0x00, 0x00, 0x00, 0x00,
    0x00, 0x00, 0x00, 0x00, 0x00, 0x00, 0x00, 0x00, 0x00, 0x00, 0x00, 0x00, 0x00, 0x00, 0x00, 0x00,
    0x00, 0x00, 0x00, 0x00, 0x00, 0x00, 0x00, 0x00, 0x00, 0x00, 0x00, 0x00, 0x00, 0x00, 0x00, 0x00,
    0xd0, 0x3a, 0x3f, 0xc7, 0xd6, 0x53, 0x00, 0x00, 0x00, 0x00, 0x00, 0x00, 0x00, 0x00, 0x00, 0x00,
    0x00, 0x00, 0x00, 0x00, 0x00, 0x00, 0x00, 0x00, 0x00, 0x00, 0x00, 0x00, 0x00, 0x00, 0x00, 0x00,
    0x00, 0x00, 0x00, 0x00, 0x00, 0x00, 0x00, 0x00, 0x00, 0x00, 0x00, 0x00, 0x00, 0x00, 0x00, 0x00,
    0x00, 0x00, 0x00, 0x00, 0x00, 0x00, 0x00, 0x00, 0x00, 0x00, 0x00, 0x00, 0x00, 0x00, 0x00, 0x00,
    0x00, 0x00, 0xb5, 0x4b, 0x00, 0x00, 0x00, 0x00, 0x00, 0x00, 0xb5, 0x4b, 0x00, 0x00, 0x00, 0x00,
    0x00, 0x00, 0x00, 0x00, 0x00, 0x00, 0x00, 0x00, 0x00, 0x00, 0x00, 0x00, 0x00, 0x00, 0xd6, 0x53,
    0x00, 0x00, 0x00, 0x00, 0x00, 0x00, 0x00, 0x00, 0xd0, 0x3a, 0x3f, 0xc7, 0x00, 0x00, 0x00, 0x00,
    0x00, 0x00, 0x00, 0x00, 0x00, 0x00, 0x00, 0x00, 0x00, 0x00, 0x00, 0x00, 0x00, 0x00, 0x00, 0x00,
    0x00, 0x00, 0x00, 0x00, 0x00, 0x00, 0x00, 0x00, 0x00, 0x00, 0x00, 0x00, 0x00, 0x00, 0x00, 0x00,
    0x00, 0x00, 0x00, 0x00, 0x00, 0x00, 0x00, 0x00, 0x00, 0x00, 0x00, 0x00, 0x00, 0x00, 0x00, 0x00,
    0x00, 0x00, 0x00, 0x00, 0x00, 0x00, 0x00, 0x00, 0x00, 0x00, 0xb5, 0x4b, 0x00, 0x00, 0x00, 0x00,
    0x00, 0x00, 0x00, 0x00, 0x00, 0x00, 0x00, 0x00, 0x00, 0x00, 0xd0, 0x3a, 0x3f, 0xcf, 0x00, 0x00,
    0x00, 0x00, 0x00, 0x00, 0x00, 0x00, 0x00, 0x00, 0x00, 0x00, 0x00, 0x00, 0x00, 0x00, 0x00, 0x00,
    0x00, 0x00, 0x00, 0x00, 0x00, 0x00, 0x00, 0x00, 0x00, 0x00, 0x00, 0x00, 0x00, 0x00, 0x00, 0x00,
    0x00, 0x00, 0x00, 0x00, 0x00, 0x00, 0x00, 0x00, 0x00, 0x00, 0x00, 0x00, 0x00, 0x00, 0x19, 0x7d,
    0x00, 0x00, 0x00, 0x00, 0x00, 0x00, 0x00, 0x00, 0x00, 0x00, 0x00, 0x00, 0xd6, 0x53, 0x00, 0x00,
    0x00, 0x00, 0x00, 0x00, 0xd0, 0x3a, 0xbc, 0x8d, 0x3f, 0xc7, 0x00, 0x00, 0x00, 0x00, 0x00, 0x00,
    0x00, 0x00, 0x00, 0x00, 0x00, 0x00, 0x00, 0x00, 0x00, 0x00, 0x00, 0x00, 0x00, 0x00, 0x00, 0x00,
    0x00, 0x00, 0x00, 0x00, 0x00, 0x00, 0x00, 0x00, 0x00, 0x00, 0x00, 0x00, 0x00, 0x00, 0x19, 0x7d,
    0xd0, 0x3a, 0x3f, 0xc7, 0x00, 0x00, 0x00, 0x00, 0x00, 0x00, 0x00, 0x00, 0x00, 0x00, 0x00, 0x00,
    0x00, 0x00, 0x00, 0x00, 0x00, 0x00, 0xd6, 0x53, 0xb5, 0x4b, 0x00, 0x00, 0x00, 0x00, 0x00, 0x00,
    0x00, 0x00, 0x00, 0x00, 0x00, 0x00, 0x00, 0x00, 0x00, 0x00, 0x00, 0x00, 0x00, 0x00, 0x00, 0x00,
    0x00, 0x00, 0xd0, 0x3a, 0x3f, 0xcf, 0xd6, 0x53, 0x00, 0x00, 0x00, 0x00, 0x00, 0x00, 0x00, 0x00,
    0x00, 0x00, 0xb5, 0x4b, 0x00, 0x00, 0x00, 0x00, 0x00, 0x00, 0x00, 0x00, 0x00, 0x00, 0x00, 0x00,
    0x00, 0x00, 0x00, 0x00, 0x00, 0x00, 0x00, 0x00, 0x00, 0x00, 0x00, 0x00, 0x00, 0x00, 0x00, 0x00,
    0x00, 0x00, 0x00, 0x00, 0x00, 0x00, 0x00, 0x00, 0x00, 0x00, 0x00, 0x00, 0x00, 0x00, 0x00, 0x00,
    0x00, 0x00, 0x00, 0x00, 0xd6, 0x53, 0x00, 0x00, 0x00, 0x00, 0x00, 0x00, 0x00, 0x00, 0x00, 0x00,
    0x00, 0x00, 0x00, 0x00, 0x00, 0x00, 0x00, 0x00, 0x00, 0x00, 0x00, 0x00, 0x00, 0x00, 0x00, 0x00,
    0x00, 0x00, 0x00, 0x00, 0x00, 0x00, 0xd0, 0x3a, 0x3f, 0xc7, 0x00, 0x00, 0x00, 0x00, 0x00, 0x00,
    0x00, 0x00, 0x00, 0x00, 0x00, 0x00, 0x00, 0x00, 0x00, 0x00, 0x00, 0x00, 0x00, 0x00, 0x00, 0x00,
    0x00, 0x00, 0x00, 0x00, 0x00, 0x00, 0x00, 0x00, 0x00, 0x00, 0x00, 0x00, 0x00, 0x00, 0x00, 0x00,
    0x00, 0x00, 0x00, 0x00, 0x00, 0x00, 0x00, 0x00, 0x00, 0x00, 0x00, 0x00, 0x00, 0x00, 0x00, 0x00,
    0x00, 0x00, 0x00, 0x00, 0x00, 0x00, 0x00, 0x00, 0xb5, 0x4b, 0xd0, 0x3a, 0x3f, 0xcf, 0x00, 0x00,
    0x00, 0x00, 0x00, 0x00, 0x00, 0x00, 0x00, 0x00, 0x00, 0x00, 0x00, 0x00, 0x00, 0x00, 0xd0, 0x3a,
    0x3f, 0xc7, 0x00, 0x00, 0x00, 0x00, 0x00, 0x00, 0xd0, 0x3a, 0x3f, 0xc7, 0x00, 0x00, 0x00, 0x00,
    0x00, 0x00, 0x00, 0x00, 0x00, 0x00, 0x00, 0x00, 0x00, 0x00, 0x00, 0x00, 0x00, 0x00, 0x00, 0x00,
    0x00, 0x00, 0x00, 0x00, 0x00, 0x00, 0x00, 0x00, 0x00, 0x00, 0x00, 0x00, 0x00, 0x00, 0x00, 0x00,
    0x00, 0x00, 0x00, 0x00, 0x00, 0x00, 0x00, 0x00, 0x00, 0x00, 0x00, 0x00, 0x00, 0x00, 0xd0, 0x3a,
    0x3f, 0xc7, 0x00, 0x00, 0x00, 0x00, 0x00, 0x00, 0x00, 0x00, 0xb5, 0x4b, 0x00, 0x00, 0x00, 0x00,
    0x00, 0x00, 0x00, 0x00, 0x00, 0x00, 0x00, 0x00, 0x00, 0x00, 0x00, 0x00, 0x00, 0x00, 0x00, 0x00,
    0x00, 0x00, 0x00, 0x00, 0x00, 0x00, 0x00, 0x00, 0x00, 0x00, 0x00, 0x00, 0x00, 0x00, 0x00, 0x00,
    0x00, 0x00, 0x00, 0x00, 0x00, 0x00, 0x00, 0x00, 0x00, 0x00, 0x00, 0x00, 0x00, 0x00, 0x00, 0x00,
    0xb5, 0x4b, 0x00, 0x00, 0x00, 0x00, 0x00, 0x00, 0x00, 0x00, 0x00, 0x00, 0x00, 0x00, 0x00, 0x00,
    0x00, 0x00, 0x00, 0x00, 0x00, 0x00, 0x00, 0x00, 0xd0, 0x3a, 0x3f, 0xc7, 0x00, 0x00, 0x00, 0x00,
    0x00, 0x00, 0x00, 0x00, 0x00, 0x00, 0x00, 0x00, 0x00, 0x00, 0x00, 0x00, 0x00, 0x00, 0x00, 0x00,
    0x00, 0x00, 0x00, 0x00, 0x00, 0x00, 0x00, 0x00, 0x00, 0x00, 0x00, 0x00, 0x00, 0x00, 0x00, 0x00,
    0x00, 0x00, 0x00, 0x00, 0x00, 0x00, 0x00, 0x00, 0x00, 0x00, 0x00, 0x00, 0x00, 0x00, 0x00, 0x00,
    0x00, 0x00, 0x00, 0x00, 0x00, 0x00, 0x00, 0x00, 0x00, 0x00, 0xb5, 0x4b, 0x00, 0x00, 0x00, 0x00,
    0x00, 0x00, 0x00, 0x00, 0x00, 0x00, 0x00, 0x00, 0x00, 0x00, 0xd0, 0x3a, 0x3f, 0xcf, 0x00, 0x00,
    0x00, 0x00, 0x00, 0x00, 0x00, 0x00, 0x00, 0x00, 0x00, 0x00, 0x00, 0x00, 0x00, 0x00, 0x00, 0x00,
    0x00, 0x00, 0x00, 0x00, 0x00, 0x00, 0x00, 0x00, 0xd0, 0x3a, 0x9c, 0x85, 0x3f, 0xcf, 0x00, 0x00,
    0x00, 0x00, 0x00, 0x00, 0x00, 0x00, 0x00, 0x00, 0x00, 0x00, 0x00, 0x00, 0x00, 0x00, 0x00, 0x00,
    0x00, 0x00, 0x00, 0x00, 0x00, 0x00, 0x00, 0x00, 0x00, 0x00, 0x00, 0x00, 0x00, 0x00, 0x00, 0x00,
    0x00, 0x00, 0x00, 0x00, 0x00, 0x00, 0x00, 0x00, 0x00, 0x00, 0x00, 0x00, 0x00, 0x00, 0x00, 0x00,
    0x00, 0x00, 0x00, 0x00, 0x00, 0x00, 0x00, 0x00, 0x00, 0x00, 0x00, 0x00, 0xd6, 0x53, 0x00, 0x00,
    0x00, 0x00, 0x00, 0x00, 0x00, 0x00, 0x00, 0x00, 0x00, 0x00, 0x00, 0x00, 0x00, 0x00, 0x00, 0x00,
    0x00, 0x00, 0xd0, 0x3a, 0x3f, 0xcf, 0x00, 0x00, 0x00, 0x00, 0x00, 0x00, 0x00, 0x00, 0x00, 0x00,
    0x00, 0x00, 0x00, 0x00, 0x00, 0x00, 0x00, 0x00, 0x00, 0x00, 0x00, 0x00, 0x00, 0x00, 0x00, 0x00,
    0x00, 0x00, 0x00, 0x00, 0x00, 0x00, 0x00, 0x00, 0x00, 0x00, 0x00, 0x00, 0x00, 0x00, 0x00, 0x00,
    0x00, 0x00, 0x00, 0x00, 0x00, 0x00, 0x00, 0x00, 0x00, 0x00, 0x00, 0x00, 0x00, 0x00, 0x00, 0x00,
    0xd0, 0x3a, 0x3f, 0xc7, 0xd6, 0x53, 0x00, 0x00, 0x00, 0x00, 0x00, 0x00, 0x00, 0x00, 0x00, 0x00,
    0x00, 0x00, 0x00, 0x00, 0x00, 0x00, 0x00, 0x00, 0x00, 0x00, 0x00, 0x00, 0x00, 0x00, 0x00, 0x00,
    0x00, 0x00, 0x00, 0x00, 0x00, 0x00, 0x00, 0x00, 0x00, 0x00, 0x00, 0x00, 0x00, 0x00, 0x00, 0x00,
    0x00, 0x00, 0x00, 0x00, 0x00, 0x00, 0x00, 0x00, 0x00, 0x00, 0x00, 0x00, 0x00, 0x00, 0x00, 0x00,
    0x00, 0x00, 0xb5, 0x4b, 0x00, 0x00, 0x00, 0x00, 0x00, 0x00, 0xb5, 0x4b, 0x00, 0x00, 0x00, 0x00,
    0x00, 0x00, 0x00, 0x00, 0x00, 0x00, 0x00, 0x00, 0x00, 0x00, 0x00, 0x00, 0x00, 0x00, 0xd6, 0x53,
    0x00, 0x00, 0x00, 0x00, 0x00, 0x00, 0x00, 0x00, 0xd0, 0x3a, 0x3f, 0xc7, 0x00, 0x00, 0x00, 0x00,
    0x00, 0x00, 0x00, 0x00, 0x00, 0x00, 0x00, 0x00, 0x00, 0x00, 0x00, 0x00, 0x00, 0x00, 0x00, 0x00,
    0x00, 0x00, 0x00, 0x00, 0x00, 0x00, 0x00, 0x00, 0x00, 0x00, 0x00, 0x00, 0x00, 0x00, 0x00, 0x00,
    0x00, 0x00, 0x00, 0x00, 0x00, 0x00, 0x00, 0x00, 0x00, 0x00, 0x00, 0x00, 0x00, 0x00, 0x00, 0x00,
    0x00, 0x00, 0x00, 0x00, 0x00, 0x00, 0x00, 0x00, 0x00, 0x00, 0xb5, 0x4b, 0x00, 0x00, 0x00, 0x00,
    0x00, 0x00, 0x00, 0x00, 0x00, 0x00, 0x00, 0x00, 0x00, 0x00, 0xd0, 0x3a, 0x3f, 0xcf, 0x00, 0x00,
    0x00, 0x00, 0x00, 0x00, 0x00, 0x00, 0x00, 0x00, 0x00, 0x00, 0x00, 0x00, 0x00, 0x00, 0x00, 0x00,
    0x00, 0x00, 0x00, 0x00, 0x00, 0x00, 0x00, 0x00, 0x00, 0x00, 0x00, 0x00, 0x00, 0x00, 0x00, 0x00,
    0x00, 0x00, 0x00, 0x00, 0x00, 0x00, 0x00, 0x00, 0x00, 0x00, 0x00, 0x00, 0x00, 0x00, 0x00, 0x00,
    0x00, 0x00, 0x00, 0x00, 0x00, 0x00, 0x00, 0x00, 0x00, 0x00, 0x00, 0x00, 0xd6, 0x53, 0x00, 0x00,
    0x00, 0x00, 0x00, 0x00, 0xd0, 0x3a, 0xbc, 0x8d, 0x3f, 0xc7, 0x00, 0x00, 0x00, 0x00, 0x00, 0x00,
    0x00, 0x00, 0x00, 0x00, 0x00, 0x00, 0x00, 0x00, 0x00, 0x00, 0x00, 0x00, 0x00, 0x00, 0x00, 0x00,
    0x00, 0x00, 0x00, 0x00, 0x00, 0x00, 0x00, 0x00, 0x00, 0x00, 0x00, 0x00, 0x00, 0x00, 0x00, 0x00,
    0xd0, 0x3a, 0x3f, 0xc7, 0x00, 0x00, 0x00, 0x00, 0x00, 0x00, 0x00, 0x00, 0x00, 0x00, 0x00, 0x00,
    0x00, 0x00, 0x00, 0x00, 0x00, 0x00, 0xd6, 0x53, 0xb5, 0x4b, 0x00, 0x00, 0x00, 0x00, 0x00, 0x00,
    0x00, 0x00, 0x00, 0x00, 0x00, 0x00, 0x00, 0x00, 0x00, 0x00, 0x00, 0x00, 0x00, 0x00, 0x00, 0x00,
    0x00, 0x00, 0x00, 0x00, 0x00, 0x00, 0x00, 0x00, 0x00, 0x00, 0x00, 0x00, 0x00, 0x00, 0x00, 0x00,
    0x00, 0x00, 0xb5, 0x4b, 0x00, 0x00, 0x00, 0x00, 0x00, 0x00, 0x00, 0x00, 0x00, 0x00, 0x00, 0x00,
    0x00, 0x00, 0x00, 0x00, 0x00, 0x00, 0x00, 0x00, 0x00, 0x00, 0x00, 0x00, 0x00, 0x00, 0x00, 0x00,
    0x00, 0x00, 0x00, 0x00, 0x00, 0x00, 0x00, 0x00, 0x00, 0x00, 0x00, 0x00, 0x00, 0x00, 0x00, 0x00,
    0x00, 0x00, 0x00, 0x00, 0x00, 0x00, 0x00, 0x00, 0x00, 0x00, 0x00, 0x00, 0x00, 0x00, 0x00, 0x00,
    0x00, 0x00, 0x00, 0x00, 0x00, 0x00, 0x00, 0x00, 0x00, 0x00, 0x00, 0x00, 0x00, 0x00, 0x00, 0x00,
    0x00, 0x00, 0x00, 0x00, 0x00, 0x00, 0x00, 0x00, 0x00, 0x00, 0x00, 0x00, 0x00, 0x00, 0x00, 0x00,
    0x00, 0x00, 0x00, 0x00, 0x00, 0x00, 0x00, 0x00, 0x00, 0x00, 0x00, 0x00, 0x00, 0x00, 0x00, 0x00,
    0x00, 0x00, 0x00, 0x00, 0x00, 0x00, 0x00, 0x00, 0x00, 0x00, 0x00, 0x00, 0x00, 0x00, 0x00, 0x00,
    0x00, 0x00, 0x00, 0x00, 0x00, 0x00, 0x00, 0x00, 0x00, 0x00, 0x00, 0x00, 0x00, 0x00, 0x00, 0x00,
    0x00, 0x00, 0x00, 0x00, 0x00, 0x00, 0x00, 0x00, 0x00, 0x00, 0x00, 0x00, 0x00, 0x00, 0x00, 0x00,
    0x00, 0x00, 0x00, 0x00, 0x00, 0x00, 0x00, 0x00, 0x00, 0x00, 0x00, 0x00, 0x00, 0x00, 0x00, 0x00,
    0x00, 0x00, 0x00, 0x00, 0x00, 0x00, 0x00, 0x00, 0x00, 0x00, 0x00, 0x00, 0x00, 0x00, 0x00, 0x00,
    0x00, 0x00, 0x00, 0x00, 0x00, 0x00, 0x00, 0x00, 0x00, 0x00, 0x00, 0x00, 0x00, 0x00, 0x00, 0x00,
    0x00, 0x00, 0x00, 0x00, 0x00, 0x00, 0x00, 0x00, 0x00, 0x00, 0x00, 0x00, 0x00, 0x00, 0x00, 0x00,
    0x00, 0x00, 0x00, 0x00, 0x00, 0x00, 0x00, 0x00, 0x00, 0x00, 0x00, 0x00, 0x00, 0x00, 0x00, 0x00,
    0x00, 0x00, 0x00, 0x00, 0x00, 0x00, 0x00, 0x00, 0x00, 0x00, 0x00, 0x00, 0x00, 0x00, 0x00, 0x00,
    0x00, 0x00, 0x00, 0x00, 0x00, 0x00, 0x00, 0x00, 0x00, 0x00, 0x00, 0x00, 0x00, 0x00, 0x00, 0x00,
    0x00, 0x00, 0x00, 0x00, 0x00, 0x00, 0x00, 0x00, 0x00, 0x00, 0x00, 0x00, 0x00, 0x00, 0x00, 0x00,
    0x00, 0x00, 0x00, 0x00, 0x00, 0x00, 0x00, 0x00, 0x00, 0x00, 0x00, 0x00, 0x00, 0x00, 0x00, 0x00,
    0x00, 0x00, 0x00, 0x00, 0x00, 0x00, 0x00, 0x00, 0x00, 0x00, 0x00, 0x00, 0x00, 0x00, 0x00, 0x00,
    0x00, 0x00, 0x00, 0x00, 0x00, 0x00, 0x00, 0x00, 0x00, 0x00, 0x00, 0x00, 0x00, 0x00, 0x00, 0x00,
    0x00, 0x00, 0x00, 0x00, 0x00, 0x00, 0x00, 0x00, 0x00, 0x00, 0x00, 0x00, 0x00, 0x00, 0x00, 0x00,
    0x00, 0x00, 0x00, 0x00, 0x00, 0x00, 0x00, 0x00, 0x00, 0x00, 0x00, 0x00, 0x00, 0x00, 0x00, 0x00,
    0x00, 0x00, 0x00, 0x00, 0x00, 0x00, 0x00, 0x00, 0x00, 0x00, 0x00, 0x00, 0x00, 0x00, 0x00, 0x00,
    0x00, 0x00, 0x00, 0x00, 0x00, 0x00, 0x00, 0x00, 0x00, 0x00, 0x00, 0x00, 0x00, 0x00, 0x00, 0x00,
    0x00, 0x00, 0x00, 0x00, 0x00, 0x00, 0x00, 0x00, 0x00, 0x00, 0x00, 0x00, 0x00, 0x00, 0x00, 0x00,
    0x00, 0x00, 0x00, 0x00, 0x00, 0x00, 0x00, 0x00, 0x00, 0x00, 0x00, 0x00, 0x00, 0x00, 0x00, 0x00,
    0x00, 0x00, 0x00, 0x00, 0x00, 0x00, 0x00, 0x00, 0x00, 0x00, 0x00, 0x00, 0x00, 0x00, 0x00, 0x00,
    0x00, 0x00, 0x00, 0x00, 0x00, 0x00, 0x00, 0x00, 0x00, 0x00, 0x00, 0x00, 0x00, 0x00, 0x00, 0x00,
    0x00, 0x00, 0x00, 0x00, 0x00, 0x00, 0x00, 0x00, 0x00, 0x00, 0x00, 0x00, 0x00, 0x00, 0x00, 0x00,
    0x00, 0x00, 0x00, 0x00, 0x00, 0x00, 0x00, 0x00, 0x00, 0x00, 0x00, 0x00, 0x00, 0x00, 0x00, 0x00,
    0x00, 0x00, 0x00, 0x00, 0x00, 0x00, 0x00, 0x00, 0x00, 0x00, 0x00, 0x00, 0x00, 0x00, 0x00, 0x00,
    0x00, 0x00, 0x00, 0x00, 0x00, 0x00, 0x00, 0x00, 0x00, 0x00, 0x00, 0x00, 0x00, 0x00, 0x00, 0x00,
    0x00, 0x00, 0x00, 0x00, 0x00, 0x00, 0x00, 0x00, 0x00, 0x00, 0x00, 0x00, 0x00, 0x00, 0x00, 0x00,
    0x00, 0x00, 0x00, 0x00, 0x00, 0x00, 0x00, 0x00, 0x00, 0x00, 0x00, 0x00, 0x00, 0x00, 0x00, 0x00,
    0x00, 0x00, 0x00, 0x00, 0x00, 0x00, 0x00, 0x00, 0x00, 0x00, 0x00, 0x00, 0x00, 0x00, 0x00, 0x00,
    0x00, 0x00, 0x00, 0x00, 0x00, 0x00, 0x00, 0x00, 0x00, 0x00, 0x00, 0x00, 0x00, 0x00, 0x00, 0x00,
    0x00, 0x00, 0x00, 0x00, 0x00, 0x00, 0x00, 0x00, 0x00, 0x00, 0x00, 0x00, 0x00, 0x00, 0x00, 0x00,
    0x00, 0x00, 0x00, 0x00, 0x00, 0x00, 0x00, 0x00, 0x00, 0x00, 0x00, 0x00, 0x00, 0x00, 0x00, 0x00,
    0x00, 0x00, 0x00, 0x00, 0x00, 0x00, 0x00, 0x00, 0x00, 0x00, 0x00, 0x00, 0x00, 0x00, 0x00, 0x00,
    0x00, 0x00, 0x00, 0x00, 0x00, 0x00, 0x00, 0x00, 0x00, 0x00, 0x00, 0x00, 0x00, 0x00, 0x00, 0x00,
    0x00, 0x00, 0x00, 0x00, 0x00, 0x00, 0x00, 0x00, 0x00, 0x00, 0x00, 0x00, 0x00, 0x00, 0x00, 0x00,
    0x00, 0x00, 0x00, 0x00, 0x00, 0x00, 0x00, 0x00, 0x00, 0x00, 0x00, 0x00, 0x00, 0x00, 0x00, 0x00,
    0x00, 0x00, 0x00, 0x00, 0x00, 0x00, 0x00, 0x00, 0x00, 0x00, 0x00, 0x00, 0x00, 0x00, 0x00, 0x00,
    0x00, 0x00, 0x00, 0x00, 0x00, 0x00, 0x00, 0x00, 0x00, 0x00, 0x00, 0x00, 0x00, 0x00, 0x00, 0x00,
    0x00, 0x00, 0x00, 0x00, 0x00, 0x00, 0x00, 0x00, 0x00, 0x00, 0x00, 0x00, 0x00, 0x00, 0x00, 0x00,
    0x00, 0x00, 0x00, 0x00, 0x00, 0x00, 0x00, 0x00, 0x00, 0x00, 0x00, 0x00, 0x00, 0x00, 0x00, 0x00,
    0x00, 0x00, 0x00, 0x00, 0x00, 0x00, 0x00, 0x00, 0x00, 0x00, 0x00, 0x00, 0x00, 0x00, 0x00, 0x00,
    0x00, 0x00, 0x00, 0x00, 0x00, 0x00, 0x00, 0x00, 0x00, 0x00, 0x00, 0x00, 0x00, 0x00, 0x00, 0x00,
    0x00, 0x00, 0x00, 0x00, 0x00, 0x00, 0x00, 0x00, 0x00, 0x00, 0x00, 0x00, 0x00, 0x00, 0x00, 0x00,
    0x00, 0x00, 0x00, 0x00, 0x00, 0x00, 0x00, 0x00, 0x00, 0x00, 0x00, 0x00, 0x00, 0x00, 0x00, 0x00,
    0x00, 0x00, 0x00, 0x00, 0x00, 0x00, 0x00, 0x00, 0x00, 0x00, 0x00, 0x00, 0x00, 0x00, 0x00, 0x00,
    0x00, 0x00, 0x00, 0x00, 0x00, 0x00, 0x00, 0x00, 0x00, 0x00, 0x00, 0x00, 0x00, 0x00, 0x00, 0x00,
    0x00, 0x00, 0x00, 0x00, 0x00, 0x00, 0x00, 0x00, 0x00, 0x00, 0x00, 0x00, 0x00, 0x00, 0x00, 0x00,
    0x00, 0x00, 0x00, 0x00, 0x00, 0x00, 0x00, 0x00, 0x00, 0x00, 0x00, 0x00, 0x00, 0x00, 0x00, 0x00,
    0x00, 0x00, 0x00, 0x00, 0x00, 0x00, 0x00, 0x00, 0x00, 0x00, 0x00, 0x00, 0x00, 0x00, 0x00, 0x00,
    0x00, 0x00, 0x00, 0x00, 0x00, 0x00, 0x00, 0x00, 0x00, 0x00, 0x00, 0x00, 0x00, 0x00, 0x00, 0x00,
    0x00, 0x00, 0x00, 0x00, 0x00, 0x00, 0x00, 0x00, 0x00, 0x00, 0x00, 0x00, 0x00, 0x00, 0x00, 0x00,
    0x00, 0x00, 0x00, 0x00, 0x00, 0x00, 0x00, 0x00, 0x00, 0x00, 0x00, 0x00, 0x00, 0x00, 0x00, 0x00,
    0x00, 0x00, 0x00, 0x00, 0x00, 0x00, 0x00, 0x00, 0x00, 0x00, 0x00, 0x00, 0x00, 0x00, 0x00, 0x00,
    0x00, 0x00, 0x00, 0x00, 0x00, 0x00, 0x00, 0x00, 0x00, 0x00, 0x00, 0x00, 0x00, 0x00, 0x00, 0x00,
    0x00, 0x00, 0x00, 0x00, 0x00, 0x00, 0x00, 0x00, 0x00, 0x00, 0x00, 0x00, 0x00, 0x00, 0x00, 0x00,
    0x00, 0x00, 0x00, 0x00, 0x00, 0x00, 0x00, 0x00, 0x00, 0x00, 0x00, 0x00, 0x00, 0x00, 0x00, 0x00,
    0x00, 0x00, 0x00, 0x00, 0x00, 0x00, 0x00, 0x00, 0x00, 0x00, 0x00, 0x00, 0x00, 0x00, 0x00, 0x00,
    0x00, 0x00, 0x00, 0x00, 0x00, 0x00, 0x00, 0x00, 0x00, 0x00, 0x00, 0x00, 0x00, 0x00, 0x00, 0x00,
    0x00, 0x00, 0x00, 0x00, 0x00, 0x00, 0x00, 0x00, 0x00, 0x00, 0x00, 0x00, 0x00, 0x00, 0x00, 0x00,
    0x00, 0x00, 0x00, 0x00, 0x00, 0x00, 0x00, 0x00, 0x00, 0x00, 0x00, 0x00, 0x00, 0x00, 0x00, 0x00,
    0xd0, 0x3a, 0x3f, 0xc7, 0x00, 0x00, 0x00, 0x00, 0x00, 0x00, 0x00, 0x00, 0x00, 0x00, 0x00, 0x00,
    0x00, 0x00, 0x00, 0x00, 0x00, 0x00, 0x00, 0x00, 0x00, 0x00, 0x00, 0x00, 0x00, 0x00, 0x00, 0x00,
    0x00, 0x00, 0x00, 0x00, 0x00, 0x00, 0x00, 0x00, 0xd0, 0x3a, 0x3f, 0xc7, 0x00, 0x00, 0x00, 0x00,
    0x00, 0x00, 0x00, 0x00, 0x00, 0x00, 0x00, 0x00, 0x00, 0x00, 0x00, 0x00, 0x00, 0x00, 0x00, 0x00,
    0xd6, 0x53, 0x00, 0x00, 0x00, 0x00, 0xd0, 0x3a, 0x3f, 0xcf, 0x00, 0x00, 0x00, 0x00, 0x00, 0x00,
    0x00, 0x00, 0x00, 0x00, 0x00, 0x00, 0x00, 0x00, 0x00, 0x00, 0x00, 0x00, 0x00, 0x00, 0x00, 0x00,
    0x00, 0x00, 0x00, 0x00, 0x00, 0x00, 0x00, 0x00, 0xd6, 0x53, 0x00, 0x00, 0x00, 0x00, 0x00, 0x00,
    0x00, 0x00, 0x00, 0x00, 0x00, 0x00, 0x00, 0x00, 0x00, 0x00, 0x00, 0x00, 0x00, 0x00, 0x00, 0x00,
    0x00, 0x00, 0x00, 0x00, 0x00, 0x00, 0x00, 0x00, 0x00, 0x00, 0x00, 0x00, 0x00, 0x00, 0x00, 0x00,
    0x00, 0x00, 0x00, 0x00, 0x00, 0x00, 0x00, 0x00, 0x00, 0x00, 0x00, 0x00, 0x00, 0x00, 0x00, 0x00,
    0x00, 0x00, 0x00, 0x00, 0x00, 0x00, 0x00, 0x00, 0x00, 0x00, 0x00, 0x00, 0x00, 0x00, 0x00, 0x00,
    0x00, 0x00, 0x00, 0x00, 0x00, 0x00, 0x00, 0x00, 0x00, 0x00, 0x00, 0x00, 0x00, 0x00, 0x00, 0x00,
    0x00, 0x00, 0x00, 0x00, 0x00, 0x00, 0x00, 0x00, 0x00, 0x00, 0xd0, 0x3a, 0x3f, 0xc7, 0x00, 0x00,
    0x00, 0x00, 0x00, 0x00, 0x00, 0x00, 0x00, 0x00, 0x00, 0x00, 0x00, 0x00, 0x00, 0x00, 0x00, 0x00,
    0x00, 0x00, 0x00, 0x00, 0x00, 0x00, 0x00, 0x00, 0x00, 0x00, 0x00, 0x00, 0x00, 0x00, 0x00, 0x00,
    0x00, 0x00, 0x00, 0x00, 0x00, 0x00, 0x00, 0x00, 0x00, 0x00, 0x00, 0x00, 0x00, 0x00, 0x00, 0x00,
    0x00, 0x00, 0x00, 0x00, 0x00, 0x00, 0x00, 0x00, 0x00, 0x00, 0xb5, 0x4b, 0x00, 0x00, 0x00, 0x00,
    0x00, 0x00, 0x00, 0x00, 0x00, 0x00, 0x00, 0x00, 0x00, 0x00, 0xd0, 0x3a, 0x3f, 0xc7, 0x00, 0x00,
    0x00, 0x00, 0x00, 0x00, 0x00, 0x00, 0x00, 0x00, 0x00, 0x00, 0x00, 0x00, 0x00, 0x00, 0x00, 0x00,
    0x00, 0x00, 0x00, 0x00, 0x00, 0x00, 0x00, 0x00, 0x00, 0x00, 0x00, 0x00, 0x00, 0x00, 0x00, 0x00,
    0x00, 0x00, 0x00, 0x00, 0x00, 0x00, 0x00, 0x00, 0x00, 0x00, 0xd0, 0x3a, 0x3f, 0xc7, 0x00, 0x00,
    0x00, 0x00, 0x00, 0x00, 0x00, 0x00, 0x00, 0x00, 0x00, 0x00, 0x00, 0x00, 0x00, 0x00, 0x00, 0x00,
    0x00, 0x00, 0x00, 0x00, 0x00, 0x00, 0x00, 0x00, 0x00, 0x00, 0x00, 0x00, 0x00, 0x00, 0x00, 0x00,
    0x00, 0x00, 0x00, 0x00, 0x00, 0x00, 0x00, 0x00, 0x00, 0x00, 0x00, 0x00, 0x00, 0x00, 0x00, 0x00,
    0x00, 0x00, 0x00, 0x00, 0x00, 0x00, 0x00, 0x00, 0x00, 0x00, 0xb5, 0x4b, 0xd0, 0x3a, 0x3f, 0xcf,
    0x00, 0x00, 0x00, 0x00, 0x00, 0x00, 0x00, 0x00, 0x00, 0x00, 0x00, 0x00, 0x00, 0x00, 0x00, 0x00,
    0x00, 0x00, 0x00, 0x00, 0x00, 0x00, 0x00, 0x00, 0x00, 0x00, 0x00, 0x00, 0x00, 0x00, 0x00, 0x00,
    0x00, 0x00, 0x00, 0x00, 0x00, 0x00, 0x00, 0x00, 0x00, 0x00, 0x00, 0x00, 0x00, 0x00, 0x00, 0x00,
    0x00, 0x00, 0x00, 0x00, 0x00, 0x00, 0x00, 0x00, 0x00, 0x00, 0x00, 0x00, 0xb5, 0x4b, 0x00, 0x00,
    0x00, 0x00, 0x00, 0x00, 0x00, 0x00, 0x00, 0x00, 0x00, 0x00, 0x00, 0x00, 0x00, 0x00, 0x00, 0x00,
    0x00, 0x00, 0x00, 0x00, 0xd0, 0x3a, 0x3f, 0xcf, 0x00, 0x00, 0x00, 0x00, 0x00, 0x00, 0x00, 0x00,
    0x00, 0x00, 0x00, 0x00, 0x00, 0x00, 0x00, 0x00, 0x00, 0x00, 0x00, 0x00, 0x00, 0x00, 0x00, 0x00,
    0x00, 0x00, 0x00, 0x00, 0x00, 0x00, 0x00, 0x00, 0x00, 0x00, 0x00, 0x00, 0x00, 0x00, 0x00, 0x00,
    0x00, 0x00, 0x00, 0x00, 0x00, 0x00, 0x00, 0x00, 0x00, 0x00, 0x00, 0x00, 0x00, 0x00, 0x00, 0x00,
    0x00, 0x00, 0xd0, 0x3a, 0x3f, 0xc7, 0x00, 0x00, 0x00, 0x00, 0xd0, 0x3a, 0x3f, 0xc7, 0x00, 0x00,
    0x00, 0x00, 0x00, 0x00, 0x00, 0x00, 0x00, 0x00, 0x00, 0x00, 0x00, 0x00, 0x00, 0x00, 0xd0, 0x3a,
    0x3f, 0xcf, 0x00, 0x00, 0x00, 0x00, 0x00, 0x00, 0x00, 0x00, 0x00, 0x00, 0x00, 0x00, 0x00, 0x00,
    0x00, 0x00, 0x00, 0x00, 0x00, 0x00, 0x00, 0x00, 0x00, 0x00, 0x00, 0x00, 0x00, 0x00, 0x00, 0x00,
    0x00, 0x00, 0x00, 0x00, 0x00, 0x00, 0x00, 0x00, 0x00, 0x00, 0xb5, 0x4b, 0x00, 0x00, 0x00, 0x00,
    0x00, 0x00, 0x00, 0x00, 0x00, 0x00, 0x00, 0x00, 0x00, 0x00, 0x00, 0x00, 0x00, 0x00, 0xd6, 0x53,
    0x00, 0x00, 0x00, 0x00, 0x00, 0x00, 0x00, 0x00, 0x00, 0x00, 0xd0, 0x3a, 0x3f, 0xc7, 0x00, 0x00,
    0x00, 0x00, 0x00, 0x00, 0x00, 0x00, 0x00, 0x00, 0x00, 0x00, 0x00, 0x00, 0x00, 0x00, 0x00, 0x00,
    0x00, 0x00, 0x00, 0x00, 0x00, 0x00, 0x00, 0x00, 0x00, 0x00, 0x00, 0x00, 0x00, 0x00, 0x00, 0x00,
    0xa4, 0x08, 0xa4, 0x08, 0xa4, 0x08, 0xa4, 0x10, 0xa4, 0x08, 0xa4, 0x08, 0xa4, 0x08, 0xa4, 0x10,
    0xa4, 0x08, 0xa4, 0x08, 0xa4, 0x08, 0xa4, 0x10, 0xa4, 0x08, 0xd6, 0x53, 0xa4, 0x08, 0xa4, 0x10,
    0xa4, 0x08, 0xa4, 0x08, 0xa4, 0x08, 0xa4, 0x10, 0xa4, 0x08, 0xa4, 0x08, 0x11, 0x3b, 0x3f, 0xcf,
    0xa4, 0x08, 0xa4, 0x08, 0xa4, 0x08, 0xa4, 0x10, 0xa4, 0x08, 0xa4, 0x08, 0xa4, 0x08, 0xa4, 0x10,
    0xa4, 0x08, 0xa4, 0x08, 0xa4, 0x08, 0xa4, 0x10, 0xa4, 0x08, 0xa4, 0x08, 0xa4, 0x08, 0xa4, 0x10,
    0xa4, 0x08, 0xa4, 0x08, 0xa4, 0x08, 0xa4, 0x10, 0xa4, 0x08, 0xa4, 0x08, 0xa4, 0x08, 0xa4, 0x10,
    0xa4, 0x08, 0xa4, 0x08, 0xa4, 0x08, 0xa4, 0x10, 0xa4, 0x08, 0xa4, 0x08, 0xd6, 0x4b, 0xa4, 0x10,
    0xa4, 0x08, 0xa4, 0x08, 0xa4, 0x08, 0x12, 0x43, 0xbc, 0x8d, 0x3f, 0xc7, 0xa4, 0x08, 0xa4, 0x10,
    0x00, 0x00, 0x00, 0x00, 0x00, 0x00, 0x00, 0x00, 0x00, 0x00, 0x00, 0x00, 0x00, 0x00, 0x00, 0x00,
    0x00, 0x00, 0x00, 0x00, 0x00, 0x00, 0xd0, 0x3a, 0x3f, 0xcf, 0x00, 0x00, 0x00, 0x00, 0x00, 0x00,
    0x00, 0x00, 0xd0, 0x3a, 0x3f, 0xc7, 0x00, 0x00, 0x00, 0x00, 0x00, 0x00, 0x00, 0x00, 0x00, 0x00,
    0x00, 0x00, 0x00, 0x00, 0x00, 0x00, 0x00, 0x00, 0xd6, 0x53, 0x00, 0x00, 0x00, 0x00, 0x00, 0x00,
    0x00, 0x00, 0x00, 0x00, 0x00, 0x00, 0x00, 0x00, 0x00, 0x00, 0x00, 0x00, 0x00, 0x00, 0x00, 0x00,
    0x00, 0x00, 0x00, 0x00, 0xd0, 0x3a, 0x3f, 0xcf, 0x00, 0x00, 0x00, 0x00, 0x00, 0x00, 0x00, 0x00,
    0x00, 0x00, 0x00, 0x00, 0x00, 0x00, 0x00, 0x00, 0x00, 0x00, 0x00, 0x00, 0x00, 0x00, 0x00, 0x00,
    0x00, 0x00, 0x00, 0x00, 0x00, 0x00, 0x00, 0x00, 0x00, 0x00, 0x00, 0x00, 0x00, 0x00, 0x00, 0x00,
    0x00, 0x00, 0x00, 0x00, 0x00, 0x00, 0x00, 0x00, 0x00, 0x00, 0x00, 0x00, 0x00, 0x00, 0x00, 0x00,
    0x00, 0x00, 0x00, 0x00, 0xb5, 0x4b, 0x00, 0x00, 0x00, 0x00, 0x00, 0x00, 0x00, 0x00, 0x00, 0x00,
    0x00, 0x00, 0x00, 0x00, 0x00, 0x00, 0x00, 0x00, 0x00, 0x00, 0x00, 0x00, 0x00, 0x00, 0x00, 0x00,
    0x00, 0x00, 0x00, 0x00, 0x00, 0x00, 0x00, 0x00, 0xd0, 0x3a, 0x3f, 0xc7, 0x00, 0x00, 0x00, 0x00,
    0x00, 0x00, 0x00, 0x00, 0x00, 0x00, 0x00, 0x00, 0x00, 0x00, 0x00, 0x00, 0x00, 0x00, 0x00, 0x00,
    0x00, 0x00, 0x00, 0x00, 0x00, 0x00, 0x00, 0x00, 0x00, 0x00, 0x00, 0x00, 0x00, 0x00, 0x00, 0x00,
    0x00, 0x00, 0x00, 0x00, 0x00, 0x00, 0x00, 0x00, 0x00, 0x00, 0x00, 0x00, 0x00, 0x00, 0x00, 0x00,
    0x00, 0x00, 0x00, 0x00, 0x00, 0x00, 0x00, 0x00, 0xd6, 0x53, 0x00, 0x00, 0xb5, 0x4b, 0x00, 0x00,
    0x00, 0x00, 0x00, 0x00, 0x00, 0x00, 0x00, 0x00, 0x00, 0x00, 0x00, 0x00, 0x00, 0x00, 0x00, 0x00,
    0xd6, 0x53, 0x00, 0x00, 0x00, 0x00, 0x00, 0x00, 0x00, 0x00, 0xd0, 0x3a, 0x3f, 0xc7, 0x00, 0x00,
    0x00, 0x00, 0x00, 0x00, 0x00, 0x00, 0x00, 0x00, 0x00, 0x00, 0x00, 0x00, 0x00, 0x00, 0x00, 0x00,
    0x00, 0x00, 0x00, 0x00, 0x00, 0x00, 0x00, 0x00, 0x00, 0x00, 0x00, 0x00, 0x00, 0x00, 0x00, 0x00,
    0x21, 0x21, 0x21, 0x21, 0x21, 0x21, 0x22, 0x21, 0x21, 0x21, 0x21, 0x21, 0x21, 0x21, 0x22, 0x21,
    0x50, 0x4b, 0x3f, 0xc7, 0x21, 0x21, 0x22, 0x21, 0x21, 0x21, 0x5a, 0x85, 0xf8, 0xff, 0xf9, 0xff,
    0x21, 0x21, 0x21, 0x21, 0x21, 0x21, 0x22, 0x21, 0x21, 0x21, 0x21, 0x21, 0x21, 0x21, 0x22, 0x21,
    0x21, 0x21, 0x21, 0x21, 0x21, 0x21, 0x22, 0x21, 0x21, 0x21, 0x21, 0x21, 0x21, 0x21, 0x22, 0x21,
    0x21, 0x21, 0x21, 0x21, 0x21, 0x21, 0x22, 0x21, 0x21, 0x21, 0x21, 0x21, 0x21, 0x21, 0x22, 0x21,
    0xf6, 0x53, 0x21, 0x21, 0x21, 0x21, 0x22, 0x21, 0x21, 0x21, 0xf8, 0xff, 0xf8, 0xff, 0xf9, 0xff,
    0x21, 0x21, 0x21, 0x21, 0x21, 0x21, 0x22, 0x21, 0x21, 0x21, 0x30, 0x43, 0x3f, 0xc7, 0x22, 0x21,
    0x21, 0x21, 0x21, 0x21, 0x21, 0x21, 0x22, 0x21, 0x21, 0x21, 0x21, 0x21, 0x21, 0x21, 0x22, 0x21,
    0x21, 0x21, 0x21, 0x21, 0x21, 0x21, 0x22, 0x21, 0x21, 0x21, 0x21, 0x21, 0x21, 0x21, 0x22, 0x21,
    0x21, 0x21, 0x21, 0x21, 0x21, 0x21, 0x22, 0x21, 0x21, 0x21, 0xf8, 0xff, 0xf8, 0xff, 0xf9, 0xff,
    0x21, 0x21, 0x21, 0x21, 0x21, 0x21, 0x22, 0x21, 0x21, 0x21, 0xf6, 0x53, 0x21, 0x21, 0x22, 0x21,
    0x21, 0x21, 0x21, 0x21, 0x21, 0x21, 0x22, 0x21, 0x21, 0x21, 0x21, 0x21, 0xf5, 0x53, 0x22, 0x21,
    0x21, 0x21, 0x21, 0x21, 0x21, 0x21, 0x22, 0x21, 0x21, 0x21, 0x21, 0x21, 0x21, 0x21, 0x22, 0x21,
    0x21, 0x21, 0x21, 0x21, 0x21, 0x21, 0x22, 0x21, 0x21, 0x21, 0x5a, 0x85, 0xf9, 0x9d, 0x3f, 0xcf,
    0x21, 0x21, 0x21, 0x21, 0x21, 0x21, 0x22, 0x21, 0x21, 0x21, 0x21, 0x21, 0x21, 0x21, 0x22, 0x21,
    0x21, 0x21, 0x21, 0x21, 0x21, 0x21, 0x22, 0x21, 0x21, 0x21, 0x21, 0x21, 0x21, 0x21, 0x22, 0x21,
    0x00, 0x00, 0x00, 0x00, 0x00, 0x00, 0x00, 0x00, 0x00, 0x00, 0x00, 0x00, 0x00, 0x00, 0x00, 0x00,
    0x00, 0x00, 0x00, 0x00, 0x00, 0x00, 0x00, 0x00, 0x00, 0x00, 0x00, 0x00, 0xb5, 0x4b, 0x00, 0x00,
    0x00, 0x00, 0x00, 0x00, 0x00, 0x00, 0x00, 0x00, 0x00, 0x00, 0x00, 0x00, 0x00, 0x00, 0x00, 0x00,
    0x00, 0x00, 0x00, 0x00, 0xd0, 0x3a, 0x3f, 0xcf, 0x00, 0x00, 0x00, 0x00, 0x00, 0x00, 0x00, 0x00,
    0x00, 0x00, 0x00, 0x00, 0x00, 0x00, 0x00, 0x00, 0x00, 0x00, 0x00, 0x00, 0x00, 0x00, 0x00, 0x00,
    0x00, 0x00, 0x00, 0x00, 0x00, 0x00, 0x00, 0x00, 0x00, 0x00, 0x00, 0x00, 0x00, 0x00, 0x00, 0x00,
    0x00, 0x00, 0x00, 0x00, 0x00, 0x00, 0x00, 0x00, 0x00, 0x00, 0x00, 0x00, 0x00, 0x00, 0x00, 0x00,
    0x00, 0x00, 0xd0, 0x3a, 0x3f, 0xc7, 0x00, 0x00, 0x00, 0x00, 0xd0, 0x3a, 0x3f, 0xc7, 0x00, 0x00,
    0x00, 0x00, 0x00, 0x00, 0x00, 0x00, 0x00, 0x00, 0x00, 0x00, 0x00, 0x00, 0x00, 0x00, 0xd0, 0x3a,
    0x3f, 0xcf, 0x00, 0x00, 0x00, 0x00, 0x00, 0x00, 0x00, 0x00, 0x00, 0x00, 0x00, 0x00, 0x00, 0x00,
    0x00, 0x00, 0x00, 0x00, 0x00, 0x00, 0x00, 0x00, 0x00, 0x00, 0x00, 0x00, 0x00, 0x00, 0x00, 0x00,
    0x00, 0x00, 0x00, 0x00, 0x00, 0x00, 0x00, 0x00, 0x00, 0x00, 0xb5, 0x4b, 0x00, 0x00, 0x00, 0x00,
    0x00, 0x00, 0x00, 0x00, 0x00, 0x00, 0x00, 0x00, 0x00, 0x00, 0x00, 0x00, 0x00, 0x00, 0xd6, 0x53,
    0x00, 0x00, 0x00, 0x00, 0x00, 0x00, 0x00, 0x00, 0x00, 0x00, 0xd0, 0x3a, 0x3f, 0xc7, 0x00, 0x00,
    0x00, 0x00, 0x00, 0x00, 0x00, 0x00, 0x00, 0x00, 0x00, 0x00, 0x00, 0x00, 0x00, 0x00, 0x00, 0x00,
    0x00, 0x00, 0x00, 0x00, 0x00, 0x00, 0x00, 0x00, 0x00, 0x00, 0x00, 0x00, 0x00, 0x00, 0x00, 0x00,
    0x00, 0x00, 0x00, 0x00, 0x00, 0x00, 0x00, 0x00, 0x00, 0x00, 0x00, 0x00, 0x00, 0x00, 0x00, 0x00,
    0x00, 0x00, 0x00, 0x00, 0x00, 0x00, 0x00, 0x00, 0x00, 0x00, 0xb5, 0x4b, 0x00, 0x00, 0x19, 0x7d,
    0x00, 0x00, 0x00, 0x00, 0x00, 0x00, 0x00, 0x00, 0x00, 0x00, 0x00, 0x00, 0xd0, 0x3a, 0x3f, 0xcf,
    0x00, 0x00, 0x00, 0x00, 0x00, 0x00, 0x00, 0x00, 0x00, 0x00, 0x00, 0x00, 0x00, 0x00, 0x00, 0x00,
    0x00, 0x00, 0x00, 0x00, 0x00, 0x00, 0x00, 0x00, 0x00, 0x00, 0x00, 0x00, 0x00, 0x00, 0x00, 0x00,
    0x00, 0x00, 0x00, 0x00, 0x00, 0x00, 0x00, 0x00, 0x00, 0x00, 0x00, 0x00, 0x00, 0x00, 0x19, 0x7d,
    0x00, 0x00, 0x00, 0x00, 0x00, 0x00, 0x00, 0x00, 0x00, 0x00, 0x00, 0x00, 0xb5, 0x4b, 0x00, 0x00,
    0x00, 0x00, 0x00, 0x00, 0x00, 0x00, 0xd0, 0x3a, 0xbc, 0x8d, 0x3f, 0xc7, 0x00, 0x00, 0x00, 0x00,
    0x00, 0x00, 0x00, 0x00, 0x00, 0x00, 0x00, 0x00, 0x00, 0x00, 0x00, 0x00, 0x00, 0x00, 0x00, 0x00,
    0x00, 0x00, 0x00, 0x00, 0x00, 0x00, 0xd0, 0x3a, 0x3f, 0xcf, 0x00, 0x00, 0x00, 0x00, 0x00, 0x00,
    0x00, 0x00, 0xd0, 0x3a, 0x3f, 0xc7, 0x00, 0x00, 0x00, 0x00, 0x00, 0x00, 0x00, 0x00, 0x00, 0x00,
    0x00, 0x00, 0x00, 0x00, 0x00, 0x00, 0x00, 0x00, 0xd6, 0x53, 0x00, 0x00, 0x00, 0x00, 0x00, 0x00,
    0x00, 0x00, 0x00, 0x00, 0x00, 0x00, 0x00, 0x00, 0x00, 0x00, 0x00, 0x00, 0x00, 0x00, 0x00, 0x00,
    0x00, 0x00, 0x00, 0x00, 0xd0, 0x3a, 0x3f, 0xcf, 0x00, 0x00, 0x00, 0x00, 0x00, 0x00, 0x00, 0x00,
    0x00, 0x00, 0x00, 0x00, 0x00, 0x00, 0x00, 0x00, 0x00, 0x00, 0x00, 0x00, 0x00, 0x00, 0x00, 0x00,
    0x00, 0x00, 0x00, 0x00, 0x00, 0x00, 0x00, 0x00, 0x00, 0x00, 0x00, 0x00, 0x00, 0x00, 0x00, 0x00,
    0x00, 0x00, 0x00, 0x00, 0x00, 0x00, 0x00, 0x00, 0x00, 0x00, 0x00, 0x00, 0x00, 0x00, 0x00, 0x00,
    0x00, 0x00, 0x00, 0x00, 0xb5, 0x4b, 0x00, 0x00, 0x00, 0x00, 0x00, 0x00, 0x00, 0x00, 0x00, 0x00,
    0x00, 0x00, 0x00, 0x00, 0x00, 0x00, 0x00, 0x00, 0x00, 0x00, 0x00, 0x00, 0x00, 0x00, 0x00, 0x00,
    0x00, 0x00, 0x00, 0x00, 0x00, 0x00, 0x00, 0x00, 0xd0, 0x3a, 0x3f, 0xc7, 0x00, 0x00, 0x00, 0x00,
    0x00, 0x00, 0x00, 0x00, 0x00, 0x00, 0x00, 0x00, 0x00, 0x00, 0x00, 0x00, 0x00, 0x00, 0x00, 0x00,
    0x00, 0x00, 0x00, 0x00, 0x00, 0x00, 0x00, 0x00, 0x00, 0x00, 0x00, 0x00, 0x00, 0x00, 0x00, 0x00,
    0x00, 0x00, 0x00, 0x00, 0x00, 0x00, 0x00, 0x00, 0x00, 0x00, 0x00, 0x00, 0x00, 0x00, 0x00, 0x00,
    0x00, 0x00, 0x00, 0x00, 0x00, 0x00, 0x00, 0x00, 0xd6, 0x53, 0x00, 0x00, 0xb5, 0x4b, 0x00, 0x00,
    0x00, 0x00, 0x00, 0x00, 0x00, 0x00, 0x00, 0x00, 0x00, 0x00, 0x00, 0x00, 0x00, 0x00, 0x00, 0x00,
    0xd6, 0x53, 0x00, 0x00, 0x00, 0x00, 0x00, 0x00, 0x00, 0x00, 0xd0, 0x3a, 0x3f, 0xc7, 0x00, 0x00,
    0x00, 0x00, 0x00, 0x00, 0x00, 0x00, 0x00, 0x00, 0x00, 0x00, 0x00, 0x00, 0x00, 0x00, 0x00, 0x00,
    0x00, 0x00, 0x00, 0x00, 0x00, 0x00, 0x00, 0x00, 0x00, 0x00, 0x00, 0x00, 0x00, 0x00, 0x00, 0x00,
    0x00, 0x00, 0x00, 0x00, 0x00, 0x00, 0x00, 0x00, 0x00, 0x00, 0x00, 0x00, 0x00, 0x00, 0x00, 0x00,
    0xd0, 0x3a, 0x3f, 0xc7, 0x00, 0x00, 0x00, 0x00, 0x00, 0x00, 0xb5, 0x4b, 0x00, 0x00, 0x00, 0x00,
    0x00, 0x00, 0x00, 0x00, 0x00, 0x00, 0x00, 0x00, 0x00, 0x00, 0x00, 0x00, 0x00, 0x00, 0x00, 0x00,
    0x00, 0x00, 0x00, 0x00, 0x00, 0x00, 0x00, 0x00, 0x00, 0x00, 0x00, 0x00, 0x00, 0x00, 0x00, 0x00,
    0x00, 0x00, 0x00, 0x00, 0x00, 0x00, 0x00, 0x00, 0x00, 0x00, 0x00, 0x00, 0x00, 0x00, 0x00, 0x00,
    0xd6, 0x53, 0x00, 0x00, 0x00, 0x00, 0x00, 0x00, 0x00, 0x00, 0x00, 0x00, 0x00, 0x00, 0x00, 0x00,
    0x00, 0x00, 0x00, 0x00, 0x00, 0x00, 0x00, 0x00, 0x00, 0x00, 0xd0, 0x3a, 0x3f, 0xc7, 0x00, 0x00,
    0x00, 0x00, 0x00, 0x00, 0x00, 0x00, 0x00, 0x00, 0x00, 0x00, 0x00, 0x00, 0x00, 0x00, 0x00, 0x00,
    0x00, 0x00, 0x00, 0x00, 0x00, 0x00, 0x00, 0x00, 0x00, 0x00, 0x00, 0x00, 0x00, 0x00, 0x00, 0x00,
    0x00, 0x00, 0x00, 0x00, 0x00, 0x00, 0x00, 0x00, 0x00, 0x00, 0x00, 0x00, 0x00, 0x00, 0x00, 0x00,
    0x00, 0x00, 0x00, 0x00, 0x00, 0x00, 0x00, 0x00, 0x00, 0x00, 0xb5, 0x4b, 0x00, 0x00, 0x00, 0x00,
    0x00, 0x00, 0x00, 0x00, 0x00, 0x00, 0x00, 0x00, 0x00, 0x00, 0x00, 0x00, 0xb5, 0x4b, 0x00, 0x00,
    0x00, 0x00, 0x00, 0x00, 0x00, 0x00, 0x00, 0x00, 0x00, 0x00, 0x00, 0x00, 0x00, 0x00, 0x00, 0x00,
    0x00, 0x00, 0x00, 0x00, 0x00, 0x00, 0x00, 0x00, 0x00, 0x00, 0xb5, 0x4b, 0xd0, 0x3a, 0x3f, 0xcf,
    0x00, 0x00, 0x00, 0x00, 0x00, 0x00, 0x00, 0x00, 0x00, 0x00, 0x00, 0x00, 0x00, 0x00, 0x00, 0x00,
    0x00, 0x00, 0x00, 0x00, 0x00, 0x00, 0x00, 0x00, 0x00, 0x00, 0x00, 0x00, 0x00, 0x00, 0x00, 0x00,
    0x00, 0x00, 0x00, 0x00, 0x00, 0x00, 0x00, 0x00, 0x00, 0x00, 0x00, 0x00, 0x00, 0x00, 0x00, 0x00,
    0x00, 0x00, 0x00, 0x00, 0x00, 0x00, 0x00, 0x00, 0x00, 0x00, 0x00, 0x00, 0xb5, 0x4b, 0x00, 0x00,
    0x00, 0x00, 0x00, 0x00, 0x00, 0x00, 0x00, 0x00, 0x00, 0x00, 0x00, 0x00, 0x00, 0x00, 0x00, 0x00,
    0x00, 0x00, 0x00, 0x00, 0xd0, 0x3a, 0x3f, 0xcf, 0x00, 0x00, 0x00, 0x00, 0x00, 0x00, 0x00, 0x00,
    0x00, 0x00, 0x00, 0x00, 0x00, 0x00, 0x00, 0x00, 0x00, 0x00, 0x00, 0x00, 0x00, 0x00, 0x00, 0x00,
    0x00, 0x00, 0x00, 0x00, 0x00, 0x00, 0x00, 0x00, 0x00, 0x00, 0x00, 0x00, 0x00, 0x00, 0x00, 0x00,
    0x00, 0x00, 0x00, 0x00, 0x00, 0x00, 0x00, 0x00, 0x00, 0x00, 0x00, 0x00, 0x00, 0x00, 0x00, 0x00,
    0x00, 0x00, 0xd0, 0x3a, 0x3f, 0xc7, 0x00, 0x00, 0x00, 0x00, 0xd0, 0x3a, 0x3f, 0xc7, 0x00, 0x00,
    0x00, 0x00, 0x00, 0x00, 0x00, 0x00, 0x00, 0x00, 0x00, 0x00, 0x00, 0x00, 0x00, 0x00, 0xd0, 0x3a,
    0x3f, 0xcf, 0x00, 0x00, 0x00, 0x00, 0x00, 0x00, 0x00, 0x00, 0x00, 0x00, 0x00, 0x00, 0x00, 0x00,
    0x00, 0x00, 0x00, 0x00, 0x00, 0x00, 0x00, 0x00, 0x00, 0x00, 0x00, 0x00, 0x00, 0x00, 0x00, 0x00,
    0x00, 0x00, 0x00, 0x00, 0x00, 0x00, 0x00, 0x00, 0x00, 0x00, 0xb5, 0x4b, 0x00, 0x00, 0x00, 0x00,
    0x00, 0x00, 0x00, 0x00, 0x00, 0x00, 0x00, 0x00, 0x00, 0x00, 0x00, 0x00, 0x00, 0x00, 0xd6, 0x53,
    0x00, 0x00, 0x00, 0x00, 0x00, 0x00, 0x00, 0x00, 0x00, 0x00, 0xd0, 0x3a, 0x3f, 0xc7, 0x00, 0x00,
    0x00, 0x00, 0x00, 0x00, 0x00, 0x00, 0x00, 0x00, 0x00, 0x00, 0x00, 0x00, 0x00, 0x00, 0x00, 0x00,
    0x00, 0x00, 0x00, 0x00, 0x00, 0x00, 0x00, 0x00, 0x00, 0x00, 0x00, 0x00, 0x00, 0x00, 0x00, 0x00,
    0x00, 0x00, 0x00, 0x00, 0x00, 0x00, 0x00, 0x00, 0x00, 0x00, 0x00, 0x00, 0x00, 0x00, 0x00, 0x00,
    0x00, 0x00, 0x00, 0x00, 0x00, 0x00, 0x00, 0x00, 0x00, 0x00, 0xb5, 0x4b, 0x00, 0x00, 0x00, 0x00,
    0x00, 0x00, 0x00, 0x00, 0x00, 0x00, 0x00, 0x00, 0x00, 0x00, 0x00, 0x00, 0xd0, 0x3a, 0x3f, 0xcf,
    0x00, 0x00, 0x00, 0x00, 0x00, 0x00, 0x00, 0x00, 0x00, 0x00, 0x00, 0x00, 0x00, 0x00, 0x00, 0x00,
    0x00, 0x00, 0x00, 0x00, 0x00, 0x00, 0x00, 0x00, 0x00, 0x00, 0x00, 0x00, 0x00, 0x00, 0x00, 0x00,
    0x00, 0x00, 0x00, 0x00, 0x00, 0x00, 0x00, 0x00, 0x00, 0x00, 0x00, 0x00, 0x00, 0x00, 0x00, 0x00,
    0x00, 0x00, 0x00, 0x00, 0x00, 0x00, 0x00, 0x00, 0x00, 0x00, 0x00, 0x00, 0xb5, 0x4b, 0x00, 0x00,
    0x00, 0x00, 0x00, 0x00, 0x00, 0x00, 0xd0, 0x3a, 0xbc, 0x8d, 0x3f, 0xc7, 0x00, 0x00, 0x00, 0x00,
    0x00, 0x00, 0x00, 0x00, 0x00, 0x00, 0x00, 0x00, 0x00, 0x00, 0x00, 0x00, 0x00, 0x00, 0x00, 0x00,
    0x00, 0x00, 0x00, 0x00, 0x00, 0x00, 0x00, 0x00, 0x00, 0x00, 0x00, 0x00, 0x00, 0x00, 0x00, 0x00,
    0x00, 0x00, 0xd0, 0x3a, 0x3f, 0xc7, 0x00, 0x00, 0x00, 0x00, 0x00, 0x00, 0x00, 0x00, 0x00, 0x00,
    0x00, 0x00, 0x00, 0x00, 0x00, 0x00, 0x00, 0x00, 0xd6, 0x53, 0x00, 0x00, 0x00, 0x00, 0x00, 0x00,
    0x00, 0x00, 0x00, 0x00, 0x00, 0x00, 0x00, 0x00, 0x00, 0x00, 0x00, 0x00, 0x00, 0x00, 0x00, 0x00,
    0x00, 0x00, 0x00, 0x00, 0x00, 0x00, 0x00, 0x00, 0x00, 0x00, 0x00, 0x00, 0x00, 0x00, 0x00, 0x00,
    0x00, 0x00, 0x00, 0x00, 0x00, 0x00, 0x00, 0x00, 0x00, 0x00, 0x00, 0x00, 0x00, 0x00, 0x00, 0x00,
    0x00, 0x00, 0x00, 0x00, 0x00, 0x00, 0x00, 0x00, 0x00, 0x00, 0x00, 0x00, 0x00, 0x00, 0x00, 0x00,
    0x00, 0x00, 0x00, 0x00, 0x00, 0x00, 0x00, 0x00, 0x00, 0x00, 0x00, 0x00, 0x00, 0x00, 0x00, 0x00,
    0x00, 0x00, 0x00, 0x00, 0x00, 0x00, 0x00, 0x00, 0x00, 0x00, 0x00, 0x00, 0x00, 0x00, 0x00, 0x00,
    0x00, 0x00, 0x00, 0x00, 0x00, 0x00, 0x00, 0x00, 0x00, 0x00, 0x00, 0x00, 0x00, 0x00, 0x00, 0x00,
    0x00, 0x00, 0x00, 0x00, 0x00, 0x00, 0x00, 0x00, 0x00, 0x00, 0x00, 0x00, 0x00, 0x00, 0x00, 0x00,
    0x00, 0x00, 0x00, 0x00, 0x00, 0x00, 0x00, 0x00, 0x00, 0x00, 0x00, 0x00, 0x00, 0x00, 0x00, 0x00,
    0x00, 0x00, 0x00, 0x00, 0x00, 0x00, 0x00, 0x00, 0x00, 0x00, 0x00, 0x00, 0x00, 0x00, 0x00, 0x00,
    0x00, 0x00, 0x00, 0x00, 0x00, 0x00, 0x00, 0x00, 0x00, 0x00, 0x00, 0x00, 0x00, 0x00, 0x00, 0x00,
    0x00, 0x00, 0x00, 0x00, 0x00, 0x00, 0x00, 0x00, 0x00, 0x00, 0x00, 0x00, 0x00, 0x00, 0x00, 0x00,
    0x00, 0x00, 0x00, 0x00, 0x00, 0x00, 0x00, 0x00, 0x00, 0x00, 0x00, 0x00, 0x00, 0x00, 0x00, 0x00,
    0x00, 0x00, 0x00, 0x00, 0x00, 0x00, 0x00, 0x00, 0x00, 0x00, 0x00, 0x00, 0x00, 0x00, 0x00, 0x00,
    0x00, 0x00, 0x00, 0x00, 0x00, 0x00, 0x00, 0x00, 0x00, 0x00, 0x00, 0x00, 0x00, 0x00, 0x00, 0x00,
    0x00, 0x00, 0x00, 0x00, 0x00, 0x00, 0x00, 0x00, 0x00, 0x00, 0x00, 0x00, 0x00, 0x00, 0x00, 0x00,
    0x00, 0x00, 0x00, 0x00, 0x00, 0x00, 0x00, 0x00, 0x00, 0x00, 0x00, 0x00, 0x00, 0x00, 0x00, 0x00,
    0x00, 0x00, 0x00, 0x00, 0x00, 0x00, 0x00, 0x00, 0x00, 0x00, 0x00, 0x00, 0x00, 0x00, 0x00, 0x00,
    0x00, 0x00, 0x00, 0x00, 0x00, 0x00, 0x00, 0x00, 0x00, 0x00, 0x00, 0x00, 0x00, 0x00, 0x00, 0x00,
    0x00, 0x00, 0x00, 0x00, 0x00, 0x00, 0x00, 0x00, 0x00, 0x00, 0x00, 0x00, 0x00, 0x00, 0x00, 0x00,
    0x00, 0x00, 0x00, 0x00, 0x00, 0x00, 0x00, 0x00, 0x00, 0x00, 0x00, 0x00, 0x00, 0x00, 0x00, 0x00,
    0x00, 0x00, 0x00, 0x00, 0x00, 0x00, 0x00, 0x00, 0x00, 0x00, 0x00, 0x00, 0x00, 0x00, 0x00, 0x00,
    0x00, 0x00, 0x00, 0x00, 0x00, 0x00, 0x00, 0x00, 0x00, 0x00, 0x00, 0x00, 0x00, 0x00, 0x00, 0x00,
    0x00, 0x00, 0x00, 0x00, 0x00, 0x00, 0x00, 0x00, 0x00, 0x00, 0x00, 0x00, 0x00, 0x00, 0x00, 0x00,
    0x00, 0x00, 0x00, 0x00, 0x00, 0x00, 0x00, 0x00, 0x00, 0x00, 0x00, 0x00, 0x00, 0x00, 0x00, 0x00,
    0x00, 0x00, 0x00, 0x00, 0x00, 0x00, 0x00, 0x00, 0x00, 0x00, 0x00, 0x00, 0x00, 0x00, 0x00, 0x00,
    0x00, 0x00, 0x00, 0x00, 0x00, 0x00, 0x00, 0x00, 0x00, 0x00, 0x00, 0x00, 0x00, 0x00, 0x00, 0x00,
    0x00, 0x00, 0x00, 0x00, 0x00, 0x00, 0x00, 0x00, 0x00, 0x00, 0x00, 0x00, 0x00, 0x00, 0x00, 0x00,
    0x00, 0x00, 0x00, 0x00, 0x00, 0x00, 0x00, 0x00, 0x00, 0x00, 0x00, 0x00, 0x00, 0x00, 0x00, 0x00,
    0x00, 0x00, 0x00, 0x00, 0x00, 0x00, 0x00, 0x00, 0x00, 0x00, 0x00, 0x00, 0x00, 0x00, 0x00, 0x00,
    0x00, 0x00, 0x00, 0x00, 0x00, 0x00, 0x00, 0x00, 0x00, 0x00, 0x00, 0x00, 0x00, 0x00, 0x00, 0x00,
    0x00, 0x00, 0x00, 0x00, 0x00, 0x00, 0x00, 0x00, 0x00, 0x00, 0x00, 0x00, 0x00, 0x00, 0x00, 0x00,
    0x00, 0x00, 0x00, 0x00, 0x00, 0x00, 0x00, 0x00, 0x00, 0x00, 0x00, 0x00, 0x00, 0x00, 0x00, 0x00,
    0x00, 0x00, 0x00, 0x00, 0x00, 0x00, 0x00, 0x00, 0x00, 0x00, 0x00, 0x00, 0x00, 0x00, 0x00, 0x00,
    0x00, 0x00, 0x00, 0x00, 0x00, 0x00, 0x00, 0x00, 0x00, 0x00, 0x00, 0x00, 0x00, 0x00, 0x00, 0x00,
    0x00, 0x00, 0x00, 0x00, 0x00, 0x00, 0x00, 0x00, 0x00, 0x00, 0x00, 0x00, 0x00, 0x00, 0x00, 0x00,
    0x00, 0x00, 0x00, 0x00, 0x00, 0x00, 0x00, 0x00, 0x00, 0x00, 0x00, 0x00, 0x00, 0x00, 0x00, 0x00,
    0x00, 0x00, 0x00, 0x00, 0x00, 0x00, 0x00, 0x00, 0x00, 0x00, 0x00, 0x00, 0x00, 0x00, 0x00, 0x00,
    0x00, 0x00, 0x00, 0x00, 0x00, 0x00, 0x00, 0x00, 0x00, 0x00, 0x00, 0x00, 0x00, 0x00, 0x00, 0x00,
    0x00, 0x00, 0x00, 0x00, 0x00, 0x00, 0x00, 0x00, 0x00, 0x00, 0x00, 0x00, 0x00, 0x00, 0x00, 0x00,
    0x00, 0x00, 0x00, 0x00, 0x00, 0x00, 0x00, 0x00, 0x00, 0x00, 0x00, 0x00, 0x00, 0x00, 0x00, 0x00,
    0x00, 0x00, 0x00, 0x00, 0x00, 0x00, 0x00, 0x00, 0x00, 0x00, 0x00, 0x00, 0x00, 0x00, 0x00, 0x00,
    0x00, 0x00, 0x00, 0x00, 0x00, 0x00, 0x00, 0x00, 0x00, 0x00, 0x00, 0x00, 0x00, 0x00, 0x00, 0x00,
    0x00, 0x00, 0x00, 0x00, 0x00, 0x00, 0x00, 0x00, 0x00, 0x00, 0x00, 0x00, 0x00, 0x00, 0x00, 0x00,
    0x00, 0x00, 0x00, 0x00, 0x00, 0x00, 0x00, 0x00, 0x00, 0x00, 0x00, 0x00, 0x00, 0x00, 0x00, 0x00,
    0x00, 0x00, 0x00, 0x00, 0x00, 0x00, 0x00, 0x00, 0x00, 0x00, 0x00, 0x00, 0x00, 0x00, 0x00, 0x00,
    0x00, 0x00, 0x00, 0x00, 0x00, 0x00, 0x00, 0x00, 0x00, 0x00, 0x00, 0x00, 0x00, 0x00, 0x00, 0x00,
    0x00, 0x00, 0x00, 0x00, 0x00, 0x00, 0x00, 0x00, 0x00, 0x00, 0x00, 0x00, 0x00, 0x00, 0x00, 0x00,
    0x00, 0x00, 0x00, 0x00, 0x00, 0x00, 0x00, 0x00, 0x00, 0x00, 0x00, 0x00, 0x00, 0x00, 0x00, 0x00,
    0x00, 0x00, 0x00, 0x00, 0x00, 0x00, 0x00, 0x00, 0x00, 0x00, 0x00, 0x00, 0x00, 0x00, 0x00, 0x00,
    0x00, 0x00, 0x00, 0x00, 0x00, 0x00, 0x00, 0x00, 0x00, 0x00, 0x00, 0x00, 0x00, 0x00, 0x00, 0x00,
    0x00, 0x00, 0x00, 0x00, 0x00, 0x00, 0x00, 0x00, 0x00, 0x00, 0x00, 0x00, 0x00, 0x00, 0x00, 0x00,
    0x00, 0x00, 0x00, 0x00, 0x00, 0x00, 0x00, 0x00, 0x00, 0x00, 0x00, 0x00, 0x00, 0x00, 0x00, 0x00,
    0x00, 0x00, 0x00, 0x00, 0x00, 0x00, 0x00, 0x00, 0x00, 0x00, 0x00, 0x00, 0x00, 0x00, 0x00, 0x00,
    0x00, 0x00, 0x00, 0x00, 0x00, 0x00, 0x00, 0x00, 0x00, 0x00, 0x00, 0x00, 0x00, 0x00, 0x00, 0x00,
    0x00, 0x00, 0x00, 0x00, 0x00, 0x00, 0x00, 0x00, 0x00, 0x00, 0x00, 0x00, 0x00, 0x00, 0x00, 0x00,
    0x00, 0x00, 0x00, 0x00, 0x00, 0x00, 0x00, 0x00, 0x00, 0x00, 0x00, 0x00, 0x00, 0x00, 0x00, 0x00,
    0x00, 0x00, 0x00, 0x00, 0x00, 0x00, 0x00, 0x00, 0x00, 0x00, 0x00, 0x00, 0x00, 0x00, 0x00, 0x00,
    0x00, 0x00, 0x00, 0x00, 0x00, 0x00, 0x00, 0x00, 0x00, 0x00, 0x00, 0x00, 0x00, 0x00, 0x00, 0x00,
    0x00, 0x00, 0x00, 0x00, 0x00, 0x00, 0x00, 0x00, 0x00, 0x00, 0x00, 0x00, 0x00, 0x00, 0x00, 0x00,
    0x00, 0x00, 0x00, 0x00, 0x00, 0x00, 0x00, 0x00, 0x00, 0x00, 0x00, 0x00, 0x00, 0x00, 0x00, 0x00,
    0x00, 0x00, 0x00, 0x00, 0x00, 0x00, 0x00, 0x00, 0x00, 0x00, 0x00, 0x00, 0x00, 0x00, 0x00, 0x00,
    0x00, 0x00, 0x00, 0x00, 0x00, 0x00, 0x00, 0x00, 0x00, 0x00, 0x00, 0x00, 0x00, 0x00, 0x00, 0x00,
    0x00, 0x00, 0x00, 0x00, 0x00, 0x00, 0x00, 0x00, 0x00, 0x00, 0x00, 0x00, 0x00, 0x00, 0x00, 0x00,
    0x00, 0x00, 0x00, 0x00, 0x00, 0x00, 0x00, 0x00, 0x00, 0x00, 0x00, 0x00, 0x00, 0x00, 0x00, 0x00,
    0x00, 0x00, 0x00, 0x00, 0x00, 0x00, 0x00, 0x00, 0x00, 0x00, 0x00, 0x00, 0x00, 0x00, 0x00, 0x00,
    0x00, 0x00, 0x00, 0x00, 0x00, 0x00, 0x00, 0x00, 0x00, 0x00, 0x00, 0x00, 0x00, 0x00, 0x00, 0x00,
    0x00, 0x00, 0x00, 0x00, 0x00, 0x00, 0x00, 0x00, 0x00, 0x00, 0x00, 0x00, 0x00, 0x00, 0x00, 0x00,
    0x00, 0x00, 0x00, 0x00, 0x00, 0x00, 0x00, 0x00, 0x00, 0x00, 0x00, 0x00, 0x00, 0x00, 0x00, 0x00,
    0xd0, 0x3a, 0x3f, 0xcf, 0x00, 0x00, 0x00, 0x00, 0x00, 0x00, 0x00, 0x00, 0x00, 0x00, 0x00, 0x00,
    0x00, 0x00, 0x00, 0x00, 0x00, 0x00, 0x00, 0x00, 0x00, 0x00, 0x00, 0x00, 0x00, 0x00, 0x00, 0x00,
    0x00, 0x00, 0x00, 0x00, 0x00, 0x00, 0x00, 0x00, 0xd0, 0x3a, 0x3f, 0xcf, 0x00, 0x00, 0x00, 0x00,
    0x00, 0x00, 0x00, 0x00, 0x00, 0x00, 0x00, 0x00, 0x00, 0x00, 0x00, 0x00, 0x00, 0x00, 0x00, 0x00,
    0x00, 0x00, 0xd6, 0x53, 0x00, 0x00, 0x00, 0x00, 0xd6, 0x53, 0x00, 0x00, 0x00, 0x00, 0x00, 0x00,
    0x00, 0x00, 0x00, 0x00, 0x00, 0x00, 0x00, 0x00, 0x00, 0x00, 0x00, 0x00, 0x00, 0x00, 0x00, 0x00,
    0x00, 0x00, 0x00, 0x00, 0x00, 0x00, 0x00, 0x00, 0x00, 0x00, 0xd6, 0x53, 0x00, 0x00, 0x00, 0x00,
    0x00, 0x00, 0x00, 0x00, 0x00, 0x00, 0x00, 0x00, 0x00, 0x00, 0x00, 0x00, 0x00, 0x00, 0x00, 0x00,
    0x00, 0x00, 0xd6, 0x53, 0x00, 0x00, 0x00, 0x00, 0x00, 0x00, 0x00, 0x00, 0x00, 0x00, 0x00, 0x00,
    0x00, 0x00, 0x00, 0x00, 0x00, 0x00, 0x00, 0x00, 0x00, 0x00, 0x00, 0x00, 0x00, 0x00, 0x00, 0x00,
    0x00, 0x00, 0x00, 0x00, 0x00, 0x00, 0x00, 0x00, 0x00, 0x00, 0x00, 0x00, 0x00, 0x00, 0x00, 0x00,
    0x00, 0x00, 0x00, 0x00, 0x00, 0x00, 0x00, 0x00, 0x00, 0x00, 0x00, 0x00, 0x00, 0x00, 0x00, 0x00,
    0x00, 0x00, 0x00, 0x00, 0x00, 0x00, 0x00, 0x00, 0x00, 0x00, 0xd0, 0x3a, 0x3f, 0xc7, 0x00, 0x00,
    0x00, 0x00, 0x00, 0x00, 0x00, 0x00, 0x00, 0x00, 0x00, 0x00, 0x00, 0x00, 0x00, 0x00, 0x00, 0x00,
    0x00, 0x00, 0x00, 0x00, 0x00, 0x00, 0x00, 0x00, 0x00, 0x00, 0x00, 0x00, 0x00, 0x00, 0xb5, 0x4b,
    0x00, 0x00, 0x00, 0x00, 0x00, 0x00, 0x00, 0x00, 0x00, 0x00, 0x00, 0x00, 0x00, 0x00, 0x00, 0x00,
    0x00, 0x00, 0x00, 0x00, 0x00, 0x00, 0x00, 0x00, 0x00, 0x00, 0x00, 0x00, 0x00, 0x00, 0x00, 0x00,
    0x00, 0x00, 0x00, 0x00, 0x00, 0x00, 0x00, 0x00, 0x00, 0x00, 0x00, 0x00, 0xb5, 0x4b, 0x00, 0x00,
    0x00, 0x00, 0x00, 0x00, 0x00, 0x00, 0x00, 0x00, 0x00, 0x00, 0x00, 0x00, 0x00, 0x00, 0x00, 0x00,
    0x00, 0x00, 0x00, 0x00, 0x00, 0x00, 0x00, 0x00, 0x00, 0x00, 0x00, 0x00, 0x00, 0x00, 0x00, 0x00,
    0x00, 0x00, 0x00, 0x00, 0x00, 0x00, 0x00, 0x00, 0x00, 0x00, 0xd0, 0x3a, 0x3f, 0xc7, 0x00, 0x00,
    0x00, 0x00, 0x00, 0x00, 0x00, 0x00, 0x00, 0x00, 0x00, 0x00, 0x00, 0x00, 0x00, 0x00, 0x00, 0x00,
    0x00, 0x00, 0x00, 0x00, 0x00, 0x00, 0x00, 0x00, 0x00, 0x00, 0x00, 0x00, 0x00, 0x00, 0xb5, 0x4b,
    0x00, 0x00, 0x00, 0x00, 0x00, 0x00, 0x00, 0x00, 0x00, 0x00, 0x00, 0x00, 0x00, 0x00, 0x00, 0x00,
    0x00, 0x00, 0x00, 0x00, 0x00, 0x00, 0x00, 0x00, 0x00, 0x00, 0x00, 0x00, 0x38, 0x54, 0x3f, 0xc7,
    0x00, 0x00, 0x00, 0x00, 0x00, 0x00, 0x00, 0x00, 0x00, 0x00, 0x00, 0x00, 0x00, 0x00, 0x00, 0x00,
    0x00, 0x00, 0x00, 0x00, 0x00, 0x00, 0x00, 0x00, 0x00, 0x00, 0x00, 0x00, 0x00, 0x00, 0x00, 0x00,
    0x00, 0x00, 0x00, 0x00, 0x00, 0x00, 0x00, 0x00, 0x00, 0x00, 0x00, 0x00, 0x00, 0x00, 0x00, 0x00,
    0x00, 0x00, 0x00, 0x00, 0x00, 0x00, 0x00, 0x00, 0x00, 0x00, 0x00, 0x00, 0x00, 0x00, 0xb5, 0x4b,
    0x00, 0x00, 0x00, 0x00, 0x00, 0x00, 0x00, 0x00, 0x00, 0x00, 0x00, 0x00, 0x00, 0x00, 0x00, 0x00,
    0x00, 0x00, 0x00, 0x00, 0xd0, 0x3a, 0x3f, 0xc7, 0x00, 0x00, 0x00, 0x00, 0x00, 0x00, 0x00, 0x00,
    0x00, 0x00, 0x00, 0x00, 0x00, 0x00, 0x00, 0x00, 0x00, 0x00, 0x00, 0x00, 0x00, 0x00, 0x00, 0x00,
    0x00, 0x00, 0x00, 0x00, 0x00, 0x00, 0x00, 0x00, 0x00, 0x00, 0x00, 0x00, 0x00, 0x00, 0x00, 0x00,
    0x00, 0x00, 0x00, 0x00, 0x00, 0x00, 0x00, 0x00, 0x00, 0x00, 0x00, 0x00, 0x00, 0x00, 0x00, 0x00,
    0x00, 0x00, 0x00, 0x00, 0xb5, 0x4b, 0xb5, 0x4b, 0x00, 0x00, 0xd0, 0x3a, 0x3f, 0xc7, 0x00, 0x00,
    0x00, 0x00, 0x00, 0x00, 0x00, 0x00, 0x00, 0x00, 0x00, 0x00, 0x00, 0x00, 0x00, 0x00, 0xd0, 0x3a,
    0x3f, 0xcf, 0x00, 0x00, 0x00, 0x00, 0x00, 0x00, 0x00, 0x00, 0x00, 0x00, 0x00, 0x00, 0x00, 0x00,
    0x00, 0x00, 0x00, 0x00, 0x00, 0x00, 0x00, 0x00, 0x00, 0x00, 0x00, 0x00, 0x00, 0x00, 0x00, 0x00,
    0x00, 0x00, 0x00, 0x00, 0x00, 0x00, 0x00, 0x00, 0x00, 0x00, 0x00, 0x00, 0xb5, 0x4b, 0x00, 0x00,
    0xa4, 0x10, 0xa4, 0x08, 0xa4, 0x08, 0xa4, 0x08, 0xa4, 0x10, 0xa4, 0x08, 0xa4, 0x08, 0xa4, 0x08,
    0xf6, 0x53, 0xa4, 0x08, 0xa4, 0x08, 0xa4, 0x08, 0xa4, 0x10, 0x12, 0x3b, 0x3f, 0xc7, 0xa4, 0x08,
    0xa4, 0x10, 0xa4, 0x08, 0xa4, 0x08, 0xa4, 0x08, 0xa4, 0x10, 0xa4, 0x08, 0xa4, 0x08, 0xa4, 0x08,
    0xa4, 0x10, 0xa4, 0x08, 0xa4, 0x08, 0xa4, 0x08, 0xa4, 0x10, 0xa4, 0x08, 0xa4, 0x08, 0xa4, 0x08,
    0xa4, 0x10, 0xa4, 0x08, 0xa4, 0x08, 0xa4, 0x08, 0xa4, 0x10, 0xa4, 0x08, 0xa4, 0x08, 0xa4, 0x08,
    0xa4, 0x10, 0xa4, 0x08, 0xa4, 0x08, 0xa4, 0x08, 0xa4, 0x10, 0xa4, 0x08, 0xd6, 0x53, 0xa4, 0x08,
    0xa4, 0x10, 0xa4, 0x08, 0xa4, 0x08, 0xa4, 0x08, 0xa4, 0x10, 0xa4, 0x08, 0x11, 0x3b, 0x3f, 0xc7,
    0xa4, 0x10, 0xa4, 0x08, 0xa4, 0x08, 0xa4, 0x08, 0xa4, 0x10, 0xa4, 0x08, 0xa4, 0x08, 0xa4, 0x08,
    0x00, 0x00, 0x00, 0x00, 0x00, 0x00, 0x00, 0x00, 0x00, 0x00, 0x00, 0x00, 0x00, 0x00, 0x00, 0x00,
    0x00, 0x00, 0x00, 0x00, 0x00, 0x00, 0x00, 0x00, 0x00, 0x00, 0x00, 0x00, 0x00, 0x00, 0x00, 0x00,
    0x00, 0x00, 0x00, 0x00, 0x00, 0x00, 0x00, 0x00, 0x00, 0x00, 0x00, 0x00, 0x00, 0x00, 0xb5, 0x4b,
    0x00, 0x00, 0x00, 0x00, 0x00, 0x00, 0x00, 0x00, 0x59, 0x5c, 0x3f, 0xcf, 0x00, 0x00, 0x00, 0x00,
    0x00, 0x00, 0x00, 0x00, 0x00, 0x00, 0x00, 0x00, 0x00, 0x00, 0x00, 0x00, 0x00, 0x00, 0x00, 0x00,
    0x00, 0x00, 0x00, 0x00, 0x00, 0x00, 0xd0, 0x3a, 0x3f, 0xcf, 0x00, 0x00, 0x00, 0x00, 0x00, 0x00,
    0x00, 0x00, 0x00, 0x00, 0xb5, 0x4b, 0x00, 0x00, 0x00, 0x00, 0x00, 0x00, 0x00, 0x00, 0x00, 0x00,
    0x00, 0x00, 0x00, 0x00, 0x00, 0x00, 0x00, 0x00, 0x00, 0x00, 0xd6, 0x53, 0x00, 0x00, 0x00, 0x00,
    0x00, 0x00, 0x00, 0x00, 0x00, 0x00, 0x00, 0x00, 0x00, 0x00, 0x00, 0x00, 0x00, 0x00, 0x00, 0x00,
    0x00, 0x00, 0x00, 0x00, 0xd0, 0x3a, 0x3f, 0xc7, 0xd6, 0x53, 0x00, 0x00, 0x00, 0x00, 0x00, 0x00,
    0x00, 0x00, 0x00, 0x00, 0x00, 0x00, 0x00, 0x00, 0x00, 0x00, 0x00, 0x00, 0x00, 0x00, 0x00, 0x00,
    0x00, 0x00, 0x00, 0x00, 0x00, 0x00, 0x00, 0x00, 0x00, 0x00, 0x00, 0x00, 0x00, 0x00, 0x00, 0x00,
    0x00, 0x00, 0x00, 0x00, 0x00, 0x00, 0x00, 0x00, 0x00, 0x00, 0x00, 0x00, 0x00, 0x00, 0x00, 0x00,
    0x00, 0x00, 0x00, 0x00, 0x00, 0x00, 0x00, 0x00, 0x00, 0x00, 0x00, 0x00, 0x00, 0x00, 0x00, 0x00,
    0x00, 0x00, 0x00, 0x00, 0x00, 0x00, 0x00, 0x00, 0x00, 0x00, 0x00, 0x00, 0x00, 0x00, 0x00, 0x00,
    0x00, 0x00, 0x00, 0x00, 0x00, 0x00, 0x00, 0x00, 0xd0, 0x3a, 0x3f, 0xcf, 0xd0, 0x3a, 0x3f, 0xc7,
    0x00, 0x00, 0x00, 0x00, 0x00, 0x00, 0x00, 0x00, 0x00, 0x00, 0x00, 0x00, 0x00, 0x00, 0x00, 0x00,
    0xd0, 0x3a, 0x3f, 0xcf, 0x00, 0x00, 0x00, 0x00, 0x00, 0x00, 0x00, 0x00, 0x00, 0x00, 0x00, 0x00,
    0x00, 0x00, 0x00, 0x00, 0x00, 0x00, 0x00, 0x00, 0x00, 0x00, 0x00, 0x00, 0x00, 0x00, 0x00, 0x00,
    0x00, 0x00, 0x00, 0x00, 0x00, 0x00, 0x00, 0x00, 0x00, 0x00, 0x00, 0x00, 0x00, 0x00, 0xb5, 0x4b,
    0x22, 0x21, 0x21, 0x21, 0x21, 0x21, 0x21, 0x21, 0x22, 0x21, 0x21, 0x21, 0x21, 0x21, 0x21, 0x21,
    0x22, 0x21, 0xf6, 0x53, 0x21, 0x21, 0x21, 0x21, 0x22, 0x21, 0x50, 0x4b, 0x3f, 0xc7, 0xf8, 0xff,
    0xf9, 0xff, 0x21, 0x21, 0x21, 0x21, 0x21, 0x21, 0x22, 0x21, 0x21, 0x21, 0x21, 0x21, 0x21, 0x21,
    0x22, 0x21, 0x21, 0x21, 0x21, 0x21, 0x21, 0x21, 0x22, 0x21, 0x21, 0x21, 0x21, 0x21, 0x21, 0x21,
    0x22, 0x21, 0x21, 0x21, 0x21, 0x21, 0x21, 0x21, 0x22, 0x21, 0x21, 0x21, 0x21, 0x21, 0x21, 0x21,
    0x51, 0x4b, 0x3f, 0xcf, 0x21, 0x21, 0x21, 0x21, 0x22, 0x21, 0x21, 0x21, 0x5a, 0x85, 0xf8, 0xff,
    0xf9, 0xff, 0x21, 0x21, 0x21, 0x21, 0x21, 0x21, 0x22, 0x21, 0x21, 0x21, 0x21, 0x21, 0x21, 0x21,
    0x22, 0x21, 0x21, 0x21, 0x21, 0x21, 0x21, 0x21, 0x22, 0x21, 0x21, 0x21, 0x21, 0x21, 0x21, 0x21,
    0x22, 0x21, 0x21, 0x21, 0x21, 0x21, 0x21, 0x21, 0x22, 0x21, 0x21, 0x21, 0x21, 0x21, 0x21, 0x21,
    0x22, 0x21, 0x21, 0x21, 0x21, 0x21, 0x21, 0x21, 0x22, 0x21, 0x21, 0x21, 0xf8, 0xff, 0xf8, 0xff,
    0xf9, 0xff, 0x21, 0x21, 0x21, 0x21, 0x21, 0x21, 0x22, 0x21, 0x50, 0x4b, 0x3f, 0xc7, 0x21, 0x21,
    0x22, 0x21, 0x21, 0x21, 0x21, 0x21, 0x21, 0x21, 0x22, 0x21, 0x21, 0x21, 0x30, 0x43, 0x3f, 0xc7,
    0x22, 0x21, 0x21, 0x21, 0x21, 0x21, 0x21, 0x21, 0x22, 0x21, 0x21, 0x21, 0x21, 0x21, 0x21, 0x21,
    0x22, 0x21, 0x21, 0x21, 0x21, 0x21, 0x21, 0x21, 0x22, 0x21, 0x50, 0x4b, 0x3f, 0xc7, 0xf8, 0xff,
    0xf9, 0xff, 0x21, 0x21, 0x21, 0x21, 0x21, 0x21, 0x22, 0x21, 0x21, 0x21, 0x21, 0x21, 0x21, 0x21,
    0x22, 0x21, 0x21, 0x21, 0x21, 0x21, 0x21, 0x21, 0x22, 0x21, 0x21, 0x21, 0x21, 0x21, 0xf5, 0x53,
    0x00, 0x00, 0x00, 0x00, 0x00, 0x00, 0x00, 0x00, 0x00, 0x00, 0x00, 0x00, 0x00, 0x00, 0x00, 0x00,
    0x00, 0x00, 0x00, 0x00, 0x00, 0x00, 0x00, 0x00, 0x00, 0x00, 0x00, 0x00, 0x38, 0x54, 0x3f, 0xc7,
    0x00, 0x00, 0x00, 0x00, 0x00, 0x00, 0x00, 0x00, 0x00, 0x00, 0x00, 0x00, 0x00, 0x00, 0x00, 0x00,
    0x00, 0x00, 0x00, 0x00, 0x00, 0x00, 0x00, 0x00, 0x00, 0x00, 0x00, 0x00, 0x00, 0x00, 0x00, 0x00,
    0x00, 0x00, 0x00, 0x00, 0x00, 0x00, 0x00, 0x00, 0x00, 0x00, 0x00, 0x00, 0x00, 0x00, 0x00, 0x00,
    0x00, 0x00, 0x00, 0x00, 0x00, 0x00, 0x00, 0x00, 0x00, 0x00, 0x00, 0x00, 0x00, 0x00, 0xb5, 0x4b,
    0x00, 0x00, 0x00, 0x00, 0x00, 0x00, 0x00, 0x00, 0x00, 0x00, 0x00, 0x00, 0x00, 0x00, 0x00, 0x00,
    0x00, 0x00, 0x00, 0x00, 0xd0, 0x3a, 0x3f, 0xc7, 0x00, 0x00, 0x00, 0x00, 0x00, 0x00, 0x00, 0x00,
    0x00, 0x00, 0x00, 0x00, 0x00, 0x00, 0x00, 0x00, 0x00, 0x00, 0x00, 0x00, 0x00, 0x00, 0x00, 0x00,
    0x00, 0x00, 0x00, 0x00, 0x00, 0x00, 0x00, 0x00, 0x00, 0x00, 0x00, 0x00, 0x00, 0x00, 0x00, 0x00,
    0x00, 0x00, 0x00, 0x00, 0x00, 0x00, 0x00, 0x00, 0x00, 0x00, 0x00, 0x00, 0x00, 0x00, 0x00, 0x00,
    0x00, 0x00, 0x00, 0x00, 0xb5, 0x4b, 0xb5, 0x4b, 0x00, 0x00, 0xd0, 0x3a, 0x3f, 0xc7, 0x00, 0x00,
    0x00, 0x00, 0x00, 0x00, 0x00, 0x00, 0x00, 0x00, 0x00, 0x00, 0x00, 0x00, 0x00, 0x00, 0xd0, 0x3a,
    0x3f, 0xcf, 0x00, 0x00, 0x00, 0x00, 0x00, 0x00, 0x00, 0x00, 0x00, 0x00, 0x00, 0x00, 0x00, 0x00,
    0x00, 0x00, 0x00, 0x00, 0x00, 0x00, 0x00, 0x00, 0x00, 0x00, 0x00, 0x00, 0x00, 0x00, 0x00, 0x00,
    0x00, 0x00, 0x00, 0x00, 0x00, 0x00, 0x00, 0x00, 0x00, 0x00, 0x00, 0x00, 0xb5, 0x4b, 0x00, 0x00,
    0x00, 0x00, 0x00, 0x00, 0x00, 0x00, 0x00, 0x00, 0x00, 0x00, 0x00, 0x00, 0x00, 0x00, 0x00, 0x00,
    0xd6, 0x53, 0x00, 0x00, 0x00, 0x00, 0x00, 0x00, 0x00, 0x00, 0xd0, 0x3a, 0x3f, 0xc7, 0x19, 0x75,
    0x00, 0x00, 0x00, 0x00, 0x00, 0x00, 0x00, 0x00, 0x00, 0x00, 0x00, 0x00, 0x00, 0x00, 0x00, 0x00,
    0x00, 0x00, 0x00, 0x00, 0x00, 0x00, 0x00, 0x00, 0x00, 0x00, 0x00, 0x00, 0x00, 0x00, 0x00, 0x00,
    0x00, 0x00, 0x00, 0x00, 0x00, 0x00, 0x00, 0x00, 0x00, 0x00, 0x00, 0x00, 0x00, 0x00, 0x00, 0x00,
    0x00, 0x00, 0x00, 0x00, 0x00, 0x00, 0x00, 0x00, 0x00, 0x00, 0x00, 0x00, 0xb5, 0x4b, 0x19, 0x75,
    0x00, 0x00, 0x00, 0x00, 0x00, 0x00, 0x00, 0x00, 0x00, 0x00, 0x00, 0x00, 0xd0, 0x3a, 0x3f, 0xc7,
    0x00, 0x00, 0x00, 0x00, 0x00, 0x00, 0x00, 0x00, 0x00, 0x00, 0x00, 0x00, 0x00, 0x00, 0x00, 0x00,
    0x00, 0x00, 0x00, 0x00, 0x00, 0x00, 0x00, 0x00, 0x00, 0x00, 0x00, 0x00, 0x00, 0x00, 0x00, 0x00,
    0x00, 0x00, 0x00, 0x00, 0x00, 0x00, 0x00, 0x00, 0x00, 0x00, 0x00, 0x00, 0x00, 0x00, 0x00, 0x00,
    0x00, 0x00, 0x00, 0x00, 0x00, 0x00, 0x00, 0x00, 0x00, 0x00, 0x00, 0x00, 0x00, 0x00, 0xb5, 0x4b,
    0x00, 0x00, 0x00, 0x00, 0x00, 0x00, 0x00, 0x00, 0x59, 0x5c, 0x3f, 0xcf, 0x00, 0x00, 0x00, 0x00,
    0x00, 0x00, 0x00, 0x00, 0x00, 0x00, 0x00, 0x00, 0x00, 0x00, 0x00, 0x00, 0x00, 0x00, 0x00, 0x00,
    0x00, 0x00, 0x00, 0x00, 0x00, 0x00, 0xd0, 0x3a, 0x3f, 0xcf, 0x00, 0x00, 0x00, 0x00, 0x00, 0x00,
    0x00, 0x00, 0x00, 0x00, 0xb5, 0x4b, 0x00, 0x00, 0x00, 0x00, 0x00, 0x00, 0x00, 0x00, 0x00, 0x00,
    0x00, 0x00, 0x00, 0x00, 0x00, 0x00, 0x00, 0x00, 0x00, 0x00, 0xd6, 0x53, 0x00, 0x00, 0x00, 0x00,
    0x00, 0x00, 0x00, 0x00, 0x00, 0x00, 0x00, 0x00, 0x00, 0x00, 0x00, 0x00, 0x00, 0x00, 0x00, 0x00,
    0x00, 0x00, 0x00, 0x00, 0xd0, 0x3a, 0x3f, 0xc7, 0xd6, 0x53, 0x00, 0x00, 0x00, 0x00, 0x00, 0x00,
    0x00, 0x00, 0x00, 0x00, 0x00, 0x00, 0x00, 0x00, 0x00, 0x00, 0x00, 0x00, 0x00, 0x00, 0x00, 0x00,
    0x00, 0x00, 0x00, 0x00, 0x00, 0x00, 0x00, 0x00, 0x00, 0x00, 0x00, 0x00, 0x00, 0x00, 0x00, 0x00,
    0x00, 0x00, 0x00, 0x00, 0x00, 0x00, 0x00, 0x00, 0x00, 0x00, 0x00, 0x00, 0x00, 0x00, 0x00, 0x00,
    0x00, 0x00, 0x00, 0x00, 0x00, 0x00, 0x00, 0x00, 0x00, 0x00, 0x00, 0x00, 0x00, 0x00, 0x00, 0x00,
    0x00, 0x00, 0x00, 0x00, 0x00, 0x00, 0x00, 0x00, 0x00, 0x00, 0x00, 0x00, 0x00, 0x00, 0x00, 0x00,
    0x00, 0x00, 0x00, 0x00, 0x00, 0x00, 0x00, 0x00, 0xd0, 0x3a, 0x3f, 0xcf, 0xd0, 0x3a, 0x3f, 0xc7,
    0x00, 0x00, 0x00, 0x00, 0x00, 0x00, 0x00, 0x00, 0x00, 0x00, 0x00, 0x00, 0x00, 0x00, 0x00, 0x00,
    0xd0, 0x3a, 0x3f, 0xcf, 0x00, 0x00, 0x00, 0x00, 0x00, 0x00, 0x00, 0x00, 0x00, 0x00, 0x00, 0x00,
    0x00, 0x00, 0x00, 0x00, 0x00, 0x00, 0x00, 0x00, 0x00, 0x00, 0x00, 0x00, 0x00, 0x00, 0x00, 0x00,
    0x00, 0x00, 0x00, 0x00, 0x00, 0x00, 0x00, 0x00, 0x00, 0x00, 0x00, 0x00, 0x00, 0x00, 0xb5, 0x4b,
    0x00, 0x00, 0x00, 0x00, 0x00, 0x00, 0x00, 0x00, 0x00, 0x00, 0x00, 0x00, 0x00, 0x00, 0x00, 0x00,
    0x00, 0x00, 0xd6, 0x53, 0x00, 0x00, 0x00, 0x00, 0x00, 0x00, 0xd0, 0x3a, 0x3f, 0xc7, 0x00, 0x00,
    0x00, 0x00, 0x00, 0x00, 0x00, 0x00, 0x00, 0x00, 0x00, 0x00, 0x00, 0x00, 0x00, 0x00, 0x00, 0x00,
    0x00, 0x00, 0x00, 0x00, 0x00, 0x00, 0x00, 0x00, 0x00, 0x00, 0x00, 0x00, 0x00, 0x00, 0x00, 0x00,
    0x00, 0x00, 0x00, 0x00, 0x00, 0x00, 0x00, 0x00, 0x00, 0x00, 0x00, 0x00, 0x00, 0x00, 0x00, 0x00,
    0xd0, 0x3a, 0x3f, 0xcf, 0x00, 0x00, 0x00, 0x00, 0x00, 0x00, 0x00, 0x00, 0xb5, 0x4b, 0x00, 0x00,
    0x00, 0x00, 0x00, 0x00, 0x00, 0x00, 0x00, 0x00, 0x00, 0x00, 0x00, 0x00, 0x00, 0x00, 0x00, 0x00,
    0x00, 0x00, 0x00, 0x00, 0x00, 0x00, 0x00, 0x00, 0x00, 0x00, 0x00, 0x00, 0x00, 0x00, 0x00, 0x00,
    0x00, 0x00, 0x00, 0x00, 0x00, 0x00, 0x00, 0x00, 0x00, 0x00, 0x00, 0x00, 0x00, 0x00, 0x00, 0x00,
    0x00, 0x00, 0x00, 0x00, 0x00, 0x00, 0x00, 0x00, 0x00, 0x00, 0x00, 0x00, 0x00, 0x00, 0x00, 0x00,
    0x00, 0x00, 0x00, 0x00, 0x00, 0x00, 0x00, 0x00, 0x00, 0x00, 0xd0, 0x3a, 0x3f, 0xc7, 0x00, 0x00,
    0x00, 0x00, 0x00, 0x00, 0x00, 0x00, 0x00, 0x00, 0x00, 0x00, 0x00, 0x00, 0xd0, 0x3a, 0x3f, 0xc7,
    0x00, 0x00, 0x00, 0x00, 0x00, 0x00, 0x00, 0x00, 0x00, 0x00, 0x00, 0x00, 0x00, 0x00, 0x00, 0x00,
    0x00, 0x00, 0x00, 0x00, 0x00, 0x00, 0x00, 0x00, 0x00, 0x00, 0xd0, 0x3a, 0x3f, 0xc7, 0x00, 0x00,
    0x00, 0x00, 0x00, 0x00, 0x00, 0x00, 0x00, 0x00, 0x00, 0x00, 0x00, 0x00, 0x00, 0x00, 0x00, 0x00,
    0x00, 0x00, 0x00, 0x00, 0x00, 0x00, 0x00, 0x00, 0x00, 0x00, 0x00, 0x00, 0x00, 0x00, 0xb5, 0x4b,
    0x00, 0x00, 0x00, 0x00, 0x00, 0x00, 0x00, 0x00, 0x00, 0x00, 0x00, 0x00, 0x00, 0x00, 0x00, 0x00,
    0x00, 0x00, 0x00, 0x00, 0x00, 0x00, 0x00, 0x00, 0x00, 0x00, 0x00, 0x00, 0x38, 0x54, 0x3f, 0xc7,
    0x00, 0x00, 0x00, 0x00, 0x00, 0x00, 0x00, 0x00, 0x00, 0x00, 0x00, 0x00, 0x00, 0x00, 0x00, 0x00,
    0x00, 0x00, 0x00, 0x00, 0x00, 0x00, 0x00, 0x00, 0x00, 0x00, 0x00, 0x00, 0x00, 0x00, 0x00, 0x00,
    0x00, 0x00, 0x00, 0x00, 0x00, 0x00, 0x00, 0x00, 0x00, 0x00, 0x00, 0x00, 0x00, 0x00, 0x00, 0x00,
    0x00, 0x00, 0x00, 0x00, 0x00, 0x00, 0x00, 0x00, 0x00, 0x00, 0x00, 0x00, 0x00, 0x00, 0xb5, 0x4b,
    0x00, 0x00, 0x00, 0x00, 0x00, 0x00, 0x00, 0x00, 0x00, 0x00, 0x00, 0x00, 0x00, 0x00, 0x00, 0x00,
    0x00, 0x00, 0x00, 0x00, 0xd0, 0x3a, 0x3f, 0xc7, 0x00, 0x00, 0x00, 0x00, 0x00, 0x00, 0x00, 0x00,
    0x00, 0x00, 0x00, 0x00, 0x00, 0x00, 0x00, 0x00, 0x00, 0x00, 0x00, 0x00, 0x00, 0x00, 0x00, 0x00,
    0x00, 0x00, 0x00, 0x00, 0x00, 0x00, 0x00, 0x00, 0x00, 0x00, 0x00, 0x00, 0x00, 0x00, 0x00, 0x00,
    0x00, 0x00, 0x00, 0x00, 0x00, 0x00, 0x00, 0x00, 0x00, 0x00, 0x00, 0x00, 0x00, 0x00, 0x00, 0x00,
    0x00, 0x00, 0x00, 0x00, 0xb5, 0x4b, 0xb5, 0x4b, 0x00, 0x00, 0xd0, 0x3a, 0x3f, 0xc7, 0x00, 0x00,
    0x00, 0x00, 0x00, 0x00, 0x00, 0x00, 0x00, 0x00, 0x00, 0x00, 0x00, 0x00, 0x00, 0x00, 0xd0, 0x3a,
    0x3f, 0xcf, 0x00, 0x00, 0x00, 0x00, 0x00, 0x00, 0x00, 0x00, 0x00, 0x00, 0x00, 0x00, 0x00, 0x00,
    0x00, 0x00, 0x00, 0x00, 0x00, 0x00, 0x00, 0x00, 0x00, 0x00, 0x00, 0x00, 0x00, 0x00, 0x00, 0x00,
    0x00, 0x00, 0x00, 0x00, 0x00, 0x00, 0x00, 0x00, 0x00, 0x00, 0x00, 0x00, 0xb5, 0x4b, 0x00, 0x00,
    0x00, 0x00, 0x00, 0x00, 0x00, 0x00, 0x00, 0x00, 0x00, 0x00, 0x00, 0x00, 0x00, 0x00, 0x00, 0x00,
    0xd6, 0x53, 0x00, 0x00, 0x00, 0x00, 0x00, 0x00, 0x00, 0x00, 0xd0, 0x3a, 0x3f, 0xc7, 0x00, 0x00,
    0x00, 0x00, 0x00, 0x00, 0x00, 0x00, 0x00, 0x00, 0x00, 0x00, 0x00, 0x00, 0x00, 0x00, 0x00, 0x00,
    0x00, 0x00, 0x00, 0x00, 0x00, 0x00, 0x00, 0x00, 0x00, 0x00, 0x00, 0x00, 0x00, 0x00, 0x00, 0x00,
    0x00, 0x00, 0x00, 0x00, 0x00, 0x00, 0x00, 0x00, 0x00, 0x00, 0x00, 0x00, 0x00, 0x00, 0x00, 0x00,
    0x00, 0x00, 0x00, 0x00, 0x00, 0x00, 0x00, 0x00, 0x00, 0x00, 0x00, 0x00, 0xb5, 0x4b, 0x00, 0x00,
    0x00, 0x00, 0x00, 0x00, 0x00, 0x00, 0x00, 0x00, 0x00, 0x00, 0x00, 0x00, 0xd0, 0x3a, 0x3f, 0xc7,
    0x00, 0x00, 0x00, 0x00, 0x00, 0x00, 0x00, 0x00, 0x00, 0x00, 0x00, 0x00, 0x00, 0x00, 0x00, 0x00,
    0x00, 0x00, 0x00, 0x00, 0x00, 0x00, 0x00, 0x00, 0x00, 0x00, 0x00, 0x00, 0x00, 0x00, 0x00, 0x00,
    0x00, 0x00, 0x00, 0x00, 0x00, 0x00, 0x00, 0x00, 0x00, 0x00, 0x00, 0x00, 0x00, 0x00, 0x00, 0x00,
    0x00, 0x00, 0x00, 0x00, 0x00, 0x00, 0x00, 0x00, 0x00, 0x00, 0x00, 0x00, 0x00, 0x00, 0xb5, 0x4b,
    0x00, 0x00, 0x00, 0x00, 0x00, 0x00, 0x00, 0x00, 0x59, 0x5c, 0x3f, 0xcf, 0x00, 0x00, 0x00, 0x00,
    0x00, 0x00, 0x00, 0x00, 0x00, 0x00, 0x00, 0x00, 0x00, 0x00, 0x00, 0x00, 0x00, 0x00, 0x00, 0x00,
    0x00, 0x00, 0x00, 0x00, 0x00, 0x00, 0x00, 0x00, 0x00, 0x00, 0x00, 0x00, 0x00, 0x00, 0x00, 0x00,
    0x00, 0x00, 0x00, 0x00, 0xb5, 0x4b, 0x00, 0x00, 0x00, 0x00, 0x00, 0x00, 0x00, 0x00, 0x00, 0x00,
    0x00, 0x00, 0x00, 0x00, 0x00, 0x00, 0x00, 0x00, 0x00, 0x00, 0xd6, 0x53, 0x00, 0x00, 0x00, 0x00,
    0x00, 0x00, 0x00, 0x00, 0x00, 0x00, 0x00, 0x00, 0x00, 0x00, 0x00, 0x00, 0x00, 0x00, 0x00, 0x00,
    0x00, 0x00, 0x00, 0x00, 0x00, 0x00, 0x00, 0x00, 0x00, 0x00, 0x00, 0x00, 0x00, 0x00, 0x00, 0x00,
    0x00, 0x00, 0x00, 0x00, 0x00, 0x00, 0x00, 0x00, 0x00, 0x00, 0x00, 0x00, 0x00, 0x00, 0x00, 0x00,
    0x00, 0x00, 0x00, 0x00, 0x00, 0x00, 0x00, 0x00, 0x00, 0x00, 0x00, 0x00, 0x00, 0x00, 0x00, 0x00,
    0x00, 0x00, 0x00, 0x00, 0x00, 0x00, 0x00, 0x00, 0x00, 0x00, 0x00, 0x00, 0x00, 0x00, 0x00, 0x00,
    0x00, 0x00, 0x00, 0x00, 0x00, 0x00, 0x00, 0x00, 0x00, 0x00, 0x00, 0x00, 0x00, 0x00, 0x00, 0x00,
    0x00, 0x00, 0x00, 0x00, 0x00, 0x00, 0x00, 0x00, 0x00, 0x00, 0x00, 0x00, 0x00, 0x00, 0x00, 0x00,
    0x00, 0x00, 0x00, 0x00, 0x00, 0x00, 0x00, 0x00, 0x00, 0x00, 0x00, 0x00, 0x00, 0x00, 0x00, 0x00,
    0x00, 0x00, 0x00, 0x00, 0x00, 0x00, 0x00, 0x00, 0x00, 0x00, 0x00, 0x00, 0x00, 0x00, 0x00, 0x00,
    0x00, 0x00, 0x00, 0x00, 0x00, 0x00, 0x00, 0x00, 0x00, 0x00, 0x00, 0x00, 0x00, 0x00, 0x00, 0x00,
    0x00, 0x00, 0x00, 0x00, 0x00, 0x00, 0x00, 0x00, 0x00, 0x00, 0x00, 0x00, 0x00, 0x00, 0x00, 0x00,
    0x00, 0x00, 0x00, 0x00, 0x00, 0x00, 0x00, 0x00, 0x00, 0x00, 0x00, 0x00, 0x00, 0x00, 0x00, 0x00,
    0x00, 0x00, 0x00, 0x00, 0x00, 0x00, 0x00, 0x00, 0x00, 0x00, 0x00, 0x00, 0x00, 0x00, 0x00, 0x00,
    0x00, 0x00, 0x00, 0x00, 0x00, 0x00, 0x00, 0x00, 0x00, 0x00, 0x00, 0x00, 0x00, 0x00, 0x00, 0x00,
    0x00, 0x00, 0x00, 0x00, 0x00, 0x00, 0x00, 0x00, 0x00, 0x00, 0x00, 0x00, 0x00, 0x00, 0x00, 0x00,
    0x00, 0x00, 0x00, 0x00, 0x00, 0x00, 0x00, 0x00, 0x00, 0x00, 0x00, 0x00, 0x00, 0x00, 0x00, 0x00,
    0x00, 0x00, 0x00, 0x00, 0x00, 0x00, 0x00, 0x00, 0x00, 0x00, 0x00, 0x00, 0x00, 0x00, 0x00, 0x00,
    0x00, 0x00, 0x00, 0x00, 0x00, 0x00, 0x00, 0x00, 0x00, 0x00, 0x00, 0x00, 0x00, 0x00, 0x00, 0x00,
    0x00, 0x00, 0x00, 0x00, 0x00, 0x00, 0x00, 0x00, 0x00, 0x00, 0x00, 0x00, 0x00, 0x00, 0x00, 0x00,
    0x00, 0x00, 0x00, 0x00, 0x00, 0x00, 0x00, 0x00, 0x00, 0x00, 0x00, 0x00, 0x00, 0x00, 0x00, 0x00,
    0x00, 0x00, 0x00, 0x00, 0x00, 0x00, 0x00, 0x00, 0x00, 0x00, 0x00, 0x00, 0x00, 0x00, 0x00, 0x00,
    0x00, 0x00, 0x00, 0x00, 0x00, 0x00, 0x00, 0x00, 0x00, 0x00, 0x00, 0x00, 0x00, 0x00, 0x00, 0x00,
    0x00, 0x00, 0x00, 0x00, 0x00, 0x00, 0x00, 0x00, 0x00, 0x00, 0x00, 0x00, 0x00, 0x00, 0x00, 0x00,
    0x00, 0x00, 0x00, 0x00, 0x00, 0x00, 0x00, 0x00, 0x00, 0x00, 0x00, 0x00, 0x00, 0x00, 0x00, 0x00,
    0x00, 0x00, 0x00, 0x00, 0x00, 0x00, 0x00, 0x00, 0x00, 0x00, 0x00, 0x00, 0x00, 0x00, 0x00, 0x00,
    0x00, 0x00, 0x00, 0x00, 0x00, 0x00, 0x00, 0x00, 0x00, 0x00, 0x00, 0x00, 0x00, 0x00, 0x00, 0x00,
    0x00, 0x00, 0x00, 0x00, 0x00, 0x00, 0x00, 0x00, 0x00, 0x00, 0x00, 0x00, 0x00, 0x00, 0x00, 0x00,
    0x00, 0x00, 0x00, 0x00, 0x00, 0x00, 0x00, 0x00, 0x00, 0x00, 0x00, 0x00, 0x00, 0x00, 0x00, 0x00,
    0x00, 0x00, 0x00, 0x00, 0x00, 0x00, 0x00, 0x00, 0x00, 0x00, 0x00, 0x00, 0x00, 0x00, 0x00, 0x00,
    0x00, 0x00, 0x00, 0x00, 0x00, 0x00, 0x00, 0x00, 0x00, 0x00, 0x00, 0x00, 0x00, 0x00, 0x00, 0x00,
    0x00, 0x00, 0x00, 0x00, 0x00, 0x00, 0x00, 0x00, 0x00, 0x00, 0x00, 0x00, 0x00, 0x00, 0x00, 0x00,
    0x00, 0x00, 0x00, 0x00, 0x00, 0x00, 0x00, 0x00, 0x00, 0x00, 0x00, 0x00, 0x00, 0x00, 0x00, 0x00,
    0x00, 0x00, 0x00, 0x00, 0x00, 0x00, 0x00, 0x00, 0x00, 0x00, 0x00, 0x00, 0x00, 0x00, 0x00, 0x00,
    0x00, 0x00, 0x00, 0x00, 0x00, 0x00, 0x00, 0x00, 0x00, 0x00, 0x00, 0x00, 0x00, 0x00, 0x00, 0x00,
    0x00, 0x00, 0x00, 0x00, 0x00, 0x00, 0x00, 0x00, 0x00, 0x00, 0x00, 0x00, 0x00, 0x00, 0x00, 0x00,
    0x00, 0x00, 0x00, 0x00, 0x00, 0x00, 0x00, 0x00, 0x00, 0x00, 0x00, 0x00, 0x00, 0x00, 0x00, 0x00,
    0x00, 0x00, 0x00, 0x00, 0x00, 0x00, 0x00, 0x00, 0x00, 0x00, 0x00, 0x00, 0x00, 0x00, 0x00, 0x00,
    0x00, 0x00, 0x00, 0x00, 0x00, 0x00, 0x00, 0x00, 0x00, 0x00, 0x00, 0x00, 0x00, 0x00, 0x00, 0x00,
    0x00, 0x00, 0x00, 0x00, 0x00, 0x00, 0x00, 0x00, 0x00, 0x00, 0x00, 0x00, 0x00, 0x00, 0x00, 0x00,
    0x00, 0x00, 0x00, 0x00, 0x00, 0x00, 0x00, 0x00, 0x00, 0x00, 0x00, 0x00, 0x00, 0x00, 0x00, 0x00,
    0x00, 0x00, 0x00, 0x00, 0x00, 0x00, 0x00, 0x00, 0x00, 0x00, 0x00, 0x00, 0x00, 0x00, 0x00, 0x00,
    0x00, 0x00, 0x00, 0x00, 0x00, 0x00, 0x00, 0x00, 0x00, 0x00, 0x00, 0x00, 0x00, 0x00, 0x00, 0x00,
    0x00, 0x00, 0x00, 0x00, 0x00, 0x00, 0x00, 0x00, 0x00, 0x00, 0x00, 0x00, 0x00, 0x00, 0x00, 0x00,
    0x00, 0x00, 0x00, 0x00, 0x00, 0x00, 0x00, 0x00, 0x00, 0x00, 0x00, 0x00, 0x00, 0x00, 0x00, 0x00,
    0x00, 0x00, 0x00, 0x00, 0x00, 0x00, 0x00, 0x00, 0x00, 0x00, 0x00, 0x00, 0x00, 0x00, 0x00, 0x00,
    0x00, 0x00, 0x00, 0x00, 0x00, 0x00, 0x00, 0x00, 0x00, 0x00, 0x00, 0x00, 0x00, 0x00, 0x00, 0x00,
    0x00, 0x00, 0x00, 0x00, 0x00, 0x00, 0x00, 0x00, 0x00, 0x00, 0x00, 0x00, 0x00, 0x00, 0x00, 0x00,
    0x00, 0x00, 0x00, 0x00, 0x00, 0x00, 0x00, 0x00, 0x00, 0x00, 0x00, 0x00, 0x00, 0x00, 0x00, 0x00,
    0x00, 0x00, 0x00, 0x00, 0x00, 0x00, 0x00, 0x00, 0x00, 0x00, 0x00, 0x00, 0x00, 0x00, 0x00, 0x00,
    0x00, 0x00, 0x00, 0x00, 0x00, 0x00, 0x00, 0x00, 0x00, 0x00, 0x00, 0x00, 0x00, 0x00, 0x00, 0x00,
    0x00, 0x00, 0x00, 0x00, 0x00, 0x00, 0x00, 0x00, 0x00, 0x00, 0x00, 0x00, 0x00, 0x00, 0x00, 0x00,
    0x00, 0x00, 0x00, 0x00, 0x00, 0x00, 0x00, 0x00, 0x00, 0x00, 0x00, 0x00, 0x00, 0x00, 0x00, 0x00,
    0x00, 0x00, 0x00, 0x00, 0x00, 0x00, 0x00, 0x00, 0x00, 0x00, 0x00, 0x00, 0x00, 0x00, 0x00, 0x00,
    0x00, 0x00, 0x00, 0x00, 0x00, 0x00, 0x00, 0x00, 0x00, 0x00, 0x00, 0x00, 0x00, 0x00, 0x00, 0x00,
    0x00, 0x00, 0x00, 0x00, 0x00, 0x00, 0x00, 0x00, 0x00, 0x00, 0x00, 0x00, 0x00, 0x00, 0x00, 0x00,
    0x00, 0x00, 0x00, 0x00, 0x00, 0x00, 0x00, 0x00, 0x00, 0x00, 0x00, 0x00, 0x00, 0x00, 0x00, 0x00,
    0x00, 0x00, 0x00, 0x00, 0x00, 0x00, 0x00, 0x00, 0x00, 0x00, 0x00, 0x00, 0x00, 0x00, 0x00, 0x00,
    0x00, 0x00, 0x00, 0x00, 0x00, 0x00, 0x00, 0x00, 0x00, 0x00, 0x00, 0x00, 0x00, 0x00, 0x00, 0x00,
    0x00, 0x00, 0x00, 0x00, 0x00, 0x00, 0x00, 0x00, 0x00, 0x00, 0x00, 0x00, 0x00, 0x00, 0x00, 0x00,
    0x00, 0x00, 0x00, 0x00, 0x00, 0x00, 0x00, 0x00, 0x00, 0x00, 0x00, 0x00, 0x00, 0x00, 0x00, 0x00,
    0x00, 0x00, 0x00, 0x00, 0x00, 0x00, 0x00, 0x00, 0x00, 0x00, 0x00, 0x00, 0x00, 0x00, 0x00, 0x00,
    0x00, 0x00, 0x00, 0x00, 0x00, 0x00, 0x00, 0x00, 0x00, 0x00, 0x00, 0x00, 0x00, 0x00, 0x00, 0x00,
    0x00, 0x00, 0x00, 0x00, 0x00, 0x00, 0x00, 0x00, 0x00, 0x00, 0x00, 0x00, 0x00, 0x00, 0x00, 0x00,
    0x00, 0x00, 0x00, 0x00, 0x00, 0x00, 0x00, 0x00, 0x00, 0x00, 0x00, 0x00, 0x00, 0x00, 0x00, 0x00,
    0x00, 0x00, 0x00, 0x00, 0x00, 0x00, 0x00, 0x00, 0x00, 0x00, 0x00, 0x00, 0x00, 0x00, 0x00, 0x00,
    0x00, 0x00, 0x00, 0x00, 0x00, 0x00, 0x00, 0x00, 0x00, 0x00, 0x00, 0x00, 0x00, 0x00, 0x00, 0x00,
    0x00, 0x00, 0x00, 0x00, 0x00, 0x00, 0x00, 0x00, 0x00, 0x00, 0x00, 0x00, 0x00, 0x00, 0x00, 0x00,
    0x00, 0x00, 0x00, 0x00, 0x00, 0x00, 0x00, 0x00, 0x00, 0x00, 0x00, 0x00, 0x00, 0x00, 0x00, 0x00,
    0x00, 0x00, 0x00, 0x00, 0x00, 0x00, 0x00, 0x00, 0x00, 0x00, 0x00, 0x00, 0x00, 0x00, 0x00, 0x00,
    0x00, 0x00, 0xd0, 0x3a, 0x3f, 0xcf, 0x00, 0x00, 0xd0, 0x3a, 0x3f, 0xcf, 0x00, 0x00, 0x00, 0x00,
    0x00, 0x00, 0x00, 0x00, 0x00, 0x00, 0x00, 0x00, 0x00, 0x00, 0x00, 0x00, 0x00, 0x00, 0x00, 0x00,
    0x00, 0x00, 0x00, 0x00, 0x00, 0x00, 0x00, 0x00, 0x00, 0x00, 0xd0, 0x3a, 0x3f, 0xcf, 0x00, 0x00,
    0x00, 0x00, 0x00, 0x00, 0x00, 0x00, 0x00, 0x00, 0x00, 0x00, 0x00, 0x00, 0x00, 0x00, 0x00, 0x00,
    0x00, 0x00, 0xd0, 0x3a, 0x3f, 0xcf, 0x00, 0x00, 0x00, 0x00, 0x00, 0x00, 0x00, 0x00, 0x00, 0x00,
    0x00, 0x00, 0x00, 0x00, 0x00, 0x00, 0x00, 0x00, 0x00, 0x00, 0x00, 0x00, 0x00, 0x00, 0x00, 0x00,
    0x00, 0x00, 0x00, 0x00, 0x00, 0x00, 0x00, 0x00, 0x00, 0x00, 0xd6, 0x53, 0x00, 0x00, 0x00, 0x00,
    0x00, 0x00, 0x00, 0x00, 0x00, 0x00, 0x00, 0x00, 0x00, 0x00, 0x00, 0x00, 0x00, 0x00, 0x00, 0x00,
    0x00, 0x00, 0xd6, 0x53, 0x00, 0x00, 0x00, 0x00, 0x00, 0x00, 0x00, 0x00, 0x00, 0x00, 0x00, 0x00,
    0x00, 0x00, 0x00, 0x00, 0x00, 0x00, 0x00, 0x00, 0x00, 0x00, 0x00, 0x00, 0x00, 0x00, 0x00, 0x00,
    0x00, 0x00, 0x00, 0x00, 0x00, 0x00, 0x00, 0x00, 0x00, 0x00, 0x00, 0x00, 0x00, 0x00, 0xd0, 0x3a,
    0x00, 0x00, 0x00, 0x00, 0x00, 0x00, 0x00, 0x00, 0x00, 0x00, 0x00, 0x00, 0x00, 0x00, 0x00, 0x00,
    0x00, 0x00, 0x00, 0x00, 0x00, 0x00, 0xb5, 0x4b, 0x00, 0x00, 0x00, 0x00, 0xd6, 0x53, 0x00, 0x00,
    0x00, 0x00, 0x00, 0x00, 0x00, 0x00, 0x00, 0x00, 0x00, 0x00, 0x00, 0x00, 0xd0, 0x3a, 0x3f, 0xc7,
    0x00, 0x00, 0x00, 0x00, 0x00, 0x00, 0x00, 0x00, 0x00, 0x00, 0x00, 0x00, 0x00, 0x00, 0x00, 0x00,
    0x00, 0x00, 0x00, 0x00, 0x00, 0x00, 0x00, 0x00, 0x00, 0x00, 0x00, 0x00, 0x00, 0x00, 0x00, 0x00,
    0x00, 0x00, 0x00, 0x00, 0x00, 0x00, 0x00, 0x00, 0x00, 0x00, 0x00, 0x00, 0x00, 0x00, 0x00, 0x00,
    0x00, 0x00, 0x00, 0x00, 0x00, 0x00, 0x00, 0x00, 0x00, 0x00, 0x00, 0x00, 0xd6, 0x53, 0x00, 0x00,
    0x00, 0x00, 0x00, 0x00, 0x00, 0x00, 0x00, 0x00, 0x00, 0x00, 0x00, 0x00, 0x00, 0x00, 0xd0, 0x3a,
    0x00, 0x00, 0x00, 0x00, 0x00, 0x00, 0x00, 0x00, 0x00, 0x00, 0x00, 0x00, 0x00, 0x00, 0x00, 0x00,
    0x00, 0x00, 0x00, 0x00, 0x00, 0x00, 0x00, 0x00, 0x00, 0x00, 0x00, 0x00, 0xd0, 0x3a, 0x3f, 0xc7,
    0x00, 0x00, 0x00, 0x00, 0x00, 0x00, 0x00, 0x00, 0x00, 0x00, 0x00, 0x00, 0x00, 0x00, 0x00, 0x00,
    0x00, 0x00, 0x00, 0x00, 0x00, 0x00, 0x00, 0x00, 0x00, 0x00, 0x00, 0x00, 0x00, 0x00, 0xb5, 0x4b,
    0x00, 0x00, 0x00, 0x00, 0x00, 0x00, 0x00, 0x00, 0x00, 0x00, 0x00, 0x00, 0x00, 0x00, 0x00, 0x00,
    0x00, 0x00, 0x00, 0x00, 0x00, 0x00, 0x00, 0x00, 0x00, 0x00, 0x00, 0x00, 0xd6, 0x53, 0xd0, 0x3a,
    0x3f, 0xc7, 0x00, 0x00, 0x00, 0x00, 0x00, 0x00, 0x00, 0x00, 0x00, 0x00, 0x00, 0x00, 0x00, 0x00,
    0x00, 0x00, 0x00, 0x00, 0x00, 0x00, 0x00, 0x00, 0x00, 0x00, 0x00, 0x00, 0x00, 0x00, 0x00, 0x00,
    0x00, 0x00, 0x00, 0x00, 0x00, 0x00, 0x00, 0x00, 0x00, 0x00, 0x00, 0x00, 0x00, 0x00, 0x00, 0x00,
    0x00, 0x00, 0x00, 0x00, 0x00, 0x00, 0x00, 0x00, 0x00, 0x00, 0x00, 0x00, 0x00, 0x00, 0x00, 0x00,
    0x00, 0x00, 0x00, 0x00, 0x00, 0x00, 0x00, 0x00, 0x00, 0x00, 0x00, 0x00, 0x00, 0x00, 0x00, 0x00,
    0x00, 0x00, 0x00, 0x00, 0xd0, 0x3a, 0x3f, 0xc7, 0x3f, 0xc7, 0x00, 0x00, 0x00, 0x00, 0x00, 0x00,
    0x00, 0x00, 0x00, 0x00, 0x00, 0x00, 0x00, 0x00, 0x00, 0x00, 0x00, 0x00, 0x00, 0x00, 0x00, 0x00,
    0x00, 0x00, 0x00, 0x00, 0x00, 0x00, 0x00, 0x00, 0x00, 0x00, 0x00, 0x00, 0x00, 0x00, 0x00, 0x00,
    0x00, 0x00, 0x00, 0x00, 0x00, 0x00, 0x00, 0x00, 0x00, 0x00, 0x00, 0x00, 0x00, 0x00, 0x00, 0x00,
    0x00, 0x00, 0x00, 0x00, 0xd6, 0x53, 0xb5, 0x4b, 0x00, 0x00, 0x00, 0x00, 0xd0, 0x3a, 0x3f, 0xc7,
    0xa4, 0x08, 0xa4, 0x10, 0xa4, 0x08, 0xa4, 0x08, 0xa4, 0x08, 0xa4, 0x10, 0xa4, 0x08, 0xa4, 0x08,
    0x11, 0x3b, 0x3f, 0xcf, 0xa4, 0x08, 0xa4, 0x08, 0xa4, 0x08, 0xa4, 0x10, 0xa4, 0x08, 0xa4, 0x08,
    0xa4, 0x08, 0xa4, 0x10, 0xa4, 0x08, 0xa4, 0x08, 0xa4, 0x08, 0xa4, 0x10, 0xa4, 0x08, 0xa4, 0x08,
    0xa4, 0x08, 0xa4, 0x10, 0xa4, 0x08, 0xa4, 0x08, 0xa4, 0x08, 0xa4, 0x10, 0xf6, 0x53, 0xa4, 0x08,
    0xa4, 0x08, 0xa4, 0x10, 0xa4, 0x08, 0xa4, 0x08, 0xa4, 0x08, 0xa4, 0x10, 0xa4, 0x08, 0xa4, 0x08,
    0xd6, 0x4b, 0xa4, 0x10, 0xa4, 0x08, 0xa4, 0x08, 0xa4, 0x08, 0xa4, 0x10, 0x12, 0x3b, 0x3f, 0xc7,
    0xa4, 0x08, 0xa4, 0x10, 0xa4, 0x08, 0xa4, 0x08, 0xa4, 0x08, 0xa4, 0x10, 0xa4, 0x08, 0xa4, 0x08,
    0xa4, 0x08, 0xa4, 0x10, 0xa4, 0x08, 0xa4, 0x08, 0xa4, 0x08, 0xa4, 0x10, 0xa4, 0x08, 0xa4, 0x08,
    0x00, 0x00, 0x00, 0x00, 0x00, 0x00, 0x00, 0x00, 0x00, 0x00, 0x00, 0x00, 0x00, 0x00, 0x00, 0x00,
    0x00, 0x00, 0x00, 0x00, 0x00, 0x00, 0x00, 0x00, 0x00, 0x00, 0x00, 0x00, 0x00, 0x00, 0x00, 0x00,
    0x00, 0x00, 0x00, 0x00, 0x00, 0x00, 0x00, 0x00, 0x00, 0x00, 0x00, 0x00, 0x00, 0x00, 0xd0, 0x3a,
    0x3f, 0xc7, 0x00, 0x00, 0x00, 0x00, 0x00, 0x00, 0xd0, 0x3a, 0x3f, 0xcf, 0x00, 0x00, 0x00, 0x00,
    0x00, 0x00, 0x00, 0x00, 0x00, 0x00, 0x00, 0x00, 0x00, 0x00, 0x00, 0x00, 0x00, 0x00, 0x00, 0x00,
    0x00, 0x00, 0x00, 0x00, 0x00, 0x00, 0x00, 0x00, 0x00, 0x00, 0x00, 0x00, 0x00, 0x00, 0x00, 0x00,
    0x00, 0x00, 0x00, 0x00, 0xd0, 0x3a, 0x3f, 0xc7, 0x00, 0x00, 0x00, 0x00, 0x00, 0x00, 0x00, 0x00,
    0x00, 0x00, 0x00, 0x00, 0x00, 0x00, 0x00, 0x00, 0xb5, 0x4b, 0xd0, 0x3a, 0x3f, 0xcf, 0x00, 0x00,
    0x00, 0x00, 0x00, 0x00, 0x00, 0x00, 0x00, 0x00, 0x00, 0x00, 0x00, 0x00, 0x00, 0x00, 0x00, 0x00,
    0x00, 0x00, 0x00, 0x00, 0x00, 0x00, 0x00, 0x00, 0xd0, 0x3a, 0x3f, 0xcf, 0x00, 0x00, 0x00, 0x00,
    0x00, 0x00, 0x00, 0x00, 0xd6, 0x53, 0x00, 0x00, 0x00, 0x00, 0x00, 0x00, 0x00, 0x00, 0x00, 0x00,
    0x00, 0x00, 0x00, 0x00, 0x00, 0x00, 0x00, 0x00, 0x00, 0x00, 0xd6, 0x53, 0x00, 0x00, 0x00, 0x00,
    0x00, 0x00, 0x00, 0x00, 0x00, 0x00, 0x00, 0x00, 0x00, 0x00, 0x00, 0x00, 0x00, 0x00, 0x00, 0x00,
    0x00, 0x00, 0x00, 0x00, 0x00, 0x00, 0xb5, 0x4b, 0xb5, 0x4b, 0x00, 0x00, 0x00, 0x00, 0x00, 0x00,
    0x00, 0x00, 0x00, 0x00, 0x00, 0x00, 0x00, 0x00, 0x00, 0x00, 0x00, 0x00, 0x00, 0x00, 0x00, 0x00,
    0x00, 0x00, 0x00, 0x00, 0x00, 0x00, 0x00, 0x00, 0x00, 0x00, 0x00, 0x00, 0x00, 0x00, 0x00, 0x00,
    0x00, 0x00, 0x00, 0x00, 0x00, 0x00, 0x00, 0x00, 0x00, 0x00, 0x00, 0x00, 0x00, 0x00, 0x00, 0x00,
    0x00, 0x00, 0x00, 0x00, 0x00, 0x00, 0x00, 0x00, 0x00, 0x00, 0x00, 0x00, 0x00, 0x00, 0x00, 0x00,
    0x00, 0x00, 0x00, 0x00, 0x00, 0x00, 0x00, 0x00, 0x00, 0x00, 0x00, 0x00, 0x00, 0x00, 0x00, 0x00,
    0x00, 0x00, 0x00, 0x00, 0x00, 0x00, 0x00, 0x00, 0x00, 0x00, 0xd6, 0x53, 0x00, 0x00, 0xd0, 0x3a,
    0x21, 0x21, 0x22, 0x21, 0x21, 0x21, 0x21, 0x21, 0x21, 0x21, 0x22, 0x21, 0x21, 0x21, 0x21, 0x21,
    0x21, 0x21, 0x51, 0x4b, 0x3f, 0xcf, 0x21, 0x21, 0x21, 0x21, 0x22, 0x21, 0x21, 0x21, 0x21, 0x21,
    0xf8, 0xff, 0xf9, 0xff, 0xf9, 0xff, 0x21, 0x21, 0x21, 0x21, 0x22, 0x21, 0x21, 0x21, 0x21, 0x21,
    0x21, 0x21, 0x22, 0x21, 0x21, 0x21, 0x21, 0x21, 0x21, 0x21, 0x22, 0x21, 0x21, 0x21, 0xf6, 0x53,
    0x21, 0x21, 0x22, 0x21, 0x21, 0x21, 0x21, 0x21, 0x21, 0x21, 0x22, 0x21, 0x21, 0x21, 0x21, 0x21,
    0x21, 0x21, 0x16, 0x54, 0x21, 0x21, 0x21, 0x21, 0x21, 0x21, 0x22, 0x21, 0x50, 0x4b, 0x3f, 0xc7,
    0xf8, 0xff, 0xf9, 0xff, 0xf9, 0xff, 0x21, 0x21, 0x21, 0x21, 0x22, 0x21, 0x21, 0x21, 0x21, 0x21,
    0x21, 0x21, 0x22, 0x21, 0x21, 0x21, 0x21, 0x21, 0x21, 0x21, 0x22, 0x21, 0x21, 0x21, 0x21, 0x21,
    0x21, 0x21, 0x22, 0x21, 0x21, 0x21, 0x21, 0x21, 0x21, 0x21, 0x22, 0x21, 0x21, 0x21, 0x21, 0x21,
    0x21, 0x21, 0x16, 0x54, 0x21, 0x21, 0x21, 0x21, 0x21, 0x21, 0x22, 0x21, 0xf6, 0x53, 0x21, 0x21,
    0xf8, 0xff, 0xf9, 0xff, 0xf9, 0xff, 0x21, 0x21, 0x21, 0x21, 0x22, 0x21, 0x21, 0x21, 0x21, 0x21,
    0x21, 0x21, 0x22, 0x21, 0x21, 0x21, 0x21, 0x21, 0x21, 0x21, 0x22, 0x21, 0x21, 0x21, 0x21, 0x21,
    0x21, 0x21, 0x22, 0x21, 0x21, 0x21, 0x21, 0x21, 0x21, 0x21, 0x22, 0x21, 0x21, 0x21, 0x21, 0x21,
    0x21, 0x21, 0x22, 0x21, 0x21, 0x21, 0x21, 0x21, 0x21, 0x21, 0x22, 0x21, 0x21, 0x21, 0x21, 0x21,
    0xf8, 0xff, 0xf9, 0xff, 0xf9, 0xff, 0x21, 0x21, 0x21, 0x21, 0x22, 0x21, 0xf6, 0x53, 0x21, 0x21,
    0x21, 0x21, 0x22, 0x21, 0x21, 0x21, 0x21, 0x21, 0x21, 0x21, 0x22, 0x21, 0x21, 0x21, 0x30, 0x43,
    0x00, 0x00, 0x00, 0x00, 0x00, 0x00, 0x00, 0x00, 0x00, 0x00, 0x00, 0x00, 0x00, 0x00, 0x00, 0x00,
    0x00, 0x00, 0x00, 0x00, 0x00, 0x00, 0x00, 0x00, 0x00, 0x00, 0x00, 0x00, 0xd0, 0x3a, 0x3f, 0xc7,
    0x00, 0x00, 0x00, 0x00, 0x00, 0x00, 0x00, 0x00, 0x00, 0x00, 0x00, 0x00, 0x00, 0x00, 0x00, 0x00,
    0x00, 0x00, 0x00, 0x00, 0x00, 0x00, 0x00, 0x00, 0x00, 0x00, 0x00, 0x00, 0x00, 0x00, 0xb5, 0x4b,
    0x00, 0x00, 0x00, 0x00, 0x00, 0x00, 0x00, 0x00, 0x00, 0x00, 0x00, 0x00, 0x00, 0x00, 0x00, 0x00,
    0x00, 0x00, 0x00, 0x00, 0x00, 0x00, 0x00, 0x00, 0x00, 0x00, 0x00, 0x00, 0xd6, 0x53, 0xd0, 0x3a,
    0x3f, 0xc7, 0x00, 0x00, 0x00, 0x00, 0x00, 0x00, 0x00, 0x00, 0x00, 0x00, 0x00, 0x00, 0x00, 0x00,
    0x00, 0x00, 0x00, 0x00, 0x00, 0x00, 0x00, 0x00, 0x00, 0x00, 0x00, 0x00, 0x00, 0x00, 0x00, 0x00,
    0x00, 0x00, 0x00, 0x00, 0x00, 0x00, 0x00, 0x00, 0x00, 0x00, 0x00, 0x00, 0x00, 0x00, 0x00, 0x00,
    0x00, 0x00, 0x00, 0x00, 0x00, 0x00, 0x00, 0x00, 0x00, 0x00, 0x00, 0x00, 0x00, 0x00, 0x00, 0x00,
    0x00, 0x00, 0x00, 0x00, 0x00, 0x00, 0x00, 0x00, 0x00, 0x00, 0x00, 0x00, 0x00, 0x00, 0x00, 0x00,
    0x00, 0x00, 0x00, 0x00, 0xd0, 0x3a, 0x3f, 0xc7, 0x3f, 0xc7, 0x00, 0x00, 0x00, 0x00, 0x00, 0x00,
    0x00, 0x00, 0x00, 0x00, 0x00, 0x00, 0x00, 0x00, 0x00, 0x00, 0x00, 0x00, 0x00, 0x00, 0x00, 0x00,
    0x00, 0x00, 0x00, 0x00, 0x00, 0x00, 0x00, 0x00, 0x00, 0x00, 0x00, 0x00, 0x00, 0x00, 0x00, 0x00,
    0x00, 0x00, 0x00, 0x00, 0x00, 0x00, 0x00, 0x00, 0x00, 0x00, 0x00, 0x00, 0x00, 0x00, 0x00, 0x00,
    0x00, 0x00, 0x00, 0x00, 0xd6, 0x53, 0xb5, 0x4b, 0x00, 0x00, 0x00, 0x00, 0xd0, 0x3a, 0x3f, 0xc7,
    0x00, 0x00, 0x00, 0x00, 0x00, 0x00, 0x00, 0x00, 0x00, 0x00, 0x00, 0x00, 0x00, 0x00, 0x00, 0x00,
    0xd0, 0x3a, 0x3f, 0xcf, 0x00, 0x00, 0x00, 0x00, 0x00, 0x00, 0x00, 0x00, 0x00, 0x00, 0x19, 0x7d,
    0x00, 0x00, 0x00, 0x00, 0x00, 0x00, 0x00, 0x00, 0x00, 0x00, 0x00, 0x00, 0x00, 0x00, 0x00, 0x00,
    0x00, 0x00, 0x00, 0x00, 0x00, 0x00, 0x00, 0x00, 0x00, 0x00, 0x00, 0x00, 0xd6, 0x53, 0x00, 0x00,
    0x00, 0x00, 0x00, 0x00, 0x00, 0x00, 0x00, 0x00, 0x00, 0x00, 0x00, 0x00, 0x00, 0x00, 0x00, 0x00,
    0xb5, 0x4b, 0x00, 0x00, 0x00, 0x00, 0x00, 0x00, 0x00, 0x00, 0x00, 0x00, 0xd0, 0x3a, 0x3f, 0xc7,
    0x00, 0x00, 0x00, 0x00, 0x00, 0x00, 0x00, 0x00, 0x00, 0x00, 0x00, 0x00, 0x00, 0x00, 0x00, 0x00,
    0x00, 0x00, 0x00, 0x00, 0x00, 0x00, 0x00, 0x00, 0x00, 0x00, 0x00, 0x00, 0x00, 0x00, 0x00, 0x00,
    0x00, 0x00, 0x00, 0x00, 0x00, 0x00, 0x00, 0x00, 0x00, 0x00, 0x00, 0x00, 0x00, 0x00, 0x00, 0x00,
    0x00, 0x00, 0x00, 0x00, 0x00, 0x00, 0x00, 0x00, 0x00, 0x00, 0x00, 0x00, 0x00, 0x00, 0x00, 0x00,
    0x00, 0x00, 0x00, 0x00, 0x00, 0x00, 0x00, 0x00, 0x00, 0x00, 0x00, 0x00, 0x00, 0x00, 0xd0, 0x3a,
    0x3f, 0xc7, 0x00, 0x00, 0x00, 0x00, 0x00, 0x00, 0xd0, 0x3a, 0x3f, 0xcf, 0x00, 0x00, 0x00, 0x00,
    0x00, 0x00, 0x00, 0x00, 0x00, 0x00, 0x00, 0x00, 0x00, 0x00, 0x00, 0x00, 0x00, 0x00, 0x00, 0x00,
    0x00, 0x00, 0x00, 0x00, 0x00, 0x00, 0x00, 0x00, 0x00, 0x00, 0x00, 0x00, 0x00, 0x00, 0x00, 0x00,
    0x00, 0x00, 0x00, 0x00, 0xd0, 0x3a, 0x3f, 0xc7, 0x00, 0x00, 0x00, 0x00, 0x00, 0x00, 0x00, 0x00,
    0x00, 0x00, 0x00, 0x00, 0x00, 0x00, 0x00, 0x00, 0xb5, 0x4b, 0xd0, 0x3a, 0x3f, 0xcf, 0x00, 0x00,
    0x00, 0x00, 0x00, 0x00, 0x00, 0x00, 0x00, 0x00, 0x00, 0x00, 0x00, 0x00, 0x00, 0x00, 0x00, 0x00,
    0x00, 0x00, 0x00, 0x00, 0x00, 0x00, 0x00, 0x00, 0xd0, 0x3a, 0x3f, 0xcf, 0x00, 0x00, 0x00, 0x00,
    0x00, 0x00, 0x00, 0x00, 0xd6, 0x53, 0x00, 0x00, 0x00, 0x00, 0x00, 0x00, 0x00, 0x00, 0x00, 0x00,
    0x00, 0x00, 0x00, 0x00, 0x00, 0x00, 0x00, 0x00, 0x00, 0x00, 0xd6, 0x53, 0x00, 0x00, 0x00, 0x00,
    0x00, 0x00, 0x00, 0x00, 0x00, 0x00, 0x00, 0x00, 0x00, 0x00, 0x00, 0x00, 0x00, 0x00, 0x00, 0x00,
    0x00, 0x00, 0x00, 0x00, 0x00, 0x00, 0xb5, 0x4b, 0xb5, 0x4b, 0x00, 0x00, 0x00, 0x00, 0x00, 0x00,
    0x00, 0x00, 0x00, 0x00, 0x00, 0x00, 0x00, 0x00, 0x00, 0x00, 0x00, 0x00, 0x00, 0x00, 0x00, 0x00,
    0x00, 0x00, 0x00, 0x00, 0x00, 0x00, 0x00, 0x00, 0x00, 0x00, 0x00, 0x00, 0x00, 0x00, 0x00, 0x00,
    0x00, 0x00, 0x00, 0x00, 0x00, 0x00, 0x00, 0x00, 0x00, 0x00, 0x00, 0x00, 0x00, 0x00, 0x00, 0x00,
    0x00, 0x00, 0x00, 0x00, 0x00, 0x00, 0x00, 0x00, 0x00, 0x00, 0x00, 0x00, 0x00, 0x00, 0x00, 0x00,
    0x00, 0x00, 0x00, 0x00, 0x00, 0x00, 0x00, 0x00, 0x00, 0x00, 0x00, 0x00, 0x00, 0x00, 0x00, 0x00,
    0x00, 0x00, 0x00, 0x00, 0x00, 0x00, 0x00, 0x00, 0x00, 0x00, 0xd6, 0x53, 0x00, 0x00, 0xd0, 0x3a,
    0x00, 0x00, 0x00, 0x00, 0x00, 0x00, 0x00, 0x00, 0x00, 0x00, 0x00, 0x00, 0x00, 0x00, 0x00, 0x00,
    0x00, 0x00, 0xd0, 0x3a, 0x3f, 0xcf, 0x00, 0x00, 0x00, 0x00, 0x00, 0x00, 0x00, 0x00, 0x00, 0x00,
    0x00, 0x00, 0x00, 0x00, 0x00, 0x00, 0x00, 0x00, 0x00, 0x00, 0x00, 0x00, 0x00, 0x00, 0x00, 0x00,
    0x00, 0x00, 0x00, 0x00, 0x00, 0x00, 0x00, 0x00, 0x00, 0x00, 0x00, 0x00, 0x00, 0x00, 0xb5, 0x4b,
    0x00, 0x00, 0x00, 0x00, 0x00, 0x00, 0x00, 0x00, 0x00, 0x00, 0x00, 0x00, 0x00, 0x00, 0x00, 0x00,
    0x00, 0x00, 0xd6, 0x53, 0x00, 0x00, 0x00, 0x00, 0x00, 0x00, 0x00, 0x00, 0xd0, 0x3a, 0x3f, 0xc7,
    0x00, 0x00, 0x00, 0x00, 0x00, 0x00, 0x00, 0x00, 0x00, 0x00, 0x00, 0x00, 0x00, 0x00, 0x00, 0x00,
    0x00, 0x00, 0x00, 0x00, 0x00, 0x00, 0x00, 0x00, 0x00, 0x00, 0x00, 0x00, 0x00, 0x00, 0x00, 0x00,
    0x00, 0x00, 0x00, 0x00, 0x00, 0x00, 0x00, 0x00, 0x00, 0x00, 0x00, 0x00, 0x00, 0x00, 0x00, 0x00,
    0x00, 0x00, 0xd6, 0x53, 0x00, 0x00, 0x00, 0x00, 0x00, 0x00, 0x00, 0x00, 0xd6, 0x53, 0x00, 0x00,
    0x00, 0x00, 0x00, 0x00, 0x00, 0x00, 0x00, 0x00, 0x00, 0x00, 0x00, 0x00, 0x00, 0x00, 0x00, 0x00,
    0x00, 0x00, 0x00, 0x00, 0x00, 0x00, 0x00, 0x00, 0x00, 0x00, 0x00, 0x00, 0x00, 0x00, 0x00, 0x00,
    0x00, 0x00, 0x00, 0x00, 0x00, 0x00, 0x00, 0x00, 0x00, 0x00, 0x00, 0x00, 0x00, 0x00, 0x00, 0x00,
    0x00, 0x00, 0x00, 0x00, 0x00, 0x00, 0x00, 0x00, 0x00, 0x00, 0x00, 0x00, 0x00, 0x00, 0x00, 0x00,
    0x00, 0x00, 0x00, 0x00, 0x00, 0x00, 0x00, 0x00, 0x00, 0x00, 0x00, 0x00, 0xd6, 0x53, 0x00, 0x00,
    0x00, 0x00, 0x00, 0x00, 0x00, 0x00, 0x00, 0x00, 0x00, 0x00, 0x00, 0x00, 0x00, 0x00, 0xd0, 0x3a,
    0x00, 0x00, 0x00, 0x00, 0x00, 0x00, 0x00, 0x00, 0x00, 0x00, 0x00, 0x00, 0x00, 0x00, 0x00, 0x00,
    0x00, 0x00, 0x00, 0x00, 0x00, 0x00, 0x00, 0x00, 0x00, 0x00, 0x00, 0x00, 0xd0, 0x3a, 0x3f, 0xc7,
    0x00, 0x00, 0x00, 0x00, 0x00, 0x00, 0x00, 0x00, 0x00, 0x00, 0x00, 0x00, 0x00, 0x00, 0x00, 0x00,
    0x00, 0x00, 0x00, 0x00, 0x00, 0x00, 0x00, 0x00, 0x00, 0x00, 0x00, 0x00, 0x00, 0x00, 0xb5, 0x4b,
    0x00, 0x00, 0x00, 0x00, 0x00, 0x00, 0x00, 0x00, 0x00, 0x00, 0x00, 0x00, 0x00, 0x00, 0x00, 0x00,
    0x00, 0x00, 0x00, 0x00, 0x00, 0x00, 0x00, 0x00, 0x00, 0x00, 0x00, 0x00, 0xd6, 0x53, 0xd0, 0x3a,
    0x3f, 0xc7, 0x00, 0x00, 0x00, 0x00, 0x00, 0x00, 0x00, 0x00, 0x00, 0x00, 0x00, 0x00, 0x00, 0x00,
    0x00, 0x00, 0x00, 0x00, 0x00, 0x00, 0x00, 0x00, 0x00, 0x00, 0x00, 0x00, 0x00, 0x00, 0x00, 0x00,
    0x00, 0x00, 0x00, 0x00, 0x00, 0x00, 0x00, 0x00, 0x00, 0x00, 0x00, 0x00, 0x00, 0x00, 0x00, 0x00,
    0x00, 0x00, 0x00, 0x00, 0x00, 0x00, 0x00, 0x00, 0x00, 0x00, 0x00, 0x00, 0x00, 0x00, 0x00, 0x00,
    0x00, 0x00, 0x00, 0x00, 0x00, 0x00, 0x00, 0x00, 0x00, 0x00, 0x00, 0x00, 0x00, 0x00, 0x00, 0x00,
    0x00, 0x00, 0x00, 0x00, 0xd0, 0x3a, 0x3f, 0xc7, 0x3f, 0xc7, 0x00, 0x00, 0x00, 0x00, 0x00, 0x00,
    0x00, 0x00, 0x00, 0x00, 0x00, 0x00, 0x00, 0x00, 0x00, 0x00, 0x00, 0x00, 0x00, 0x00, 0x00, 0x00,
    0x00, 0x00, 0x00, 0x00, 0x00, 0x00, 0x00, 0x00, 0x00, 0x00, 0x00, 0x00, 0x00, 0x00, 0x00, 0x00,
    0x00, 0x00, 0x00, 0x00, 0x00, 0x00, 0x00, 0x00, 0x00, 0x00, 0x00, 0x00, 0x00, 0x00, 0x00, 0x00,
    0x00, 0x00, 0x00, 0x00, 0xd6, 0x53, 0xb5, 0x4b, 0x00, 0x00, 0x00, 0x00, 0xd0, 0x3a, 0x3f, 0xc7,
    0x00, 0x00, 0x00, 0x00, 0x00, 0x00, 0x00, 0x00, 0x00, 0x00, 0x00, 0x00, 0x00, 0x00, 0x00, 0x00,
    0xd0, 0x3a, 0x3f, 0xcf, 0x00, 0x00, 0x00, 0x00, 0x00, 0x00, 0x00, 0x00, 0x00, 0x00, 0x00, 0x00,
    0x00, 0x00, 0x00, 0x00, 0x00, 0x00, 0x00, 0x00, 0x00, 0x00, 0x00, 0x00, 0x00, 0x00, 0x00, 0x00,
    0x00, 0x00, 0x00, 0x00, 0x00, 0x00, 0x00, 0x00, 0x00, 0x00, 0x00, 0x00, 0xd6, 0x53, 0x00, 0x00,
    0x00, 0x00, 0x00, 0x00, 0x00, 0x00, 0x00, 0x00, 0x00, 0x00, 0x00, 0x00, 0x00, 0x00, 0x00, 0x00,
    0xb5, 0x4b, 0x00, 0x00, 0x00, 0x00, 0x00, 0x00, 0x00, 0x00, 0x00, 0x00, 0xd0, 0x3a, 0x3f, 0xc7,
    0x00, 0x00, 0x00, 0x00, 0x00, 0x00, 0x00, 0x00, 0x00, 0x00, 0x00, 0x00, 0x00, 0x00, 0x00, 0x00,
    0x00, 0x00, 0x00, 0x00, 0x00, 0x00, 0x00, 0x00, 0x00, 0x00, 0x00, 0x00, 0x00, 0x00, 0x00, 0x00,
    0x00, 0x00, 0x00, 0x00, 0x00, 0x00, 0x00, 0x00, 0x00, 0x00, 0x00, 0x00, 0x00, 0x00, 0x00, 0x00,
    0x00, 0x00, 0x00, 0x00, 0x00, 0x00, 0x00, 0x00, 0x00, 0x00, 0x00, 0x00, 0x00, 0x00, 0x00, 0x00,
    0x00, 0x00, 0x00, 0x00, 0x00, 0x00, 0x00, 0x00, 0x00, 0x00, 0x00, 0x00, 0x00, 0x00, 0xd0, 0x3a,
    0x3f, 0xc7, 0x00, 0x00, 0x00, 0x00, 0x00, 0x00, 0xd0, 0x3a, 0x3f, 0xcf, 0x00, 0x00, 0x00, 0x00,
    0x00, 0x00, 0x00, 0x00, 0x00, 0x00, 0x00, 0x00, 0x00, 0x00, 0x00, 0x00, 0x00, 0x00, 0x00, 0x00,
    0x00, 0x00, 0x00, 0x00, 0x00, 0x00, 0x00, 0x00, 0x00, 0x00, 0x00, 0x00, 0x00, 0x00, 0x00, 0x00,
    0x00, 0x00, 0x00, 0x00, 0xd0, 0x3a, 0x3f, 0xc7, 0x00, 0x00, 0x00, 0x00, 0x00, 0x00, 0x00, 0x00,
    0x00, 0x00, 0x00, 0x00, 0x00, 0x00, 0x00, 0x00, 0xb5, 0x4b, 0xd0, 0x3a, 0x3f, 0xcf, 0x00, 0x00,
    0x00, 0x00, 0x00, 0x00, 0x00, 0x00, 0x00, 0x00, 0x00, 0x00, 0x00, 0x00, 0x00, 0x00, 0x00, 0x00,
    0x00, 0x00, 0x00, 0x00, 0x00, 0x00, 0x00, 0x00, 0x00, 0x00, 0x00, 0x00, 0x00, 0x00, 0x00, 0x00,
    0x00, 0x00, 0x00, 0x00, 0xd6, 0x53, 0x00, 0x00, 0x00, 0x00, 0x00, 0x00, 0x00, 0x00, 0x00, 0x00,
    0x00, 0x00, 0x00, 0x00, 0x00, 0x00, 0x00, 0x00, 0x00, 0x00, 0xd6, 0x53, 0x00, 0x00, 0x00, 0x00,
    0x00, 0x00, 0x00, 0x00, 0x00, 0x00, 0x00, 0x00, 0x00, 0x00, 0x00, 0x00, 0x00, 0x00, 0x00, 0x00,
    0x00, 0x00, 0x00, 0x00, 0x00, 0x00, 0x00, 0x00, 0x00, 0x00, 0x00, 0x00, 0x00, 0x00, 0x00, 0x00,
    0x00, 0x00, 0x00, 0x00, 0x00, 0x00, 0x00, 0x00, 0x00, 0x00, 0x00, 0x00, 0x00, 0x00, 0x00, 0x00,
    0x00, 0x00, 0x00, 0x00, 0x00, 0x00, 0x00, 0x00, 0x00, 0x00, 0x00, 0x00, 0x00, 0x00, 0x00, 0x00,
    0x00, 0x00, 0x00, 0x00, 0x00, 0x00, 0x00, 0x00, 0x00, 0x00, 0x00, 0x00, 0x00, 0x00, 0x00, 0x00,
    0x00, 0x00, 0x00, 0x00, 0x00, 0x00, 0x00, 0x00, 0x00, 0x00, 0x00, 0x00, 0x00, 0x00, 0x00, 0x00,
    0x00, 0x00, 0x00, 0x00, 0x00, 0x00, 0x00, 0x00, 0x00, 0x00, 0x00, 0x00, 0x00, 0x00, 0x00, 0x00,
    0x00, 0x00, 0x00, 0x00, 0x00, 0x00, 0x00, 0x00, 0x00, 0x00, 0x00, 0x00, 0x00, 0x00, 0x00, 0x00,
    0x00, 0x00, 0x00, 0x00, 0x00, 0x00, 0x00, 0x00, 0x00, 0x00, 0x00, 0x00, 0x00, 0x00, 0x00, 0x00,
    0x00, 0x00, 0x00, 0x00, 0x00, 0x00, 0x00, 0x00, 0x00, 0x00, 0x00, 0x00, 0x00, 0x00, 0x00, 0x00,
    0x00, 0x00, 0x00, 0x00, 0x00, 0x00, 0x00, 0x00, 0x00, 0x00, 0x00, 0x00, 0x00, 0x00, 0x00, 0x00,
    0x00, 0x00, 0x00, 0x00, 0x00, 0x00, 0x00, 0x00, 0x00, 0x00, 0x00, 0x00, 0x00, 0x00, 0x00, 0x00,
    0x00, 0x00, 0x00, 0x00, 0x00, 0x00, 0x00, 0x00, 0x00, 0x00, 0x00, 0x00, 0x00, 0x00, 0x00, 0x00,
    0x00, 0x00, 0x00, 0x00, 0x00, 0x00, 0x00, 0x00, 0x00, 0x00, 0x00, 0x00, 0x00, 0x00, 0x00, 0x00,
    0x00, 0x00, 0x00, 0x00, 0x00, 0x00, 0x00, 0x00, 0x00, 0x00, 0x00, 0x00, 0x00, 0x00, 0x00, 0x00,
    0x00, 0x00, 0x00, 0x00, 0x00, 0x00, 0x00, 0x00, 0x00, 0x00, 0x00, 0x00, 0x00, 0x00, 0x00, 0x00,
    0x00, 0x00, 0x00, 0x00, 0x00, 0x00, 0x00, 0x00, 0x00, 0x00, 0x00, 0x00, 0x00, 0x00, 0x00, 0x00,
    0x00, 0x00, 0x00, 0x00, 0x00, 0x00, 0x00, 0x00, 0x00, 0x00, 0x00, 0x00, 0x00, 0x00, 0x00, 0x00,
    0x00, 0x00, 0x00, 0x00, 0x00, 0x00, 0x00, 0x00, 0x00, 0x00, 0x00, 0x00, 0x00, 0x00, 0x00, 0x00,
    0x00, 0x00, 0x00, 0x00, 0x00, 0x00, 0x00, 0x00, 0x00, 0x00, 0x00, 0x00, 0x00, 0x00, 0x00, 0x00,
    0x00, 0x00, 0x00, 0x00, 0x00, 0x00, 0x00, 0x00, 0x00, 0x00, 0x00, 0x00, 0x00, 0x00, 0x00, 0x00,
    0x00, 0x00, 0x00, 0x00, 0x00, 0x00, 0x00, 0x00, 0x00, 0x00, 0x00, 0x00, 0x00, 0x00, 0x00, 0x00,
    0x00, 0x00, 0x00, 0x00, 0x00, 0x00, 0x00, 0x00, 0x00, 0x00, 0x00, 0x00, 0x00, 0x00, 0x00, 0x00,
    0x00, 0x00, 0x00, 0x00, 0x00, 0x00, 0x00, 0x00, 0x00, 0x00, 0x00, 0x00, 0x00, 0x00, 0x00, 0x00,
    0x00, 0x00, 0x00, 0x00, 0x00, 0x00, 0x00, 0x00, 0x00, 0x00, 0x00, 0x00, 0x00, 0x00, 0x00, 0x00,
    0x00, 0x00, 0x00, 0x00, 0x00, 0x00, 0x00, 0x00, 0x00, 0x00, 0x00, 0x00, 0x00, 0x00, 0x00, 0x00,
    0x00, 0x00, 0x00, 0x00, 0x00, 0x00, 0x00, 0x00, 0x00, 0x00, 0x00, 0x00, 0x00, 0x00, 0x00, 0x00,
    0x00, 0x00, 0x00, 0x00, 0x00, 0x00, 0x00, 0x00, 0x00, 0x00, 0x00, 0x00, 0x00, 0x00, 0x00, 0x00,
    0x00, 0x00, 0x00, 0x00, 0x00, 0x00, 0x00, 0x00, 0x00, 0x00, 0x00, 0x00, 0x00, 0x00, 0x00, 0x00,
    0x00, 0x00, 0x00, 0x00, 0x00, 0x00, 0x00, 0x00, 0x00, 0x00, 0x00, 0x00, 0x00, 0x00, 0x00, 0x00,
    0x00, 0x00, 0x00, 0x00, 0x00, 0x00, 0x00, 0x00, 0x00, 0x00, 0x00, 0x00, 0x00, 0x00, 0x00, 0x00,
    0x00, 0x00, 0x00, 0x00, 0x00, 0x00, 0x00, 0x00, 0x00, 0x00, 0x00, 0x00, 0x00, 0x00, 0x00, 0x00,
    0x00, 0x00, 0x00, 0x00, 0x00, 0x00, 0x00, 0x00, 0x00, 0x00, 0x00, 0x00, 0x00, 0x00, 0x00, 0x00,
    0x00, 0x00, 0x00, 0x00, 0x00, 0x00, 0x00, 0x00, 0x00, 0x00, 0x00, 0x00, 0x00, 0x00, 0x00, 0x00,
    0x00, 0x00, 0x00, 0x00, 0x00, 0x00, 0x00, 0x00, 0x00, 0x00, 0x00, 0x00, 0x00, 0x00, 0x00, 0x00,
    0x00, 0x00, 0x00, 0x00, 0x00, 0x00, 0x00, 0x00, 0x00, 0x00, 0x00, 0x00, 0x00, 0x00, 0x00, 0x00,
    0x00, 0x00, 0x00, 0x00, 0x00, 0x00, 0x00, 0x00, 0x00, 0x00, 0x00, 0x00, 0x00, 0x00, 0x00, 0x00,
    0x00, 0x00, 0x00, 0x00, 0x00, 0x00, 0x00, 0x00, 0x00, 0x00, 0x00, 0x00, 0x00, 0x00, 0x00, 0x00,
    0x00, 0x00, 0x00, 0x00, 0x00, 0x00, 0x00, 0x00, 0x00, 0x00, 0x00, 0x00, 0x00, 0x00, 0x00, 0x00,
    0x00, 0x00, 0x00, 0x00, 0x00, 0x00, 0x00, 0x00, 0x00, 0x00, 0x00, 0x00, 0x00, 0x00, 0x00, 0x00,
    0x00, 0x00, 0x00, 0x00, 0x00, 0x00, 0x00, 0x00, 0x00, 0x00, 0x00, 0x00, 0x00, 0x00, 0x00, 0x00,
    0x00, 0x00, 0x00, 0x00, 0x00, 0x00, 0x00, 0x00, 0x00, 0x00, 0x00, 0x00, 0x00, 0x00, 0x00, 0x00,
    0x00, 0x00, 0x00, 0x00, 0x00, 0x00, 0x00, 0x00, 0x00, 0x00, 0x00, 0x00, 0x00, 0x00, 0x00, 0x00,
    0x00, 0x00, 0x00, 0x00, 0x00, 0x00, 0x00, 0x00, 0x00, 0x00, 0x00, 0x00, 0x00, 0x00, 0x00, 0x00,
    0x00, 0x00, 0x00, 0x00, 0x00, 0x00, 0x00, 0x00, 0x00, 0x00, 0x00, 0x00, 0x00, 0x00, 0x00, 0x00,
    0x00, 0x00, 0x00, 0x00, 0x00, 0x00, 0x00, 0x00, 0x00, 0x00, 0x00, 0x00, 0x00, 0x00, 0x00, 0x00,
    0x00, 0x00, 0x00, 0x00, 0x00, 0x00, 0x00, 0x00, 0x00, 0x00, 0x00, 0x00, 0x00, 0x00, 0x00, 0x00,
    0x00, 0x00, 0x00, 0x00, 0x00, 0x00, 0x00, 0x00, 0x00, 0x00, 0x00, 0x00, 0x00, 0x00, 0x00, 0x00,
    0x00, 0x00, 0x00, 0x00, 0x00, 0x00, 0x00, 0x00, 0x00, 0x00, 0x00, 0x00, 0x00, 0x00, 0x00, 0x00,
    0x00, 0x00, 0x00, 0x00, 0x00, 0x00, 0x00, 0x00, 0x00, 0x00, 0x00, 0x00, 0x00, 0x00, 0x00, 0x00,
    0x00, 0x00, 0x00, 0x00, 0x00, 0x00, 0x00, 0x00, 0x00, 0x00, 0x00, 0x00, 0x00, 0x00, 0x00, 0x00,
    0x00, 0x00, 0x00, 0x00, 0x00, 0x00, 0x00, 0x00, 0x00, 0x00, 0x00, 0x00, 0x00, 0x00, 0x00, 0x00,
    0x00, 0x00, 0x00, 0x00, 0x00, 0x00, 0x00, 0x00, 0x00, 0x00, 0x00, 0x00, 0x00, 0x00, 0x00, 0x00,
    0x00, 0x00, 0x00, 0x00, 0x00, 0x00, 0x00, 0x00, 0x00, 0x00, 0x00, 0x00, 0x00, 0x00, 0x00, 0x00,
    0x00, 0x00, 0x00, 0x00, 0x00, 0x00, 0x00, 0x00, 0x00, 0x00, 0x00, 0x00, 0x00, 0x00, 0x00, 0x00,
    0x00, 0x00, 0x00, 0x00, 0x00, 0x00, 0x00, 0x00, 0x00, 0x00, 0x00, 0x00, 0x00, 0x00, 0x00, 0x00,
    0x00, 0x00, 0x00, 0x00, 0x00, 0x00, 0x00, 0x00, 0x00, 0x00, 0x00, 0x00, 0x00, 0x00, 0x00, 0x00,
    0x00, 0x00, 0x00, 0x00, 0x00, 0x00, 0x00, 0x00, 0x00, 0x00, 0x00, 0x00, 0x00, 0x00, 0x00, 0x00,
    0x00, 0x00, 0x00, 0x00, 0x00, 0x00, 0x00, 0x00, 0x00, 0x00, 0x00, 0x00, 0x00, 0x00, 0x00, 0x00,
    0x00, 0x00, 0x00, 0x00, 0x00, 0x00, 0x00, 0x00, 0x00, 0x00, 0x00, 0x00, 0x00, 0x00, 0x00, 0x00,
    0x00, 0x00, 0x00, 0x00, 0x00, 0x00, 0x00, 0x00, 0x00, 0x00, 0x00, 0x00, 0x00, 0x00, 0x00, 0x00,
    0x00, 0x00, 0x00, 0x00, 0x00, 0x00, 0x00, 0x00, 0x00, 0x00, 0x00, 0x00, 0x00, 0x00, 0x00, 0x00,
    0x00, 0x00, 0x00, 0x00, 0x00, 0x00, 0x00, 0x00, 0x00, 0x00, 0x00, 0x00, 0x00, 0x00, 0x00, 0x00,
    0x00, 0x00, 0x00, 0x00, 0x00, 0x00, 0x00, 0x00, 0x00, 0x00, 0x00, 0x00, 0x00, 0x00, 0x00, 0x00,
    0x00, 0x00, 0x00, 0x00, 0x00, 0x00, 0x00, 0x00, 0x00, 0x00, 0x00, 0x00, 0x00, 0x00, 0x00, 0x00,
    0x00, 0x00, 0x00, 0x00, 0x00, 0x00, 0x00, 0x00, 0x00, 0x00, 0x00, 0x00, 0x00, 0x00, 0x00, 0x00,
    0x00, 0x00, 0x00, 0x00, 0x00, 0x00, 0x00, 0x00, 0x00, 0x00, 0x00, 0x00, 0x00, 0x00, 0x00, 0x00,
    0x00, 0x00, 0x00, 0x00, 0x00, 0x00, 0x00, 0x00, 0x00, 0x00, 0x00, 0x00, 0x00, 0x00, 0x00, 0x00,
    0x00, 0x00, 0x00, 0x00, 0x00, 0x00, 0x00, 0x00, 0x00, 0x00, 0x00, 0x00, 0x00, 0x00, 0x00, 0x00,
    0x00, 0x00, 0x00, 0x00, 0x00, 0x00, 0x00, 0x00, 0x00, 0x00, 0xb5, 0x4b, 0x00, 0x00, 0x00, 0x00,
    0x00, 0x00, 0x00, 0x00, 0x00, 0x00, 0x00, 0x00, 0x00, 0x00, 0x00, 0x00, 0x00, 0x00, 0x00, 0x00,
    0x00, 0x00, 0x00, 0x00, 0x00, 0x00, 0x00, 0x00, 0x00, 0x00, 0xd0, 0x3a, 0x3f, 0xcf, 0x00, 0x00,
    0x00, 0x00, 0x00, 0x00, 0x00, 0x00, 0x00, 0x00, 0x00, 0x00, 0x00, 0x00, 0x00, 0x00, 0x00, 0x00,
    0x00, 0x00, 0xd0, 0x3a, 0x3f, 0xcf, 0x00, 0x00, 0x00, 0x00, 0x00, 0x00, 0x00, 0x00, 0x00, 0x00,
    0x00, 0x00, 0x00, 0x00, 0x00, 0x00, 0x00, 0x00, 0x00, 0x00, 0x00, 0x00, 0x00, 0x00, 0x00, 0x00,
    0x00, 0x00, 0x00, 0x00, 0x00, 0x00, 0x00, 0x00, 0x00, 0x00, 0x00, 0x00, 0x00, 0x00, 0x00, 0x00,
    0x00, 0x00, 0x00, 0x00, 0x00, 0x00, 0x00, 0x00, 0x00, 0x00, 0x00, 0x00, 0x00, 0x00, 0x00, 0x00,
    0x00, 0x00, 0x00, 0x00, 0xd6, 0x53, 0xd0, 0x3a, 0x3f, 0xc7, 0x00, 0x00, 0xd0, 0x3a, 0x3f, 0xcf,
    0x00, 0x00, 0x00, 0x00, 0x00, 0x00, 0x00, 0x00, 0x00, 0x00, 0x00, 0x00, 0x00, 0x00, 0x00, 0x00,
    0x00, 0x00, 0x00, 0x00, 0x00, 0x00, 0x00, 0x00, 0x00, 0x00, 0x00, 0x00, 0x00, 0x00, 0x00, 0x00,
    0x00, 0x00, 0x00, 0x00, 0x00, 0x00, 0x00, 0x00, 0x00, 0x00, 0x00, 0x00, 0x00, 0x00, 0x00, 0x00,
    0x00, 0x00, 0x00, 0x00, 0xd6, 0x53, 0x00, 0x00, 0x00, 0x00, 0x00, 0x00, 0x00, 0x00, 0x00, 0x00,
    0x00, 0x00, 0x00, 0x00, 0x00, 0x00, 0x00, 0x00, 0x00, 0x00, 0x00, 0x00, 0xd0, 0x3a, 0x3f, 0xcf,
    0x00, 0x00, 0x00, 0x00, 0x00, 0x00, 0x00, 0x00, 0x00, 0x00, 0x00, 0x00, 0x00, 0x00, 0x00, 0x00,
    0x00, 0x00, 0x00, 0x00, 0x00, 0x00, 0x00, 0x00, 0x00, 0x00, 0x00, 0x00, 0x00, 0x00, 0x00, 0x00,
    0x00, 0x00, 0x00, 0x00, 0x00, 0x00, 0x00, 0x00, 0x00, 0x00, 0x00, 0x00, 0x00, 0x00, 0x00, 0x00,
    0x00, 0x00, 0x00, 0x00, 0x00, 0x00, 0x00, 0x00, 0x00, 0x00, 0x00, 0x00, 0x00, 0x00, 0xd6, 0x53,
    0x00, 0x00, 0x00, 0x00, 0x00, 0x00, 0x00, 0x00, 0x00, 0x00, 0x00, 0x00, 0x00, 0x00, 0xd0, 0x3a,
    0x00, 0x00, 0x00, 0x00, 0x00, 0x00, 0x00, 0x00, 0x00, 0x00, 0x00, 0x00, 0x00, 0x00, 0x00, 0x00,
    0x00, 0x00, 0x00, 0x00, 0x00, 0x00, 0x00, 0x00, 0x00, 0x00, 0x00, 0x00, 0xd0, 0x3a, 0x3f, 0xcf,
    0x00, 0x00, 0x00, 0x00, 0x00, 0x00, 0x00, 0x00, 0x00, 0x00, 0x00, 0x00, 0x00, 0x00, 0x00, 0x00,
    0x00, 0x00, 0x00, 0x00, 0x00, 0x00, 0x00, 0x00, 0x00, 0x00, 0x00, 0x00, 0x00, 0x00, 0x00, 0x00,
    0x00, 0x00, 0x00, 0x00, 0x00, 0x00, 0x00, 0x00, 0x00, 0x00, 0x00, 0x00, 0x00, 0x00, 0x00, 0x00,
    0x00, 0x00, 0x00, 0x00, 0x00, 0x00, 0x00, 0x00, 0x00, 0x00, 0x00, 0x00, 0x00, 0x00, 0xd6, 0x53,
    0xb5, 0x4b, 0x00, 0x00, 0x00, 0x00, 0x00, 0x00, 0x00, 0x00, 0x00, 0x00, 0x00, 0x00, 0x00, 0x00,
    0x00, 0x00, 0x00, 0x00, 0x00, 0x00, 0x00, 0x00, 0x00, 0x00, 0x00, 0x00, 0x00, 0x00, 0x00, 0x00,
    0x00, 0x00, 0x00, 0x00, 0x00, 0x00, 0x00, 0x00, 0x00, 0x00, 0x00, 0x00, 0x00, 0x00, 0x00, 0x00,
    0x00, 0x00, 0x00, 0x00, 0x00, 0x00, 0x00, 0x00, 0x00, 0x00, 0x00, 0x00, 0x00, 0x00, 0x00, 0x00,
    0x00, 0x00, 0x00, 0x00, 0x00, 0x00, 0x00, 0x00, 0x00, 0x00, 0x00, 0x00, 0x00, 0x00, 0x00, 0x00,
    0x00, 0x00, 0x00, 0x00, 0xd0, 0x3a, 0x3f, 0xcf, 0x3f, 0xc7, 0x00, 0x00, 0x00, 0x00, 0x00, 0x00,
    0xa4, 0x08, 0xa4, 0x08, 0xa4, 0x10, 0xa4, 0x08, 0xa4, 0x08, 0xa4, 0x08, 0xa4, 0x10, 0xa4, 0x08,
    0xa4, 0x08, 0xa4, 0x08, 0xa4, 0x10, 0xa4, 0x08, 0xa4, 0x08, 0xa4, 0x08, 0xa4, 0x10, 0xa4, 0x08,
    0xa4, 0x08, 0xa4, 0x08, 0xa4, 0x10, 0xa4, 0x08, 0xa4, 0x08, 0xa4, 0x08, 0xa4, 0x10, 0xa4, 0x08,
    0xa4, 0x08, 0xa4, 0x08, 0xa4, 0x10, 0xf6, 0x53, 0xa4, 0x08, 0xa4, 0x08, 0x12, 0x43, 0x3f, 0xcf,
    0xa4, 0x08, 0xa4, 0x08, 0xa4, 0x10, 0xa4, 0x08, 0xa4, 0x08, 0xa4, 0x08, 0xa4, 0x10, 0xa4, 0x08,
    0x11, 0x3b, 0x3f, 0xc7, 0xa4, 0x10, 0xa4, 0x08, 0xa4, 0x08, 0xa4, 0x08, 0xa4, 0x10, 0xa4, 0x08,
    0xa4, 0x08, 0xa4, 0x08, 0xa4, 0x10, 0xa4, 0x08, 0xa4, 0x08, 0xa4, 0x08, 0xa4, 0x10, 0xa4, 0x08,
    0xa4, 0x08, 0xa4, 0x08, 0xa4, 0x10, 0xa4, 0x08, 0xa4, 0x08, 0xa4, 0x08, 0xa4, 0x10, 0xf6, 0x53,
    0x00, 0x00, 0x00, 0x00, 0x00, 0x00, 0x00, 0x00, 0x00, 0x00, 0x00, 0x00, 0x00, 0x00, 0x00, 0x00,
    0x00, 0x00, 0xb5, 0x4b, 0x00, 0x00, 0x00, 0x00, 0x00, 0x00, 0x00, 0x00, 0x00, 0x00, 0xd6, 0x53,
    0x00, 0x00, 0x00, 0x00, 0x00, 0x00, 0x00, 0x00, 0x00, 0x00, 0x00, 0x00, 0x00, 0x00, 0x00, 0x00,
    0x00, 0x00, 0x00, 0x00, 0x00, 0x00, 0x00, 0x00, 0x00, 0x00, 0x00, 0x00, 0x00, 0x00, 0x00, 0x00,
    0x00, 0x00, 0x00, 0x00, 0x00, 0x00, 0x00, 0x00, 0x00, 0x00, 0x00, 0x00, 0x00, 0x00, 0x00, 0x00,
    0x00, 0x00, 0x00, 0x00, 0x00, 0x00, 0x00, 0x00, 0x00, 0x00, 0x00, 0x00, 0x00, 0x00, 0x00, 0x00,
    0x00, 0x00, 0x00, 0x00, 0x00, 0x00, 0x00, 0x00, 0x00, 0x00, 0x00, 0x00, 0x00, 0x00, 0x00, 0x00,
    0xb5, 0x4b, 0x00, 0x00, 0x00, 0x00, 0x00, 0x00, 0xd0, 0x3a, 0x3f, 0xc7, 0x00, 0x00, 0x00, 0x00,
    0x00, 0x00, 0x00, 0x00, 0x00, 0x00, 0x00, 0x00, 0x00, 0x00, 0x00, 0x00, 0x00, 0x00, 0x00, 0x00,
    0x00, 0x00, 0x00, 0x00, 0x00, 0x00, 0x00, 0x00, 0x00, 0x00, 0x00, 0x00, 0x00, 0x00, 0x00, 0x00,
    0x00, 0x00, 0x00, 0x00, 0xd0, 0x3a, 0x3f, 0xcf, 0x00, 0x00, 0x00, 0x00, 0x00, 0x00, 0x00, 0x00,
    0x00, 0x00, 0x00, 0x00, 0x00, 0x00, 0x00, 0x00, 0x00, 0x00, 0x38, 0x54, 0x3f, 0xcf, 0x00, 0x00,
    0x00, 0x00, 0x00, 0x00, 0x00, 0x00, 0x00, 0x00, 0x00, 0x00, 0x00, 0x00, 0x00, 0x00, 0x00, 0x00,
    0x00, 0x00, 0x00, 0x00, 0x00, 0x00, 0xd0, 0x3a, 0x3f, 0xc7, 0x3f, 0xc7, 0x00, 0x00, 0x00, 0x00,
    0x00, 0x00, 0x00, 0x00, 0x00, 0x00, 0xd6, 0x53, 0x00, 0x00, 0x00, 0x00, 0x00, 0x00, 0x00, 0x00,
    0x00, 0x00, 0x00, 0x00, 0x00, 0x00, 0x00, 0x00, 0x00, 0x00, 0x00, 0x00, 0x00, 0x00, 0x00, 0x00,
    0x00, 0x00, 0x00, 0x00, 0x00, 0x00, 0x00, 0x00, 0x00, 0x00, 0x00, 0x00, 0x00, 0x00, 0x00, 0x00,
    0x00, 0x00, 0x00, 0x00, 0x00, 0x00, 0x00, 0x00, 0xb5, 0x4b, 0xb5, 0x4b, 0x00, 0x00, 0x00, 0x00,
    0x00, 0x00, 0x00, 0x00, 0x00, 0x00, 0x00, 0x00, 0x00, 0x00, 0x00, 0x00, 0x00, 0x00, 0x00, 0x00,
    0x00, 0x00, 0x00, 0x00, 0x00, 0x00, 0x00, 0x00, 0x00, 0x00, 0xd0, 0x3a, 0x3f, 0xcf, 0x00, 0x00,
    0x21, 0x21, 0x21, 0x21, 0x22, 0x21, 0x21, 0x21, 0x21, 0x21, 0x21, 0x21, 0x22, 0x21, 0x21, 0x21,
    0x21, 0x21, 0x21, 0x21, 0x22, 0x21, 0x21, 0x21, 0x21, 0x21, 0x21, 0x21, 0x22, 0x21, 0x21, 0x21,
    0x21, 0x21, 0xf8, 0xff, 0xf9, 0xff, 0xf9, 0xff, 0x21, 0x21, 0x21, 0x21, 0x22, 0x21, 0x21, 0x21,
    0x21, 0x21, 0x21, 0x21, 0x22, 0x21, 0x21, 0x21, 0x21, 0x21, 0x21, 0x21, 0x16, 0x54, 0x50, 0x4b,
    0x21, 0x21, 0x21, 0x21, 0x22, 0x21, 0x21, 0x21, 0x21, 0x21, 0x21, 0x21, 0x22, 0x21, 0x21, 0x21,
    0x21, 0x21, 0x30, 0x43, 0x3f, 0xcf, 0x21, 0x21, 0x21, 0x21, 0x21, 0x21, 0x22, 0x21, 0x21, 0x21,
    0x21, 0x21, 0xf8, 0xff, 0xf9, 0xff, 0xf9, 0xff, 0x21, 0x21, 0x21, 0x21, 0x22, 0x21, 0x21, 0x21,
    0x21, 0x21, 0x21, 0x21, 0x22, 0x21, 0x21, 0x21, 0x21, 0x21, 0x21, 0x21, 0x22, 0x21, 0x21, 0x21,
    0x21, 0x21, 0x21, 0x21, 0x22, 0x21, 0x21, 0x21, 0x21, 0x21, 0x21, 0x21, 0x22, 0x21, 0x21, 0x21,
    0x21, 0x21, 0x30, 0x43, 0x3f, 0xcf, 0x21, 0x21, 0x21, 0x21, 0x21, 0x21, 0x51, 0x4b, 0x3f, 0xcf,
    0x21, 0x21, 0xf8, 0xff, 0xf9, 0xff, 0xf9, 0xff, 0x21, 0x21, 0x21, 0x21, 0x22, 0x21, 0x21, 0x21,
    0x21, 0x21, 0x21, 0x21, 0x22, 0x21, 0x21, 0x21, 0x21, 0x21, 0x21, 0x21, 0x22, 0x21, 0x21, 0x21,
    0x21, 0x21, 0x21, 0x21, 0x22, 0x21, 0x21, 0x21, 0x21, 0x21, 0x21, 0x21, 0x22, 0x21, 0x21, 0x21,
    0x21, 0x21, 0x21, 0x21, 0x16, 0x54, 0x21, 0x21, 0x21, 0x21, 0x21, 0x21, 0x22, 0x21, 0x21, 0x21,
    0x21, 0x21, 0xf8, 0xff, 0xf9, 0xff, 0xf9, 0xff, 0x21, 0x21, 0x21, 0x21, 0x51, 0x4b, 0x3f, 0xcf,
    0x21, 0x21, 0x21, 0x21, 0x22, 0x21, 0x21, 0x21, 0x21, 0x21, 0x21, 0x21, 0x22, 0x21, 0x21, 0x21,
    0x00, 0x00, 0x00, 0x00, 0x00, 0x00, 0x00, 0x00, 0x00, 0x00, 0x00, 0x00, 0x00, 0x00, 0x00, 0x00,
    0x00, 0x00, 0x00, 0x00, 0x00, 0x00, 0x00, 0x00, 0x00, 0x00, 0x00, 0x00, 0x00, 0x00, 0x00, 0x00,
    0x00, 0x00, 0x00, 0x00, 0x00, 0x00, 0x00, 0x00, 0x00, 0x00, 0x00, 0x00, 0x00, 0x00, 0xd6, 0x53,
    0x00, 0x00, 0x00, 0x00, 0x00, 0x00, 0x00, 0x00, 0x00, 0x00, 0x00, 0x00, 0x00, 0x00, 0xd0, 0x3a,
    0x00, 0x00, 0x00, 0x00, 0x00, 0x00, 0x00, 0x00, 0x00, 0x00, 0x00, 0x00, 0x00, 0x00, 0x00, 0x00,
    0x00, 0x00, 0x00, 0x00, 0x00, 0x00, 0x00, 0x00, 0x00, 0x00, 0x00, 0x00, 0xd0, 0x3a, 0x3f, 0xcf,
    0x00, 0x00, 0x00, 0x00, 0x00, 0x00, 0x00, 0x00, 0x00, 0x00, 0x00, 0x00, 0x00, 0x00, 0x00, 0x00,
    0x00, 0x00, 0x00, 0x00, 0x00, 0x00, 0x00, 0x00, 0x00, 0x00, 0x00, 0x00, 0x00, 0x00, 0x00, 0x00,
    0x00, 0x00, 0x00, 0x00, 0x00, 0x00, 0x00, 0x00, 0x00, 0x00, 0x00, 0x00, 0x00, 0x00, 0x00, 0x00,
    0x00, 0x00, 0x00, 0x00, 0x00, 0x00, 0x00, 0x00, 0x00, 0x00, 0x00, 0x00, 0x00, 0x00, 0xd6, 0x53,
    0xb5, 0x4b, 0x00, 0x00, 0x00, 0x00, 0x00, 0x00, 0x00, 0x00, 0x00, 0x00, 0x00, 0x00, 0x00, 0x00,
    0x00, 0x00, 0x00, 0x00, 0x00, 0x00, 0x00, 0x00, 0x00, 0x00, 0x00, 0x00, 0x00, 0x00, 0x00, 0x00,
    0x00, 0x00, 0x00, 0x00, 0x00, 0x00, 0x00, 0x00, 0x00, 0x00, 0x00, 0x00, 0x00, 0x00, 0x00, 0x00,
    0x00, 0x00, 0x00, 0x00, 0x00, 0x00, 0x00, 0x00, 0x00, 0x00, 0x00, 0x00, 0x00, 0x00, 0x00, 0x00,
    0x00, 0x00, 0x00, 0x00, 0x00, 0x00, 0x00, 0x00, 0x00, 0x00, 0x00, 0x00, 0x00, 0x00, 0x00, 0x00,
    0x00, 0x00, 0x00, 0x00, 0xd0, 0x3a, 0x3f, 0xcf, 0x3f, 0xc7, 0x00, 0x00, 0x00, 0x00, 0x00, 0x00,
    0x00, 0x00, 0x00, 0x00, 0x00, 0x00, 0x00, 0x00, 0x00, 0x00, 0x00, 0x00, 0x00, 0x00, 0x00, 0x00,
    0x00, 0x00, 0x00, 0x00, 0x00, 0x00, 0x00, 0x00, 0x00, 0x00, 0x00, 0x00, 0x00, 0x00, 0x00, 0x00,
    0x19, 0x7d, 0x00, 0x00, 0x00, 0x00, 0x00, 0x00, 0x00, 0x00, 0x00, 0x00, 0x00, 0x00, 0x00, 0x00,
    0x00, 0x00, 0x00, 0x00, 0x00, 0x00, 0xd6, 0x53, 0x00, 0x00, 0x00, 0x00, 0xd0, 0x3a, 0x3f, 0xcf,
    0x00, 0x00, 0x00, 0x00, 0x00, 0x00, 0x00, 0x00, 0x00, 0x00, 0x00, 0x00, 0x00, 0x00, 0x00, 0x00,
    0xd0, 0x3a, 0x3f, 0xc7, 0x00, 0x00, 0x00, 0x00, 0x00, 0x00, 0x00, 0x00, 0x00, 0x00, 0x00, 0x00,
    0x19, 0x7d, 0x00, 0x00, 0x00, 0x00, 0x00, 0x00, 0x00, 0x00, 0x00, 0x00, 0x00, 0x00, 0x00, 0x00,
    0x00, 0x00, 0x00, 0x00, 0x00, 0x00, 0x00, 0x00, 0x00, 0x00, 0x00, 0x00, 0x00, 0x00, 0xd6, 0x53,
    0x00, 0x00, 0x00, 0x00, 0x00, 0x00, 0x00, 0x00, 0x00, 0x00, 0x00, 0x00, 0x00, 0x00, 0x00, 0x00,
    0x00, 0x00, 0xb5, 0x4b, 0x00, 0x00, 0x00, 0x00, 0x00, 0x00, 0x00, 0x00, 0x00, 0x00, 0xd6, 0x53,
    0x00, 0x00, 0x00, 0x00, 0x00, 0x00, 0x00, 0x00, 0x00, 0x00, 0x00, 0x00, 0x00, 0x00, 0x00, 0x00,
    0x00, 0x00, 0x00, 0x00, 0x00, 0x00, 0x00, 0x00, 0x00, 0x00, 0x00, 0x00, 0x00, 0x00, 0x00, 0x00,
    0x00, 0x00, 0x00, 0x00, 0x00, 0x00, 0x00, 0x00, 0x00, 0x00, 0x00, 0x00, 0x00, 0x00, 0x00, 0x00,
    0x00, 0x00, 0x00, 0x00, 0x00, 0x00, 0x00, 0x00, 0x00, 0x00, 0x00, 0x00, 0x00, 0x00, 0x00, 0x00,
    0x00, 0x00, 0x00, 0x00, 0x00, 0x00, 0x00, 0x00, 0x00, 0x00, 0x00, 0x00, 0x00, 0x00, 0x00, 0x00,
    0xb5, 0x4b, 0x00, 0x00, 0x00, 0x00, 0x00, 0x00, 0xd0, 0x3a, 0x3f, 0xc7, 0x00, 0x00, 0x00, 0x00,
    0x00, 0x00, 0x00, 0x00, 0x00, 0x00, 0x00, 0x00, 0x00, 0x00, 0x00, 0x00, 0x00, 0x00, 0x00, 0x00,
    0x00, 0x00, 0x00, 0x00, 0x00, 0x00, 0x00, 0x00, 0x00, 0x00, 0x00, 0x00, 0x00, 0x00, 0x00, 0x00,
    0x00, 0x00, 0x00, 0x00, 0xd0, 0x3a, 0x3f, 0xcf, 0x00, 0x00, 0x00, 0x00, 0x00, 0x00, 0x00, 0x00,
    0x00, 0x00, 0x00, 0x00, 0x00, 0x00, 0x00, 0x00, 0x00, 0x00, 0x38, 0x54, 0x3f, 0xcf, 0x00, 0x00,
    0x00, 0x00, 0x00, 0x00, 0x00, 0x00, 0x00, 0x00, 0x00, 0x00, 0x00, 0x00, 0x00, 0x00, 0x00, 0x00,
    0x00, 0x00, 0x00, 0x00, 0x00, 0x00, 0xd0, 0x3a, 0x3f, 0xc7, 0x3f, 0xc7, 0x00, 0x00, 0x00, 0x00,
    0x00, 0x00, 0x00, 0x00, 0x00, 0x00, 0xd6, 0x53, 0x00, 0x00, 0x00, 0x00, 0x00, 0x00, 0x00, 0x00,
    0x00, 0x00, 0x00, 0x00, 0x00, 0x00, 0x00, 0x00, 0x00, 0x00, 0x00, 0x00, 0x00, 0x00, 0x00, 0x00,
    0x00, 0x00, 0x00, 0x00, 0x00, 0x00, 0x00, 0x00, 0x00, 0x00, 0x00, 0x00, 0x00, 0x00, 0x00, 0x00,
    0x00, 0x00, 0x00, 0x00, 0x00, 0x00, 0x00, 0x00, 0xb5, 0x4b, 0xb5, 0x4b, 0x00, 0x00, 0x00, 0x00,
    0x00, 0x00, 0x00, 0x00, 0x00, 0x00, 0x00, 0x00, 0x00, 0x00, 0x00, 0x00, 0x00, 0x00, 0x00, 0x00,
    0x00, 0x00, 0x00, 0x00, 0x00, 0x00, 0x00, 0x00, 0x00, 0x00, 0xd0, 0x3a, 0x3f, 0xcf, 0x00, 0x00,
    0x00, 0x00, 0x00, 0x00, 0x00, 0x00, 0x00, 0x00, 0x00, 0x00, 0x00, 0x00, 0x00, 0x00, 0x00, 0x00,
    0x00, 0x00, 0x00, 0x00, 0x00, 0x00, 0x00, 0x00, 0x00, 0x00, 0x00, 0x00, 0x00, 0x00, 0x00, 0x00,
    0x00, 0x00, 0x00, 0x00, 0x00, 0x00, 0x00, 0x00, 0x00, 0x00, 0x00, 0x00, 0x00, 0x00, 0x00, 0x00,
    0x00, 0x00, 0x00, 0x00, 0x00, 0x00, 0x00, 0x00, 0x00, 0x00, 0x00, 0x00, 0xd6, 0x53, 0xd0, 0x3a,
    0x00, 0x00, 0x00, 0x00, 0x00, 0x00, 0x00, 0x00, 0x00, 0x00, 0x00, 0x00, 0x00, 0x00, 0x00, 0x00,
    0x00, 0x00, 0xd0, 0x3a, 0x3f, 0xcf, 0x00, 0x00, 0x00, 0x00, 0x00, 0x00, 0x00, 0x00, 0x00, 0x00,
    0x00, 0x00, 0x00, 0x00, 0x00, 0x00, 0x00, 0x00, 0x00, 0x00, 0x00, 0x00, 0x00, 0x00, 0x00, 0x00,
    0x00, 0x00, 0x00, 0x00, 0x00, 0x00, 0x00, 0x00, 0x00, 0x00, 0x00, 0x00, 0x00, 0x00, 0x00, 0x00,
    0x00, 0x00, 0x00, 0x00, 0x00, 0x00, 0x00, 0x00, 0x00, 0x00, 0x00, 0x00, 0x00, 0x00, 0x00, 0x00,
    0x00, 0x00, 0xd0, 0x3a, 0x3f, 0xcf, 0x00, 0x00, 0x00, 0x00, 0x00, 0x00, 0xd0, 0x3a, 0x3f, 0xcf,
    0x00, 0x00, 0x00, 0x00, 0x00, 0x00, 0x00, 0x00, 0x00, 0x00, 0x00, 0x00, 0x00, 0x00, 0x00, 0x00,
    0x00, 0x00, 0x00, 0x00, 0x00, 0x00, 0x00, 0x00, 0x00, 0x00, 0x00, 0x00, 0x00, 0x00, 0x00, 0x00,
    0x00, 0x00, 0x00, 0x00, 0x00, 0x00, 0x00, 0x00, 0x00, 0x00, 0x00, 0x00, 0x00, 0x00, 0x00, 0x00,
    0x00, 0x00, 0x00, 0x00, 0xd6, 0x53, 0x00, 0x00, 0x00, 0x00, 0x00, 0x00, 0x00, 0x00, 0x00, 0x00,
    0x00, 0x00, 0x00, 0x00, 0x00, 0x00, 0x00, 0x00, 0x00, 0x00, 0x00, 0x00, 0xd0, 0x3a, 0x3f, 0xcf,
    0x00, 0x00, 0x00, 0x00, 0x00, 0x00, 0x00, 0x00, 0x00, 0x00, 0x00, 0x00, 0x00, 0x00, 0x00, 0x00,
    0x00, 0x00, 0x00, 0x00, 0x00, 0x00, 0x00, 0x00, 0x00, 0x00, 0x00, 0x00, 0x00, 0x00, 0x00, 0x00,
    0x00, 0x00, 0x00, 0x00, 0x00, 0x00, 0x00, 0x00, 0x00, 0x00, 0x00, 0x00, 0x00, 0x00, 0x00, 0x00,
    0x00, 0x00, 0x00, 0x00, 0x00, 0x00, 0x00, 0x00, 0x00, 0x00, 0x00, 0x00, 0x00, 0x00, 0xd6, 0x53,
    0x00, 0x00, 0x00, 0x00, 0x00, 0x00, 0x00, 0x00, 0x00, 0x00, 0x00, 0x00, 0x00, 0x00, 0xd0, 0x3a,
    0x00, 0x00, 0x00, 0x00, 0x00, 0x00, 0x00, 0x00, 0x00, 0x00, 0x00, 0x00, 0x00, 0x00, 0x00, 0x00,
    0x00, 0x00, 0x00, 0x00, 0x00, 0x00, 0x00, 0x00, 0x00, 0x00, 0x00, 0x00, 0xd0, 0x3a, 0x3f, 0xcf,
    0x00, 0x00, 0x00, 0x00, 0x00, 0x00, 0x00, 0x00, 0x00, 0x00, 0x00, 0x00, 0x00, 0x00, 0x00, 0x00,
    0x00, 0x00, 0x00, 0x00, 0x00, 0x00, 0x00, 0x00, 0x00, 0x00, 0x00, 0x00, 0x00, 0x00, 0x00, 0x00,
    0x00, 0x00, 0x00, 0x00, 0x00, 0x00, 0x00, 0x00, 0x00, 0x00, 0x00, 0x00, 0x00, 0x00, 0x00, 0x00,
    0x00, 0x00, 0x00, 0x00, 0x00, 0x00, 0x00, 0x00, 0x00, 0x00, 0x00, 0x00, 0x00, 0x00, 0xd6, 0x53,
    0xb5, 0x4b, 0x00, 0x00, 0x00, 0x00, 0x00, 0x00, 0x00, 0x00, 0x00, 0x00, 0x00, 0x00, 0x00, 0x00,
    0x00, 0x00, 0x00, 0x00, 0x00, 0x00, 0x00, 0x00, 0x00, 0x00, 0x00, 0x00, 0x00, 0x00, 0x00, 0x00,
    0x00, 0x00, 0x00, 0x00, 0x00, 0x00, 0x00, 0x00, 0x00, 0x00, 0x00, 0x00, 0x00, 0x00, 0x00, 0x00,
    0x00, 0x00, 0x00, 0x00, 0x00, 0x00, 0x00, 0x00, 0x00, 0x00, 0x00, 0x00, 0x00, 0x00, 0x00, 0x00,
    0x00, 0x00, 0x00, 0x00, 0x00, 0x00, 0x00, 0x00, 0x00, 0x00, 0x00, 0x00, 0x00, 0x00, 0x00, 0x00,
    0x00, 0x00, 0x00, 0x00, 0xd0, 0x3a, 0x3f, 0xcf, 0x3f, 0xc7, 0x00, 0x00, 0x00, 0x00, 0x00, 0x00,
    0x00, 0x00, 0x00, 0x00, 0x00, 0x00, 0x00, 0x00, 0x00, 0x00, 0x00, 0x00, 0x00, 0x00, 0x00, 0x00,
    0x00, 0x00, 0x00, 0x00, 0x00, 0x00, 0x00, 0x00, 0x00, 0x00, 0x00, 0x00, 0x00, 0x00, 0x00, 0x00,
    0x00, 0x00, 0x00, 0x00, 0x00, 0x00, 0x00, 0x00, 0x00, 0x00, 0x00, 0x00, 0x00, 0x00, 0x00, 0x00,
    0x00, 0x00, 0x00, 0x00, 0x00, 0x00, 0xd6, 0x53, 0x00, 0x00, 0x00, 0x00, 0xd0, 0x3a, 0x3f, 0xcf,
    0x00, 0x00, 0x00, 0x00, 0x00, 0x00, 0x00, 0x00, 0x00, 0x00, 0x00, 0x00, 0x00, 0x00, 0x00, 0x00,
    0xd0, 0x3a, 0x3f, 0xc7, 0x00, 0x00, 0x00, 0x00, 0x00, 0x00, 0x00, 0x00, 0x00, 0x00, 0x00, 0x00,
    0x00, 0x00, 0x00, 0x00, 0x00, 0x00, 0x00, 0x00, 0x00, 0x00, 0x00, 0x00, 0x00, 0x00, 0x00, 0x00,
    0x00, 0x00, 0x00, 0x00, 0x00, 0x00, 0x00, 0x00, 0x00, 0x00, 0x00, 0x00, 0x00, 0x00, 0xd6, 0x53,
    0x00, 0x00, 0x00, 0x00, 0x00, 0x00, 0x00, 0x00, 0x00, 0x00, 0x00, 0x00, 0x00, 0x00, 0x00, 0x00,
    0x00, 0x00, 0xb5, 0x4b, 0x00, 0x00, 0x00, 0x00, 0x00, 0x00, 0x00, 0x00, 0x00, 0x00, 0xd6, 0x53,
    0x00, 0x00, 0x00, 0x00, 0x00, 0x00, 0x00, 0x00, 0x00, 0x00, 0x00, 0x00, 0x00, 0x00, 0x00, 0x00,
    0x00, 0x00, 0x00, 0x00, 0x00, 0x00, 0x00, 0x00, 0x00, 0x00, 0x00, 0x00, 0x00, 0x00, 0x00, 0x00,
    0x00, 0x00, 0x00, 0x00, 0x00, 0x00, 0x00, 0x00, 0x00, 0x00, 0x00, 0x00, 0x00, 0x00, 0x00, 0x00,
    0x00, 0x00, 0x00, 0x00, 0x00, 0x00, 0x00, 0x00, 0x00, 0x00, 0x00, 0x00, 0x00, 0x00, 0x00, 0x00,
    0x00, 0x00, 0x00, 0x00, 0x00, 0x00, 0x00, 0x00, 0x00, 0x00, 0x00, 0x00, 0x00, 0x00, 0x00, 0x00,
    0xb5, 0x4b, 0x00, 0x00, 0x00, 0x00, 0x00, 0x00, 0xd0, 0x3a, 0x3f, 0xc7, 0x00, 0x00, 0x00, 0x00,
    0x00, 0x00, 0x00, 0x00, 0x00, 0x00, 0x00, 0x00, 0x00, 0x00, 0x00, 0x00, 0x00, 0x00, 0x00, 0x00,
    0x00, 0x00, 0x00, 0x00, 0x00, 0x00, 0x00, 0x00, 0x00, 0x00, 0x00, 0x00, 0x00, 0x00, 0x00, 0x00,
    0x00, 0x00, 0x00, 0x00, 0xd0, 0x3a, 0x3f, 0xcf, 0x00, 0x00, 0x00, 0x00, 0x00, 0x00, 0x00, 0x00,
    0x00, 0x00, 0x00, 0x00, 0x00, 0x00, 0x00, 0x00, 0x00, 0x00, 0x38, 0x54, 0x3f, 0xcf, 0x00, 0x00,
    0x00, 0x00, 0x00, 0x00, 0x00, 0x00, 0x00, 0x00, 0x00, 0x00, 0x00, 0x00, 0x00, 0x00, 0x00, 0x00,
    0x00, 0x00, 0x00, 0x00, 0x00, 0x00, 0x00, 0x00, 0x00, 0x00, 0x00, 0x00, 0x00, 0x00, 0x00, 0x00,
    0x00, 0x00, 0x00, 0x00, 0x00, 0x00, 0xd6, 0x53, 0x00, 0x00, 0x00, 0x00, 0x00, 0x00, 0x00, 0x00,
    0x00, 0x00, 0x00, 0x00, 0x00, 0x00, 0x00, 0x00, 0x00, 0x00, 0x00, 0x00, 0x00, 0x00, 0x00, 0x00,
    0x00, 0x00, 0x00, 0x00, 0x00, 0x00, 0x00, 0x00, 0x00, 0x00, 0x00, 0x00, 0x00, 0x00, 0x00, 0x00,
    0x00, 0x00, 0x00, 0x00, 0x00, 0x00, 0x00, 0x00, 0x00, 0x00, 0x00, 0x00, 0x00, 0x00, 0x00, 0x00,
    0x00, 0x00, 0x00, 0x00, 0x00, 0x00, 0x00, 0x00, 0x00, 0x00, 0x00, 0x00, 0x00, 0x00, 0x00, 0x00,
    0x00, 0x00, 0x00, 0x00, 0x00, 0x00, 0x00, 0x00, 0x00, 0x00, 0x00, 0x00, 0x00, 0x00, 0x00, 0x00,
    0x00, 0x00, 0x00, 0x00, 0x00, 0x00, 0x00, 0x00, 0x00, 0x00, 0x00, 0x00, 0x00, 0x00, 0x00, 0x00,
    0x00, 0x00, 0x00, 0x00, 0x00, 0x00, 0x00, 0x00, 0x00, 0x00, 0x00, 0x00, 0x00, 0x00, 0x00, 0x00,
    0x00, 0x00, 0x00, 0x00, 0x00, 0x00, 0x00, 0x00, 0x00, 0x00, 0x00, 0x00, 0x00, 0x00, 0x00, 0x00,
    0x00, 0x00, 0x00, 0x00, 0x00, 0x00, 0x00, 0x00, 0x00, 0x00, 0x00, 0x00, 0x00, 0x00, 0x00, 0x00,
    0x00, 0x00, 0x00, 0x00, 0x00, 0x00, 0x00, 0x00, 0x00, 0x00, 0x00, 0x00, 0x00, 0x00, 0x00, 0x00,
    0x00, 0x00, 0x00, 0x00, 0x00, 0x00, 0x00, 0x00, 0x00, 0x00, 0x00, 0x00, 0x00, 0x00, 0x00, 0x00,
    0x00, 0x00, 0x00, 0x00, 0x00, 0x00, 0x00, 0x00, 0x00, 0x00, 0x00, 0x00, 0x00, 0x00, 0x00, 0x00,
    0x00, 0x00, 0x00, 0x00, 0x00, 0x00, 0x00, 0x00, 0x00, 0x00, 0x00, 0x00, 0x00, 0x00, 0x00, 0x00,
    0x00, 0x00, 0x00, 0x00, 0x00, 0x00, 0x00, 0x00, 0x00, 0x00, 0x00, 0x00, 0x00, 0x00, 0x00, 0x00,
    0x00, 0x00, 0x00, 0x00, 0x00, 0x00, 0x00, 0x00, 0x00, 0x00, 0x00, 0x00, 0x00, 0x00, 0x00, 0x00,
    0x00, 0x00, 0x00, 0x00, 0x00, 0x00, 0x00, 0x00, 0x00, 0x00, 0x00, 0x00, 0x00, 0x00, 0x00, 0x00,
    0x00, 0x00, 0x00, 0x00, 0x00, 0x00, 0x00, 0x00, 0x00, 0x00, 0x00, 0x00, 0x00, 0x00, 0x00, 0x00,
    0x00, 0x00, 0x00, 0x00, 0x00, 0x00, 0x00, 0x00, 0x00, 0x00, 0x00, 0x00, 0x00, 0x00, 0x00, 0x00,
    0x00, 0x00, 0x00, 0x00, 0x00, 0x00, 0x00, 0x00, 0x00, 0x00, 0x00, 0x00, 0x00, 0x00, 0x00, 0x00,
    0x00, 0x00, 0x00, 0x00, 0x00, 0x00, 0x00, 0x00, 0x00, 0x00, 0x00, 0x00, 0x00, 0x00, 0x00, 0x00,
    0x00, 0x00, 0x00, 0x00, 0x00, 0x00, 0x00, 0x00, 0x00, 0x00, 0x00, 0x00, 0x00, 0x00, 0x00, 0x00,
    0x00, 0x00, 0x00, 0x00, 0x00, 0x00, 0x00, 0x00, 0x00, 0x00, 0x00, 0x00, 0x00, 0x00, 0x00, 0x00,
    0x00, 0x00, 0x00, 0x00, 0x00, 0x00, 0x00, 0x00, 0x00, 0x00, 0x00, 0x00, 0x00, 0x00, 0x00, 0x00,
    0x00, 0x00, 0x00, 0x00, 0x00, 0x00, 0x00, 0x00, 0x00, 0x00, 0x00, 0x00, 0x00, 0x00, 0x00, 0x00,
    0x00, 0x00, 0x00, 0x00, 0x00, 0x00, 0x00, 0x00, 0x00, 0x00, 0x00, 0x00, 0x00, 0x00, 0x00, 0x00,
    0x00, 0x00, 0x00, 0x00, 0x00, 0x00, 0x00, 0x00, 0x00, 0x00, 0x00, 0x00, 0x00, 0x00, 0x00, 0x00,
    0x00, 0x00, 0x00, 0x00, 0x00, 0x00, 0x00, 0x00, 0x00, 0x00, 0x00, 0x00, 0x00, 0x00, 0x00, 0x00,
    0x00, 0x00, 0x00, 0x00, 0x00, 0x00, 0x00, 0x00, 0x00, 0x00, 0x00, 0x00, 0x00, 0x00, 0x00, 0x00,
    0x00, 0x00, 0x00, 0x00, 0x00, 0x00, 0x00, 0x00, 0x00, 0x00, 0x00, 0x00, 0x00, 0x00, 0x00, 0x00,
    0x00, 0x00, 0x00, 0x00, 0x00, 0x00, 0x00, 0x00, 0x00, 0x00, 0x00, 0x00, 0x00, 0x00, 0x00, 0x00,
    0x00, 0x00, 0x00, 0x00, 0x00, 0x00, 0x00, 0x00, 0x00, 0x00, 0x00, 0x00, 0x00, 0x00, 0x00, 0x00,
    0x00, 0x00, 0x00, 0x00, 0x00, 0x00, 0x00, 0x00, 0x00, 0x00, 0x00, 0x00, 0x00, 0x00, 0x00, 0x00,
    0x00, 0x00, 0x00, 0x00, 0x00, 0x00, 0x00, 0x00, 0x00, 0x00, 0x00, 0x00, 0x00, 0x00, 0x00, 0x00,
    0x00, 0x00, 0x00, 0x00, 0x00, 0x00, 0x00, 0x00, 0x00, 0x00, 0x00, 0x00, 0x00, 0x00, 0x00, 0x00,
    0x00, 0x00, 0x00, 0x00, 0x00, 0x00, 0x00, 0x00, 0x00, 0x00, 0x00, 0x00, 0x00, 0x00, 0x00, 0x00,
    0x00, 0x00, 0x00, 0x00, 0x00, 0x00, 0x00, 0x00, 0x00, 0x00, 0x00, 0x00, 0x00, 0x00, 0x00, 0x00,
    0x00, 0x00, 0x00, 0x00, 0x00, 0x00, 0x00, 0x00, 0x00, 0x00, 0x00, 0x00, 0x00, 0x00, 0x00, 0x00,
    0x00, 0x00, 0x00, 0x00, 0x00, 0x00, 0x00, 0x00, 0x00, 0x00, 0x00, 0x00, 0x00, 0x00, 0x00, 0x00,
    0x00, 0x00, 0x00, 0x00, 0x00, 0x00, 0x00, 0x00, 0x00, 0x00, 0x00, 0x00, 0x00, 0x00, 0x00, 0x00,
    0x00, 0x00, 0x00, 0x00, 0x00, 0x00, 0x00, 0x00, 0x00, 0x00, 0x00, 0x00, 0x00, 0x00, 0x00, 0x00,
    0x00, 0x00, 0x00, 0x00, 0x00, 0x00, 0x00, 0x00, 0x00, 0x00, 0x00, 0x00, 0x00, 0x00, 0x00, 0x00,
    0x00, 0x00, 0x00, 0x00, 0x00, 0x00, 0x00, 0x00, 0x00, 0x00, 0x00, 0x00, 0x00, 0x00, 0x00, 0x00,
    0x00, 0x00, 0x00, 0x00, 0x00, 0x00, 0x00, 0x00, 0x00, 0x00, 0x00, 0x00, 0x00, 0x00, 0x00, 0x00,
    0x00, 0x00, 0x00, 0x00, 0x00, 0x00, 0x00, 0x00, 0x00, 0x00, 0x00, 0x00, 0x00, 0x00, 0x00, 0x00,
    0x00, 0x00, 0x00, 0x00, 0x00, 0x00, 0x00, 0x00, 0x00, 0x00, 0x00, 0x00, 0x00, 0x00, 0x00, 0x00,
    0x00, 0x00, 0x00, 0x00, 0x00, 0x00, 0x00, 0x00, 0x00, 0x00, 0x00, 0x00, 0x00, 0x00, 0x00, 0x00,
    0x00, 0x00, 0x00, 0x00, 0x00, 0x00, 0x00, 0x00, 0x00, 0x00, 0x00, 0x00, 0x00, 0x00, 0x00, 0x00,
    0x00, 0x00, 0x00, 0x00, 0x00, 0x00, 0x00, 0x00, 0x00, 0x00, 0x00, 0x00, 0x00, 0x00, 0x00, 0x00,
    0x00, 0x00, 0x00, 0x00, 0x00, 0x00, 0x00, 0x00, 0x00, 0x00, 0x00, 0x00, 0x00, 0x00, 0x00, 0x00,
    0x00, 0x00, 0x00, 0x00, 0x00, 0x00, 0x00, 0x00, 0x00, 0x00, 0x00, 0x00, 0x00, 0x00, 0x00, 0x00,
    0x00, 0x00, 0x00, 0x00, 0x00, 0x00, 0x00, 0x00, 0x00, 0x00, 0x00, 0x00, 0x00, 0x00, 0x00, 0x00,
    0x00, 0x00, 0x00, 0x00, 0x00, 0x00, 0x00, 0x00, 0x00, 0x00, 0x00, 0x00, 0x00, 0x00, 0x00, 0x00,
    0x00, 0x00, 0x00, 0x00, 0x00, 0x00, 0x00, 0x00, 0x00, 0x00, 0x00, 0x00, 0x00, 0x00, 0x00, 0x00,
    0x00, 0x00, 0x00, 0x00, 0x00, 0x00, 0x00, 0x00, 0x00, 0x00, 0x00, 0x00, 0x00, 0x00, 0x00, 0x00,
    0x00, 0x00, 0x00, 0x00, 0x00, 0x00, 0x00, 0x00, 0x00, 0x00, 0x00, 0x00, 0x00, 0x00, 0x00, 0x00,
    0x00, 0x00, 0x00, 0x00, 0x00, 0x00, 0x00, 0x00, 0x00, 0x00, 0x00, 0x00, 0x00, 0x00, 0x00, 0x00,
    0x00, 0x00, 0x00, 0x00, 0x00, 0x00, 0x00, 0x00, 0x00, 0x00, 0x00, 0x00, 0x00, 0x00, 0x00, 0x00,
    0x00, 0x00, 0x00, 0x00, 0x00, 0x00, 0x00, 0x00, 0x00, 0x00, 0x00, 0x00, 0x00, 0x00, 0x00, 0x00,
    0x00, 0x00, 0x00, 0x00, 0x00, 0x00, 0x00, 0x00, 0x00, 0x00, 0x00, 0x00, 0x00, 0x00, 0x00, 0x00,
    0x00, 0x00, 0x00, 0x00, 0x00, 0x00, 0x00, 0x00, 0x00, 0x00, 0x00, 0x00, 0x00, 0x00, 0x00, 0x00,
    0x00, 0x00, 0x00, 0x00, 0x00, 0x00, 0x00, 0x00, 0x00, 0x00, 0x00, 0x00, 0x00, 0x00, 0x00, 0x00,
    0x00, 0x00, 0x00, 0x00, 0x00, 0x00, 0x00, 0x00, 0x00, 0x00, 0x00, 0x00, 0x00, 0x00, 0x00, 0x00,
    0x00, 0x00, 0x00, 0x00, 0x00, 0x00, 0x00, 0x00, 0x00, 0x00, 0x00, 0x00, 0x00, 0x00, 0x00, 0x00,
    0x00, 0x00, 0x00, 0x00, 0x00, 0x00, 0x00, 0x00, 0x00, 0x00, 0x00, 0x00, 0x00, 0x00, 0x00, 0x00,
    0x00, 0x00, 0x00, 0x00, 0x00, 0x00, 0x00, 0x00, 0x00, 0x00, 0x00, 0x00, 0x00, 0x00, 0x00, 0x00,
    0x00, 0x00, 0x00, 0x00, 0x00, 0x00, 0x00, 0x00, 0x00, 0x00, 0x00, 0x00, 0x00, 0x00, 0x00, 0x00,
    0x00, 0x00, 0x00, 0x00, 0x00, 0x00, 0x00, 0x00, 0x00, 0x00, 0xd0, 0x3a, 0x3f, 0xc7, 0x00, 0x00,
    0x00, 0x00, 0x00, 0x00, 0x00, 0x00, 0x00, 0x00, 0x00, 0x00, 0x00, 0x00, 0x00, 0x00, 0x00, 0x00,
    0x00, 0x00, 0x00, 0x00, 0x00, 0x00, 0x00, 0x00, 0x00, 0x00, 0x00, 0x00, 0x00, 0x00, 0x00, 0x00,
    0x00, 0x00, 0x00, 0x00, 0x00, 0x00, 0x00, 0x00, 0x00, 0x00, 0x00, 0x00, 0x00, 0x00, 0x00, 0x00,
    0x00, 0x00, 0x00, 0x00, 0x00, 0x00, 0x00, 0x00, 0x00, 0x00, 0xb5, 0x4b, 0x00, 0x00, 0x00, 0x00,
    0x00, 0x00, 0x00, 0x00, 0x00, 0x00, 0x00, 0x00, 0x00, 0x00, 0x00, 0x00, 0x00, 0x00, 0x00, 0x00,
    0x00, 0x00, 0x00, 0x00, 0x00, 0x00, 0x00, 0x00, 0x00, 0x00, 0x00, 0x00, 0xb5, 0x4b, 0x00, 0x00,
    0x00, 0x00, 0x00, 0x00, 0x00, 0x00, 0x00, 0x00, 0x00, 0x00, 0x00, 0x00, 0x00, 0x00, 0x00, 0x00,
    0x00, 0x00, 0x00, 0x00, 0xd0, 0x3a, 0x3f, 0xcf, 0x00, 0x00, 0x00, 0x00, 0x00, 0x00, 0x00, 0x00,
    0x00, 0x00, 0x00, 0x00, 0x00, 0x00, 0x00, 0x00, 0x00, 0x00, 0x00, 0x00, 0x00, 0x00, 0x00, 0x00,
    0x00, 0x00, 0x00, 0x00, 0x00, 0x00, 0x00, 0x00, 0x00, 0x00, 0x00, 0x00, 0x00, 0x00, 0x00, 0x00,
    0x00, 0x00, 0x00, 0x00, 0x00, 0x00, 0x00, 0x00, 0x00, 0x00, 0x00, 0x00, 0x00, 0x00, 0x00, 0x00,
    0x00, 0x00, 0x00, 0x00, 0x18, 0x54, 0x3f, 0xcf, 0x00, 0x00, 0x00, 0x00, 0x00, 0x00, 0xd6, 0x53,
    0x00, 0x00, 0x00, 0x00, 0x00, 0x00, 0x00, 0x00, 0x00, 0x00, 0x00, 0x00, 0x00, 0x00, 0x00, 0x00,
    0x00, 0x00, 0x00, 0x00, 0x00, 0x00, 0x00, 0x00, 0x00, 0x00, 0x00, 0x00, 0x00, 0x00, 0x00, 0x00,
    0x00, 0x00, 0x00, 0x00, 0x00, 0x00, 0x00, 0x00, 0x00, 0x00, 0x00, 0x00, 0x00, 0x00, 0x00, 0x00,
    0x00, 0x00, 0x00, 0x00, 0xb5, 0x4b, 0x00, 0x00, 0x00, 0x00, 0x00, 0x00, 0x00, 0x00, 0x00, 0x00,
    0x00, 0x00, 0x00, 0x00, 0x00, 0x00, 0x00, 0x00, 0x00, 0x00, 0x00, 0x00, 0x00, 0x00, 0xd0, 0x3a,
    0x3f, 0xcf, 0x00, 0x00, 0x00, 0x00, 0x00, 0x00, 0x00, 0x00, 0x00, 0x00, 0x00, 0x00, 0x00, 0x00,
    0x00, 0x00, 0x00, 0x00, 0x00, 0x00, 0x00, 0x00, 0x00, 0x00, 0x00, 0x00, 0x00, 0x00, 0x00, 0x00,
    0x00, 0x00, 0x00, 0x00, 0x00, 0x00, 0x00, 0x00, 0x00, 0x00, 0x00, 0x00, 0x00, 0x00, 0x00, 0x00,
    0x00, 0x00, 0x00, 0x00, 0x00, 0x00, 0x00, 0x00, 0x00, 0x00, 0x00, 0x00, 0x00, 0x00, 0xd6, 0x53,
    0x00, 0x00, 0x00, 0x00, 0x00, 0x00, 0x00, 0x00, 0x00, 0x00, 0x00, 0x00, 0x00, 0x00, 0x00, 0x00,
    0x00, 0x00, 0x00, 0x00, 0x00, 0x00, 0x00, 0x00, 0x00, 0x00, 0x00, 0x00, 0x00, 0x00, 0x00, 0x00,
    0x00, 0x00, 0x00, 0x00, 0x00, 0x00, 0x00, 0x00, 0x00, 0x00, 0x00, 0x00, 0x00, 0x00, 0xd0, 0x3a,
    0xbc, 0x8d, 0x3f, 0xc7, 0x00, 0x00, 0x00, 0x00, 0x00, 0x00, 0x00, 0x00, 0x00, 0x00, 0x00, 0x00,
    0x00, 0x00, 0x00, 0x00, 0x00, 0x00, 0x00, 0x00, 0x00, 0x00, 0x00, 0x00, 0x00, 0x00, 0x00, 0x00,
    0x00, 0x00, 0x00, 0x00, 0x00, 0x00, 0x00, 0x00, 0x00, 0x00, 0x00, 0x00, 0x00, 0x00, 0x00, 0x00,
    0x00, 0x00, 0x00, 0x00, 0x00, 0x00, 0x00, 0x00, 0x00, 0x00, 0x00, 0x00, 0x00, 0x00, 0x74, 0x4b,
    0xd6, 0x53, 0x00, 0x00, 0x00, 0x00, 0x00, 0x00, 0x00, 0x00, 0x00, 0x00, 0x00, 0x00, 0x00, 0x00,
    0x00, 0x00, 0x00, 0x00, 0x00, 0x00, 0x00, 0x00, 0x00, 0x00, 0x00, 0x00, 0x00, 0x00, 0x00, 0x00,
    0xa4, 0x08, 0xa4, 0x08, 0xa4, 0x08, 0xa4, 0x10, 0xa4, 0x08, 0xa4, 0x08, 0xa4, 0x08, 0xa4, 0x10,
    0xa4, 0x08, 0xa4, 0x08, 0xa4, 0x08, 0xa4, 0x10, 0xa4, 0x08, 0xa4, 0x08, 0xa4, 0x08, 0xa4, 0x10,
    0xa4, 0x08, 0xa4, 0x08, 0xa4, 0x08, 0xa4, 0x10, 0xa4, 0x08, 0xa4, 0x08, 0xa4, 0x08, 0xa4, 0x10,
    0xa4, 0x08, 0xa4, 0x08, 0xa4, 0x08, 0x12, 0x43, 0x3f, 0xcf, 0xa4, 0x08, 0xa4, 0x08, 0xa4, 0x10,
    0xa4, 0x08, 0xa4, 0x08, 0xa4, 0x08, 0xa4, 0x10, 0xa4, 0x08, 0xa4, 0x08, 0xa4, 0x08, 0xa4, 0x10,
    0xa4, 0x08, 0xa4, 0x08, 0xa4, 0x08, 0xa4, 0x10, 0xa4, 0x08, 0xa4, 0x08, 0xa4, 0x08, 0xa4, 0x10,
    0xa4, 0x08, 0xa4, 0x08, 0xa4, 0x08, 0xa4, 0x10, 0xa4, 0x08, 0xa4, 0x08, 0xa4, 0x08, 0xa4, 0x10,
    0xa4, 0x08, 0xa4, 0x08, 0xa4, 0x08, 0xd6, 0x53, 0xa4, 0x08, 0xa4, 0x08, 0xa4, 0x08, 0x12, 0x43,
    0x00, 0x00, 0x00, 0x00, 0x00, 0x00, 0x00, 0x00, 0x00, 0x00, 0x00, 0x00, 0x00, 0x00, 0x00, 0x00,
    0x00, 0x00, 0xd0, 0x3a, 0x3f, 0xc7, 0x00, 0x00, 0x00, 0x00, 0x00, 0x00, 0x00, 0x00, 0xd0, 0x3a,
    0x3f, 0xcf, 0x00, 0x00, 0x00, 0x00, 0x00, 0x00, 0x00, 0x00, 0x00, 0x00, 0x00, 0x00, 0x00, 0x00,
    0x00, 0x00, 0x00, 0x00, 0x00, 0x00, 0x00, 0x00, 0x00, 0x00, 0x00, 0x00, 0x00, 0x00, 0x00, 0x00,
    0x00, 0x00, 0x00, 0x00, 0x00, 0x00, 0x00, 0x00, 0x00, 0x00, 0x00, 0x00, 0x00, 0x00, 0x00, 0x00,
    0x00, 0x00, 0x00, 0x00, 0x00, 0x00, 0x00, 0x00, 0x00, 0x00, 0x00, 0x00, 0x00, 0x00, 0xd6, 0x53,
    0x00, 0x00, 0x00, 0x00, 0x00, 0x00, 0x00, 0x00, 0x00, 0x00, 0x00, 0x00, 0x00, 0x00, 0x00, 0x00,
    0xd0, 0x3a, 0x3f, 0xc7, 0x00, 0x00, 0x00, 0x00, 0x00, 0x00, 0x00, 0x00, 0x00, 0x00, 0x00, 0x00,
    0x00, 0x00, 0x00, 0x00, 0x00, 0x00, 0x00, 0x00, 0x00, 0x00, 0x00, 0x00, 0x00, 0x00, 0x00, 0x00,
    0x00, 0x00, 0x00, 0x00, 0x00, 0x00, 0x00, 0x00, 0x00, 0x00, 0x00, 0x00, 0x00, 0x00, 0x00, 0x00,
    0x00, 0x00, 0x00, 0x00, 0x00, 0x00, 0x00, 0x00, 0x00, 0x00, 0x00, 0x00, 0x00, 0x00, 0x00, 0x00,
    0xd6, 0x53, 0x00, 0x00, 0x00, 0x00, 0x00, 0x00, 0x00, 0x00, 0xd0, 0x3a, 0x3f, 0xc7, 0x00, 0x00,
    0x00, 0x00, 0x00, 0x00, 0x00, 0x00, 0x00, 0x00, 0x00, 0x00, 0x00, 0x00, 0x00, 0x00, 0x00, 0x00,
    0x00, 0x00, 0x00, 0x00, 0x00, 0x00, 0x00, 0x00, 0x00, 0x00, 0x00, 0x00, 0x00, 0x00, 0x00, 0x00,
    0x00, 0x00, 0x00, 0x00, 0x00, 0x00, 0xd0, 0x3a, 0x3f, 0xcf, 0x00, 0x00, 0x00, 0x00, 0x00, 0x00,
    0x00, 0x00, 0x00, 0x00, 0x00, 0x00, 0x00, 0x00, 0x00, 0x00, 0x94, 0x4b, 0xb5, 0x4b, 0x00, 0x00,
    0x00, 0x00, 0x00, 0x00, 0x00, 0x00, 0x00, 0x00, 0x00, 0x00, 0x00, 0x00, 0x00, 0x00, 0x00, 0x00,
    0x00, 0x00, 0x00, 0x00, 0x00, 0x00, 0x00, 0x00, 0xd0, 0x3a, 0x3f, 0xc7, 0x3f, 0xc7, 0x00, 0x00,
    0x00, 0x00, 0x00, 0x00, 0x00, 0x00, 0xb5, 0x4b, 0x00, 0x00, 0x00, 0x00, 0x00, 0x00, 0x00, 0x00,
    0x00, 0x00, 0x00, 0x00, 0x00, 0x00, 0x00, 0x00, 0x00, 0x00, 0x00, 0x00, 0x00, 0x00, 0x00, 0x00,
    0x21, 0x21, 0x21, 0x21, 0x21, 0x21, 0x22, 0x21, 0x21, 0x21, 0x21, 0x21, 0x21, 0x21, 0x22, 0x21,
    0x21, 0x21, 0x21, 0x21, 0x21, 0x21, 0x22, 0x21, 0xf6, 0x53, 0x21, 0x21, 0x21, 0x21, 0x22, 0x21,
    0x21, 0x21, 0xf8, 0xff, 0xf8, 0xff, 0xf9, 0xff, 0x21, 0x21, 0x21, 0x21, 0x21, 0x21, 0x22, 0x21,
    0x21, 0x21, 0x21, 0x21, 0x21, 0x21, 0x22, 0x21, 0x21, 0x21, 0x21, 0x21, 0x30, 0x43, 0x3f, 0xcf,
    0x21, 0x21, 0x21, 0x21, 0x21, 0x21, 0x22, 0x21, 0x21, 0x21, 0x21, 0x21, 0x21, 0x21, 0x22, 0x21,
    0x21, 0x21, 0x21, 0x21, 0x21, 0x21, 0x22, 0x21, 0x21, 0x21, 0x21, 0x21, 0x21, 0x21, 0x22, 0x21,
    0x21, 0x21, 0xf8, 0xff, 0xf8, 0xff, 0xf9, 0xff, 0x21, 0x21, 0x21, 0x21, 0x21, 0x21, 0x22, 0x21,
    0x21, 0x21, 0x21, 0x21, 0x21, 0x21, 0x22, 0x21, 0x21, 0x21, 0x21, 0x21, 0xf5, 0x53, 0x22, 0x21,
    0x21, 0x21, 0x21, 0x21, 0x21, 0x21, 0x22, 0x21, 0x21, 0x21, 0x21, 0x21, 0x21, 0x21, 0x22, 0x21,
    0x21, 0x21, 0x21, 0x21, 0x30, 0x43, 0x3f, 0xcf, 0x21, 0x21, 0x21, 0x21, 0x21, 0x21, 0x22, 0x21,
    0x21, 0x21, 0xf8, 0xff, 0xf8, 0xff, 0xf9, 0xff, 0x21, 0x21, 0x21, 0x21, 0x21, 0x21, 0x22, 0x21,
    0x21, 0x21, 0x21, 0x21, 0x21, 0x21, 0x22, 0x21, 0x21, 0x21, 0x21, 0x21, 0x21, 0x21, 0x22, 0x21,
    0x21, 0x21, 0x21, 0x21, 0x21, 0x21, 0x22, 0x21, 0x21, 0x21, 0x21, 0x21, 0x21, 0x21, 0x22, 0x21,
    0x21, 0x21, 0x21, 0x21, 0x38, 0x5c, 0x3f, 0xcf, 0x21, 0x21, 0x21, 0x21, 0x21, 0x21, 0x16, 0x54,
    0x21, 0x21, 0xf8, 0xff, 0xf8, 0xff, 0xf9, 0xff, 0x21, 0x21, 0x21, 0x21, 0x21, 0x21, 0x22, 0x21,
    0x21, 0x21, 0x21, 0x21, 0x21, 0x21, 0x22, 0x21, 0x21, 0x21, 0x21, 0x21, 0x21, 0x21, 0x22, 0x21,
    0x00, 0x00, 0x00, 0x00, 0x00, 0x00, 0x00, 0x00, 0x00, 0x00, 0x00, 0x00, 0x00, 0x00, 0x00, 0x00,
    0x00, 0x00, 0x00, 0x00, 0xb5, 0x4b, 0x00, 0x00, 0x00, 0x00, 0x00, 0x00, 0x00, 0x00, 0x00, 0x00,
    0x00, 0x00, 0x00, 0x00, 0x00, 0x00, 0x00, 0x00, 0x00, 0x00, 0x00, 0x00, 0x00, 0x00, 0xd0, 0x3a,
    0x3f, 0xcf, 0x00, 0x00, 0x00, 0x00, 0x00, 0x00, 0x00, 0x00, 0x00, 0x00, 0x00, 0x00, 0x00, 0x00,
    0x00, 0x00, 0x00, 0x00, 0x00, 0x00, 0x00, 0x00, 0x00, 0x00, 0x00, 0x00, 0x00, 0x00, 0x00, 0x00,
    0x00, 0x00, 0x00, 0x00, 0x00, 0x00, 0x00, 0x00, 0x00, 0x00, 0x00, 0x00, 0x00, 0x00, 0x00, 0x00,
    0x00, 0x00, 0x00, 0x00, 0x00, 0x00, 0x00, 0x00, 0x00, 0x00, 0x00, 0x00, 0x00, 0x00, 0xd6, 0x53,
    0x00, 0x00, 0x00, 0x00, 0x00, 0x00, 0x00, 0x00, 0x00, 0x00, 0x00, 0x00, 0x00, 0x00, 0x00, 0x00,
    0x00, 0x00, 0x00, 0x00, 0x00, 0x00, 0x00, 0x00, 0x00, 0x00, 0x00, 0x00, 0x00, 0x00, 0x00, 0x00,
    0x00, 0x00, 0x00, 0x00, 0x00, 0x00, 0x00, 0x00, 0x00, 0x00, 0x00, 0x00, 0x00, 0x00, 0xd0, 0x3a,
    0xbc, 0x8d, 0x3f, 0xc7, 0x00, 0x00, 0x00, 0x00, 0x00, 0x00, 0x00, 0x00, 0x00, 0x00, 0x00, 0x00,
    0x00, 0x00, 0x00, 0x00, 0x00, 0x00, 0x00, 0x00, 0x00, 0x00, 0x00, 0x00, 0x00, 0x00, 0x00, 0x00,
    0x00, 0x00, 0x00, 0x00, 0x00, 0x00, 0x00, 0x00, 0x00, 0x00, 0x00, 0x00, 0x00, 0x00, 0x00, 0x00,
    0x00, 0x00, 0x00, 0x00, 0x00, 0x00, 0x00, 0x00, 0x00, 0x00, 0x00, 0x00, 0x00, 0x00, 0x74, 0x4b,
    0xd6, 0x53, 0x00, 0x00, 0x00, 0x00, 0x00, 0x00, 0x00, 0x00, 0x00, 0x00, 0x00, 0x00, 0x00, 0x00,
    0x00, 0x00, 0x00, 0x00, 0x00, 0x00, 0x00, 0x00, 0x00, 0x00, 0x00, 0x00, 0x00, 0x00, 0x00, 0x00,
    0x00, 0x00, 0x00, 0x00, 0x00, 0x00, 0x00, 0x00, 0x00, 0x00, 0x00, 0x00, 0x00, 0x00, 0x00, 0x00,
    0x00, 0x00, 0x00, 0x00, 0x00, 0x00, 0x00, 0x00, 0x00, 0x00, 0x00, 0x00, 0x00, 0x00, 0x00, 0x00,
    0x19, 0x7d, 0x00, 0x00, 0x00, 0x00, 0x00, 0x00, 0x00, 0x00, 0x00, 0x00, 0x00, 0x00, 0x00, 0x00,
    0x00, 0x00, 0x00, 0x00, 0x00, 0x00, 0xd0, 0x3a, 0x3f, 0xcf, 0x00, 0x00, 0x00, 0x00, 0x00, 0x00,
    0x00, 0x00, 0x00, 0x00, 0x00, 0x00, 0x00, 0x00, 0x00, 0x00, 0x00, 0x00, 0x00, 0x00, 0x00, 0x00,
    0x00, 0x00, 0x00, 0x00, 0x00, 0x00, 0x00, 0x00, 0x00, 0x00, 0x00, 0x00, 0x00, 0x00, 0x00, 0x00,
    0x19, 0x7d, 0x00, 0x00, 0x00, 0x00, 0x00, 0x00, 0x00, 0x00, 0x00, 0x00, 0x00, 0x00, 0x00, 0x00,
    0x00, 0x00, 0x00, 0x00, 0x00, 0x00, 0xb5, 0x4b, 0x00, 0x00, 0x00, 0x00, 0x00, 0x00, 0xd0, 0x3a,
    0x00, 0x00, 0x00, 0x00, 0x00, 0x00, 0x00, 0x00, 0x00, 0x00, 0x00, 0x00, 0x00, 0x00, 0x00, 0x00,
    0x00, 0x00, 0xd0, 0x3a, 0x3f, 0xc7, 0x00, 0x00, 0x00, 0x00, 0x00, 0x00, 0x00, 0x00, 0xd0, 0x3a,
    0x3f, 0xcf, 0x00, 0x00, 0x00, 0x00, 0x00, 0x00, 0x00, 0x00, 0x00, 0x00, 0x00, 0x00, 0x00, 0x00,
    0x00, 0x00, 0x00, 0x00, 0x00, 0x00, 0x00, 0x00, 0x00, 0x00, 0x00, 0x00, 0x00, 0x00, 0x00, 0x00,
    0x00, 0x00, 0x00, 0x00, 0x00, 0x00, 0x00, 0x00, 0x00, 0x00, 0x00, 0x00, 0x00, 0x00, 0x00, 0x00,
    0x00, 0x00, 0x00, 0x00, 0x00, 0x00, 0x00, 0x00, 0x00, 0x00, 0x00, 0x00, 0x00, 0x00, 0xd6, 0x53,
    0x00, 0x00, 0x00, 0x00, 0x00, 0x00, 0x00, 0x00, 0x00, 0x00, 0x00, 0x00, 0x00, 0x00, 0x00, 0x00,
    0xd0, 0x3a, 0x3f, 0xc7, 0x00, 0x00, 0x00, 0x00, 0x00, 0x00, 0x00, 0x00, 0x00, 0x00, 0x00, 0x00,
    0x00, 0x00, 0x00, 0x00, 0x00, 0x00, 0x00, 0x00, 0x00, 0x00, 0x00, 0x00, 0x00, 0x00, 0x00, 0x00,
    0x00, 0x00, 0x00, 0x00, 0x00, 0x00, 0x00, 0x00, 0x00, 0x00, 0x00, 0x00, 0x00, 0x00, 0x00, 0x00,
    0x00, 0x00, 0x00, 0x00, 0x00, 0x00, 0x00, 0x00, 0x00, 0x00, 0x00, 0x00, 0x00, 0x00, 0x00, 0x00,
    0xd6, 0x53, 0x00, 0x00, 0x00, 0x00, 0x00, 0x00, 0x00, 0x00, 0xd0, 0x3a, 0x3f, 0xc7, 0x00, 0x00,
    0x00, 0x00, 0x00, 0x00, 0x00, 0x00, 0x00, 0x00, 0x00, 0x00, 0x00, 0x00, 0x00, 0x00, 0x00, 0x00,
    0x00, 0x00, 0x00, 0x00, 0x00, 0x00, 0x00, 0x00, 0x00, 0x00, 0x00, 0x00, 0x00, 0x00, 0x00, 0x00,
    0x00, 0x00, 0x00, 0x00, 0x00, 0x00, 0xd0, 0x3a, 0x3f, 0xcf, 0x00, 0x00, 0x00, 0x00, 0x00, 0x00,
    0x00, 0x00, 0x00, 0x00, 0x00, 0x00, 0x00, 0x00, 0x00, 0x00, 0x94, 0x4b, 0xb5, 0x4b, 0x00, 0x00,
    0x00, 0x00, 0x00, 0x00, 0x00, 0x00, 0x00, 0x00, 0x00, 0x00, 0x00, 0x00, 0x00, 0x00, 0x00, 0x00,
    0x00, 0x00, 0x00, 0x00, 0x00, 0x00, 0x00, 0x00, 0xd0, 0x3a, 0x3f, 0xc7, 0x3f, 0xc7, 0x00, 0x00,
    0x00, 0x00, 0x00, 0x00, 0x00, 0x00, 0xb5, 0x4b, 0x00, 0x00, 0x00, 0x00, 0x00, 0x00, 0x00, 0x00,
    0x00, 0x00, 0x00, 0x00, 0x00, 0x00, 0x00, 0x00, 0x00, 0x00, 0x00, 0x00, 0x00, 0x00, 0x00, 0x00,
    0x00, 0x00, 0x00, 0x00, 0x00, 0x00, 0x00, 0x00, 0x00, 0x00, 0x00, 0x00, 0x00, 0x00, 0x00, 0x00,
    0x00, 0x00, 0x00, 0x00, 0x00, 0x00, 0x00, 0x00, 0xd6, 0x53, 0x00, 0x00, 0x00, 0x00, 0x00, 0x00,
    0x00, 0x00, 0x00, 0x00, 0x00, 0x00, 0x00, 0x00, 0x00, 0x00, 0x00, 0x00, 0x00, 0x00, 0x00, 0x00,
    0x00, 0x00, 0x00, 0x00, 0x00, 0x00, 0x00, 0x00, 0x00, 0x00, 0x00, 0x00, 0xd0, 0x3a, 0x3f, 0xcf,
    0x00, 0x00, 0x00, 0x00, 0x00, 0x00, 0x00, 0x00, 0x00, 0x00, 0x00, 0x00, 0x00, 0x00, 0x00, 0x00,
    0x00, 0x00, 0x00, 0x00, 0x00, 0x00, 0x00, 0x00, 0x00, 0x00, 0x00, 0x00, 0x00, 0x00, 0x00, 0x00,
    0x00, 0x00, 0x00, 0x00, 0x00, 0x00, 0x00, 0x00, 0x00, 0x00, 0x00, 0x00, 0x00, 0x00, 0x00, 0x00,
    0x00, 0x00, 0x00, 0x00, 0x00, 0x00, 0x00, 0x00, 0x00, 0x00, 0x00, 0x00, 0xb5, 0x4b, 0x00, 0x00,
    0x00, 0x00, 0x00, 0x00, 0x00, 0x00, 0x00, 0x00, 0x00, 0x00, 0x00, 0x00, 0x00, 0x00, 0x00, 0x00,
    0x00, 0x00, 0x00, 0x00, 0xd0, 0x3a, 0x3f, 0xcf, 0x00, 0x00, 0x00, 0x00, 0x00, 0x00, 0x00, 0x00,
    0x00, 0x00, 0x00, 0x00, 0x00, 0x00, 0x00, 0x00, 0x00, 0x00, 0x00, 0x00, 0x00, 0x00, 0x00, 0x00,
    0x00, 0x00, 0x00, 0x00, 0x00, 0x00, 0x00, 0x00, 0x00, 0x00, 0x00, 0x00, 0x00, 0x00, 0x00, 0x00,
    0x00, 0x00, 0x00, 0x00, 0x00, 0x00, 0x00, 0x00, 0x00, 0x00, 0x00, 0x00, 0x00, 0x00, 0x00, 0x00,
    0x00, 0x00, 0x00, 0x00, 0x18, 0x54, 0x3f, 0xcf, 0x00, 0x00, 0x00, 0x00, 0x00, 0x00, 0xd6, 0x53,
    0x00, 0x00, 0x00, 0x00, 0x00, 0x00, 0x00, 0x00, 0x00, 0x00, 0x00, 0x00, 0x00, 0x00, 0x00, 0x00,
    0x00, 0x00, 0x00, 0x00, 0x00, 0x00, 0x00, 0x00, 0x00, 0x00, 0x00, 0x00, 0x00, 0x00, 0x00, 0x00,
    0x00, 0x00, 0x00, 0x00, 0x00, 0x00, 0x00, 0x00, 0x00, 0x00, 0x00, 0x00, 0x00, 0x00, 0x00, 0x00,
    0x00, 0x00, 0x00, 0x00, 0xb5, 0x4b, 0x00, 0x00, 0x00, 0x00, 0x00, 0x00, 0x00, 0x00, 0x00, 0x00,
    0x00, 0x00, 0x00, 0x00, 0x00, 0x00, 0x00, 0x00, 0x00, 0x00, 0x00, 0x00, 0x00, 0x00, 0xd0, 0x3a,
    0x3f, 0xcf, 0x00, 0x00, 0x00, 0x00, 0x00, 0x00, 0x00, 0x00, 0x00, 0x00, 0x00, 0x00, 0x00, 0x00,
    0x00, 0x00, 0x00, 0x00, 0x00, 0x00, 0x00, 0x00, 0x00, 0x00, 0x00, 0x00, 0x00, 0x00, 0x00, 0x00,
    0x00, 0x00, 0x00, 0x00, 0x00, 0x00, 0x00, 0x00, 0x00, 0x00, 0x00, 0x00, 0x00, 0x00, 0x00, 0x00,
    0x00, 0x00, 0x00, 0x00, 0x00, 0x00, 0x00, 0x00, 0x00, 0x00, 0x00, 0x00, 0x00, 0x00, 0xd6, 0x53,
    0x00, 0x00, 0x00, 0x00, 0x00, 0x00, 0x00, 0x00, 0x00, 0x00, 0x00, 0x00, 0x00, 0x00, 0x00, 0x00,
    0x00, 0x00, 0x00, 0x00, 0x00, 0x00, 0x00, 0x00, 0x00, 0x00, 0x00, 0x00, 0x00, 0x00, 0x00, 0x00,
    0x00, 0x00, 0x00, 0x00, 0x00, 0x00, 0x00, 0x00, 0x00, 0x00, 0x00, 0x00, 0x00, 0x00, 0xd0, 0x3a,
    0xbc, 0x8d, 0x3f, 0xc7, 0x00, 0x00, 0x00, 0x00, 0x00, 0x00, 0x00, 0x00, 0x00, 0x00, 0x00, 0x00,
    0x00, 0x00, 0x00, 0x00, 0x00, 0x00, 0x00, 0x00, 0x00, 0x00, 0x00, 0x00, 0x00, 0x00, 0x00, 0x00,
    0x00, 0x00, 0x00, 0x00, 0x00, 0x00, 0x00, 0x00, 0x00, 0x00, 0x00, 0x00, 0x00, 0x00, 0x00, 0x00,
    0x00, 0x00, 0x00, 0x00, 0x00, 0x00, 0x00, 0x00, 0x00, 0x00, 0x00, 0x00, 0x00, 0x00, 0x74, 0x4b,
    0xd6, 0x53, 0x00, 0x00, 0x00, 0x00, 0x00, 0x00, 0x00, 0x00, 0x00, 0x00, 0x00, 0x00, 0x00, 0x00,
    0x00, 0x00, 0x00, 0x00, 0x00, 0x00, 0x00, 0x00, 0x00, 0x00, 0x00, 0x00, 0x00, 0x00, 0x00, 0x00,
    0x00, 0x00, 0x00, 0x00, 0x00, 0x00, 0x00, 0x00, 0x00, 0x00, 0x00, 0x00, 0x00, 0x00, 0x00, 0x00,
    0x00, 0x00, 0x00, 0x00, 0x00, 0x00, 0x00, 0x00, 0x00, 0x00, 0x00, 0x00, 0x00, 0x00, 0x00, 0x00,
    0x00, 0x00, 0x00, 0x00, 0x00, 0x00, 0x00, 0x00, 0x00, 0x00, 0x00, 0x00, 0x00, 0x00, 0x00, 0x00,
    0x00, 0x00, 0x00, 0x00, 0x00, 0x00, 0xd0, 0x3a, 0x3f, 0xcf, 0x00, 0x00, 0x00, 0x00, 0x00, 0x00,
    0x00, 0x00, 0x00, 0x00, 0x00, 0x00, 0x00, 0x00, 0x00, 0x00, 0x00, 0x00, 0x00, 0x00, 0x00, 0x00,
    0x00, 0x00, 0x00, 0x00, 0x00, 0x00, 0x00, 0x00, 0x00, 0x00, 0x00, 0x00, 0x00, 0x00, 0x00, 0x00,
    0x00, 0x00, 0x00, 0x00, 0x00, 0x00, 0x00, 0x00, 0x00, 0x00, 0x00, 0x00, 0x00, 0x00, 0x00, 0x00,
    0x00, 0x00, 0x00, 0x00, 0x00, 0x00, 0xb5, 0x4b, 0x00, 0x00, 0x00, 0x00, 0x00, 0x00, 0xd0, 0x3a,
    0x00, 0x00, 0x00, 0x00, 0x00, 0x00, 0x00, 0x00, 0x00, 0x00, 0x00, 0x00, 0x00, 0x00, 0x00, 0x00,
    0x00, 0x00, 0xd0, 0x3a, 0x3f, 0xc7, 0x00, 0x00, 0x00, 0x00, 0x00, 0x00, 0x00, 0x00, 0xd0, 0x3a,
    0x3f, 0xcf, 0x00, 0x00, 0x00, 0x00, 0x00, 0x00, 0x00, 0x00, 0x00, 0x00, 0x00, 0x00, 0x00, 0x00,
    0x00, 0x00, 0x00, 0x00, 0x00, 0x00, 0x00, 0x00, 0x00, 0x00, 0x00, 0x00, 0x00, 0x00, 0x00, 0x00,
    0x00, 0x00, 0x00, 0x00, 0x00, 0x00, 0x00, 0x00, 0x00, 0x00, 0x00, 0x00, 0x00, 0x00, 0x00, 0x00,
    0x00, 0x00, 0x00, 0x00, 0x00, 0x00, 0x00, 0x00, 0x00, 0x00, 0x00, 0x00, 0x00, 0x00, 0xd6, 0x53,
    0x00, 0x00, 0x00, 0x00, 0x00, 0x00, 0x00, 0x00, 0x00, 0x00, 0x00, 0x00, 0x00, 0x00, 0x00, 0x00,
    0xd0, 0x3a, 0x3f, 0xc7, 0x00, 0x00, 0x00, 0x00, 0x00, 0x00, 0x00, 0x00, 0x00, 0x00, 0x00, 0x00,
    0x00, 0x00, 0x00, 0x00, 0x00, 0x00, 0x00, 0x00, 0x00, 0x00, 0x00, 0x00, 0x00, 0x00, 0x00, 0x00,
    0x00, 0x00, 0x00, 0x00, 0x00, 0x00, 0x00, 0x00, 0x00, 0x00, 0x00, 0x00, 0x00, 0x00, 0x00, 0x00,
    0x00, 0x00, 0x00, 0x00, 0x00, 0x00, 0x00, 0x00, 0x00, 0x00, 0x00, 0x00, 0x00, 0x00, 0x00, 0x00,
    0xd6, 0x53, 0x00, 0x00, 0x00, 0x00, 0x00, 0x00, 0x00, 0x00, 0xd0, 0x3a, 0x3f, 0xc7, 0x00, 0x00,
    0x00, 0x00, 0x00, 0x00, 0x00, 0x00, 0x00, 0x00, 0x00, 0x00, 0x00, 0x00, 0x00, 0x00, 0x00, 0x00,
    0x00, 0x00, 0x00, 0x00, 0x00, 0x00, 0x00, 0x00, 0x00, 0x00, 0x00, 0x00, 0x00, 0x00, 0x00, 0x00,
    0x00, 0x00, 0x00, 0x00, 0x00, 0x00, 0xd0, 0x3a, 0x3f, 0xcf, 0x00, 0x00, 0x00, 0x00, 0x00, 0x00,
    0x00, 0x00, 0x00, 0x00, 0x00, 0x00, 0x00, 0x00, 0x00, 0x00, 0x94, 0x4b, 0xb5, 0x4b, 0x00, 0x00,
    0x00, 0x00, 0x00, 0x00, 0x00, 0x00, 0x00, 0x00, 0x00, 0x00, 0x00, 0x00, 0x00, 0x00, 0x00, 0x00,
    0x00, 0x00, 0x00, 0x00, 0x00, 0x00, 0x00, 0x00, 0x00, 0x00, 0x00, 0x00, 0x00, 0x00, 0x00, 0x00,
    0x00, 0x00, 0x00, 0x00, 0x00, 0x00, 0xb5, 0x4b, 0x00, 0x00, 0x00, 0x00, 0x00, 0x00, 0x00, 0x00,
    0x00, 0x00, 0x00, 0x00, 0x00, 0x00, 0x00, 0x00, 0x00, 0x00, 0x00, 0x00, 0x00, 0x00, 0x00, 0x00,
    0x00, 0x00, 0x00, 0x00, 0x00, 0x00, 0x00, 0x00, 0x00, 0x00, 0x00, 0x00, 0x00, 0x00, 0x00, 0x00,
    0x00, 0x00, 0x00, 0x00, 0x00, 0x00, 0x00, 0x00, 0x00, 0x00, 0x00, 0x00, 0x00, 0x00, 0x00, 0x00,
    0x00, 0x00, 0x00, 0x00, 0x00, 0x00, 0x00, 0x00, 0x00, 0x00, 0x00, 0x00, 0x00, 0x00, 0x00, 0x00,
    0x00, 0x00, 0x00, 0x00, 0x00, 0x00, 0x00, 0x00, 0x00, 0x00, 0x00, 0x00, 0x00, 0x00, 0x00, 0x00,
    0x00, 0x00, 0x00, 0x00, 0x00, 0x00, 0x00, 0x00, 0x00, 0x00, 0x00, 0x00, 0x00, 0x00, 0x00, 0x00,
    0x00, 0x00, 0x00, 0x00, 0x00, 0x00, 0x00, 0x00, 0x00, 0x00, 0x00, 0x00, 0x00, 0x00, 0x00, 0x00,
    0x00, 0x00, 0x00, 0x00, 0x00, 0x00, 0x00, 0x00, 0x00, 0x00, 0x00, 0x00, 0x00, 0x00, 0x00, 0x00,
    0x00, 0x00, 0x00, 0x00, 0x00, 0x00, 0x00, 0x00, 0x00, 0x00, 0x00, 0x00, 0x00, 0x00, 0x00, 0x00,
    0x00, 0x00, 0x00, 0x00, 0x00, 0x00, 0x00, 0x00, 0x00, 0x00, 0x00, 0x00, 0x00, 0x00, 0x00, 0x00,
    0x00, 0x00, 0x00, 0x00, 0x00, 0x00, 0x00, 0x00, 0x00, 0x00, 0x00, 0x00, 0x00, 0x00, 0x00, 0x00,
    0x00, 0x00, 0x00, 0x00, 0x00, 0x00, 0x00, 0x00, 0x00, 0x00, 0x00, 0x00, 0x00, 0x00, 0x00, 0x00,
    0x00, 0x00, 0x00, 0x00, 0x00, 0x00, 0x00, 0x00, 0x00, 0x00, 0x00, 0x00, 0x00, 0x00, 0x00, 0x00,
    0x00, 0x00, 0x00, 0x00, 0x00, 0x00, 0x00, 0x00, 0x00, 0x00, 0x00, 0x00, 0x00, 0x00, 0x00, 0x00,
    0x00, 0x00, 0x00, 0x00, 0x00, 0x00, 0x00, 0x00, 0x00, 0x00, 0x00, 0x00, 0x00, 0x00, 0x00, 0x00,
    0x00, 0x00, 0x00, 0x00, 0x00, 0x00, 0x00, 0x00, 0x00, 0x00, 0x00, 0x00, 0x00, 0x00, 0x00, 0x00,
    0x00, 0x00, 0x00, 0x00, 0x00, 0x00, 0x00, 0x00, 0x00, 0x00, 0x00, 0x00, 0x00, 0x00, 0x00, 0x00,
    0x00, 0x00, 0x00, 0x00, 0x00, 0x00, 0x00, 0x00, 0x00, 0x00, 0x00, 0x00, 0x00, 0x00, 0x00, 0x00,
    0x00, 0x00, 0x00, 0x00, 0x00, 0x00, 0x00, 0x00, 0x00, 0x00, 0x00, 0x00, 0x00, 0x00, 0x00, 0x00,
    0x00, 0x00, 0x00, 0x00, 0x00, 0x00, 0x00, 0x00, 0x00, 0x00, 0x00, 0x00, 0x00, 0x00, 0x00, 0x00,
    0x00, 0x00, 0x00, 0x00, 0x00, 0x00, 0x00, 0x00, 0x00, 0x00, 0x00, 0x00, 0x00, 0x00, 0x00, 0x00,
    0x00, 0x00, 0x00, 0x00, 0x00, 0x00, 0x00, 0x00, 0x00, 0x00, 0x00, 0x00, 0x00, 0x00, 0x00, 0x00,
    0x00, 0x00, 0x00, 0x00, 0x00, 0x00, 0x00, 0x00, 0x00, 0x00, 0x00, 0x00, 0x00, 0x00, 0x00, 0x00,
    0x00, 0x00, 0x00, 0x00, 0x00, 0x00, 0x00, 0x00, 0x00, 0x00, 0x00, 0x00, 0x00, 0x00, 0x00, 0x00,
    0x00, 0x00, 0x00, 0x00, 0x00, 0x00, 0x00, 0x00, 0x00, 0x00, 0x00, 0x00, 0x00, 0x00, 0x00, 0x00,
    0x00, 0x00, 0x00, 0x00, 0x00, 0x00, 0x00, 0x00, 0x00, 0x00, 0x00, 0x00, 0x00, 0x00, 0x00, 0x00,
    0x00, 0x00, 0x00, 0x00, 0x00, 0x00, 0x00, 0x00, 0x00, 0x00, 0x00, 0x00, 0x00, 0x00, 0x00, 0x00,
    0x00, 0x00, 0x00, 0x00, 0x00, 0x00, 0x00, 0x00, 0x00, 0x00, 0x00, 0x00, 0x00, 0x00, 0x00, 0x00,
    0x00, 0x00, 0x00, 0x00, 0x00, 0x00, 0x00, 0x00, 0x00, 0x00, 0x00, 0x00, 0x00, 0x00, 0x00, 0x00,
    0x00, 0x00, 0x00, 0x00, 0x00, 0x00, 0x00, 0x00, 0x00, 0x00, 0x00, 0x00, 0x00, 0x00, 0x00, 0x00,
    0x00, 0x00, 0x00, 0x00, 0x00, 0x00, 0x00, 0x00, 0x00, 0x00, 0x00, 0x00, 0x00, 0x00, 0x00, 0x00,
    0x00, 0x00, 0x00, 0x00, 0x00, 0x00, 0x00, 0x00, 0x00, 0x00, 0x00, 0x00, 0x00, 0x00, 0x00, 0x00,
    0x00, 0x00, 0x00, 0x00, 0x00, 0x00, 0x00, 0x00, 0x00, 0x00, 0x00, 0x00, 0x00, 0x00, 0x00, 0x00,
    0x00, 0x00, 0x00, 0x00, 0x00, 0x00, 0x00, 0x00, 0x00, 0x00, 0x00, 0x00, 0x00, 0x00, 0x00, 0x00,
    0x00, 0x00, 0x00, 0x00, 0x00, 0x00, 0x00, 0x00, 0x00, 0x00, 0x00, 0x00, 0x00, 0x00, 0x00, 0x00,
    0x00, 0x00, 0x00, 0x00, 0x00, 0x00, 0x00, 0x00, 0x00, 0x00, 0x00, 0x00, 0x00, 0x00, 0x00, 0x00,
    0x00, 0x00, 0x00, 0x00, 0x00, 0x00, 0x00, 0x00, 0x00, 0x00, 0x00, 0x00, 0x00, 0x00, 0x00, 0x00,
    0x00, 0x00, 0x00, 0x00, 0x00, 0x00, 0x00, 0x00, 0x00, 0x00, 0x00, 0x00, 0x00, 0x00, 0x00, 0x00,
    0x00, 0x00, 0x00, 0x00, 0x00, 0x00, 0x00, 0x00, 0x00, 0x00, 0x00, 0x00, 0x00, 0x00, 0x00, 0x00,
    0x00, 0x00, 0x00, 0x00, 0x00, 0x00, 0x00, 0x00, 0x00, 0x00, 0x00, 0x00, 0x00, 0x00, 0x00, 0x00,
    0x00, 0x00, 0x00, 0x00, 0x00, 0x00, 0x00, 0x00, 0x00, 0x00, 0x00, 0x00, 0x00, 0x00, 0x00, 0x00,
    0x00, 0x00, 0x00, 0x00, 0x00, 0x00, 0x00, 0x00, 0x00, 0x00, 0x00, 0x00, 0x00, 0x00, 0x00, 0x00,
    0x00, 0x00, 0x00, 0x00, 0x00, 0x00, 0x00, 0x00, 0x00, 0x00, 0x00, 0x00, 0x00, 0x00, 0x00, 0x00,
    0x00, 0x00, 0x00, 0x00, 0x00, 0x00, 0x00, 0x00, 0x00, 0x00, 0x00, 0x00, 0x00, 0x00, 0x00, 0x00,
    0x00, 0x00, 0x00, 0x00, 0x00, 0x00, 0x00, 0x00, 0x00, 0x00, 0x00, 0x00, 0x00, 0x00, 0x00, 0x00,
    0x00, 0x00, 0x00, 0x00, 0x00, 0x00, 0x00, 0x00, 0x00, 0x00, 0x00, 0x00, 0x00, 0x00, 0x00, 0x00,
    0x00, 0x00, 0x00, 0x00, 0x00, 0x00, 0x00, 0x00, 0x00, 0x00, 0x00, 0x00, 0x00, 0x00, 0x00, 0x00,
    0x00, 0x00, 0x00, 0x00, 0x00, 0x00, 0x00, 0x00, 0x00, 0x00, 0x00, 0x00, 0x00, 0x00, 0x00, 0x00,
    0x00, 0x00, 0x00, 0x00, 0x00, 0x00, 0x00, 0x00, 0x00, 0x00, 0x00, 0x00, 0x00, 0x00, 0x00, 0x00,
    0x00, 0x00, 0x00, 0x00, 0x00, 0x00, 0x00, 0x00, 0x00, 0x00, 0x00, 0x00, 0x00, 0x00, 0x00, 0x00,
    0x00, 0x00, 0x00, 0x00, 0x00, 0x00, 0x00, 0x00, 0x00, 0x00, 0x00, 0x00, 0x00, 0x00, 0x00, 0x00,
    0x00, 0x00, 0x00, 0x00, 0x00, 0x00, 0x00, 0x00, 0x00, 0x00, 0x00, 0x00, 0x00, 0x00, 0x00, 0x00,
    0x00, 0x00, 0x00, 0x00, 0x00, 0x00, 0x00, 0x00, 0x00, 0x00, 0x00, 0x00, 0x00, 0x00, 0x00, 0x00,
    0x00, 0x00, 0x00, 0x00, 0x00, 0x00, 0x00, 0x00, 0x00, 0x00, 0x00, 0x00, 0x00, 0x00, 0x00, 0x00,
    0x00, 0x00, 0x00, 0x00, 0x00, 0x00, 0x00, 0x00, 0x00, 0x00, 0x00, 0x00, 0x00, 0x00, 0x00, 0x00,
    0x00, 0x00, 0x00, 0x00, 0x00, 0x00, 0x00, 0x00, 0x00, 0x00, 0x00, 0x00, 0x00, 0x00, 0x00, 0x00,
    0x00, 0x00, 0x00, 0x00, 0x00, 0x00, 0x00, 0x00, 0x00, 0x00, 0x00, 0x00, 0x00, 0x00, 0x00, 0x00,
    0x00, 0x00, 0x00, 0x00, 0x00, 0x00, 0x00, 0x00, 0x00, 0x00, 0x00, 0x00, 0x00, 0x00, 0x00, 0x00,
    0x00, 0x00, 0x00, 0x00, 0x00, 0x00, 0x00, 0x00, 0x00, 0x00, 0x00, 0x00, 0x00, 0x00, 0x00, 0x00,
    0x00, 0x00, 0x00, 0x00, 0x00, 0x00, 0x00, 0x00, 0x00, 0x00, 0x00, 0x00, 0x00, 0x00, 0x00, 0x00,
    0x00, 0x00, 0x00, 0x00, 0x00, 0x00, 0x00, 0x00, 0x00, 0x00, 0x00, 0x00, 0x00, 0x00, 0x00, 0x00,
    0x00, 0x00, 0x00, 0x00, 0x00, 0x00, 0x00, 0x00, 0x00, 0x00, 0x00, 0x00, 0x00, 0x00, 0x00, 0x00,
    0x00, 0x00, 0x00, 0x00, 0x00, 0x00, 0x00, 0x00, 0x00, 0x00, 0x00, 0x00, 0x00, 0x00, 0x00, 0x00,
    0x00, 0x00, 0x00, 0x00, 0x00, 0x00, 0x00, 0x00, 0x00, 0x00, 0x00, 0x00, 0x00, 0x00, 0x00, 0x00,
    0x00, 0x00, 0x00, 0x00, 0x00, 0x00, 0x00, 0x00, 0x00, 0x00, 0x00, 0x00, 0x00, 0x00, 0x00, 0x00,
    0x00, 0x00, 0x00, 0x00, 0x00, 0x00, 0x00, 0x00, 0x00, 0x00, 0x00, 0x00, 0x00, 0x00, 0x00, 0x00,
    0x00, 0x00, 0x00, 0x00, 0x00, 0x00, 0x00, 0x00, 0x00, 0x00, 0xd0, 0x3a, 0x3f, 0xc7, 0x00, 0x00,
    0x00, 0x00, 0x00, 0x00, 0x00, 0x00, 0x00, 0x00, 0x00, 0x00, 0x00, 0x00, 0x00, 0x00, 0x00, 0x00,
    0x00, 0x00, 0x00, 0x00, 0x00, 0x00, 0x00, 0x00, 0x00, 0x00, 0x00, 0x00, 0xd0, 0x3a, 0x3f, 0xc7,
    0x00, 0x00, 0x00, 0x00, 0x00, 0x00, 0x00, 0x00, 0x00, 0x00, 0x00, 0x00, 0x00, 0x00, 0x00, 0x00,
    0x00, 0x00, 0x00, 0x00, 0x00, 0x00, 0x00, 0x00, 0x00, 0x00, 0x00, 0x00, 0x00, 0x00, 0x00, 0x00,
    0x00, 0x00, 0x00, 0x00, 0x00, 0x00, 0x00, 0x00, 0x00, 0x00, 0x00, 0x00, 0x00, 0x00, 0x00, 0x00,
    0x00, 0x00, 0x00, 0x00, 0x00, 0x00, 0x00, 0x00, 0x00, 0x00, 0x00, 0x00, 0x00, 0x00, 0xb5, 0x4b,
    0x00, 0x00, 0x00, 0x00, 0x00, 0x00, 0x00, 0x00, 0x00, 0x00, 0x00, 0x00, 0x00, 0x00, 0x00, 0x00,
    0x00, 0x00, 0x00, 0x00, 0x8f, 0x32, 0xbd, 0xbe, 0x00, 0x00, 0x00, 0x00, 0x00, 0x00, 0xd0, 0x3a,
    0x3f, 0xcf, 0x00, 0x00, 0x00, 0x00, 0x00, 0x00, 0x00, 0x00, 0x00, 0x00, 0x00, 0x00, 0x00, 0x00,
    0x00, 0x00, 0x00, 0x00, 0x00, 0x00, 0x00, 0x00, 0x00, 0x00, 0x00, 0x00, 0x00, 0x00, 0x00, 0x00,
    0x00, 0x00, 0x00, 0x00, 0x00, 0x00, 0x00, 0x00, 0x00, 0x00, 0x00, 0x00, 0x00, 0x00, 0x00, 0x00,
    0x00, 0x00, 0x00, 0x00, 0xb0, 0x3a, 0x1f, 0xc7, 0x00, 0x00, 0x00, 0x00, 0x00, 0x00, 0x00, 0x00,
    0x32, 0x43, 0x00, 0x00, 0x00, 0x00, 0x00, 0x00, 0x00, 0x00, 0x00, 0x00, 0x00, 0x00, 0x00, 0x00,
    0x00, 0x00, 0x00, 0x00, 0x00, 0x00, 0x00, 0x00, 0x00, 0x00, 0x00, 0x00, 0x00, 0x00, 0x00, 0x00,
    0x00, 0x00, 0x00, 0x00, 0x00, 0x00, 0x00, 0x00, 0x00, 0x00, 0x00, 0x00, 0x00, 0x00, 0x00, 0x00,
    0x00, 0x00, 0x00, 0x00, 0x00, 0x00, 0xb0, 0x3a, 0x00, 0x00, 0x00, 0x00, 0x00, 0x00, 0x00, 0x00,
    0x00, 0x00, 0x00, 0x00, 0x00, 0x00, 0x00, 0x00, 0x00, 0x00, 0x00, 0x00, 0x00, 0x00, 0xb0, 0x3a,
    0x3f, 0xcf, 0x00, 0x00, 0x00, 0x00, 0x00, 0x00, 0x00, 0x00, 0x00, 0x00, 0x00, 0x00, 0x00, 0x00,
    0x00, 0x00, 0x00, 0x00, 0x00, 0x00, 0x00, 0x00, 0x00, 0x00, 0x00, 0x00, 0x00, 0x00, 0x00, 0x00,
    0x00, 0x00, 0x00, 0x00, 0x00, 0x00, 0x00, 0x00, 0x00, 0x00, 0x00, 0x00, 0x00, 0x00, 0x00, 0x00,
    0x00, 0x00, 0x00, 0x00, 0x00, 0x00, 0x00, 0x00, 0x00, 0x00, 0x00, 0x00, 0x00, 0x00, 0x00, 0x00,
    0xd0, 0x3a, 0x00, 0x00, 0x00, 0x00, 0x00, 0x00, 0x00, 0x00, 0x00, 0x00, 0x00, 0x00, 0x00, 0x00,
    0x00, 0x00, 0x00, 0x00, 0x00, 0x00, 0x00, 0x00, 0x00, 0x00, 0x00, 0x00, 0x00, 0x00, 0x00, 0x00,
    0x00, 0x00, 0x00, 0x00, 0x00, 0x00, 0x00, 0x00, 0x00, 0x00, 0x00, 0x00, 0x00, 0x00, 0x8e, 0x32,
    0x7c, 0x85, 0x3f, 0xcf, 0x00, 0x00, 0x00, 0x00, 0x00, 0x00, 0x00, 0x00, 0x00, 0x00, 0x00, 0x00,
    0x00, 0x00, 0x00, 0x00, 0x00, 0x00, 0x00, 0x00, 0x00, 0x00, 0x00, 0x00, 0x00, 0x00, 0x00, 0x00,
    0xa4, 0x10, 0xa4, 0x08, 0xa4, 0x08, 0xa4, 0x08, 0xa4, 0x10, 0xa4, 0x08, 0xa4, 0x08, 0xa4, 0x08,
    0xa4, 0x10, 0xa4, 0x08, 0xa4, 0x08, 0xa4, 0x08, 0xa4, 0x10, 0xa4, 0x08, 0xa4, 0x08, 0xa4, 0x08,
    0xa4, 0x10, 0x53, 0x43, 0xa4, 0x08, 0xa4, 0x08, 0xa4, 0x10, 0xa4, 0x08, 0xa4, 0x08, 0xa4, 0x08,
    0xa4, 0x10, 0xa4, 0x08, 0xa4, 0x08, 0xa4, 0x08, 0x12, 0x43, 0x3f, 0xcf, 0xa4, 0x08, 0xa4, 0x08,
    0xa4, 0x10, 0xa4, 0x08, 0xa4, 0x08, 0xa4, 0x08, 0xa4, 0x10, 0xa4, 0x08, 0xa4, 0x08, 0xa4, 0x08,
    0xa4, 0x10, 0xa4, 0x08, 0xa4, 0x08, 0xa4, 0x08, 0xa4, 0x10, 0xa4, 0x08, 0xa4, 0x08, 0xa4, 0x08,
    0xa4, 0x10, 0xa4, 0x08, 0xa4, 0x08, 0xa4, 0x08, 0xa4, 0x10, 0xa4, 0x08, 0xa4, 0x08, 0xa4, 0x08,
    0xa4, 0x10, 0xa4, 0x08, 0xa4, 0x08, 0xf1, 0x3a, 0x1f, 0xc7, 0x53, 0x43, 0xa4, 0x08, 0xa4, 0x08,
    0x00, 0x00, 0x00, 0x00, 0x00, 0x00, 0x00, 0x00, 0x00, 0x00, 0x00, 0x00, 0x00, 0x00, 0x00, 0x00,
    0x00, 0x00, 0x00, 0x00, 0x00, 0x00, 0x00, 0x00, 0x00, 0x00, 0x00, 0x00, 0x00, 0x00, 0x00, 0x00,
    0x00, 0x00, 0x00, 0x00, 0x00, 0x00, 0x00, 0x00, 0x00, 0x00, 0x00, 0x00, 0x00, 0x00, 0x00, 0x00,
    0x00, 0x00, 0x00, 0x00, 0x00, 0x00, 0x00, 0x00, 0xd0, 0x3a, 0x00, 0x00, 0x00, 0x00, 0x00, 0x00,
    0x00, 0x00, 0x00, 0x00, 0x00, 0x00, 0x00, 0x00, 0x00, 0x00, 0x00, 0x00, 0x00, 0x00, 0x00, 0x00,
    0x00, 0x00, 0x00, 0x00, 0x53, 0x43, 0x00, 0x00, 0x00, 0x00, 0x00, 0x00, 0x00, 0x00, 0xd0, 0x3a,
    0x3f, 0xcf, 0x00, 0x00, 0x00, 0x00, 0x00, 0x00, 0x00, 0x00, 0x00, 0x00, 0x00, 0x00, 0x00, 0x00,
    0x00, 0x00, 0x00, 0x00, 0x00, 0x00, 0x00, 0x00, 0x00, 0x00, 0x00, 0x00, 0x00, 0x00, 0x00, 0x00,
    0x00, 0x00, 0x00, 0x00, 0x00, 0x00, 0x00, 0x00, 0x00, 0x00, 0x00, 0x00, 0x00, 0x00, 0x00, 0x00,
    0x00, 0x00, 0x00, 0x00, 0x00, 0x00, 0x00, 0x00, 0x00, 0x00, 0x00, 0x00, 0x00, 0x00, 0x00, 0x00,
    0x11, 0x43, 0x00, 0x00, 0x00, 0x00, 0x00, 0x00, 0x00, 0x00, 0x00, 0x00, 0x00, 0x00, 0x00, 0x00,
    0xd0, 0x3a, 0x3f, 0xcf, 0x00, 0x00, 0x00, 0x00, 0x00, 0x00, 0x00, 0x00, 0x00, 0x00, 0x00, 0x00,
    0x00, 0x00, 0x00, 0x00, 0x00, 0x00, 0x00, 0x00, 0x00, 0x00, 0x00, 0x00, 0x00, 0x00, 0x00, 0x00,
    0x00, 0x00, 0x00, 0x00, 0x00, 0x00, 0x00, 0x00, 0x00, 0x00, 0x00, 0x00, 0x00, 0x00, 0x00, 0x00,
    0x00, 0x00, 0x00, 0x00, 0x00, 0x00, 0x00, 0x00, 0x00, 0x00, 0x00, 0x00, 0x00, 0x00, 0x00, 0x00,
    0x00, 0x00, 0x11, 0x43, 0x00, 0x00, 0x00, 0x00, 0x00, 0x00, 0xaf, 0x3a, 0x7c, 0x85, 0x3f, 0xc7,
    0x00, 0x00, 0x00, 0x00, 0x00, 0x00, 0x00, 0x00, 0x00, 0x00, 0x00, 0x00, 0x00, 0x00, 0x00, 0x00,
    0x00, 0x00, 0x00, 0x00, 0x00, 0x00, 0x00, 0x00, 0x00, 0x00, 0x00, 0x00, 0x00, 0x00, 0x00, 0x00,
    0x00, 0x00, 0x00, 0x00, 0x00, 0x00, 0xaf, 0x32, 0xfe, 0xc6, 0x00, 0x00, 0x00, 0x00, 0x00, 0x00,
    0x00, 0x00, 0x00, 0x00, 0x00, 0x00, 0x00, 0x00, 0x00, 0x00, 0x00, 0x00, 0x8f, 0x32, 0x32, 0x43,
    0x22, 0x21, 0x21, 0x21, 0x21, 0x21, 0x21, 0x21, 0x22, 0x21, 0x21, 0x21, 0x21, 0x21, 0x21, 0x21,
    0x22, 0x21, 0x21, 0x21, 0x21, 0x21, 0x21, 0x21, 0x51, 0x4b, 0x3f, 0xcf, 0x93, 0x4b, 0x21, 0x21,
    0xf9, 0xff, 0xf9, 0xff, 0xf8, 0xff, 0x21, 0x21, 0x30, 0x4b, 0x21, 0x21, 0x21, 0x21, 0x21, 0x21,
    0x22, 0x21, 0x21, 0x21, 0x21, 0x21, 0x21, 0x21, 0x22, 0x21, 0x21, 0x21, 0x21, 0x21, 0x21, 0x21,
    0x22, 0x21, 0x21, 0x21, 0x21, 0x21, 0x21, 0x21, 0x22, 0x21, 0x21, 0x21, 0x21, 0x21, 0x21, 0x21,
    0x22, 0x21, 0x21, 0x21, 0x21, 0x21, 0x21, 0x21, 0x22, 0x21, 0x51, 0x4b, 0x21, 0x21, 0x21, 0x21,
    0xf9, 0xff, 0xf9, 0xff, 0xf8, 0xff, 0x21, 0x21, 0x22, 0x21, 0x21, 0x21, 0x21, 0x21, 0x21, 0x21,
    0x22, 0x21, 0x21, 0x21, 0x21, 0x21, 0x21, 0x21, 0x22, 0x21, 0x21, 0x21, 0x30, 0x43, 0x3f, 0xc7,
    0x22, 0x21, 0x21, 0x21, 0x21, 0x21, 0x21, 0x21, 0x22, 0x21, 0x21, 0x21, 0x21, 0x21, 0x21, 0x21,
    0x22, 0x21, 0x21, 0x21, 0x21, 0x21, 0x21, 0x21, 0x22, 0x21, 0x21, 0x21, 0x21, 0x21, 0x21, 0x21,
    0xf9, 0xff, 0xf9, 0xff, 0xf8, 0xff, 0x21, 0x21, 0x22, 0x21, 0x21, 0x21, 0x21, 0x21, 0x21, 0x21,
    0x22, 0x21, 0x21, 0x21, 0x21, 0x21, 0x21, 0x21, 0x22, 0x21, 0x21, 0x21, 0x21, 0x21, 0x51, 0x4b,
    0x22, 0x21, 0x21, 0x21, 0x21, 0x21, 0x21, 0x21, 0x22, 0x21, 0x21, 0x21, 0x21, 0x21, 0x21, 0x21,
    0x22, 0x21, 0x21, 0x21, 0x0f, 0x43, 0xbd, 0xbe, 0x22, 0x21, 0x21, 0x21, 0x21, 0x21, 0x30, 0x43,
    0x3f, 0xcf, 0xf9, 0xff, 0xf8, 0xff, 0x21, 0x21, 0x22, 0x21, 0x21, 0x21, 0x21, 0x21, 0x21, 0x21,
    0x22, 0x21, 0x21, 0x21, 0x21, 0x21, 0x21, 0x21, 0x22, 0x21, 0x21, 0x21, 0x21, 0x21, 0x21, 0x21,
    0x00, 0x00, 0x00, 0x00, 0x00, 0x00, 0x00, 0x00, 0x00, 0x00, 0x00, 0x00, 0x00, 0x00, 0x00, 0x00,
    0x00, 0x00, 0x00, 0x00, 0xb0, 0x3a, 0x1f, 0xc7, 0x00, 0x00, 0x00, 0x00, 0x00, 0x00, 0x00, 0x00,
    0x32, 0x43, 0x00, 0x00, 0x00, 0x00, 0x00, 0x00, 0x00, 0x00, 0x00, 0x00, 0x00, 0x00, 0x00, 0x00,
    0x00, 0x00, 0x00, 0x00, 0x00, 0x00, 0x00, 0x00, 0x00, 0x00, 0x00, 0x00, 0x00, 0x00, 0x00, 0x00,
    0x00, 0x00, 0x00, 0x00, 0x00, 0x00, 0x00, 0x00, 0x00, 0x00, 0x00, 0x00, 0x00, 0x00, 0x00, 0x00,
    0x00, 0x00, 0x00, 0x00, 0x00, 0x00, 0xb0, 0x3a, 0x00, 0x00, 0x00, 0x00, 0x00, 0x00, 0x00, 0x00,
    0x00, 0x00, 0x00, 0x00, 0x00, 0x00, 0x00, 0x00, 0x00, 0x00, 0x00, 0x00, 0x00, 0x00, 0xb0, 0x3a,
    0x3f, 0xcf, 0x00, 0x00, 0x00, 0x00, 0x00, 0x00, 0x00, 0x00, 0x00, 0x00, 0x00, 0x00, 0x00, 0x00,
    0x00, 0x00, 0x00, 0x00, 0x00, 0x00, 0x00, 0x00, 0x00, 0x00, 0x00, 0x00, 0x00, 0x00, 0x00, 0x00,
    0x00, 0x00, 0x00, 0x00, 0x00, 0x00, 0x00, 0x00, 0x00, 0x00, 0x00, 0x00, 0x00, 0x00, 0x00, 0x00,
    0x00, 0x00, 0x00, 0x00, 0x00, 0x00, 0x00, 0x00, 0x00, 0x00, 0x00, 0x00, 0x00, 0x00, 0x00, 0x00,
    0xd0, 0x3a, 0x00, 0x00, 0x00, 0x00, 0x00, 0x00, 0x00, 0x00, 0x00, 0x00, 0x00, 0x00, 0x00, 0x00,
    0x00, 0x00, 0x00, 0x00, 0x00, 0x00, 0x00, 0x00, 0x00, 0x00, 0x00, 0x00, 0x00, 0x00, 0x00, 0x00,
    0x00, 0x00, 0x00, 0x00, 0x00, 0x00, 0x00, 0x00, 0x00, 0x00, 0x00, 0x00, 0x00, 0x00, 0x8e, 0x32,
    0x7c, 0x85, 0x3f, 0xcf, 0x00, 0x00, 0x00, 0x00, 0x00, 0x00, 0x00, 0x00, 0x00, 0x00, 0x00, 0x00,
    0x00, 0x00, 0x00, 0x00, 0x00, 0x00, 0x00, 0x00, 0x00, 0x00, 0x00, 0x00, 0x00, 0x00, 0x00, 0x00,
    0x00, 0x00, 0x00, 0x00, 0x00, 0x00, 0x00, 0x00, 0x00, 0x00, 0x00, 0x00, 0x00, 0x00, 0x00, 0x00,
    0x00, 0x00, 0x00, 0x00, 0x00, 0x00, 0x00, 0x00, 0x00, 0x00, 0x00, 0x00, 0x00, 0x00, 0x00, 0x00,
    0x00, 0x00, 0xda, 0x6c, 0x00, 0x00, 0x00, 0x00, 0x00, 0x00, 0x00, 0x00, 0x00, 0x00, 0x00, 0x00,
    0x00, 0x00, 0x00, 0x00, 0x00, 0x00, 0x00, 0x00, 0xd0, 0x3a, 0x3f, 0xcf, 0x00, 0x00, 0x00, 0x00,
    0x00, 0x00, 0x00, 0x00, 0x00, 0x00, 0x00, 0x00, 0x00, 0x00, 0x00, 0x00, 0x00, 0x00, 0x00, 0x00,
    0x00, 0x00, 0x00, 0x00, 0x00, 0x00, 0x00, 0x00, 0x00, 0x00, 0x00, 0x00, 0x00, 0x00, 0x00, 0x00,
    0x00, 0x00, 0x19, 0x7d, 0x00, 0x00, 0x00, 0x00, 0x00, 0x00, 0x00, 0x00, 0x00, 0x00, 0x00, 0x00,
    0x00, 0x00, 0x00, 0x00, 0x00, 0x00, 0xaf, 0x3a, 0x1f, 0xc7, 0x12, 0x43, 0x00, 0x00, 0x00, 0x00,
    0x00, 0x00, 0x00, 0x00, 0x00, 0x00, 0x00, 0x00, 0x00, 0x00, 0x00, 0x00, 0x00, 0x00, 0x00, 0x00,
    0x00, 0x00, 0x00, 0x00, 0x00, 0x00, 0x00, 0x00, 0x00, 0x00, 0x00, 0x00, 0x00, 0x00, 0x00, 0x00,
    0x00, 0x00, 0x00, 0x00, 0x00, 0x00, 0x00, 0x00, 0x00, 0x00, 0x00, 0x00, 0x00, 0x00, 0x00, 0x00,
    0x00, 0x00, 0x00, 0x00, 0x00, 0x00, 0x00, 0x00, 0xd0, 0x3a, 0x00, 0x00, 0x00, 0x00, 0x00, 0x00,
    0x00, 0x00, 0x00, 0x00, 0x00, 0x00, 0x00, 0x00, 0x00, 0x00, 0x00, 0x00, 0x00, 0x00, 0x00, 0x00,
    0x00, 0x00, 0x00, 0x00, 0x53, 0x43, 0x00, 0x00, 0x00, 0x00, 0x00, 0x00, 0x00, 0x00, 0xd0, 0x3a,
    0x3f, 0xcf, 0x00, 0x00, 0x00, 0x00, 0x00, 0x00, 0x00, 0x00, 0x00, 0x00, 0x00, 0x00, 0x00, 0x00,
    0x00, 0x00, 0x00, 0x00, 0x00, 0x00, 0x00, 0x00, 0x00, 0x00, 0x00, 0x00, 0x00, 0x00, 0x00, 0x00,
    0x00, 0x00, 0x00, 0x00, 0x00, 0x00, 0x00, 0x00, 0x00, 0x00, 0x00, 0x00, 0x00, 0x00, 0x00, 0x00,
    0x00, 0x00, 0x00, 0x00, 0x00, 0x00, 0x00, 0x00, 0x00, 0x00, 0x00, 0x00, 0x00, 0x00, 0x00, 0x00,
    0x11, 0x43, 0x00, 0x00, 0x00, 0x00, 0x00, 0x00, 0x00, 0x00, 0x00, 0x00, 0x00, 0x00, 0x00, 0x00,
    0xd0, 0x3a, 0x3f, 0xcf, 0x00, 0x00, 0x00, 0x00, 0x00, 0x00, 0x00, 0x00, 0x00, 0x00, 0x00, 0x00,
    0x00, 0x00, 0x00, 0x00, 0x00, 0x00, 0x00, 0x00, 0x00, 0x00, 0x00, 0x00, 0x00, 0x00, 0x00, 0x00,
    0x00, 0x00, 0x00, 0x00, 0x00, 0x00, 0x00, 0x00, 0x00, 0x00, 0x00, 0x00, 0x00, 0x00, 0x00, 0x00,
    0x00, 0x00, 0x00, 0x00, 0x00, 0x00, 0x00, 0x00, 0x00, 0x00, 0x00, 0x00, 0x00, 0x00, 0x00, 0x00,
    0x00, 0x00, 0x11, 0x43, 0x00, 0x00, 0x00, 0x00, 0x00, 0x00, 0xaf, 0x3a, 0x7c, 0x85, 0x3f, 0xc7,
    0x00, 0x00, 0x00, 0x00, 0x00, 0x00, 0x00, 0x00, 0x00, 0x00, 0x00, 0x00, 0x00, 0x00, 0x00, 0x00,
    0x00, 0x00, 0x00, 0x00, 0x00, 0x00, 0x00, 0x00, 0x00, 0x00, 0x00, 0x00, 0x00, 0x00, 0x00, 0x00,
    0x00, 0x00, 0x00, 0x00, 0x00, 0x00, 0xaf, 0x32, 0xfe, 0xc6, 0x00, 0x00, 0x00, 0x00, 0x00, 0x00,
    0x00, 0x00, 0x00, 0x00, 0x00, 0x00, 0x00, 0x00, 0x00, 0x00, 0x00, 0x00, 0x8f, 0x32, 0x32, 0x43,
    0x00, 0x00, 0x00, 0x00, 0x00, 0x00, 0x00, 0x00, 0x00, 0x00, 0x00, 0x00, 0x00, 0x00, 0x00, 0x00,
    0x00, 0x00, 0x00, 0x00, 0x00, 0x00, 0x00, 0x00, 0xd0, 0x3a, 0x3f, 0xcf, 0x32, 0x43, 0x00, 0x00,
    0x00, 0x00, 0x00, 0x00, 0x00, 0x00, 0x00, 0x00, 0xaf, 0x3a, 0x00, 0x00, 0x00, 0x00, 0x00, 0x00,
    0x00, 0x00, 0x00, 0x00, 0x00, 0x00, 0x00, 0x00, 0x00, 0x00, 0x00, 0x00, 0x00, 0x00, 0x00, 0x00,
    0x00, 0x00, 0x00, 0x00, 0x00, 0x00, 0x00, 0x00, 0x00, 0x00, 0x00, 0x00, 0x00, 0x00, 0x00, 0x00,
    0x00, 0x00, 0x00, 0x00, 0x00, 0x00, 0x00, 0x00, 0x00, 0x00, 0xf0, 0x3a, 0x00, 0x00, 0x00, 0x00,
    0x00, 0x00, 0x00, 0x00, 0x00, 0x00, 0x00, 0x00, 0x00, 0x00, 0x00, 0x00, 0x00, 0x00, 0x00, 0x00,
    0x00, 0x00, 0x00, 0x00, 0x00, 0x00, 0x00, 0x00, 0x00, 0x00, 0x00, 0x00, 0xd0, 0x3a, 0x3f, 0xc7,
    0x00, 0x00, 0x00, 0x00, 0x00, 0x00, 0x00, 0x00, 0x00, 0x00, 0x00, 0x00, 0x00, 0x00, 0x00, 0x00,
    0x00, 0x00, 0x00, 0x00, 0x00, 0x00, 0x00, 0x00, 0x00, 0x00, 0x00, 0x00, 0x00, 0x00, 0x00, 0x00,
    0x00, 0x00, 0x00, 0x00, 0x00, 0x00, 0x00, 0x00, 0x00, 0x00, 0x00, 0x00, 0x00, 0x00, 0x00, 0x00,
    0x00, 0x00, 0x00, 0x00, 0x00, 0x00, 0x00, 0x00, 0x00, 0x00, 0x00, 0x00, 0x00, 0x00, 0xd0, 0x3a,
    0x00, 0x00, 0x00, 0x00, 0x00, 0x00, 0x00, 0x00, 0x00, 0x00, 0x00, 0x00, 0x00, 0x00, 0x00, 0x00,
    0x00, 0x00, 0x00, 0x00, 0x8f, 0x32, 0xbd, 0xbe, 0x00, 0x00, 0x00, 0x00, 0x00, 0x00, 0xd0, 0x3a,
    0x3f, 0xcf, 0x00, 0x00, 0x00, 0x00, 0x00, 0x00, 0x00, 0x00, 0x00, 0x00, 0x00, 0x00, 0x00, 0x00,
    0x00, 0x00, 0x00, 0x00, 0x00, 0x00, 0x00, 0x00, 0x00, 0x00, 0x00, 0x00, 0x00, 0x00, 0x00, 0x00,
    0x00, 0x00, 0x00, 0x00, 0x00, 0x00, 0x00, 0x00, 0x00, 0x00, 0x00, 0x00, 0x00, 0x00, 0x00, 0x00,
    0x00, 0x00, 0x00, 0x00, 0xb0, 0x3a, 0x1f, 0xc7, 0x00, 0x00, 0x00, 0x00, 0x00, 0x00, 0x00, 0x00,
    0x32, 0x43, 0x00, 0x00, 0x00, 0x00, 0x00, 0x00, 0x00, 0x00, 0x00, 0x00, 0x00, 0x00, 0x00, 0x00,
    0x00, 0x00, 0x00, 0x00, 0x00, 0x00, 0x00, 0x00, 0x00, 0x00, 0x00, 0x00, 0x00, 0x00, 0x00, 0x00,
    0x00, 0x00, 0x00, 0x00, 0x00, 0x00, 0x00, 0x00, 0x00, 0x00, 0x00, 0x00, 0x00, 0x00, 0x00, 0x00,
    0x00, 0x00, 0x00, 0x00, 0x00, 0x00, 0xb0, 0x3a, 0x00, 0x00, 0x00, 0x00, 0x00, 0x00, 0x00, 0x00,
    0x00, 0x00, 0x00, 0x00, 0x00, 0x00, 0x00, 0x00, 0x00, 0x00, 0x00, 0x00, 0x00, 0x00, 0xb0, 0x3a,
    0x3f, 0xcf, 0x00, 0x00, 0x00, 0x00, 0x00, 0x00, 0x00, 0x00, 0x00, 0x00, 0x00, 0x00, 0x00, 0x00,
    0x00, 0x00, 0x00, 0x00, 0x00, 0x00, 0x00, 0x00, 0x00, 0x00, 0x00, 0x00, 0x00, 0x00, 0x00, 0x00,
    0x00, 0x00, 0x00, 0x00, 0x00, 0x00, 0x00, 0x00, 0x00, 0x00, 0x00, 0x00, 0x00, 0x00, 0x00, 0x00,
    0x00, 0x00, 0x00, 0x00, 0x00, 0x00, 0x00, 0x00, 0x00, 0x00, 0x00, 0x00, 0x00, 0x00, 0x00, 0x00,
    0xd0, 0x3a, 0x00, 0x00, 0x00, 0x00, 0x00, 0x00, 0x00, 0x00, 0x00, 0x00, 0x00, 0x00, 0x00, 0x00,
    0x00, 0x00, 0x00, 0x00, 0x00, 0x00, 0x00, 0x00, 0x00, 0x00, 0x00, 0x00, 0x00, 0x00, 0x00, 0x00,
    0x00, 0x00, 0x00, 0x00, 0x00, 0x00, 0x00, 0x00, 0x00, 0x00, 0x00, 0x00, 0x00, 0x00, 0x8e, 0x32,
    0x7c, 0x85, 0x3f, 0xcf, 0x00, 0x00, 0x00, 0x00, 0x00, 0x00, 0x00, 0x00, 0x00, 0x00, 0x00, 0x00,
    0x00, 0x00, 0x00, 0x00, 0x00, 0x00, 0x00, 0x00, 0x00, 0x00, 0x00, 0x00, 0x00, 0x00, 0x00, 0x00,
    0x00, 0x00, 0x00, 0x00, 0x00, 0x00, 0x00, 0x00, 0x00, 0x00, 0x00, 0x00, 0x00, 0x00, 0x00, 0x00,
    0x00, 0x00, 0x00, 0x00, 0x00, 0x00, 0x00, 0x00, 0x00, 0x00, 0x00, 0x00, 0x00, 0x00, 0x00, 0x00,
    0x00, 0x00, 0x11, 0x43, 0x00, 0x00, 0x00, 0x00, 0x00, 0x00, 0x00, 0x00, 0x00, 0x00, 0x00, 0x00,
    0x00, 0x00, 0x00, 0x00, 0x00, 0x00, 0x00, 0x00, 0xd0, 0x3a, 0x3f, 0xcf, 0x00, 0x00, 0x00, 0x00,
    0x00, 0x00, 0x00, 0x00, 0x00, 0x00, 0x00, 0x00, 0x00, 0x00, 0x00, 0x00, 0x00, 0x00, 0x00, 0x00,
    0x00, 0x00, 0x00, 0x00, 0x00, 0x00, 0x00, 0x00, 0x00, 0x00, 0x00, 0x00, 0x00, 0x00, 0x00, 0x00,
    0x00, 0x00, 0x00, 0x00, 0x00, 0x00, 0x00, 0x00, 0x00, 0x00, 0x00, 0x00, 0x00, 0x00, 0x00, 0x00,
    0x00, 0x00, 0x00, 0x00, 0x00, 0x00, 0xaf, 0x3a, 0x1f, 0xc7, 0x12, 0x43, 0x00, 0x00, 0x00, 0x00,
    0x00, 0x00, 0x00, 0x00, 0x00, 0x00, 0x00, 0x00, 0x00, 0x00, 0x00, 0x00, 0x00, 0x00, 0x00, 0x00,
    0x00, 0x00, 0x00, 0x00, 0x00, 0x00, 0x00, 0x00, 0x00, 0x00, 0x00, 0x00, 0x00, 0x00, 0x00, 0x00,
    0x00, 0x00, 0x00, 0x00, 0x00, 0x00, 0x00, 0x00, 0x00, 0x00, 0x00, 0x00, 0x00, 0x00, 0x00, 0x00,
    0x00, 0x00, 0x00, 0x00, 0x00, 0x00, 0x00, 0x00, 0xd0, 0x3a, 0x00, 0x00, 0x00, 0x00, 0x00, 0x00,
    0x00, 0x00, 0x00, 0x00, 0x00, 0x00, 0x00, 0x00, 0x00, 0x00, 0x00, 0x00, 0x00, 0x00, 0x00, 0x00,
    0x00, 0x00, 0x00, 0x00, 0x53, 0x43, 0x00, 0x00, 0x00, 0x00, 0x00, 0x00, 0x00, 0x00, 0xd0, 0x3a,
    0x3f, 0xcf, 0x00, 0x00, 0x00, 0x00, 0x00, 0x00, 0x00, 0x00, 0x00, 0x00, 0x00, 0x00, 0x00, 0x00,
    0x00, 0x00, 0x00, 0x00, 0x00, 0x00, 0x00, 0x00, 0x00, 0x00, 0x00, 0x00, 0x00, 0x00, 0x00, 0x00,
    0x00, 0x00, 0x00, 0x00, 0x00, 0x00, 0x00, 0x00, 0x00, 0x00, 0x00, 0x00, 0x00, 0x00, 0x00, 0x00,
    0x00, 0x00, 0x00, 0x00, 0x00, 0x00, 0x00, 0x00, 0x00, 0x00, 0x00, 0x00, 0x00, 0x00, 0x00, 0x00,
    0x11, 0x43, 0x00, 0x00, 0x00, 0x00, 0x00, 0x00, 0x00, 0x00, 0x00, 0x00, 0x00, 0x00, 0x00, 0x00,
    0xd0, 0x3a, 0x3f, 0xcf, 0x00, 0x00, 0x00, 0x00, 0x00, 0x00, 0x00, 0x00, 0x00, 0x00, 0x00, 0x00,
    0x00, 0x00, 0x00, 0x00, 0x00, 0x00, 0x00, 0x00, 0x00, 0x00, 0x00, 0x00, 0x00, 0x00, 0x00, 0x00,
    0x00, 0x00, 0x00, 0x00, 0x00, 0x00, 0x00, 0x00, 0x00, 0x00, 0x00, 0x00, 0x00, 0x00, 0x00, 0x00,
    0x00, 0x00, 0x00, 0x00, 0x00, 0x00, 0x00, 0x00, 0x00, 0x00, 0x00, 0x00, 0x00, 0x00, 0x00, 0x00,
    0x00, 0x00, 0x11, 0x43, 0x00, 0x00, 0x00, 0x00, 0x00, 0x00, 0xaf, 0x3a, 0x7c, 0x85, 0x3f, 0xc7,
    0x00, 0x00, 0x00, 0x00, 0x00, 0x00, 0x00, 0x00, 0x00, 0x00, 0x00, 0x00, 0x00, 0x00, 0x00, 0x00,
    0x00, 0x00, 0x00, 0x00, 0x00, 0x00, 0x00, 0x00, 0x00, 0x00, 0x00, 0x00, 0x00, 0x00, 0x00, 0x00,
    0x00, 0x00, 0x00, 0x00, 0x00, 0x00, 0xaf, 0x32, 0xfe, 0xc6, 0x00, 0x00, 0x00, 0x00, 0x00, 0x00,
    0x00, 0x00, 0x00, 0x00, 0x00, 0x00, 0x00, 0x00, 0x00, 0x00, 0x00, 0x00, 0x8f, 0x32, 0x32, 0x43,
    0x00, 0x00, 0x00, 0x00, 0x00, 0x00, 0x00, 0x00, 0x00, 0x00, 0x00, 0x00, 0x00, 0x00, 0x00, 0x00,
    0x00, 0x00, 0x00, 0x00, 0x00, 0x00, 0x00, 0x00, 0x00, 0x00, 0x00, 0x00, 0x00, 0x00, 0x00, 0x00,
    0x00, 0x00, 0x00, 0x00, 0x00, 0x00, 0x00, 0x00, 0xaf, 0x3a, 0x00, 0x00, 0x00, 0x00, 0x00, 0x00,
    0x00, 0x00, 0x00, 0x00, 0x00, 0x00, 0x00, 0x00, 0x00, 0x00, 0x00, 0x00, 0x00, 0x00, 0x00, 0x00,
    0x00, 0x00, 0x00, 0x00, 0x00, 0x00, 0x00, 0x00, 0x00, 0x00, 0x00, 0x00, 0x00, 0x00, 0x00, 0x00,
    0x00, 0x00, 0x00, 0x00, 0x00, 0x00, 0x00, 0x00, 0x00, 0x00, 0x00, 0x00, 0x00, 0x00, 0x00, 0x00,
    0x00, 0x00, 0x00, 0x00, 0x00, 0x00, 0x00, 0x00, 0x00, 0x00, 0x00, 0x00, 0x00, 0x00, 0x00, 0x00,
    0x00, 0x00, 0x00, 0x00, 0x00, 0x00, 0x00, 0x00, 0x00, 0x00, 0x00, 0x00, 0x00, 0x00, 0x00, 0x00,
    0x00, 0x00, 0x00, 0x00, 0x00, 0x00, 0x00, 0x00, 0x00, 0x00, 0x00, 0x00, 0x00, 0x00, 0x00, 0x00,
    0x00, 0x00, 0x00, 0x00, 0x00, 0x00, 0x00, 0x00, 0x00, 0x00, 0x00, 0x00, 0x00, 0x00, 0x00, 0x00,
    0x00, 0x00, 0x00, 0x00, 0x00, 0x00, 0x00, 0x00, 0x00, 0x00, 0x00, 0x00, 0x00, 0x00, 0x00, 0x00,
    0x00, 0x00, 0x00, 0x00, 0x00, 0x00, 0x00, 0x00, 0x00, 0x00, 0x00, 0x00, 0x00, 0x00, 0x00, 0x00,
    0x00, 0x00, 0x00, 0x00, 0x00, 0x00, 0x00, 0x00, 0x00, 0x00, 0x00, 0x00, 0x00, 0x00, 0x00, 0x00,
    0x00, 0x00, 0x00, 0x00, 0x00, 0x00, 0x00, 0x00, 0x00, 0x00, 0x00, 0x00, 0x00, 0x00, 0x00, 0x00,
    0x00, 0x00, 0x00, 0x00, 0x00, 0x00, 0x00, 0x00, 0x00, 0x00, 0x00, 0x00, 0x00, 0x00, 0x00, 0x00,
    0x00, 0x00, 0x00, 0x00, 0x00, 0x00, 0x00, 0x00, 0x00, 0x00, 0x00, 0x00, 0x00, 0x00, 0x00, 0x00,
    0x00, 0x00, 0x00, 0x00, 0x00, 0x00, 0x00, 0x00, 0x00, 0x00, 0x00, 0x00, 0x00, 0x00, 0x00, 0x00,
    0x00, 0x00, 0x00, 0x00, 0x00, 0x00, 0x00, 0x00, 0x00, 0x00, 0x00, 0x00, 0x00, 0x00, 0x00, 0x00,
    0x00, 0x00, 0x00, 0x00, 0x00, 0x00, 0x00, 0x00, 0x00, 0x00, 0x00, 0x00, 0x00, 0x00, 0x00, 0x00,
    0x00, 0x00, 0x00, 0x00, 0x00, 0x00, 0x00, 0x00, 0x00, 0x00, 0x00, 0x00, 0x00, 0x00, 0x00, 0x00,
    0x00, 0x00, 0x00, 0x00, 0x00, 0x00, 0x00, 0x00, 0x00, 0x00, 0x00, 0x00, 0x00, 0x00, 0x00, 0x00,
    0x00, 0x00, 0x00, 0x00, 0x00, 0x00, 0x00, 0x00, 0x00, 0x00, 0x00, 0x00, 0x00, 0x00, 0x00, 0x00,
    0x00, 0x00, 0x00, 0x00, 0x00, 0x00, 0x00, 0x00, 0x00, 0x00, 0x00, 0x00, 0x00, 0x00, 0x00, 0x00,
    0x00, 0x00, 0x00, 0x00, 0x00, 0x00, 0x00, 0x00, 0x00, 0x00, 0x00, 0x00, 0x00, 0x00, 0x00, 0x00,
    0x00, 0x00, 0x00, 0x00, 0x00, 0x00, 0x00, 0x00, 0x00, 0x00, 0x00, 0x00, 0x00, 0x00, 0x00, 0x00,
    0x00, 0x00, 0x00, 0x00, 0x00, 0x00, 0x00, 0x00, 0x00, 0x00, 0x00, 0x00, 0x00, 0x00, 0x00, 0x00,
    0x00, 0x00, 0x00, 0x00, 0x00, 0x00, 0x00, 0x00, 0x00, 0x00, 0x00, 0x00, 0x00, 0x00, 0x00, 0x00,
    0x00, 0x00, 0x00, 0x00, 0x00, 0x00, 0x00, 0x00, 0x00, 0x00, 0x00, 0x00, 0x00, 0x00, 0x00, 0x00,
    0x00, 0x00, 0x00, 0x00, 0x00, 0x00, 0x00, 0x00, 0x00, 0x00, 0x00, 0x00, 0x00, 0x00, 0x00, 0x00,
    0x00, 0x00, 0x00, 0x00, 0x00, 0x00, 0x00, 0x00, 0x00, 0x00, 0x00, 0x00, 0x00, 0x00, 0x00, 0x00,
    0x00, 0x00, 0x00, 0x00, 0x00, 0x00, 0x00, 0x00, 0x00, 0x00, 0x00, 0x00, 0x00, 0x00, 0x00, 0x00,
    0x00, 0x00, 0x00, 0x00, 0x00, 0x00, 0x00, 0x00, 0x00, 0x00, 0x00, 0x00, 0x00, 0x00, 0x00, 0x00,
    0x00, 0x00, 0x00, 0x00, 0x00, 0x00, 0x00, 0x00, 0x00, 0x00, 0x00, 0x00, 0x00, 0x00, 0x00, 0x00,
    0x00, 0x00, 0x00, 0x00, 0x00, 0x00, 0x00, 0x00, 0x00, 0x00, 0x00, 0x00, 0x00, 0x00, 0x00, 0x00,
    0x00, 0x00, 0x00, 0x00, 0x00, 0x00, 0x00, 0x00, 0x00, 0x00, 0x00, 0x00, 0x00, 0x00, 0x00, 0x00,
    0x00, 0x00, 0x00, 0x00, 0x00, 0x00, 0x00, 0x00, 0x00, 0x00, 0x00, 0x00, 0x00, 0x00, 0x00, 0x00,
    0x00, 0x00, 0x00, 0x00, 0x00, 0x00, 0x00, 0x00, 0x00, 0x00, 0x00, 0x00, 0x00, 0x00, 0x00, 0x00,
    0x00, 0x00, 0x00, 0x00, 0x00, 0x00, 0x00, 0x00, 0x00, 0x00, 0x00, 0x00, 0x00, 0x00, 0x00, 0x00,
    0x00, 0x00, 0x00, 0x00, 0x00, 0x00, 0x00, 0x00, 0x00, 0x00, 0x00, 0x00, 0x00, 0x00, 0x00, 0x00,
    0x00, 0x00, 0x00, 0x00, 0x00, 0x00, 0x00, 0x00, 0x00, 0x00, 0x00, 0x00, 0x00, 0x00, 0x00, 0x00,
    0x00, 0x00, 0x00, 0x00, 0x00, 0x00, 0x00, 0x00, 0x00, 0x00, 0x00, 0x00, 0x00, 0x00, 0x00, 0x00,
    0x00, 0x00, 0x00, 0x00, 0x00, 0x00, 0x00, 0x00, 0x00, 0x00, 0x00, 0x00, 0x00, 0x00, 0x00, 0x00,
    0x00, 0x00, 0x00, 0x00, 0x00, 0x00, 0x00, 0x00, 0x00, 0x00, 0x00, 0x00, 0x00, 0x00, 0x00, 0x00,
    0x00, 0x00, 0x00, 0x00, 0x00, 0x00, 0x00, 0x00, 0x00, 0x00, 0x00, 0x00, 0x00, 0x00, 0x00, 0x00,
    0x00, 0x00, 0x00, 0x00, 0x00, 0x00, 0x00, 0x00, 0x00, 0x00, 0x00, 0x00, 0x00, 0x00, 0x00, 0x00,
    0x00, 0x00, 0x00, 0x00, 0x00, 0x00, 0x00, 0x00, 0x00, 0x00, 0x00, 0x00, 0x00, 0x00, 0x00, 0x00,
    0x00, 0x00, 0x00, 0x00, 0x00, 0x00, 0x00, 0x00, 0x00, 0x00, 0x00, 0x00, 0x00, 0x00, 0x00, 0x00,
    0x00, 0x00, 0x00, 0x00, 0x00, 0x00, 0x00, 0x00, 0x00, 0x00, 0x00, 0x00, 0x00, 0x00, 0x00, 0x00,
    0x00, 0x00, 0x00, 0x00, 0x00, 0x00, 0x00, 0x00, 0x00, 0x00, 0x00, 0x00, 0x00, 0x00, 0x00, 0x00,
    0x00, 0x00, 0x00, 0x00, 0x00, 0x00, 0x00, 0x00, 0x00, 0x00, 0x00, 0x00, 0x00, 0x00, 0x00, 0x00,
    0x00, 0x00, 0x00, 0x00, 0x00, 0x00, 0x00, 0x00, 0x00, 0x00, 0x00, 0x00, 0x00, 0x00, 0x00, 0x00,
    0x00, 0x00, 0x00, 0x00, 0x00, 0x00, 0x00, 0x00, 0x00, 0x00, 0x00, 0x00, 0x00, 0x00, 0x00, 0x00,
    0x00, 0x00, 0x00, 0x00, 0x00, 0x00, 0x00, 0x00, 0x00, 0x00, 0x00, 0x00, 0x00, 0x00, 0x00, 0x00,
    0x00, 0x00, 0x00, 0x00, 0x00, 0x00, 0x00, 0x00, 0x00, 0x00, 0x00, 0x00, 0x00, 0x00, 0x00, 0x00,
    0x00, 0x00, 0x00, 0x00, 0x00, 0x00, 0x00, 0x00, 0x00, 0x00, 0x00, 0x00, 0x00, 0x00, 0x00, 0x00,
    0x00, 0x00, 0x00, 0x00, 0x00, 0x00, 0x00, 0x00, 0x00, 0x00, 0x00, 0x00, 0x00, 0x00, 0x00, 0x00,
    0x00, 0x00, 0x00, 0x00, 0x00, 0x00, 0x00, 0x00, 0x00, 0x00, 0x00, 0x00, 0x00, 0x00, 0x00, 0x00,
    0x00, 0x00, 0x00, 0x00, 0x00, 0x00, 0x00, 0x00, 0x00, 0x00, 0x00, 0x00, 0x00, 0x00, 0x00, 0x00,
    0x00, 0x00, 0x00, 0x00, 0x00, 0x00, 0x00, 0x00, 0x00, 0x00, 0x00, 0x00, 0x00, 0x00, 0x00, 0x00,
    0x00, 0x00, 0x00, 0x00, 0x00, 0x00, 0x00, 0x00, 0x00, 0x00, 0x00, 0x00, 0x00, 0x00, 0x00, 0x00,
    0x00, 0x00, 0x00, 0x00, 0x00, 0x00, 0x00, 0x00, 0x00, 0x00, 0x00, 0x00, 0x00, 0x00, 0x00, 0x00,
    0x00, 0x00, 0x00, 0x00, 0x00, 0x00, 0x00, 0x00, 0x00, 0x00, 0x00, 0x00, 0x00, 0x00, 0x00, 0x00,
    0x00, 0x00, 0x00, 0x00, 0x00, 0x00, 0x00, 0x00, 0x00, 0x00, 0x00, 0x00, 0x00, 0x00, 0x00, 0x00,
    0x00, 0x00, 0x00, 0x00, 0x00, 0x00, 0x00, 0x00, 0x00, 0x00, 0x00, 0x00, 0x00, 0x00, 0x00, 0x00,
    0x00, 0x00, 0x00, 0x00, 0x00, 0x00, 0x00, 0x00, 0x00, 0x00, 0x00, 0x00, 0x00, 0x00, 0x00, 0x00,
    0x00, 0x00, 0x00, 0x00, 0x00, 0x00, 0x00, 0x00, 0x00, 0x00, 0x00, 0x00, 0x00, 0x00, 0x00, 0x00,
    0x00, 0x00, 0x00, 0x00, 0x00, 0x00, 0x00, 0x00, 0x00, 0x00, 0x00, 0x00, 0x00, 0x00, 0x00, 0x00,
    0x00, 0x00, 0x00, 0x00, 0x00, 0x00, 0x00, 0x00, 0x00, 0x00, 0x00, 0x00, 0x00, 0x00, 0x00, 0x00,
    0x00, 0x00, 0x00, 0x00, 0x00, 0x00, 0x00, 0x00, 0x00, 0x00, 0x00, 0x00, 0x00, 0x00, 0x00, 0x00,
    0x00, 0x00, 0x00, 0x00, 0x00, 0x00, 0x00, 0x00, 0x00, 0x00, 0x00, 0x00, 0xd6, 0x53, 0x00, 0x00,
    0x00, 0x00, 0x00, 0x00, 0x00, 0x00, 0x00, 0x00, 0x00, 0x00, 0x00, 0x00, 0x00, 0x00, 0x00, 0x00,
    0x00, 0x00, 0x00, 0x00, 0x00, 0x00, 0x00, 0x00, 0x00, 0x00, 0x00, 0x00, 0x00, 0x00, 0xd0, 0x3a,
    0x00, 0x00, 0x00, 0x00, 0x00, 0x00, 0x00, 0x00, 0x00, 0x00, 0x00, 0x00, 0x00, 0x00, 0x00, 0x00,
    0x00, 0x00, 0x00, 0x00, 0x00, 0x00, 0x00, 0x00, 0x00, 0x00, 0x00, 0x00, 0x00, 0x00, 0x00, 0x00,
    0x00, 0x00, 0x00, 0x00, 0x00, 0x00, 0x00, 0x00, 0x00, 0x00, 0x00, 0x00, 0x00, 0x00, 0x00, 0x00,
    0x00, 0x00, 0x00, 0x00, 0x00, 0x00, 0x00, 0x00, 0x00, 0x00, 0x00, 0x00, 0x00, 0x00, 0xeb, 0x29,
    0x00, 0x00, 0x00, 0x00, 0x00, 0x00, 0x00, 0x00, 0x00, 0x00, 0x00, 0x00, 0x00, 0x00, 0x00, 0x00,
    0x00, 0x00, 0x00, 0x00, 0x00, 0x00, 0x8f, 0x32, 0x00, 0x00, 0x00, 0x00, 0x00, 0x00, 0x00, 0x00,
    0x4d, 0x32, 0x1a, 0xae, 0x00, 0x00, 0x00, 0x00, 0x00, 0x00, 0x00, 0x00, 0x00, 0x00, 0x00, 0x00,
    0x00, 0x00, 0x00, 0x00, 0x00, 0x00, 0x00, 0x00, 0x00, 0x00, 0x00, 0x00, 0x00, 0x00, 0x00, 0x00,
    0x00, 0x00, 0x00, 0x00, 0x00, 0x00, 0x00, 0x00, 0x00, 0x00, 0x00, 0x00, 0x00, 0x00, 0x00, 0x00,
    0x00, 0x00, 0x00, 0x00, 0x00, 0x00, 0x0c, 0x2a, 0x57, 0x95, 0x00, 0x00, 0x00, 0x00, 0x00, 0x00,
    0x2c, 0x2a, 0x00, 0x00, 0x00, 0x00, 0x00, 0x00, 0x00, 0x00, 0x00, 0x00, 0x00, 0x00, 0x00, 0x00,
    0x00, 0x00, 0x00, 0x00, 0x00, 0x00, 0x00, 0x00, 0x00, 0x00, 0x00, 0x00, 0x00, 0x00, 0x00, 0x00,
    0x00, 0x00, 0x00, 0x00, 0x00, 0x00, 0x00, 0x00, 0x00, 0x00, 0x00, 0x00, 0x00, 0x00, 0x00, 0x00,
    0x00, 0x00, 0x00, 0x00, 0x00, 0x00, 0xca, 0x21, 0x00, 0x00, 0x00, 0x00, 0x00, 0x00, 0x00, 0x00,
    0x00, 0x00, 0x00, 0x00, 0x00, 0x00, 0x00, 0x00, 0x00, 0x00, 0x00, 0x00, 0x00, 0x00, 0x00, 0x00,
    0x0c, 0x2a, 0x78, 0x9d, 0x00, 0x00, 0x00, 0x00, 0x00, 0x00, 0x00, 0x00, 0x00, 0x00, 0x00, 0x00,
    0x00, 0x00, 0x00, 0x00, 0x00, 0x00, 0x00, 0x00, 0x00, 0x00, 0x00, 0x00, 0x00, 0x00, 0x00, 0x00,
    0x00, 0x00, 0x00, 0x00, 0x00, 0x00, 0x00, 0x00, 0x00, 0x00, 0x00, 0x00, 0x00, 0x00, 0x00, 0x00,
    0x00, 0x00, 0x00, 0x00, 0x00, 0x00, 0x00, 0x00, 0x00, 0x00, 0x00, 0x00, 0x00, 0x00, 0x00, 0x00,
    0xcb, 0x21, 0x00, 0x00, 0x00, 0x00, 0x00, 0x00, 0x00, 0x00, 0x00, 0x00, 0x00, 0x00, 0x00, 0x00,
    0xa4, 0x08, 0xa4, 0x10, 0xa4, 0x08, 0xa4, 0x08, 0xa4, 0x08, 0xa4, 0x10, 0xa4, 0x08, 0xa4, 0x08,
    0xa4, 0x08, 0xa4, 0x10, 0xa4, 0x08, 0xa4, 0x08, 0xa4, 0x08, 0xa4, 0x10, 0xa4, 0x08, 0xa4, 0x08,
    0xb0, 0x32, 0xaf, 0x3a, 0xfa, 0xa5, 0xa4, 0x08, 0xa4, 0x08, 0xa4, 0x10, 0xa4, 0x08, 0xa4, 0x08,
    0xa4, 0x08, 0xa4, 0x10, 0xa4, 0x08, 0xa4, 0x08, 0xa4, 0x08, 0xa4, 0x10, 0xa4, 0x08, 0xa4, 0x08,
    0xa4, 0x08, 0xa4, 0x10, 0xa4, 0x08, 0xa4, 0x08, 0xa4, 0x08, 0xa4, 0x10, 0xa4, 0x08, 0xa4, 0x08,
    0xa4, 0x08, 0xa4, 0x10, 0xa4, 0x08, 0xa4, 0x08, 0xa4, 0x08, 0xa4, 0x10, 0xa4, 0x08, 0xa4, 0x08,
    0xa4, 0x08, 0x8e, 0x32, 0xa4, 0x08, 0xa4, 0x08, 0xa4, 0x08, 0xa4, 0x10, 0xa4, 0x08, 0xa4, 0x08,
    0xa4, 0x08, 0xa4, 0x10, 0xa4, 0x08, 0xa4, 0x08, 0xa4, 0x08, 0xaf, 0x3a, 0x1b, 0xa6, 0xa4, 0x08,
    0x00, 0x00, 0x00, 0x00, 0x00, 0x00, 0x00, 0x00, 0x00, 0x00, 0x00, 0x00, 0x00, 0x00, 0x00, 0x00,
    0x00, 0x00, 0x00, 0x00, 0x00, 0x00, 0x00, 0x00, 0x00, 0x00, 0x00, 0x00, 0x00, 0x00, 0x00, 0x00,
    0x00, 0x00, 0x00, 0x00, 0x00, 0x00, 0x00, 0x00, 0x00, 0x00, 0x00, 0x00, 0x00, 0x00, 0x00, 0x00,
    0x00, 0x00, 0x00, 0x00, 0x00, 0x00, 0x00, 0x00, 0xeb, 0x29, 0xda, 0xa5, 0x00, 0x00, 0x00, 0x00,
    0x00, 0x00, 0x00, 0x00, 0x00, 0x00, 0x00, 0x00, 0x00, 0x00, 0x00, 0x00, 0x00, 0x00, 0x00, 0x00,
    0x00, 0x00, 0x00, 0x00, 0x6e, 0x32, 0x5c, 0xb6, 0x00, 0x00, 0x00, 0x00, 0x00, 0x00, 0x00, 0x00,
    0x00, 0x00, 0x00, 0x00, 0x00, 0x00, 0x00, 0x00, 0x00, 0x00, 0x00, 0x00, 0x00, 0x00, 0x00, 0x00,
    0x00, 0x00, 0x00, 0x00, 0x00, 0x00, 0x00, 0x00, 0x00, 0x00, 0x00, 0x00, 0x00, 0x00, 0x00, 0x00,
    0x00, 0x00, 0x00, 0x00, 0x00, 0x00, 0x00, 0x00, 0x00, 0x00, 0x00, 0x00, 0x00, 0x00, 0x00, 0x00,
    0x00, 0x00, 0x00, 0x00, 0x6e, 0x32, 0x00, 0x00, 0x00, 0x00, 0x00, 0x00, 0x00, 0x00, 0x00, 0x00,
    0x2c, 0x2a, 0xb9, 0x9d, 0x00, 0x00, 0x00, 0x00, 0x00, 0x00, 0x00, 0x00, 0x00, 0x00, 0x00, 0x00,
    0x00, 0x00, 0x00, 0x00, 0x00, 0x00, 0x00, 0x00, 0x00, 0x00, 0x00, 0x00, 0x00, 0x00, 0x00, 0x00,
    0x00, 0x00, 0x00, 0x00, 0x00, 0x00, 0x00, 0x00, 0x00, 0x00, 0x00, 0x00, 0x00, 0x00, 0x00, 0x00,
    0x00, 0x00, 0x00, 0x00, 0x00, 0x00, 0x00, 0x00, 0x00, 0x00, 0x00, 0x00, 0x00, 0x00, 0x00, 0x00,
    0x0b, 0x2a, 0x00, 0x00, 0x00, 0x00, 0x00, 0x00, 0x00, 0x00, 0x00, 0x00, 0x00, 0x00, 0x00, 0x00,
    0x00, 0x00, 0x4d, 0x32, 0xd9, 0xa5, 0x00, 0x00, 0x00, 0x00, 0x00, 0x00, 0x00, 0x00, 0x00, 0x00,
    0x00, 0x00, 0x00, 0x00, 0x00, 0x00, 0x00, 0x00, 0x00, 0x00, 0x00, 0x00, 0x00, 0x00, 0x00, 0x00,
    0x00, 0x00, 0x00, 0x00, 0x00, 0x00, 0x00, 0x00, 0x00, 0x00, 0x00, 0x00, 0x00, 0x00, 0x00, 0x00,
    0x00, 0x00, 0x00, 0x00, 0x00, 0x00, 0x00, 0x00, 0x00, 0x00, 0x00, 0x00, 0x00, 0x00, 0x00, 0x00,
    0x00, 0x00, 0x2c, 0x2a, 0x00, 0x00, 0x00, 0x00, 0x00, 0x00, 0x00, 0x00, 0xeb, 0x29, 0xd8, 0x74,
    0x21, 0x21, 0x22, 0x21, 0x21, 0x21, 0x21, 0x21, 0x21, 0x21, 0x22, 0x21, 0x21, 0x21, 0x21, 0x21,
    0x21, 0x21, 0x22, 0x21, 0x21, 0x21, 0x21, 0x21, 0x21, 0x21, 0x22, 0x21, 0x3a, 0xae, 0x3e, 0xcf,
    0xf8, 0xff, 0x22, 0x21, 0x21, 0x21, 0x21, 0x21, 0x8c, 0x3a, 0x97, 0x9d, 0x21, 0x21, 0x21, 0x21,
    0x21, 0x21, 0x22, 0x21, 0x21, 0x21, 0x21, 0x21, 0x21, 0x21, 0x22, 0x21, 0x21, 0x21, 0xcd, 0x42,
    0x21, 0x21, 0x22, 0x21, 0x21, 0x21, 0x21, 0x21, 0x21, 0x21, 0x22, 0x21, 0x21, 0x21, 0x21, 0x21,
    0x21, 0x21, 0x22, 0x21, 0x21, 0x21, 0x21, 0x21, 0x21, 0x21, 0xcd, 0x42, 0xfe, 0xc6, 0xf8, 0xff,
    0xf8, 0xff, 0x22, 0x21, 0x21, 0x21, 0x21, 0x21, 0x21, 0x21, 0x22, 0x21, 0x21, 0x21, 0x21, 0x21,
    0x21, 0x21, 0x22, 0x21, 0x21, 0x21, 0x21, 0x21, 0x21, 0x21, 0x22, 0x21, 0x21, 0x21, 0x21, 0x21,
    0x21, 0x21, 0x22, 0x21, 0x21, 0x21, 0x21, 0x21, 0x21, 0x21, 0x22, 0x21, 0x21, 0x21, 0x21, 0x21,
    0x21, 0x21, 0x22, 0x21, 0x21, 0x21, 0x21, 0x21, 0x21, 0x21, 0xac, 0x3a, 0xf9, 0xff, 0xf8, 0xff,
    0xf8, 0xff, 0x22, 0x21, 0x21, 0x21, 0x21, 0x21, 0x21, 0x21, 0x22, 0x21, 0x21, 0x21, 0x21, 0x21,
    0x21, 0x21, 0x22, 0x21, 0x21, 0x21, 0x21, 0x21, 0x21, 0x21, 0x22, 0x21, 0x21, 0x21, 0xcd, 0x3a,
    0x21, 0x21, 0x22, 0x21, 0x21, 0x21, 0x21, 0x21, 0x21, 0x21, 0x22, 0x21, 0x21, 0x21, 0x21, 0x21,
    0x21, 0x21, 0x22, 0x21, 0x21, 0x21, 0x21, 0x21, 0x21, 0x21, 0x22, 0x21, 0xf9, 0xff, 0xf8, 0xff,
    0xf8, 0xff, 0x22, 0x21, 0x21, 0x21, 0x21, 0x21, 0x21, 0x21, 0x22, 0x21, 0x21, 0x21, 0x21, 0x21,
    0x21, 0x21, 0x22, 0x21, 0x21, 0x21, 0x21, 0x21, 0x21, 0x21, 0x22, 0x21, 0x21, 0x21, 0xac, 0x3a,
    0x00, 0x00, 0x00, 0x00, 0x00, 0x00, 0x00, 0x00, 0x00, 0x00, 0x00, 0x00, 0x00, 0x00, 0x00, 0x00,
    0x00, 0x00, 0x00, 0x00, 0x00, 0x00, 0x8f, 0x32, 0x00, 0x00, 0x00, 0x00, 0x00, 0x00, 0x00, 0x00,
    0x4d, 0x32, 0x1a, 0xae, 0x00, 0x00, 0x00, 0x00, 0x00, 0x00, 0x00, 0x00, 0x00, 0x00, 0x00, 0x00,
    0x00, 0x00, 0x00, 0x00, 0x00, 0x00, 0x00, 0x00, 0x00, 0x00, 0x00, 0x00, 0x00, 0x00, 0x00, 0x00,
    0x00, 0x00, 0x00, 0x00, 0x00, 0x00, 0x00, 0x00, 0x00, 0x00, 0x00, 0x00, 0x00, 0x00, 0x00, 0x00,
    0x00, 0x00, 0x00, 0x00, 0x00, 0x00, 0x0c, 0x2a, 0x57, 0x95, 0x00, 0x00, 0x00, 0x00, 0x00, 0x00,
    0x2c, 0x2a, 0x00, 0x00, 0x00, 0x00, 0x00, 0x00, 0x00, 0x00, 0x00, 0x00, 0x00, 0x00, 0x00, 0x00,
    0x00, 0x00, 0x00, 0x00, 0x00, 0x00, 0x00, 0x00, 0x00, 0x00, 0x00, 0x00, 0x00, 0x00, 0x00, 0x00,
    0x00, 0x00, 0x00, 0x00, 0x00, 0x00, 0x00, 0x00, 0x00, 0x00, 0x00, 0x00, 0x00, 0x00, 0x00, 0x00,
    0x00, 0x00, 0x00, 0x00, 0x00, 0x00, 0xca, 0x21, 0x00, 0x00, 0x00, 0x00, 0x00, 0x00, 0x00, 0x00,
    0x00, 0x00, 0x00, 0x00, 0x00, 0x00, 0x00, 0x00, 0x00, 0x00, 0x00, 0x00, 0x00, 0x00, 0x00, 0x00,
    0x0c, 0x2a, 0x78, 0x9d, 0x00, 0x00, 0x00, 0x00, 0x00, 0x00, 0x00, 0x00, 0x00, 0x00, 0x00, 0x00,
    0x00, 0x00, 0x00, 0x00, 0x00, 0x00, 0x00, 0x00, 0x00, 0x00, 0x00, 0x00, 0x00, 0x00, 0x00, 0x00,
    0x00, 0x00, 0x00, 0x00, 0x00, 0x00, 0x00, 0x00, 0x00, 0x00, 0x00, 0x00, 0x00, 0x00, 0x00, 0x00,
    0x00, 0x00, 0x00, 0x00, 0x00, 0x00, 0x00, 0x00, 0x00, 0x00, 0x00, 0x00, 0x00, 0x00, 0x00, 0x00,
    0xcb, 0x21, 0x00, 0x00, 0x00, 0x00, 0x00, 0x00, 0x00, 0x00, 0x00, 0x00, 0x00, 0x00, 0x00, 0x00,
    0x00, 0x00, 0x00, 0x00, 0x00, 0x00, 0x00, 0x00, 0x00, 0x00, 0x00, 0x00, 0x00, 0x00, 0x00, 0x00,
    0x00, 0x00, 0x00, 0x00, 0x00, 0x00, 0x00, 0x00, 0x00, 0x00, 0x00, 0x00, 0x00, 0x00, 0x00, 0x00,
    0x6e, 0x32, 0xfa, 0x6c, 0xda, 0xa5, 0x00, 0x00, 0x00, 0x00, 0x00, 0x00, 0x00, 0x00, 0x00, 0x00,
    0x00, 0x00, 0x00, 0x00, 0x00, 0x00, 0x00, 0x00, 0x00, 0x00, 0x00, 0x00, 0x00, 0x00, 0x00, 0x00,
    0x00, 0x00, 0x00, 0x00, 0x00, 0x00, 0x00, 0x00, 0x00, 0x00, 0x00, 0x00, 0x00, 0x00, 0x00, 0x00,
    0x00, 0x00, 0x00, 0x00, 0x00, 0x00, 0x00, 0x00, 0x00, 0x00, 0x00, 0x00, 0x00, 0x00, 0x00, 0x00,
    0x00, 0x00, 0xfa, 0x6c, 0x00, 0x00, 0x00, 0x00, 0x00, 0x00, 0x00, 0x00, 0x00, 0x00, 0x00, 0x00,
    0x00, 0x00, 0x00, 0x00, 0x00, 0x00, 0x00, 0x00, 0x00, 0x00, 0x4d, 0x32, 0xfa, 0xa5, 0x00, 0x00,
    0x00, 0x00, 0x00, 0x00, 0x00, 0x00, 0x00, 0x00, 0x00, 0x00, 0x00, 0x00, 0x00, 0x00, 0x00, 0x00,
    0x00, 0x00, 0x00, 0x00, 0x00, 0x00, 0x00, 0x00, 0x00, 0x00, 0x00, 0x00, 0x00, 0x00, 0x00, 0x00,
    0x00, 0x00, 0x00, 0x00, 0x00, 0x00, 0x00, 0x00, 0x00, 0x00, 0x00, 0x00, 0x00, 0x00, 0x00, 0x00,
    0x00, 0x00, 0x00, 0x00, 0x00, 0x00, 0x00, 0x00, 0xeb, 0x29, 0xda, 0xa5, 0x00, 0x00, 0x00, 0x00,
    0x00, 0x00, 0x00, 0x00, 0x00, 0x00, 0x00, 0x00, 0x00, 0x00, 0x00, 0x00, 0x00, 0x00, 0x00, 0x00,
    0x00, 0x00, 0x00, 0x00, 0x6e, 0x32, 0x5c, 0xb6, 0x00, 0x00, 0x00, 0x00, 0x00, 0x00, 0x00, 0x00,
    0x00, 0x00, 0x00, 0x00, 0x00, 0x00, 0x00, 0x00, 0x00, 0x00, 0x00, 0x00, 0x00, 0x00, 0x00, 0x00,
    0x00, 0x00, 0x00, 0x00, 0x00, 0x00, 0x00, 0x00, 0x00, 0x00, 0x00, 0x00, 0x00, 0x00, 0x00, 0x00,
    0x00, 0x00, 0x00, 0x00, 0x00, 0x00, 0x00, 0x00, 0x00, 0x00, 0x00, 0x00, 0x00, 0x00, 0x00, 0x00,
    0x00, 0x00, 0x00, 0x00, 0x6e, 0x32, 0x00, 0x00, 0x00, 0x00, 0x00, 0x00, 0x00, 0x00, 0x00, 0x00,
    0x2c, 0x2a, 0xb9, 0x9d, 0x00, 0x00, 0x00, 0x00, 0x00, 0x00, 0x00, 0x00, 0x00, 0x00, 0x00, 0x00,
    0x00, 0x00, 0x00, 0x00, 0x00, 0x00, 0x00, 0x00, 0x00, 0x00, 0x00, 0x00, 0x00, 0x00, 0x00, 0x00,
    0x00, 0x00, 0x00, 0x00, 0x00, 0x00, 0x00, 0x00, 0x00, 0x00, 0x00, 0x00, 0x00, 0x00, 0x00, 0x00,
    0x00, 0x00, 0x00, 0x00, 0x00, 0x00, 0x00, 0x00, 0x00, 0x00, 0x00, 0x00, 0x00, 0x00, 0x00, 0x00,
    0x0b, 0x2a, 0x00, 0x00, 0x00, 0x00, 0x00, 0x00, 0x00, 0x00, 0x00, 0x00, 0x00, 0x00, 0x00, 0x00,
    0x00, 0x00, 0x4d, 0x32, 0xd9, 0xa5, 0x00, 0x00, 0x00, 0x00, 0x00, 0x00, 0x00, 0x00, 0x00, 0x00,
    0x00, 0x00, 0x00, 0x00, 0x00, 0x00, 0x00, 0x00, 0x00, 0x00, 0x00, 0x00, 0x00, 0x00, 0x00, 0x00,
    0x00, 0x00, 0x00, 0x00, 0x00, 0x00, 0x00, 0x00, 0x00, 0x00, 0x00, 0x00, 0x00, 0x00, 0x00, 0x00,
    0x00, 0x00, 0x00, 0x00, 0x00, 0x00, 0x00, 0x00, 0x00, 0x00, 0x00, 0x00, 0x00, 0x00, 0x00, 0x00,
    0x00, 0x00, 0x2c, 0x2a, 0x00, 0x00, 0x00, 0x00, 0x00, 0x00, 0x00, 0x00, 0xeb, 0x29, 0xd8, 0x74,
    0x00, 0x00, 0x00, 0x00, 0x00, 0x00, 0x00, 0x00, 0x00, 0x00, 0x00, 0x00, 0x00, 0x00, 0x00, 0x00,
    0x00, 0x00, 0x00, 0x00, 0x00, 0x00, 0x00, 0x00, 0x00, 0x00, 0x00, 0x00, 0x6e, 0x32, 0x3b, 0xae,
    0x00, 0x00, 0x00, 0x00, 0x00, 0x00, 0x00, 0x00, 0xeb, 0x29, 0x37, 0x95, 0x00, 0x00, 0x00, 0x00,
    0x00, 0x00, 0x00, 0x00, 0x00, 0x00, 0x00, 0x00, 0x00, 0x00, 0x00, 0x00, 0x00, 0x00, 0x4d, 0x2a,
    0x00, 0x00, 0x00, 0x00, 0x00, 0x00, 0x00, 0x00, 0x00, 0x00, 0x00, 0x00, 0x00, 0x00, 0x00, 0x00,
    0x00, 0x00, 0x00, 0x00, 0x00, 0x00, 0x00, 0x00, 0x00, 0x00, 0x2c, 0x2a, 0x1b, 0xa6, 0x00, 0x00,
    0x00, 0x00, 0x00, 0x00, 0x00, 0x00, 0x00, 0x00, 0x00, 0x00, 0x00, 0x00, 0x00, 0x00, 0x00, 0x00,
    0x00, 0x00, 0x00, 0x00, 0x00, 0x00, 0x00, 0x00, 0x00, 0x00, 0x00, 0x00, 0x00, 0x00, 0x00, 0x00,
    0x00, 0x00, 0x00, 0x00, 0x00, 0x00, 0x00, 0x00, 0x00, 0x00, 0x00, 0x00, 0x00, 0x00, 0x00, 0x00,
    0x00, 0x00, 0x00, 0x00, 0x00, 0x00, 0x00, 0x00, 0x00, 0x00, 0x0b, 0x2a, 0x00, 0x00, 0x00, 0x00,
    0x00, 0x00, 0x00, 0x00, 0x00, 0x00, 0x00, 0x00, 0x00, 0x00, 0x00, 0x00, 0x00, 0x00, 0x00, 0x00,
    0x00, 0x00, 0x00, 0x00, 0x00, 0x00, 0x00, 0x00, 0x00, 0x00, 0x00, 0x00, 0x00, 0x00, 0x2c, 0x2a,
    0x00, 0x00, 0x00, 0x00, 0x00, 0x00, 0x00, 0x00, 0x00, 0x00, 0x00, 0x00, 0x00, 0x00, 0x00, 0x00,
    0x00, 0x00, 0x00, 0x00, 0x00, 0x00, 0x00, 0x00, 0x00, 0x00, 0x00, 0x00, 0x00, 0x00, 0x00, 0x00,
    0x00, 0x00, 0x00, 0x00, 0x00, 0x00, 0x00, 0x00, 0x00, 0x00, 0x00, 0x00, 0x00, 0x00, 0x00, 0x00,
    0x00, 0x00, 0x00, 0x00, 0x00, 0x00, 0x00, 0x00, 0x00, 0x00, 0x00, 0x00, 0x00, 0x00, 0xeb, 0x29,
    0x00, 0x00, 0x00, 0x00, 0x00, 0x00, 0x00, 0x00, 0x00, 0x00, 0x00, 0x00, 0x00, 0x00, 0x00, 0x00,
    0x00, 0x00, 0x00, 0x00, 0x00, 0x00, 0x8f, 0x32, 0x00, 0x00, 0x00, 0x00, 0x00, 0x00, 0x00, 0x00,
    0x4d, 0x32, 0x1a, 0xae, 0x00, 0x00, 0x00, 0x00, 0x00, 0x00, 0x00, 0x00, 0x00, 0x00, 0x00, 0x00,
    0x00, 0x00, 0x00, 0x00, 0x00, 0x00, 0x00, 0x00, 0x00, 0x00, 0x00, 0x00, 0x00, 0x00, 0x00, 0x00,
    0x00, 0x00, 0x00, 0x00, 0x00, 0x00, 0x00, 0x00, 0x00, 0x00, 0x00, 0x00, 0x00, 0x00, 0x00, 0x00,
    0x00, 0x00, 0x00, 0x00, 0x00, 0x00, 0x0c, 0x2a, 0x57, 0x95, 0x00, 0x00, 0x00, 0x00, 0x00, 0x00,
    0x2c, 0x2a, 0x00, 0x00, 0x00, 0x00, 0x00, 0x00, 0x00, 0x00, 0x00, 0x00, 0x00, 0x00, 0x00, 0x00,
    0x00, 0x00, 0x00, 0x00, 0x00, 0x00, 0x00, 0x00, 0x00, 0x00, 0x00, 0x00, 0x00, 0x00, 0x00, 0x00,
    0x00, 0x00, 0x00, 0x00, 0x00, 0x00, 0x00, 0x00, 0x00, 0x00, 0x00, 0x00, 0x00, 0x00, 0x00, 0x00,
    0x00, 0x00, 0x00, 0x00, 0x00, 0x00, 0xca, 0x21, 0x00, 0x00, 0x00, 0x00, 0x00, 0x00, 0x00, 0x00,
    0x00, 0x00, 0x00, 0x00, 0x00, 0x00, 0x00, 0x00, 0x00, 0x00, 0x00, 0x00, 0x00, 0x00, 0x00, 0x00,
    0x0c, 0x2a, 0x78, 0x9d, 0x00, 0x00, 0x00, 0x00, 0x00, 0x00, 0x00, 0x00, 0x00, 0x00, 0x00, 0x00,
    0x00, 0x00, 0x00, 0x00, 0x00, 0x00, 0x00, 0x00, 0x00, 0x00, 0x00, 0x00, 0x00, 0x00, 0x00, 0x00,
    0x00, 0x00, 0x00, 0x00, 0x00, 0x00, 0x00, 0x00, 0x00, 0x00, 0x00, 0x00, 0x00, 0x00, 0x00, 0x00,
    0x00, 0x00, 0x00, 0x00, 0x00, 0x00, 0x00, 0x00, 0x00, 0x00, 0x00, 0x00, 0x00, 0x00, 0x00, 0x00,
    0xcb, 0x21, 0x00, 0x00, 0x00, 0x00, 0x00, 0x00, 0x00, 0x00, 0x00, 0x00, 0x00, 0x00, 0x00, 0x00,
    0x00, 0x00, 0x00, 0x00, 0x00, 0x00, 0x00, 0x00, 0x00, 0x00, 0x00, 0x00, 0x00, 0x00, 0x00, 0x00,
    0x00, 0x00, 0x00, 0x00, 0x00, 0x00, 0x00, 0x00, 0x00, 0x00, 0x00, 0x00, 0x00, 0x00, 0x00, 0x00,
    0x6e, 0x32, 0x4d, 0x32, 0xda, 0xa5, 0x00, 0x00, 0x00, 0x00, 0x00, 0x00, 0x00, 0x00, 0x00, 0x00,
    0x00, 0x00, 0x00, 0x00, 0x00, 0x00, 0x00, 0x00, 0x00, 0x00, 0x00, 0x00, 0x00, 0x00, 0x00, 0x00,
    0x00, 0x00, 0x00, 0x00, 0x00, 0x00, 0x00, 0x00, 0x00, 0x00, 0x00, 0x00, 0x00, 0x00, 0x00, 0x00,
    0x00, 0x00, 0x00, 0x00, 0x00, 0x00, 0x00, 0x00, 0x00, 0x00, 0x00, 0x00, 0x00, 0x00, 0x00, 0x00,
    0x00, 0x00, 0x2c, 0x2a, 0x00, 0x00, 0x00, 0x00, 0x00, 0x00, 0x00, 0x00, 0x00, 0x00, 0x00, 0x00,
    0x00, 0x00, 0x00, 0x00, 0x00, 0x00, 0x00, 0x00, 0x00, 0x00, 0x4d, 0x32, 0xfa, 0xa5, 0x00, 0x00,
    0x00, 0x00, 0x00, 0x00, 0x00, 0x00, 0x00, 0x00, 0x00, 0x00, 0x00, 0x00, 0x00, 0x00, 0x00, 0x00,
    0x00, 0x00, 0x00, 0x00, 0x00, 0x00, 0x00, 0x00, 0x00, 0x00, 0x00, 0x00, 0x00, 0x00, 0x00, 0x00,
    0x00, 0x00, 0x00, 0x00, 0x00, 0x00, 0x00, 0x00, 0x00, 0x00, 0x00, 0x00, 0x00, 0x00, 0x00, 0x00,
    0x00, 0x00, 0x00, 0x00, 0x00, 0x00, 0x00, 0x00, 0xeb, 0x29, 0xda, 0xa5, 0x00, 0x00, 0x00, 0x00,
    0x00, 0x00, 0x00, 0x00, 0x00, 0x00, 0x00, 0x00, 0x00, 0x00, 0x00, 0x00, 0x00, 0x00, 0x00, 0x00,
    0x00, 0x00, 0x00, 0x00, 0x6e, 0x32, 0x5c, 0xb6, 0x00, 0x00, 0x00, 0x00, 0x00, 0x00, 0x00, 0x00,
    0x00, 0x00, 0x00, 0x00, 0x00, 0x00, 0x00, 0x00, 0x00, 0x00, 0x00, 0x00, 0x00, 0x00, 0x00, 0x00,
    0x00, 0x00, 0x00, 0x00, 0x00, 0x00, 0x00, 0x00, 0x00, 0x00, 0x00, 0x00, 0x00, 0x00, 0x00, 0x00,
    0x00, 0x00, 0x00, 0x00, 0x00, 0x00, 0x00, 0x00, 0x00, 0x00, 0x00, 0x00, 0x00, 0x00, 0x00, 0x00,
    0x00, 0x00, 0x00, 0x00, 0x6e, 0x32, 0x00, 0x00, 0x00, 0x00, 0x00, 0x00, 0x00, 0x00, 0x00, 0x00,
    0x2c, 0x2a, 0xb9, 0x9d, 0x00, 0x00, 0x00, 0x00, 0x00, 0x00, 0x00, 0x00, 0x00, 0x00, 0x00, 0x00,
    0x00, 0x00, 0x00, 0x00, 0x00, 0x00, 0x00, 0x00, 0x00, 0x00, 0x00, 0x00, 0x00, 0x00, 0x00, 0x00,
    0x00, 0x00, 0x00, 0x00, 0x00, 0x00, 0x00, 0x00, 0x00, 0x00, 0x00, 0x00, 0x00, 0x00, 0x00, 0x00,
    0x00, 0x00, 0x00, 0x00, 0x00, 0x00, 0x00, 0x00, 0x00, 0x00, 0x00, 0x00, 0x00, 0x00, 0x00, 0x00,
    0x0b, 0x2a, 0x00, 0x00, 0x00, 0x00, 0x00, 0x00, 0x00, 0x00, 0x00, 0x00, 0x00, 0x00, 0x00, 0x00,
    0x00, 0x00, 0x4d, 0x32, 0xd9, 0xa5, 0x00, 0x00, 0x00, 0x00, 0x00, 0x00, 0x00, 0x00, 0x00, 0x00,
    0x00, 0x00, 0x00, 0x00, 0x00, 0x00, 0x00, 0x00, 0x00, 0x00, 0x00, 0x00, 0x00, 0x00, 0x00, 0x00,
    0x00, 0x00, 0x00, 0x00, 0x00, 0x00, 0x00, 0x00, 0x00, 0x00, 0x00, 0x00, 0x00, 0x00, 0x00, 0x00,
    0x00, 0x00, 0x00, 0x00, 0x00, 0x00, 0x00, 0x00, 0x00, 0x00, 0x00, 0x00, 0x00, 0x00, 0x00, 0x00,
    0x00, 0x00, 0x2c, 0x2a, 0x00, 0x00, 0x00, 0x00, 0x00, 0x00, 0x00, 0x00, 0xeb, 0x29, 0xd8, 0x74,
    0x00, 0x00, 0x00, 0x00, 0x00, 0x00, 0x00, 0x00, 0x00, 0x00, 0x00, 0x00, 0x00, 0x00, 0x00, 0x00,
    0x00, 0x00, 0x00, 0x00, 0x00, 0x00, 0x00, 0x00, 0x00, 0x00, 0x00, 0x00, 0x00, 0x00, 0x00, 0x00,
    0x00, 0x00, 0x00, 0x00, 0x00, 0x00, 0x00, 0x00, 0xeb, 0x29, 0x37, 0x95, 0x00, 0x00, 0x00, 0x00,
    0x00, 0x00, 0x00, 0x00, 0x00, 0x00, 0x00, 0x00, 0x00, 0x00, 0x00, 0x00, 0x00, 0x00, 0x4d, 0x2a,
    0x00, 0x00, 0x00, 0x00, 0x00, 0x00, 0x00, 0x00, 0x00, 0x00, 0x00, 0x00, 0x00, 0x00, 0x00, 0x00,
    0x00, 0x00, 0x00, 0x00, 0x00, 0x00, 0x00, 0x00, 0x00, 0x00, 0x00, 0x00, 0x00, 0x00, 0x00, 0x00,
    0x00, 0x00, 0x00, 0x00, 0x00, 0x00, 0x00, 0x00, 0x00, 0x00, 0x00, 0x00, 0x00, 0x00, 0x00, 0x00,
    0x00, 0x00, 0x00, 0x00, 0x00, 0x00, 0x00, 0x00, 0x00, 0x00, 0x00, 0x00, 0x00, 0x00, 0x00, 0x00,
    0x00, 0x00, 0x00, 0x00, 0x00, 0x00, 0x00, 0x00, 0x00, 0x00, 0x00, 0x00, 0x00, 0x00, 0x00, 0x00,
    0x00, 0x00, 0x00, 0x00, 0x00, 0x00, 0x00, 0x00, 0x00, 0x00, 0x00, 0x00, 0x00, 0x00, 0x00, 0x00,
    0x00, 0x00, 0x00, 0x00, 0x00, 0x00, 0x00, 0x00, 0x00, 0x00, 0x00, 0x00, 0x00, 0x00, 0x00, 0x00,
    0x00, 0x00, 0x00, 0x00, 0x00, 0x00, 0x00, 0x00, 0x00, 0x00, 0x00, 0x00, 0x00, 0x00, 0x00, 0x00,
    0x00, 0x00, 0x00, 0x00, 0x00, 0x00, 0x00, 0x00, 0x00, 0x00, 0x00, 0x00, 0x00, 0x00, 0x00, 0x00,
    0x00, 0x00, 0x00, 0x00, 0x00, 0x00, 0x00, 0x00, 0x00, 0x00, 0x00, 0x00, 0x00, 0x00, 0x00, 0x00,
    0x00, 0x00, 0x00, 0x00, 0x00, 0x00, 0x00, 0x00, 0x00, 0x00, 0x00, 0x00, 0x00, 0x00, 0x00, 0x00,
    0x00, 0x00, 0x00, 0x00, 0x00, 0x00, 0x00, 0x00, 0x00, 0x00, 0x00, 0x00, 0x00, 0x00, 0x00, 0x00,
    0x00, 0x00, 0x00, 0x00, 0x00, 0x00, 0x00, 0x00, 0x00, 0x00, 0x00, 0x00, 0x00, 0x00, 0x00, 0x00,
    0x00, 0x00, 0x00, 0x00, 0x00, 0x00, 0x00, 0x00, 0x00, 0x00, 0x00, 0x00, 0x00, 0x00, 0x00, 0x00,
    0x00, 0x00, 0x00, 0x00, 0x00, 0x00, 0x00, 0x00, 0x00, 0x00, 0x00, 0x00, 0x00, 0x00, 0x00, 0x00,
    0x00, 0x00, 0x00, 0x00, 0x00, 0x00, 0x00, 0x00, 0x00, 0x00, 0x00, 0x00, 0x00, 0x00, 0x00, 0x00,
    0x00, 0x00, 0x00, 0x00, 0x00, 0x00, 0x00, 0x00, 0x00, 0x00, 0x00, 0x00, 0x00, 0x00, 0x00, 0x00,
    0x00, 0x00, 0x00, 0x00, 0x00, 0x00, 0x00, 0x00, 0x00, 0x00, 0x00, 0x00, 0x00, 0x00, 0x00, 0x00,
    0x00, 0x00, 0x00, 0x00, 0x00, 0x00, 0x00, 0x00, 0x00, 0x00, 0x00, 0x00, 0x00, 0x00, 0x00, 0x00,
    0x00, 0x00, 0x00, 0x00, 0x00, 0x00, 0x00, 0x00, 0x00, 0x00, 0x00, 0x00, 0x00, 0x00, 0x00, 0x00,
    0x00, 0x00, 0x00, 0x00, 0x00, 0x00, 0x00, 0x00, 0x00, 0x00, 0x00, 0x00, 0x00, 0x00, 0x00, 0x00,
    0x00, 0x00, 0x00, 0x00, 0x00, 0x00, 0x00, 0x00, 0x00, 0x00, 0x00, 0x00, 0x00, 0x00, 0x00, 0x00,
    0x00, 0x00, 0x00, 0x00, 0x00, 0x00, 0x00, 0x00, 0x00, 0x00, 0x00, 0x00, 0x00, 0x00, 0x00, 0x00,
    0x00, 0x00, 0x00, 0x00, 0x00, 0x00, 0x00, 0x00, 0x00, 0x00, 0x00, 0x00, 0x00, 0x00, 0x00, 0x00,
    0x00, 0x00, 0x00, 0x00, 0x00, 0x00, 0x00, 0x00, 0x00, 0x00, 0x00, 0x00, 0x00, 0x00, 0x00, 0x00,
    0x00, 0x00, 0x00, 0x00, 0x00, 0x00, 0x00, 0x00, 0x00, 0x00, 0x00, 0x00, 0x00, 0x00, 0x00, 0x00,
    0x00, 0x00, 0x00, 0x00, 0x00, 0x00, 0x00, 0x00, 0x00, 0x00, 0x00, 0x00, 0x00, 0x00, 0x00, 0x00,
    0x00, 0x00, 0x00, 0x00, 0x00, 0x00, 0x00, 0x00, 0x00, 0x00, 0x00, 0x00, 0x00, 0x00, 0x00, 0x00,
    0x00, 0x00, 0x00, 0x00, 0x00, 0x00, 0x00, 0x00, 0x00, 0x00, 0x00, 0x00, 0x00, 0x00, 0x00, 0x00,
    0x00, 0x00, 0x00, 0x00, 0x00, 0x00, 0x00, 0x00, 0x00, 0x00, 0x00, 0x00, 0x00, 0x00, 0x00, 0x00,
    0x00, 0x00, 0x00, 0x00, 0x00, 0x00, 0x00, 0x00, 0x00, 0x00, 0x00, 0x00, 0x00, 0x00, 0x00, 0x00,
    0x00, 0x00, 0x00, 0x00, 0x00, 0x00, 0x00, 0x00, 0x00, 0x00, 0x00, 0x00, 0x00, 0x00, 0x00, 0x00,
    0x00, 0x00, 0x00, 0x00, 0x00, 0x00, 0x00, 0x00, 0x00, 0x00, 0x00, 0x00, 0x00, 0x00, 0x00, 0x00,
    0x00, 0x00, 0x00, 0x00, 0x00, 0x00, 0x00, 0x00, 0x00, 0x00, 0x00, 0x00, 0x00, 0x00, 0x00, 0x00,
    0x00, 0x00, 0x00, 0x00, 0x00, 0x00, 0x00, 0x00, 0x00, 0x00, 0x00, 0x00, 0x00, 0x00, 0x00, 0x00,
    0x00, 0x00, 0x00, 0x00, 0x00, 0x00, 0x00, 0x00, 0x00, 0x00, 0x00, 0x00, 0x00, 0x00, 0x00, 0x00,
    0x00, 0x00, 0x00, 0x00, 0x00, 0x00, 0x00, 0x00, 0x00, 0x00, 0x00, 0x00, 0x00, 0x00, 0x00, 0x00,
    0x00, 0x00, 0x00, 0x00, 0x00, 0x00, 0x00, 0x00, 0x00, 0x00, 0x00, 0x00, 0x00, 0x00, 0x00, 0x00,
    0x00, 0x00, 0x00, 0x00, 0x00, 0x00, 0x00, 0x00, 0x00, 0x00, 0x00, 0x00, 0x00, 0x00, 0x00, 0x00,
    0x00, 0x00, 0x00, 0x00, 0x00, 0x00, 0x00, 0x00, 0x00, 0x00, 0x00, 0x00, 0x00, 0x00, 0x00, 0x00,
    0x00, 0x00, 0x00, 0x00, 0x00, 0x00, 0x00, 0x00, 0x00, 0x00, 0x00, 0x00, 0x00, 0x00, 0x00, 0x00,
    0x00, 0x00, 0x00, 0x00, 0x00, 0x00, 0x00, 0x00, 0x00, 0x00, 0x00, 0x00, 0x00, 0x00, 0x00, 0x00,
    0x00, 0x00, 0x00, 0x00, 0x00, 0x00, 0x00, 0x00, 0x00, 0x00, 0x00, 0x00, 0x00, 0x00, 0x00, 0x00,
    0x00, 0x00, 0x00, 0x00, 0x00, 0x00, 0x00, 0x00, 0x00, 0x00, 0x00, 0x00, 0x00, 0x00, 0x00, 0x00,
    0x00, 0x00, 0x00, 0x00, 0x00, 0x00, 0x00, 0x00, 0x00, 0x00, 0x00, 0x00, 0x00, 0x00, 0x00, 0x00,
    0x00, 0x00, 0x00, 0x00, 0x00, 0x00, 0x00, 0x00, 0x00, 0x00, 0x00, 0x00, 0x00, 0x00, 0x00, 0x00,
    0x00, 0x00, 0x00, 0x00, 0x00, 0x00, 0x00, 0x00, 0x00, 0x00, 0x00, 0x00, 0x00, 0x00, 0x00, 0x00,
    0x00, 0x00, 0x00, 0x00, 0x00, 0x00, 0x00, 0x00, 0x00, 0x00, 0x00, 0x00, 0x00, 0x00, 0x00, 0x00,
    0x00, 0x00, 0x00, 0x00, 0x00, 0x00, 0x00, 0x00, 0x00, 0x00, 0x00, 0x00, 0x00, 0x00, 0x00, 0x00,
    0x00, 0x00, 0x00, 0x00, 0x00, 0x00, 0x00, 0x00, 0x00, 0x00, 0x00, 0x00, 0x00, 0x00, 0x00, 0x00,
    0x00, 0x00, 0x00, 0x00, 0x00, 0x00, 0x00, 0x00, 0x00, 0x00, 0x00, 0x00, 0x00, 0x00, 0x00, 0x00,
    0x00, 0x00, 0x00, 0x00, 0x00, 0x00, 0x00, 0x00, 0x00, 0x00, 0x00, 0x00, 0x00, 0x00, 0x00, 0x00,
    0x00, 0x00, 0x00, 0x00, 0x00, 0x00, 0x00, 0x00, 0x00, 0x00, 0x00, 0x00, 0x00, 0x00, 0x00, 0x00,
    0x00, 0x00, 0x00, 0x00, 0x00, 0x00, 0x00, 0x00, 0x00, 0x00, 0x00, 0x00, 0x00, 0x00, 0x00, 0x00,
    0x00, 0x00, 0x00, 0x00, 0x00, 0x00, 0x00, 0x00, 0x00, 0x00, 0x00, 0x00, 0x00, 0x00, 0x00, 0x00,
    0x00, 0x00, 0x00, 0x00, 0x00, 0x00, 0x00, 0x00, 0x00, 0x00, 0x00, 0x00, 0x00, 0x00, 0x00, 0x00,
    0x00, 0x00, 0x00, 0x00, 0x00, 0x00, 0x00, 0x00, 0x00, 0x00, 0x00, 0x00, 0x00, 0x00, 0x00, 0x00,
    0x00, 0x00, 0x00, 0x00, 0x00, 0x00, 0x00, 0x00, 0x00, 0x00, 0x00, 0x00, 0x00, 0x00, 0x00, 0x00,
    0x00, 0x00, 0x00, 0x00, 0x00, 0x00, 0x00, 0x00, 0x00, 0x00, 0x00, 0x00, 0x00, 0x00, 0x00, 0x00,
    0x00, 0x00, 0x00, 0x00, 0x00, 0x00, 0x00, 0x00, 0x00, 0x00, 0x00, 0x00, 0x00, 0x00, 0x00, 0x00,
    0x00, 0x00, 0x00, 0x00, 0x00, 0x00, 0x00, 0x00, 0x00, 0x00, 0x00, 0x00, 0x00, 0x00, 0x00, 0x00,
    0x00, 0x00, 0x00, 0x00, 0x00, 0x00, 0x00, 0x00, 0x00, 0x00, 0x00, 0x00, 0x00, 0x00, 0x00, 0x00,
    0x00, 0x00, 0x00, 0x00, 0x00, 0x00, 0x00, 0x00, 0x00, 0x00, 0x00, 0x00, 0x00, 0x00, 0x00, 0x00,
    0x00, 0x00, 0x00, 0x00, 0x00, 0x00, 0x00, 0x00, 0x00, 0x00, 0x00, 0x00, 0x00, 0x00, 0x00, 0x00,
    0x00, 0x00, 0x00, 0x00, 0x00, 0x00, 0x00, 0x00, 0x00, 0x00, 0x00, 0x00, 0x00, 0x00, 0x00, 0x00,
    0x00, 0x00, 0x00, 0x00, 0x00, 0x00, 0x00, 0x00, 0x00, 0x00, 0x00, 0x00, 0xd0, 0x3a, 0x3f, 0xcf,
    0x00, 0x00, 0x00, 0x00, 0x00, 0x00, 0x00, 0x00, 0x00, 0x00, 0x00, 0x00, 0x00, 0x00, 0x00, 0x00,
    0x00, 0x00, 0x00, 0x00, 0x00, 0x00, 0x00, 0x00, 0x00, 0x00, 0x00, 0x00, 0x00, 0x00, 0x00, 0x00,
    0x00, 0x00, 0x00, 0x00, 0x00, 0x00, 0x00, 0x00, 0x00, 0x00, 0x00, 0x00, 0x00, 0x00, 0x00, 0x00,
    0x00, 0x00, 0x00, 0x00, 0x00, 0x00, 0x00, 0x00, 0x00, 0x00, 0x00, 0x00, 0x00, 0x00, 0x00, 0x00,
    0x00, 0x00, 0x00, 0x00, 0x00, 0x00, 0x00, 0x00, 0x00, 0x00, 0x00, 0x00, 0x00, 0x00, 0x00, 0x00,
    0x00, 0x00, 0x00, 0x00, 0x00, 0x00, 0x00, 0x00, 0x00, 0x00, 0x00, 0x00, 0x00, 0x00, 0x88, 0x21,
    0x00, 0x00, 0x00, 0x00, 0x00, 0x00, 0x00, 0x00, 0x00, 0x00, 0x00, 0x00, 0x00, 0x00, 0x00, 0x00,
    0x00, 0x00, 0x00, 0x00, 0x00, 0x00, 0xeb, 0x29, 0xf6, 0x8c, 0x00, 0x00, 0x00, 0x00, 0x00, 0x00,
    0x00, 0x00, 0x00, 0x00, 0x00, 0x00, 0x00, 0x00, 0x00, 0x00, 0x00, 0x00, 0x00, 0x00, 0x00, 0x00,
    0x00, 0x00, 0x00, 0x00, 0x00, 0x00, 0x00, 0x00, 0x00, 0x00, 0x00, 0x00, 0x00, 0x00, 0x00, 0x00,
    0x00, 0x00, 0x00, 0x00, 0x00, 0x00, 0x00, 0x00, 0x00, 0x00, 0x00, 0x00, 0x00, 0x00, 0x00, 0x00,
    0x00, 0x00, 0x00, 0x00, 0x00, 0x00, 0x00, 0x00, 0xa9, 0x21, 0x00, 0x00, 0x00, 0x00, 0x00, 0x00,
    0xa9, 0x21, 0x32, 0x74, 0x00, 0x00, 0x00, 0x00, 0x00, 0x00, 0x00, 0x00, 0x00, 0x00, 0x00, 0x00,
    0x00, 0x00, 0x00, 0x00, 0x00, 0x00, 0x00, 0x00, 0x00, 0x00, 0x00, 0x00, 0x00, 0x00, 0x00, 0x00,
    0x00, 0x00, 0x00, 0x00, 0x00, 0x00, 0x00, 0x00, 0x00, 0x00, 0x00, 0x00, 0x00, 0x00, 0x00, 0x00,
    0x00, 0x00, 0x00, 0x00, 0x00, 0x00, 0x68, 0x19, 0x8f, 0x63, 0x00, 0x00, 0x00, 0x00, 0x00, 0x00,
    0x00, 0x00, 0x47, 0x19, 0x00, 0x00, 0x00, 0x00, 0x00, 0x00, 0x00, 0x00, 0x00, 0x00, 0x00, 0x00,
    0x00, 0x00, 0x00, 0x00, 0x00, 0x00, 0x00, 0x00, 0x00, 0x00, 0x00, 0x00, 0x00, 0x00, 0x00, 0x00,
    0x00, 0x00, 0x00, 0x00, 0x00, 0x00, 0x00, 0x00, 0x00, 0x00, 0x00, 0x00, 0x00, 0x00, 0x00, 0x00,
    0x00, 0x00, 0x00, 0x00, 0x00, 0x00, 0x00, 0x00, 0x00, 0x00, 0x00, 0x00, 0x00, 0x00, 0x00, 0x00,
    0x00, 0x00, 0x00, 0x00, 0x00, 0x00, 0x00, 0x00, 0x00, 0x00, 0x00, 0x00, 0x00, 0x00, 0x00, 0x00,
    0x68, 0x19, 0xb0, 0x63, 0x00, 0x00, 0x00, 0x00, 0x00, 0x00, 0x00, 0x00, 0x00, 0x00, 0x00, 0x00,
    0xa4, 0x08, 0xa4, 0x08, 0xa4, 0x10, 0xa4, 0x08, 0xa4, 0x08, 0xa4, 0x08, 0xa4, 0x10, 0xa4, 0x08,
    0xa4, 0x08, 0xa4, 0x08, 0xa4, 0x10, 0xa4, 0x08, 0xa4, 0x08, 0xa4, 0x08, 0xa4, 0x10, 0xa4, 0x08,
    0x2d, 0x2a, 0xf6, 0x84, 0xa4, 0x10, 0xa4, 0x08, 0xa4, 0x08, 0xa4, 0x08, 0xa4, 0x10, 0xa4, 0x08,
    0xa4, 0x08, 0xa4, 0x08, 0xa4, 0x10, 0xa4, 0x08, 0xa4, 0x08, 0xa4, 0x08, 0xa4, 0x10, 0xa4, 0x08,
    0xa4, 0x08, 0xa4, 0x08, 0xa4, 0x10, 0xa4, 0x08, 0xa4, 0x08, 0xa4, 0x08, 0xa4, 0x10, 0xa4, 0x08,
    0xa4, 0x08, 0xa4, 0x08, 0xa4, 0x10, 0xa4, 0x08, 0xa4, 0x08, 0xa4, 0x08, 0xa4, 0x10, 0xa4, 0x08,
    0xa4, 0x08, 0xd0, 0x32, 0x74, 0x7c, 0xa4, 0x08, 0xa4, 0x08, 0xa4, 0x08, 0xa4, 0x10, 0xa4, 0x08,
    0xa4, 0x08, 0xa4, 0x08, 0xa4, 0x10, 0xa4, 0x08, 0xa4, 0x08, 0xa4, 0x08, 0xa4, 0x10, 0xa4, 0x08,
    0x00, 0x00, 0x00, 0x00, 0x00, 0x00, 0x00, 0x00, 0x00, 0x00, 0x00, 0x00, 0x00, 0x00, 0x00, 0x00,
    0x00, 0x00, 0x00, 0x00, 0x00, 0x00, 0x00, 0x00, 0x00, 0x00, 0x00, 0x00, 0x00, 0x00, 0x00, 0x00,
    0x00, 0x00, 0x00, 0x00, 0x47, 0x19, 0x00, 0x00, 0x00, 0x00, 0x00, 0x00, 0x00, 0x00, 0x00, 0x00,
    0x00, 0x00, 0x00, 0x00, 0x00, 0x00, 0x00, 0x00, 0x00, 0x00, 0x89, 0x21, 0x52, 0x74, 0x00, 0x00,
    0x00, 0x00, 0x00, 0x00, 0x00, 0x00, 0x00, 0x00, 0x00, 0x00, 0x00, 0x00, 0x00, 0x00, 0x00, 0x00,
    0x00, 0x00, 0x00, 0x00, 0x00, 0x00, 0x00, 0x00, 0x00, 0x00, 0x00, 0x00, 0x00, 0x00, 0x00, 0x00,
    0x00, 0x00, 0x00, 0x00, 0x00, 0x00, 0x00, 0x00, 0x00, 0x00, 0x00, 0x00, 0x00, 0x00, 0x00, 0x00,
    0x00, 0x00, 0x00, 0x00, 0x00, 0x00, 0x00, 0x00, 0x00, 0x00, 0xca, 0x21, 0x47, 0x19, 0x00, 0x00,
    0x00, 0x00, 0x00, 0x00, 0x00, 0x00, 0x00, 0x00, 0x00, 0x00, 0x00, 0x00, 0x00, 0x00, 0x00, 0x00,
    0x00, 0x00, 0x00, 0x00, 0xca, 0x21, 0xb4, 0x84, 0x00, 0x00, 0x00, 0x00, 0x00, 0x00, 0x00, 0x00,
    0x00, 0x00, 0x00, 0x00, 0x00, 0x00, 0x00, 0x00, 0x00, 0x00, 0x00, 0x00, 0x00, 0x00, 0x00, 0x00,
    0x00, 0x00, 0x00, 0x00, 0x00, 0x00, 0x00, 0x00, 0x00, 0x00, 0x00, 0x00, 0x00, 0x00, 0x00, 0x00,
    0x00, 0x00, 0x00, 0x00, 0x00, 0x00, 0x00, 0x00, 0x00, 0x00, 0x00, 0x00, 0x00, 0x00, 0x00, 0x00,
    0x00, 0x00, 0x00, 0x00, 0x00, 0x00, 0x88, 0x21, 0x00, 0x00, 0x00, 0x00, 0x00, 0x00, 0x00, 0x00,
    0x88, 0x21, 0xf1, 0x6b, 0x00, 0x00, 0x00, 0x00, 0x00, 0x00, 0x00, 0x00, 0x00, 0x00, 0x00, 0x00,
    0x00, 0x00, 0x00, 0x00, 0x00, 0x00, 0x00, 0x00, 0x00, 0x00, 0x00, 0x00, 0x00, 0x00, 0x00, 0x00,
    0x00, 0x00, 0x00, 0x00, 0x00, 0x00, 0x00, 0x00, 0x00, 0x00, 0x00, 0x00, 0x00, 0x00, 0x00, 0x00,
    0x00, 0x00, 0x00, 0x00, 0x00, 0x00, 0x00, 0x00, 0x00, 0x00, 0x00, 0x00, 0x00, 0x00, 0x00, 0x00,
    0x00, 0x00, 0x06, 0x11, 0x00, 0x00, 0x00, 0x00, 0x00, 0x00, 0x00, 0x00, 0x00, 0x00, 0x00, 0x00,
    0x00, 0x00, 0x89, 0x19, 0x12, 0x74, 0x00, 0x00, 0x00, 0x00, 0x00, 0x00, 0x00, 0x00, 0x00, 0x00,
    0x21, 0x21, 0x21, 0x21, 0x22, 0x21, 0x21, 0x21, 0x21, 0x21, 0x21, 0x21, 0x22, 0x21, 0x21, 0x21,
    0x21, 0x21, 0x21, 0x21, 0x22, 0x21, 0x21, 0x21, 0x21, 0x21, 0xf8, 0xff, 0xf9, 0xff, 0xf9, 0xff,
    0x21, 0x21, 0x21, 0x21, 0x22, 0x21, 0x21, 0x21, 0x21, 0x21, 0x21, 0x21, 0x22, 0x21, 0x21, 0x21,
    0x21, 0x21, 0x21, 0x21, 0x08, 0x32, 0x21, 0x21, 0x21, 0x21, 0x21, 0x21, 0x22, 0x21, 0x30, 0x4b,
    0x21, 0x21, 0x21, 0x21, 0x22, 0x21, 0x21, 0x21, 0x21, 0x21, 0x21, 0x21, 0x22, 0x21, 0x21, 0x21,
    0x21, 0x21, 0x21, 0x21, 0x22, 0x21, 0x21, 0x21, 0x21, 0x21, 0xf8, 0xff, 0xba, 0xc6, 0x7d, 0xdf,
    0x21, 0x21, 0x21, 0x21, 0x22, 0x21, 0x21, 0x21, 0x21, 0x21, 0x6a, 0x3a, 0x22, 0x21, 0x21, 0x21,
    0x21, 0x21, 0x21, 0x21, 0x22, 0x21, 0x21, 0x21, 0x21, 0x21, 0x21, 0x21, 0x22, 0x21, 0x21, 0x21,
    0x21, 0x21, 0x21, 0x21, 0x22, 0x21, 0x21, 0x21, 0x21, 0x21, 0x21, 0x21, 0x22, 0x21, 0x21, 0x21,
    0x21, 0x21, 0x21, 0x21, 0x22, 0x21, 0x21, 0x21, 0x21, 0x21, 0xd8, 0xc6, 0x9c, 0xdf, 0xf9, 0xce,
    0x21, 0x21, 0x21, 0x21, 0x22, 0x21, 0x21, 0x21, 0x21, 0x21, 0x21, 0x21, 0x22, 0x21, 0x21, 0x21,
    0x21, 0x21, 0x21, 0x21, 0x22, 0x21, 0x21, 0x21, 0x21, 0x21, 0x21, 0x21, 0x22, 0x21, 0x21, 0x21,
    0x21, 0x21, 0x21, 0x21, 0x22, 0x21, 0x21, 0x21, 0x21, 0x21, 0x21, 0x21, 0x22, 0x21, 0x21, 0x21,
    0x21, 0x21, 0x21, 0x21, 0x22, 0x21, 0x21, 0x21, 0x21, 0x21, 0xf8, 0xff, 0xf9, 0xff, 0xf9, 0xff,
    0x21, 0x21, 0x21, 0x21, 0x22, 0x21, 0x21, 0x21, 0x21, 0x21, 0x21, 0x21, 0x22, 0x21, 0x21, 0x21,
    0x21, 0x21, 0x21, 0x21, 0x22, 0x21, 0x21, 0x21, 0x21, 0x21, 0x21, 0x21, 0x22, 0x21, 0x49, 0x32,
    0x00, 0x00, 0x00, 0x00, 0x00, 0x00, 0x00, 0x00, 0x00, 0x00, 0x00, 0x00, 0x00, 0x00, 0x00, 0x00,
    0x00, 0x00, 0x00, 0x00, 0x00, 0x00, 0xeb, 0x29, 0xf6, 0x8c, 0x00, 0x00, 0x00, 0x00, 0x00, 0x00,
    0x00, 0x00, 0x00, 0x00, 0x00, 0x00, 0x00, 0x00, 0x00, 0x00, 0x00, 0x00, 0x00, 0x00, 0x00, 0x00,
    0x00, 0x00, 0x00, 0x00, 0x00, 0x00, 0x00, 0x00, 0x00, 0x00, 0x00, 0x00, 0x00, 0x00, 0x00, 0x00,
    0x00, 0x00, 0x00, 0x00, 0x00, 0x00, 0x00, 0x00, 0x00, 0x00, 0x00, 0x00, 0x00, 0x00, 0x00, 0x00,
    0x00, 0x00, 0x00, 0x00, 0x00, 0x00, 0x00, 0x00, 0xa9, 0x21, 0x00, 0x00, 0x00, 0x00, 0x00, 0x00,
    0xa9, 0x21, 0x32, 0x74, 0x00, 0x00, 0x00, 0x00, 0x00, 0x00, 0x00, 0x00, 0x00, 0x00, 0x00, 0x00,
    0x00, 0x00, 0x00, 0x00, 0x00, 0x00, 0x00, 0x00, 0x00, 0x00, 0x00, 0x00, 0x00, 0x00, 0x00, 0x00,
    0x00, 0x00, 0x00, 0x00, 0x00, 0x00, 0x00, 0x00, 0x00, 0x00, 0x00, 0x00, 0x00, 0x00, 0x00, 0x00,
    0x00, 0x00, 0x00, 0x00, 0x00, 0x00, 0x68, 0x19, 0x8f, 0x63, 0x00, 0x00, 0x00, 0x00, 0x00, 0x00,
    0x00, 0x00, 0x47, 0x19, 0x00, 0x00, 0x00, 0x00, 0x00, 0x00, 0x00, 0x00, 0x00, 0x00, 0x00, 0x00,
    0x00, 0x00, 0x00, 0x00, 0x00, 0x00, 0x00, 0x00, 0x00, 0x00, 0x00, 0x00, 0x00, 0x00, 0x00, 0x00,
    0x00, 0x00, 0x00, 0x00, 0x00, 0x00, 0x00, 0x00, 0x00, 0x00, 0x00, 0x00, 0x00, 0x00, 0x00, 0x00,
    0x00, 0x00, 0x00, 0x00, 0x00, 0x00, 0x00, 0x00, 0x00, 0x00, 0x00, 0x00, 0x00, 0x00, 0x00, 0x00,
    0x00, 0x00, 0x00, 0x00, 0x00, 0x00, 0x00, 0x00, 0x00, 0x00, 0x00, 0x00, 0x00, 0x00, 0x00, 0x00,
    0x68, 0x19, 0xb0, 0x63, 0x00, 0x00, 0x00, 0x00, 0x00, 0x00, 0x00, 0x00, 0x00, 0x00, 0x00, 0x00,
    0x00, 0x00, 0x00, 0x00, 0x00, 0x00, 0x00, 0x00, 0x00, 0x00, 0x00, 0x00, 0x00, 0x00, 0x00, 0x00,
    0x00, 0x00, 0x00, 0x00, 0x00, 0x00, 0x00, 0x00, 0x00, 0x00, 0x00, 0x00, 0x00, 0x00, 0x00, 0x00,
    0xca, 0x21, 0x7d, 0xae, 0x00, 0x00, 0x00, 0x00, 0x00, 0x00, 0x00, 0x00, 0x00, 0x00, 0x00, 0x00,
    0x00, 0x00, 0x00, 0x00, 0x00, 0x00, 0x00, 0x00, 0x00, 0x00, 0x00, 0x00, 0x00, 0x00, 0x00, 0x00,
    0x00, 0x00, 0x00, 0x00, 0x00, 0x00, 0x00, 0x00, 0x00, 0x00, 0x00, 0x00, 0x00, 0x00, 0x00, 0x00,
    0x00, 0x00, 0x00, 0x00, 0x00, 0x00, 0x00, 0x00, 0x00, 0x00, 0x00, 0x00, 0x00, 0x00, 0x00, 0x00,
    0x00, 0x00, 0xb9, 0x64, 0x32, 0x74, 0x00, 0x00, 0x00, 0x00, 0x00, 0x00, 0x00, 0x00, 0x00, 0x00,
    0x00, 0x00, 0x00, 0x00, 0x00, 0x00, 0x00, 0x00, 0x00, 0x00, 0x00, 0x00, 0x00, 0x00, 0x00, 0x00,
    0x00, 0x00, 0x00, 0x00, 0x00, 0x00, 0x00, 0x00, 0x00, 0x00, 0x00, 0x00, 0x00, 0x00, 0x00, 0x00,
    0x00, 0x00, 0x00, 0x00, 0x00, 0x00, 0x00, 0x00, 0x00, 0x00, 0x00, 0x00, 0x00, 0x00, 0x00, 0x00,
    0x00, 0x00, 0x00, 0x00, 0x47, 0x19, 0x00, 0x00, 0x00, 0x00, 0x00, 0x00, 0x00, 0x00, 0x00, 0x00,
    0x00, 0x00, 0x00, 0x00, 0x00, 0x00, 0x00, 0x00, 0x00, 0x00, 0x89, 0x21, 0x52, 0x74, 0x00, 0x00,
    0x00, 0x00, 0x00, 0x00, 0x00, 0x00, 0x00, 0x00, 0x00, 0x00, 0x00, 0x00, 0x00, 0x00, 0x00, 0x00,
    0x00, 0x00, 0x00, 0x00, 0x00, 0x00, 0x00, 0x00, 0x00, 0x00, 0x00, 0x00, 0x00, 0x00, 0x00, 0x00,
    0x00, 0x00, 0x00, 0x00, 0x00, 0x00, 0x00, 0x00, 0x00, 0x00, 0x00, 0x00, 0x00, 0x00, 0x00, 0x00,
    0x00, 0x00, 0x00, 0x00, 0x00, 0x00, 0x00, 0x00, 0x00, 0x00, 0xca, 0x21, 0x47, 0x19, 0x00, 0x00,
    0x00, 0x00, 0x00, 0x00, 0x00, 0x00, 0x00, 0x00, 0x00, 0x00, 0x00, 0x00, 0x00, 0x00, 0x00, 0x00,
    0x00, 0x00, 0x00, 0x00, 0xca, 0x21, 0xb4, 0x84, 0x00, 0x00, 0x00, 0x00, 0x00, 0x00, 0x00, 0x00,
    0x00, 0x00, 0x00, 0x00, 0x00, 0x00, 0x00, 0x00, 0x00, 0x00, 0x00, 0x00, 0x00, 0x00, 0x00, 0x00,
    0x00, 0x00, 0x00, 0x00, 0x00, 0x00, 0x00, 0x00, 0x00, 0x00, 0x00, 0x00, 0x00, 0x00, 0x00, 0x00,
    0x00, 0x00, 0x00, 0x00, 0x00, 0x00, 0x00, 0x00, 0x00, 0x00, 0x00, 0x00, 0x00, 0x00, 0x00, 0x00,
    0x00, 0x00, 0x00, 0x00, 0x00, 0x00, 0x88, 0x21, 0x00, 0x00, 0x00, 0x00, 0x00, 0x00, 0x00, 0x00,
    0x88, 0x21, 0xf1, 0x6b, 0x00, 0x00, 0x00, 0x00, 0x00, 0x00, 0x00, 0x00, 0x00, 0x00, 0x00, 0x00,
    0x00, 0x00, 0x00, 0x00, 0x00, 0x00, 0x00, 0x00, 0x00, 0x00, 0x00, 0x00, 0x00, 0x00, 0x00, 0x00,
    0x00, 0x00, 0x00, 0x00, 0x00, 0x00, 0x00, 0x00, 0x00, 0x00, 0x00, 0x00, 0x00, 0x00, 0x00, 0x00,
    0x00, 0x00, 0x00, 0x00, 0x00, 0x00, 0x00, 0x00, 0x00, 0x00, 0x00, 0x00, 0x00, 0x00, 0x00, 0x00,
    0x00, 0x00, 0x06, 0x11, 0x00, 0x00, 0x00, 0x00, 0x00, 0x00, 0x00, 0x00, 0x00, 0x00, 0x00, 0x00,
    0x00, 0x00, 0x89, 0x19, 0x12, 0x74, 0x00, 0x00, 0x00, 0x00, 0x00, 0x00, 0x00, 0x00, 0x00, 0x00,
    0x00, 0x00, 0x00, 0x00, 0x00, 0x00, 0x00, 0x00, 0x00, 0x00, 0x00, 0x00, 0x00, 0x00, 0x00, 0x00,
    0x00, 0x00, 0x00, 0x00, 0x00, 0x00, 0x00, 0x00, 0x00, 0x00, 0x00, 0x00, 0x00, 0x00, 0x00, 0x00,
    0x00, 0x00, 0x00, 0x00, 0x00, 0x00, 0x00, 0x00, 0x00, 0x00, 0x00, 0x00, 0x00, 0x00, 0x00, 0x00,
    0x00, 0x00, 0x00, 0x00, 0x27, 0x19, 0x00, 0x00, 0x00, 0x00, 0x00, 0x00, 0x00, 0x00, 0xd0, 0x3a,
    0x00, 0x00, 0x00, 0x00, 0x00, 0x00, 0x00, 0x00, 0x00, 0x00, 0x00, 0x00, 0x00, 0x00, 0x00, 0x00,
    0x00, 0x00, 0x00, 0x00, 0x00, 0x00, 0x00, 0x00, 0x00, 0x00, 0x00, 0x00, 0xca, 0x21, 0x73, 0x7c,
    0x00, 0x00, 0x00, 0x00, 0x00, 0x00, 0x00, 0x00, 0x00, 0x00, 0xaa, 0x21, 0x00, 0x00, 0x00, 0x00,
    0x00, 0x00, 0x00, 0x00, 0x00, 0x00, 0x00, 0x00, 0x00, 0x00, 0x00, 0x00, 0x00, 0x00, 0x00, 0x00,
    0x00, 0x00, 0x00, 0x00, 0x00, 0x00, 0x00, 0x00, 0x00, 0x00, 0x00, 0x00, 0x00, 0x00, 0x00, 0x00,
    0x00, 0x00, 0x00, 0x00, 0x00, 0x00, 0x00, 0x00, 0x00, 0x00, 0x68, 0x19, 0xd0, 0x6b, 0x68, 0x19,
    0x00, 0x00, 0x00, 0x00, 0x00, 0x00, 0x00, 0x00, 0x00, 0x00, 0x00, 0x00, 0x00, 0x00, 0x00, 0x00,
    0x00, 0x00, 0x00, 0x00, 0x00, 0x00, 0x00, 0x00, 0x00, 0x00, 0x00, 0x00, 0x00, 0x00, 0x00, 0x00,
    0x00, 0x00, 0x00, 0x00, 0x00, 0x00, 0x00, 0x00, 0x00, 0x00, 0x00, 0x00, 0x00, 0x00, 0x00, 0x00,
    0x00, 0x00, 0x00, 0x00, 0x00, 0x00, 0x00, 0x00, 0x00, 0x00, 0x00, 0x00, 0x00, 0x00, 0x00, 0x00,
    0x00, 0x00, 0x00, 0x00, 0x00, 0x00, 0x00, 0x00, 0x00, 0x00, 0x00, 0x00, 0x00, 0x00, 0x00, 0x00,
    0x00, 0x00, 0x00, 0x00, 0x00, 0x00, 0x00, 0x00, 0x00, 0x00, 0x00, 0x00, 0x00, 0x00, 0x88, 0x21,
    0x00, 0x00, 0x00, 0x00, 0x00, 0x00, 0x00, 0x00, 0x00, 0x00, 0x00, 0x00, 0x00, 0x00, 0x00, 0x00,
    0x00, 0x00, 0x00, 0x00, 0x00, 0x00, 0xeb, 0x29, 0xf6, 0x8c, 0x00, 0x00, 0x00, 0x00, 0x00, 0x00,
    0x00, 0x00, 0x00, 0x00, 0x00, 0x00, 0x00, 0x00, 0x00, 0x00, 0x00, 0x00, 0x00, 0x00, 0x00, 0x00,
    0x00, 0x00, 0x00, 0x00, 0x00, 0x00, 0x00, 0x00, 0x00, 0x00, 0x00, 0x00, 0x00, 0x00, 0x00, 0x00,
    0x00, 0x00, 0x00, 0x00, 0x00, 0x00, 0x00, 0x00, 0x00, 0x00, 0x00, 0x00, 0x00, 0x00, 0x00, 0x00,
    0x00, 0x00, 0x00, 0x00, 0x00, 0x00, 0x00, 0x00, 0xa9, 0x21, 0x00, 0x00, 0x00, 0x00, 0x00, 0x00,
    0xa9, 0x21, 0x52, 0x74, 0x00, 0x00, 0x00, 0x00, 0x00, 0x00, 0x00, 0x00, 0x00, 0x00, 0x00, 0x00,
    0x00, 0x00, 0x00, 0x00, 0x00, 0x00, 0x00, 0x00, 0x00, 0x00, 0x00, 0x00, 0x00, 0x00, 0x00, 0x00,
    0x00, 0x00, 0x00, 0x00, 0x00, 0x00, 0x00, 0x00, 0x00, 0x00, 0x00, 0x00, 0x00, 0x00, 0x00, 0x00,
    0x00, 0x00, 0x00, 0x00, 0x00, 0x00, 0x68, 0x19, 0x8f, 0x63, 0x00, 0x00, 0x00, 0x00, 0x00, 0x00,
    0x00, 0x00, 0x47, 0x19, 0x00, 0x00, 0x00, 0x00, 0x00, 0x00, 0x00, 0x00, 0x00, 0x00, 0x00, 0x00,
    0x00, 0x00, 0x00, 0x00, 0x00, 0x00, 0x00, 0x00, 0x00, 0x00, 0x00, 0x00, 0x00, 0x00, 0x00, 0x00,
    0x00, 0x00, 0x00, 0x00, 0x00, 0x00, 0x00, 0x00, 0x00, 0x00, 0x00, 0x00, 0x00, 0x00, 0x00, 0x00,
    0x00, 0x00, 0x00, 0x00, 0x00, 0x00, 0x00, 0x00, 0x00, 0x00, 0x00, 0x00, 0x00, 0x00, 0x00, 0x00,
    0x00, 0x00, 0x00, 0x00, 0x00, 0x00, 0x00, 0x00, 0x00, 0x00, 0x00, 0x00, 0x00, 0x00, 0x00, 0x00,
    0x68, 0x19, 0xb0, 0x63, 0x00, 0x00, 0x00, 0x00, 0x00, 0x00, 0x00, 0x00, 0x00, 0x00, 0x00, 0x00,
    0x00, 0x00, 0x00, 0x00, 0x00, 0x00, 0x00, 0x00, 0x00, 0x00, 0x00, 0x00, 0x00, 0x00, 0x00, 0x00,
    0x00, 0x00, 0x00, 0x00, 0x00, 0x00, 0x00, 0x00, 0x00, 0x00, 0x00, 0x00, 0x00, 0x00, 0x00, 0x00,
    0xca, 0x21, 0xd5, 0x84, 0x00, 0x00, 0x00, 0x00, 0x00, 0x00, 0x00, 0x00, 0x00, 0x00, 0x00, 0x00,
    0x00, 0x00, 0x00, 0x00, 0x00, 0x00, 0x00, 0x00, 0x00, 0x00, 0x00, 0x00, 0x00, 0x00, 0x00, 0x00,
    0x00, 0x00, 0x00, 0x00, 0x00, 0x00, 0x00, 0x00, 0x00, 0x00, 0x00, 0x00, 0x00, 0x00, 0x00, 0x00,
    0x00, 0x00, 0x00, 0x00, 0x00, 0x00, 0x00, 0x00, 0x00, 0x00, 0x00, 0x00, 0x00, 0x00, 0x00, 0x00,
    0x00, 0x00, 0x8f, 0x32, 0x32, 0x74, 0x00, 0x00, 0x00, 0x00, 0x00, 0x00, 0x00, 0x00, 0x00, 0x00,
    0x00, 0x00, 0x00, 0x00, 0x00, 0x00, 0x00, 0x00, 0x00, 0x00, 0x00, 0x00, 0x00, 0x00, 0x00, 0x00,
    0x00, 0x00, 0x00, 0x00, 0x00, 0x00, 0x00, 0x00, 0x00, 0x00, 0x00, 0x00, 0x00, 0x00, 0x00, 0x00,
    0x00, 0x00, 0x00, 0x00, 0x00, 0x00, 0x00, 0x00, 0x00, 0x00, 0x00, 0x00, 0x00, 0x00, 0x00, 0x00,
    0x00, 0x00, 0x00, 0x00, 0x47, 0x19, 0x00, 0x00, 0x00, 0x00, 0x00, 0x00, 0x00, 0x00, 0x00, 0x00,
    0x00, 0x00, 0x00, 0x00, 0x00, 0x00, 0x00, 0x00, 0x00, 0x00, 0x89, 0x21, 0x52, 0x74, 0x00, 0x00,
    0x00, 0x00, 0x00, 0x00, 0x00, 0x00, 0x00, 0x00, 0x00, 0x00, 0x00, 0x00, 0x00, 0x00, 0x00, 0x00,
    0x00, 0x00, 0x00, 0x00, 0x00, 0x00, 0x00, 0x00, 0x00, 0x00, 0x00, 0x00, 0x00, 0x00, 0x00, 0x00,
    0x00, 0x00, 0x00, 0x00, 0x00, 0x00, 0x00, 0x00, 0x00, 0x00, 0x00, 0x00, 0x00, 0x00, 0x00, 0x00,
    0x00, 0x00, 0x00, 0x00, 0x00, 0x00, 0x00, 0x00, 0x00, 0x00, 0xca, 0x21, 0x47, 0x19, 0x00, 0x00,
    0x00, 0x00, 0x00, 0x00, 0x00, 0x00, 0x00, 0x00, 0x00, 0x00, 0x00, 0x00, 0x00, 0x00, 0x00, 0x00,
    0x00, 0x00, 0x00, 0x00, 0xca, 0x21, 0xb4, 0x84, 0x00, 0x00, 0x00, 0x00, 0x00, 0x00, 0x00, 0x00,
    0x00, 0x00, 0x00, 0x00, 0x00, 0x00, 0x00, 0x00, 0x00, 0x00, 0x00, 0x00, 0x00, 0x00, 0x00, 0x00,
    0x00, 0x00, 0x00, 0x00, 0x00, 0x00, 0x00, 0x00, 0x00, 0x00, 0x00, 0x00, 0x00, 0x00, 0x00, 0x00,
    0x00, 0x00, 0x00, 0x00, 0x00, 0x00, 0x00, 0x00, 0x00, 0x00, 0x00, 0x00, 0x00, 0x00, 0x00, 0x00,
    0x00, 0x00, 0x00, 0x00, 0x00, 0x00, 0x88, 0x21, 0x00, 0x00, 0x00, 0x00, 0x00, 0x00, 0x00, 0x00,
    0x88, 0x21, 0xf1, 0x6b, 0x00, 0x00, 0x00, 0x00, 0x00, 0x00, 0x00, 0x00, 0x00, 0x00, 0x00, 0x00,
    0x00, 0x00, 0x00, 0x00, 0x00, 0x00, 0x00, 0x00, 0x00, 0x00, 0x00, 0x00, 0x00, 0x00, 0x00, 0x00,
    0x00, 0x00, 0x00, 0x00, 0x00, 0x00, 0x00, 0x00, 0x00, 0x00, 0x00, 0x00, 0x00, 0x00, 0x00, 0x00,
    0x00, 0x00, 0x00, 0x00, 0x00, 0x00, 0x00, 0x00, 0x00, 0x00, 0x00, 0x00, 0x00, 0x00, 0x00, 0x00,
    0x00, 0x00, 0x06, 0x11, 0x00, 0x00, 0x00, 0x00, 0x00, 0x00, 0x00, 0x00, 0x00, 0x00, 0x00, 0x00,
    0x00, 0x00, 0x89, 0x19, 0x12, 0x74, 0x00, 0x00, 0x00, 0x00, 0x00, 0x00, 0x00, 0x00, 0x00, 0x00,
    0x00, 0x00, 0x00, 0x00, 0x00, 0x00, 0x00, 0x00, 0x00, 0x00, 0x00, 0x00, 0x00, 0x00, 0x00, 0x00,
    0x00, 0x00, 0x00, 0x00, 0x00, 0x00, 0x00, 0x00, 0x00, 0x00, 0x00, 0x00, 0x00, 0x00, 0x00, 0x00,
    0x00, 0x00, 0x00, 0x00, 0x00, 0x00, 0x00, 0x00, 0x00, 0x00, 0x00, 0x00, 0x00, 0x00, 0x00, 0x00,
    0x00, 0x00, 0x00, 0x00, 0x27, 0x19, 0x00, 0x00, 0x00, 0x00, 0x00, 0x00, 0x00, 0x00, 0xd0, 0x3a,
    0x00, 0x00, 0x00, 0x00, 0x00, 0x00, 0x00, 0x00, 0x00, 0x00, 0x00, 0x00, 0x00, 0x00, 0x00, 0x00,
    0x00, 0x00, 0x00, 0x00, 0x00, 0x00, 0x00, 0x00, 0x00, 0x00, 0x00, 0x00, 0x00, 0x00, 0x00, 0x00,
    0x00, 0x00, 0x00, 0x00, 0x00, 0x00, 0x00, 0x00, 0x00, 0x00, 0xaa, 0x21, 0x00, 0x00, 0x00, 0x00,
    0x00, 0x00, 0x00, 0x00, 0x00, 0x00, 0x00, 0x00, 0x00, 0x00, 0x00, 0x00, 0x00, 0x00, 0x00, 0x00,
    0x00, 0x00, 0x00, 0x00, 0x00, 0x00, 0x00, 0x00, 0x00, 0x00, 0x00, 0x00, 0x00, 0x00, 0x00, 0x00,
    0x00, 0x00, 0x00, 0x00, 0x00, 0x00, 0x00, 0x00, 0x00, 0x00, 0x00, 0x00, 0x00, 0x00, 0x00, 0x00,
    0x00, 0x00, 0x00, 0x00, 0x00, 0x00, 0x00, 0x00, 0x00, 0x00, 0x00, 0x00, 0x00, 0x00, 0x00, 0x00,
    0x00, 0x00, 0x00, 0x00, 0x00, 0x00, 0x00, 0x00, 0x00, 0x00, 0x00, 0x00, 0x00, 0x00, 0x00, 0x00,
    0x00, 0x00, 0x00, 0x00, 0x00, 0x00, 0x00, 0x00, 0x00, 0x00, 0x00, 0x00, 0x00, 0x00, 0x00, 0x00,
    0x00, 0x00, 0x00, 0x00, 0x00, 0x00, 0x00, 0x00, 0x00, 0x00, 0x00, 0x00, 0x00, 0x00, 0x00, 0x00,
    0x00, 0x00, 0x00, 0x00, 0x00, 0x00, 0x00, 0x00, 0x00, 0x00, 0x00, 0x00, 0x00, 0x00, 0x00, 0x00,
    0x00, 0x00, 0x00, 0x00, 0x00, 0x00, 0x00, 0x00, 0x00, 0x00, 0x00, 0x00, 0x00, 0x00, 0x00, 0x00,
    0x00, 0x00, 0x00, 0x00, 0x00, 0x00, 0x00, 0x00, 0x00, 0x00, 0x00, 0x00, 0x00, 0x00, 0x00, 0x00,
    0x00, 0x00, 0x00, 0x00, 0x00, 0x00, 0x00, 0x00, 0x00, 0x00, 0x00, 0x00, 0x00, 0x00, 0x00, 0x00,
    0x00, 0x00, 0x00, 0x00, 0x00, 0x00, 0x00, 0x00, 0x00, 0x00, 0x00, 0x00, 0x00, 0x00, 0x00, 0x00,
    0x00, 0x00, 0x00, 0x00, 0x00, 0x00, 0x00, 0x00, 0x00, 0x00, 0x00, 0x00, 0x00, 0x00, 0x00, 0x00,
    0x00, 0x00, 0x00, 0x00, 0x00, 0x00, 0x00, 0x00, 0x00, 0x00, 0x00, 0x00, 0x00, 0x00, 0x00, 0x00,
    0x00, 0x00, 0x00, 0x00, 0x00, 0x00, 0x00, 0x00, 0x00, 0x00, 0x00, 0x00, 0x00, 0x00, 0x00, 0x00,
    0x00, 0x00, 0x00, 0x00, 0x00, 0x00, 0x00, 0x00, 0x00, 0x00, 0x00, 0x00, 0x00, 0x00, 0x00, 0x00,
    0x00, 0x00, 0x00, 0x00, 0x00, 0x00, 0x00, 0x00, 0x00, 0x00, 0x00, 0x00, 0x00, 0x00, 0x00, 0x00,
    0x00, 0x00, 0x00, 0x00, 0x00, 0x00, 0x00, 0x00, 0x00, 0x00, 0x00, 0x00, 0x00, 0x00, 0x00, 0x00,
    0x00, 0x00, 0x00, 0x00, 0x00, 0x00, 0x00, 0x00, 0x00, 0x00, 0x00, 0x00, 0x00, 0x00, 0x00, 0x00,
    0x00, 0x00, 0x00, 0x00, 0x00, 0x00, 0x00, 0x00, 0x00, 0x00, 0x00, 0x00, 0x00, 0x00, 0x00, 0x00,
    0x00, 0x00, 0x00, 0x00, 0x00, 0x00, 0x00, 0x00, 0x00, 0x00, 0x00, 0x00, 0x00, 0x00, 0x00, 0x00,
    0x00, 0x00, 0x00, 0x00, 0x00, 0x00, 0x00, 0x00, 0x00, 0x00, 0x00, 0x00, 0x00, 0x00, 0x00, 0x00,
    0x00, 0x00, 0x00, 0x00, 0x00, 0x00, 0x00, 0x00, 0x00, 0x00, 0x00, 0x00, 0x00, 0x00, 0x00, 0x00,
    0x00, 0x00, 0x00, 0x00, 0x00, 0x00, 0x00, 0x00, 0x00, 0x00, 0x00, 0x00, 0x00, 0x00, 0x00, 0x00,
    0x00, 0x00, 0x00, 0x00, 0x00, 0x00, 0x00, 0x00, 0x00, 0x00, 0x00, 0x00, 0x00, 0x00, 0x00, 0x00,
    0x00, 0x00, 0x00, 0x00, 0x00, 0x00, 0x00, 0x00, 0x00, 0x00, 0x00, 0x00, 0x00, 0x00, 0x00, 0x00,
    0x00, 0x00, 0x00, 0x00, 0x00, 0x00, 0x00, 0x00, 0x00, 0x00, 0x00, 0x00, 0x00, 0x00, 0x00, 0x00,
    0x00, 0x00, 0x00, 0x00, 0x00, 0x00, 0x00, 0x00, 0x00, 0x00, 0x00, 0x00, 0x00, 0x00, 0x00, 0x00,
    0x00, 0x00, 0x00, 0x00, 0x00, 0x00, 0x00, 0x00, 0x00, 0x00, 0x00, 0x00, 0x00, 0x00, 0x00, 0x00,
    0x00, 0x00, 0x00, 0x00, 0x00, 0x00, 0x00, 0x00, 0x00, 0x00, 0x00, 0x00, 0x00, 0x00, 0x00, 0x00,
    0x00, 0x00, 0x00, 0x00, 0x00, 0x00, 0x00, 0x00, 0x00, 0x00, 0x00, 0x00, 0x00, 0x00, 0x00, 0x00,
    0x00, 0x00, 0x00, 0x00, 0x00, 0x00, 0x00, 0x00, 0x00, 0x00, 0x00, 0x00, 0x00, 0x00, 0x00, 0x00,
    0x00, 0x00, 0x00, 0x00, 0x00, 0x00, 0x00, 0x00, 0x00, 0x00, 0x00, 0x00, 0x00, 0x00, 0x00, 0x00,
    0x00, 0x00, 0x00, 0x00, 0x00, 0x00, 0x00, 0x00, 0x00, 0x00, 0x00, 0x00, 0x00, 0x00, 0x00, 0x00,
    0x00, 0x00, 0x00, 0x00, 0x00, 0x00, 0x00, 0x00, 0x00, 0x00, 0x00, 0x00, 0x00, 0x00, 0x00, 0x00,
    0x00, 0x00, 0x00, 0x00, 0x00, 0x00, 0x00, 0x00, 0x00, 0x00, 0x00, 0x00, 0x00, 0x00, 0x00, 0x00,
    0x00, 0x00, 0x00, 0x00, 0x00, 0x00, 0x00, 0x00, 0x00, 0x00, 0x00, 0x00, 0x00, 0x00, 0x00, 0x00,
    0x00, 0x00, 0x00, 0x00, 0x00, 0x00, 0x00, 0x00, 0x00, 0x00, 0x00, 0x00, 0x00, 0x00, 0x00, 0x00,
    0x00, 0x00, 0x00, 0x00, 0x00, 0x00, 0x00, 0x00, 0x00, 0x00, 0x00, 0x00, 0x00, 0x00, 0x00, 0x00,
    0x00, 0x00, 0x00, 0x00, 0x00, 0x00, 0x00, 0x00, 0x00, 0x00, 0x00, 0x00, 0x00, 0x00, 0x00, 0x00,
    0x00, 0x00, 0x00, 0x00, 0x00, 0x00, 0x00, 0x00, 0x00, 0x00, 0x00, 0x00, 0x00, 0x00, 0x00, 0x00,
    0x00, 0x00, 0x00, 0x00, 0x00, 0x00, 0x00, 0x00, 0x00, 0x00, 0x00, 0x00, 0x00, 0x00, 0x00, 0x00,
    0x00, 0x00, 0x00, 0x00, 0x00, 0x00, 0x00, 0x00, 0x00, 0x00, 0x00, 0x00, 0x00, 0x00, 0x00, 0x00,
    0x00, 0x00, 0x00, 0x00, 0x00, 0x00, 0x00, 0x00, 0x00, 0x00, 0x00, 0x00, 0x00, 0x00, 0x00, 0x00,
    0x00, 0x00, 0x00, 0x00, 0x00, 0x00, 0x00, 0x00, 0x00, 0x00, 0x00, 0x00, 0x00, 0x00, 0x00, 0x00,
    0x00, 0x00, 0x00, 0x00, 0x00, 0x00, 0x00, 0x00, 0x00, 0x00, 0x00, 0x00, 0x00, 0x00, 0x00, 0x00,
    0x00, 0x00, 0x00, 0x00, 0x00, 0x00, 0x00, 0x00, 0x00, 0x00, 0x00, 0x00, 0x00, 0x00, 0x00, 0x00,
    0x00, 0x00, 0x00, 0x00, 0x00, 0x00, 0x00, 0x00, 0x00, 0x00, 0x00, 0x00, 0x00, 0x00, 0x00, 0x00,
    0x00, 0x00, 0x00, 0x00, 0x00, 0x00, 0x00, 0x00, 0x00, 0x00, 0x00, 0x00, 0x00, 0x00, 0x00, 0x00,
    0x00, 0x00, 0x00, 0x00, 0x00, 0x00, 0x00, 0x00, 0x00, 0x00, 0x00, 0x00, 0x00, 0x00, 0x00, 0x00,
    0x00, 0x00, 0x00, 0x00, 0x00, 0x00, 0x00, 0x00, 0x00, 0x00, 0x00, 0x00, 0x00, 0x00, 0x00, 0x00,
    0x00, 0x00, 0x00, 0x00, 0x00, 0x00, 0x00, 0x00, 0x00, 0x00, 0x00, 0x00, 0x00, 0x00, 0x00, 0x00,
    0x00, 0x00, 0x00, 0x00, 0x00, 0x00, 0x00, 0x00, 0x00, 0x00, 0x00, 0x00, 0x00, 0x00, 0x00, 0x00,
    0x00, 0x00, 0x00, 0x00, 0x00, 0x00, 0x00, 0x00, 0x00, 0x00, 0x00, 0x00, 0x00, 0x00, 0x00, 0x00,
    0x00, 0x00, 0x00, 0x00, 0x00, 0x00, 0x00, 0x00, 0x00, 0x00, 0x00, 0x00, 0x00, 0x00, 0x00, 0x00,
    0x00, 0x00, 0x00, 0x00, 0x00, 0x00, 0x00, 0x00, 0x00, 0x00, 0x00, 0x00, 0x00, 0x00, 0x00, 0x00,
    0x00, 0x00, 0x00, 0x00, 0x00, 0x00, 0x00, 0x00, 0x00, 0x00, 0x00, 0x00, 0x00, 0x00, 0x00, 0x00,
    0x00, 0x00, 0x00, 0x00, 0x00, 0x00, 0x00, 0x00, 0x00, 0x00, 0x00, 0x00, 0x00, 0x00, 0x00, 0x00,
    0x00, 0x00, 0x00, 0x00, 0x00, 0x00, 0x00, 0x00, 0x00, 0x00, 0x00, 0x00, 0x00, 0x00, 0x00, 0x00,
    0x00, 0x00, 0x00, 0x00, 0x00, 0x00, 0x00, 0x00, 0x00, 0x00, 0x00, 0x00, 0x00, 0x00, 0x00, 0x00,
    0x00, 0x00, 0x00, 0x00, 0x00, 0x00, 0x00, 0x00, 0x00, 0x00, 0x00, 0x00, 0x00, 0x00, 0x00, 0x00,
    0x00, 0x00, 0x00, 0x00, 0x00, 0x00, 0x00, 0x00, 0x00, 0x00, 0x00, 0x00, 0x00, 0x00, 0x00, 0x00,
    0x00, 0x00, 0x00, 0x00, 0x00, 0x00, 0x00, 0x00, 0x00, 0x00, 0x00, 0x00, 0x00, 0x00, 0x00, 0x00,
    0x00, 0x00, 0x00, 0x00, 0x00, 0x00, 0x00, 0x00, 0x00, 0x00, 0x00, 0x00, 0x00, 0x00, 0x00, 0x00,
    0x00, 0x00, 0x00, 0x00, 0x00, 0x00, 0x00, 0x00, 0x00, 0x00, 0x00, 0x00, 0x00, 0x00, 0x00, 0x00,
    0x00, 0x00, 0x00, 0x00, 0x00, 0x00, 0x00, 0x00, 0x00, 0x00, 0x00, 0x00, 0x00, 0x00, 0x00, 0x00,
    0x00, 0x00, 0x00, 0x00, 0x00, 0x00, 0x00, 0x00, 0x00, 0x00, 0x00, 0x00, 0x06, 0x11, 0x83, 0x08,
    0x00, 0x00, 0x00, 0x00, 0x00, 0x00, 0x00, 0x00, 0x00, 0x00, 0x00, 0x00, 0x00, 0x00, 0x00, 0x00,
    0x00, 0x00, 0x00, 0x00, 0x00, 0x00, 0x00, 0x00, 0x00, 0x00, 0x00, 0x00, 0x00, 0x00, 0x00, 0x00,
    0x00, 0x00, 0x00, 0x00, 0x00, 0x00, 0x00, 0x00, 0x00, 0x00, 0x00, 0x00, 0x00, 0x00, 0x00, 0x00,
    0x00, 0x00, 0x00, 0x00, 0x00, 0x00, 0x00, 0x00, 0x00, 0x00, 0x00, 0x00, 0x00, 0x00, 0x00, 0x00,
    0x00, 0x00, 0x00, 0x00, 0x00, 0x00, 0x00, 0x00, 0x00, 0x00, 0x00, 0x00, 0x00, 0x00, 0x00, 0x00,
    0x00, 0x00, 0x00, 0x00, 0x00, 0x00, 0x00, 0x00, 0x00, 0x00, 0x00, 0x00, 0x00, 0x00, 0x00, 0x00,
    0x00, 0x00, 0x00, 0x00, 0x00, 0x00, 0x00, 0x00, 0x00, 0x00, 0x00, 0x00, 0x00, 0x00, 0x00, 0x00,
    0x00, 0x00, 0x00, 0x00, 0x00, 0x00, 0x00, 0x00, 0x47, 0x19, 0x2e, 0x5b, 0x00, 0x00, 0x00, 0x00,
    0x00, 0x00, 0x00, 0x00, 0x00, 0x00, 0x00, 0x00, 0x00, 0x00, 0x00, 0x00, 0x00, 0x00, 0x00, 0x00,
    0x00, 0x00, 0x00, 0x00, 0x00, 0x00, 0x00, 0x00, 0x00, 0x00, 0x00, 0x00, 0x00, 0x00, 0x00, 0x00,
    0x00, 0x00, 0x00, 0x00, 0x00, 0x00, 0x00, 0x00, 0x00, 0x00, 0x00, 0x00, 0x00, 0x00, 0x00, 0x00,
    0x00, 0x00, 0x00, 0x00, 0x00, 0x00, 0x00, 0x00, 0xc4, 0x10, 0x00, 0x00, 0x00, 0x00, 0x00, 0x00,
    0x00, 0x00, 0xe5, 0x10, 0x8b, 0x42, 0x00, 0x00, 0x00, 0x00, 0x00, 0x00, 0x00, 0x00, 0x00, 0x00,
    0x00, 0x00, 0x00, 0x00, 0x00, 0x00, 0x00, 0x00, 0x00, 0x00, 0x00, 0x00, 0x00, 0x00, 0x00, 0x00,
    0x00, 0x00, 0x00, 0x00, 0x00, 0x00, 0x00, 0x00, 0x00, 0x00, 0x00, 0x00, 0x00, 0x00, 0x00, 0x00,
    0x00, 0x00, 0x00, 0x00, 0x00, 0x00, 0x00, 0x00, 0xe5, 0x10, 0x00, 0x00, 0x00, 0x00, 0x00, 0x00,
    0x00, 0x00, 0x62, 0x08, 0x00, 0x00, 0x00, 0x00, 0x00, 0x00, 0x00, 0x00, 0x00, 0x00, 0x00, 0x00,
    0x00, 0x00, 0x00, 0x00, 0x00, 0x00, 0x00, 0x00, 0x00, 0x00, 0x00, 0x00, 0x00, 0x00, 0x00, 0x00,
    0xa4, 0x08, 0xa4, 0x08, 0xa4, 0x08, 0xa4, 0x10, 0xa4, 0x08, 0xa4, 0x08, 0xa4, 0x08, 0xa4, 0x10,
    0xa4, 0x08, 0xa4, 0x08, 0xa4, 0x08, 0xa4, 0x10, 0xa4, 0x08, 0xa4, 0x08, 0xa4, 0x08, 0xa4, 0x10,
    0xa4, 0x08, 0xa4, 0x08, 0xa4, 0x08, 0xa4, 0x10, 0xa4, 0x08, 0xa4, 0x08, 0xa4, 0x08, 0xa4, 0x10,
    0xa4, 0x08, 0x69, 0x19, 0xa4, 0x08, 0xa4, 0x10, 0xa4, 0x08, 0xa4, 0x08, 0xa4, 0x08, 0xa4, 0x10,
    0xa4, 0x08, 0xa4, 0x08, 0xa4, 0x08, 0xa4, 0x10, 0xa4, 0x08, 0xa4, 0x08, 0xa4, 0x08, 0xa4, 0x10,
    0xa4, 0x08, 0xa4, 0x08, 0xa4, 0x08, 0xa4, 0x10, 0xa4, 0x08, 0xa4, 0x08, 0xa4, 0x08, 0xa4, 0x10,
    0xa4, 0x08, 0xa9, 0x19, 0x6f, 0x5b, 0xa4, 0x10, 0xa4, 0x08, 0xa4, 0x08, 0xa4, 0x08, 0xa4, 0x10,
    0xa4, 0x08, 0xa4, 0x08, 0xa4, 0x08, 0xa4, 0x10, 0xa4, 0x08, 0xa4, 0x08, 0xa4, 0x08, 0xa4, 0x10,
    0x00, 0x00, 0x00, 0x00, 0x00, 0x00, 0x00, 0x00, 0x00, 0x00, 0x00, 0x00, 0x00, 0x00, 0x00, 0x00,
    0x00, 0x00, 0x00, 0x00, 0x00, 0x00, 0x00, 0x00, 0x00, 0x00, 0x00, 0x00, 0x00, 0x00, 0x00, 0x00,
    0x00, 0x00, 0xa4, 0x08, 0xe5, 0x10, 0x6a, 0x42, 0x00, 0x00, 0x00, 0x00, 0x00, 0x00, 0x00, 0x00,
    0x00, 0x00, 0x00, 0x00, 0x00, 0x00, 0x00, 0x00, 0x00, 0x00, 0x00, 0x00, 0x00, 0x00, 0x00, 0x00,
    0x00, 0x00, 0x00, 0x00, 0x00, 0x00, 0x00, 0x00, 0x00, 0x00, 0x00, 0x00, 0x00, 0x00, 0x00, 0x00,
    0x00, 0x00, 0x00, 0x00, 0x00, 0x00, 0x00, 0x00, 0x00, 0x00, 0x00, 0x00, 0x00, 0x00, 0x00, 0x00,
    0x00, 0x00, 0x00, 0x00, 0x00, 0x00, 0x00, 0x00, 0x00, 0x00, 0x00, 0x00, 0x00, 0x00, 0x00, 0x00,
    0x00, 0x00, 0x00, 0x00, 0x00, 0x00, 0x00, 0x00, 0x00, 0x00, 0x47, 0x19, 0xf1, 0x6b, 0x8b, 0x42,
    0x00, 0x00, 0x00, 0x00, 0x00, 0x00, 0x00, 0x00, 0x00, 0x00, 0x00, 0x00, 0x00, 0x00, 0x00, 0x00,
    0x00, 0x00, 0x00, 0x00, 0x00, 0x00, 0x00, 0x00, 0x00, 0x00, 0x00, 0x00, 0x00, 0x00, 0x00, 0x00,
    0x00, 0x00, 0x00, 0x00, 0x00, 0x00, 0x00, 0x00, 0x00, 0x00, 0x00, 0x00, 0x00, 0x00, 0x00, 0x00,
    0x00, 0x00, 0x00, 0x00, 0x00, 0x00, 0x00, 0x00, 0x00, 0x00, 0xe5, 0x10, 0x42, 0x00, 0x00, 0x00,
    0x00, 0x00, 0x00, 0x00, 0x00, 0x00, 0x00, 0x00, 0x00, 0x00, 0x00, 0x00, 0x00, 0x00, 0x00, 0x00,
    0x00, 0x00, 0x00, 0x00, 0x00, 0x00, 0x26, 0x19, 0xed, 0x52, 0x00, 0x00, 0x00, 0x00, 0x00, 0x00,
    0x00, 0x00, 0x00, 0x00, 0x00, 0x00, 0x00, 0x00, 0x00, 0x00, 0x00, 0x00, 0x00, 0x00, 0x00, 0x00,
    0x00, 0x00, 0x00, 0x00, 0x00, 0x00, 0x00, 0x00, 0x00, 0x00, 0x00, 0x00, 0x00, 0x00, 0x00, 0x00,
    0x00, 0x00, 0x00, 0x00, 0x00, 0x00, 0x00, 0x00, 0x00, 0x00, 0x00, 0x00, 0x00, 0x00, 0x00, 0x00,
    0x00, 0x00, 0x00, 0x00, 0x00, 0x00, 0xa3, 0x08, 0x00, 0x00, 0x00, 0x00, 0x00, 0x00, 0x00, 0x00,
    0x00, 0x00, 0xc5, 0x10, 0x29, 0x3a, 0x00, 0x00, 0x00, 0x00, 0x00, 0x00, 0x00, 0x00, 0x00, 0x00,
    0x00, 0x00, 0x00, 0x00, 0x00, 0x00, 0x00, 0x00, 0x00, 0x00, 0x00, 0x00, 0x00, 0x00, 0x00, 0x00,
    0x21, 0x21, 0x21, 0x21, 0x21, 0x21, 0x22, 0x21, 0x21, 0x21, 0x21, 0x21, 0x21, 0x21, 0x22, 0x21,
    0x21, 0x21, 0x21, 0x21, 0x21, 0x21, 0x22, 0x21, 0x21, 0x21, 0xf8, 0xff, 0xf8, 0xff, 0xf9, 0xff,
    0x21, 0x21, 0x21, 0x21, 0x21, 0x21, 0x22, 0x21, 0x21, 0x21, 0x21, 0x21, 0x21, 0x21, 0x22, 0x21,
    0x21, 0x21, 0x21, 0x21, 0xc5, 0x29, 0x0b, 0x53, 0x21, 0x21, 0x21, 0x21, 0x21, 0x21, 0x29, 0x32,
    0x21, 0x21, 0x21, 0x21, 0x21, 0x21, 0x22, 0x21, 0x21, 0x21, 0x21, 0x21, 0x21, 0x21, 0x22, 0x21,
    0x21, 0x21, 0x21, 0x21, 0x21, 0x21, 0x22, 0x21, 0x21, 0x21, 0xf8, 0xff, 0xf8, 0xff, 0xf9, 0xff,
    0x21, 0x21, 0x21, 0x21, 0x21, 0x21, 0x22, 0x21, 0x21, 0x21, 0x08, 0x32, 0xef, 0x6b, 0x22, 0x21,
    0x21, 0x21, 0x21, 0x21, 0x21, 0x21, 0x22, 0x21, 0x21, 0x21, 0x21, 0x21, 0x21, 0x21, 0xc6, 0x29,
    0x21, 0x21, 0x21, 0x21, 0x21, 0x21, 0x22, 0x21, 0x21, 0x21, 0x21, 0x21, 0x21, 0x21, 0x22, 0x21,
    0x21, 0x21, 0x21, 0x21, 0x21, 0x21, 0x22, 0x21, 0x21, 0x21, 0xf8, 0xff, 0xf8, 0xff, 0x39, 0xd7,
    0x6c, 0x63, 0x21, 0x21, 0x21, 0x21, 0x22, 0x21, 0x21, 0x21, 0xc5, 0x29, 0x21, 0x21, 0x22, 0x21,
    0x21, 0x21, 0x21, 0x21, 0x21, 0x21, 0x22, 0x21, 0x21, 0x21, 0x21, 0x21, 0x21, 0x21, 0x22, 0x21,
    0x21, 0x21, 0x21, 0x21, 0x21, 0x21, 0x22, 0x21, 0x21, 0x21, 0x21, 0x21, 0x21, 0x21, 0x22, 0x21,
    0x21, 0x21, 0x21, 0x21, 0x21, 0x21, 0x22, 0x21, 0x21, 0x21, 0xf8, 0xff, 0x18, 0xd7, 0x99, 0xe7,
    0x21, 0x21, 0x21, 0x21, 0x21, 0x21, 0x22, 0x21, 0x21, 0x21, 0x21, 0x21, 0x21, 0x21, 0x22, 0x21,
    0x21, 0x21, 0x21, 0x21, 0x21, 0x21, 0x22, 0x21, 0x21, 0x21, 0x21, 0x21, 0x21, 0x21, 0x22, 0x21,
    0x00, 0x00, 0x00, 0x00, 0x00, 0x00, 0x00, 0x00, 0x00, 0x00, 0x00, 0x00, 0x00, 0x00, 0x00, 0x00,
    0x00, 0x00, 0x00, 0x00, 0x00, 0x00, 0x00, 0x00, 0x00, 0x00, 0x00, 0x00, 0x00, 0x00, 0x00, 0x00,
    0x00, 0x00, 0x00, 0x00, 0x00, 0x00, 0x00, 0x00, 0x00, 0x00, 0x00, 0x00, 0x00, 0x00, 0x00, 0x00,
    0x00, 0x00, 0x00, 0x00, 0x00, 0x00, 0x00, 0x00, 0x00, 0x00, 0x00, 0x00, 0x00, 0x00, 0x00, 0x00,
    0x00, 0x00, 0x00, 0x00, 0x00, 0x00, 0x00, 0x00, 0x00, 0x00, 0x00, 0x00, 0x00, 0x00, 0x00, 0x00,
    0x00, 0x00, 0x00, 0x00, 0x00, 0x00, 0x00, 0x00, 0x47, 0x19, 0x2e, 0x5b, 0x00, 0x00, 0x00, 0x00,
    0x00, 0x00, 0x00, 0x00, 0x00, 0x00, 0x00, 0x00, 0x00, 0x00, 0x00, 0x00, 0x00, 0x00, 0x00, 0x00,
    0x00, 0x00, 0x00, 0x00, 0x00, 0x00, 0x00, 0x00, 0x00, 0x00, 0x00, 0x00, 0x00, 0x00, 0x00, 0x00,
    0x00, 0x00, 0x00, 0x00, 0x00, 0x00, 0x00, 0x00, 0x00, 0x00, 0x00, 0x00, 0x00, 0x00, 0x00, 0x00,
    0x00, 0x00, 0x00, 0x00, 0x00, 0x00, 0x00, 0x00, 0xc4, 0x10, 0x00, 0x00, 0x00, 0x00, 0x00, 0x00,
    0x00, 0x00, 0xe5, 0x10, 0x8b, 0x42, 0x00, 0x00, 0x00, 0x00, 0x00, 0x00, 0x00, 0x00, 0x00, 0x00,
    0x00, 0x00, 0x00, 0x00, 0x00, 0x00, 0x00, 0x00, 0x00, 0x00, 0x00, 0x00, 0x00, 0x00, 0x00, 0x00,
    0x00, 0x00, 0x00, 0x00, 0x00, 0x00, 0x00, 0x00, 0x00, 0x00, 0x00, 0x00, 0x00, 0x00, 0x00, 0x00,
    0x00, 0x00, 0x00, 0x00, 0x00, 0x00, 0x00, 0x00, 0xe5, 0x10, 0x00, 0x00, 0x00, 0x00, 0x00, 0x00,
    0x00, 0x00, 0x62, 0x08, 0x00, 0x00, 0x00, 0x00, 0x00, 0x00, 0x00, 0x00, 0x00, 0x00, 0x00, 0x00,
    0x00, 0x00, 0x00, 0x00, 0x00, 0x00, 0x00, 0x00, 0x00, 0x00, 0x00, 0x00, 0x00, 0x00, 0x00, 0x00,
    0x00, 0x00, 0x00, 0x00, 0x00, 0x00, 0x00, 0x00, 0x00, 0x00, 0x00, 0x00, 0x00, 0x00, 0x00, 0x00,
    0x00, 0x00, 0x00, 0x00, 0x00, 0x00, 0x00, 0x00, 0x00, 0x00, 0x00, 0x00, 0x00, 0x00, 0x00, 0x00,
    0x00, 0x00, 0x19, 0x7d, 0x00, 0x00, 0x00, 0x00, 0x00, 0x00, 0x00, 0x00, 0x00, 0x00, 0x00, 0x00,
    0x00, 0x00, 0x05, 0x11, 0x00, 0x00, 0x00, 0x00, 0x00, 0x00, 0x00, 0x00, 0x00, 0x00, 0x00, 0x00,
    0x00, 0x00, 0x00, 0x00, 0x00, 0x00, 0x00, 0x00, 0x00, 0x00, 0x00, 0x00, 0x00, 0x00, 0x00, 0x00,
    0x00, 0x00, 0x00, 0x00, 0x00, 0x00, 0x00, 0x00, 0x00, 0x00, 0x00, 0x00, 0x00, 0x00, 0x00, 0x00,
    0x00, 0x00, 0xf9, 0x74, 0x0d, 0x53, 0x00, 0x00, 0x00, 0x00, 0x00, 0x00, 0x00, 0x00, 0x00, 0x00,
    0x00, 0x00, 0x00, 0x00, 0x00, 0x00, 0x00, 0x00, 0x00, 0x00, 0x00, 0x00, 0x00, 0x00, 0x00, 0x00,
    0x00, 0x00, 0x00, 0x00, 0x00, 0x00, 0x00, 0x00, 0x00, 0x00, 0x00, 0x00, 0x00, 0x00, 0x00, 0x00,
    0x00, 0x00, 0x00, 0x00, 0x00, 0x00, 0x00, 0x00, 0x00, 0x00, 0x00, 0x00, 0x00, 0x00, 0x00, 0x00,
    0x00, 0x00, 0xa4, 0x08, 0xe5, 0x10, 0x6a, 0x42, 0x00, 0x00, 0x00, 0x00, 0x00, 0x00, 0x00, 0x00,
    0x00, 0x00, 0x00, 0x00, 0x00, 0x00, 0x00, 0x00, 0x00, 0x00, 0x00, 0x00, 0x00, 0x00, 0x00, 0x00,
    0x00, 0x00, 0x00, 0x00, 0x00, 0x00, 0x00, 0x00, 0x00, 0x00, 0x00, 0x00, 0x00, 0x00, 0x00, 0x00,
    0x00, 0x00, 0x00, 0x00, 0x00, 0x00, 0x00, 0x00, 0x00, 0x00, 0x00, 0x00, 0x00, 0x00, 0x00, 0x00,
    0x00, 0x00, 0x00, 0x00, 0x00, 0x00, 0x00, 0x00, 0x00, 0x00, 0x00, 0x00, 0x00, 0x00, 0x00, 0x00,
    0x00, 0x00, 0x00, 0x00, 0x00, 0x00, 0x00, 0x00, 0x00, 0x00, 0x47, 0x19, 0xf1, 0x6b, 0x8b, 0x42,
    0x00, 0x00, 0x00, 0x00, 0x00, 0x00, 0x00, 0x00, 0x00, 0x00, 0x00, 0x00, 0x00, 0x00, 0x00, 0x00,
    0x00, 0x00, 0x00, 0x00, 0x00, 0x00, 0x00, 0x00, 0x00, 0x00, 0x00, 0x00, 0x00, 0x00, 0x00, 0x00,
    0x00, 0x00, 0x00, 0x00, 0x00, 0x00, 0x00, 0x00, 0x00, 0x00, 0x00, 0x00, 0x00, 0x00, 0x00, 0x00,
    0x00, 0x00, 0x00, 0x00, 0x00, 0x00, 0x00, 0x00, 0x00, 0x00, 0xe5, 0x10, 0x42, 0x00, 0x00, 0x00,
    0x00, 0x00, 0x00, 0x00, 0x00, 0x00, 0x00, 0x00, 0x00, 0x00, 0x00, 0x00, 0x00, 0x00, 0x00, 0x00,
    0x00, 0x00, 0x00, 0x00, 0x00, 0x00, 0x26, 0x19, 0xed, 0x52, 0x00, 0x00, 0x00, 0x00, 0x00, 0x00,
    0x00, 0x00, 0x00, 0x00, 0x00, 0x00, 0x00, 0x00, 0x00, 0x00, 0x00, 0x00, 0x00, 0x00, 0x00, 0x00,
    0x00, 0x00, 0x00, 0x00, 0x00, 0x00, 0x00, 0x00, 0x00, 0x00, 0x00, 0x00, 0x00, 0x00, 0x00, 0x00,
    0x00, 0x00, 0x00, 0x00, 0x00, 0x00, 0x00, 0x00, 0x00, 0x00, 0x00, 0x00, 0x00, 0x00, 0x00, 0x00,
    0x00, 0x00, 0x00, 0x00, 0x00, 0x00, 0xa3, 0x08, 0x00, 0x00, 0x00, 0x00, 0x00, 0x00, 0x00, 0x00,
    0x00, 0x00, 0xc5, 0x10, 0x29, 0x3a, 0x00, 0x00, 0x00, 0x00, 0x00, 0x00, 0x00, 0x00, 0x00, 0x00,
    0x00, 0x00, 0x00, 0x00, 0x00, 0x00, 0x00, 0x00, 0x00, 0x00, 0x00, 0x00, 0x00, 0x00, 0x00, 0x00,
    0x00, 0x00, 0x00, 0x00, 0x00, 0x00, 0x00, 0x00, 0x00, 0x00, 0x00, 0x00, 0x00, 0x00, 0x00, 0x00,
    0x00, 0x00, 0x00, 0x00, 0x00, 0x00, 0x00, 0x00, 0x00, 0x00, 0x00, 0x00, 0x00, 0x00, 0x00, 0x00,
    0x00, 0x00, 0x00, 0x00, 0x00, 0x00, 0x00, 0x00, 0x00, 0x00, 0x00, 0x00, 0x00, 0x00, 0x00, 0x00,
    0x00, 0x00, 0x00, 0x00, 0xc5, 0x10, 0x4a, 0x42, 0x00, 0x00, 0x00, 0x00, 0x00, 0x00, 0x47, 0x19,
    0x00, 0x00, 0x00, 0x00, 0x00, 0x00, 0x00, 0x00, 0x00, 0x00, 0x00, 0x00, 0x00, 0x00, 0x00, 0x00,
    0x00, 0x00, 0x00, 0x00, 0x00, 0x00, 0x00, 0x00, 0x00, 0x00, 0x00, 0x00, 0x00, 0x00, 0x00, 0x00,
    0x00, 0x00, 0x00, 0x00, 0x00, 0x00, 0x00, 0x00, 0x00, 0x00, 0x47, 0x19, 0x6f, 0x5b, 0x00, 0x00,
    0x00, 0x00, 0x00, 0x00, 0x00, 0x00, 0x00, 0x00, 0x00, 0x00, 0x00, 0x00, 0x00, 0x00, 0xe5, 0x10,
    0x00, 0x00, 0x00, 0x00, 0x00, 0x00, 0x00, 0x00, 0x00, 0x00, 0x00, 0x00, 0x00, 0x00, 0x00, 0x00,
    0x00, 0x00, 0x00, 0x00, 0x00, 0x00, 0x00, 0x00, 0x00, 0x00, 0x00, 0x00, 0x00, 0x00, 0x06, 0x19,
    0xcc, 0x4a, 0x00, 0x00, 0x00, 0x00, 0x00, 0x00, 0x00, 0x00, 0xc5, 0x10, 0x00, 0x00, 0x00, 0x00,
    0x00, 0x00, 0x00, 0x00, 0x00, 0x00, 0x00, 0x00, 0x00, 0x00, 0x00, 0x00, 0x00, 0x00, 0x00, 0x00,
    0x00, 0x00, 0x00, 0x00, 0x00, 0x00, 0x00, 0x00, 0x00, 0x00, 0x00, 0x00, 0x00, 0x00, 0x00, 0x00,
    0x00, 0x00, 0x00, 0x00, 0x00, 0x00, 0x00, 0x00, 0x00, 0x00, 0x00, 0x00, 0x06, 0x11, 0x83, 0x08,
    0x00, 0x00, 0x00, 0x00, 0x00, 0x00, 0x00, 0x00, 0x00, 0x00, 0x00, 0x00, 0x00, 0x00, 0x00, 0x00,
    0x00, 0x00, 0x00, 0x00, 0x00, 0x00, 0x00, 0x00, 0x00, 0x00, 0x00, 0x00, 0x00, 0x00, 0x00, 0x00,
    0x00, 0x00, 0x00, 0x00, 0x00, 0x00, 0x00, 0x00, 0x00, 0x00, 0x00, 0x00, 0x00, 0x00, 0x00, 0x00,
    0x00, 0x00, 0x00, 0x00, 0x00, 0x00, 0x00, 0x00, 0x00, 0x00, 0x00, 0x00, 0x00, 0x00, 0x00, 0x00,
    0x00, 0x00, 0x00, 0x00, 0x00, 0x00, 0x00, 0x00, 0x00, 0x00, 0x00, 0x00, 0x00, 0x00, 0x00, 0x00,
    0x00, 0x00, 0x00, 0x00, 0x00, 0x00, 0x00, 0x00, 0x00, 0x00, 0x00, 0x00, 0x00, 0x00, 0x00, 0x00,
    0x00, 0x00, 0x00, 0x00, 0x00, 0x00, 0x00, 0x00, 0x00, 0x00, 0x00, 0x00, 0x00, 0x00, 0x00, 0x00,
    0x00, 0x00, 0x00, 0x00, 0x00, 0x00, 0x00, 0x00, 0x47, 0x19, 0x2e, 0x5b, 0x00, 0x00, 0x00, 0x00,
    0x00, 0x00, 0x00, 0x00, 0x00, 0x00, 0x00, 0x00, 0x00, 0x00, 0x00, 0x00, 0x00, 0x00, 0x00, 0x00,
    0x00, 0x00, 0x00, 0x00, 0x00, 0x00, 0x00, 0x00, 0x00, 0x00, 0x00, 0x00, 0x00, 0x00, 0x00, 0x00,
    0x00, 0x00, 0x00, 0x00, 0x00, 0x00, 0x00, 0x00, 0x00, 0x00, 0x00, 0x00, 0x00, 0x00, 0x00, 0x00,
    0x00, 0x00, 0x00, 0x00, 0x00, 0x00, 0x00, 0x00, 0xc4, 0x10, 0x00, 0x00, 0x00, 0x00, 0x00, 0x00,
    0x00, 0x00, 0xe5, 0x10, 0x8b, 0x42, 0x00, 0x00, 0x00, 0x00, 0x00, 0x00, 0x00, 0x00, 0x00, 0x00,
    0x00, 0x00, 0x00, 0x00, 0x00, 0x00, 0x00, 0x00, 0x00, 0x00, 0x00, 0x00, 0x00, 0x00, 0x00, 0x00,
    0x00, 0x00, 0x00, 0x00, 0x00, 0x00, 0x00, 0x00, 0x00, 0x00, 0x00, 0x00, 0x00, 0x00, 0x00, 0x00,
    0x00, 0x00, 0x00, 0x00, 0x00, 0x00, 0x00, 0x00, 0xe5, 0x10, 0x00, 0x00, 0x00, 0x00, 0x00, 0x00,
    0x00, 0x00, 0x62, 0x08, 0x00, 0x00, 0x00, 0x00, 0x00, 0x00, 0x00, 0x00, 0x00, 0x00, 0x00, 0x00,
    0x00, 0x00, 0x00, 0x00, 0x00, 0x00, 0x00, 0x00, 0x00, 0x00, 0x00, 0x00, 0x00, 0x00, 0x00, 0x00,
    0x00, 0x00, 0x00, 0x00, 0x00, 0x00, 0x00, 0x00, 0x00, 0x00, 0x00, 0x00, 0x00, 0x00, 0x00, 0x00,
    0x00, 0x00, 0x00, 0x00, 0x00, 0x00, 0x00, 0x00, 0x00, 0x00, 0x00, 0x00, 0x00, 0x00, 0x00, 0x00,
    0x00, 0x00, 0x00, 0x00, 0x00, 0x00, 0x00, 0x00, 0x00, 0x00, 0x00, 0x00, 0x00, 0x00, 0x00, 0x00,
    0x00, 0x00, 0x05, 0x11, 0x00, 0x00, 0x00, 0x00, 0x00, 0x00, 0x00, 0x00, 0x00, 0x00, 0x00, 0x00,
    0x00, 0x00, 0x00, 0x00, 0x00, 0x00, 0x00, 0x00, 0x00, 0x00, 0x00, 0x00, 0x00, 0x00, 0x00, 0x00,
    0x00, 0x00, 0x00, 0x00, 0x00, 0x00, 0x00, 0x00, 0x00, 0x00, 0x00, 0x00, 0x00, 0x00, 0x00, 0x00,
    0x00, 0x00, 0x27, 0x19, 0x0d, 0x53, 0x00, 0x00, 0x00, 0x00, 0x00, 0x00, 0x00, 0x00, 0x00, 0x00,
    0x00, 0x00, 0x00, 0x00, 0x00, 0x00, 0x00, 0x00, 0x00, 0x00, 0x00, 0x00, 0x00, 0x00, 0x00, 0x00,
    0x00, 0x00, 0x00, 0x00, 0x00, 0x00, 0x00, 0x00, 0x00, 0x00, 0x00, 0x00, 0x00, 0x00, 0x00, 0x00,
    0x00, 0x00, 0x00, 0x00, 0x00, 0x00, 0x00, 0x00, 0x00, 0x00, 0x00, 0x00, 0x00, 0x00, 0x00, 0x00,
    0x00, 0x00, 0xa4, 0x08, 0xe5, 0x10, 0x6a, 0x42, 0x00, 0x00, 0x00, 0x00, 0x00, 0x00, 0x00, 0x00,
    0x00, 0x00, 0x00, 0x00, 0x00, 0x00, 0x00, 0x00, 0x00, 0x00, 0x00, 0x00, 0x00, 0x00, 0x00, 0x00,
    0x00, 0x00, 0x00, 0x00, 0x00, 0x00, 0x00, 0x00, 0x00, 0x00, 0x00, 0x00, 0x00, 0x00, 0x00, 0x00,
    0x00, 0x00, 0x00, 0x00, 0x00, 0x00, 0x00, 0x00, 0x00, 0x00, 0x00, 0x00, 0x00, 0x00, 0x00, 0x00,
    0x00, 0x00, 0x00, 0x00, 0x00, 0x00, 0x00, 0x00, 0x00, 0x00, 0x00, 0x00, 0x00, 0x00, 0x00, 0x00,
    0x00, 0x00, 0x00, 0x00, 0x00, 0x00, 0x00, 0x00, 0x00, 0x00, 0x47, 0x19, 0xf1, 0x6b, 0x8b, 0x42,
    0x00, 0x00, 0x00, 0x00, 0x00, 0x00, 0x00, 0x00, 0x00, 0x00, 0x00, 0x00, 0x00, 0x00, 0x00, 0x00,
    0x00, 0x00, 0x00, 0x00, 0x00, 0x00, 0x00, 0x00, 0x00, 0x00, 0x00, 0x00, 0x00, 0x00, 0x00, 0x00,
    0x00, 0x00, 0x00, 0x00, 0x00, 0x00, 0x00, 0x00, 0x00, 0x00, 0x00, 0x00, 0x00, 0x00, 0x00, 0x00,
    0x00, 0x00, 0x00, 0x00, 0x00, 0x00, 0x00, 0x00, 0x00, 0x00, 0xe5, 0x10, 0x42, 0x00, 0x00, 0x00,
    0x00, 0x00, 0x00, 0x00, 0x00, 0x00, 0x00, 0x00, 0x00, 0x00, 0x00, 0x00, 0x00, 0x00, 0x00, 0x00,
    0x00, 0x00, 0x00, 0x00, 0x00, 0x00, 0x26, 0x19, 0xed, 0x52, 0x00, 0x00, 0x00, 0x00, 0x00, 0x00,
    0x00, 0x00, 0x00, 0x00, 0x00, 0x00, 0x00, 0x00, 0x00, 0x00, 0x00, 0x00, 0x00, 0x00, 0x00, 0x00,
    0x00, 0x00, 0x00, 0x00, 0x00, 0x00, 0x00, 0x00, 0x00, 0x00, 0x00, 0x00, 0x00, 0x00, 0x00, 0x00,
    0x00, 0x00, 0x00, 0x00, 0x00, 0x00, 0x00, 0x00, 0x00, 0x00, 0x00, 0x00, 0x00, 0x00, 0x00, 0x00,
    0x00, 0x00, 0x00, 0x00, 0x00, 0x00, 0xa3, 0x08, 0x00, 0x00, 0x00, 0x00, 0x00, 0x00, 0x00, 0x00,
    0x00, 0x00, 0xc5, 0x10, 0x29, 0x3a, 0x00, 0x00, 0x00, 0x00, 0x00, 0x00, 0x00, 0x00, 0x00, 0x00,
    0x00, 0x00, 0x00, 0x00, 0x00, 0x00, 0x00, 0x00, 0x00, 0x00, 0x00, 0x00, 0x00, 0x00, 0x00, 0x00,
    0x00, 0x00, 0x00, 0x00, 0x00, 0x00, 0x00, 0x00, 0x00, 0x00, 0x00, 0x00, 0x00, 0x00, 0x00, 0x00,
    0x00, 0x00, 0x00, 0x00, 0x00, 0x00, 0x00, 0x00, 0x00, 0x00, 0x00, 0x00, 0x00, 0x00, 0x00, 0x00,
    0x00, 0x00, 0x00, 0x00, 0x00, 0x00, 0x00, 0x00, 0x00, 0x00, 0x00, 0x00, 0x00, 0x00, 0x00, 0x00,
    0x00, 0x00, 0x00, 0x00, 0xc5, 0x10, 0x4a, 0x42, 0x00, 0x00, 0x00, 0x00, 0x00, 0x00, 0x47, 0x19,
    0x00, 0x00, 0x00, 0x00, 0x00, 0x00, 0x00, 0x00, 0x00, 0x00, 0x00, 0x00, 0x00, 0x00, 0x00, 0x00,
    0x00, 0x00, 0x00, 0x00, 0x00, 0x00, 0x00, 0x00, 0x00, 0x00, 0x00, 0x00, 0x00, 0x00, 0x00, 0x00,
    0x00, 0x00, 0x00, 0x00, 0x00, 0x00, 0x00, 0x00, 0x00, 0x00, 0x47, 0x19, 0x6f, 0x5b, 0x00, 0x00,
    0x00, 0x00, 0x00, 0x00, 0x00, 0x00, 0x00, 0x00, 0x00, 0x00, 0x00, 0x00, 0x00, 0x00, 0xe5, 0x10,
    0x00, 0x00, 0x00, 0x00, 0x00, 0x00, 0x00, 0x00, 0x00, 0x00, 0x00, 0x00, 0x00, 0x00, 0x00, 0x00,
    0x00, 0x00, 0x00, 0x00, 0x00, 0x00, 0x00, 0x00, 0x00, 0x00, 0x00, 0x00, 0x00, 0x00, 0x00, 0x00,
    0x00, 0x00, 0x00, 0x00, 0x00, 0x00, 0x00, 0x00, 0x00, 0x00, 0xc5, 0x10, 0x00, 0x00, 0x00, 0x00,
    0x00, 0x00, 0x00, 0x00, 0x00, 0x00, 0x00, 0x00, 0x00, 0x00, 0x00, 0x00, 0x00, 0x00, 0x00, 0x00,
    0x00, 0x00, 0x00, 0x00, 0x00, 0x00, 0x00, 0x00, 0x00, 0x00, 0x00, 0x00, 0x00, 0x00, 0x00, 0x00,
    0x00, 0x00, 0x00, 0x00, 0x00, 0x00, 0x00, 0x00, 0x00, 0x00, 0x00, 0x00, 0x00, 0x00, 0x00, 0x00,
    0x00, 0x00, 0x00, 0x00, 0x00, 0x00, 0x00, 0x00, 0x00, 0x00, 0x00, 0x00, 0x00, 0x00, 0x00, 0x00,
    0x00, 0x00, 0x00, 0x00, 0x00, 0x00, 0x00, 0x00, 0x00, 0x00, 0x00, 0x00, 0x00, 0x00, 0x00, 0x00,
    0x00, 0x00, 0x00, 0x00, 0x00, 0x00, 0x00, 0x00, 0x00, 0x00, 0x00, 0x00, 0x00, 0x00, 0x00, 0x00,
    0x00, 0x00, 0x00, 0x00, 0x00, 0x00, 0x00, 0x00, 0x00, 0x00, 0x00, 0x00, 0x00, 0x00, 0x00, 0x00,
    0x00, 0x00, 0x00, 0x00, 0x00, 0x00, 0x00, 0x00, 0x00, 0x00, 0x00, 0x00, 0x00, 0x00, 0x00, 0x00,
    0x00, 0x00, 0x00, 0x00, 0x00, 0x00, 0x00, 0x00, 0x00, 0x00, 0x00, 0x00, 0x00, 0x00, 0x00, 0x00,
    0x00, 0x00, 0x00, 0x00, 0x00, 0x00, 0x00, 0x00, 0x00, 0x00, 0x00, 0x00, 0x00, 0x00, 0x00, 0x00,
    0x00, 0x00, 0x00, 0x00, 0x00, 0x00, 0x00, 0x00, 0x00, 0x00, 0x00, 0x00, 0x00, 0x00, 0x00, 0x00,
    0x00, 0x00, 0x00, 0x00, 0x00, 0x00, 0x00, 0x00, 0x00, 0x00, 0x00, 0x00, 0x00, 0x00, 0x00, 0x00,
    0x00, 0x00, 0x00, 0x00, 0x00, 0x00, 0x00, 0x00, 0x00, 0x00, 0x00, 0x00, 0x00, 0x00, 0x00, 0x00,
    0x00, 0x00, 0x00, 0x00, 0x00, 0x00, 0x00, 0x00, 0x00, 0x00, 0x00, 0x00, 0x00, 0x00, 0x00, 0x00,
    0x00, 0x00, 0x00, 0x00, 0x00, 0x00, 0x00, 0x00, 0x00, 0x00, 0x00, 0x00, 0x00, 0x00, 0x00, 0x00,
    0x00, 0x00, 0x00, 0x00, 0x00, 0x00, 0x00, 0x00, 0x00, 0x00, 0x00, 0x00, 0x00, 0x00, 0x00, 0x00,
    0x00, 0x00, 0x00, 0x00, 0x00, 0x00, 0x00, 0x00, 0x00, 0x00, 0x00, 0x00, 0x00, 0x00, 0x00, 0x00,
    0x00, 0x00, 0x00, 0x00, 0x00, 0x00, 0x00, 0x00, 0x00, 0x00, 0x00, 0x00, 0x00, 0x00, 0x00, 0x00,
    0x00, 0x00, 0x00, 0x00, 0x00, 0x00, 0x00, 0x00, 0x00, 0x00, 0x00, 0x00, 0x00, 0x00, 0x00, 0x00,
    0x00, 0x00, 0x00, 0x00, 0x00, 0x00, 0x00, 0x00, 0x00, 0x00, 0x00, 0x00, 0x00, 0x00, 0x00, 0x00,
    0x00, 0x00, 0x00, 0x00, 0x00, 0x00, 0x00, 0x00, 0x00, 0x00, 0x00, 0x00, 0x00, 0x00, 0x00, 0x00,
    0x00, 0x00, 0x00, 0x00, 0x00, 0x00, 0x00, 0x00, 0x00, 0x00, 0x00, 0x00, 0x00, 0x00, 0x00, 0x00,
    0x00, 0x00, 0x00, 0x00, 0x00, 0x00, 0x00, 0x00, 0x00, 0x00, 0x00, 0x00, 0x00, 0x00, 0x00, 0x00,
    0x00, 0x00, 0x00, 0x00, 0x00, 0x00, 0x00, 0x00, 0x00, 0x00, 0x00, 0x00, 0x00, 0x00, 0x00, 0x00,
    0x00, 0x00, 0x00, 0x00, 0x00, 0x00, 0x00, 0x00, 0x00, 0x00, 0x00, 0x00, 0x00, 0x00, 0x00, 0x00,
    0x00, 0x00, 0x00, 0x00, 0x00, 0x00, 0x00, 0x00, 0x00, 0x00, 0x00, 0x00, 0x00, 0x00, 0x00, 0x00,
    0x00, 0x00, 0x00, 0x00, 0x00, 0x00, 0x00, 0x00, 0x00, 0x00, 0x00, 0x00, 0x00, 0x00, 0x00, 0x00,
    0x00, 0x00, 0x00, 0x00, 0x00, 0x00, 0x00, 0x00, 0x00, 0x00, 0x00, 0x00, 0x00, 0x00, 0x00, 0x00,
    0x00, 0x00, 0x00, 0x00, 0x00, 0x00, 0x00, 0x00, 0x00, 0x00, 0x00, 0x00, 0x00, 0x00, 0x00, 0x00,
    0x00, 0x00, 0x00, 0x00, 0x00, 0x00, 0x00, 0x00, 0x00, 0x00, 0x00, 0x00, 0x00, 0x00, 0x00, 0x00,
    0x00, 0x00, 0x00, 0x00, 0x00, 0x00, 0x00, 0x00, 0x00, 0x00, 0x00, 0x00, 0x00, 0x00, 0x00, 0x00,
    0x00, 0x00, 0x00, 0x00, 0x00, 0x00, 0x00, 0x00, 0x00, 0x00, 0x00, 0x00, 0x00, 0x00, 0x00, 0x00,
    0x00, 0x00, 0x00, 0x00, 0x00, 0x00, 0x00, 0x00, 0x00, 0x00, 0x00, 0x00, 0x00, 0x00, 0x00, 0x00,
    0x00, 0x00, 0x00, 0x00, 0x00, 0x00, 0x00, 0x00, 0x00, 0x00, 0x00, 0x00, 0x00, 0x00, 0x00, 0x00,
    0x00, 0x00, 0x00, 0x00, 0x00, 0x00, 0x00, 0x00, 0x00, 0x00, 0x00, 0x00, 0x00, 0x00, 0x00, 0x00,
    0x00, 0x00, 0x00, 0x00, 0x00, 0x00, 0x00, 0x00, 0x00, 0x00, 0x00, 0x00, 0x00, 0x00, 0x00, 0x00,
    0x00, 0x00, 0x00, 0x00, 0x00, 0x00, 0x00, 0x00, 0x00, 0x00, 0x00, 0x00, 0x00, 0x00, 0x00, 0x00,
    0x00, 0x00, 0x00, 0x00, 0x00, 0x00, 0x00, 0x00, 0x00, 0x00, 0x00, 0x00, 0x00, 0x00, 0x00, 0x00,
    0x00, 0x00, 0x00, 0x00, 0x00, 0x00, 0x00, 0x00, 0x00, 0x00, 0x00, 0x00, 0x00, 0x00, 0x00, 0x00,
    0x00, 0x00, 0x00, 0x00, 0x00, 0x00, 0x00, 0x00, 0x00, 0x00, 0x00, 0x00, 0x00, 0x00, 0x00, 0x00,
    0x00, 0x00, 0x00, 0x00, 0x00, 0x00, 0x00, 0x00, 0x00, 0x00, 0x00, 0x00, 0x00, 0x00, 0x00, 0x00,
    0x00, 0x00, 0x00, 0x00, 0x00, 0x00, 0x00, 0x00, 0x00, 0x00, 0x00, 0x00, 0x00, 0x00, 0x00, 0x00,
    0x00, 0x00, 0x00, 0x00, 0x00, 0x00, 0x00, 0x00, 0x00, 0x00, 0x00, 0x00, 0x00, 0x00, 0x00, 0x00,
    0x00, 0x00, 0x00, 0x00, 0x00, 0x00, 0x00, 0x00, 0x00, 0x00, 0x00, 0x00, 0x00, 0x00, 0x00, 0x00,
    0x00, 0x00, 0x00, 0x00, 0x00, 0x00, 0x00, 0x00, 0x00, 0x00, 0x00, 0x00, 0x00, 0x00, 0x00, 0x00,
    0x00, 0x00, 0x00, 0x00, 0x00, 0x00, 0x00, 0x00, 0x00, 0x00, 0x00, 0x00, 0x00, 0x00, 0x00, 0x00,
    0x00, 0x00, 0x00, 0x00, 0x00, 0x00, 0x00, 0x00, 0x00, 0x00, 0x00, 0x00, 0x00, 0x00, 0x00, 0x00,
    0x00, 0x00, 0x00, 0x00, 0x00, 0x00, 0x00, 0x00, 0x00, 0x00, 0x00, 0x00, 0x00, 0x00, 0x00, 0x00,
    0x00, 0x00, 0x00, 0x00, 0x00, 0x00, 0x00, 0x00, 0x00, 0x00, 0x00, 0x00, 0x00, 0x00, 0x00, 0x00,
    0x00, 0x00, 0x00, 0x00, 0x00, 0x00, 0x00, 0x00, 0x00, 0x00, 0x00, 0x00, 0x00, 0x00, 0x00, 0x00,
    0x00, 0x00, 0x00, 0x00, 0x00, 0x00, 0x00, 0x00, 0x00, 0x00, 0x00, 0x00, 0x00, 0x00, 0x00, 0x00,
    0x00, 0x00, 0x00, 0x00, 0x00, 0x00, 0x00, 0x00, 0x00, 0x00, 0x00, 0x00, 0x00, 0x00, 0x00, 0x00,
    0x00, 0x00, 0x00, 0x00, 0x00, 0x00, 0x00, 0x00, 0x00, 0x00, 0x00, 0x00, 0x00, 0x00, 0x00, 0x00,
    0x00, 0x00, 0x00, 0x00, 0x00, 0x00, 0x00, 0x00, 0x00, 0x00, 0x00, 0x00, 0x00, 0x00, 0x00, 0x00,
    0x00, 0x00, 0x00, 0x00, 0x00, 0x00, 0x00, 0x00, 0x00, 0x00, 0x00, 0x00, 0x00, 0x00, 0x00, 0x00,
    0x00, 0x00, 0x00, 0x00, 0x00, 0x00, 0x00, 0x00, 0x00, 0x00, 0x00, 0x00, 0x00, 0x00, 0x00, 0x00,
    0x00, 0x00, 0x00, 0x00, 0x00, 0x00, 0x00, 0x00, 0x00, 0x00, 0x00, 0x00, 0x00, 0x00, 0x00, 0x00,
    0x00, 0x00, 0x00, 0x00, 0x00, 0x00, 0x00, 0x00, 0x00, 0x00, 0x00, 0x00, 0x00, 0x00, 0x00, 0x00,
    0x00, 0x00, 0x00, 0x00, 0x00, 0x00, 0x00, 0x00, 0x00, 0x00, 0x00, 0x00, 0x00, 0x00, 0x00, 0x00,
    0x00, 0x00, 0x00, 0x00, 0x00, 0x00, 0x00, 0x00, 0x00, 0x00, 0x00, 0x00, 0x00, 0x00, 0x00, 0x00,
    0x00, 0x00, 0x00, 0x00, 0x00, 0x00, 0x00, 0x00, 0x00, 0x00, 0x00, 0x00, 0x00, 0x00, 0x00, 0x00,
    0x00, 0x00, 0x00, 0x00, 0x00, 0x00, 0x00, 0x00, 0x00, 0x00, 0x00, 0x00, 0x00, 0x00, 0x00, 0x00,
    0x00, 0x00, 0x00, 0x00, 0x00, 0x00, 0x00, 0x00, 0x00, 0x00, 0x00, 0x00, 0xc4, 0x10, 0x2a, 0x32,
    0x04, 0x19, 0x00, 0x00, 0x00, 0x00, 0x00, 0x00, 0x00, 0x00, 0x00, 0x00, 0x00, 0x00, 0x00, 0x00,
    0x00, 0x00, 0x00, 0x00, 0x00, 0x00, 0x00, 0x00, 0x00, 0x00, 0x00, 0x00, 0x00, 0x00, 0x00, 0x00,
    0x00, 0x00, 0x00, 0x00, 0x00, 0x00, 0x00, 0x00, 0x00, 0x00, 0x00, 0x00, 0x00, 0x00, 0x00, 0x00,
    0x00, 0x00, 0x00, 0x00, 0x00, 0x00, 0x00, 0x00, 0x00, 0x00, 0x00, 0x00, 0x00, 0x00, 0x00, 0x00,
    0x00, 0x00, 0x00, 0x00, 0x00, 0x00, 0x00, 0x00, 0x00, 0x00, 0x00, 0x00, 0x00, 0x00, 0x00, 0x00,
    0x00, 0x00, 0x00, 0x00, 0x00, 0x00, 0x00, 0x00, 0x00, 0x00, 0x00, 0x00, 0x00, 0x00, 0x00, 0x00,
    0x00, 0x00, 0x00, 0x00, 0x00, 0x00, 0x00, 0x00, 0x00, 0x00, 0x00, 0x00, 0x00, 0x00, 0x00, 0x00,
    0x00, 0x00, 0x00, 0x00, 0x00, 0x00, 0x00, 0x00, 0x00, 0x00, 0x00, 0x00, 0x00, 0x00, 0x00, 0x00,
    0x00, 0x00, 0x00, 0x00, 0x00, 0x00, 0x00, 0x00, 0x00, 0x00, 0x00, 0x00, 0x00, 0x00, 0x00, 0x00,
    0x00, 0x00, 0x00, 0x00, 0x00, 0x00, 0x00, 0x00, 0x00, 0x00, 0x00, 0x00, 0x00, 0x00, 0x00, 0x00,
    0x00, 0x00, 0x00, 0x00, 0x00, 0x00, 0x00, 0x00, 0x00, 0x00, 0x00, 0x00, 0x00, 0x00, 0x00, 0x00,
    0x00, 0x00, 0x00, 0x00, 0x00, 0x00, 0x00, 0x00, 0xa3, 0x08, 0x86, 0x29, 0x00, 0x00, 0x00, 0x00,
    0x00, 0x00, 0x00, 0x00, 0x00, 0x00, 0x00, 0x00, 0x00, 0x00, 0x00, 0x00, 0x00, 0x00, 0x00, 0x00,
    0x00, 0x00, 0x00, 0x00, 0x00, 0x00, 0x00, 0x00, 0x00, 0x00, 0x00, 0x00, 0x00, 0x00, 0x00, 0x00,
    0x00, 0x00, 0x00, 0x00, 0x00, 0x00, 0x00, 0x00, 0x00, 0x00, 0x00, 0x00, 0x00, 0x00, 0x00, 0x00,
    0x00, 0x00, 0x00, 0x00, 0x00, 0x00, 0x00, 0x00, 0xc4, 0x10, 0xe8, 0x31, 0x00, 0x00, 0x00, 0x00,
    0x00, 0x00, 0x41, 0x00, 0xc3, 0x10, 0x00, 0x00, 0x00, 0x00, 0x00, 0x00, 0x00, 0x00, 0x00, 0x00,
    0x00, 0x00, 0x00, 0x00, 0x00, 0x00, 0x00, 0x00, 0x00, 0x00, 0x00, 0x00, 0x00, 0x00, 0x00, 0x00,
    0xa4, 0x10, 0xa4, 0x08, 0xa4, 0x08, 0xa4, 0x08, 0xa4, 0x10, 0xa4, 0x08, 0xa4, 0x08, 0xa4, 0x08,
    0xa4, 0x10, 0xa4, 0x08, 0xa4, 0x08, 0xa4, 0x08, 0xa4, 0x10, 0xa4, 0x08, 0xa4, 0x08, 0xa4, 0x08,
    0xa4, 0x10, 0xa4, 0x08, 0xa4, 0x08, 0xa4, 0x08, 0xa4, 0x10, 0xa4, 0x08, 0xa4, 0x08, 0xa4, 0x08,
    0xa4, 0x10, 0x47, 0x11, 0x6b, 0x3a, 0xa4, 0x08, 0xa4, 0x10, 0xa4, 0x08, 0xa4, 0x08, 0xa4, 0x08,
    0xa4, 0x10, 0xa4, 0x08, 0xa4, 0x08, 0xa4, 0x08, 0xa4, 0x10, 0xa4, 0x08, 0xa4, 0x08, 0xa4, 0x08,
    0xa4, 0x10, 0xa4, 0x08, 0xa4, 0x08, 0xa4, 0x08, 0xa4, 0x10, 0xa4, 0x08, 0xa4, 0x08, 0xa4, 0x08,
    0xa4, 0x10, 0xa4, 0x08, 0xa4, 0x08, 0xa4, 0x08, 0xa4, 0x10, 0xa4, 0x08, 0xa4, 0x08, 0xa4, 0x08,
    0xa4, 0x10, 0xa4, 0x08, 0xa4, 0x08, 0xa4, 0x08, 0xa4, 0x10, 0xa4, 0x08, 0xa4, 0x08, 0xa4, 0x08,
    0x00, 0x00, 0x00, 0x00, 0x00, 0x00, 0x00, 0x00, 0x00, 0x00, 0x00, 0x00, 0x00, 0x00, 0x00, 0x00,
    0x00, 0x00, 0x00, 0x00, 0x00, 0x00, 0x00, 0x00, 0x00, 0x00, 0x00, 0x00, 0x00, 0x00, 0x00, 0x00,
    0x00, 0x00, 0x83, 0x08, 0x45, 0x21, 0x00, 0x00, 0x00, 0x00, 0x00, 0x00, 0x00, 0x00, 0x00, 0x00,
    0x00, 0x00, 0x00, 0x00, 0x00, 0x00, 0x00, 0x00, 0x00, 0x00, 0x00, 0x00, 0x00, 0x00, 0x00, 0x00,
    0x00, 0x00, 0x00, 0x00, 0x00, 0x00, 0x00, 0x00, 0x00, 0x00, 0x00, 0x00, 0x00, 0x00, 0x00, 0x00,
    0x00, 0x00, 0x00, 0x00, 0x00, 0x00, 0x00, 0x00, 0x00, 0x00, 0x00, 0x00, 0x00, 0x00, 0x00, 0x00,
    0x00, 0x00, 0x00, 0x00, 0x00, 0x00, 0x41, 0x00, 0x00, 0x00, 0x00, 0x00, 0x00, 0x00, 0x00, 0x00,
    0x00, 0x00, 0x00, 0x00, 0x00, 0x00, 0x00, 0x00, 0x00, 0x00, 0x00, 0x00, 0x00, 0x00, 0x00, 0x00,
    0x00, 0x00, 0x00, 0x00, 0x00, 0x00, 0x00, 0x00, 0x00, 0x00, 0x00, 0x00, 0x00, 0x00, 0x00, 0x00,
    0x00, 0x00, 0x00, 0x00, 0x00, 0x00, 0x00, 0x00, 0x00, 0x00, 0x00, 0x00, 0x00, 0x00, 0x00, 0x00,
    0x00, 0x00, 0x00, 0x00, 0x00, 0x00, 0x00, 0x00, 0x00, 0x00, 0x00, 0x00, 0x00, 0x00, 0x00, 0x00,
    0x00, 0x00, 0x00, 0x00, 0x00, 0x00, 0x00, 0x00, 0x00, 0x00, 0xa4, 0x08, 0xe8, 0x31, 0xa3, 0x10,
    0x00, 0x00, 0x00, 0x00, 0x00, 0x00, 0x00, 0x00, 0x00, 0x00, 0x00, 0x00, 0x00, 0x00, 0x00, 0x00,
    0x00, 0x00, 0x00, 0x00, 0x00, 0x00, 0x00, 0x00, 0x00, 0x00, 0x00, 0x00, 0x00, 0x00, 0x00, 0x00,
    0x00, 0x00, 0x00, 0x00, 0x00, 0x00, 0x00, 0x00, 0x00, 0x00, 0x00, 0x00, 0x00, 0x00, 0x00, 0x00,
    0x00, 0x00, 0x00, 0x00, 0x00, 0x00, 0x00, 0x00, 0x00, 0x00, 0x00, 0x00, 0x00, 0x00, 0x00, 0x00,
    0x00, 0x00, 0x00, 0x00, 0x00, 0x00, 0x00, 0x00, 0x00, 0x00, 0x00, 0x00, 0x00, 0x00, 0x00, 0x00,
    0x00, 0x00, 0x00, 0x00, 0x00, 0x00, 0x62, 0x08, 0x25, 0x21, 0x00, 0x00, 0x00, 0x00, 0x00, 0x00,
    0x00, 0x00, 0x00, 0x00, 0x00, 0x00, 0x00, 0x00, 0x00, 0x00, 0x00, 0x00, 0x00, 0x00, 0x00, 0x00,
    0x00, 0x00, 0x00, 0x00, 0x00, 0x00, 0x00, 0x00, 0x00, 0x00, 0x00, 0x00, 0x00, 0x00, 0x00, 0x00,
    0x22, 0x21, 0x21, 0x21, 0x21, 0x21, 0x21, 0x21, 0x22, 0x21, 0x21, 0x21, 0x21, 0x21, 0x21, 0x21,
    0x22, 0x21, 0x21, 0x21, 0x21, 0x21, 0x21, 0x21, 0x22, 0x21, 0x21, 0x21, 0x21, 0x21, 0xf8, 0xff,
    0xf9, 0xff, 0xf9, 0xff, 0x42, 0x21, 0x21, 0x21, 0x22, 0x21, 0x21, 0x21, 0x21, 0x21, 0x21, 0x21,
    0x22, 0x21, 0x21, 0x21, 0x21, 0x21, 0x21, 0x21, 0x22, 0x21, 0x21, 0x21, 0x21, 0x21, 0x21, 0x21,
    0x22, 0x21, 0x21, 0x21, 0x21, 0x21, 0x21, 0x21, 0x22, 0x21, 0x21, 0x21, 0x21, 0x21, 0x21, 0x21,
    0x22, 0x21, 0x21, 0x21, 0x21, 0x21, 0x21, 0x21, 0x22, 0x21, 0x21, 0x21, 0x21, 0x21, 0xf8, 0xff,
    0xf9, 0xff, 0xf9, 0xff, 0x21, 0x21, 0x21, 0x21, 0x22, 0x21, 0x21, 0x21, 0x21, 0x21, 0x21, 0x21,
    0x22, 0x21, 0x21, 0x21, 0x21, 0x21, 0x42, 0x21, 0x22, 0x21, 0x21, 0x21, 0x21, 0x21, 0x84, 0x21,
    0x22, 0x21, 0x21, 0x21, 0x21, 0x21, 0x21, 0x21, 0x22, 0x21, 0x21, 0x21, 0x21, 0x21, 0x21, 0x21,
    0x22, 0x21, 0x21, 0x21, 0x21, 0x21, 0x21, 0x21, 0x22, 0x21, 0x21, 0x21, 0x21, 0x21, 0xf8, 0xff,
    0xf9, 0xff, 0xf9, 0xff, 0x21, 0x21, 0x21, 0x21, 0x22, 0x21, 0xa4, 0x29, 0x88, 0x42, 0x21, 0x21,
    0x22, 0x21, 0x21, 0x21, 0x21, 0x21, 0x21, 0x21, 0x22, 0x21, 0x21, 0x21, 0x21, 0x21, 0x21, 0x21,
    0x22, 0x21, 0x21, 0x21, 0x21, 0x21, 0x21, 0x21, 0x22, 0x21, 0x21, 0x21, 0x21, 0x21, 0x21, 0x21,
    0x22, 0x21, 0x21, 0x21, 0x21, 0x21, 0x21, 0x21, 0x22, 0x21, 0x21, 0x21, 0xa5, 0x29, 0x5a, 0xdf,
    0xda, 0xf7, 0xf9, 0xff, 0x21, 0x21, 0x21, 0x21, 0x22, 0x21, 0x21, 0x21, 0x21, 0x21, 0x21, 0x21,
    0x22, 0x21, 0x21, 0x21, 0x21, 0x21, 0x21, 0x21, 0x22, 0x21, 0x21, 0x21, 0x21, 0x21, 0x21, 0x21,
    0x00, 0x00, 0x00, 0x00, 0x00, 0x00, 0x00, 0x00, 0x00, 0x00, 0x00, 0x00, 0x00, 0x00, 0x00, 0x00,
    0x00, 0x00, 0x00, 0x00, 0x00, 0x00, 0x00, 0x00, 0x00, 0x00, 0x00, 0x00, 0x00, 0x00, 0x00, 0x00,
    0x00, 0x00, 0x00, 0x00, 0x00, 0x00, 0x00, 0x00, 0x00, 0x00, 0x00, 0x00, 0x00, 0x00, 0x00, 0x00,
    0x00, 0x00, 0x00, 0x00, 0x00, 0x00, 0x00, 0x00, 0x00, 0x00, 0x00, 0x00, 0x00, 0x00, 0x00, 0x00,
    0x00, 0x00, 0x00, 0x00, 0x00, 0x00, 0x00, 0x00, 0x00, 0x00, 0x00, 0x00, 0x00, 0x00, 0x00, 0x00,
    0x00, 0x00, 0x00, 0x00, 0x00, 0x00, 0x00, 0x00, 0x00, 0x00, 0x00, 0x00, 0x00, 0x00, 0x00, 0x00,
    0x00, 0x00, 0x00, 0x00, 0x00, 0x00, 0x00, 0x00, 0x00, 0x00, 0x00, 0x00, 0x00, 0x00, 0x00, 0x00,
    0x00, 0x00, 0x00, 0x00, 0x00, 0x00, 0x00, 0x00, 0x00, 0x00, 0x00, 0x00, 0x00, 0x00, 0x00, 0x00,
    0x00, 0x00, 0x00, 0x00, 0x00, 0x00, 0x00, 0x00, 0x00, 0x00, 0x00, 0x00, 0x00, 0x00, 0x00, 0x00,
    0x00, 0x00, 0x00, 0x00, 0x00, 0x00, 0x00, 0x00, 0xa3, 0x08, 0x86, 0x29, 0x00, 0x00, 0x00, 0x00,
    0x00, 0x00, 0x00, 0x00, 0x00, 0x00, 0x00, 0x00, 0x00, 0x00, 0x00, 0x00, 0x00, 0x00, 0x00, 0x00,
    0x00, 0x00, 0x00, 0x00, 0x00, 0x00, 0x00, 0x00, 0x00, 0x00, 0x00, 0x00, 0x00, 0x00, 0x00, 0x00,
    0x00, 0x00, 0x00, 0x00, 0x00, 0x00, 0x00, 0x00, 0x00, 0x00, 0x00, 0x00, 0x00, 0x00, 0x00, 0x00,
    0x00, 0x00, 0x00, 0x00, 0x00, 0x00, 0x00, 0x00, 0xc4, 0x10, 0xe8, 0x31, 0x00, 0x00, 0x00, 0x00,
    0x00, 0x00, 0x41, 0x00, 0xc3, 0x10, 0x00, 0x00, 0x00, 0x00, 0x00, 0x00, 0x00, 0x00, 0x00, 0x00,
    0x00, 0x00, 0x00, 0x00, 0x00, 0x00, 0x00, 0x00, 0x00, 0x00, 0x00, 0x00, 0x00, 0x00, 0x00, 0x00,
    0x00, 0x00, 0x00, 0x00, 0x00, 0x00, 0x00, 0x00, 0x00, 0x00, 0x00, 0x00, 0x00, 0x00, 0x00, 0x00,
    0x00, 0x00, 0x00, 0x00, 0x00, 0x00, 0x00, 0x00, 0x00, 0x00, 0x00, 0x00, 0x00, 0x00, 0x00, 0x00,
    0x19, 0x7d, 0x00, 0x00, 0x00, 0x00, 0x00, 0x00, 0x00, 0x00, 0x00, 0x00, 0x00, 0x00, 0x00, 0x00,
    0x00, 0x00, 0xc4, 0x10, 0xe8, 0x31, 0x00, 0x00, 0x00, 0x00, 0x00, 0x00, 0x00, 0x00, 0x00, 0x00,
    0x00, 0x00, 0x00, 0x00, 0x00, 0x00, 0x00, 0x00, 0x00, 0x00, 0x00, 0x00, 0x00, 0x00, 0x00, 0x00,
    0x00, 0x00, 0x00, 0x00, 0x00, 0x00, 0x00, 0x00, 0x00, 0x00, 0x00, 0x00, 0x00, 0x00, 0x00, 0x00,
    0x19, 0x7d, 0x00, 0x00, 0x00, 0x00, 0x00, 0x00, 0x00, 0x00, 0x00, 0x00, 0x00, 0x00, 0x00, 0x00,
    0x00, 0x00, 0x00, 0x00, 0x00, 0x00, 0x00, 0x00, 0x00, 0x00, 0x00, 0x00, 0x00, 0x00, 0x00, 0x00,
    0x00, 0x00, 0x00, 0x00, 0x00, 0x00, 0x00, 0x00, 0x00, 0x00, 0x00, 0x00, 0x00, 0x00, 0x00, 0x00,
    0x00, 0x00, 0x00, 0x00, 0x00, 0x00, 0x00, 0x00, 0x00, 0x00, 0x00, 0x00, 0x00, 0x00, 0x00, 0x00,
    0x00, 0x00, 0x83, 0x08, 0x45, 0x21, 0x00, 0x00, 0x00, 0x00, 0x00, 0x00, 0x00, 0x00, 0x00, 0x00,
    0x00, 0x00, 0x00, 0x00, 0x00, 0x00, 0x00, 0x00, 0x00, 0x00, 0x00, 0x00, 0x00, 0x00, 0x00, 0x00,
    0x00, 0x00, 0x00, 0x00, 0x00, 0x00, 0x00, 0x00, 0x00, 0x00, 0x00, 0x00, 0x00, 0x00, 0x00, 0x00,
    0x00, 0x00, 0x00, 0x00, 0x00, 0x00, 0x00, 0x00, 0x00, 0x00, 0x00, 0x00, 0x00, 0x00, 0x00, 0x00,
    0x00, 0x00, 0x00, 0x00, 0x00, 0x00, 0x41, 0x00, 0x00, 0x00, 0x00, 0x00, 0x00, 0x00, 0x00, 0x00,
    0x00, 0x00, 0x00, 0x00, 0x00, 0x00, 0x00, 0x00, 0x00, 0x00, 0x00, 0x00, 0x00, 0x00, 0x00, 0x00,
    0x00, 0x00, 0x00, 0x00, 0x00, 0x00, 0x00, 0x00, 0x00, 0x00, 0x00, 0x00, 0x00, 0x00, 0x00, 0x00,
    0x00, 0x00, 0x00, 0x00, 0x00, 0x00, 0x00, 0x00, 0x00, 0x00, 0x00, 0x00, 0x00, 0x00, 0x00, 0x00,
    0x00, 0x00, 0x00, 0x00, 0x00, 0x00, 0x00, 0x00, 0x00, 0x00, 0x00, 0x00, 0x00, 0x00, 0x00, 0x00,
    0x00, 0x00, 0x00, 0x00, 0x00, 0x00, 0x00, 0x00, 0x00, 0x00, 0xa4, 0x08, 0xe8, 0x31, 0xa3, 0x10,
    0x00, 0x00, 0x00, 0x00, 0x00, 0x00, 0x00, 0x00, 0x00, 0x00, 0x00, 0x00, 0x00, 0x00, 0x00, 0x00,
    0x00, 0x00, 0x00, 0x00, 0x00, 0x00, 0x00, 0x00, 0x00, 0x00, 0x00, 0x00, 0x00, 0x00, 0x00, 0x00,
    0x00, 0x00, 0x00, 0x00, 0x00, 0x00, 0x00, 0x00, 0x00, 0x00, 0x00, 0x00, 0x00, 0x00, 0x00, 0x00,
    0x00, 0x00, 0x00, 0x00, 0x00, 0x00, 0x00, 0x00, 0x00, 0x00, 0x00, 0x00, 0x00, 0x00, 0x00, 0x00,
    0x00, 0x00, 0x00, 0x00, 0x00, 0x00, 0x00, 0x00, 0x00, 0x00, 0x00, 0x00, 0x00, 0x00, 0x00, 0x00,
    0x00, 0x00, 0x00, 0x00, 0x00, 0x00, 0x62, 0x08, 0x25, 0x21, 0x00, 0x00, 0x00, 0x00, 0x00, 0x00,
    0x00, 0x00, 0x00, 0x00, 0x00, 0x00, 0x00, 0x00, 0x00, 0x00, 0x00, 0x00, 0x00, 0x00, 0x00, 0x00,
    0x00, 0x00, 0x00, 0x00, 0x00, 0x00, 0x00, 0x00, 0x00, 0x00, 0x00, 0x00, 0x00, 0x00, 0x00, 0x00,
    0x00, 0x00, 0x00, 0x00, 0x00, 0x00, 0x00, 0x00, 0x00, 0x00, 0x00, 0x00, 0x00, 0x00, 0x00, 0x00,
    0x00, 0x00, 0x00, 0x00, 0x00, 0x00, 0x00, 0x00, 0x00, 0x00, 0x00, 0x00, 0x00, 0x00, 0x00, 0x00,
    0x00, 0x00, 0x00, 0x00, 0x21, 0x00, 0x00, 0x00, 0x00, 0x00, 0x00, 0x00, 0x00, 0x00, 0x00, 0x00,
    0x00, 0x00, 0x00, 0x00, 0x00, 0x00, 0x00, 0x00, 0x00, 0x00, 0x00, 0x00, 0x00, 0x00, 0x00, 0x00,
    0x00, 0x00, 0x00, 0x00, 0x00, 0x00, 0x00, 0x00, 0x00, 0x00, 0x00, 0x00, 0x00, 0x00, 0x00, 0x00,
    0x00, 0x00, 0x00, 0x00, 0x00, 0x00, 0x00, 0x00, 0x00, 0x00, 0x00, 0x00, 0x00, 0x00, 0x00, 0x00,
    0x00, 0x00, 0x00, 0x00, 0x00, 0x00, 0x00, 0x00, 0x00, 0x00, 0x00, 0x00, 0x00, 0x00, 0x00, 0x00,
    0x00, 0x00, 0x00, 0x00, 0x00, 0x00, 0x41, 0x00, 0x00, 0x00, 0x00, 0x00, 0x00, 0x00, 0x83, 0x08,
    0x00, 0x00, 0x00, 0x00, 0x00, 0x00, 0x00, 0x00, 0x00, 0x00, 0x00, 0x00, 0x00, 0x00, 0x00, 0x00,
    0x00, 0x00, 0x00, 0x00, 0x00, 0x00, 0x00, 0x00, 0x00, 0x00, 0x00, 0x00, 0x00, 0x00, 0x00, 0x00,
    0x00, 0x00, 0x00, 0x00, 0x00, 0x00, 0x00, 0x00, 0x00, 0x00, 0xa3, 0x08, 0xa7, 0x29, 0x00, 0x00,
    0x00, 0x00, 0x00, 0x00, 0x00, 0x00, 0x00, 0x00, 0x00, 0x00, 0x00, 0x00, 0x00, 0x00, 0x00, 0x00,
    0x00, 0x00, 0x00, 0x00, 0x00, 0x00, 0x00, 0x00, 0x00, 0x00, 0x00, 0x00, 0x00, 0x00, 0x00, 0x00,
    0x00, 0x00, 0x00, 0x00, 0x00, 0x00, 0x00, 0x00, 0x00, 0x00, 0x00, 0x00, 0xc4, 0x10, 0x2a, 0x32,
    0x04, 0x19, 0x00, 0x00, 0x00, 0x00, 0x00, 0x00, 0x00, 0x00, 0x00, 0x00, 0x00, 0x00, 0x00, 0x00,
    0x00, 0x00, 0x00, 0x00, 0x00, 0x00, 0x00, 0x00, 0x00, 0x00, 0x00, 0x00, 0x00, 0x00, 0x00, 0x00,
    0x00, 0x00, 0x00, 0x00, 0x00, 0x00, 0x00, 0x00, 0x00, 0x00, 0x00, 0x00, 0x00, 0x00, 0x00, 0x00,
    0x00, 0x00, 0x00, 0x00, 0x00, 0x00, 0x00, 0x00, 0x00, 0x00, 0x00, 0x00, 0x00, 0x00, 0x00, 0x00,
    0x00, 0x00, 0x00, 0x00, 0x00, 0x00, 0x00, 0x00, 0x00, 0x00, 0x00, 0x00, 0x00, 0x00, 0x00, 0x00,
    0x00, 0x00, 0x00, 0x00, 0x00, 0x00, 0x00, 0x00, 0x00, 0x00, 0x00, 0x00, 0x00, 0x00, 0x00, 0x00,
    0x00, 0x00, 0x00, 0x00, 0x00, 0x00, 0x00, 0x00, 0x00, 0x00, 0x00, 0x00, 0x00, 0x00, 0x00, 0x00,
    0x00, 0x00, 0x00, 0x00, 0x00, 0x00, 0x00, 0x00, 0x00, 0x00, 0x00, 0x00, 0x00, 0x00, 0x00, 0x00,
    0x00, 0x00, 0x00, 0x00, 0x00, 0x00, 0x00, 0x00, 0x00, 0x00, 0x00, 0x00, 0x00, 0x00, 0x00, 0x00,
    0x00, 0x00, 0x00, 0x00, 0x00, 0x00, 0x00, 0x00, 0x00, 0x00, 0x00, 0x00, 0x00, 0x00, 0x00, 0x00,
    0x00, 0x00, 0x00, 0x00, 0x00, 0x00, 0x00, 0x00, 0x00, 0x00, 0x00, 0x00, 0x00, 0x00, 0x00, 0x00,
    0x00, 0x00, 0x00, 0x00, 0x00, 0x00, 0x00, 0x00, 0xa3, 0x08, 0x86, 0x29, 0x00, 0x00, 0x00, 0x00,
    0x00, 0x00, 0x00, 0x00, 0x00, 0x00, 0x00, 0x00, 0x00, 0x00, 0x00, 0x00, 0x00, 0x00, 0x00, 0x00,
    0x00, 0x00, 0x00, 0x00, 0x00, 0x00, 0x00, 0x00, 0x00, 0x00, 0x00, 0x00, 0x00, 0x00, 0x00, 0x00,
    0x00, 0x00, 0x00, 0x00, 0x00, 0x00, 0x00, 0x00, 0x00, 0x00, 0x00, 0x00, 0x00, 0x00, 0x00, 0x00,
    0x00, 0x00, 0x00, 0x00, 0x00, 0x00, 0x00, 0x00, 0xc4, 0x10, 0xe8, 0x31, 0x00, 0x00, 0x00, 0x00,
    0x00, 0x00, 0x41, 0x00, 0xc3, 0x10, 0x00, 0x00, 0x00, 0x00, 0x00, 0x00, 0x00, 0x00, 0x00, 0x00,
    0x00, 0x00, 0x00, 0x00, 0x00, 0x00, 0x00, 0x00, 0x00, 0x00, 0x00, 0x00, 0x00, 0x00, 0x00, 0x00,
    0x00, 0x00, 0x00, 0x00, 0x00, 0x00, 0x00, 0x00, 0x00, 0x00, 0x00, 0x00, 0x00, 0x00, 0x00, 0x00,
    0x00, 0x00, 0x00, 0x00, 0x00, 0x00, 0x00, 0x00, 0x00, 0x00, 0x00, 0x00, 0x00, 0x00, 0x00, 0x00,
    0x00, 0x00, 0x00, 0x00, 0x00, 0x00, 0x00, 0x00, 0x00, 0x00, 0x00, 0x00, 0x00, 0x00, 0x00, 0x00,
    0x00, 0x00, 0xc4, 0x10, 0xe8, 0x31, 0x00, 0x00, 0x00, 0x00, 0x00, 0x00, 0x00, 0x00, 0x00, 0x00,
    0x00, 0x00, 0x00, 0x00, 0x00, 0x00, 0x00, 0x00, 0x00, 0x00, 0x00, 0x00, 0x00, 0x00, 0x00, 0x00,
    0x00, 0x00, 0x00, 0x00, 0x00, 0x00, 0x00, 0x00, 0x00, 0x00, 0x00, 0x00, 0x00, 0x00, 0x00, 0x00,
    0x00, 0x00, 0x00, 0x00, 0x00, 0x00, 0x00, 0x00, 0x00, 0x00, 0x00, 0x00, 0x00, 0x00, 0x00, 0x00,
    0x00, 0x00, 0x00, 0x00, 0x00, 0x00, 0x00, 0x00, 0x00, 0x00, 0x00, 0x00, 0x00, 0x00, 0x00, 0x00,
    0x00, 0x00, 0x00, 0x00, 0x00, 0x00, 0x00, 0x00, 0x00, 0x00, 0x00, 0x00, 0x00, 0x00, 0x00, 0x00,
    0x00, 0x00, 0x00, 0x00, 0x00, 0x00, 0x00, 0x00, 0x00, 0x00, 0x00, 0x00, 0x00, 0x00, 0x00, 0x00,
    0x00, 0x00, 0x83, 0x08, 0x45, 0x21, 0x00, 0x00, 0x00, 0x00, 0x00, 0x00, 0x00, 0x00, 0x00, 0x00,
    0x00, 0x00, 0x00, 0x00, 0x00, 0x00, 0x00, 0x00, 0x00, 0x00, 0x00, 0x00, 0x00, 0x00, 0x00, 0x00,
    0x00, 0x00, 0x00, 0x00, 0x00, 0x00, 0x00, 0x00, 0x00, 0x00, 0x00, 0x00, 0x00, 0x00, 0x00, 0x00,
    0x00, 0x00, 0x00, 0x00, 0x00, 0x00, 0x00, 0x00, 0x00, 0x00, 0x00, 0x00, 0x00, 0x00, 0x00, 0x00,
    0x00, 0x00, 0x00, 0x00, 0x00, 0x00, 0x41, 0x00, 0x00, 0x00, 0x00, 0x00, 0x00, 0x00, 0x00, 0x00,
    0x00, 0x00, 0x00, 0x00, 0x00, 0x00, 0x00, 0x00, 0x00, 0x00, 0x00, 0x00, 0x00, 0x00, 0x00, 0x00,
    0x00, 0x00, 0x00, 0x00, 0x00, 0x00, 0x00, 0x00, 0x00, 0x00, 0x00, 0x00, 0x00, 0x00, 0x00, 0x00,
    0x00, 0x00, 0x00, 0x00, 0x00, 0x00, 0x00, 0x00, 0x00, 0x00, 0x00, 0x00, 0x00, 0x00, 0x00, 0x00,
    0x00, 0x00, 0x00, 0x00, 0x00, 0x00, 0x00, 0x00, 0x00, 0x00, 0x00, 0x00, 0x00, 0x00, 0x00, 0x00,
    0x00, 0x00, 0x00, 0x00, 0x00, 0x00, 0x00, 0x00, 0x00, 0x00, 0xa4, 0x08, 0xe8, 0x31, 0xa3, 0x10,
    0x00, 0x00, 0x00, 0x00, 0x00, 0x00, 0x00, 0x00, 0x00, 0x00, 0x00, 0x00, 0x00, 0x00, 0x00, 0x00,
    0x00, 0x00, 0x00, 0x00, 0x00, 0x00, 0x00, 0x00, 0x00, 0x00, 0x00, 0x00, 0x00, 0x00, 0x00, 0x00,
    0x00, 0x00, 0x00, 0x00, 0x00, 0x00, 0x00, 0x00, 0x00, 0x00, 0x00, 0x00, 0x00, 0x00, 0x00, 0x00,
    0x00, 0x00, 0x00, 0x00, 0x00, 0x00, 0x00, 0x00, 0x00, 0x00, 0x00, 0x00, 0x00, 0x00, 0x00, 0x00,
    0x00, 0x00, 0x00, 0x00, 0x00, 0x00, 0x00, 0x00, 0x00, 0x00, 0x00, 0x00, 0x00, 0x00, 0x00, 0x00,
    0x00, 0x00, 0x00, 0x00, 0x00, 0x00, 0x62, 0x08, 0x25, 0x21, 0x00, 0x00, 0x00, 0x00, 0x00, 0x00,
    0x00, 0x00, 0x00, 0x00, 0x00, 0x00, 0x00, 0x00, 0x00, 0x00, 0x00, 0x00, 0x00, 0x00, 0x00, 0x00,
    0x00, 0x00, 0x00, 0x00, 0x00, 0x00, 0x00, 0x00, 0x00, 0x00, 0x00, 0x00, 0x00, 0x00, 0x00, 0x00,
    0x00, 0x00, 0x00, 0x00, 0x00, 0x00, 0x00, 0x00, 0x00, 0x00, 0x00, 0x00, 0x00, 0x00, 0x00, 0x00,
    0x00, 0x00, 0x00, 0x00, 0x00, 0x00, 0x00, 0x00, 0x00, 0x00, 0x00, 0x00, 0x00, 0x00, 0x00, 0x00,
    0x00, 0x00, 0x00, 0x00, 0x21, 0x00, 0x00, 0x00, 0x00, 0x00, 0x00, 0x00, 0x00, 0x00, 0x00, 0x00,
    0x00, 0x00, 0x00, 0x00, 0x00, 0x00, 0x00, 0x00, 0x00, 0x00, 0x00, 0x00, 0x00, 0x00, 0x00, 0x00,
    0x00, 0x00, 0x00, 0x00, 0x00, 0x00, 0x00, 0x00, 0x00, 0x00, 0x00, 0x00, 0x00, 0x00, 0x00, 0x00,
    0x00, 0x00, 0x00, 0x00, 0x00, 0x00, 0x00, 0x00, 0x00, 0x00, 0x00, 0x00, 0x00, 0x00, 0x00, 0x00,
    0x00, 0x00, 0x00, 0x00, 0x00, 0x00, 0x00, 0x00, 0x00, 0x00, 0x00, 0x00, 0x00, 0x00, 0x00, 0x00,
    0x00, 0x00, 0x00, 0x00, 0x00, 0x00, 0x41, 0x00, 0x00, 0x00, 0x00, 0x00, 0x00, 0x00, 0x83, 0x08,
    0x00, 0x00, 0x00, 0x00, 0x00, 0x00, 0x00, 0x00, 0x00, 0x00, 0x00, 0x00, 0x00, 0x00, 0x00, 0x00,
    0x00, 0x00, 0x00, 0x00, 0x00, 0x00, 0x00, 0x00, 0x00, 0x00, 0x00, 0x00, 0x00, 0x00, 0x00, 0x00,
    0x00, 0x00, 0x00, 0x00, 0x00, 0x00, 0x00, 0x00, 0x00, 0x00, 0xa3, 0x08, 0xa7, 0x29, 0x00, 0x00,
    0x00, 0x00, 0x00, 0x00, 0x00, 0x00, 0x00, 0x00, 0x00, 0x00, 0x00, 0x00, 0x00, 0x00, 0x00, 0x00,
};

const frixos_sprite_asset_t sprite_storm = {
  .image = {
    .header.cf = LV_COLOR_FORMAT_RGB565,
    .header.w = 1920,
    .header.h = 32,
    .data_size = 122880,
    .data = sprite_storm_map,
  },
  .fps = FRIXOS_SPRITE_DEFAULT_FPS,
};
