/*
 * AUTO-GENERATED FILE - DO NOT EDIT MANUALLY
 * Master Pixel Art Edition
 */

#include "f-sprite.h"

const uint8_t sprite_fog_map[] = {
    0x00, 0x00, 0x00, 0x00, 0x00, 0x00, 0x00, 0x00, 0x00, 0x00, 0x00, 0x00, 0x00, 0x00, 0x00, 0x00,
    0x00, 0x00, 0x00, 0x00, 0x00, 0x00, 0x00, 0x00, 0x00, 0x00, 0x00, 0x00, 0x00, 0x00, 0x00, 0x00,
    0x00, 0x00, 0x00, 0x00, 0x00, 0x00, 0x00, 0x00, 0x00, 0x00, 0x00, 0x00, 0x00, 0x00, 0x00, 0x00,
    0x00, 0x00, 0x00, 0x00, 0x00, 0x00, 0x00, 0x00, 0x00, 0x00, 0x00, 0x00, 0x00, 0x00, 0x00, 0x00,
    0x00, 0x00, 0x00, 0x00, 0x00, 0x00, 0x00, 0x00, 0x00, 0x00, 0x00, 0x00, 0x00, 0x00, 0x00, 0x00,
    0x00, 0x00, 0x00, 0x00, 0x00, 0x00, 0x00, 0x00, 0x00, 0x00, 0x00, 0x00, 0x00, 0x00, 0x00, 0x00,
    0x00, 0x00, 0x00, 0x00, 0x00, 0x00, 0x00, 0x00, 0x00, 0x00, 0x00, 0x00, 0x00, 0x00, 0x00, 0x00,
    0x00, 0x00, 0x00, 0x00, 0x00, 0x00, 0x00, 0x00, 0x00, 0x00, 0x00, 0x00, 0x00, 0x00, 0x00, 0x00,
    0x00, 0x00, 0x00, 0x00, 0x00, 0x00, 0x00, 0x00, 0x00, 0x00, 0x00, 0x00, 0x00, 0x00, 0x00, 0x00,
    0x00, 0x00, 0x00, 0x00, 0x00, 0x00, 0x00, 0x00, 0x00, 0x00, 0x00, 0x00, 0x00, 0x00, 0x00, 0x00,
    0x00, 0x00, 0x00, 0x00, 0x00, 0x00, 0x00, 0x00, 0x00, 0x00, 0x00, 0x00, 0x00, 0x00, 0x00, 0x00,
    0x00, 0x00, 0x00, 0x00, 0x00, 0x00, 0x00, 0x00, 0x00, 0x00, 0x00, 0x00, 0x00, 0x00, 0x00, 0x00,
    0x00, 0x00, 0x00, 0x00, 0x00, 0x00, 0x00, 0x00, 0x00, 0x00, 0x00, 0x00, 0x00, 0x00, 0x00, 0x00,
    0x00, 0x00, 0x00, 0x00, 0x00, 0x00, 0x00, 0x00, 0x00, 0x00, 0x00, 0x00, 0x00, 0x00, 0x00, 0x00,
    0x00, 0x00, 0x00, 0x00, 0x00, 0x00, 0x00, 0x00, 0x00, 0x00, 0x00, 0x00, 0x00, 0x00, 0x00, 0x00,
    0x00, 0x00, 0x00, 0x00, 0x00, 0x00, 0x00, 0x00, 0x00, 0x00, 0x00, 0x00, 0x00, 0x00, 0x00, 0x00,
    0x00, 0x00, 0x00, 0x00, 0x00, 0x00, 0x00, 0x00, 0x00, 0x00, 0x00, 0x00, 0x00, 0x00, 0x00, 0x00,
    0x00, 0x00, 0x00, 0x00, 0x00, 0x00, 0x00, 0x00, 0x00, 0x00, 0x00, 0x00, 0x00, 0x00, 0x00, 0x00,
    0x00, 0x00, 0x00, 0x00, 0x00, 0x00, 0x00, 0x00, 0x00, 0x00, 0x00, 0x00, 0x00, 0x00, 0x00, 0x00,
    0x00, 0x00, 0x00, 0x00, 0x00, 0x00, 0x00, 0x00, 0x00, 0x00, 0x00, 0x00, 0x00, 0x00, 0x00, 0x00,
    0x00, 0x00, 0x00, 0x00, 0x00, 0x00, 0x00, 0x00, 0x00, 0x00, 0x00, 0x00, 0x00, 0x00, 0x00, 0x00,
    0x00, 0x00, 0x00, 0x00, 0x00, 0x00, 0x00, 0x00, 0x00, 0x00, 0x00, 0x00, 0x00, 0x00, 0x00, 0x00,
    0x00, 0x00, 0x00, 0x00, 0x00, 0x00, 0x00, 0x00, 0x00, 0x00, 0x00, 0x00, 0x00, 0x00, 0x00, 0x00,
    0x00, 0x00, 0x00, 0x00, 0x00, 0x00, 0x00, 0x00, 0x00, 0x00, 0x00, 0x00, 0x00, 0x00, 0x00, 0x00,
    0x00, 0x00, 0x00, 0x00, 0x00, 0x00, 0x00, 0x00, 0x00, 0x00, 0x00, 0x00, 0x00, 0x00, 0x00, 0x00,
    0x00, 0x00, 0x00, 0x00, 0x00, 0x00, 0x00, 0x00, 0x00, 0x00, 0x00, 0x00, 0x00, 0x00, 0x00, 0x00,
    0x00, 0x00, 0x00, 0x00, 0x00, 0x00, 0x00, 0x00, 0x00, 0x00, 0x00, 0x00, 0x00, 0x00, 0x00, 0x00,
    0x00, 0x00, 0x00, 0x00, 0x00, 0x00, 0x00, 0x00, 0x00, 0x00, 0x00, 0x00, 0x00, 0x00, 0x00, 0x00,
    0x00, 0x00, 0x00, 0x00, 0x00, 0x00, 0x00, 0x00, 0x00, 0x00, 0x00, 0x00, 0x00, 0x00, 0x00, 0x00,
    0x00, 0x00, 0x00, 0x00, 0x00, 0x00, 0x00, 0x00, 0x00, 0x00, 0x00, 0x00, 0x00, 0x00, 0x00, 0x00,
    0x00, 0x00, 0x00, 0x00, 0x00, 0x00, 0x00, 0x00, 0x00, 0x00, 0x00, 0x00, 0x00, 0x00, 0x00, 0x00,
    0x00, 0x00, 0x00, 0x00, 0x00, 0x00, 0x00, 0x00, 0x00, 0x00, 0x00, 0x00, 0x00, 0x00, 0x00, 0x00,
    0x00, 0x00, 0x00, 0x00, 0x00, 0x00, 0x00, 0x00, 0x00, 0x00, 0x00, 0x00, 0x00, 0x00, 0x00, 0x00,
    0x00, 0x00, 0x00, 0x00, 0x00, 0x00, 0x00, 0x00, 0x00, 0x00, 0x00, 0x00, 0x00, 0x00, 0x00, 0x00,
    0x00, 0x00, 0x00, 0x00, 0x00, 0x00, 0x00, 0x00, 0x00, 0x00, 0x00, 0x00, 0x00, 0x00, 0x00, 0x00,
    0x00, 0x00, 0x00, 0x00, 0x00, 0x00, 0x00, 0x00, 0x00, 0x00, 0x00, 0x00, 0x00, 0x00, 0x00, 0x00,
    0x00, 0x00, 0x00, 0x00, 0x00, 0x00, 0x00, 0x00, 0x00, 0x00, 0x00, 0x00, 0x00, 0x00, 0x00, 0x00,
    0x00, 0x00, 0x00, 0x00, 0x00, 0x00, 0x00, 0x00, 0x00, 0x00, 0x00, 0x00, 0x00, 0x00, 0x00, 0x00,
    0x00, 0x00, 0x00, 0x00, 0x00, 0x00, 0x00, 0x00, 0x00, 0x00, 0x00, 0x00, 0x00, 0x00, 0x00, 0x00,
    0x00, 0x00, 0x00, 0x00, 0x00, 0x00, 0x00, 0x00, 0x00, 0x00, 0x00, 0x00, 0x00, 0x00, 0x00, 0x00,
    0x00, 0x00, 0x00, 0x00, 0x00, 0x00, 0x00, 0x00, 0x00, 0x00, 0x00, 0x00, 0x00, 0x00, 0x00, 0x00,
    0x00, 0x00, 0x00, 0x00, 0x00, 0x00, 0x00, 0x00, 0x00, 0x00, 0x00, 0x00, 0x00, 0x00, 0x00, 0x00,
    0x00, 0x00, 0x00, 0x00, 0x00, 0x00, 0x00, 0x00, 0x00, 0x00, 0x00, 0x00, 0x00, 0x00, 0x00, 0x00,
    0x00, 0x00, 0x00, 0x00, 0x00, 0x00, 0x00, 0x00, 0x00, 0x00, 0x00, 0x00, 0x00, 0x00, 0x00, 0x00,
    0x00, 0x00, 0x00, 0x00, 0x00, 0x00, 0x00, 0x00, 0x00, 0x00, 0x00, 0x00, 0x00, 0x00, 0x00, 0x00,
    0x00, 0x00, 0x00, 0x00, 0x00, 0x00, 0x00, 0x00, 0x00, 0x00, 0x00, 0x00, 0x00, 0x00, 0x00, 0x00,
    0x00, 0x00, 0x00, 0x00, 0x00, 0x00, 0x00, 0x00, 0x00, 0x00, 0x00, 0x00, 0x00, 0x00, 0x00, 0x00,
    0x00, 0x00, 0x00, 0x00, 0x00, 0x00, 0x00, 0x00, 0x00, 0x00, 0x00, 0x00, 0x00, 0x00, 0x00, 0x00,
    0x00, 0x00, 0x00, 0x00, 0x00, 0x00, 0x00, 0x00, 0x00, 0x00, 0x00, 0x00, 0x00, 0x00, 0x00, 0x00,
    0x00, 0x00, 0x00, 0x00, 0x00, 0x00, 0x00, 0x00, 0x00, 0x00, 0x00, 0x00, 0x00, 0x00, 0x00, 0x00,
    0x00, 0x00, 0x00, 0x00, 0x00, 0x00, 0x00, 0x00, 0x00, 0x00, 0x00, 0x00, 0x00, 0x00, 0x00, 0x00,
    0x00, 0x00, 0x00, 0x00, 0x00, 0x00, 0x00, 0x00, 0x00, 0x00, 0x00, 0x00, 0x00, 0x00, 0x00, 0x00,
    0x00, 0x00, 0x00, 0x00, 0x00, 0x00, 0x00, 0x00, 0x00, 0x00, 0x00, 0x00, 0x00, 0x00, 0x00, 0x00,
    0x00, 0x00, 0x00, 0x00, 0x00, 0x00, 0x00, 0x00, 0x00, 0x00, 0x00, 0x00, 0x00, 0x00, 0x00, 0x00,
    0x00, 0x00, 0x00, 0x00, 0x00, 0x00, 0x00, 0x00, 0x00, 0x00, 0x00, 0x00, 0x00, 0x00, 0x00, 0x00,
    0x00, 0x00, 0x00, 0x00, 0x00, 0x00, 0x00, 0x00, 0x00, 0x00, 0x00, 0x00, 0x00, 0x00, 0x00, 0x00,
    0x00, 0x00, 0x00, 0x00, 0x00, 0x00, 0x00, 0x00, 0x00, 0x00, 0x00, 0x00, 0x00, 0x00, 0x00, 0x00,
    0x00, 0x00, 0x00, 0x00, 0x00, 0x00, 0x00, 0x00, 0x00, 0x00, 0x00, 0x00, 0x00, 0x00, 0x00, 0x00,
    0x00, 0x00, 0x00, 0x00, 0x00, 0x00, 0x00, 0x00, 0x00, 0x00, 0x00, 0x00, 0x00, 0x00, 0x00, 0x00,
    0x00, 0x00, 0x00, 0x00, 0x00, 0x00, 0x00, 0x00, 0x00, 0x00, 0x00, 0x00, 0x00, 0x00, 0x00, 0x00,
    0x00, 0x00, 0x00, 0x00, 0x00, 0x00, 0x00, 0x00, 0x00, 0x00, 0x00, 0x00, 0x00, 0x00, 0x00, 0x00,
    0x00, 0x00, 0x00, 0x00, 0x00, 0x00, 0x00, 0x00, 0x00, 0x00, 0x00, 0x00, 0x00, 0x00, 0x00, 0x00,
    0x00, 0x00, 0x00, 0x00, 0x00, 0x00, 0x00, 0x00, 0x00, 0x00, 0x00, 0x00, 0x00, 0x00, 0x00, 0x00,
    0x00, 0x00, 0x00, 0x00, 0x00, 0x00, 0x00, 0x00, 0x00, 0x00, 0x00, 0x00, 0x00, 0x00, 0x00, 0x00,
    0x00, 0x00, 0x00, 0x00, 0x00, 0x00, 0x00, 0x00, 0x00, 0x00, 0x00, 0x00, 0x00, 0x00, 0x00, 0x00,
    0x00, 0x00, 0x00, 0x00, 0x00, 0x00, 0x00, 0x00, 0x00, 0x00, 0x00, 0x00, 0x00, 0x00, 0x00, 0x00,
    0x00, 0x00, 0x00, 0x00, 0x00, 0x00, 0x00, 0x00, 0x00, 0x00, 0x00, 0x00, 0x00, 0x00, 0x00, 0x00,
    0x00, 0x00, 0x00, 0x00, 0x00, 0x00, 0x00, 0x00, 0x00, 0x00, 0x00, 0x00, 0x00, 0x00, 0x00, 0x00,
    0x00, 0x00, 0x00, 0x00, 0x00, 0x00, 0x00, 0x00, 0x00, 0x00, 0x00, 0x00, 0x00, 0x00, 0x00, 0x00,
    0x00, 0x00, 0x00, 0x00, 0x00, 0x00, 0x00, 0x00, 0x00, 0x00, 0x00, 0x00, 0x00, 0x00, 0x00, 0x00,
    0x00, 0x00, 0x00, 0x00, 0x00, 0x00, 0x00, 0x00, 0x00, 0x00, 0x00, 0x00, 0x00, 0x00, 0x00, 0x00,
    0x00, 0x00, 0x00, 0x00, 0x00, 0x00, 0x00, 0x00, 0x00, 0x00, 0x00, 0x00, 0x00, 0x00, 0x00, 0x00,
    0x00, 0x00, 0x00, 0x00, 0x00, 0x00, 0x00, 0x00, 0x00, 0x00, 0x00, 0x00, 0x00, 0x00, 0x00, 0x00,
    0x00, 0x00, 0x00, 0x00, 0x00, 0x00, 0x00, 0x00, 0x00, 0x00, 0x00, 0x00, 0x00, 0x00, 0x00, 0x00,
    0x00, 0x00, 0x00, 0x00, 0x00, 0x00, 0x00, 0x00, 0x00, 0x00, 0x00, 0x00, 0x00, 0x00, 0x00, 0x00,
    0x00, 0x00, 0x00, 0x00, 0x00, 0x00, 0x00, 0x00, 0x00, 0x00, 0x00, 0x00, 0x00, 0x00, 0x00, 0x00,
    0x00, 0x00, 0x00, 0x00, 0x00, 0x00, 0x00, 0x00, 0x00, 0x00, 0x00, 0x00, 0x00, 0x00, 0x00, 0x00,
    0x00, 0x00, 0x00, 0x00, 0x00, 0x00, 0x00, 0x00, 0x00, 0x00, 0x00, 0x00, 0x00, 0x00, 0x00, 0x00,
    0x00, 0x00, 0x00, 0x00, 0x00, 0x00, 0x00, 0x00, 0x00, 0x00, 0x00, 0x00, 0x00, 0x00, 0x00, 0x00,
    0x00, 0x00, 0x00, 0x00, 0x00, 0x00, 0x00, 0x00, 0x00, 0x00, 0x00, 0x00, 0x00, 0x00, 0x00, 0x00,
    0x00, 0x00, 0x00, 0x00, 0x00, 0x00, 0x00, 0x00, 0x00, 0x00, 0x00, 0x00, 0x00, 0x00, 0x00, 0x00,
    0x00, 0x00, 0x00, 0x00, 0x00, 0x00, 0x00, 0x00, 0x00, 0x00, 0x00, 0x00, 0x00, 0x00, 0x00, 0x00,
    0x00, 0x00, 0x00, 0x00, 0x00, 0x00, 0x00, 0x00, 0x00, 0x00, 0x00, 0x00, 0x00, 0x00, 0x00, 0x00,
    0x00, 0x00, 0x00, 0x00, 0x00, 0x00, 0x00, 0x00, 0x00, 0x00, 0x00, 0x00, 0x00, 0x00, 0x00, 0x00,
    0x00, 0x00, 0x00, 0x00, 0x00, 0x00, 0x00, 0x00, 0x00, 0x00, 0x00, 0x00, 0x00, 0x00, 0x00, 0x00,
    0x00, 0x00, 0x00, 0x00, 0x00, 0x00, 0x00, 0x00, 0x00, 0x00, 0x00, 0x00, 0x00, 0x00, 0x00, 0x00,
    0x00, 0x00, 0x00, 0x00, 0x00, 0x00, 0x00, 0x00, 0x00, 0x00, 0x00, 0x00, 0x00, 0x00, 0x00, 0x00,
    0x00, 0x00, 0x00, 0x00, 0x00, 0x00, 0x00, 0x00, 0x00, 0x00, 0x00, 0x00, 0x00, 0x00, 0x00, 0x00,
    0x00, 0x00, 0x00, 0x00, 0x00, 0x00, 0x00, 0x00, 0x00, 0x00, 0x00, 0x00, 0x00, 0x00, 0x00, 0x00,
    0x00, 0x00, 0x00, 0x00, 0x00, 0x00, 0x00, 0x00, 0x00, 0x00, 0x00, 0x00, 0x00, 0x00, 0x00, 0x00,
    0x00, 0x00, 0x00, 0x00, 0x00, 0x00, 0x00, 0x00, 0x00, 0x00, 0x00, 0x00, 0x00, 0x00, 0x00, 0x00,
    0x00, 0x00, 0x00, 0x00, 0x00, 0x00, 0x00, 0x00, 0x00, 0x00, 0x00, 0x00, 0x00, 0x00, 0x00, 0x00,
    0x00, 0x00, 0x00, 0x00, 0x00, 0x00, 0x00, 0x00, 0x00, 0x00, 0x00, 0x00, 0x00, 0x00, 0x00, 0x00,
    0x00, 0x00, 0x00, 0x00, 0x00, 0x00, 0x00, 0x00, 0x00, 0x00, 0x00, 0x00, 0x00, 0x00, 0x00, 0x00,
    0x00, 0x00, 0x00, 0x00, 0x00, 0x00, 0x00, 0x00, 0x00, 0x00, 0x00, 0x00, 0x00, 0x00, 0x00, 0x00,
    0x00, 0x00, 0x00, 0x00, 0x00, 0x00, 0x00, 0x00, 0x00, 0x00, 0x00, 0x00, 0x00, 0x00, 0x00, 0x00,
    0x00, 0x00, 0x00, 0x00, 0x00, 0x00, 0x00, 0x00, 0x00, 0x00, 0x00, 0x00, 0x00, 0x00, 0x00, 0x00,
    0x00, 0x00, 0x00, 0x00, 0x00, 0x00, 0x00, 0x00, 0x00, 0x00, 0x00, 0x00, 0x00, 0x00, 0x00, 0x00,
    0x00, 0x00, 0x00, 0x00, 0x00, 0x00, 0x00, 0x00, 0x00, 0x00, 0x00, 0x00, 0x00, 0x00, 0x00, 0x00,
    0x00, 0x00, 0x00, 0x00, 0x00, 0x00, 0x00, 0x00, 0x00, 0x00, 0x00, 0x00, 0x00, 0x00, 0x00, 0x00,
    0x00, 0x00, 0x00, 0x00, 0x00, 0x00, 0x00, 0x00, 0x00, 0x00, 0x00, 0x00, 0x00, 0x00, 0x00, 0x00,
    0x00, 0x00, 0x00, 0x00, 0x00, 0x00, 0x00, 0x00, 0x00, 0x00, 0x00, 0x00, 0x00, 0x00, 0x00, 0x00,
    0x00, 0x00, 0x00, 0x00, 0x00, 0x00, 0x00, 0x00, 0x00, 0x00, 0x00, 0x00, 0x00, 0x00, 0x00, 0x00,
    0x00, 0x00, 0x00, 0x00, 0x00, 0x00, 0x00, 0x00, 0x00, 0x00, 0x00, 0x00, 0x00, 0x00, 0x00, 0x00,
    0x00, 0x00, 0x00, 0x00, 0x00, 0x00, 0x00, 0x00, 0x00, 0x00, 0x00, 0x00, 0x00, 0x00, 0x00, 0x00,
    0x00, 0x00, 0x00, 0x00, 0x00, 0x00, 0x00, 0x00, 0x00, 0x00, 0x00, 0x00, 0x00, 0x00, 0x00, 0x00,
    0x00, 0x00, 0x00, 0x00, 0x00, 0x00, 0x00, 0x00, 0x00, 0x00, 0x00, 0x00, 0x00, 0x00, 0x00, 0x00,
    0x00, 0x00, 0x00, 0x00, 0x00, 0x00, 0x00, 0x00, 0x00, 0x00, 0x00, 0x00, 0x00, 0x00, 0x00, 0x00,
    0x00, 0x00, 0x00, 0x00, 0x00, 0x00, 0x00, 0x00, 0x00, 0x00, 0x00, 0x00, 0x00, 0x00, 0x00, 0x00,
    0x00, 0x00, 0x00, 0x00, 0x00, 0x00, 0x00, 0x00, 0x00, 0x00, 0x00, 0x00, 0x00, 0x00, 0x00, 0x00,
    0x00, 0x00, 0x00, 0x00, 0x00, 0x00, 0x00, 0x00, 0x00, 0x00, 0x00, 0x00, 0x00, 0x00, 0x00, 0x00,
    0x00, 0x00, 0x00, 0x00, 0x00, 0x00, 0x00, 0x00, 0x00, 0x00, 0x00, 0x00, 0x00, 0x00, 0x00, 0x00,
    0x00, 0x00, 0x00, 0x00, 0x00, 0x00, 0x00, 0x00, 0x00, 0x00, 0x00, 0x00, 0x00, 0x00, 0x00, 0x00,
    0x00, 0x00, 0x00, 0x00, 0x00, 0x00, 0x00, 0x00, 0x00, 0x00, 0x00, 0x00, 0x00, 0x00, 0x00, 0x00,
    0x00, 0x00, 0x00, 0x00, 0x00, 0x00, 0x00, 0x00, 0x00, 0x00, 0x00, 0x00, 0x00, 0x00, 0x00, 0x00,
    0x00, 0x00, 0x00, 0x00, 0x00, 0x00, 0x00, 0x00, 0x00, 0x00, 0x00, 0x00, 0x00, 0x00, 0x00, 0x00,
    0x00, 0x00, 0x00, 0x00, 0x00, 0x00, 0x00, 0x00, 0x00, 0x00, 0x00, 0x00, 0x00, 0x00, 0x00, 0x00,
    0x00, 0x00, 0x00, 0x00, 0x00, 0x00, 0x00, 0x00, 0x00, 0x00, 0x00, 0x00, 0x00, 0x00, 0x00, 0x00,
    0x00, 0x00, 0x00, 0x00, 0x00, 0x00, 0x00, 0x00, 0x00, 0x00, 0x00, 0x00, 0x00, 0x00, 0x00, 0x00,
    0x00, 0x00, 0x00, 0x00, 0x00, 0x00, 0x00, 0x00, 0x00, 0x00, 0x00, 0x00, 0x00, 0x00, 0x00, 0x00,
    0x00, 0x00, 0x00, 0x00, 0x00, 0x00, 0x00, 0x00, 0x00, 0x00, 0x00, 0x00, 0x21, 0x00, 0x21, 0x00,
    0x21, 0x00, 0x01, 0x00, 0x00, 0x00, 0x00, 0x00, 0x00, 0x00, 0x00, 0x00, 0x00, 0x00, 0x00, 0x00,
    0x00, 0x00, 0x00, 0x00, 0x00, 0x00, 0x00, 0x00, 0x00, 0x00, 0x00, 0x00, 0x00, 0x00, 0x00, 0x00,
    0x21, 0x00, 0x00, 0x00, 0x00, 0x00, 0x00, 0x00, 0x00, 0x00, 0x00, 0x00, 0x00, 0x00, 0x00, 0x00,
    0x00, 0x00, 0x00, 0x00, 0x00, 0x00, 0x00, 0x00, 0x00, 0x00, 0x00, 0x00, 0x21, 0x00, 0x41, 0x00,
    0x21, 0x00, 0x21, 0x00, 0x21, 0x00, 0x00, 0x00, 0x00, 0x00, 0x00, 0x00, 0x00, 0x00, 0x00, 0x00,
    0x00, 0x00, 0x00, 0x00, 0x00, 0x00, 0x00, 0x00, 0x00, 0x00, 0x00, 0x00, 0x00, 0x00, 0x21, 0x00,
    0x21, 0x00, 0x01, 0x00, 0x00, 0x00, 0x00, 0x00, 0x00, 0x00, 0x00, 0x00, 0x00, 0x00, 0x00, 0x00,
    0x00, 0x00, 0x00, 0x00, 0x00, 0x00, 0x00, 0x00, 0x00, 0x00, 0x00, 0x00, 0x21, 0x00, 0x41, 0x00,
    0x21, 0x00, 0x21, 0x00, 0x21, 0x00, 0x00, 0x00, 0x00, 0x00, 0x00, 0x00, 0x00, 0x00, 0x00, 0x00,
    0x00, 0x00, 0x00, 0x00, 0x00, 0x00, 0x00, 0x00, 0x00, 0x00, 0x00, 0x00, 0x00, 0x00, 0x21, 0x00,
    0x21, 0x00, 0x01, 0x00, 0x00, 0x00, 0x00, 0x00, 0x00, 0x00, 0x00, 0x00, 0x00, 0x00, 0x00, 0x00,
    0x00, 0x00, 0x00, 0x00, 0x00, 0x00, 0x00, 0x00, 0x00, 0x00, 0x00, 0x00, 0x00, 0x00, 0x21, 0x00,
    0x21, 0x00, 0x21, 0x00, 0x21, 0x00, 0x00, 0x00, 0x00, 0x00, 0x00, 0x00, 0x00, 0x00, 0x00, 0x00,
    0x00, 0x00, 0x00, 0x00, 0x00, 0x00, 0x00, 0x00, 0x00, 0x00, 0x00, 0x00, 0x00, 0x00, 0x00, 0x00,
    0x00, 0x00, 0x00, 0x00, 0x00, 0x00, 0x00, 0x00, 0x00, 0x00, 0x00, 0x00, 0x00, 0x00, 0x00, 0x00,
    0x00, 0x00, 0x00, 0x00, 0x00, 0x00, 0x00, 0x00, 0x00, 0x00, 0x00, 0x00, 0x00, 0x00, 0x00, 0x00,
    0x00, 0x00, 0x00, 0x00, 0x00, 0x00, 0x00, 0x00, 0x00, 0x00, 0x00, 0x00, 0x00, 0x00, 0x00, 0x00,
    0x00, 0x00, 0x00, 0x00, 0x00, 0x00, 0x00, 0x00, 0x00, 0x00, 0x00, 0x00, 0x00, 0x00, 0x00, 0x00,
    0x00, 0x00, 0x00, 0x00, 0x00, 0x00, 0x00, 0x00, 0x00, 0x00, 0x00, 0x00, 0x00, 0x00, 0x00, 0x00,
    0x00, 0x00, 0x00, 0x00, 0x00, 0x00, 0x00, 0x00, 0x00, 0x00, 0x00, 0x00, 0x00, 0x00, 0x00, 0x00,
    0x00, 0x00, 0x00, 0x00, 0x00, 0x00, 0x00, 0x00, 0x00, 0x00, 0x00, 0x00, 0x00, 0x00, 0x00, 0x00,
    0x00, 0x00, 0x00, 0x00, 0x00, 0x00, 0x00, 0x00, 0x00, 0x00, 0x00, 0x00, 0x00, 0x00, 0x00, 0x00,
    0x00, 0x00, 0x00, 0x00, 0x00, 0x00, 0x00, 0x00, 0x00, 0x00, 0x00, 0x00, 0x00, 0x00, 0x00, 0x00,
    0x00, 0x00, 0x00, 0x00, 0x00, 0x00, 0x00, 0x00, 0x00, 0x00, 0x00, 0x00, 0x00, 0x00, 0x00, 0x00,
    0x00, 0x00, 0x00, 0x00, 0x00, 0x00, 0x00, 0x00, 0x00, 0x00, 0x00, 0x00, 0x00, 0x00, 0x00, 0x00,
    0x00, 0x00, 0x00, 0x00, 0x00, 0x00, 0x00, 0x00, 0x00, 0x00, 0x00, 0x00, 0x00, 0x00, 0x00, 0x00,
    0x00, 0x00, 0x00, 0x00, 0x00, 0x00, 0x00, 0x00, 0x00, 0x00, 0x00, 0x00, 0x00, 0x00, 0x00, 0x00,
    0x00, 0x00, 0x21, 0x00, 0x21, 0x00, 0x21, 0x00, 0x00, 0x00, 0x00, 0x00, 0x00, 0x00, 0x00, 0x00,
    0x00, 0x00, 0x00, 0x00, 0x00, 0x00, 0x00, 0x00, 0x00, 0x00, 0x00, 0x00, 0x00, 0x00, 0x00, 0x00,
    0x00, 0x00, 0x00, 0x00, 0x00, 0x00, 0x00, 0x00, 0x00, 0x00, 0x00, 0x00, 0x00, 0x00, 0x00, 0x00,
    0x00, 0x00, 0x00, 0x00, 0x00, 0x00, 0x00, 0x00, 0x00, 0x00, 0x00, 0x00, 0x00, 0x00, 0x00, 0x00,
    0x00, 0x00, 0x21, 0x00, 0x42, 0x00, 0x21, 0x00, 0x21, 0x00, 0x00, 0x00, 0x00, 0x00, 0x00, 0x00,
    0x00, 0x00, 0x00, 0x00, 0x00, 0x00, 0x00, 0x00, 0x00, 0x00, 0x00, 0x00, 0x00, 0x00, 0x00, 0x00,
    0x21, 0x00, 0x21, 0x00, 0x21, 0x00, 0x21, 0x00, 0x00, 0x00, 0x00, 0x00, 0x00, 0x00, 0x00, 0x00,
    0x00, 0x00, 0x00, 0x00, 0x00, 0x00, 0x00, 0x00, 0x00, 0x00, 0x00, 0x00, 0x00, 0x00, 0x00, 0x00,
    0x00, 0x00, 0x21, 0x00, 0x42, 0x08, 0x42, 0x00, 0x21, 0x00, 0x00, 0x00, 0x00, 0x00, 0x00, 0x00,
    0x00, 0x00, 0x00, 0x00, 0x00, 0x00, 0x00, 0x00, 0x00, 0x00, 0x00, 0x00, 0x00, 0x00, 0x00, 0x00,
    0x21, 0x00, 0x21, 0x00, 0x41, 0x00, 0x21, 0x00, 0x21, 0x00, 0x00, 0x00, 0x00, 0x00, 0x00, 0x00,
    0x00, 0x00, 0x00, 0x00, 0x00, 0x00, 0x00, 0x00, 0x00, 0x00, 0x00, 0x00, 0x00, 0x00, 0x00, 0x00,
    0x00, 0x00, 0x21, 0x00, 0x42, 0x00, 0x41, 0x00, 0x21, 0x00, 0x00, 0x00, 0x00, 0x00, 0x00, 0x00,
    0x00, 0x00, 0x00, 0x00, 0x00, 0x00, 0x00, 0x00, 0x00, 0x00, 0x00, 0x00, 0x00, 0x00, 0x00, 0x00,
    0x00, 0x00, 0x01, 0x00, 0x21, 0x00, 0x21, 0x00, 0x21, 0x00, 0x00, 0x00, 0x00, 0x00, 0x00, 0x00,
    0x00, 0x00, 0x00, 0x00, 0x00, 0x00, 0x00, 0x00, 0x00, 0x00, 0x00, 0x00, 0x00, 0x00, 0x00, 0x00,
    0x00, 0x00, 0x01, 0x00, 0x21, 0x00, 0x21, 0x00, 0x21, 0x00, 0x00, 0x00, 0x00, 0x00, 0x00, 0x00,
    0x00, 0x00, 0x00, 0x00, 0x00, 0x00, 0x00, 0x00, 0x00, 0x00, 0x00, 0x00, 0x00, 0x00, 0x00, 0x00,
    0x00, 0x00, 0x00, 0x00, 0x00, 0x00, 0x00, 0x00, 0x00, 0x00, 0x00, 0x00, 0x00, 0x00, 0x00, 0x00,
    0x00, 0x00, 0x00, 0x00, 0x00, 0x00, 0x00, 0x00, 0x00, 0x00, 0x00, 0x00, 0x00, 0x00, 0x00, 0x00,
    0x00, 0x00, 0x00, 0x00, 0x00, 0x00, 0x00, 0x00, 0x00, 0x00, 0x00, 0x00, 0x00, 0x00, 0x00, 0x00,
    0x00, 0x00, 0x00, 0x00, 0x00, 0x00, 0x00, 0x00, 0x00, 0x00, 0x00, 0x00, 0x00, 0x00, 0x00, 0x00,
    0x00, 0x00, 0x00, 0x00, 0x00, 0x00, 0x00, 0x00, 0x00, 0x00, 0x00, 0x00, 0x00, 0x00, 0x00, 0x00,
    0x00, 0x00, 0x00, 0x00, 0x00, 0x00, 0x00, 0x00, 0x00, 0x00, 0x00, 0x00, 0x00, 0x00, 0x00, 0x00,
    0x00, 0x00, 0x00, 0x00, 0x00, 0x00, 0x00, 0x00, 0x00, 0x00, 0x00, 0x00, 0x00, 0x00, 0x00, 0x00,
    0x00, 0x00, 0x00, 0x00, 0x00, 0x00, 0x00, 0x00, 0x00, 0x00, 0x00, 0x00, 0x00, 0x00, 0x00, 0x00,
    0x00, 0x00, 0x00, 0x00, 0x00, 0x00, 0x00, 0x00, 0x00, 0x00, 0x00, 0x00, 0x00, 0x00, 0x00, 0x00,
    0x00, 0x00, 0x00, 0x00, 0x00, 0x00, 0x00, 0x00, 0x00, 0x00, 0x00, 0x00, 0x00, 0x00, 0x00, 0x00,
    0x00, 0x00, 0x00, 0x00, 0x00, 0x00, 0x00, 0x00, 0x00, 0x00, 0x00, 0x00, 0x00, 0x00, 0x00, 0x00,
    0x00, 0x00, 0x00, 0x00, 0x00, 0x00, 0x00, 0x00, 0x00, 0x00, 0x00, 0x00, 0x00, 0x00, 0x00, 0x00,
    0x00, 0x00, 0x00, 0x00, 0x00, 0x00, 0x00, 0x00, 0x00, 0x00, 0x00, 0x00, 0x00, 0x00, 0x00, 0x00,
    0x00, 0x00, 0x00, 0x00, 0x00, 0x00, 0x00, 0x00, 0x00, 0x00, 0x00, 0x00, 0x00, 0x00, 0x00, 0x00,
    0x00, 0x00, 0x00, 0x00, 0x00, 0x00, 0x00, 0x00, 0x00, 0x00, 0x00, 0x00, 0x00, 0x00, 0x00, 0x00,
    0x00, 0x00, 0x00, 0x00, 0x21, 0x00, 0x21, 0x00, 0x21, 0x00, 0x01, 0x00, 0x00, 0x00, 0x00, 0x00,
    0x00, 0x00, 0x00, 0x00, 0x00, 0x00, 0x00, 0x00, 0x00, 0x00, 0x00, 0x00, 0x00, 0x00, 0x00, 0x00,
    0x00, 0x00, 0x00, 0x00, 0x00, 0x00, 0x00, 0x00, 0x21, 0x00, 0x00, 0x00, 0x00, 0x00, 0x00, 0x00,
    0x00, 0x00, 0x00, 0x00, 0x00, 0x00, 0x00, 0x00, 0x00, 0x00, 0x00, 0x00, 0x00, 0x00, 0x00, 0x00,
    0x00, 0x00, 0x00, 0x00, 0x21, 0x00, 0x41, 0x00, 0x21, 0x00, 0x21, 0x00, 0x21, 0x00, 0x00, 0x00,
    0x00, 0x00, 0x00, 0x00, 0x00, 0x00, 0x00, 0x00, 0x00, 0x00, 0x00, 0x00, 0x00, 0x00, 0x00, 0x00,
    0x00, 0x00, 0x00, 0x00, 0x00, 0x00, 0x21, 0x00, 0x21, 0x00, 0x01, 0x00, 0x00, 0x00, 0x00, 0x00,
    0x00, 0x00, 0x00, 0x00, 0x00, 0x00, 0x00, 0x00, 0x00, 0x00, 0x00, 0x00, 0x00, 0x00, 0x00, 0x00,
    0x00, 0x00, 0x00, 0x00, 0x21, 0x00, 0x41, 0x00, 0x21, 0x00, 0x21, 0x00, 0x21, 0x00, 0x00, 0x00,
    0x00, 0x00, 0x00, 0x00, 0x00, 0x00, 0x00, 0x00, 0x00, 0x00, 0x00, 0x00, 0x00, 0x00, 0x00, 0x00,
    0x00, 0x00, 0x00, 0x00, 0x00, 0x00, 0x21, 0x00, 0x21, 0x00, 0x01, 0x00, 0x00, 0x00, 0x00, 0x00,
    0x00, 0x00, 0x00, 0x00, 0x00, 0x00, 0x00, 0x00, 0x00, 0x00, 0x00, 0x00, 0x00, 0x00, 0x00, 0x00,
    0x00, 0x00, 0x00, 0x00, 0x00, 0x00, 0x21, 0x00, 0x21, 0x00, 0x21, 0x00, 0x21, 0x00, 0x00, 0x00,
    0x00, 0x00, 0x00, 0x00, 0x00, 0x00, 0x00, 0x00, 0x00, 0x00, 0x00, 0x00, 0x00, 0x00, 0x00, 0x00,
    0x00, 0x00, 0x00, 0x00, 0x00, 0x00, 0x00, 0x00, 0x00, 0x00, 0x00, 0x00, 0x00, 0x00, 0x00, 0x00,
    0x00, 0x00, 0x00, 0x00, 0x00, 0x00, 0x00, 0x00, 0x00, 0x00, 0x00, 0x00, 0x00, 0x00, 0x00, 0x00,
    0x00, 0x00, 0x00, 0x00, 0x00, 0x00, 0x00, 0x00, 0x00, 0x00, 0x00, 0x00, 0x00, 0x00, 0x00, 0x00,
    0x00, 0x00, 0x00, 0x00, 0x00, 0x00, 0x00, 0x00, 0x00, 0x00, 0x00, 0x00, 0x00, 0x00, 0x00, 0x00,
    0x00, 0x00, 0x00, 0x00, 0x00, 0x00, 0x00, 0x00, 0x00, 0x00, 0x00, 0x00, 0x00, 0x00, 0x00, 0x00,
    0x00, 0x00, 0x00, 0x00, 0x00, 0x00, 0x00, 0x00, 0x00, 0x00, 0x00, 0x00, 0x00, 0x00, 0x00, 0x00,
    0x00, 0x00, 0x00, 0x00, 0x00, 0x00, 0x00, 0x00, 0x00, 0x00, 0x00, 0x00, 0x00, 0x00, 0x00, 0x00,
    0x00, 0x00, 0x00, 0x00, 0x00, 0x00, 0x00, 0x00, 0x00, 0x00, 0x00, 0x00, 0x00, 0x00, 0x00, 0x00,
    0x00, 0x00, 0x00, 0x00, 0x00, 0x00, 0x00, 0x00, 0x00, 0x00, 0x00, 0x00, 0x00, 0x00, 0x00, 0x00,
    0x00, 0x00, 0x00, 0x00, 0x00, 0x00, 0x00, 0x00, 0x00, 0x00, 0x00, 0x00, 0x00, 0x00, 0x00, 0x00,
    0x00, 0x00, 0x00, 0x00, 0x00, 0x00, 0x00, 0x00, 0x00, 0x00, 0x00, 0x00, 0x00, 0x00, 0x00, 0x00,
    0x00, 0x00, 0x00, 0x00, 0x00, 0x00, 0x00, 0x00, 0x00, 0x00, 0x00, 0x00, 0x00, 0x00, 0x00, 0x00,
    0x00, 0x00, 0x00, 0x00, 0x00, 0x00, 0x00, 0x00, 0x00, 0x00, 0x00, 0x00, 0x00, 0x00, 0x00, 0x00,
    0x00, 0x00, 0x00, 0x00, 0x00, 0x00, 0x00, 0x00, 0x21, 0x00, 0x21, 0x00, 0x21, 0x00, 0x21, 0x00,
    0x00, 0x00, 0x00, 0x00, 0x00, 0x00, 0x00, 0x00, 0x00, 0x00, 0x00, 0x00, 0x00, 0x00, 0x00, 0x00,
    0x00, 0x00, 0x00, 0x00, 0x00, 0x00, 0x00, 0x00, 0x00, 0x00, 0x00, 0x00, 0x00, 0x00, 0x00, 0x00,
    0x00, 0x00, 0x00, 0x00, 0x00, 0x00, 0x00, 0x00, 0x00, 0x00, 0x00, 0x00, 0x00, 0x00, 0x00, 0x00,
    0x00, 0x00, 0x00, 0x00, 0x00, 0x00, 0x00, 0x00, 0x21, 0x00, 0x21, 0x00, 0x42, 0x00, 0x21, 0x00,
    0x21, 0x00, 0x00, 0x00, 0x00, 0x00, 0x00, 0x00, 0x00, 0x00, 0x00, 0x00, 0x00, 0x00, 0x00, 0x00,
    0x00, 0x00, 0x00, 0x00, 0x00, 0x00, 0x00, 0x00, 0x21, 0x00, 0x21, 0x00, 0x21, 0x00, 0x21, 0x00,
    0x00, 0x00, 0x00, 0x00, 0x00, 0x00, 0x00, 0x00, 0x00, 0x00, 0x00, 0x00, 0x00, 0x00, 0x00, 0x00,
    0x00, 0x00, 0x00, 0x00, 0x00, 0x00, 0x00, 0x00, 0x21, 0x00, 0x21, 0x00, 0x42, 0x08, 0x42, 0x00,
    0x21, 0x00, 0x00, 0x00, 0x00, 0x00, 0x00, 0x00, 0x00, 0x00, 0x00, 0x00, 0x00, 0x00, 0x00, 0x00,
    0x00, 0x00, 0x00, 0x00, 0x00, 0x00, 0x00, 0x00, 0x21, 0x00, 0x21, 0x00, 0x41, 0x00, 0x21, 0x00,
    0x21, 0x00, 0x00, 0x00, 0x00, 0x00, 0x00, 0x00, 0x00, 0x00, 0x00, 0x00, 0x00, 0x00, 0x00, 0x00,
    0x00, 0x00, 0x00, 0x00, 0x00, 0x00, 0x00, 0x00, 0x21, 0x00, 0x21, 0x00, 0x42, 0x00, 0x41, 0x00,
    0x21, 0x00, 0x00, 0x00, 0x00, 0x00, 0x00, 0x00, 0x00, 0x00, 0x00, 0x00, 0x00, 0x00, 0x00, 0x00,
    0x00, 0x00, 0x00, 0x00, 0x00, 0x00, 0x00, 0x00, 0x00, 0x00, 0x01, 0x00, 0x21, 0x00, 0x21, 0x00,
    0x21, 0x00, 0x00, 0x00, 0x00, 0x00, 0x00, 0x00, 0x00, 0x00, 0x00, 0x00, 0x00, 0x00, 0x00, 0x00,
    0x00, 0x00, 0x00, 0x00, 0x00, 0x00, 0x00, 0x00, 0x00, 0x00, 0x01, 0x00, 0x21, 0x00, 0x21, 0x00,
    0x21, 0x00, 0x00, 0x00, 0x00, 0x00, 0x00, 0x00, 0x00, 0x00, 0x00, 0x00, 0x00, 0x00, 0x00, 0x00,
    0x00, 0x00, 0x00, 0x00, 0x00, 0x00, 0x00, 0x00, 0x00, 0x00, 0x00, 0x00, 0x00, 0x00, 0x00, 0x00,
    0x00, 0x00, 0x00, 0x00, 0x00, 0x00, 0x00, 0x00, 0x00, 0x00, 0x00, 0x00, 0x00, 0x00, 0x00, 0x00,
    0x00, 0x00, 0x00, 0x00, 0x00, 0x00, 0x00, 0x00, 0x00, 0x00, 0x00, 0x00, 0x00, 0x00, 0x00, 0x00,
    0x00, 0x00, 0x00, 0x00, 0x00, 0x00, 0x00, 0x00, 0x00, 0x00, 0x00, 0x00, 0x00, 0x00, 0x00, 0x00,
    0x00, 0x00, 0x00, 0x00, 0x00, 0x00, 0x00, 0x00, 0x00, 0x00, 0x00, 0x00, 0x00, 0x00, 0x00, 0x00,
    0x00, 0x00, 0x00, 0x00, 0x00, 0x00, 0x00, 0x00, 0x00, 0x00, 0x00, 0x00, 0x00, 0x00, 0x00, 0x00,
    0x00, 0x00, 0x00, 0x00, 0x00, 0x00, 0x00, 0x00, 0x00, 0x00, 0x00, 0x00, 0x00, 0x00, 0x00, 0x00,
    0x00, 0x00, 0x00, 0x00, 0x00, 0x00, 0x00, 0x00, 0x00, 0x00, 0x00, 0x00, 0x00, 0x00, 0x00, 0x00,
    0x00, 0x00, 0x00, 0x00, 0x00, 0x00, 0x00, 0x00, 0x00, 0x00, 0x00, 0x00, 0x00, 0x00, 0x00, 0x00,
    0x00, 0x00, 0x00, 0x00, 0x00, 0x00, 0x00, 0x00, 0x00, 0x00, 0x00, 0x00, 0x00, 0x00, 0x00, 0x00,
    0x00, 0x00, 0x00, 0x00, 0x00, 0x00, 0x00, 0x00, 0x00, 0x00, 0x00, 0x00, 0x00, 0x00, 0x00, 0x00,
    0x00, 0x00, 0x00, 0x00, 0x00, 0x00, 0x00, 0x00, 0x00, 0x00, 0x00, 0x00, 0x00, 0x00, 0x00, 0x00,
    0x00, 0x00, 0x00, 0x00, 0x00, 0x00, 0x00, 0x00, 0x00, 0x00, 0x00, 0x00, 0x00, 0x00, 0x00, 0x00,
    0x00, 0x00, 0x00, 0x00, 0x00, 0x00, 0x00, 0x00, 0x00, 0x00, 0x00, 0x00, 0x00, 0x00, 0x00, 0x00,
    0x00, 0x00, 0x00, 0x00, 0x00, 0x00, 0x00, 0x00, 0x41, 0x00, 0x62, 0x08, 0xa3, 0x10, 0xc4, 0x18,
    0xc4, 0x10, 0xa3, 0x10, 0x62, 0x08, 0x41, 0x00, 0x00, 0x00, 0x00, 0x00, 0x00, 0x00, 0x00, 0x00,
    0x00, 0x00, 0x00, 0x00, 0x00, 0x00, 0x00, 0x00, 0x00, 0x00, 0x21, 0x00, 0x42, 0x00, 0x62, 0x08,
    0x62, 0x08, 0x62, 0x08, 0x41, 0x00, 0x21, 0x00, 0x00, 0x00, 0x00, 0x00, 0x00, 0x00, 0x00, 0x00,
    0x00, 0x00, 0x00, 0x00, 0x00, 0x00, 0x00, 0x00, 0x21, 0x00, 0x62, 0x08, 0xc3, 0x10, 0xe4, 0x18,
    0xe4, 0x18, 0xc4, 0x10, 0x83, 0x08, 0x42, 0x08, 0x00, 0x00, 0x00, 0x00, 0x00, 0x00, 0x00, 0x00,
    0x00, 0x00, 0x00, 0x00, 0x00, 0x00, 0x00, 0x00, 0x00, 0x00, 0x21, 0x00, 0x42, 0x08, 0x82, 0x08,
    0x82, 0x08, 0x62, 0x08, 0x42, 0x00, 0x42, 0x00, 0x00, 0x00, 0x00, 0x00, 0x00, 0x00, 0x00, 0x00,
    0x00, 0x00, 0x00, 0x00, 0x00, 0x00, 0x00, 0x00, 0x21, 0x00, 0x62, 0x08, 0xa3, 0x10, 0xe4, 0x18,
    0xe4, 0x18, 0xc4, 0x18, 0xa3, 0x10, 0x62, 0x08, 0x21, 0x00, 0x00, 0x00, 0x00, 0x00, 0x00, 0x00,
    0x00, 0x00, 0x00, 0x00, 0x00, 0x00, 0x00, 0x00, 0x00, 0x00, 0x21, 0x00, 0x42, 0x00, 0x82, 0x08,
    0x82, 0x08, 0x62, 0x08, 0x42, 0x08, 0x42, 0x00, 0x00, 0x00, 0x00, 0x00, 0x00, 0x00, 0x00, 0x00,
    0x00, 0x00, 0x00, 0x00, 0x00, 0x00, 0x00, 0x00, 0x00, 0x00, 0x41, 0x00, 0x82, 0x08, 0xc4, 0x10,
    0xc4, 0x10, 0xc3, 0x10, 0x83, 0x08, 0x62, 0x08, 0x21, 0x00, 0x00, 0x00, 0x00, 0x00, 0x00, 0x00,
    0x00, 0x00, 0x00, 0x00, 0x00, 0x00, 0x00, 0x00, 0x00, 0x00, 0x21, 0x00, 0x21, 0x00, 0x62, 0x08,
    0x62, 0x08, 0x62, 0x08, 0x42, 0x00, 0x42, 0x00, 0x21, 0x00, 0x00, 0x00, 0x00, 0x00, 0x00, 0x00,
    0x00, 0x00, 0x00, 0x00, 0x00, 0x00, 0x00, 0x00, 0x00, 0x00, 0x21, 0x00, 0x41, 0x00, 0x62, 0x08,
    0x82, 0x08, 0x62, 0x08, 0x42, 0x08, 0x42, 0x08, 0x21, 0x00, 0x00, 0x00, 0x00, 0x00, 0x00, 0x00,
    0x00, 0x00, 0x00, 0x00, 0x00, 0x00, 0x00, 0x00, 0x00, 0x00, 0x00, 0x00, 0x21, 0x00, 0x42, 0x00,
    0x42, 0x00, 0x41, 0x00, 0x21, 0x00, 0x41, 0x00, 0x21, 0x00, 0x00, 0x00, 0x00, 0x00, 0x00, 0x00,
    0x00, 0x00, 0x00, 0x00, 0x00, 0x00, 0x00, 0x00, 0x00, 0x00, 0x21, 0x00, 0x01, 0x00, 0x21, 0x00,
    0x21, 0x00, 0x21, 0x00, 0x21, 0x00, 0x21, 0x00, 0x21, 0x00, 0x00, 0x00, 0x00, 0x00, 0x00, 0x00,
    0x00, 0x00, 0x00, 0x00, 0x00, 0x00, 0x00, 0x00, 0x00, 0x00, 0x00, 0x00, 0x00, 0x00, 0x00, 0x00,
    0x00, 0x00, 0x00, 0x00, 0x00, 0x00, 0x00, 0x00, 0x00, 0x00, 0x00, 0x00, 0x00, 0x00, 0x00, 0x00,
    0x00, 0x00, 0x21, 0x00, 0x42, 0x00, 0x42, 0x08, 0x21, 0x00, 0x21, 0x00, 0x00, 0x00, 0x00, 0x00,
    0x00, 0x00, 0x00, 0x00, 0x00, 0x00, 0x00, 0x00, 0x00, 0x00, 0x00, 0x00, 0x01, 0x00, 0x41, 0x00,
    0x41, 0x00, 0x21, 0x00, 0x21, 0x00, 0x41, 0x00, 0x21, 0x00, 0x00, 0x00, 0x00, 0x00, 0x00, 0x00,
    0x00, 0x00, 0x00, 0x00, 0x00, 0x00, 0x00, 0x00, 0x00, 0x00, 0x00, 0x00, 0x00, 0x00, 0x00, 0x00,
    0x00, 0x00, 0x42, 0x00, 0xa3, 0x10, 0xa3, 0x10, 0x62, 0x08, 0x21, 0x00, 0x00, 0x00, 0x00, 0x00,
    0x00, 0x00, 0x00, 0x00, 0x00, 0x00, 0x00, 0x00, 0x00, 0x00, 0x00, 0x00, 0x21, 0x00, 0x42, 0x08,
    0x62, 0x08, 0x62, 0x08, 0x62, 0x08, 0x62, 0x08, 0x42, 0x00, 0x21, 0x00, 0x00, 0x00, 0x00, 0x00,
    0x00, 0x00, 0x00, 0x00, 0x00, 0x00, 0x00, 0x00, 0x00, 0x00, 0x00, 0x00, 0x00, 0x00, 0x00, 0x00,
    0x00, 0x00, 0x42, 0x08, 0xe4, 0x18, 0xe4, 0x18, 0xa3, 0x10, 0x41, 0x00, 0x00, 0x00, 0x00, 0x00,
    0x00, 0x00, 0x00, 0x00, 0x00, 0x00, 0x00, 0x00, 0x00, 0x00, 0x00, 0x00, 0x01, 0x00, 0x62, 0x08,
    0x83, 0x08, 0x83, 0x10, 0x83, 0x08, 0x83, 0x10, 0x62, 0x08, 0x21, 0x00, 0x00, 0x00, 0x00, 0x00,
    0x00, 0x00, 0x00, 0x00, 0x00, 0x00, 0x00, 0x00, 0x00, 0x00, 0x00, 0x00, 0x00, 0x00, 0x00, 0x00,
    0x00, 0x00, 0x42, 0x08, 0x05, 0x19, 0x05, 0x19, 0xc4, 0x10, 0x62, 0x08, 0x00, 0x00, 0x00, 0x00,
    0x00, 0x00, 0x00, 0x00, 0x00, 0x00, 0x00, 0x00, 0x00, 0x00, 0x00, 0x00, 0x00, 0x00, 0x62, 0x08,
    0x83, 0x08, 0xa3, 0x10, 0x83, 0x10, 0xa3, 0x10, 0x82, 0x08, 0x41, 0x00, 0x00, 0x00, 0x00, 0x00,
    0x00, 0x00, 0x00, 0x00, 0x00, 0x00, 0x00, 0x00, 0x00, 0x00, 0x00, 0x00, 0x00, 0x00, 0x00, 0x00,
    0x00, 0x00, 0x42, 0x08, 0xe4, 0x18, 0x05, 0x19, 0xc4, 0x10, 0x62, 0x08, 0x21, 0x00, 0x00, 0x00,
    0x00, 0x00, 0x00, 0x00, 0x00, 0x00, 0x00, 0x00, 0x00, 0x00, 0x00, 0x00, 0x00, 0x00, 0x42, 0x00,
    0x62, 0x08, 0x83, 0x08, 0x83, 0x08, 0xa3, 0x10, 0x82, 0x08, 0x42, 0x00, 0x01, 0x00, 0x00, 0x00,
    0x00, 0x00, 0x00, 0x00, 0x00, 0x00, 0x00, 0x00, 0x00, 0x00, 0x00, 0x00, 0x00, 0x00, 0x00, 0x00,
    0x00, 0x00, 0x41, 0x00, 0xc3, 0x10, 0xc4, 0x10, 0xa3, 0x10, 0x62, 0x08, 0x21, 0x00, 0x00, 0x00,
    0x00, 0x00, 0x00, 0x00, 0x00, 0x00, 0x00, 0x00, 0x00, 0x00, 0x00, 0x00, 0x00, 0x00, 0x21, 0x00,
    0x42, 0x00, 0x62, 0x08, 0x62, 0x08, 0x82, 0x08, 0x62, 0x08, 0x41, 0x00, 0x01, 0x00, 0x00, 0x00,
    0x00, 0x00, 0x00, 0x00, 0x00, 0x00, 0x00, 0x00, 0x00, 0x00, 0x00, 0x00, 0x00, 0x00, 0x00, 0x00,
    0x00, 0x00, 0x21, 0x00, 0x42, 0x00, 0x62, 0x08, 0x42, 0x08, 0x41, 0x00, 0x21, 0x00, 0x00, 0x00,
    0x00, 0x00, 0x00, 0x00, 0x00, 0x00, 0x00, 0x00, 0x00, 0x00, 0x00, 0x00, 0x00, 0x00, 0x00, 0x00,
    0x21, 0x00, 0x21, 0x00, 0x21, 0x00, 0x42, 0x00, 0x21, 0x00, 0x21, 0x00, 0x01, 0x00, 0x00, 0x00,
    0x00, 0x00, 0x00, 0x00, 0x00, 0x00, 0x00, 0x00, 0x00, 0x00, 0x00, 0x00, 0x00, 0x00, 0x00, 0x00,
    0x00, 0x00, 0x00, 0x00, 0x00, 0x00, 0x00, 0x00, 0x00, 0x00, 0x00, 0x00, 0x00, 0x00, 0x21, 0x00,
    0x21, 0x00, 0x21, 0x00, 0x21, 0x00, 0x21, 0x00, 0x21, 0x00, 0x21, 0x00, 0x01, 0x00, 0x00, 0x00,
    0x00, 0x00, 0x00, 0x00, 0x00, 0x00, 0x00, 0x00, 0x00, 0x00, 0x00, 0x00, 0x00, 0x00, 0x00, 0x00,
    0x00, 0x00, 0x00, 0x00, 0x00, 0x00, 0x00, 0x00, 0x00, 0x00, 0x00, 0x00, 0x00, 0x00, 0x00, 0x00,
    0x00, 0x00, 0x00, 0x00, 0x00, 0x00, 0x00, 0x00, 0x00, 0x00, 0x00, 0x00, 0x00, 0x00, 0x00, 0x00,
    0x21, 0x00, 0x42, 0x08, 0x62, 0x08, 0x83, 0x08, 0x82, 0x08, 0x62, 0x08, 0x21, 0x00, 0x21, 0x00,
    0x00, 0x00, 0x00, 0x00, 0x00, 0x00, 0x00, 0x00, 0x00, 0x00, 0x00, 0x00, 0x00, 0x00, 0x00, 0x00,
    0x00, 0x00, 0x21, 0x00, 0x21, 0x00, 0x42, 0x00, 0x42, 0x00, 0x21, 0x00, 0x00, 0x00, 0x00, 0x00,
    0x00, 0x00, 0x00, 0x00, 0x00, 0x00, 0x00, 0x00, 0x00, 0x00, 0x00, 0x00, 0x00, 0x00, 0x00, 0x00,
    0x41, 0x00, 0x62, 0x08, 0xa3, 0x10, 0xc4, 0x18, 0xc4, 0x10, 0xa3, 0x10, 0x62, 0x08, 0x41, 0x00,
    0x00, 0x00, 0x00, 0x00, 0x00, 0x00, 0x00, 0x00, 0x00, 0x00, 0x00, 0x00, 0x00, 0x00, 0x00, 0x00,
    0x00, 0x00, 0x21, 0x00, 0x42, 0x00, 0x62, 0x08, 0x62, 0x08, 0x62, 0x08, 0x01, 0x00, 0x00, 0x00,
    0x00, 0x00, 0x00, 0x00, 0x00, 0x00, 0x00, 0x00, 0x00, 0x00, 0x00, 0x00, 0x00, 0x00, 0x00, 0x00,
    0x21, 0x00, 0x62, 0x08, 0xc3, 0x10, 0xe4, 0x18, 0xe4, 0x18, 0xc4, 0x10, 0x83, 0x08, 0x42, 0x08,
    0x00, 0x00, 0x00, 0x00, 0x00, 0x00, 0x00, 0x00, 0x00, 0x00, 0x00, 0x00, 0x00, 0x00, 0x00, 0x00,
    0x00, 0x00, 0x21, 0x00, 0x42, 0x08, 0x82, 0x08, 0x82, 0x08, 0x62, 0x08, 0x21, 0x00, 0x00, 0x00,
    0x00, 0x00, 0x00, 0x00, 0x00, 0x00, 0x00, 0x00, 0x00, 0x00, 0x00, 0x00, 0x00, 0x00, 0x00, 0x00,
    0x21, 0x00, 0x62, 0x08, 0xa3, 0x10, 0xe4, 0x18, 0xe4, 0x18, 0xc4, 0x18, 0xa3, 0x10, 0x62, 0x08,
    0x21, 0x00, 0x00, 0x00, 0x00, 0x00, 0x00, 0x00, 0x00, 0x00, 0x00, 0x00, 0x00, 0x00, 0x00, 0x00,
    0x00, 0x00, 0x21, 0x00, 0x42, 0x00, 0x82, 0x08, 0x82, 0x08, 0x62, 0x08, 0x21, 0x00, 0x00, 0x00,
    0x00, 0x00, 0x00, 0x00, 0x00, 0x00, 0x00, 0x00, 0x00, 0x00, 0x00, 0x00, 0x00, 0x00, 0x00, 0x00,
    0x00, 0x00, 0x41, 0x00, 0x62, 0x08, 0xc4, 0x10, 0xc4, 0x10, 0xc3, 0x10, 0x83, 0x08, 0x62, 0x08,
    0x21, 0x00, 0x00, 0x00, 0x00, 0x00, 0x00, 0x00, 0x00, 0x00, 0x00, 0x00, 0x00, 0x00, 0x00, 0x00,
    0x00, 0x00, 0x21, 0x00, 0x21, 0x00, 0x62, 0x08, 0x62, 0x08, 0x62, 0x08, 0x21, 0x00, 0x00, 0x00,
    0x00, 0x00, 0x00, 0x00, 0x00, 0x00, 0x00, 0x00, 0x00, 0x00, 0x00, 0x00, 0x00, 0x00, 0x00, 0x00,
    0x00, 0x00, 0x21, 0x00, 0x41, 0x00, 0x62, 0x08, 0x82, 0x08, 0x62, 0x08, 0x62, 0x08, 0x42, 0x08,
    0x21, 0x00, 0x00, 0x00, 0x00, 0x00, 0x00, 0x00, 0x00, 0x00, 0x00, 0x00, 0x00, 0x00, 0x00, 0x00,
    0x00, 0x00, 0x00, 0x00, 0x21, 0x00, 0x42, 0x00, 0x42, 0x00, 0x41, 0x00, 0x00, 0x00, 0x00, 0x00,
    0x00, 0x00, 0x00, 0x00, 0x00, 0x00, 0x00, 0x00, 0x00, 0x00, 0x00, 0x00, 0x00, 0x00, 0x00, 0x00,
    0x00, 0x00, 0x21, 0x00, 0x01, 0x00, 0x21, 0x00, 0x21, 0x00, 0x21, 0x00, 0x21, 0x00, 0x21, 0x00,
    0x21, 0x00, 0x00, 0x00, 0x00, 0x00, 0x00, 0x00, 0x00, 0x00, 0x00, 0x00, 0x00, 0x00, 0x00, 0x00,
    0x00, 0x00, 0x00, 0x00, 0x00, 0x00, 0x00, 0x00, 0x00, 0x00, 0x00, 0x00, 0x00, 0x00, 0x00, 0x00,
    0x00, 0x00, 0x00, 0x00, 0x21, 0x00, 0x42, 0x08, 0x62, 0x08, 0x42, 0x08, 0x42, 0x00, 0x42, 0x08,
    0x21, 0x00, 0x21, 0x00, 0x00, 0x00, 0x00, 0x00, 0x00, 0x00, 0x00, 0x00, 0x00, 0x00, 0x00, 0x00,
    0x00, 0x00, 0x00, 0x00, 0x01, 0x00, 0x41, 0x00, 0x41, 0x00, 0x21, 0x00, 0x21, 0x00, 0x41, 0x00,
    0x21, 0x00, 0x00, 0x00, 0x00, 0x00, 0x00, 0x00, 0x00, 0x00, 0x00, 0x00, 0x00, 0x00, 0x00, 0x00,
    0x00, 0x00, 0x00, 0x00, 0x21, 0x00, 0x83, 0x08, 0xa3, 0x10, 0xc4, 0x10, 0xa3, 0x10, 0xa3, 0x10,
    0x62, 0x08, 0x21, 0x00, 0x00, 0x00, 0x00, 0x00, 0x00, 0x00, 0x00, 0x00, 0x00, 0x00, 0x00, 0x00,
    0x00, 0x00, 0x00, 0x00, 0x21, 0x00, 0x42, 0x08, 0x62, 0x08, 0x62, 0x08, 0x62, 0x08, 0x62, 0x08,
    0x42, 0x00, 0x21, 0x00, 0x00, 0x00, 0x00, 0x00, 0x00, 0x00, 0x00, 0x00, 0x00, 0x00, 0x00, 0x00,
    0x00, 0x00, 0x00, 0x00, 0x21, 0x00, 0xa3, 0x10, 0xe4, 0x18, 0x04, 0x19, 0xe4, 0x18, 0xe4, 0x18,
    0xa3, 0x10, 0x42, 0x00, 0x00, 0x00, 0x00, 0x00, 0x00, 0x00, 0x00, 0x00, 0x00, 0x00, 0x00, 0x00,
    0x00, 0x00, 0x00, 0x00, 0x01, 0x00, 0x62, 0x08, 0x83, 0x08, 0x83, 0x10, 0x83, 0x08, 0x83, 0x10,
    0x62, 0x08, 0x21, 0x00, 0x00, 0x00, 0x00, 0x00, 0x00, 0x00, 0x00, 0x00, 0x00, 0x00, 0x00, 0x00,
    0x00, 0x00, 0x00, 0x00, 0x21, 0x00, 0x83, 0x08, 0xe4, 0x18, 0x05, 0x19, 0x05, 0x19, 0x05, 0x19,
    0xc4, 0x10, 0x62, 0x08, 0x01, 0x00, 0x00, 0x00, 0x00, 0x00, 0x00, 0x00, 0x00, 0x00, 0x00, 0x00,
    0x00, 0x00, 0x00, 0x00, 0x00, 0x00, 0x42, 0x08, 0x83, 0x08, 0xa3, 0x10, 0x83, 0x10, 0xa3, 0x10,
    0x82, 0x08, 0x41, 0x00, 0x00, 0x00, 0x00, 0x00, 0x00, 0x00, 0x00, 0x00, 0x00, 0x00, 0x00, 0x00,
    0x00, 0x00, 0x00, 0x00, 0x00, 0x00, 0x62, 0x08, 0xc3, 0x10, 0xe4, 0x18, 0xe4, 0x18, 0x05, 0x19,
    0xc4, 0x10, 0x62, 0x08, 0x21, 0x00, 0x00, 0x00, 0x00, 0x00, 0x00, 0x00, 0x00, 0x00, 0x00, 0x00,
    0x00, 0x00, 0x00, 0x00, 0x00, 0x00, 0x42, 0x00, 0x62, 0x08, 0x83, 0x08, 0x83, 0x08, 0xa3, 0x10,
    0x82, 0x08, 0x42, 0x00, 0x01, 0x00, 0x00, 0x00, 0x00, 0x00, 0x00, 0x00, 0x00, 0x00, 0x00, 0x00,
    0x00, 0x00, 0x00, 0x00, 0x00, 0x00, 0x42, 0x00, 0x62, 0x08, 0xa3, 0x10, 0xa3, 0x10, 0xc4, 0x10,
    0xa3, 0x10, 0x62, 0x08, 0x21, 0x00, 0x00, 0x00, 0x00, 0x00, 0x00, 0x00, 0x00, 0x00, 0x00, 0x00,
    0x00, 0x00, 0x00, 0x00, 0x00, 0x00, 0x21, 0x00, 0x42, 0x00, 0x62, 0x08, 0x62, 0x08, 0x82, 0x08,
    0x62, 0x08, 0x41, 0x00, 0x01, 0x00, 0x00, 0x00, 0x00, 0x00, 0x00, 0x00, 0x00, 0x00, 0x00, 0x00,
    0x00, 0x00, 0x00, 0x00, 0x00, 0x00, 0x21, 0x00, 0x41, 0x00, 0x42, 0x00, 0x42, 0x00, 0x62, 0x08,
    0x42, 0x08, 0x41, 0x00, 0x21, 0x00, 0x00, 0x00, 0x00, 0x00, 0x00, 0x00, 0x00, 0x00, 0x00, 0x00,
    0x00, 0x00, 0x00, 0x00, 0x00, 0x00, 0x00, 0x00, 0x21, 0x00, 0x21, 0x00, 0x21, 0x00, 0x42, 0x00,
    0x21, 0x00, 0x21, 0x00, 0x01, 0x00, 0x00, 0x00, 0x00, 0x00, 0x00, 0x00, 0x00, 0x00, 0x00, 0x00,
    0x00, 0x00, 0x00, 0x00, 0x21, 0x00, 0x21, 0x00, 0x00, 0x00, 0x00, 0x00, 0x00, 0x00, 0x00, 0x00,
    0x00, 0x00, 0x00, 0x00, 0x00, 0x00, 0x21, 0x00, 0x21, 0x00, 0x21, 0x00, 0x21, 0x00, 0x21, 0x00,
    0x21, 0x00, 0x21, 0x00, 0x01, 0x00, 0x00, 0x00, 0x00, 0x00, 0x00, 0x00, 0x00, 0x00, 0x00, 0x00,
    0x00, 0x00, 0x00, 0x00, 0x00, 0x00, 0x00, 0x00, 0x00, 0x00, 0x00, 0x00, 0x00, 0x00, 0x00, 0x00,
    0x00, 0x00, 0x21, 0x00, 0x41, 0x00, 0x21, 0x00, 0x00, 0x00, 0x00, 0x00, 0x00, 0x00, 0x00, 0x00,
    0x00, 0x00, 0x00, 0x00, 0x00, 0x00, 0x00, 0x00, 0x21, 0x00, 0x42, 0x00, 0x62, 0x08, 0x83, 0x08,
    0x82, 0x08, 0x62, 0x08, 0x21, 0x00, 0x21, 0x00, 0x00, 0x00, 0x00, 0x00, 0x00, 0x00, 0x00, 0x00,
    0x00, 0x00, 0x00, 0x00, 0x00, 0x00, 0x00, 0x00, 0x00, 0x00, 0x21, 0x00, 0x00, 0x00, 0x00, 0x00,
    0x00, 0x00, 0x00, 0x00, 0x00, 0x00, 0x42, 0x00, 0xe4, 0x18, 0x66, 0x29, 0x87, 0x29, 0x66, 0x29,
    0x87, 0x29, 0x66, 0x29, 0x25, 0x21, 0xa3, 0x10, 0x42, 0x08, 0x00, 0x00, 0x00, 0x00, 0x00, 0x00,
    0x00, 0x00, 0x00, 0x00, 0x00, 0x00, 0x21, 0x00, 0x62, 0x08, 0xa3, 0x10, 0xc3, 0x10, 0xa3, 0x10,
    0xc4, 0x10, 0xc4, 0x10, 0xa3, 0x10, 0x62, 0x08, 0x42, 0x00, 0x00, 0x00, 0x00, 0x00, 0x00, 0x00,
    0x00, 0x00, 0x00, 0x00, 0x00, 0x00, 0x21, 0x00, 0xc4, 0x10, 0x66, 0x29, 0x87, 0x31, 0x66, 0x29,
    0x66, 0x29, 0x66, 0x29, 0x46, 0x29, 0xe4, 0x18, 0x62, 0x08, 0x00, 0x00, 0x00, 0x00, 0x00, 0x00,
    0x00, 0x00, 0x00, 0x00, 0x00, 0x00, 0x00, 0x00, 0x62, 0x08, 0xa3, 0x10, 0xc4, 0x10, 0xa3, 0x10,
    0xc3, 0x10, 0xc3, 0x10, 0xc3, 0x10, 0x83, 0x08, 0x42, 0x08, 0x00, 0x00, 0x00, 0x00, 0x00, 0x00,
    0x00, 0x00, 0x00, 0x00, 0x00, 0x00, 0x21, 0x00, 0xa3, 0x10, 0x46, 0x21, 0x87, 0x31, 0x66, 0x29,
    0x66, 0x29, 0x66, 0x29, 0x66, 0x29, 0x05, 0x19, 0x83, 0x08, 0x21, 0x00, 0x00, 0x00, 0x00, 0x00,
    0x00, 0x00, 0x00, 0x00, 0x00, 0x00, 0x00, 0x00, 0x42, 0x00, 0x83, 0x10, 0xc3, 0x10, 0xa3, 0x10,
    0xc3, 0x10, 0xa3, 0x10, 0xc3, 0x10, 0xa3, 0x10, 0x62, 0x08, 0x00, 0x00, 0x00, 0x00, 0x00, 0x00,
    0x00, 0x00, 0x00, 0x00, 0x00, 0x00, 0x01, 0x00, 0x82, 0x08, 0x04, 0x19, 0x66, 0x29, 0x87, 0x29,
    0x87, 0x29, 0x66, 0x29, 0x66, 0x29, 0x05, 0x19, 0xa3, 0x10, 0x41, 0x00, 0x00, 0x00, 0x00, 0x00,
    0x00, 0x00, 0x00, 0x00, 0x00, 0x00, 0x00, 0x00, 0x41, 0x00, 0x62, 0x08, 0xa3, 0x10, 0xa3, 0x10,
    0xc4, 0x10, 0xc4, 0x10, 0xc3, 0x10, 0xa3, 0x10, 0x82, 0x08, 0x21, 0x00, 0x00, 0x00, 0x00, 0x00,
    0x00, 0x00, 0x00, 0x00, 0x00, 0x00, 0x21, 0x00, 0x62, 0x08, 0xc3, 0x10, 0x05, 0x19, 0x25, 0x21,
    0x66, 0x29, 0x46, 0x21, 0x25, 0x21, 0xe4, 0x18, 0xa3, 0x10, 0x62, 0x08, 0x21, 0x00, 0x00, 0x00,
    0x00, 0x00, 0x00, 0x00, 0x00, 0x00, 0x01, 0x00, 0x41, 0x00, 0x62, 0x08, 0x62, 0x08, 0x83, 0x08,
    0xa3, 0x10, 0xa3, 0x10, 0xa3, 0x10, 0x82, 0x08, 0x62, 0x08, 0x21, 0x00, 0x00, 0x00, 0x00, 0x00,
    0x00, 0x00, 0x21, 0x00, 0x42, 0x00, 0x62, 0x08, 0x83, 0x10, 0x83, 0x10, 0xa3, 0x10, 0xa3, 0x10,
    0xc3, 0x10, 0xa3, 0x10, 0xa3, 0x10, 0x83, 0x08, 0x83, 0x08, 0x62, 0x08, 0x62, 0x08, 0x42, 0x00,
    0x42, 0x08, 0x42, 0x00, 0x41, 0x00, 0x21, 0x00, 0x42, 0x08, 0x42, 0x08, 0x42, 0x00, 0x42, 0x00,
    0x62, 0x08, 0x62, 0x08, 0x42, 0x08, 0x42, 0x00, 0x62, 0x08, 0x21, 0x00, 0x00, 0x00, 0x00, 0x00,
    0x00, 0x00, 0x42, 0x00, 0xa3, 0x10, 0x04, 0x19, 0xe4, 0x18, 0xa3, 0x10, 0x62, 0x08, 0x21, 0x00,
    0x41, 0x00, 0x21, 0x00, 0x21, 0x00, 0x21, 0x00, 0x42, 0x08, 0x62, 0x08, 0x83, 0x08, 0xa3, 0x10,
    0xc4, 0x10, 0xc3, 0x10, 0xa3, 0x10, 0x83, 0x08, 0x83, 0x08, 0x62, 0x08, 0x21, 0x00, 0x21, 0x00,
    0x21, 0x00, 0x00, 0x00, 0x00, 0x00, 0x01, 0x00, 0x21, 0x00, 0x21, 0x00, 0x00, 0x00, 0x00, 0x00,
    0x00, 0x00, 0x62, 0x08, 0x05, 0x19, 0x87, 0x29, 0x46, 0x21, 0xc3, 0x10, 0x42, 0x00, 0x01, 0x00,
    0x00, 0x00, 0x00, 0x00, 0x00, 0x00, 0x00, 0x00, 0x21, 0x00, 0x42, 0x08, 0x83, 0x10, 0xe4, 0x18,
    0x05, 0x21, 0x05, 0x19, 0xe4, 0x18, 0xc4, 0x18, 0xc3, 0x10, 0x62, 0x08, 0x21, 0x00, 0x00, 0x00,
    0x00, 0x00, 0x00, 0x00, 0x00, 0x00, 0x00, 0x00, 0x00, 0x00, 0x21, 0x00, 0x00, 0x00, 0x00, 0x00,
    0x00, 0x00, 0x62, 0x08, 0x05, 0x19, 0xa7, 0x31, 0xa7, 0x31, 0x05, 0x19, 0x62, 0x08, 0x00, 0x00,
    0x00, 0x00, 0x00, 0x00, 0x00, 0x00, 0x00, 0x00, 0x00, 0x00, 0x21, 0x00, 0x83, 0x08, 0xe4, 0x18,
    0x25, 0x21, 0x05, 0x19, 0xe4, 0x18, 0xe4, 0x18, 0xe4, 0x18, 0xa3, 0x10, 0x41, 0x00, 0x00, 0x00,
    0x00, 0x00, 0x00, 0x00, 0x00, 0x00, 0x00, 0x00, 0x00, 0x00, 0x00, 0x00, 0x00, 0x00, 0x00, 0x00,
    0x00, 0x00, 0x62, 0x08, 0xe4, 0x18, 0xa7, 0x31, 0xc8, 0x31, 0x45, 0x21, 0x82, 0x08, 0x01, 0x00,
    0x00, 0x00, 0x00, 0x00, 0x00, 0x00, 0x00, 0x00, 0x00, 0x00, 0x21, 0x00, 0x62, 0x08, 0xe4, 0x18,
    0x25, 0x21, 0x05, 0x19, 0xe4, 0x18, 0xe4, 0x18, 0x04, 0x19, 0xc3, 0x10, 0x42, 0x08, 0x00, 0x00,
    0x00, 0x00, 0x00, 0x00, 0x00, 0x00, 0x00, 0x00, 0x00, 0x00, 0x00, 0x00, 0x00, 0x00, 0x00, 0x00,
    0x00, 0x00, 0x62, 0x08, 0x04, 0x19, 0xa7, 0x31, 0xc8, 0x31, 0x66, 0x29, 0xa3, 0x10, 0x21, 0x00,
    0x00, 0x00, 0x00, 0x00, 0x00, 0x00, 0x00, 0x00, 0x00, 0x00, 0x00, 0x00, 0x42, 0x00, 0xa3, 0x10,
    0x25, 0x21, 0x25, 0x21, 0x04, 0x19, 0xe4, 0x18, 0x04, 0x19, 0xc4, 0x10, 0x62, 0x08, 0x21, 0x00,
    0x00, 0x00, 0x00, 0x00, 0x00, 0x00, 0x00, 0x00, 0x00, 0x00, 0x00, 0x00, 0x00, 0x00, 0x00, 0x00,
    0x00, 0x00, 0x62, 0x08, 0x05, 0x19, 0xa7, 0x31, 0xa7, 0x31, 0x46, 0x21, 0xc4, 0x10, 0x42, 0x00,
    0x21, 0x00, 0x00, 0x00, 0x00, 0x00, 0x00, 0x00, 0x00, 0x00, 0x21, 0x00, 0x42, 0x00, 0x83, 0x08,
    0xe4, 0x18, 0x05, 0x19, 0x05, 0x19, 0xe4, 0x18, 0xe4, 0x18, 0xc3, 0x10, 0x62, 0x08, 0x21, 0x00,
    0x00, 0x00, 0x00, 0x00, 0x00, 0x00, 0x00, 0x00, 0x00, 0x00, 0x00, 0x00, 0x00, 0x00, 0x00, 0x00,
    0x00, 0x00, 0x42, 0x00, 0xa3, 0x10, 0x25, 0x21, 0x25, 0x21, 0xe4, 0x18, 0xa3, 0x10, 0x62, 0x08,
    0x62, 0x08, 0x42, 0x00, 0x21, 0x00, 0x21, 0x00, 0x41, 0x00, 0x42, 0x00, 0x42, 0x08, 0x62, 0x08,
    0xa3, 0x10, 0xa3, 0x10, 0xa3, 0x10, 0xa3, 0x10, 0xa3, 0x10, 0x83, 0x08, 0x62, 0x08, 0x41, 0x00,
    0x41, 0x00, 0x21, 0x00, 0x21, 0x00, 0x00, 0x00, 0x21, 0x00, 0x00, 0x00, 0x00, 0x00, 0x00, 0x00,
    0x00, 0x00, 0x21, 0x00, 0x42, 0x00, 0x62, 0x08, 0x82, 0x08, 0x82, 0x08, 0x82, 0x08, 0x83, 0x08,
    0xa3, 0x10, 0xa3, 0x10, 0xa3, 0x10, 0xa3, 0x10, 0xa3, 0x10, 0xa3, 0x10, 0x82, 0x08, 0x62, 0x08,
    0x62, 0x08, 0x42, 0x08, 0x42, 0x00, 0x21, 0x00, 0x42, 0x00, 0x42, 0x00, 0x42, 0x00, 0x41, 0x00,
    0x62, 0x08, 0x62, 0x08, 0x42, 0x08, 0x42, 0x00, 0x62, 0x08, 0x41, 0x00, 0x00, 0x00, 0x00, 0x00,
    0x00, 0x00, 0x00, 0x00, 0x00, 0x00, 0x00, 0x00, 0x00, 0x00, 0x21, 0x00, 0x41, 0x00, 0x62, 0x08,
    0xe4, 0x18, 0x25, 0x21, 0x46, 0x21, 0x46, 0x21, 0x46, 0x29, 0x25, 0x21, 0xc4, 0x18, 0x82, 0x08,
    0x42, 0x08, 0x21, 0x00, 0x00, 0x00, 0x00, 0x00, 0x00, 0x00, 0x00, 0x00, 0x21, 0x00, 0x21, 0x00,
    0x62, 0x08, 0x83, 0x08, 0xa3, 0x10, 0xa3, 0x10, 0xa3, 0x10, 0x62, 0x08, 0x21, 0x00, 0x00, 0x00,
    0x00, 0x00, 0x00, 0x00, 0x00, 0x00, 0x00, 0x00, 0x00, 0x00, 0x00, 0x00, 0x00, 0x00, 0x42, 0x00,
    0xe4, 0x18, 0x66, 0x29, 0x87, 0x29, 0x86, 0x29, 0x87, 0x29, 0x66, 0x29, 0x25, 0x21, 0xa3, 0x10,
    0x42, 0x08, 0x00, 0x00, 0x00, 0x00, 0x00, 0x00, 0x00, 0x00, 0x00, 0x00, 0x00, 0x00, 0x21, 0x00,
    0x62, 0x08, 0xa3, 0x10, 0xc3, 0x10, 0xa3, 0x10, 0xc4, 0x10, 0x82, 0x08, 0x21, 0x00, 0x00, 0x00,
    0x00, 0x00, 0x00, 0x00, 0x00, 0x00, 0x00, 0x00, 0x00, 0x00, 0x00, 0x00, 0x00, 0x00, 0x21, 0x00,
    0xc4, 0x10, 0x66, 0x29, 0x87, 0x31, 0x66, 0x29, 0x66, 0x29, 0x66, 0x29, 0x46, 0x29, 0xe4, 0x18,
    0x62, 0x08, 0x00, 0x00, 0x00, 0x00, 0x00, 0x00, 0x00, 0x00, 0x00, 0x00, 0x00, 0x00, 0x00, 0x00,
    0x62, 0x08, 0xa3, 0x10, 0xc4, 0x10, 0xa3, 0x10, 0xc3, 0x10, 0x62, 0x08, 0x21, 0x00, 0x00, 0x00,
    0x00, 0x00, 0x00, 0x00, 0x00, 0x00, 0x00, 0x00, 0x00, 0x00, 0x00, 0x00, 0x00, 0x00, 0x01, 0x00,
    0x83, 0x10, 0x25, 0x21, 0x87, 0x31, 0x66, 0x29, 0x66, 0x29, 0x66, 0x29, 0x66, 0x29, 0x05, 0x19,
    0x83, 0x10, 0x21, 0x00, 0x00, 0x00, 0x00, 0x00, 0x00, 0x00, 0x00, 0x00, 0x00, 0x00, 0x00, 0x00,
    0x42, 0x00, 0x83, 0x08, 0xc3, 0x10, 0xa3, 0x10, 0xc3, 0x10, 0x62, 0x08, 0x21, 0x00, 0x00, 0x00,
    0x00, 0x00, 0x00, 0x00, 0x00, 0x00, 0x00, 0x00, 0x00, 0x00, 0x00, 0x00, 0x00, 0x00, 0x01, 0x00,
    0x62, 0x08, 0xe4, 0x18, 0x66, 0x29, 0x87, 0x29, 0x87, 0x29, 0x86, 0x29, 0x66, 0x29, 0x05, 0x19,
    0xa3, 0x10, 0x42, 0x00, 0x00, 0x00, 0x00, 0x00, 0x00, 0x00, 0x00, 0x00, 0x00, 0x00, 0x00, 0x00,
    0x41, 0x00, 0x62, 0x08, 0xa3, 0x10, 0xa3, 0x10, 0xc4, 0x10, 0x82, 0x08, 0x21, 0x00, 0x00, 0x00,
    0x00, 0x00, 0x21, 0x00, 0x21, 0x00, 0x01, 0x00, 0x00, 0x00, 0x00, 0x00, 0x21, 0x00, 0x21, 0x00,
    0x62, 0x08, 0xa3, 0x10, 0x04, 0x19, 0x25, 0x21, 0x66, 0x29, 0x46, 0x21, 0x25, 0x21, 0xe4, 0x18,
    0xa3, 0x10, 0x62, 0x08, 0x21, 0x00, 0x00, 0x00, 0x00, 0x00, 0x00, 0x00, 0x00, 0x00, 0x01, 0x00,
    0x41, 0x00, 0x42, 0x08, 0x62, 0x08, 0x83, 0x08, 0xa3, 0x10, 0x62, 0x08, 0x21, 0x00, 0x00, 0x00,
    0x00, 0x00, 0x21, 0x00, 0x42, 0x00, 0x62, 0x08, 0x82, 0x08, 0x62, 0x08, 0x62, 0x08, 0x62, 0x08,
    0x83, 0x10, 0x83, 0x10, 0xa3, 0x10, 0xa3, 0x10, 0xc3, 0x10, 0xa3, 0x10, 0xa3, 0x10, 0x83, 0x08,
    0x83, 0x08, 0x62, 0x08, 0x62, 0x08, 0x42, 0x00, 0x42, 0x08, 0x42, 0x00, 0x41, 0x00, 0x21, 0x00,
    0x42, 0x08, 0x42, 0x08, 0x42, 0x00, 0x42, 0x00, 0x62, 0x08, 0x41, 0x00, 0x00, 0x00, 0x00, 0x00,
    0x00, 0x00, 0x21, 0x00, 0x82, 0x08, 0x04, 0x19, 0x45, 0x21, 0x45, 0x21, 0x25, 0x21, 0x04, 0x19,
    0xe4, 0x18, 0xa3, 0x10, 0x62, 0x08, 0x41, 0x00, 0x41, 0x00, 0x21, 0x00, 0x21, 0x00, 0x21, 0x00,
    0x42, 0x08, 0x62, 0x08, 0x83, 0x08, 0xa3, 0x10, 0xc4, 0x10, 0xc3, 0x10, 0xa3, 0x10, 0x83, 0x08,
    0x83, 0x08, 0x62, 0x08, 0x41, 0x00, 0x21, 0x00, 0x21, 0x00, 0x00, 0x00, 0x00, 0x00, 0x00, 0x00,
    0x00, 0x00, 0x21, 0x00, 0x83, 0x10, 0x66, 0x29, 0xc7, 0x31, 0xc8, 0x31, 0xa7, 0x31, 0x87, 0x29,
    0x46, 0x21, 0xc4, 0x10, 0x42, 0x08, 0x01, 0x00, 0x00, 0x00, 0x00, 0x00, 0x00, 0x00, 0x00, 0x00,
    0x21, 0x00, 0x42, 0x00, 0x83, 0x10, 0xc4, 0x18, 0x05, 0x21, 0x05, 0x19, 0x04, 0x19, 0xe4, 0x18,
    0xc4, 0x10, 0x82, 0x08, 0x21, 0x00, 0x00, 0x00, 0x00, 0x00, 0x00, 0x00, 0x00, 0x00, 0x00, 0x00,
    0x00, 0x00, 0x00, 0x00, 0x83, 0x08, 0x86, 0x29, 0xc8, 0x39, 0xc7, 0x31, 0xa7, 0x31, 0xa7, 0x31,
    0xa7, 0x31, 0x05, 0x19, 0x62, 0x08, 0x00, 0x00, 0x00, 0x00, 0x00, 0x00, 0x00, 0x00, 0x00, 0x00,
    0x00, 0x00, 0x21, 0x00, 0x83, 0x08, 0xe4, 0x18, 0x25, 0x21, 0x05, 0x19, 0xe4, 0x18, 0xe4, 0x18,
    0xe4, 0x18, 0xa3, 0x10, 0x42, 0x00, 0x00, 0x00, 0x00, 0x00, 0x00, 0x00, 0x00, 0x00, 0x00, 0x00,
    0x00, 0x00, 0x00, 0x00, 0x62, 0x08, 0x66, 0x29, 0xc8, 0x39, 0xa7, 0x31, 0x87, 0x29, 0xa7, 0x31,
    0xc8, 0x31, 0x46, 0x21, 0x83, 0x08, 0x01, 0x00, 0x00, 0x00, 0x00, 0x00, 0x00, 0x00, 0x00, 0x00,
    0x00, 0x00, 0x00, 0x00, 0x62, 0x08, 0xe4, 0x18, 0x25, 0x21, 0x05, 0x19, 0xe4, 0x18, 0xe4, 0x18,
    0x04, 0x19, 0xc3, 0x10, 0x42, 0x08, 0x00, 0x00, 0x00, 0x00, 0x00, 0x00, 0x00, 0x00, 0x00, 0x00,
    0x00, 0x00, 0x00, 0x00, 0x42, 0x08, 0x25, 0x21, 0xc8, 0x31, 0xc8, 0x31, 0xa7, 0x31, 0xa7, 0x31,
    0xc8, 0x31, 0x66, 0x29, 0xa3, 0x10, 0x21, 0x00, 0x00, 0x00, 0x00, 0x00, 0x00, 0x00, 0x00, 0x00,
    0x00, 0x00, 0x00, 0x00, 0x42, 0x00, 0xa3, 0x10, 0x25, 0x21, 0x25, 0x21, 0x04, 0x19, 0xe4, 0x18,
    0x04, 0x19, 0xc4, 0x10, 0x62, 0x08, 0x21, 0x00, 0x00, 0x00, 0x00, 0x00, 0x00, 0x00, 0x00, 0x00,
    0x00, 0x00, 0x00, 0x00, 0x42, 0x00, 0xe4, 0x18, 0x66, 0x29, 0xa7, 0x31, 0xc7, 0x31, 0xa7, 0x31,
    0xa7, 0x31, 0x46, 0x21, 0xc4, 0x10, 0x42, 0x08, 0x21, 0x00, 0x00, 0x00, 0x00, 0x00, 0x00, 0x00,
    0x00, 0x00, 0x21, 0x00, 0x42, 0x00, 0x83, 0x08, 0xe4, 0x18, 0x05, 0x19, 0x05, 0x19, 0xe4, 0x18,
    0xe4, 0x18, 0xc3, 0x10, 0x62, 0x08, 0x21, 0x00, 0x00, 0x00, 0x00, 0x00, 0x00, 0x00, 0x00, 0x00,
    0x00, 0x00, 0x00, 0x00, 0x42, 0x00, 0xa3, 0x10, 0xe4, 0x18, 0x25, 0x21, 0x25, 0x21, 0x25, 0x21,
    0x25, 0x21, 0xe4, 0x18, 0xa3, 0x10, 0x82, 0x08, 0x62, 0x08, 0x42, 0x00, 0x21, 0x00, 0x21, 0x00,
    0x41, 0x00, 0x42, 0x00, 0x42, 0x08, 0x62, 0x08, 0xa3, 0x10, 0xa3, 0x10, 0xa3, 0x10, 0xa3, 0x10,
    0xa3, 0x10, 0x83, 0x08, 0x62, 0x08, 0x41, 0x00, 0x42, 0x00, 0x00, 0x00, 0x00, 0x00, 0x00, 0x00,
    0x00, 0x00, 0x21, 0x00, 0x62, 0x08, 0x83, 0x08, 0x83, 0x10, 0x82, 0x08, 0x62, 0x08, 0x62, 0x08,
    0x82, 0x08, 0x82, 0x08, 0x82, 0x08, 0x83, 0x08, 0xa3, 0x10, 0xa3, 0x10, 0xa3, 0x10, 0xa3, 0x10,
    0xa3, 0x10, 0xa3, 0x10, 0x83, 0x08, 0x62, 0x08, 0x62, 0x08, 0x42, 0x08, 0x42, 0x00, 0x21, 0x00,
    0x42, 0x00, 0x42, 0x00, 0x42, 0x00, 0x41, 0x00, 0x62, 0x08, 0x41, 0x00, 0x00, 0x00, 0x00, 0x00,
    0x00, 0x00, 0x42, 0x00, 0xa3, 0x10, 0xa3, 0x10, 0x62, 0x08, 0x21, 0x00, 0x00, 0x00, 0x00, 0x00,
    0x00, 0x00, 0x21, 0x00, 0x41, 0x00, 0x62, 0x08, 0xc4, 0x18, 0x25, 0x21, 0x46, 0x21, 0x46, 0x21,
    0x46, 0x29, 0x25, 0x21, 0xc4, 0x18, 0x82, 0x08, 0x42, 0x08, 0x21, 0x00, 0x00, 0x00, 0x00, 0x00,
    0x00, 0x00, 0x00, 0x00, 0x21, 0x00, 0x21, 0x00, 0x62, 0x08, 0x42, 0x08, 0x21, 0x00, 0x00, 0x00,
    0x00, 0x00, 0x00, 0x00, 0x42, 0x00, 0xe4, 0x18, 0xa7, 0x31, 0xe8, 0x39, 0xa7, 0x31, 0x46, 0x29,
    0x46, 0x21, 0x86, 0x29, 0xa7, 0x31, 0x46, 0x29, 0xc4, 0x10, 0x62, 0x08, 0x21, 0x00, 0x00, 0x00,
    0x00, 0x00, 0x21, 0x00, 0x41, 0x00, 0x62, 0x08, 0xc4, 0x10, 0x04, 0x19, 0xe4, 0x18, 0xa3, 0x10,
    0xa3, 0x10, 0xc4, 0x10, 0xe4, 0x18, 0xc4, 0x18, 0x62, 0x08, 0x21, 0x00, 0x00, 0x00, 0x00, 0x00,
    0x00, 0x00, 0x00, 0x00, 0x21, 0x00, 0xa3, 0x10, 0x87, 0x29, 0xe8, 0x39, 0x87, 0x29, 0x05, 0x21,
    0xe4, 0x18, 0x25, 0x21, 0x86, 0x29, 0x86, 0x29, 0xe4, 0x18, 0x62, 0x08, 0x21, 0x00, 0x00, 0x00,
    0x00, 0x00, 0x00, 0x00, 0x21, 0x00, 0x42, 0x08, 0xa3, 0x10, 0x04, 0x19, 0xc4, 0x10, 0x83, 0x08,
    0x62, 0x08, 0xa3, 0x10, 0xc4, 0x10, 0xe4, 0x18, 0x83, 0x08, 0x41, 0x00, 0x00, 0x00, 0x00, 0x00,
    0x00, 0x00, 0x00, 0x00, 0x21, 0x00, 0x82, 0x08, 0x66, 0x29, 0x08, 0x3a, 0xa7, 0x31, 0x25, 0x21,
    0xe4, 0x18, 0x25, 0x21, 0x66, 0x29, 0x87, 0x29, 0x05, 0x21, 0x83, 0x08, 0x21, 0x00, 0x00, 0x00,
    0x00, 0x00, 0x00, 0x00, 0x00, 0x00, 0x41, 0x00, 0x83, 0x10, 0x04, 0x19, 0xe4, 0x18, 0xa3, 0x10,
    0x62, 0x08, 0x83, 0x10, 0xa3, 0x10, 0xe4, 0x18, 0xa3, 0x10, 0x42, 0x00, 0x00, 0x00, 0x00, 0x00,
    0x00, 0x00, 0x00, 0x00, 0x21, 0x00, 0x82, 0x08, 0x25, 0x21, 0xe8, 0x39, 0xe8, 0x39, 0x87, 0x29,
    0x46, 0x21, 0x66, 0x29, 0x87, 0x29, 0x87, 0x31, 0x25, 0x21, 0xc3, 0x10, 0x42, 0x00, 0x21, 0x00,
    0x00, 0x00, 0x00, 0x00, 0x21, 0x00, 0x41, 0x00, 0x82, 0x08, 0xe4, 0x18, 0xe4, 0x18, 0xc4, 0x10,
    0xa3, 0x10, 0xa3, 0x10, 0xc4, 0x10, 0xe4, 0x18, 0xa3, 0x10, 0x42, 0x08, 0x00, 0x00, 0x00, 0x00,
    0x00, 0x00, 0x00, 0x00, 0x42, 0x00, 0xa3, 0x10, 0x25, 0x21, 0xa7, 0x31, 0xc8, 0x39, 0xc8, 0x39,
    0xc7, 0x31, 0xc8, 0x31, 0xa7, 0x31, 0x87, 0x29, 0x45, 0x21, 0xe4, 0x18, 0xa3, 0x10, 0x62, 0x08,
    0x41, 0x00, 0x42, 0x00, 0x42, 0x00, 0x62, 0x08, 0x83, 0x08, 0xc4, 0x10, 0xe4, 0x18, 0xe4, 0x18,
    0xc4, 0x18, 0xe4, 0x18, 0xe4, 0x18, 0xe4, 0x18, 0xa3, 0x10, 0x62, 0x08, 0x00, 0x00, 0x00, 0x00,
    0x00, 0x00, 0x42, 0x00, 0xa3, 0x10, 0x05, 0x21, 0x46, 0x21, 0x66, 0x29, 0x86, 0x29, 0x66, 0x29,
    0x66, 0x29, 0x86, 0x29, 0x66, 0x29, 0x46, 0x21, 0x25, 0x21, 0x05, 0x21, 0xe4, 0x18, 0xc4, 0x18,
    0xa3, 0x10, 0xc4, 0x10, 0xa3, 0x10, 0xa3, 0x10, 0xa3, 0x10, 0xc3, 0x10, 0xc3, 0x10, 0xa3, 0x10,
    0xa3, 0x10, 0xc4, 0x10, 0xc3, 0x10, 0xa3, 0x10, 0x83, 0x08, 0x62, 0x08, 0x21, 0x00, 0x00, 0x00,
    0x00, 0x00, 0x62, 0x08, 0x05, 0x19, 0xa7, 0x31, 0xa7, 0x31, 0x86, 0x29, 0x25, 0x21, 0xe4, 0x18,
    0xa3, 0x10, 0xa3, 0x10, 0xa3, 0x10, 0xa3, 0x10, 0xc4, 0x10, 0x05, 0x21, 0x25, 0x21, 0x25, 0x21,
    0x25, 0x21, 0x45, 0x21, 0x25, 0x21, 0x05, 0x19, 0xe4, 0x18, 0xc4, 0x10, 0xa3, 0x10, 0x62, 0x08,
    0x42, 0x08, 0x62, 0x08, 0x62, 0x08, 0x62, 0x08, 0x62, 0x08, 0x62, 0x08, 0x21, 0x00, 0x00, 0x00,
    0x00, 0x00, 0x62, 0x08, 0x04, 0x19, 0xa7, 0x31, 0xe8, 0x39, 0xa7, 0x31, 0x05, 0x19, 0x82, 0x08,
    0x21, 0x00, 0x41, 0x00, 0x21, 0x00, 0x41, 0x00, 0x62, 0x08, 0xe4, 0x18, 0x45, 0x21, 0x66, 0x29,
    0x25, 0x21, 0x25, 0x21, 0x05, 0x19, 0x05, 0x19, 0x05, 0x19, 0xe4, 0x18, 0x83, 0x10, 0x42, 0x00,
    0x21, 0x00, 0x21, 0x00, 0x00, 0x00, 0x21, 0x00, 0x21, 0x00, 0x42, 0x00, 0x21, 0x00, 0x00, 0x00,
    0x00, 0x00, 0x42, 0x00, 0xa3, 0x10, 0x46, 0x29, 0xe8, 0x39, 0xe8, 0x39, 0x25, 0x21, 0x62, 0x08,
    0x01, 0x00, 0x00, 0x00, 0x00, 0x00, 0x00, 0x00, 0x21, 0x00, 0xa3, 0x10, 0x25, 0x21, 0x66, 0x29,
    0x05, 0x21, 0xe4, 0x18, 0xc4, 0x10, 0xc4, 0x18, 0xe4, 0x18, 0x05, 0x19, 0xa3, 0x10, 0x42, 0x00,
    0x00, 0x00, 0x00, 0x00, 0x00, 0x00, 0x00, 0x00, 0x00, 0x00, 0x41, 0x00, 0x21, 0x00, 0x00, 0x00,
    0x00, 0x00, 0x42, 0x00, 0x83, 0x10, 0x25, 0x21, 0xc8, 0x31, 0x09, 0x3a, 0x46, 0x29, 0x82, 0x08,
    0x01, 0x00, 0x00, 0x00, 0x00, 0x00, 0x00, 0x00, 0x01, 0x00, 0x82, 0x08, 0x05, 0x19, 0x66, 0x29,
    0x25, 0x21, 0xc4, 0x18, 0xa3, 0x10, 0xa3, 0x10, 0xe4, 0x18, 0x05, 0x21, 0xc4, 0x10, 0x42, 0x00,
    0x00, 0x00, 0x00, 0x00, 0x00, 0x00, 0x00, 0x00, 0x00, 0x00, 0x21, 0x00, 0x21, 0x00, 0x00, 0x00,
    0x00, 0x00, 0x42, 0x08, 0xa3, 0x10, 0x25, 0x21, 0xc8, 0x31, 0x09, 0x42, 0x87, 0x29, 0xa3, 0x10,
    0x21, 0x00, 0x00, 0x00, 0x00, 0x00, 0x00, 0x00, 0x01, 0x00, 0x62, 0x08, 0xe4, 0x18, 0x46, 0x29,
    0x46, 0x21, 0x05, 0x19, 0xc4, 0x10, 0xc4, 0x10, 0xe4, 0x18, 0x05, 0x21, 0xe4, 0x18, 0x62, 0x08,
    0x21, 0x00, 0x00, 0x00, 0x00, 0x00, 0x00, 0x00, 0x00, 0x00, 0x21, 0x00, 0x21, 0x00, 0x00, 0x00,
    0x00, 0x00, 0x62, 0x08, 0x04, 0x19, 0x87, 0x31, 0xe8, 0x39, 0x09, 0x3a, 0xa7, 0x31, 0x05, 0x19,
    0x82, 0x08, 0x42, 0x08, 0x21, 0x00, 0x21, 0x00, 0x21, 0x00, 0x83, 0x08, 0xe4, 0x18, 0x25, 0x21,
    0x46, 0x29, 0x46, 0x29, 0x25, 0x21, 0x05, 0x19, 0x05, 0x19, 0x25, 0x21, 0xe4, 0x18, 0x83, 0x10,
    0x42, 0x00, 0x41, 0x00, 0x21, 0x00, 0x00, 0x00, 0x01, 0x00, 0x21, 0x00, 0x00, 0x00, 0x00, 0x00,
    0x00, 0x00, 0x62, 0x08, 0x05, 0x19, 0xa7, 0x31, 0xe8, 0x39, 0xe8, 0x39, 0xa7, 0x31, 0x46, 0x21,
    0x04, 0x19, 0xe4, 0x18, 0xa3, 0x10, 0xa3, 0x10, 0xa3, 0x10, 0xc4, 0x18, 0xe4, 0x18, 0x05, 0x19,
    0x25, 0x21, 0x46, 0x21, 0x45, 0x21, 0x25, 0x21, 0x05, 0x19, 0x05, 0x19, 0xe4, 0x18, 0xa3, 0x10,
    0x82, 0x08, 0x82, 0x08, 0x62, 0x08, 0x42, 0x08, 0x42, 0x00, 0x42, 0x00, 0x21, 0x00, 0x00, 0x00,
    0x00, 0x00, 0x42, 0x00, 0xa3, 0x10, 0x05, 0x19, 0x25, 0x21, 0x46, 0x29, 0x66, 0x29, 0x66, 0x29,
    0x66, 0x29, 0x87, 0x29, 0x87, 0x29, 0x66, 0x29, 0x46, 0x29, 0x46, 0x29, 0x25, 0x21, 0x05, 0x19,
    0xe4, 0x18, 0xe4, 0x18, 0xc4, 0x10, 0xa3, 0x10, 0xa3, 0x10, 0xc3, 0x10, 0xa3, 0x10, 0xa3, 0x10,
    0xa3, 0x10, 0xc4, 0x10, 0xc3, 0x10, 0xa3, 0x10, 0x83, 0x10, 0x62, 0x08, 0x21, 0x00, 0x00, 0x00,
    0x00, 0x00, 0x21, 0x00, 0x42, 0x00, 0x42, 0x08, 0x62, 0x08, 0xa3, 0x10, 0xe4, 0x18, 0x46, 0x21,
    0xa7, 0x31, 0xe8, 0x39, 0xe8, 0x39, 0xc7, 0x31, 0xa7, 0x31, 0xa7, 0x31, 0x87, 0x29, 0x25, 0x21,
    0xc4, 0x10, 0x83, 0x08, 0x42, 0x08, 0x41, 0x00, 0x21, 0x00, 0x62, 0x08, 0x62, 0x08, 0xa3, 0x10,
    0xc3, 0x10, 0xe4, 0x18, 0xe4, 0x18, 0xe4, 0x18, 0xa3, 0x10, 0x83, 0x08, 0x21, 0x00, 0x00, 0x00,
    0x00, 0x00, 0x00, 0x00, 0x21, 0x00, 0x00, 0x00, 0x00, 0x00, 0x41, 0x00, 0x82, 0x08, 0x05, 0x19,
    0xa7, 0x31, 0xe8, 0x39, 0xa7, 0x31, 0x66, 0x29, 0x46, 0x21, 0x86, 0x29, 0xa7, 0x31, 0x66, 0x29,
    0xc4, 0x10, 0x62, 0x08, 0x21, 0x00, 0x00, 0x00, 0x00, 0x00, 0x00, 0x00, 0x41, 0x00, 0x62, 0x08,
    0xc3, 0x10, 0x04, 0x19, 0xe4, 0x18, 0xa3, 0x10, 0x83, 0x08, 0x62, 0x08, 0x21, 0x00, 0x00, 0x00,
    0x00, 0x00, 0x00, 0x00, 0x00, 0x00, 0x00, 0x00, 0x00, 0x00, 0x00, 0x00, 0x41, 0x00, 0xc3, 0x10,
    0x87, 0x29, 0x08, 0x3a, 0x87, 0x29, 0x05, 0x21, 0xe4, 0x18, 0x25, 0x21, 0x66, 0x29, 0x87, 0x29,
    0xe4, 0x18, 0x62, 0x08, 0x21, 0x00, 0x00, 0x00, 0x00, 0x00, 0x00, 0x00, 0x21, 0x00, 0x42, 0x00,
    0xa3, 0x10, 0x04, 0x19, 0xc4, 0x18, 0x83, 0x10, 0x62, 0x08, 0x62, 0x08, 0x21, 0x00, 0x00, 0x00,
    0x00, 0x00, 0x21, 0x00, 0x00, 0x00, 0x00, 0x00, 0x00, 0x00, 0x00, 0x00, 0x21, 0x00, 0x83, 0x08,
    0x46, 0x21, 0xe8, 0x39, 0xa7, 0x31, 0x25, 0x21, 0xe4, 0x18, 0x05, 0x21, 0x66, 0x29, 0x87, 0x29,
    0x25, 0x21, 0x83, 0x08, 0x21, 0x00, 0x00, 0x00, 0x00, 0x00, 0x00, 0x00, 0x00, 0x00, 0x41, 0x00,
    0x83, 0x08, 0xe4, 0x18, 0xe4, 0x18, 0xa3, 0x10, 0x62, 0x08, 0x42, 0x08, 0x21, 0x00, 0x00, 0x00,
    0x00, 0x00, 0x41, 0x00, 0x41, 0x00, 0x21, 0x00, 0x00, 0x00, 0x21, 0x00, 0x41, 0x00, 0x83, 0x08,
    0x25, 0x21, 0xc8, 0x39, 0xe8, 0x39, 0x87, 0x31, 0x46, 0x21, 0x66, 0x29, 0x86, 0x29, 0x87, 0x31,
    0x45, 0x21, 0xc4, 0x10, 0x42, 0x08, 0x21, 0x00, 0x00, 0x00, 0x00, 0x00, 0x21, 0x00, 0x41, 0x00,
    0x82, 0x08, 0xe4, 0x18, 0xe4, 0x18, 0xc4, 0x10, 0x83, 0x08, 0x62, 0x08, 0x21, 0x00, 0x00, 0x00,
    0x00, 0x00, 0x42, 0x00, 0x62, 0x08, 0x62, 0x08, 0x62, 0x08, 0x62, 0x08, 0x83, 0x08, 0xc3, 0x10,
    0x25, 0x21, 0xa7, 0x31, 0xc8, 0x39, 0xc8, 0x39, 0xc7, 0x31, 0xc8, 0x31, 0xa7, 0x31, 0x87, 0x29,
    0x46, 0x21, 0x04, 0x19, 0xa3, 0x10, 0x62, 0x08, 0x41, 0x00, 0x42, 0x00, 0x42, 0x00, 0x62, 0x08,
    0x82, 0x08, 0xc4, 0x10, 0xe4, 0x18, 0xe4, 0x18, 0xa3, 0x10, 0x83, 0x08, 0x21, 0x00, 0x00, 0x00,
    0x00, 0x00, 0x42, 0x00, 0xc3, 0x10, 0x05, 0x21, 0x25, 0x21, 0x46, 0x21, 0x46, 0x21, 0x46, 0x21,
    0x46, 0x21, 0x66, 0x29, 0x86, 0x29, 0x66, 0x29, 0x66, 0x29, 0x86, 0x29, 0x66, 0x29, 0x46, 0x21,
    0x25, 0x21, 0x05, 0x21, 0xe4, 0x18, 0xc4, 0x18, 0xa3, 0x10, 0xc4, 0x10, 0xa3, 0x10, 0xa3, 0x10,
    0xa3, 0x10, 0xc3, 0x10, 0xc3, 0x10, 0xa3, 0x10, 0x83, 0x10, 0x62, 0x08, 0x21, 0x00, 0x00, 0x00,
    0x00, 0x00, 0x42, 0x08, 0xe4, 0x18, 0xa7, 0x31, 0x08, 0x3a, 0x09, 0x42, 0x09, 0x3a, 0xe8, 0x39,
    0xa7, 0x31, 0x86, 0x29, 0x25, 0x21, 0xe4, 0x18, 0xa3, 0x10, 0xa3, 0x10, 0xa3, 0x10, 0xa3, 0x10,
    0xc4, 0x10, 0x05, 0x19, 0x25, 0x21, 0x25, 0x21, 0x25, 0x21, 0x45, 0x21, 0x25, 0x21, 0x05, 0x19,
    0xe4, 0x18, 0xc4, 0x10, 0xa3, 0x10, 0x62, 0x08, 0x42, 0x00, 0x41, 0x00, 0x00, 0x00, 0x00, 0x00,
    0x00, 0x00, 0x42, 0x00, 0xe4, 0x18, 0xc8, 0x31, 0xe8, 0x39, 0xe8, 0x39, 0xe8, 0x39, 0x08, 0x3a,
    0xe8, 0x39, 0xa7, 0x31, 0x05, 0x19, 0x83, 0x08, 0x41, 0x00, 0x41, 0x00, 0x21, 0x00, 0x41, 0x00,
    0x62, 0x08, 0xe4, 0x18, 0x45, 0x21, 0x66, 0x29, 0x25, 0x21, 0x25, 0x21, 0x05, 0x19, 0x05, 0x19,
    0x05, 0x19, 0xe4, 0x18, 0xa3, 0x10, 0x42, 0x00, 0x21, 0x00, 0x00, 0x00, 0x00, 0x00, 0x00, 0x00,
    0x00, 0x00, 0x41, 0x00, 0xe4, 0x18, 0xc7, 0x31, 0xa7, 0x31, 0x66, 0x29, 0x46, 0x29, 0x87, 0x31,
    0xe8, 0x39, 0xe8, 0x39, 0x25, 0x21, 0x62, 0x08, 0x21, 0x00, 0x00, 0x00, 0x00, 0x00, 0x00, 0x00,
    0x21, 0x00, 0xa3, 0x10, 0x25, 0x21, 0x66, 0x29, 0x25, 0x21, 0xe4, 0x18, 0xc4, 0x10, 0xc4, 0x10,
    0xe4, 0x18, 0x05, 0x19, 0xa3, 0x10, 0x42, 0x00, 0x00, 0x00, 0x00, 0x00, 0x00, 0x00, 0x00, 0x00,
    0x00, 0x00, 0x21, 0x00, 0xe4, 0x18, 0xc8, 0x31, 0xa7, 0x31, 0x46, 0x21, 0x25, 0x21, 0x46, 0x21,
    0xc7, 0x31, 0x09, 0x3a, 0x66, 0x29, 0x83, 0x08, 0x21, 0x00, 0x00, 0x00, 0x00, 0x00, 0x00, 0x00,
    0x01, 0x00, 0x82, 0x08, 0x05, 0x19, 0x66, 0x29, 0x25, 0x21, 0xe4, 0x18, 0xa3, 0x10, 0xa3, 0x10,
    0xc4, 0x18, 0x05, 0x21, 0xc4, 0x10, 0x42, 0x08, 0x00, 0x00, 0x00, 0x00, 0x00, 0x00, 0x00, 0x00,
    0x00, 0x00, 0x21, 0x00, 0xc3, 0x10, 0xa7, 0x31, 0xe8, 0x39, 0x87, 0x31, 0x46, 0x29, 0x66, 0x29,
    0xc7, 0x31, 0x09, 0x42, 0x87, 0x31, 0xc3, 0x10, 0x21, 0x00, 0x00, 0x00, 0x00, 0x00, 0x00, 0x00,
    0x01, 0x00, 0x62, 0x08, 0xe4, 0x18, 0x46, 0x29, 0x46, 0x21, 0x05, 0x19, 0xc4, 0x10, 0xc4, 0x10,
    0xe4, 0x18, 0x05, 0x21, 0xe4, 0x18, 0x62, 0x08, 0x21, 0x00, 0x00, 0x00, 0x00, 0x00, 0x00, 0x00,
    0x00, 0x00, 0x21, 0x00, 0xa3, 0x10, 0x87, 0x29, 0x09, 0x3a, 0x09, 0x3a, 0xe8, 0x39, 0xe8, 0x39,
    0xe8, 0x39, 0x09, 0x42, 0xa7, 0x31, 0x05, 0x21, 0x83, 0x08, 0x42, 0x08, 0x21, 0x00, 0x21, 0x00,
    0x21, 0x00, 0x82, 0x08, 0xc4, 0x18, 0x25, 0x21, 0x46, 0x29, 0x46, 0x29, 0x25, 0x21, 0x05, 0x19,
    0x05, 0x19, 0x25, 0x21, 0xe4, 0x18, 0xa3, 0x10, 0x41, 0x00, 0x21, 0x00, 0x00, 0x00, 0x00, 0x00,
    0x00, 0x00, 0x41, 0x00, 0xa3, 0x10, 0x46, 0x29, 0xc8, 0x31, 0x09, 0x3a, 0x09, 0x3a, 0x09, 0x3a,
    0xe8, 0x39, 0xe8, 0x39, 0xa7, 0x31, 0x46, 0x21, 0x04, 0x19, 0xe4, 0x18, 0xa3, 0x10, 0xa3, 0x10,
    0xa3, 0x10, 0xc4, 0x10, 0xe4, 0x18, 0x05, 0x19, 0x25, 0x21, 0x46, 0x21, 0x45, 0x21, 0x25, 0x21,
    0x05, 0x19, 0x05, 0x19, 0xe4, 0x18, 0xa3, 0x10, 0x62, 0x08, 0x42, 0x00, 0x00, 0x00, 0x00, 0x00,
    0x00, 0x00, 0x42, 0x08, 0xc4, 0x10, 0x45, 0x21, 0x46, 0x29, 0x46, 0x29, 0x45, 0x21, 0x25, 0x21,
    0x25, 0x21, 0x46, 0x21, 0x46, 0x29, 0x66, 0x29, 0x66, 0x29, 0x87, 0x29, 0x87, 0x29, 0x66, 0x29,
    0x66, 0x29, 0x66, 0x29, 0x25, 0x21, 0x05, 0x19, 0xe4, 0x18, 0xe4, 0x18, 0xc4, 0x10, 0xa3, 0x10,
    0xa3, 0x10, 0xc3, 0x10, 0xa3, 0x10, 0xa3, 0x10, 0x83, 0x10, 0x62, 0x08, 0x21, 0x00, 0x00, 0x00,
    0x00, 0x00, 0x62, 0x08, 0x04, 0x19, 0x46, 0x21, 0x05, 0x19, 0xc4, 0x10, 0x82, 0x08, 0x62, 0x08,
    0x62, 0x08, 0xa3, 0x10, 0xe4, 0x18, 0x46, 0x21, 0xa7, 0x31, 0xe8, 0x39, 0xe8, 0x39, 0xc7, 0x31,
    0xa7, 0x31, 0xa7, 0x31, 0x87, 0x29, 0x25, 0x21, 0xc4, 0x10, 0x83, 0x10, 0x62, 0x08, 0x41, 0x00,
    0x21, 0x00, 0x42, 0x08, 0x62, 0x08, 0x83, 0x10, 0xa3, 0x10, 0x83, 0x08, 0x21, 0x00, 0x00, 0x00,
    0x00, 0x00, 0x21, 0x00, 0xa3, 0x10, 0x87, 0x29, 0xe8, 0x39, 0x66, 0x29, 0x04, 0x19, 0xa3, 0x10,
    0xa3, 0x10, 0xc4, 0x10, 0x45, 0x21, 0x86, 0x29, 0x46, 0x21, 0xc4, 0x10, 0x82, 0x08, 0x42, 0x00,
    0x41, 0x00, 0x42, 0x00, 0x83, 0x10, 0xe4, 0x18, 0xe4, 0x18, 0xc3, 0x10, 0x83, 0x08, 0x62, 0x08,
    0x42, 0x00, 0x62, 0x08, 0xa3, 0x10, 0xe4, 0x18, 0xa3, 0x10, 0x42, 0x00, 0x00, 0x00, 0x00, 0x00,
    0x00, 0x00, 0x00, 0x00, 0x62, 0x08, 0x46, 0x21, 0xe8, 0x39, 0x66, 0x29, 0xc4, 0x18, 0x62, 0x08,
    0x42, 0x08, 0x62, 0x08, 0xe4, 0x18, 0x66, 0x29, 0x66, 0x29, 0xc4, 0x10, 0x62, 0x08, 0x21, 0x00,
    0x21, 0x00, 0x21, 0x00, 0x62, 0x08, 0xa3, 0x10, 0xe4, 0x18, 0xc3, 0x10, 0x82, 0x08, 0x42, 0x00,
    0x21, 0x00, 0x21, 0x00, 0x82, 0x08, 0xc3, 0x10, 0xc3, 0x10, 0x42, 0x00, 0x00, 0x00, 0x00, 0x00,
    0x00, 0x00, 0x00, 0x00, 0x62, 0x08, 0x25, 0x21, 0xe8, 0x39, 0xa7, 0x31, 0x04, 0x19, 0x83, 0x08,
    0x62, 0x08, 0x62, 0x08, 0xc4, 0x10, 0x46, 0x21, 0x66, 0x29, 0xe4, 0x18, 0x82, 0x08, 0x21, 0x00,
    0x21, 0x00, 0x21, 0x00, 0x42, 0x08, 0xa3, 0x10, 0xe4, 0x18, 0xc4, 0x18, 0x83, 0x10, 0x42, 0x00,
    0x21, 0x00, 0x21, 0x00, 0x62, 0x08, 0xa3, 0x10, 0xc3, 0x10, 0x42, 0x08, 0x00, 0x00, 0x00, 0x00,
    0x00, 0x00, 0x00, 0x00, 0x62, 0x08, 0x25, 0x21, 0xc8, 0x39, 0xc8, 0x31, 0x66, 0x29, 0xe4, 0x18,
    0xa3, 0x10, 0xa3, 0x10, 0xe4, 0x18, 0x46, 0x21, 0x86, 0x29, 0x25, 0x21, 0xc4, 0x10, 0x62, 0x08,
    0x41, 0x00, 0x21, 0x00, 0x62, 0x08, 0xa3, 0x10, 0xe4, 0x18, 0xe4, 0x18, 0xc4, 0x10, 0x82, 0x08,
    0x42, 0x08, 0x42, 0x00, 0x82, 0x08, 0xa3, 0x10, 0xc3, 0x10, 0x62, 0x08, 0x21, 0x00, 0x00, 0x00,
    0x00, 0x00, 0x21, 0x00, 0xa3, 0x10, 0x46, 0x21, 0xc8, 0x31, 0xe8, 0x39, 0xc8, 0x39, 0x87, 0x29,
    0x46, 0x21, 0x25, 0x21, 0x66, 0x29, 0x86, 0x29, 0x86, 0x29, 0x46, 0x29, 0x25, 0x21, 0xc4, 0x18,
    0xa3, 0x10, 0x83, 0x08, 0xa3, 0x10, 0xc4, 0x10, 0xe4, 0x18, 0xe4, 0x18, 0xe4, 0x18, 0xc4, 0x10,
    0xa3, 0x10, 0x83, 0x10, 0xc3, 0x10, 0xc4, 0x10, 0xc3, 0x10, 0x62, 0x08, 0x21, 0x00, 0x00, 0x00,
    0x00, 0x00, 0x42, 0x00, 0x05, 0x19, 0xa7, 0x31, 0xe8, 0x39, 0xe8, 0x39, 0xe8, 0x39, 0xe8, 0x39,
    0xc8, 0x31, 0xa7, 0x31, 0xa7, 0x31, 0xa7, 0x31, 0x87, 0x29, 0x66, 0x29, 0x66, 0x29, 0x46, 0x21,
    0x25, 0x21, 0x05, 0x19, 0x05, 0x21, 0x05, 0x19, 0xe4, 0x18, 0xe4, 0x18, 0x04, 0x19, 0xe4, 0x18,
    0xe4, 0x18, 0xc4, 0x18, 0xe4, 0x18, 0xe4, 0x18, 0xc3, 0x10, 0x62, 0x08, 0x41, 0x00, 0x00, 0x00,
    0x00, 0x00, 0x42, 0x00, 0x05, 0x19, 0xa7, 0x31, 0x08, 0x3a, 0xe8, 0x39, 0xc8, 0x31, 0x87, 0x31,
    0x66, 0x29, 0x25, 0x21, 0x46, 0x21, 0x46, 0x29, 0x66, 0x29, 0x66, 0x29, 0x66, 0x29, 0x46, 0x29,
    0x25, 0x21, 0x05, 0x19, 0x05, 0x21, 0x05, 0x19, 0x05, 0x19, 0xe4, 0x18, 0xe4, 0x18, 0xc4, 0x10,
    0xa3, 0x10, 0x83, 0x10, 0xa3, 0x10, 0xa3, 0x10, 0xa3, 0x10, 0x62, 0x08, 0x41, 0x00, 0x00, 0x00,
    0x00, 0x00, 0x21, 0x00, 0xa3, 0x10, 0x25, 0x21, 0xc8, 0x31, 0xe8, 0x39, 0xc7, 0x31, 0x25, 0x21,
    0xc3, 0x10, 0x83, 0x08, 0xa3, 0x10, 0xc3, 0x10, 0x05, 0x19, 0x46, 0x29, 0x66, 0x29, 0x25, 0x21,
    0xc4, 0x18, 0xa3, 0x10, 0xa3, 0x10, 0xc3, 0x10, 0xe4, 0x18, 0xe4, 0x18, 0xe4, 0x18, 0xa3, 0x10,
    0x62, 0x08, 0x42, 0x00, 0x42, 0x08, 0x62, 0x08, 0x62, 0x08, 0x62, 0x08, 0x41, 0x00, 0x00, 0x00,
    0x00, 0x00, 0x01, 0x00, 0x42, 0x08, 0xa3, 0x10, 0x46, 0x29, 0xe8, 0x39, 0xc8, 0x31, 0x05, 0x19,
    0x62, 0x08, 0x21, 0x00, 0x42, 0x00, 0x62, 0x08, 0xa3, 0x10, 0x25, 0x21, 0x86, 0x29, 0x25, 0x21,
    0xa3, 0x10, 0x42, 0x08, 0x62, 0x08, 0x62, 0x08, 0xa3, 0x10, 0xe4, 0x18, 0x04, 0x19, 0xa3, 0x10,
    0x42, 0x00, 0x21, 0x00, 0x21, 0x00, 0x21, 0x00, 0x42, 0x00, 0x42, 0x00, 0x41, 0x00, 0x00, 0x00,
    0x00, 0x00, 0x01, 0x00, 0x42, 0x00, 0x82, 0x08, 0x05, 0x19, 0xa7, 0x31, 0xe8, 0x39, 0x25, 0x21,
    0x62, 0x08, 0x21, 0x00, 0x21, 0x00, 0x21, 0x00, 0x62, 0x08, 0xe4, 0x18, 0x86, 0x29, 0x25, 0x21,
    0xa3, 0x10, 0x42, 0x00, 0x42, 0x00, 0x42, 0x00, 0x82, 0x08, 0xc4, 0x10, 0x05, 0x19, 0xa3, 0x10,
    0x42, 0x00, 0x01, 0x00, 0x00, 0x00, 0x00, 0x00, 0x21, 0x00, 0x41, 0x00, 0x21, 0x00, 0x00, 0x00,
    0x00, 0x00, 0x21, 0x00, 0x42, 0x08, 0x83, 0x08, 0x05, 0x19, 0xa7, 0x31, 0x09, 0x3a, 0x66, 0x29,
    0xa3, 0x10, 0x42, 0x00, 0x42, 0x00, 0x42, 0x00, 0x62, 0x08, 0xe4, 0x18, 0x66, 0x29, 0x66, 0x29,
    0xe4, 0x18, 0x62, 0x08, 0x62, 0x08, 0x62, 0x08, 0x82, 0x08, 0xc3, 0x10, 0x05, 0x19, 0xc4, 0x10,
    0x62, 0x08, 0x21, 0x00, 0x21, 0x00, 0x21, 0x00, 0x21, 0x00, 0x21, 0x00, 0x21, 0x00, 0x00, 0x00,
    0x00, 0x00, 0x21, 0x00, 0xa3, 0x10, 0x04, 0x19, 0x66, 0x29, 0xa7, 0x31, 0x09, 0x3a, 0xc7, 0x31,
    0x25, 0x21, 0xc3, 0x10, 0xa3, 0x10, 0x83, 0x10, 0xa3, 0x10, 0xe4, 0x18, 0x66, 0x29, 0x66, 0x29,
    0x25, 0x21, 0xc4, 0x18, 0xa3, 0x10, 0xa3, 0x10, 0xa3, 0x10, 0xc4, 0x18, 0x05, 0x19, 0xe4, 0x18,
    0xa3, 0x10, 0x62, 0x08, 0x62, 0x08, 0x42, 0x00, 0x42, 0x00, 0x41, 0x00, 0x21, 0x00, 0x00, 0x00,
    0x00, 0x00, 0x42, 0x00, 0x05, 0x19, 0xa7, 0x31, 0xe8, 0x39, 0xe8, 0x39, 0x09, 0x3a, 0xe8, 0x39,
    0xa7, 0x31, 0x66, 0x29, 0x66, 0x29, 0x46, 0x21, 0x46, 0x21, 0x46, 0x21, 0x66, 0x29, 0x66, 0x29,
    0x66, 0x29, 0x25, 0x21, 0x25, 0x21, 0x05, 0x21, 0x05, 0x19, 0x04, 0x19, 0x05, 0x21, 0xe4, 0x18,
    0xc4, 0x18, 0xa3, 0x10, 0xa3, 0x10, 0xa3, 0x10, 0x83, 0x08, 0x42, 0x08, 0x21, 0x00, 0x00, 0x00,
    0x00, 0x00, 0x42, 0x00, 0x05, 0x19, 0xa7, 0x31, 0xe8, 0x39, 0xe8, 0x39, 0x08, 0x3a, 0xe8, 0x39,
    0xe8, 0x39, 0xc8, 0x31, 0xe8, 0x39, 0xc8, 0x31, 0xa7, 0x31, 0x87, 0x29, 0x87, 0x31, 0x66, 0x29,
    0x46, 0x29, 0x25, 0x21, 0x25, 0x21, 0x25, 0x21, 0x05, 0x19, 0xe4, 0x18, 0x05, 0x19, 0x04, 0x19,
    0xe4, 0x18, 0xe4, 0x18, 0xe4, 0x18, 0xe4, 0x18, 0xa3, 0x10, 0x62, 0x08, 0x41, 0x00, 0x00, 0x00,
    0x00, 0x00, 0x21, 0x00, 0xa3, 0x10, 0xe4, 0x18, 0x05, 0x19, 0x45, 0x21, 0xa7, 0x31, 0xe8, 0x39,
    0xe8, 0x39, 0xa7, 0x31, 0x66, 0x29, 0x46, 0x21, 0x45, 0x21, 0x46, 0x21, 0x87, 0x29, 0x86, 0x29,
    0x46, 0x21, 0xe4, 0x18, 0xc4, 0x10, 0xa3, 0x10, 0x83, 0x10, 0xa3, 0x10, 0xe4, 0x18, 0xe4, 0x18,
    0xe4, 0x18, 0xc4, 0x10, 0xc4, 0x10, 0xa3, 0x10, 0x83, 0x08, 0x42, 0x08, 0x21, 0x00, 0x00, 0x00,
    0x00, 0x00, 0x21, 0x00, 0x62, 0x08, 0x62, 0x08, 0x62, 0x08, 0x83, 0x10, 0x25, 0x21, 0xc7, 0x31,
    0xe8, 0x39, 0x66, 0x29, 0x04, 0x19, 0xa3, 0x10, 0xa3, 0x10, 0xc4, 0x10, 0x25, 0x21, 0x86, 0x29,
    0x46, 0x21, 0xc4, 0x10, 0x82, 0x08, 0x42, 0x00, 0x41, 0x00, 0x42, 0x00, 0x83, 0x10, 0xc4, 0x18,
    0xe4, 0x18, 0xc3, 0x10, 0x83, 0x10, 0x62, 0x08, 0x42, 0x00, 0x21, 0x00, 0x21, 0x00, 0x00, 0x00,
    0x00, 0x00, 0x21, 0x00, 0x42, 0x00, 0x21, 0x00, 0x21, 0x00, 0x42, 0x00, 0xc4, 0x10, 0x86, 0x29,
    0xe8, 0x39, 0x66, 0x29, 0xe4, 0x18, 0x62, 0x08, 0x42, 0x08, 0x62, 0x08, 0xe4, 0x18, 0x66, 0x29,
    0x66, 0x29, 0xc4, 0x10, 0x62, 0x08, 0x21, 0x00, 0x21, 0x00, 0x21, 0x00, 0x62, 0x08, 0xa3, 0x10,
    0xe4, 0x18, 0xc4, 0x10, 0x83, 0x08, 0x42, 0x00, 0x21, 0x00, 0x21, 0x00, 0x00, 0x00, 0x00, 0x00,
    0x00, 0x00, 0x21, 0x00, 0x62, 0x08, 0x41, 0x00, 0x21, 0x00, 0x21, 0x00, 0xa3, 0x10, 0x46, 0x21,
    0xe8, 0x39, 0xa7, 0x31, 0x05, 0x19, 0x83, 0x08, 0x42, 0x08, 0x62, 0x08, 0xc4, 0x10, 0x46, 0x21,
    0x66, 0x29, 0x04, 0x19, 0x83, 0x08, 0x21, 0x00, 0x21, 0x00, 0x01, 0x00, 0x42, 0x00, 0x83, 0x10,
    0xe4, 0x18, 0xc4, 0x18, 0x83, 0x10, 0x42, 0x00, 0x21, 0x00, 0x01, 0x00, 0x00, 0x00, 0x00, 0x00,
    0x00, 0x00, 0x42, 0x00, 0x83, 0x10, 0x82, 0x08, 0x62, 0x08, 0x62, 0x08, 0xc3, 0x10, 0x46, 0x21,
    0xc8, 0x31, 0xc8, 0x39, 0x66, 0x29, 0xe4, 0x18, 0xa3, 0x10, 0xa3, 0x10, 0xe4, 0x18, 0x46, 0x21,
    0x86, 0x29, 0x25, 0x21, 0xc4, 0x10, 0x62, 0x08, 0x41, 0x00, 0x21, 0x00, 0x62, 0x08, 0x83, 0x10,
    0xe4, 0x18, 0xe4, 0x18, 0xc4, 0x10, 0x82, 0x08, 0x42, 0x00, 0x21, 0x00, 0x00, 0x00, 0x00, 0x00,
    0x00, 0x00, 0x42, 0x00, 0xe4, 0x18, 0x05, 0x21, 0x05, 0x19, 0x04, 0x19, 0x46, 0x21, 0x87, 0x29,
    0xc8, 0x31, 0xe8, 0x39, 0xc8, 0x39, 0x87, 0x29, 0x46, 0x21, 0x25, 0x21, 0x66, 0x29, 0x66, 0x29,
    0x86, 0x29, 0x46, 0x29, 0x25, 0x21, 0xe4, 0x18, 0xa3, 0x10, 0x83, 0x08, 0xa3, 0x10, 0xc4, 0x10,
    0xe4, 0x18, 0xe4, 0x18, 0xe4, 0x18, 0xc4, 0x10, 0x83, 0x08, 0x42, 0x00, 0x21, 0x00, 0x00, 0x00,
    0x00, 0x00, 0x42, 0x00, 0x05, 0x21, 0xa7, 0x31, 0xe8, 0x39, 0xe8, 0x39, 0xe8, 0x39, 0xe8, 0x39,
    0xe8, 0x39, 0xe8, 0x39, 0xe8, 0x39, 0xe8, 0x39, 0xc8, 0x31, 0xa7, 0x31, 0xa7, 0x31, 0xa7, 0x31,
    0x87, 0x29, 0x66, 0x29, 0x66, 0x29, 0x46, 0x21, 0x25, 0x21, 0x05, 0x19, 0x25, 0x21, 0x05, 0x19,
    0xe4, 0x18, 0xe4, 0x18, 0x04, 0x19, 0xe4, 0x18, 0xc3, 0x10, 0x62, 0x08, 0x41, 0x00, 0x00, 0x00,
    0x00, 0x00, 0x42, 0x00, 0x25, 0x21, 0xc7, 0x31, 0xe8, 0x39, 0xc8, 0x39, 0xe8, 0x39, 0xe8, 0x39,
    0x08, 0x3a, 0xe8, 0x39, 0xc8, 0x31, 0x87, 0x31, 0x66, 0x29, 0x25, 0x21, 0x46, 0x21, 0x46, 0x21,
    0x66, 0x29, 0x66, 0x29, 0x66, 0x29, 0x46, 0x29, 0x25, 0x21, 0x05, 0x19, 0x05, 0x21, 0x05, 0x19,
    0x05, 0x19, 0xe4, 0x18, 0xe4, 0x18, 0xc4, 0x10, 0x83, 0x10, 0x42, 0x00, 0x21, 0x00, 0x00, 0x00,
    0x00, 0x00, 0x42, 0x00, 0x05, 0x21, 0x66, 0x29, 0x46, 0x21, 0x05, 0x19, 0x25, 0x21, 0x66, 0x29,
    0xc7, 0x31, 0xe8, 0x39, 0xc7, 0x31, 0x25, 0x21, 0xc3, 0x10, 0x83, 0x08, 0xa3, 0x10, 0xc3, 0x10,
    0x05, 0x19, 0x46, 0x21, 0x66, 0x29, 0x25, 0x21, 0xc4, 0x18, 0xa3, 0x10, 0xa3, 0x10, 0xa3, 0x10,
    0xe4, 0x18, 0xe4, 0x18, 0xe4, 0x18, 0xa3, 0x10, 0x62, 0x08, 0x21, 0x00, 0x00, 0x00, 0x00, 0x00,
    0x00, 0x00, 0x42, 0x00, 0x05, 0x21, 0x46, 0x21, 0xe4, 0x18, 0x83, 0x08, 0x83, 0x10, 0xc4, 0x10,
    0x46, 0x21, 0xe8, 0x39, 0xc8, 0x39, 0x05, 0x21, 0x82, 0x08, 0x21, 0x00, 0x42, 0x00, 0x42, 0x08,
    0xa3, 0x10, 0x25, 0x21, 0x86, 0x29, 0x25, 0x21, 0xa3, 0x10, 0x42, 0x08, 0x62, 0x08, 0x62, 0x08,
    0xa3, 0x10, 0xe4, 0x18, 0x04, 0x19, 0xa3, 0x10, 0x41, 0x00, 0x00, 0x00, 0x00, 0x00, 0x00, 0x00,
    0x00, 0x00, 0x21, 0x00, 0x05, 0x21, 0x66, 0x29, 0xe4, 0x18, 0x62, 0x08, 0x62, 0x08, 0x83, 0x08,
    0x04, 0x19, 0xa7, 0x31, 0xe8, 0x39, 0x25, 0x21, 0x82, 0x08, 0x21, 0x00, 0x21, 0x00, 0x21, 0x00,
    0x62, 0x08, 0xe4, 0x18, 0x66, 0x29, 0x45, 0x21, 0xa3, 0x10, 0x42, 0x00, 0x42, 0x00, 0x42, 0x00,
    0x62, 0x08, 0xc4, 0x10, 0x05, 0x19, 0xa3, 0x10, 0x42, 0x00, 0x00, 0x00, 0x00, 0x00, 0x00, 0x00,
    0x00, 0x00, 0x21, 0x00, 0x05, 0x19, 0xa7, 0x31, 0x25, 0x21, 0xa3, 0x10, 0x83, 0x10, 0xa3, 0x10,
    0x04, 0x19, 0x87, 0x31, 0x09, 0x3a, 0x86, 0x29, 0xc3, 0x10, 0x42, 0x08, 0x42, 0x00, 0x42, 0x00,
    0x62, 0x08, 0xc4, 0x18, 0x66, 0x29, 0x66, 0x29, 0xe4, 0x18, 0x62, 0x08, 0x62, 0x08, 0x42, 0x08,
    0x62, 0x08, 0xa3, 0x10, 0x05, 0x19, 0xc4, 0x18, 0x62, 0x08, 0x01, 0x00, 0x00, 0x00, 0x00, 0x00,
    0x00, 0x00, 0x21, 0x00, 0x05, 0x19, 0xc7, 0x31, 0xa7, 0x31, 0x46, 0x21, 0x25, 0x21, 0x25, 0x21,
    0x46, 0x29, 0xa7, 0x31, 0x09, 0x3a, 0xc8, 0x31, 0x45, 0x21, 0xc4, 0x10, 0xa3, 0x10, 0x83, 0x10,
    0xa3, 0x10, 0xe4, 0x18, 0x66, 0x29, 0x66, 0x29, 0x25, 0x21, 0xc4, 0x18, 0xa3, 0x10, 0xa3, 0x10,
    0xa3, 0x10, 0xc4, 0x10, 0x05, 0x19, 0xe4, 0x18, 0x83, 0x08, 0x21, 0x00, 0x00, 0x00, 0x00, 0x00,
    0x00, 0x00, 0x42, 0x00, 0x05, 0x19, 0xc7, 0x31, 0x09, 0x3a, 0xe8, 0x39, 0xe8, 0x39, 0xe8, 0x39,
    0xe8, 0x39, 0xe8, 0x39, 0x09, 0x3a, 0xe8, 0x39, 0xa7, 0x31, 0x66, 0x29, 0x66, 0x29, 0x46, 0x21,
    0x46, 0x21, 0x46, 0x21, 0x66, 0x29, 0x66, 0x29, 0x66, 0x29, 0x25, 0x21, 0x25, 0x21, 0x05, 0x21,
    0x05, 0x19, 0x04, 0x19, 0x05, 0x19, 0xe4, 0x18, 0xa3, 0x10, 0x62, 0x08, 0x21, 0x00, 0x00, 0x00,
    0x00, 0x00, 0x42, 0x00, 0x05, 0x21, 0xa7, 0x31, 0xe8, 0x39, 0xe8, 0x39, 0xe8, 0x39, 0xe8, 0x39,
    0xe8, 0x39, 0xe8, 0x39, 0xe8, 0x39, 0xe8, 0x39, 0xe8, 0x39, 0xc8, 0x39, 0xe8, 0x39, 0xc8, 0x31,
    0xa7, 0x31, 0x87, 0x31, 0x87, 0x31, 0x66, 0x29, 0x46, 0x29, 0x25, 0x21, 0x25, 0x21, 0x25, 0x21,
    0x05, 0x19, 0xe4, 0x18, 0x05, 0x19, 0x04, 0x19, 0xc4, 0x10, 0x62, 0x08, 0x41, 0x00, 0x00, 0x00,
    0x00, 0x00, 0x42, 0x00, 0x05, 0x19, 0xc7, 0x31, 0xc8, 0x31, 0x66, 0x29, 0x25, 0x21, 0x05, 0x19,
    0x05, 0x19, 0x45, 0x21, 0xa7, 0x31, 0xe8, 0x39, 0xe8, 0x39, 0xa7, 0x31, 0x86, 0x29, 0x46, 0x21,
    0x45, 0x21, 0x46, 0x21, 0x87, 0x29, 0x87, 0x29, 0x46, 0x21, 0xe4, 0x18, 0xc4, 0x10, 0xa3, 0x10,
    0x83, 0x10, 0xa3, 0x10, 0xc4, 0x18, 0xe4, 0x18, 0xc4, 0x10, 0x62, 0x08, 0x21, 0x00, 0x00, 0x00,
    0x00, 0x00, 0x41, 0x00, 0xe4, 0x18, 0xa7, 0x31, 0x66, 0x29, 0xc3, 0x10, 0x42, 0x08, 0x42, 0x00,
    0x41, 0x00, 0x42, 0x00, 0x83, 0x10, 0x25, 0x21, 0x66, 0x29, 0x46, 0x21, 0xe4, 0x18, 0xc3, 0x10,
    0xa3, 0x10, 0xc3, 0x10, 0xe4, 0x18, 0x05, 0x19, 0xc4, 0x10, 0x62, 0x08, 0x21, 0x00, 0x21, 0x00,
    0x21, 0x00, 0x21, 0x00, 0x42, 0x00, 0xa3, 0x10, 0xc3, 0x10, 0x62, 0x08, 0x21, 0x00, 0x00, 0x00,
    0x00, 0x00, 0x21, 0x00, 0xc4, 0x10, 0xc7, 0x31, 0x87, 0x31, 0xc3, 0x10, 0x41, 0x00, 0x21, 0x00,
    0x00, 0x00, 0x21, 0x00, 0x42, 0x08, 0xe4, 0x18, 0x66, 0x29, 0x46, 0x21, 0xc4, 0x10, 0x83, 0x08,
    0x62, 0x08, 0x82, 0x08, 0xa3, 0x10, 0x05, 0x19, 0xe4, 0x18, 0x62, 0x08, 0x21, 0x00, 0x00, 0x00,
    0x00, 0x00, 0x00, 0x00, 0x21, 0x00, 0x82, 0x08, 0xa3, 0x10, 0x62, 0x08, 0x21, 0x00, 0x00, 0x00,
    0x00, 0x00, 0x21, 0x00, 0xa3, 0x10, 0xa7, 0x31, 0xc8, 0x31, 0xe4, 0x18, 0x42, 0x00, 0x21, 0x00,
    0x00, 0x00, 0x21, 0x00, 0x41, 0x00, 0xc3, 0x10, 0x46, 0x21, 0x66, 0x29, 0xe4, 0x18, 0xa3, 0x10,
    0x62, 0x08, 0x62, 0x08, 0xa3, 0x10, 0x05, 0x19, 0xe4, 0x18, 0x83, 0x08, 0x21, 0x00, 0x00, 0x00,
    0x00, 0x00, 0x00, 0x00, 0x21, 0x00, 0x62, 0x08, 0xa3, 0x10, 0x62, 0x08, 0x21, 0x00, 0x00, 0x00,
    0x00, 0x00, 0x21, 0x00, 0xc3, 0x10, 0xa7, 0x31, 0xe8, 0x39, 0x46, 0x21, 0xa3, 0x10, 0x62, 0x08,
    0x41, 0x00, 0x21, 0x00, 0x42, 0x08, 0xc4, 0x10, 0x25, 0x21, 0x66, 0x29, 0x25, 0x21, 0xe4, 0x18,
    0xa3, 0x10, 0xa3, 0x10, 0xc3, 0x10, 0x05, 0x19, 0x05, 0x19, 0xa3, 0x10, 0x62, 0x08, 0x41, 0x00,
    0x21, 0x00, 0x21, 0x00, 0x21, 0x00, 0x62, 0x08, 0x83, 0x08, 0x62, 0x08, 0x21, 0x00, 0x00, 0x00,
    0x00, 0x00, 0x42, 0x00, 0xe4, 0x18, 0xc8, 0x31, 0xe8, 0x39, 0x87, 0x31, 0x25, 0x21, 0xe4, 0x18,
    0xa3, 0x10, 0xa3, 0x10, 0xa3, 0x10, 0x04, 0x19, 0x25, 0x21, 0x66, 0x29, 0x46, 0x29, 0x46, 0x21,
    0x25, 0x21, 0x05, 0x19, 0x04, 0x19, 0x25, 0x21, 0x05, 0x19, 0xc4, 0x18, 0x83, 0x10, 0x82, 0x08,
    0x62, 0x08, 0x42, 0x00, 0x42, 0x08, 0x83, 0x08, 0x83, 0x10, 0x62, 0x08, 0x21, 0x00, 0x00, 0x00,
    0x00, 0x00, 0x42, 0x08, 0xe4, 0x18, 0xa7, 0x31, 0xe8, 0x39, 0xc7, 0x31, 0xa7, 0x31, 0xa7, 0x31,
    0x86, 0x29, 0x66, 0x29, 0x46, 0x29, 0x66, 0x29, 0x66, 0x29, 0x46, 0x21, 0x46, 0x21, 0x46, 0x21,
    0x45, 0x21, 0x25, 0x21, 0x05, 0x19, 0x05, 0x21, 0x04, 0x19, 0xe4, 0x18, 0xc4, 0x10, 0xc4, 0x18,
    0xc3, 0x10, 0xa3, 0x10, 0xa3, 0x10, 0xc4, 0x10, 0xa3, 0x10, 0x62, 0x08, 0x21, 0x00, 0x00, 0x00,
    0x00, 0x00, 0x21, 0x00, 0x83, 0x10, 0x25, 0x21, 0x87, 0x31, 0xc7, 0x31, 0xc8, 0x39, 0xe8, 0x39,
    0xc8, 0x39, 0xc7, 0x31, 0xa7, 0x31, 0xa7, 0x31, 0x87, 0x29, 0x66, 0x29, 0x25, 0x21, 0x04, 0x19,
    0xc4, 0x10, 0xa3, 0x10, 0xa3, 0x10, 0xc4, 0x10, 0xc4, 0x10, 0xe4, 0x18, 0xe4, 0x18, 0xe4, 0x18,
    0xe4, 0x18, 0xe4, 0x18, 0xc4, 0x18, 0xe4, 0x18, 0xc4, 0x10, 0x62, 0x08, 0x21, 0x00, 0x00, 0x00,
    0x00, 0x00, 0x00, 0x00, 0x21, 0x00, 0xa3, 0x10, 0x05, 0x21, 0xa7, 0x31, 0xe8, 0x39, 0xe8, 0x39,
    0x86, 0x29, 0x45, 0x21, 0x25, 0x21, 0x66, 0x29, 0x87, 0x29, 0x66, 0x29, 0x05, 0x19, 0xa3, 0x10,
    0x62, 0x08, 0x42, 0x00, 0x21, 0x00, 0x62, 0x08, 0x83, 0x08, 0xc3, 0x10, 0xe4, 0x18, 0xe4, 0x18,
    0xc4, 0x10, 0xa3, 0x10, 0x83, 0x10, 0xc3, 0x10, 0xc3, 0x10, 0x62, 0x08, 0x21, 0x00, 0x00, 0x00,
    0x00, 0x00, 0x00, 0x00, 0x00, 0x00, 0x42, 0x00, 0xa3, 0x10, 0x46, 0x29, 0xe8, 0x39, 0xc8, 0x31,
    0x25, 0x21, 0xc4, 0x10, 0xa3, 0x10, 0xe4, 0x18, 0x46, 0x21, 0x87, 0x29, 0x25, 0x21, 0xa3, 0x10,
    0x42, 0x00, 0x21, 0x00, 0x00, 0x00, 0x21, 0x00, 0x42, 0x00, 0x83, 0x10, 0xe4, 0x18, 0xe4, 0x18,
    0xa3, 0x10, 0x62, 0x08, 0x42, 0x08, 0x82, 0x08, 0x83, 0x10, 0x62, 0x08, 0x21, 0x00, 0x00, 0x00,
    0x00, 0x00, 0x00, 0x00, 0x00, 0x00, 0x21, 0x00, 0x62, 0x08, 0x05, 0x19, 0xc8, 0x31, 0xe8, 0x39,
    0x25, 0x21, 0xa3, 0x10, 0x83, 0x08, 0xc3, 0x10, 0x05, 0x21, 0x86, 0x29, 0x46, 0x21, 0xc3, 0x10,
    0x42, 0x00, 0x00, 0x00, 0x00, 0x00, 0x00, 0x00, 0x21, 0x00, 0x62, 0x08, 0xc4, 0x10, 0x04, 0x19,
    0xa3, 0x10, 0x62, 0x08, 0x42, 0x00, 0x62, 0x08, 0x62, 0x08, 0x62, 0x08, 0x21, 0x00, 0x00, 0x00,
    0x00, 0x00, 0x00, 0x00, 0x00, 0x00, 0x21, 0x00, 0x62, 0x08, 0xe4, 0x18, 0xa7, 0x31, 0x08, 0x3a,
    0x86, 0x29, 0xe4, 0x18, 0xa3, 0x10, 0xc4, 0x18, 0x05, 0x21, 0x66, 0x29, 0x66, 0x29, 0xe4, 0x18,
    0x62, 0x08, 0x21, 0x00, 0x00, 0x00, 0x21, 0x00, 0x21, 0x00, 0x62, 0x08, 0xc3, 0x10, 0x05, 0x19,
    0xc4, 0x10, 0x83, 0x08, 0x42, 0x08, 0x62, 0x08, 0x82, 0x08, 0x62, 0x08, 0x21, 0x00, 0x00, 0x00,
    0x00, 0x00, 0x21, 0x00, 0x21, 0x00, 0x62, 0x08, 0xa3, 0x10, 0x05, 0x19, 0x87, 0x29, 0x08, 0x3a,
    0xc8, 0x39, 0x86, 0x29, 0x45, 0x21, 0x46, 0x21, 0x66, 0x29, 0x87, 0x29, 0x66, 0x29, 0x25, 0x21,
    0xa3, 0x10, 0x62, 0x08, 0x41, 0x00, 0x42, 0x00, 0x62, 0x08, 0x82, 0x08, 0xa3, 0x10, 0x04, 0x19,
    0xe4, 0x18, 0xc4, 0x10, 0xa3, 0x10, 0xa3, 0x10, 0xa3, 0x10, 0x62, 0x08, 0x21, 0x00, 0x00, 0x00,
    0x00, 0x00, 0x41, 0x00, 0x83, 0x10, 0x05, 0x19, 0x46, 0x21, 0x66, 0x29, 0xa7, 0x31, 0xe8, 0x39,
    0xe8, 0x39, 0xe8, 0x39, 0xc7, 0x31, 0xc8, 0x31, 0xa7, 0x31, 0x87, 0x31, 0x66, 0x29, 0x46, 0x29,
    0x05, 0x21, 0xe4, 0x18, 0xa3, 0x10, 0xc3, 0x10, 0xa3, 0x10, 0xc3, 0x10, 0xc4, 0x10, 0xe4, 0x18,
    0xe4, 0x18, 0xe4, 0x18, 0xc4, 0x18, 0xe4, 0x18, 0xc4, 0x10, 0x62, 0x08, 0x21, 0x00, 0x00, 0x00,
    0x00, 0x00, 0x42, 0x08, 0x04, 0x19, 0xc8, 0x31, 0x09, 0x3a, 0xe8, 0x39, 0xc8, 0x39, 0xc8, 0x39,
    0xa7, 0x31, 0x87, 0x29, 0x66, 0x29, 0x66, 0x29, 0x66, 0x29, 0x46, 0x29, 0x46, 0x21, 0x66, 0x29,
    0x46, 0x29, 0x46, 0x21, 0x25, 0x21, 0x45, 0x21, 0x25, 0x21, 0x05, 0x19, 0xe4, 0x18, 0xe4, 0x18,
    0xe4, 0x18, 0xc4, 0x10, 0xa3, 0x10, 0xc3, 0x10, 0xa3, 0x10, 0x62, 0x08, 0x21, 0x00, 0x00, 0x00,
    0x00, 0x00, 0x62, 0x08, 0xe4, 0x18, 0x87, 0x31, 0xe8, 0x39, 0xe8, 0x39, 0x08, 0x3a, 0xe8, 0x39,
    0x86, 0x29, 0x05, 0x19, 0xa3, 0x10, 0xa3, 0x10, 0xa3, 0x10, 0xc3, 0x10, 0xe4, 0x18, 0x46, 0x21,
    0x66, 0x29, 0x46, 0x29, 0x25, 0x21, 0x25, 0x21, 0x05, 0x19, 0x05, 0x19, 0x05, 0x19, 0x05, 0x19,
    0xc4, 0x10, 0x83, 0x08, 0x62, 0x08, 0x62, 0x08, 0x42, 0x00, 0x21, 0x00, 0x01, 0x00, 0x00, 0x00,
    0x00, 0x00, 0x42, 0x08, 0xa3, 0x10, 0x05, 0x19, 0x25, 0x21, 0x66, 0x29, 0xc8, 0x31, 0x09, 0x3a,
    0x86, 0x29, 0xc4, 0x10, 0x42, 0x08, 0x42, 0x00, 0x41, 0x00, 0x42, 0x00, 0x83, 0x08, 0x25, 0x21,
    0x66, 0x29, 0x46, 0x21, 0xe4, 0x18, 0xc3, 0x10, 0xa3, 0x10, 0xa3, 0x10, 0xe4, 0x18, 0x05, 0x21,
    0xc4, 0x18, 0x62, 0x08, 0x21, 0x00, 0x21, 0x00, 0x21, 0x00, 0x00, 0x00, 0x00, 0x00, 0x00, 0x00,
    0x00, 0x00, 0x42, 0x08, 0x83, 0x10, 0xc3, 0x10, 0xc3, 0x10, 0xe4, 0x18, 0x66, 0x29, 0x09, 0x3a,
    0xa7, 0x31, 0xc4, 0x10, 0x41, 0x00, 0x21, 0x00, 0x00, 0x00, 0x21, 0x00, 0x42, 0x00, 0xe4, 0x18,
    0x66, 0x29, 0x46, 0x21, 0xc4, 0x10, 0x83, 0x10, 0x62, 0x08, 0x82, 0x08, 0xa3, 0x10, 0x05, 0x19,
    0xe4, 0x18, 0x62, 0x08, 0x21, 0x00, 0x00, 0x00, 0x00, 0x00, 0x00, 0x00, 0x00, 0x00, 0x00, 0x00,
    0x00, 0x00, 0x42, 0x08, 0xa3, 0x10, 0xc4, 0x10, 0xc3, 0x10, 0xe4, 0x18, 0x46, 0x21, 0x08, 0x3a,
    0xc8, 0x39, 0x04, 0x19, 0x42, 0x08, 0x21, 0x00, 0x00, 0x00, 0x21, 0x00, 0x41, 0x00, 0xa3, 0x10,
    0x46, 0x21, 0x66, 0x29, 0xe4, 0x18, 0xa3, 0x10, 0x62, 0x08, 0x62, 0x08, 0xa3, 0x10, 0x04, 0x19,
    0x04, 0x19, 0x83, 0x10, 0x21, 0x00, 0x00, 0x00, 0x00, 0x00, 0x00, 0x00, 0x00, 0x00, 0x00, 0x00,
    0x00, 0x00, 0x62, 0x08, 0xe4, 0x18, 0x25, 0x21, 0x25, 0x21, 0x25, 0x21, 0x66, 0x29, 0x08, 0x3a,
    0xe8, 0x39, 0x46, 0x21, 0xa3, 0x10, 0x62, 0x08, 0x41, 0x00, 0x21, 0x00, 0x42, 0x00, 0xc3, 0x10,
    0x25, 0x21, 0x66, 0x29, 0x25, 0x21, 0xe4, 0x18, 0xa3, 0x10, 0xa3, 0x10, 0xc3, 0x10, 0x05, 0x19,
    0x05, 0x19, 0xc3, 0x10, 0x62, 0x08, 0x42, 0x00, 0x21, 0x00, 0x00, 0x00, 0x00, 0x00, 0x00, 0x00,
    0x00, 0x00, 0x42, 0x08, 0x05, 0x19, 0xc7, 0x31, 0xe8, 0x39, 0xc8, 0x39, 0xe8, 0x39, 0x09, 0x42,
    0xe8, 0x39, 0xa7, 0x31, 0x25, 0x21, 0xe4, 0x18, 0xa3, 0x10, 0xa3, 0x10, 0xa3, 0x10, 0xe4, 0x18,
    0x25, 0x21, 0x66, 0x29, 0x66, 0x29, 0x46, 0x21, 0x25, 0x21, 0x05, 0x19, 0x04, 0x19, 0x25, 0x21,
    0x05, 0x19, 0xc4, 0x18, 0x83, 0x10, 0x83, 0x08, 0x42, 0x08, 0x21, 0x00, 0x00, 0x00, 0x00, 0x00,
    0x00, 0x00, 0x42, 0x08, 0xe4, 0x18, 0xc7, 0x31, 0x09, 0x3a, 0x08, 0x3a, 0xe8, 0x39, 0x08, 0x3a,
    0xe8, 0x39, 0xc7, 0x31, 0xa7, 0x31, 0xa7, 0x31, 0x86, 0x29, 0x66, 0x29, 0x46, 0x29, 0x66, 0x29,
    0x66, 0x29, 0x46, 0x29, 0x46, 0x21, 0x46, 0x29, 0x45, 0x21, 0x25, 0x21, 0x05, 0x19, 0x05, 0x21,
    0x04, 0x19, 0xe4, 0x18, 0xc4, 0x10, 0xc4, 0x18, 0xa3, 0x10, 0x62, 0x08, 0x21, 0x00, 0x00, 0x00,
    0x00, 0x00, 0x42, 0x08, 0xc4, 0x10, 0x45, 0x21, 0x45, 0x21, 0x25, 0x21, 0x25, 0x21, 0x66, 0x29,
    0x87, 0x29, 0xc7, 0x31, 0xc8, 0x39, 0xe8, 0x39, 0xc8, 0x39, 0xc7, 0x31, 0xa7, 0x31, 0xa7, 0x31,
    0x87, 0x29, 0x66, 0x29, 0x25, 0x21, 0x04, 0x19, 0xc4, 0x10, 0xa3, 0x10, 0xa3, 0x10, 0xc4, 0x10,
    0xc4, 0x10, 0xe4, 0x18, 0xe4, 0x18, 0x04, 0x19, 0xc4, 0x10, 0x62, 0x08, 0x21, 0x00, 0x00, 0x00,
    0x00, 0x00, 0x42, 0x08, 0xa3, 0x10, 0xc4, 0x18, 0x83, 0x10, 0x62, 0x08, 0x62, 0x08, 0xa3, 0x10,
    0x05, 0x19, 0x87, 0x31, 0xe8, 0x39, 0xe8, 0x39, 0x87, 0x29, 0x45, 0x21, 0x25, 0x21, 0x66, 0x29,
    0x87, 0x29, 0x86, 0x29, 0x05, 0x21, 0xc3, 0x10, 0x62, 0x08, 0x42, 0x00, 0x21, 0x00, 0x62, 0x08,
    0x83, 0x08, 0xc3, 0x10, 0xe4, 0x18, 0xe4, 0x18, 0xa3, 0x10, 0x42, 0x08, 0x01, 0x00, 0x00, 0x00,
    0x00, 0x00, 0x62, 0x08, 0xc4, 0x10, 0xa3, 0x10, 0x42, 0x08, 0x21, 0x00, 0x21, 0x00, 0x42, 0x00,
    0xa3, 0x10, 0x46, 0x21, 0xe8, 0x39, 0xc8, 0x31, 0x25, 0x21, 0xc4, 0x10, 0xa3, 0x10, 0xe4, 0x18,
    0x46, 0x21, 0x87, 0x29, 0x25, 0x21, 0xa3, 0x10, 0x42, 0x00, 0x21, 0x00, 0x00, 0x00, 0x21, 0x00,
    0x42, 0x00, 0x83, 0x10, 0xe4, 0x18, 0xe4, 0x18, 0x83, 0x10, 0x41, 0x00, 0x00, 0x00, 0x00, 0x00,
    0x00, 0x00, 0x42, 0x08, 0xe4, 0x18, 0xc4, 0x10, 0x42, 0x08, 0x21, 0x00, 0x00, 0x00, 0x21, 0x00,
    0x62, 0x08, 0x04, 0x19, 0xc8, 0x31, 0xe8, 0x39, 0x45, 0x21, 0xa3, 0x10, 0x83, 0x08, 0xa3, 0x10,
    0x05, 0x19, 0x66, 0x29, 0x46, 0x21, 0xc4, 0x10, 0x42, 0x00, 0x00, 0x00, 0x00, 0x00, 0x00, 0x00,
    0x21, 0x00, 0x62, 0x08, 0xc4, 0x10, 0x04, 0x19, 0x83, 0x10, 0x21, 0x00, 0x00, 0x00, 0x00, 0x00,
    0x00, 0x00, 0x42, 0x08, 0xe4, 0x18, 0x05, 0x19, 0x83, 0x08, 0x21, 0x00, 0x21, 0x00, 0x41, 0x00,
    0x62, 0x08, 0xe4, 0x18, 0x87, 0x31, 0x08, 0x3a, 0x87, 0x29, 0x04, 0x19, 0xa3, 0x10, 0xc4, 0x18,
    0x05, 0x21, 0x66, 0x29, 0x66, 0x29, 0x04, 0x19, 0x62, 0x08, 0x21, 0x00, 0x00, 0x00, 0x21, 0x00,
    0x21, 0x00, 0x62, 0x08, 0xa3, 0x10, 0x05, 0x19, 0xa3, 0x10, 0x42, 0x00, 0x00, 0x00, 0x00, 0x00,
    0x00, 0x00, 0x42, 0x08, 0x04, 0x19, 0x66, 0x29, 0x04, 0x19, 0x83, 0x10, 0x62, 0x08, 0x82, 0x08,
    0xa3, 0x10, 0x04, 0x19, 0x86, 0x29, 0xe8, 0x39, 0xe8, 0x39, 0x87, 0x29, 0x45, 0x21, 0x46, 0x21,
    0x66, 0x29, 0x87, 0x29, 0x66, 0x29, 0x25, 0x21, 0xc3, 0x10, 0x62, 0x08, 0x41, 0x00, 0x42, 0x00,
    0x42, 0x08, 0x82, 0x08, 0xa3, 0x10, 0x04, 0x19, 0xc4, 0x10, 0x62, 0x08, 0x21, 0x00, 0x00, 0x00,
    0x00, 0x00, 0x42, 0x08, 0xe4, 0x18, 0x87, 0x29, 0x87, 0x31, 0x46, 0x29, 0x25, 0x21, 0x45, 0x21,
    0x46, 0x21, 0x66, 0x29, 0x87, 0x31, 0xe8, 0x39, 0xe8, 0x39, 0xe8, 0x39, 0xc8, 0x31, 0xc8, 0x31,
    0xa7, 0x31, 0xa7, 0x31, 0x66, 0x29, 0x66, 0x29, 0x25, 0x21, 0xe4, 0x18, 0xa3, 0x10, 0xc3, 0x10,
    0xa3, 0x10, 0xc3, 0x10, 0xc4, 0x10, 0xe4, 0x18, 0xc4, 0x10, 0x62, 0x08, 0x21, 0x00, 0x00, 0x00,
    0x00, 0x00, 0x42, 0x00, 0xe4, 0x18, 0xa7, 0x31, 0xe8, 0x39, 0x08, 0x3a, 0x08, 0x3a, 0x09, 0x42,
    0x09, 0x3a, 0xe8, 0x39, 0xc8, 0x39, 0xc8, 0x39, 0xa7, 0x31, 0x87, 0x29, 0x66, 0x29, 0x66, 0x29,
    0x66, 0x29, 0x46, 0x29, 0x46, 0x21, 0x66, 0x29, 0x46, 0x29, 0x46, 0x21, 0x25, 0x21, 0x45, 0x21,
    0x25, 0x21, 0x05, 0x19, 0xe4, 0x18, 0xe4, 0x18, 0xc3, 0x10, 0x62, 0x08, 0x21, 0x00, 0x00, 0x00,
    0x00, 0x00, 0x21, 0x00, 0xa3, 0x10, 0x87, 0x29, 0x09, 0x42, 0x09, 0x3a, 0xe8, 0x39, 0xe8, 0x39,
    0xe8, 0x39, 0xe8, 0x39, 0x08, 0x3a, 0xe8, 0x39, 0x87, 0x29, 0x05, 0x19, 0xc3, 0x10, 0xa3, 0x10,
    0xa3, 0x10, 0xc3, 0x10, 0xe4, 0x18, 0x46, 0x21, 0x66, 0x29, 0x46, 0x29, 0x25, 0x21, 0x25, 0x21,
    0x05, 0x19, 0x05, 0x19, 0x05, 0x19, 0x05, 0x19, 0xa3, 0x10, 0x42, 0x00, 0x00, 0x00, 0x00, 0x00,
    0x00, 0x00, 0x62, 0x08, 0x25, 0x21, 0x66, 0x29, 0xe4, 0x18, 0x82, 0x08, 0x42, 0x00, 0x41, 0x00,
    0x42, 0x00, 0x42, 0x00, 0x62, 0x08, 0xa3, 0x10, 0x45, 0x21, 0x87, 0x29, 0x66, 0x29, 0x45, 0x21,
    0x45, 0x21, 0x45, 0x21, 0x25, 0x21, 0xe4, 0x18, 0xa3, 0x10, 0x42, 0x08, 0x21, 0x00, 0x21, 0x00,
    0x41, 0x00, 0x21, 0x00, 0x41, 0x00, 0x62, 0x08, 0xa3, 0x10, 0x83, 0x08, 0x21, 0x00, 0x00, 0x00,
    0x00, 0x00, 0x62, 0x08, 0x25, 0x21, 0xa7, 0x31, 0x25, 0x21, 0x83, 0x08, 0x42, 0x08, 0x42, 0x00,
    0x62, 0x08, 0x42, 0x00, 0x42, 0x00, 0x82, 0x08, 0x25, 0x21, 0x87, 0x29, 0x66, 0x29, 0x05, 0x21,
    0x05, 0x19, 0x05, 0x19, 0x25, 0x21, 0x05, 0x19, 0xa3, 0x10, 0x42, 0x08, 0x21, 0x00, 0x21, 0x00,
    0x42, 0x00, 0x41, 0x00, 0x21, 0x00, 0x42, 0x00, 0x83, 0x10, 0x83, 0x08, 0x21, 0x00, 0x00, 0x00,
    0x00, 0x00, 0x62, 0x08, 0x25, 0x21, 0xc7, 0x31, 0x66, 0x29, 0xa3, 0x10, 0x62, 0x08, 0x42, 0x08,
    0x62, 0x08, 0x62, 0x08, 0x42, 0x08, 0x62, 0x08, 0xe4, 0x18, 0x66, 0x29, 0x66, 0x29, 0x25, 0x21,
    0x05, 0x19, 0x05, 0x19, 0x25, 0x21, 0x05, 0x21, 0xc4, 0x18, 0x62, 0x08, 0x41, 0x00, 0x21, 0x00,
    0x42, 0x00, 0x42, 0x00, 0x41, 0x00, 0x42, 0x00, 0x83, 0x08, 0x82, 0x08, 0x21, 0x00, 0x00, 0x00,
    0x00, 0x00, 0x62, 0x08, 0x25, 0x21, 0xc7, 0x31, 0x87, 0x31, 0xe4, 0x18, 0x83, 0x08, 0x62, 0x08,
    0x62, 0x08, 0x62, 0x08, 0x62, 0x08, 0x62, 0x08, 0xe4, 0x18, 0x46, 0x21, 0x66, 0x29, 0x46, 0x29,
    0x45, 0x21, 0x25, 0x21, 0x25, 0x21, 0x05, 0x21, 0xe4, 0x18, 0x83, 0x08, 0x42, 0x00, 0x21, 0x00,
    0x42, 0x00, 0x42, 0x00, 0x42, 0x00, 0x42, 0x00, 0x82, 0x08, 0x62, 0x08, 0x21, 0x00, 0x00, 0x00,
    0x00, 0x00, 0x62, 0x08, 0x05, 0x21, 0x87, 0x31, 0xa7, 0x31, 0x25, 0x21, 0xc4, 0x10, 0xa3, 0x10,
    0xa3, 0x10, 0x83, 0x10, 0x83, 0x10, 0xa3, 0x10, 0xe4, 0x18, 0x25, 0x21, 0x46, 0x21, 0x46, 0x29,
    0x66, 0x29, 0x46, 0x21, 0x25, 0x21, 0x04, 0x19, 0xe4, 0x18, 0xa3, 0x10, 0x62, 0x08, 0x42, 0x00,
    0x62, 0x08, 0x42, 0x08, 0x42, 0x08, 0x62, 0x08, 0x83, 0x08, 0x62, 0x08, 0x21, 0x00, 0x00, 0x00,
    0x00, 0x00, 0x42, 0x00, 0xc4, 0x10, 0x25, 0x21, 0x66, 0x29, 0x46, 0x21, 0x25, 0x21, 0x25, 0x21,
    0x25, 0x21, 0x25, 0x21, 0x05, 0x19, 0x05, 0x19, 0x05, 0x21, 0x05, 0x19, 0x04, 0x19, 0xe4, 0x18,
    0x04, 0x19, 0xe4, 0x18, 0xc4, 0x18, 0xc3, 0x10, 0xc4, 0x10, 0xa3, 0x10, 0x83, 0x10, 0x83, 0x08,
    0xa3, 0x10, 0x83, 0x10, 0x83, 0x10, 0x83, 0x10, 0xa3, 0x10, 0x62, 0x08, 0x21, 0x00, 0x00, 0x00,
    0x00, 0x00, 0x21, 0x00, 0x62, 0x08, 0xa3, 0x10, 0x05, 0x19, 0x46, 0x21, 0x87, 0x29, 0xa7, 0x31,
    0xe8, 0x39, 0xe8, 0x39, 0xc8, 0x31, 0x87, 0x29, 0x66, 0x29, 0x25, 0x21, 0xc4, 0x10, 0x83, 0x08,
    0x83, 0x08, 0x62, 0x08, 0x62, 0x08, 0x62, 0x08, 0x83, 0x08, 0xa3, 0x10, 0xc3, 0x10, 0xc4, 0x10,
    0xe4, 0x18, 0xe4, 0x18, 0xe4, 0x18, 0xe4, 0x18, 0xc4, 0x10, 0x62, 0x08, 0x21, 0x00, 0x00, 0x00,
    0x00, 0x00, 0x00, 0x00, 0x21, 0x00, 0x42, 0x08, 0xa3, 0x10, 0x25, 0x21, 0xa7, 0x31, 0x09, 0x3a,
    0x29, 0x42, 0x09, 0x3a, 0xe8, 0x39, 0xe8, 0x39, 0xc7, 0x31, 0x46, 0x21, 0xc3, 0x10, 0x62, 0x08,
    0x42, 0x08, 0x42, 0x00, 0x21, 0x00, 0x21, 0x00, 0x62, 0x08, 0x83, 0x08, 0xc4, 0x10, 0xe4, 0x18,
    0x05, 0x21, 0x05, 0x19, 0x04, 0x19, 0x04, 0x19, 0xe4, 0x18, 0x62, 0x08, 0x21, 0x00, 0x00, 0x00,
    0x00, 0x00, 0x00, 0x00, 0x21, 0x00, 0x42, 0x00, 0x83, 0x08, 0xe4, 0x18, 0xa7, 0x31, 0x09, 0x42,
    0x09, 0x3a, 0xa7, 0x31, 0x87, 0x29, 0xa7, 0x31, 0xc8, 0x39, 0x86, 0x29, 0xc4, 0x10, 0x62, 0x08,
    0x42, 0x00, 0x41, 0x00, 0x21, 0x00, 0x21, 0x00, 0x42, 0x00, 0x62, 0x08, 0xc3, 0x10, 0x04, 0x19,
    0x05, 0x21, 0xe4, 0x18, 0xc4, 0x10, 0xc4, 0x18, 0xe4, 0x18, 0x82, 0x08, 0x21, 0x00, 0x00, 0x00,
    0x00, 0x00, 0x00, 0x00, 0x21, 0x00, 0x42, 0x08, 0x83, 0x08, 0xc4, 0x10, 0x66, 0x29, 0x09, 0x42,
    0x09, 0x3a, 0xa7, 0x31, 0x66, 0x29, 0x66, 0x29, 0xc8, 0x31, 0xa7, 0x31, 0xe4, 0x18, 0x62, 0x08,
    0x42, 0x00, 0x42, 0x00, 0x41, 0x00, 0x21, 0x00, 0x42, 0x08, 0x62, 0x08, 0xa3, 0x10, 0x04, 0x19,
    0x25, 0x21, 0xe4, 0x18, 0xa3, 0x10, 0xa3, 0x10, 0xc4, 0x18, 0x83, 0x08, 0x21, 0x00, 0x00, 0x00,
    0x00, 0x00, 0x00, 0x00, 0x41, 0x00, 0x62, 0x08, 0x83, 0x10, 0xc3, 0x10, 0x46, 0x21, 0xe8, 0x39,
    0x29, 0x42, 0xc8, 0x39, 0x87, 0x29, 0x87, 0x29, 0xc8, 0x31, 0xa7, 0x31, 0x25, 0x21, 0x82, 0x08,
    0x42, 0x08, 0x42, 0x00, 0x41, 0x00, 0x41, 0x00, 0x62, 0x08, 0x62, 0x08, 0xa3, 0x10, 0xe4, 0x18,
    0x25, 0x21, 0x04, 0x19, 0xc4, 0x18, 0xc4, 0x10, 0xc4, 0x18, 0x83, 0x08, 0x21, 0x00, 0x00, 0x00,
    0x00, 0x00, 0x21, 0x00, 0x42, 0x00, 0x62, 0x08, 0xa3, 0x10, 0xc4, 0x18, 0x25, 0x21, 0xa7, 0x31,
    0x29, 0x42, 0x09, 0x42, 0xe8, 0x39, 0xc8, 0x31, 0xc8, 0x31, 0x87, 0x31, 0x25, 0x21, 0xa3, 0x10,
    0x62, 0x08, 0x42, 0x08, 0x42, 0x00, 0x42, 0x00, 0x62, 0x08, 0x62, 0x08, 0xa3, 0x10, 0xc4, 0x18,
    0x25, 0x21, 0x05, 0x21, 0x04, 0x19, 0xe4, 0x18, 0xe4, 0x18, 0x82, 0x08, 0x21, 0x00, 0x00, 0x00,
    0x00, 0x00, 0x21, 0x00, 0x62, 0x08, 0xa3, 0x10, 0x05, 0x19, 0x25, 0x21, 0x46, 0x21, 0x66, 0x29,
    0xc7, 0x31, 0xc8, 0x31, 0xc8, 0x31, 0xa7, 0x31, 0x87, 0x31, 0x66, 0x29, 0x25, 0x21, 0xc4, 0x18,
    0xc3, 0x10, 0x83, 0x10, 0x82, 0x08, 0x62, 0x08, 0x83, 0x10, 0xa3, 0x10, 0xa3, 0x10, 0xc3, 0x10,
    0xe4, 0x18, 0xe4, 0x18, 0xe4, 0x18, 0xe4, 0x18, 0xc4, 0x10, 0x62, 0x08, 0x21, 0x00, 0x00, 0x00,
    0x00, 0x00, 0x42, 0x00, 0xe4, 0x18, 0x66, 0x29, 0xc8, 0x31, 0xa7, 0x31, 0x87, 0x31, 0x66, 0x29,
    0x46, 0x29, 0x25, 0x21, 0x04, 0x19, 0xe4, 0x18, 0xe4, 0x18, 0xe4, 0x18, 0xe4, 0x18, 0xe4, 0x18,
    0x05, 0x19, 0x05, 0x19, 0x05, 0x19, 0xe4, 0x18, 0x05, 0x19, 0xe4, 0x18, 0xe4, 0x18, 0xc3, 0x10,
    0xc4, 0x10, 0xa3, 0x10, 0x83, 0x08, 0x62, 0x08, 0x82, 0x08, 0x42, 0x00, 0x21, 0x00, 0x00, 0x00,
    0x00, 0x00, 0x62, 0x08, 0x25, 0x21, 0x08, 0x3a, 0x6a, 0x4a, 0x4a, 0x42, 0xe8, 0x39, 0x86, 0x29,
    0x05, 0x21, 0xa3, 0x10, 0x82, 0x08, 0x62, 0x08, 0x62, 0x08, 0x62, 0x08, 0x83, 0x10, 0xc4, 0x18,
    0x25, 0x21, 0x66, 0x29, 0x66, 0x29, 0x66, 0x29, 0x66, 0x29, 0x46, 0x21, 0x05, 0x21, 0xc4, 0x10,
    0xa3, 0x10, 0x62, 0x08, 0x42, 0x00, 0x21, 0x00, 0x42, 0x00, 0x21, 0x00, 0x00, 0x00, 0x00, 0x00,
    0x00, 0x00, 0x62, 0x08, 0x25, 0x21, 0xc8, 0x31, 0x29, 0x42, 0x4a, 0x4a, 0x49, 0x42, 0xa7, 0x31,
    0x05, 0x19, 0x83, 0x08, 0x42, 0x08, 0x42, 0x00, 0x62, 0x08, 0x42, 0x08, 0x62, 0x08, 0xa3, 0x10,
    0x45, 0x21, 0x87, 0x29, 0x86, 0x29, 0x46, 0x21, 0x46, 0x21, 0x46, 0x21, 0x25, 0x21, 0xe4, 0x18,
    0xa3, 0x10, 0x62, 0x08, 0x21, 0x00, 0x21, 0x00, 0x21, 0x00, 0x21, 0x00, 0x00, 0x00, 0x00, 0x00,
    0x00, 0x00, 0x62, 0x08, 0x25, 0x21, 0x87, 0x29, 0xc8, 0x31, 0x08, 0x3a, 0x49, 0x42, 0xe8, 0x39,
    0x25, 0x21, 0x82, 0x08, 0x42, 0x00, 0x41, 0x00, 0x62, 0x08, 0x42, 0x08, 0x62, 0x08, 0x83, 0x08,
    0x25, 0x21, 0xa7, 0x31, 0x86, 0x29, 0x25, 0x21, 0x25, 0x21, 0x25, 0x21, 0x25, 0x21, 0x05, 0x19,
    0xa3, 0x10, 0x42, 0x08, 0x21, 0x00, 0x21, 0x00, 0x21, 0x00, 0x21, 0x00, 0x00, 0x00, 0x00, 0x00,
    0x00, 0x00, 0x62, 0x08, 0x25, 0x21, 0xa7, 0x31, 0xc8, 0x31, 0xe8, 0x39, 0x29, 0x42, 0x09, 0x3a,
    0x46, 0x29, 0x83, 0x10, 0x42, 0x00, 0x41, 0x00, 0x62, 0x08, 0x62, 0x08, 0x62, 0x08, 0x83, 0x08,
    0x05, 0x21, 0x87, 0x31, 0xa7, 0x31, 0x46, 0x21, 0x25, 0x21, 0x05, 0x21, 0x25, 0x21, 0x25, 0x21,
    0xc4, 0x18, 0x62, 0x08, 0x21, 0x00, 0x21, 0x00, 0x21, 0x00, 0x21, 0x00, 0x00, 0x00, 0x00, 0x00,
    0x00, 0x00, 0x62, 0x08, 0x45, 0x21, 0xe8, 0x39, 0x29, 0x42, 0x29, 0x42, 0x29, 0x42, 0x09, 0x3a,
    0x87, 0x29, 0xc4, 0x10, 0x62, 0x08, 0x41, 0x00, 0x42, 0x08, 0x62, 0x08, 0x62, 0x08, 0x83, 0x08,
    0x04, 0x19, 0x66, 0x29, 0xa7, 0x31, 0x87, 0x29, 0x66, 0x29, 0x46, 0x21, 0x45, 0x21, 0x25, 0x21,
    0xe4, 0x18, 0x82, 0x08, 0x41, 0x00, 0x21, 0x00, 0x21, 0x00, 0x00, 0x00, 0x00, 0x00, 0x00, 0x00,
    0x00, 0x00, 0x42, 0x08, 0x25, 0x21, 0xe8, 0x39, 0x6a, 0x4a, 0x4a, 0x4a, 0x29, 0x42, 0xe8, 0x39,
    0x87, 0x29, 0x05, 0x19, 0xa3, 0x10, 0x62, 0x08, 0x62, 0x08, 0x62, 0x08, 0x83, 0x08, 0xa3, 0x10,
    0x05, 0x19, 0x46, 0x21, 0x86, 0x29, 0x87, 0x29, 0x87, 0x29, 0x66, 0x29, 0x46, 0x21, 0x05, 0x19,
    0xe4, 0x18, 0xa3, 0x10, 0x62, 0x08, 0x21, 0x00, 0x41, 0x00, 0x21, 0x00, 0x00, 0x00, 0x00, 0x00,
    0x00, 0x00, 0x42, 0x00, 0xc4, 0x18, 0x66, 0x29, 0xc7, 0x31, 0xa7, 0x31, 0x87, 0x29, 0x66, 0x29,
    0x66, 0x29, 0x45, 0x21, 0x05, 0x21, 0x04, 0x19, 0x05, 0x19, 0x04, 0x19, 0x04, 0x19, 0x04, 0x19,
    0x25, 0x21, 0x25, 0x21, 0x25, 0x21, 0x25, 0x21, 0x25, 0x21, 0x05, 0x21, 0xe4, 0x18, 0xc4, 0x10,
    0xc4, 0x10, 0xa3, 0x10, 0x83, 0x10, 0x82, 0x08, 0x82, 0x08, 0x42, 0x00, 0x21, 0x00, 0x00, 0x00,
    0x00, 0x00, 0x42, 0x00, 0xa3, 0x10, 0xc4, 0x10, 0xe4, 0x18, 0xc4, 0x10, 0xc3, 0x10, 0xc4, 0x10,
    0x05, 0x19, 0x45, 0x21, 0x66, 0x29, 0xa7, 0x31, 0xc8, 0x39, 0xc8, 0x31, 0xa7, 0x31, 0x87, 0x29,
    0x66, 0x29, 0x25, 0x21, 0xe4, 0x18, 0xa3, 0x10, 0xa3, 0x10, 0x83, 0x08, 0x82, 0x08, 0x62, 0x08,
    0xa3, 0x10, 0xa3, 0x10, 0xa3, 0x10, 0xc4, 0x10, 0xc4, 0x10, 0x82, 0x08, 0x21, 0x00, 0x00, 0x00,
    0x00, 0x00, 0x42, 0x00, 0x83, 0x08, 0x82, 0x08, 0x83, 0x08, 0x62, 0x08, 0x62, 0x08, 0x62, 0x08,
    0xa3, 0x10, 0x25, 0x21, 0xa7, 0x31, 0x08, 0x3a, 0x29, 0x42, 0x09, 0x3a, 0xe8, 0x39, 0xe8, 0x39,
    0xc8, 0x31, 0x46, 0x29, 0xc4, 0x18, 0x62, 0x08, 0x62, 0x08, 0x42, 0x08, 0x42, 0x00, 0x42, 0x00,
    0x62, 0x08, 0x83, 0x08, 0xc4, 0x10, 0xe4, 0x18, 0xe4, 0x18, 0x83, 0x08, 0x21, 0x00, 0x00, 0x00,
    0x00, 0x00, 0x42, 0x08, 0x83, 0x08, 0x62, 0x08, 0x62, 0x08, 0x42, 0x08, 0x42, 0x00, 0x42, 0x00,
    0x83, 0x08, 0xe4, 0x18, 0xa7, 0x31, 0x29, 0x42, 0x29, 0x42, 0xc8, 0x31, 0xa7, 0x31, 0xa7, 0x31,
    0xe8, 0x39, 0x87, 0x29, 0xe4, 0x18, 0x62, 0x08, 0x42, 0x08, 0x42, 0x00, 0x41, 0x00, 0x21, 0x00,
    0x42, 0x08, 0x62, 0x08, 0xc3, 0x10, 0x05, 0x19, 0xe4, 0x18, 0x82, 0x08, 0x21, 0x00, 0x00, 0x00,
    0x00, 0x00, 0x62, 0x08, 0x83, 0x10, 0x62, 0x08, 0x42, 0x08, 0x42, 0x00, 0x42, 0x00, 0x42, 0x00,
    0x62, 0x08, 0xc3, 0x10, 0x66, 0x29, 0x29, 0x42, 0x29, 0x42, 0xc8, 0x31, 0x87, 0x29, 0x87, 0x29,
    0xe8, 0x39, 0xa7, 0x31, 0x05, 0x19, 0x62, 0x08, 0x42, 0x00, 0x21, 0x00, 0x21, 0x00, 0x21, 0x00,
    0x42, 0x00, 0x62, 0x08, 0xa3, 0x10, 0x05, 0x19, 0x05, 0x19, 0x83, 0x08, 0x21, 0x00, 0x00, 0x00,
    0x00, 0x00, 0x62, 0x08, 0xa3, 0x10, 0x82, 0x08, 0x42, 0x08, 0x41, 0x00, 0x41, 0x00, 0x41, 0x00,
    0x62, 0x08, 0xa3, 0x10, 0x46, 0x21, 0x09, 0x3a, 0x6a, 0x4a, 0x09, 0x42, 0xc8, 0x31, 0xa7, 0x31,
    0xe8, 0x39, 0xc8, 0x31, 0x25, 0x21, 0x83, 0x08, 0x42, 0x08, 0x21, 0x00, 0x21, 0x00, 0x21, 0x00,
    0x42, 0x00, 0x42, 0x08, 0x83, 0x10, 0xe4, 0x18, 0x05, 0x19, 0x83, 0x10, 0x21, 0x00, 0x00, 0x00,
    0x00, 0x00, 0x62, 0x08, 0xc4, 0x10, 0xc3, 0x10, 0x83, 0x08, 0x42, 0x08, 0x42, 0x00, 0x42, 0x00,
    0x82, 0x08, 0xa3, 0x10, 0x25, 0x21, 0xc7, 0x31, 0x4a, 0x42, 0x4a, 0x4a, 0x29, 0x42, 0x09, 0x3a,
    0x09, 0x3a, 0xc8, 0x31, 0x46, 0x21, 0xc3, 0x10, 0x82, 0x08, 0x42, 0x00, 0x21, 0x00, 0x21, 0x00,
    0x42, 0x00, 0x62, 0x08, 0x83, 0x08, 0xc4, 0x10, 0xe4, 0x18, 0xa3, 0x10, 0x21, 0x00, 0x00, 0x00,
    0x00, 0x00, 0x42, 0x08, 0xc3, 0x10, 0xe4, 0x18, 0xe4, 0x18, 0xc4, 0x10, 0xa3, 0x10, 0xa3, 0x10,
    0xc4, 0x10, 0xe4, 0x18, 0x25, 0x21, 0x66, 0x29, 0xc8, 0x39, 0xe8, 0x39, 0x08, 0x3a, 0xe8, 0x39,
    0xc8, 0x39, 0x87, 0x31, 0x45, 0x21, 0xe4, 0x18, 0xc4, 0x10, 0x83, 0x08, 0x62, 0x08, 0x62, 0x08,
    0x82, 0x08, 0x83, 0x08, 0x83, 0x10, 0xa3, 0x10, 0xc4, 0x10, 0x83, 0x08, 0x21, 0x00, 0x00, 0x00,
    0x00, 0x00, 0x41, 0x00, 0xa3, 0x10, 0x05, 0x21, 0x66, 0x29, 0x87, 0x29, 0x87, 0x29, 0x87, 0x29,
    0xa7, 0x31, 0x87, 0x29, 0x66, 0x29, 0x66, 0x29, 0x66, 0x29, 0x46, 0x21, 0x25, 0x21, 0x05, 0x21,
    0x25, 0x21, 0x05, 0x21, 0x05, 0x19, 0x04, 0x19, 0x05, 0x21, 0x05, 0x19, 0xe4, 0x18, 0xe4, 0x18,
    0xe4, 0x18, 0xe4, 0x18, 0xc4, 0x10, 0xa3, 0x10, 0xa3, 0x10, 0x62, 0x08, 0x21, 0x00, 0x00, 0x00,
    0x00, 0x00, 0x21, 0x00, 0x62, 0x08, 0x05, 0x19, 0xc8, 0x31, 0x29, 0x42, 0x49, 0x42, 0x4a, 0x42,
    0x4a, 0x4a, 0x29, 0x42, 0xe8, 0x39, 0x66, 0x29, 0x25, 0x21, 0xc4, 0x10, 0x83, 0x10, 0x82, 0x08,
    0x83, 0x10, 0x83, 0x10, 0xa3, 0x10, 0xe4, 0x18, 0x45, 0x21, 0x66, 0x29, 0x66, 0x29, 0x46, 0x29,
    0x66, 0x29, 0x45, 0x21, 0x05, 0x19, 0xc4, 0x10, 0x83, 0x10, 0x42, 0x00, 0x00, 0x00, 0x00, 0x00,
    0x00, 0x00, 0x83, 0x10, 0x66, 0x29, 0xc7, 0x31, 0x87, 0x29, 0x66, 0x29, 0x46, 0x29, 0x45, 0x21,
    0x25, 0x21, 0x45, 0x21, 0x25, 0x21, 0x25, 0x21, 0x66, 0x29, 0xe8, 0x39, 0x29, 0x42, 0x09, 0x42,
    0xe8, 0x39, 0xe8, 0x39, 0x87, 0x31, 0x25, 0x21, 0xe4, 0x18, 0xe4, 0x18, 0xc4, 0x10, 0xc4, 0x10,
    0xc3, 0x10, 0xe4, 0x18, 0xc4, 0x18, 0xe4, 0x18, 0xe4, 0x18, 0xc4, 0x10, 0x42, 0x08, 0x00, 0x00,
    0x00, 0x00, 0x83, 0x10, 0xa7, 0x31, 0x08, 0x3a, 0xa7, 0x31, 0x87, 0x29, 0x66, 0x29, 0x66, 0x29,
    0x46, 0x21, 0x46, 0x29, 0x25, 0x21, 0x25, 0x21, 0x66, 0x29, 0xe8, 0x39, 0x29, 0x42, 0x09, 0x42,
    0xe8, 0x39, 0xe8, 0x39, 0xc7, 0x31, 0x66, 0x29, 0xe4, 0x18, 0xe4, 0x18, 0xe4, 0x18, 0xc4, 0x18,
    0xc4, 0x10, 0xe4, 0x18, 0xe4, 0x18, 0xe4, 0x18, 0xc4, 0x18, 0xc3, 0x10, 0x42, 0x08, 0x00, 0x00,
    0x00, 0x00, 0x83, 0x10, 0xa7, 0x31, 0x29, 0x42, 0xc8, 0x31, 0xa7, 0x31, 0x87, 0x29, 0x86, 0x29,
    0x66, 0x29, 0x66, 0x29, 0x46, 0x21, 0x25, 0x21, 0x46, 0x21, 0xc8, 0x31, 0x09, 0x42, 0x09, 0x42,
    0xe8, 0x39, 0xe8, 0x39, 0xc8, 0x31, 0x66, 0x29, 0x04, 0x19, 0xe4, 0x18, 0xe4, 0x18, 0xe4, 0x18,
    0xc4, 0x18, 0xe4, 0x18, 0xe4, 0x18, 0xe4, 0x18, 0xc4, 0x10, 0xa3, 0x10, 0x42, 0x00, 0x00, 0x00,
    0x00, 0x00, 0x83, 0x10, 0x87, 0x31, 0x29, 0x42, 0xe8, 0x39, 0xa7, 0x31, 0x87, 0x31, 0x87, 0x29,
    0x86, 0x29, 0x87, 0x29, 0x66, 0x29, 0x46, 0x21, 0x46, 0x21, 0xa7, 0x31, 0xe8, 0x39, 0x08, 0x3a,
    0xe8, 0x39, 0xe8, 0x39, 0xa7, 0x31, 0x66, 0x29, 0x05, 0x19, 0xe4, 0x18, 0xe4, 0x18, 0xe4, 0x18,
    0xe4, 0x18, 0x04, 0x19, 0xe4, 0x18, 0xe4, 0x18, 0xc4, 0x10, 0xa3, 0x10, 0x42, 0x00, 0x00, 0x00,
    0x00, 0x00, 0x83, 0x08, 0x46, 0x29, 0xe8, 0x39, 0xe8, 0x39, 0xc8, 0x31, 0xa7, 0x31, 0x87, 0x31,
    0x87, 0x29, 0x87, 0x31, 0x86, 0x29, 0x66, 0x29, 0x66, 0x29, 0x87, 0x29, 0xa7, 0x31, 0xa7, 0x31,
    0xa7, 0x31, 0xa7, 0x31, 0x66, 0x29, 0x45, 0x21, 0x05, 0x19, 0x04, 0x19, 0xe4, 0x18, 0xe4, 0x18,
    0xe4, 0x18, 0x04, 0x19, 0xe4, 0x18, 0xe4, 0x18, 0xc4, 0x10, 0xa3, 0x10, 0x41, 0x00, 0x00, 0x00,
    0x00, 0x00, 0x62, 0x08, 0x04, 0x19, 0x87, 0x29, 0xc8, 0x31, 0xe8, 0x39, 0xc8, 0x39, 0xc8, 0x31,
    0xa7, 0x31, 0xc8, 0x31, 0xa7, 0x31, 0x87, 0x31, 0x86, 0x29, 0x86, 0x29, 0x66, 0x29, 0x46, 0x21,
    0x25, 0x21, 0x25, 0x21, 0x05, 0x21, 0x04, 0x19, 0xe4, 0x18, 0x04, 0x19, 0xe4, 0x18, 0xe4, 0x18,
    0xe4, 0x18, 0x05, 0x19, 0x05, 0x19, 0x05, 0x19, 0xe4, 0x18, 0xa3, 0x10, 0x41, 0x00, 0x00, 0x00,
    0x00, 0x00, 0x42, 0x08, 0xc4, 0x10, 0x46, 0x21, 0x87, 0x31, 0xe8, 0x39, 0x09, 0x3a, 0x29, 0x42,
    0x4a, 0x42, 0x6a, 0x4a, 0x49, 0x42, 0x09, 0x3a, 0xc7, 0x31, 0x87, 0x31, 0x46, 0x21, 0x25, 0x21,
    0xe4, 0x18, 0x04, 0x19, 0xe4, 0x18, 0xe4, 0x18, 0xc4, 0x18, 0x04, 0x19, 0x05, 0x19, 0x25, 0x21,
    0x25, 0x21, 0x46, 0x29, 0x46, 0x21, 0x25, 0x21, 0xe4, 0x18, 0xa3, 0x10, 0x21, 0x00, 0x00, 0x00,
    0x00, 0x00, 0x42, 0x08, 0xc4, 0x10, 0x46, 0x21, 0x86, 0x29, 0xc8, 0x31, 0x29, 0x42, 0x8b, 0x52,
    0xec, 0x5a, 0x0d, 0x5b, 0xec, 0x5a, 0x8b, 0x52, 0x29, 0x42, 0xa7, 0x31, 0x46, 0x21, 0x25, 0x21,
    0x04, 0x19, 0x05, 0x19, 0xe4, 0x18, 0xe4, 0x18, 0xc4, 0x18, 0x04, 0x19, 0x25, 0x21, 0x46, 0x21,
    0x66, 0x29, 0xa7, 0x31, 0x87, 0x31, 0x66, 0x29, 0x05, 0x21, 0xa3, 0x10, 0x21, 0x00, 0x00, 0x00,
    0x00, 0x00, 0x62, 0x08, 0xe4, 0x18, 0x66, 0x29, 0x87, 0x29, 0xc7, 0x31, 0x29, 0x42, 0xcb, 0x52,
    0x0d, 0x63, 0x2d, 0x63, 0x0d, 0x5b, 0xcc, 0x5a, 0x6a, 0x4a, 0xe8, 0x39, 0x46, 0x29, 0x25, 0x21,
    0x05, 0x19, 0x25, 0x21, 0x05, 0x19, 0x04, 0x19, 0xe4, 0x18, 0x05, 0x19, 0x25, 0x21, 0x66, 0x29,
    0x87, 0x31, 0xa7, 0x31, 0xa7, 0x31, 0x87, 0x31, 0x25, 0x21, 0xa3, 0x10, 0x21, 0x00, 0x00, 0x00,
    0x00, 0x00, 0x62, 0x08, 0xe4, 0x18, 0x86, 0x29, 0xa7, 0x31, 0xc8, 0x31, 0x09, 0x3a, 0xab, 0x52,
    0x0d, 0x63, 0x2d, 0x63, 0xec, 0x5a, 0xcc, 0x52, 0x8b, 0x4a, 0x09, 0x3a, 0x66, 0x29, 0x25, 0x21,
    0x05, 0x19, 0x25, 0x21, 0x25, 0x21, 0x05, 0x19, 0x04, 0x19, 0x05, 0x19, 0x25, 0x21, 0x66, 0x29,
    0xa7, 0x31, 0xa7, 0x31, 0x87, 0x31, 0x87, 0x29, 0x45, 0x21, 0xa3, 0x10, 0x21, 0x00, 0x00, 0x00,
    0x00, 0x00, 0x62, 0x08, 0xe4, 0x18, 0x87, 0x29, 0xc8, 0x31, 0xe8, 0x39, 0x08, 0x3a, 0x8a, 0x4a,
    0xec, 0x5a, 0x2d, 0x63, 0x0c, 0x5b, 0xcc, 0x52, 0x8b, 0x4a, 0x09, 0x42, 0x66, 0x29, 0x25, 0x21,
    0x05, 0x19, 0x25, 0x21, 0x25, 0x21, 0x25, 0x21, 0x05, 0x19, 0x25, 0x21, 0x25, 0x21, 0x46, 0x29,
    0x87, 0x29, 0xc7, 0x31, 0xa7, 0x31, 0x87, 0x29, 0x25, 0x21, 0xa3, 0x10, 0x21, 0x00, 0x00, 0x00,
    0x00, 0x00, 0x62, 0x08, 0xe4, 0x18, 0x87, 0x31, 0xe8, 0x39, 0xe8, 0x39, 0x09, 0x3a, 0x4a, 0x42,
    0x8b, 0x52, 0xec, 0x5a, 0xcc, 0x5a, 0xab, 0x52, 0x4a, 0x4a, 0x08, 0x3a, 0x86, 0x29, 0x25, 0x21,
    0x05, 0x19, 0x25, 0x21, 0x25, 0x21, 0x25, 0x21, 0x05, 0x21, 0x25, 0x21, 0x25, 0x21, 0x46, 0x21,
    0x66, 0x29, 0xa7, 0x31, 0x87, 0x31, 0x86, 0x29, 0x25, 0x21, 0xa3, 0x10, 0x21, 0x00, 0x00, 0x00,
    0x00, 0x00, 0x62, 0x08, 0x04, 0x19, 0xa7, 0x31, 0xe8, 0x39, 0x09, 0x42, 0x09, 0x42, 0x29, 0x42,
    0x29, 0x42, 0x4a, 0x42, 0x29, 0x42, 0x09, 0x3a, 0xc8, 0x39, 0xa7, 0x31, 0x66, 0x29, 0x45, 0x21,
    0x25, 0x21, 0x25, 0x21, 0x25, 0x21, 0x25, 0x21, 0x25, 0x21, 0x45, 0x21, 0x45, 0x21, 0x45, 0x21,
    0x25, 0x21, 0x46, 0x29, 0x46, 0x21, 0x25, 0x21, 0xe4, 0x18, 0x83, 0x10, 0x21, 0x00, 0x00, 0x00,
    0x00, 0x00, 0x62, 0x08, 0x25, 0x21, 0x08, 0x3a, 0x4a, 0x4a, 0x6a, 0x4a, 0x49, 0x42, 0x09, 0x42,
    0xe8, 0x39, 0xc8, 0x39, 0xa7, 0x31, 0x86, 0x29, 0x66, 0x29, 0x66, 0x29, 0x66, 0x29, 0x46, 0x29,
    0x46, 0x29, 0x66, 0x29, 0x66, 0x29, 0x66, 0x29, 0x66, 0x29, 0x66, 0x29, 0x46, 0x29, 0x25, 0x21,
    0x25, 0x21, 0x25, 0x21, 0x05, 0x19, 0xe4, 0x18, 0xa3, 0x10, 0x82, 0x08, 0x21, 0x00, 0x00, 0x00,
    0x00, 0x00, 0x83, 0x08, 0x87, 0x31, 0xab, 0x52, 0x2d, 0x63, 0x0c, 0x5b, 0x8b, 0x4a, 0x29, 0x42,
    0xc8, 0x31, 0xa7, 0x31, 0x87, 0x29, 0x66, 0x29, 0x46, 0x21, 0x46, 0x29, 0x46, 0x21, 0x46, 0x29,
    0x87, 0x29, 0xc8, 0x39, 0xe8, 0x39, 0xe8, 0x39, 0xc8, 0x39, 0xc8, 0x31, 0x87, 0x29, 0x46, 0x21,
    0x05, 0x19, 0x05, 0x19, 0xe4, 0x18, 0xc4, 0x18, 0xa3, 0x10, 0x62, 0x08, 0x21, 0x00, 0x00, 0x00,
    0x00, 0x00, 0x83, 0x10, 0xa7, 0x31, 0xab, 0x52, 0x2d, 0x63, 0x4d, 0x63, 0xec, 0x5a, 0x49, 0x42,
    0xa7, 0x31, 0xa7, 0x31, 0x87, 0x29, 0x66, 0x29, 0x66, 0x29, 0x66, 0x29, 0x66, 0x29, 0x66, 0x29,
    0xa7, 0x31, 0x09, 0x42, 0x4a, 0x42, 0x4a, 0x42, 0x29, 0x42, 0x09, 0x42, 0xc8, 0x31, 0x66, 0x29,
    0x05, 0x19, 0xe4, 0x18, 0xe4, 0x18, 0xc4, 0x18, 0xa3, 0x10, 0x82, 0x08, 0x21, 0x00, 0x00, 0x00,
    0x00, 0x00, 0x83, 0x10, 0xa7, 0x31, 0xab, 0x52, 0x2d, 0x63, 0x4d, 0x63, 0x2d, 0x63, 0x6a, 0x4a,
    0xa7, 0x31, 0x87, 0x29, 0x86, 0x29, 0x66, 0x29, 0x66, 0x29, 0x87, 0x29, 0x66, 0x29, 0x66, 0x29,
    0xa7, 0x31, 0x29, 0x42, 0x8a, 0x4a, 0x6a, 0x4a, 0x29, 0x42, 0x29, 0x42, 0xe8, 0x39, 0x86, 0x29,
    0x05, 0x19, 0xe4, 0x18, 0xc4, 0x18, 0xc4, 0x10, 0xa3, 0x10, 0x82, 0x08, 0x21, 0x00, 0x00, 0x00,
    0x00, 0x00, 0x83, 0x08, 0xa7, 0x31, 0xab, 0x52, 0x2d, 0x63, 0x4d, 0x63, 0x2d, 0x63, 0x8b, 0x4a,
    0xa7, 0x31, 0x66, 0x29, 0x66, 0x29, 0x66, 0x29, 0x66, 0x29, 0x87, 0x29, 0x87, 0x29, 0x87, 0x29,
    0xa7, 0x31, 0x29, 0x42, 0x8b, 0x4a, 0x8a, 0x4a, 0x4a, 0x42, 0x49, 0x42, 0x09, 0x3a, 0x87, 0x31,
    0x05, 0x19, 0xe4, 0x18, 0xc4, 0x10, 0xc3, 0x10, 0xa3, 0x10, 0x82, 0x08, 0x21, 0x00, 0x00, 0x00,
    0x00, 0x00, 0x83, 0x08, 0xa7, 0x31, 0xab, 0x52, 0x2d, 0x63, 0x4d, 0x63, 0x2d, 0x63, 0x8b, 0x4a,
    0xc8, 0x31, 0x66, 0x29, 0x66, 0x29, 0x66, 0x29, 0x66, 0x29, 0x87, 0x29, 0x87, 0x29, 0x87, 0x29,
    0xa7, 0x31, 0x09, 0x3a, 0x6a, 0x4a, 0x8a, 0x4a, 0x6a, 0x4a, 0x4a, 0x42, 0x09, 0x3a, 0xa7, 0x31,
    0x25, 0x21, 0xe4, 0x18, 0xc4, 0x10, 0xc3, 0x10, 0xa3, 0x10, 0x62, 0x08, 0x21, 0x00, 0x00, 0x00,
    0x00, 0x00, 0x62, 0x08, 0x66, 0x29, 0x8b, 0x52, 0x2d, 0x63, 0x0d, 0x63, 0xcc, 0x52, 0x4a, 0x42,
    0xc8, 0x39, 0x87, 0x31, 0x66, 0x29, 0x46, 0x29, 0x66, 0x29, 0x87, 0x29, 0x87, 0x29, 0xa7, 0x31,
    0xa7, 0x31, 0xe8, 0x39, 0x09, 0x42, 0x29, 0x42, 0x29, 0x42, 0x09, 0x42, 0xc8, 0x39, 0x86, 0x29,
    0x25, 0x21, 0x05, 0x19, 0xc4, 0x18, 0xc3, 0x10, 0x83, 0x10, 0x62, 0x08, 0x21, 0x00, 0x00, 0x00,
    0x00, 0x00, 0x62, 0x08, 0x25, 0x21, 0xe8, 0x39, 0x49, 0x42, 0x49, 0x42, 0x09, 0x42, 0xe8, 0x39,
    0xc7, 0x31, 0xc7, 0x31, 0xa7, 0x31, 0x87, 0x31, 0x87, 0x29, 0xa7, 0x31, 0xa7, 0x31, 0xc7, 0x31,
    0xc7, 0x31, 0xe8, 0x39, 0xc8, 0x39, 0xc8, 0x31, 0xa7, 0x31, 0xa7, 0x31, 0x66, 0x29, 0x46, 0x21,
    0x25, 0x21, 0x05, 0x21, 0xe4, 0x18, 0xe4, 0x18, 0xa3, 0x10, 0x82, 0x08, 0x21, 0x00, 0x00, 0x00,
    0x00, 0x00, 0x62, 0x08, 0x05, 0x19, 0x87, 0x31, 0xc8, 0x31, 0xc8, 0x31, 0xa7, 0x31, 0xa7, 0x31,
    0xa7, 0x31, 0xc8, 0x39, 0xe8, 0x39, 0x09, 0x42, 0x29, 0x42, 0x6a, 0x4a, 0x4a, 0x42, 0x29, 0x42,
    0xe8, 0x39, 0xe8, 0x39, 0xa7, 0x31, 0x87, 0x29, 0x66, 0x29, 0x66, 0x29, 0x46, 0x21, 0x25, 0x21,
    0x05, 0x19, 0x25, 0x21, 0x25, 0x21, 0x25, 0x21, 0xe4, 0x18, 0xa3, 0x10, 0x41, 0x00, 0x00, 0x00,
    0x00, 0x00, 0x62, 0x08, 0xe4, 0x18, 0x66, 0x29, 0xa7, 0x31, 0xa7, 0x31, 0xa7, 0x31, 0xa7, 0x31,
    0x87, 0x31, 0xc8, 0x39, 0x29, 0x42, 0xab, 0x52, 0xec, 0x5a, 0x2d, 0x63, 0x0c, 0x5b, 0xcb, 0x52,
    0x4a, 0x42, 0xe8, 0x39, 0x87, 0x31, 0x66, 0x29, 0x46, 0x21, 0x46, 0x21, 0x25, 0x21, 0x25, 0x21,
    0x05, 0x19, 0x25, 0x21, 0x45, 0x21, 0x66, 0x29, 0x46, 0x21, 0xe4, 0x18, 0x42, 0x00, 0x00, 0x00,
    0x00, 0x00, 0x62, 0x08, 0xe4, 0x18, 0x46, 0x21, 0x87, 0x29, 0xa7, 0x31, 0xa7, 0x31, 0xa7, 0x31,
    0xa7, 0x31, 0xc8, 0x39, 0x49, 0x42, 0xec, 0x5a, 0x2d, 0x63, 0x4d, 0x63, 0x2d, 0x63, 0x0d, 0x63,
    0xab, 0x52, 0x29, 0x42, 0x87, 0x29, 0x46, 0x21, 0x25, 0x21, 0x45, 0x21, 0x25, 0x21, 0x25, 0x21,
    0x05, 0x19, 0x25, 0x21, 0x46, 0x21, 0x87, 0x29, 0x66, 0x29, 0xe4, 0x18, 0x42, 0x08, 0x00, 0x00,
    0x00, 0x00, 0x62, 0x08, 0xe4, 0x18, 0x25, 0x21, 0x66, 0x29, 0x87, 0x29, 0x87, 0x29, 0xa7, 0x31,
    0xa7, 0x31, 0xc8, 0x31, 0x29, 0x42, 0xec, 0x5a, 0x2d, 0x63, 0x4d, 0x63, 0x2d, 0x63, 0x2d, 0x63,
    0xec, 0x5a, 0x6a, 0x4a, 0xa7, 0x31, 0x45, 0x21, 0x25, 0x21, 0x25, 0x21, 0x25, 0x21, 0x05, 0x21,
    0x05, 0x19, 0x25, 0x21, 0x45, 0x21, 0x87, 0x29, 0x86, 0x29, 0x05, 0x19, 0x42, 0x08, 0x00, 0x00,
    0x00, 0x00, 0x82, 0x08, 0xe4, 0x18, 0x25, 0x21, 0x46, 0x21, 0x66, 0x29, 0x66, 0x29, 0x87, 0x29,
    0x87, 0x31, 0xc8, 0x31, 0x09, 0x42, 0xab, 0x52, 0x2d, 0x63, 0x4d, 0x63, 0x2d, 0x63, 0x2d, 0x63,
    0x0d, 0x5b, 0x8b, 0x4a, 0xc8, 0x31, 0x46, 0x21, 0x05, 0x21, 0x25, 0x21, 0x05, 0x19, 0x05, 0x19,
    0x05, 0x19, 0x25, 0x21, 0x25, 0x21, 0x66, 0x29, 0x66, 0x29, 0x05, 0x19, 0x62, 0x08, 0x00, 0x00,
    0x00, 0x00, 0x82, 0x08, 0x04, 0x19, 0x45, 0x21, 0x46, 0x21, 0x66, 0x29, 0x66, 0x29, 0x66, 0x29,
    0x87, 0x29, 0xc8, 0x31, 0x09, 0x3a, 0x6a, 0x4a, 0xec, 0x5a, 0x4d, 0x63, 0x2d, 0x63, 0x2d, 0x63,
    0xec, 0x5a, 0x8a, 0x4a, 0xe8, 0x39, 0x66, 0x29, 0x25, 0x21, 0x25, 0x21, 0x05, 0x19, 0x05, 0x19,
    0xe4, 0x18, 0x25, 0x21, 0x25, 0x21, 0x46, 0x29, 0x46, 0x21, 0xe4, 0x18, 0x42, 0x08, 0x00, 0x00,
    0x00, 0x00, 0x62, 0x08, 0x04, 0x19, 0x66, 0x29, 0x66, 0x29, 0x66, 0x29, 0x66, 0x29, 0x86, 0x29,
    0x87, 0x29, 0xc8, 0x39, 0x08, 0x3a, 0x29, 0x42, 0x6a, 0x4a, 0xab, 0x52, 0xcb, 0x52, 0xab, 0x52,
    0x6a, 0x4a, 0x49, 0x42, 0xe8, 0x39, 0x87, 0x29, 0x46, 0x21, 0x45, 0x21, 0x25, 0x21, 0x05, 0x19,
    0x05, 0x19, 0x25, 0x21, 0x25, 0x21, 0x46, 0x21, 0x25, 0x21, 0xc4, 0x10, 0x42, 0x00, 0x00, 0x00,
    0x00, 0x00, 0x62, 0x08, 0xe4, 0x18, 0x86, 0x29, 0xc8, 0x31, 0xe8, 0x39, 0xe8, 0x39, 0x08, 0x3a,
    0x08, 0x3a, 0x29, 0x42, 0x29, 0x42, 0x09, 0x42, 0x09, 0x3a, 0x29, 0x42, 0x09, 0x3a, 0xe8, 0x39,
    0xe8, 0x39, 0xe8, 0x39, 0xc8, 0x31, 0xa7, 0x31, 0x87, 0x29, 0x87, 0x29, 0x86, 0x29, 0x66, 0x29,
    0x46, 0x29, 0x66, 0x29, 0x46, 0x29, 0x46, 0x21, 0x05, 0x19, 0xa3, 0x10, 0x41, 0x00, 0x00, 0x00,
    0x00, 0x00, 0x42, 0x08, 0xc4, 0x18, 0x86, 0x29, 0x09, 0x42, 0x8b, 0x4a, 0xec, 0x5a, 0x0c, 0x5b,
    0xec, 0x5a, 0xcc, 0x5a, 0x8a, 0x4a, 0x29, 0x42, 0xe8, 0x39, 0xc8, 0x39, 0xc8, 0x31, 0xa7, 0x31,
    0xa7, 0x31, 0xa7, 0x31, 0xa7, 0x31, 0xa7, 0x31, 0xc7, 0x31, 0x09, 0x3a, 0x09, 0x42, 0x09, 0x3a,
    0xe8, 0x39, 0xe8, 0x39, 0xa7, 0x31, 0x66, 0x29, 0x04, 0x19, 0xa3, 0x10, 0x41, 0x00, 0x00, 0x00,
    0x00, 0x00, 0x82, 0x08, 0x66, 0x29, 0xe8, 0x39, 0xe8, 0x39, 0xe8, 0x39, 0xe8, 0x39, 0xc8, 0x31,
    0xa7, 0x31, 0xa7, 0x31, 0xa7, 0x31, 0x87, 0x29, 0x87, 0x29, 0xa7, 0x31, 0x09, 0x3a, 0x29, 0x42,
    0x09, 0x3a, 0xc8, 0x31, 0x87, 0x31, 0x46, 0x21, 0x25, 0x21, 0x05, 0x21, 0x25, 0x21, 0x25, 0x21,
    0x05, 0x21, 0x05, 0x21, 0x25, 0x21, 0x25, 0x21, 0x05, 0x19, 0xa3, 0x10, 0x62, 0x08, 0x00, 0x00,
    0x00, 0x00, 0x82, 0x08, 0x87, 0x31, 0x08, 0x3a, 0x08, 0x3a, 0xe8, 0x39, 0xe8, 0x39, 0xc8, 0x31,
    0xa7, 0x31, 0x87, 0x31, 0xa7, 0x31, 0x87, 0x31, 0x87, 0x29, 0xc8, 0x31, 0x49, 0x42, 0x6a, 0x4a,
    0x4a, 0x4a, 0x09, 0x42, 0xc8, 0x39, 0x66, 0x29, 0x25, 0x21, 0x05, 0x21, 0x25, 0x21, 0x05, 0x21,
    0x05, 0x19, 0x05, 0x19, 0x25, 0x21, 0x25, 0x21, 0x04, 0x19, 0xa3, 0x10, 0x62, 0x08, 0x00, 0x00,
    0x00, 0x00, 0x82, 0x08, 0xa7, 0x31, 0x29, 0x42, 0x09, 0x3a, 0xe8, 0x39, 0xe8, 0x39, 0xc7, 0x31,
    0xa7, 0x31, 0x87, 0x31, 0xa7, 0x31, 0x87, 0x31, 0x87, 0x29, 0xa7, 0x31, 0x29, 0x42, 0x6a, 0x4a,
    0x6a, 0x4a, 0x29, 0x42, 0xe8, 0x39, 0x87, 0x29, 0x25, 0x21, 0x05, 0x21, 0x25, 0x21, 0x05, 0x21,
    0x05, 0x19, 0x04, 0x19, 0x25, 0x21, 0x25, 0x21, 0xe4, 0x18, 0xa3, 0x10, 0x42, 0x08, 0x00, 0x00,
    0x00, 0x00, 0x82, 0x08, 0xa7, 0x31, 0x29, 0x42, 0x29, 0x42, 0xe8, 0x39, 0xe8, 0x39, 0xc8, 0x31,
    0xa7, 0x31, 0x87, 0x31, 0xa7, 0x31, 0x87, 0x31, 0x87, 0x29, 0xa7, 0x31, 0xe8, 0x39, 0x29, 0x42,
    0x29, 0x42, 0x09, 0x3a, 0xe8, 0x39, 0x87, 0x29, 0x46, 0x21, 0x25, 0x21, 0x25, 0x21, 0x05, 0x21,
    0x05, 0x19, 0x04, 0x19, 0x05, 0x21, 0x05, 0x21, 0xe4, 0x18, 0x83, 0x10, 0x42, 0x00, 0x00, 0x00,
    0x00, 0x00, 0x62, 0x08, 0x66, 0x29, 0x29, 0x42, 0x29, 0x42, 0x08, 0x3a, 0xe8, 0x39, 0xc8, 0x39,
    0xa7, 0x31, 0xa7, 0x31, 0xa7, 0x31, 0xa7, 0x31, 0x87, 0x29, 0x87, 0x29, 0xc7, 0x31, 0xc8, 0x31,
    0xc8, 0x31, 0xa7, 0x31, 0xa7, 0x31, 0x66, 0x29, 0x46, 0x21, 0x25, 0x21, 0x25, 0x21, 0x25, 0x21,
    0x05, 0x19, 0x04, 0x19, 0x05, 0x21, 0x05, 0x19, 0xe4, 0x18, 0x83, 0x08, 0x42, 0x00, 0x00, 0x00,
    0x00, 0x00, 0x62, 0x08, 0x46, 0x21, 0x08, 0x3a, 0x29, 0x42, 0x09, 0x42, 0x09, 0x3a, 0xe8, 0x39,
    0xc8, 0x31, 0xa7, 0x31, 0xa7, 0x31, 0xa7, 0x31, 0xa7, 0x31, 0x87, 0x29, 0xa7, 0x31, 0x87, 0x31,
    0x86, 0x29, 0x66, 0x29, 0x66, 0x29, 0x66, 0x29, 0x46, 0x21, 0x25, 0x21, 0x45, 0x21, 0x25, 0x21,
    0x05, 0x21, 0x05, 0x19, 0x05, 0x21, 0x05, 0x19, 0xe4, 0x18, 0x83, 0x08, 0x42, 0x00, 0x00, 0x00,
    0x00, 0x00, 0x62, 0x08, 0x25, 0x21, 0xe8, 0x39, 0x29, 0x42, 0x29, 0x42, 0x29, 0x42, 0x29, 0x42,
    0x29, 0x42, 0x09, 0x3a, 0x09, 0x3a, 0xe8, 0x39, 0xc7, 0x31, 0x87, 0x31, 0xa7, 0x31, 0x87, 0x29,
    0x66, 0x29, 0x66, 0x29, 0x66, 0x29, 0x46, 0x29, 0x46, 0x21, 0x25, 0x21, 0x46, 0x21, 0x46, 0x21,
    0x45, 0x21, 0x25, 0x21, 0x45, 0x21, 0x25, 0x21, 0xe4, 0x18, 0x83, 0x08, 0x42, 0x00, 0x00, 0x00,
    0x00, 0x00, 0x62, 0x08, 0x25, 0x21, 0xe8, 0x39, 0x29, 0x42, 0x29, 0x42, 0x4a, 0x42, 0x8a, 0x4a,
    0xab, 0x52, 0xcc, 0x52, 0xcb, 0x52, 0x6a, 0x4a, 0x09, 0x3a, 0xa7, 0x31, 0xa7, 0x31, 0x87, 0x29,
    0x66, 0x29, 0x66, 0x29, 0x66, 0x29, 0x46, 0x29, 0x46, 0x21, 0x25, 0x21, 0x46, 0x21, 0x66, 0x29,
    0x66, 0x29, 0x87, 0x29, 0x87, 0x31, 0x66, 0x29, 0x25, 0x21, 0x83, 0x10, 0x42, 0x00, 0x00, 0x00,
    0x00, 0x00, 0x42, 0x08, 0x25, 0x21, 0xe8, 0x39, 0x29, 0x42, 0x09, 0x42, 0x4a, 0x42, 0xab, 0x52,
    0x2d, 0x63, 0x2d, 0x63, 0x4d, 0x63, 0x0c, 0x5b, 0x6a, 0x4a, 0xc8, 0x39, 0xa7, 0x31, 0x87, 0x31,
    0x86, 0x29, 0x66, 0x29, 0x66, 0x29, 0x46, 0x29, 0x46, 0x21, 0x25, 0x21, 0x46, 0x21, 0x66, 0x29,
    0xa7, 0x31, 0xc7, 0x31, 0xe8, 0x39, 0xc7, 0x31, 0x46, 0x21, 0xa3, 0x10, 0x42, 0x00, 0x00, 0x00,
    0x00, 0x00, 0x42, 0x08, 0x25, 0x21, 0xc8, 0x39, 0x29, 0x42, 0x09, 0x42, 0x49, 0x42, 0x8b, 0x52,
    0x2d, 0x63, 0x2d, 0x63, 0x4d, 0x63, 0x2d, 0x63, 0xcb, 0x52, 0x09, 0x42, 0xc8, 0x31, 0xa7, 0x31,
    0x87, 0x29, 0x66, 0x29, 0x66, 0x29, 0x46, 0x29, 0x45, 0x21, 0x25, 0x21, 0x46, 0x21, 0x66, 0x29,
    0xa7, 0x31, 0xc8, 0x31, 0xe8, 0x39, 0xe8, 0x39, 0x66, 0x29, 0xa3, 0x10, 0x42, 0x00, 0x00, 0x00,
    0x00, 0x00, 0x42, 0x08, 0x25, 0x21, 0xc8, 0x31, 0x09, 0x42, 0x09, 0x3a, 0x29, 0x42, 0x6a, 0x4a,
    0xec, 0x5a, 0x2d, 0x63, 0x4d, 0x63, 0x2d, 0x63, 0xcc, 0x5a, 0x29, 0x42, 0xe8, 0x39, 0xa7, 0x31,
    0x87, 0x31, 0x66, 0x29, 0x66, 0x29, 0x46, 0x29, 0x45, 0x21, 0x25, 0x21, 0x45, 0x21, 0x46, 0x21,
    0x86, 0x29, 0xa7, 0x31, 0xe8, 0x39, 0xc8, 0x39, 0x66, 0x29, 0xa3, 0x10, 0x42, 0x00, 0x00, 0x00,
    0x00, 0x00, 0x42, 0x08, 0x25, 0x21, 0xc8, 0x31, 0x09, 0x3a, 0x09, 0x3a, 0x29, 0x42, 0x49, 0x42,
    0x8a, 0x4a, 0xcc, 0x52, 0x0c, 0x5b, 0xec, 0x5a, 0xab, 0x52, 0x29, 0x42, 0xe8, 0x39, 0xc7, 0x31,
    0xa7, 0x31, 0x87, 0x29, 0x87, 0x29, 0x66, 0x29, 0x46, 0x21, 0x25, 0x21, 0x45, 0x21, 0x45, 0x21,
    0x46, 0x21, 0x66, 0x29, 0xa7, 0x31, 0xa7, 0x31, 0x46, 0x21, 0xa3, 0x10, 0x42, 0x00, 0x00, 0x00,
    0x00, 0x00, 0x62, 0x08, 0x25, 0x21, 0xc8, 0x39, 0x09, 0x42, 0x09, 0x3a, 0x29, 0x42, 0x29, 0x42,
    0x29, 0x42, 0x49, 0x42, 0x6a, 0x4a, 0x4a, 0x4a, 0x49, 0x42, 0x09, 0x42, 0xe8, 0x39, 0xc8, 0x31,
    0xa7, 0x31, 0x87, 0x31, 0x87, 0x31, 0x66, 0x29, 0x46, 0x29, 0x45, 0x21, 0x46, 0x21, 0x25, 0x21,
    0x25, 0x21, 0x45, 0x21, 0x66, 0x29, 0x46, 0x21, 0x05, 0x19, 0xa3, 0x10, 0x42, 0x00, 0x00, 0x00,
    0x00, 0x00, 0x62, 0x08, 0x46, 0x21, 0x08, 0x3a, 0x4a, 0x42, 0x29, 0x42, 0x49, 0x42, 0x29, 0x42,
    0x29, 0x42, 0x09, 0x3a, 0x29, 0x42, 0x09, 0x3a, 0x09, 0x3a, 0x09, 0x3a, 0xe8, 0x39, 0xe8, 0x39,
    0xc8, 0x31, 0xa7, 0x31, 0xa7, 0x31, 0x87, 0x31, 0x66, 0x29, 0x46, 0x29, 0x66, 0x29, 0x46, 0x21,
    0x25, 0x21, 0x25, 0x21, 0x46, 0x21, 0x25, 0x21, 0xe4, 0x18, 0x83, 0x08, 0x42, 0x00, 0x00, 0x00,
    0x00, 0x00, 0x62, 0x08, 0x87, 0x29, 0x8b, 0x4a, 0xec, 0x5a, 0xab, 0x52, 0x8a, 0x4a, 0x49, 0x42,
    0x29, 0x42, 0x09, 0x3a, 0x29, 0x42, 0x09, 0x3a, 0x08, 0x3a, 0xe8, 0x39, 0xe8, 0x39, 0xe8, 0x39,
    0xc8, 0x39, 0xe8, 0x39, 0x09, 0x3a, 0xe8, 0x39, 0xc8, 0x39, 0xa7, 0x31, 0x87, 0x29, 0x66, 0x29,
    0x25, 0x21, 0x25, 0x21, 0x46, 0x21, 0x25, 0x21, 0xe4, 0x18, 0x83, 0x08, 0x42, 0x00, 0x00, 0x00,
    0x00, 0x00, 0x62, 0x08, 0xa7, 0x31, 0xab, 0x52, 0x2d, 0x63, 0x2d, 0x63, 0xec, 0x5a, 0x6a, 0x4a,
    0x29, 0x42, 0x29, 0x42, 0x29, 0x42, 0x09, 0x3a, 0x08, 0x3a, 0xe8, 0x39, 0xe8, 0x39, 0xc8, 0x39,
    0xc8, 0x39, 0x09, 0x3a, 0x4a, 0x4a, 0x6a, 0x4a, 0x4a, 0x42, 0x09, 0x3a, 0xc8, 0x31, 0x86, 0x29,
    0x46, 0x21, 0x25, 0x21, 0x46, 0x21, 0x25, 0x21, 0xe4, 0x18, 0x83, 0x08, 0x42, 0x00, 0x00, 0x00,
    0x00, 0x00, 0x62, 0x08, 0xa7, 0x31, 0xab, 0x52, 0x2d, 0x63, 0x2d, 0x63, 0x4d, 0x63, 0xab, 0x52,
    0x4a, 0x42, 0x29, 0x42, 0x29, 0x42, 0x09, 0x42, 0x08, 0x3a, 0xe8, 0x39, 0xe8, 0x39, 0xc8, 0x39,
    0xc8, 0x31, 0x08, 0x3a, 0x6a, 0x4a, 0xab, 0x52, 0x8b, 0x4a, 0x4a, 0x4a, 0x09, 0x42, 0xa7, 0x31,
    0x66, 0x29, 0x45, 0x21, 0x46, 0x21, 0x25, 0x21, 0x04, 0x19, 0x83, 0x08, 0x42, 0x00, 0x00, 0x00,
    0x00, 0x00, 0x62, 0x08, 0xa7, 0x31, 0xab, 0x52, 0x2d, 0x63, 0x2d, 0x63, 0x4d, 0x63, 0xcc, 0x52,
    0x6a, 0x4a, 0x29, 0x42, 0x49, 0x42, 0x29, 0x42, 0x09, 0x3a, 0xe8, 0x39, 0xe8, 0x39, 0xc8, 0x39,
    0xc7, 0x31, 0xe8, 0x39, 0x4a, 0x4a, 0x8b, 0x52, 0x8b, 0x52, 0x6a, 0x4a, 0x29, 0x42, 0xc8, 0x31,
    0x66, 0x29, 0x46, 0x21, 0x46, 0x29, 0x46, 0x21, 0x04, 0x19, 0x83, 0x08, 0x42, 0x00, 0x00, 0x00,
    0x00, 0x00, 0x62, 0x08, 0x87, 0x29, 0xab, 0x52, 0x2d, 0x63, 0x2d, 0x63, 0x4d, 0x63, 0xec, 0x5a,
    0x6a, 0x4a, 0x49, 0x42, 0x4a, 0x42, 0x29, 0x42, 0x09, 0x42, 0xe8, 0x39, 0xe8, 0x39, 0xc8, 0x39,
    0xc7, 0x31, 0xc8, 0x31, 0x09, 0x42, 0x4a, 0x42, 0x6a, 0x4a, 0x4a, 0x42, 0x29, 0x42, 0xc8, 0x31,
    0x86, 0x29, 0x46, 0x29, 0x66, 0x29, 0x46, 0x21, 0x05, 0x19, 0x83, 0x10, 0x42, 0x00, 0x00, 0x00,
    0x00, 0x00, 0x42, 0x08, 0x46, 0x21, 0x6a, 0x4a, 0xec, 0x5a, 0xec, 0x5a, 0xec, 0x5a, 0xab, 0x52,
    0x6a, 0x4a, 0x4a, 0x42, 0x4a, 0x4a, 0x49, 0x42, 0x29, 0x42, 0x09, 0x3a, 0x09, 0x3a, 0xe8, 0x39,
    0xc8, 0x31, 0xc7, 0x31, 0xe8, 0x39, 0xe8, 0x39, 0xe8, 0x39, 0xe8, 0x39, 0xe8, 0x39, 0xa7, 0x31,
    0x87, 0x29, 0x66, 0x29, 0x66, 0x29, 0x46, 0x29, 0x05, 0x19, 0x83, 0x10, 0x42, 0x00, 0x00, 0x00,
    0x00, 0x00, 0x42, 0x08, 0x25, 0x21, 0xe8, 0x39, 0x6a, 0x4a, 0x6a, 0x4a, 0x8a, 0x4a, 0x6a, 0x4a,
    0x6a, 0x4a, 0x4a, 0x4a, 0x6a, 0x4a, 0x4a, 0x42, 0x29, 0x42, 0x29, 0x42, 0x29, 0x42, 0x08, 0x3a,
    0xe8, 0x39, 0xc8, 0x31, 0xc8, 0x31, 0xc7, 0x31, 0xa7, 0x31, 0xa7, 0x31, 0xa7, 0x31, 0x87, 0x31,
    0x86, 0x29, 0x66, 0x29, 0x66, 0x29, 0x66, 0x29, 0x05, 0x21, 0xa3, 0x10, 0x42, 0x00, 0x00, 0x00,
    0x00, 0x00, 0x42, 0x08, 0x25, 0x21, 0xe8, 0x39, 0x49, 0x42, 0x49, 0x42, 0x6a, 0x4a, 0x6a, 0x4a,
    0x4a, 0x4a, 0x4a, 0x4a, 0x6a, 0x4a, 0x8a, 0x4a, 0x8a, 0x4a, 0x6a, 0x4a, 0x6a, 0x4a, 0x49, 0x42,
    0x09, 0x3a, 0xe8, 0x39, 0xe8, 0x39, 0xc7, 0x31, 0xa7, 0x31, 0x87, 0x31, 0xa7, 0x31, 0x87, 0x29,
    0x86, 0x29, 0x66, 0x29, 0x86, 0x29, 0x66, 0x29, 0x25, 0x21, 0xa3, 0x10, 0x42, 0x00, 0x00, 0x00,
    0x00, 0x00, 0x62, 0x08, 0x25, 0x21, 0xe8, 0x39, 0x49, 0x42, 0x49, 0x42, 0x4a, 0x4a, 0x4a, 0x4a,
    0x4a, 0x42, 0x4a, 0x42, 0x8a, 0x4a, 0xab, 0x52, 0xec, 0x5a, 0x0d, 0x5b, 0x0d, 0x5b, 0xcb, 0x52,
    0x4a, 0x4a, 0x08, 0x3a, 0xe8, 0x39, 0xc8, 0x39, 0xc7, 0x31, 0xa7, 0x31, 0xa7, 0x31, 0x87, 0x31,
    0x87, 0x29, 0x66, 0x29, 0x86, 0x29, 0x87, 0x29, 0x66, 0x29, 0xc4, 0x18, 0x62, 0x08, 0x00, 0x00,
    0x00, 0x00, 0x62, 0x08, 0x25, 0x21, 0xe8, 0x39, 0x4a, 0x42, 0x49, 0x42, 0x4a, 0x4a, 0x4a, 0x42,
    0x4a, 0x42, 0x49, 0x42, 0x6a, 0x4a, 0xcc, 0x52, 0x2d, 0x63, 0x2d, 0x63, 0x4d, 0x63, 0x2d, 0x63,
    0xcb, 0x52, 0x29, 0x42, 0x09, 0x3a, 0xe8, 0x39, 0xc8, 0x31, 0xa7, 0x31, 0xa7, 0x31, 0xa7, 0x31,
    0x87, 0x29, 0x66, 0x29, 0x87, 0x29, 0x87, 0x31, 0x86, 0x29, 0xe4, 0x18, 0x62, 0x08, 0x00, 0x00,
    0x00, 0x00, 0x62, 0x08, 0x25, 0x21, 0xe8, 0x39, 0x4a, 0x42, 0x49, 0x42, 0x4a, 0x4a, 0x4a, 0x42,
    0x4a, 0x42, 0x29, 0x42, 0x4a, 0x4a, 0xab, 0x52, 0x2d, 0x63, 0x2d, 0x63, 0x4d, 0x63, 0x2d, 0x63,
    0x0d, 0x5b, 0x6a, 0x4a, 0x29, 0x42, 0xe8, 0x39, 0xe8, 0x39, 0xc8, 0x31, 0xc8, 0x31, 0xa7, 0x31,
    0x87, 0x31, 0x86, 0x29, 0x87, 0x29, 0x87, 0x29, 0x86, 0x29, 0xe4, 0x18, 0x62, 0x08, 0x00, 0x00,
    0x00, 0x00, 0x62, 0x08, 0x45, 0x21, 0xe8, 0x39, 0x4a, 0x42, 0x4a, 0x42, 0x6a, 0x4a, 0x4a, 0x4a,
    0x4a, 0x42, 0x29, 0x42, 0x4a, 0x42, 0x6a, 0x4a, 0xec, 0x5a, 0x2d, 0x63, 0x4d, 0x63, 0x2d, 0x63,
    0x0d, 0x5b, 0x6a, 0x4a, 0x29, 0x42, 0x09, 0x3a, 0xe8, 0x39, 0xc8, 0x39, 0xc8, 0x39, 0xc7, 0x31,
    0xa7, 0x31, 0x87, 0x29, 0x87, 0x29, 0x87, 0x29, 0x66, 0x29, 0xe4, 0x18, 0x62, 0x08, 0x00, 0x00,
    0x00, 0x00, 0x62, 0x08, 0x45, 0x21, 0xe8, 0x39, 0x4a, 0x42, 0x4a, 0x42, 0x6a, 0x4a, 0x6a, 0x4a,
    0x4a, 0x42, 0x4a, 0x42, 0x4a, 0x42, 0x4a, 0x42, 0x8a, 0x4a, 0xcb, 0x52, 0x0d, 0x5b, 0xec, 0x5a,
    0xcb, 0x52, 0x6a, 0x4a, 0x49, 0x42, 0x09, 0x3a, 0xe8, 0x39, 0xe8, 0x39, 0xe8, 0x39, 0xc8, 0x31,
    0xa7, 0x31, 0x87, 0x31, 0x87, 0x31, 0x87, 0x29, 0x46, 0x21, 0xc4, 0x10, 0x42, 0x08, 0x00, 0x00,
    0x00, 0x00, 0x62, 0x08, 0x25, 0x21, 0xe8, 0x39, 0x4a, 0x42, 0x4a, 0x42, 0x6a, 0x4a, 0x6a, 0x4a,
    0x4a, 0x4a, 0x4a, 0x42, 0x6a, 0x4a, 0x4a, 0x42, 0x4a, 0x42, 0x4a, 0x42, 0x6a, 0x4a, 0x6a, 0x4a,
    0x4a, 0x42, 0x29, 0x42, 0x29, 0x42, 0x29, 0x42, 0x08, 0x3a, 0xe8, 0x39, 0x08, 0x3a, 0xe8, 0x39,
    0xc7, 0x31, 0xa7, 0x31, 0xa7, 0x31, 0x87, 0x29, 0x45, 0x21, 0xa3, 0x10, 0x42, 0x00, 0x00, 0x00,
    0x00, 0x00, 0x42, 0x08, 0x25, 0x21, 0xe8, 0x39, 0x4a, 0x42, 0x4a, 0x4a, 0x8a, 0x4a, 0x8a, 0x4a,
    0x6a, 0x4a, 0x6a, 0x4a, 0x6a, 0x4a, 0x4a, 0x4a, 0x29, 0x42, 0x29, 0x42, 0x29, 0x42, 0x29, 0x42,
    0x09, 0x42, 0x09, 0x3a, 0x29, 0x42, 0x29, 0x42, 0x09, 0x3a, 0x08, 0x3a, 0x09, 0x42, 0x09, 0x3a,
    0xc8, 0x39, 0xa7, 0x31, 0xc7, 0x31, 0xa7, 0x31, 0x45, 0x21, 0xa3, 0x10, 0x42, 0x00, 0x00, 0x00,
    0x00, 0x00, 0x42, 0x00, 0x25, 0x21, 0xe8, 0x39, 0x6a, 0x4a, 0x8b, 0x52, 0xec, 0x5a, 0x0d, 0x5b,
    0x0c, 0x5b, 0xcc, 0x52, 0xab, 0x52, 0x6a, 0x4a, 0x49, 0x42, 0x29, 0x42, 0x49, 0x42, 0x29, 0x42,
    0x29, 0x42, 0x09, 0x42, 0x29, 0x42, 0x29, 0x42, 0x29, 0x42, 0x29, 0x42, 0x4a, 0x4a, 0x6a, 0x4a,
    0x29, 0x42, 0xe8, 0x39, 0xe8, 0x39, 0xa7, 0x31, 0x46, 0x21, 0xa3, 0x10, 0x42, 0x00, 0x00, 0x00,
    0x00, 0x00, 0x41, 0x00, 0x82, 0x08, 0xe4, 0x18, 0x05, 0x19, 0xc4, 0x10, 0xa3, 0x10, 0xc4, 0x10,
    0xc3, 0x10, 0xa3, 0x10, 0xa3, 0x10, 0xa3, 0x10, 0xa3, 0x10, 0xa3, 0x10, 0xc4, 0x10, 0x04, 0x19,
    0x25, 0x21, 0x05, 0x19, 0x83, 0x10, 0x83, 0x08, 0x83, 0x08, 0x62, 0x08, 0x62, 0x08, 0x83, 0x08,
    0x82, 0x08, 0x62, 0x08, 0x62, 0x08, 0x83, 0x08, 0x62, 0x08, 0x42, 0x08, 0x21, 0x00, 0x00, 0x00,
    0x00, 0x00, 0x42, 0x00, 0x83, 0x10, 0xc4, 0x18, 0xe4, 0x18, 0xc3, 0x10, 0xa3, 0x10, 0xc3, 0x10,
    0xa3, 0x10, 0xa3, 0x10, 0x83, 0x10, 0xa3, 0x10, 0xa3, 0x10, 0xa3, 0x10, 0xe4, 0x18, 0x25, 0x21,
    0x46, 0x21, 0x25, 0x21, 0xc3, 0x10, 0xa3, 0x10, 0x83, 0x08, 0x62, 0x08, 0x62, 0x08, 0x82, 0x08,
    0x62, 0x08, 0x62, 0x08, 0x62, 0x08, 0x83, 0x08, 0x62, 0x08, 0x42, 0x00, 0x21, 0x00, 0x00, 0x00,
    0x00, 0x00, 0x42, 0x08, 0xa3, 0x10, 0xe4, 0x18, 0xc4, 0x18, 0xa3, 0x10, 0x83, 0x10, 0xa3, 0x10,
    0xa3, 0x10, 0x83, 0x10, 0x83, 0x08, 0xa3, 0x10, 0xa3, 0x10, 0xa3, 0x10, 0xe4, 0x18, 0x45, 0x21,
    0x46, 0x21, 0x25, 0x21, 0xe4, 0x18, 0xa3, 0x10, 0x83, 0x08, 0x62, 0x08, 0x62, 0x08, 0x62, 0x08,
    0x62, 0x08, 0x62, 0x08, 0x42, 0x08, 0x62, 0x08, 0x62, 0x08, 0x42, 0x00, 0x21, 0x00, 0x00, 0x00,
    0x00, 0x00, 0x42, 0x00, 0xa3, 0x10, 0xe4, 0x18, 0xe4, 0x18, 0xc3, 0x10, 0x83, 0x10, 0xa3, 0x10,
    0x83, 0x10, 0x83, 0x08, 0x82, 0x08, 0xa3, 0x10, 0xa3, 0x10, 0xa3, 0x10, 0xc4, 0x10, 0x05, 0x19,
    0x25, 0x21, 0x05, 0x19, 0xc4, 0x18, 0xc3, 0x10, 0xa3, 0x10, 0x82, 0x08, 0x62, 0x08, 0x62, 0x08,
    0x62, 0x08, 0x62, 0x08, 0x42, 0x00, 0x62, 0x08, 0x62, 0x08, 0x41, 0x00, 0x01, 0x00, 0x00, 0x00,
    0x00, 0x00, 0x41, 0x00, 0xa3, 0x10, 0xe4, 0x18, 0xe4, 0x18, 0xc4, 0x10, 0xa3, 0x10, 0xa3, 0x10,
    0x83, 0x10, 0x83, 0x08, 0x82, 0x08, 0xa3, 0x10, 0xa3, 0x10, 0xa3, 0x10, 0xa3, 0x10, 0xc4, 0x18,
    0xc4, 0x18, 0xc4, 0x10, 0xa3, 0x10, 0xc3, 0x10, 0xa3, 0x10, 0x83, 0x08, 0x62, 0x08, 0x82, 0x08,
    0x62, 0x08, 0x42, 0x08, 0x42, 0x00, 0x62, 0x08, 0x42, 0x08, 0x21, 0x00, 0x01, 0x00, 0x00, 0x00,
    0x00, 0x00, 0x21, 0x00, 0x83, 0x08, 0xe4, 0x18, 0x04, 0x19, 0xe4, 0x18, 0xc3, 0x10, 0xc3, 0x10,
    0xa3, 0x10, 0x83, 0x10, 0x83, 0x08, 0xa3, 0x10, 0xa3, 0x10, 0xa3, 0x10, 0xa3, 0x10, 0xc3, 0x10,
    0xc3, 0x10, 0xa3, 0x10, 0xa3, 0x10, 0xc3, 0x10, 0xa3, 0x10, 0x83, 0x10, 0x82, 0x08, 0x83, 0x08,
    0x62, 0x08, 0x62, 0x08, 0x42, 0x08, 0x62, 0x08, 0x42, 0x08, 0x21, 0x00, 0x00, 0x00, 0x00, 0x00,
    0x00, 0x00, 0x21, 0x00, 0x83, 0x08, 0xe4, 0x18, 0x05, 0x19, 0xe4, 0x18, 0xc4, 0x10, 0xc4, 0x18,
    0xc4, 0x10, 0xa3, 0x10, 0xa3, 0x10, 0xa3, 0x10, 0xa3, 0x10, 0xa3, 0x10, 0xa3, 0x10, 0xa3, 0x10,
    0xa3, 0x10, 0xa3, 0x10, 0xa3, 0x10, 0xa3, 0x10, 0xa3, 0x10, 0x83, 0x10, 0x82, 0x08, 0x83, 0x08,
    0x82, 0x08, 0x62, 0x08, 0x62, 0x08, 0x62, 0x08, 0x62, 0x08, 0x41, 0x00, 0x00, 0x00, 0x00, 0x00,
    0x00, 0x00, 0x21, 0x00, 0x62, 0x08, 0xe4, 0x18, 0xe4, 0x18, 0xe4, 0x18, 0xc4, 0x18, 0x04, 0x19,
    0x05, 0x19, 0x25, 0x21, 0x04, 0x19, 0xe4, 0x18, 0xc4, 0x10, 0xa3, 0x10, 0x83, 0x10, 0xa3, 0x10,
    0xa3, 0x10, 0xa3, 0x10, 0x83, 0x08, 0xa3, 0x10, 0x83, 0x10, 0x83, 0x08, 0x82, 0x08, 0x83, 0x10,
    0xa3, 0x10, 0xa3, 0x10, 0x83, 0x08, 0xa3, 0x10, 0x62, 0x08, 0x42, 0x00, 0x01, 0x00, 0x00, 0x00,
    0x00, 0x00, 0x21, 0x00, 0x62, 0x08, 0xc4, 0x10, 0xe4, 0x18, 0xe4, 0x18, 0xc4, 0x18, 0x05, 0x19,
    0x46, 0x29, 0xa7, 0x31, 0x87, 0x31, 0x66, 0x29, 0x05, 0x19, 0xc4, 0x10, 0xa3, 0x10, 0xa3, 0x10,
    0xa3, 0x10, 0x83, 0x10, 0x83, 0x08, 0x83, 0x10, 0x83, 0x08, 0x82, 0x08, 0x62, 0x08, 0x83, 0x10,
    0xa3, 0x10, 0xc4, 0x10, 0xc4, 0x10, 0xc4, 0x18, 0x83, 0x10, 0x42, 0x00, 0x01, 0x00, 0x00, 0x00,
    0x00, 0x00, 0x21, 0x00, 0x62, 0x08, 0xa3, 0x10, 0xc4, 0x10, 0xc4, 0x10, 0xc4, 0x10, 0x05, 0x19,
    0x66, 0x29, 0xc8, 0x31, 0xe8, 0x39, 0xc8, 0x31, 0x66, 0x29, 0xe4, 0x18, 0xc3, 0x10, 0xc4, 0x10,
    0xa3, 0x10, 0x83, 0x10, 0x82, 0x08, 0x83, 0x08, 0x82, 0x08, 0x62, 0x08, 0x62, 0x08, 0x83, 0x08,
    0xa3, 0x10, 0xe4, 0x18, 0xe4, 0x18, 0x04, 0x19, 0xa3, 0x10, 0x42, 0x08, 0x21, 0x00, 0x00, 0x00,
    0x00, 0x00, 0x21, 0x00, 0x62, 0x08, 0xa3, 0x10, 0xa3, 0x10, 0xa3, 0x10, 0xa3, 0x10, 0xe4, 0x18,
    0x25, 0x21, 0x87, 0x29, 0xc7, 0x31, 0xc8, 0x39, 0xa7, 0x31, 0x25, 0x21, 0xc4, 0x18, 0xc4, 0x18,
    0xa3, 0x10, 0xa3, 0x10, 0x83, 0x08, 0x83, 0x08, 0x62, 0x08, 0x62, 0x08, 0x62, 0x08, 0x82, 0x08,
    0x83, 0x10, 0xe4, 0x18, 0xe4, 0x18, 0xe4, 0x18, 0xa3, 0x10, 0x62, 0x08, 0x21, 0x00, 0x00, 0x00,
    0x00, 0x00, 0x21, 0x00, 0x42, 0x08, 0xa3, 0x10, 0xa3, 0x10, 0xa3, 0x10, 0xa3, 0x10, 0xc4, 0x18,
    0xe4, 0x18, 0x25, 0x21, 0x46, 0x21, 0x66, 0x29, 0xa7, 0x31, 0x66, 0x29, 0xe4, 0x18, 0xe4, 0x18,
    0xc4, 0x10, 0xa3, 0x10, 0x83, 0x08, 0x83, 0x08, 0x62, 0x08, 0x62, 0x08, 0x62, 0x08, 0x62, 0x08,
    0x82, 0x08, 0xc4, 0x10, 0xe4, 0x18, 0xc4, 0x10, 0x83, 0x10, 0x42, 0x08, 0x01, 0x00, 0x00, 0x00,
    0x00, 0x00, 0x21, 0x00, 0x62, 0x08, 0xa3, 0x10, 0xa3, 0x10, 0xa3, 0x10, 0xa3, 0x10, 0xc4, 0x10,
    0xc4, 0x18, 0xe4, 0x18, 0xe4, 0x18, 0x25, 0x21, 0x66, 0x29, 0x87, 0x31, 0x25, 0x21, 0xe4, 0x18,
    0xc4, 0x18, 0xa3, 0x10, 0x83, 0x10, 0xa3, 0x10, 0x83, 0x08, 0x62, 0x08, 0x62, 0x08, 0x62, 0x08,
    0x62, 0x08, 0xa3, 0x10, 0xc4, 0x18, 0xa3, 0x10, 0x82, 0x08, 0x42, 0x00, 0x01, 0x00, 0x00, 0x00,
    0x00, 0x00, 0x21, 0x00, 0x62, 0x08, 0xc3, 0x10, 0xc4, 0x10, 0xc3, 0x10, 0xa3, 0x10, 0xc4, 0x10,
    0xc4, 0x10, 0xc4, 0x10, 0xc4, 0x18, 0x04, 0x19, 0x46, 0x21, 0x87, 0x29, 0x25, 0x21, 0xe4, 0x18,
    0xe4, 0x18, 0xc3, 0x10, 0xa3, 0x10, 0xa3, 0x10, 0x83, 0x08, 0x82, 0x08, 0x62, 0x08, 0x82, 0x08,
    0x62, 0x08, 0xa3, 0x10, 0xe4, 0x18, 0xc3, 0x10, 0x62, 0x08, 0x42, 0x00, 0x01, 0x00, 0x00, 0x00,
    0x00, 0x00, 0x21, 0x00, 0x83, 0x08, 0xe4, 0x18, 0x05, 0x19, 0xe4, 0x18, 0xc4, 0x10, 0xe4, 0x18,
    0xc4, 0x18, 0xc4, 0x18, 0xc4, 0x10, 0xe4, 0x18, 0x05, 0x19, 0x66, 0x29, 0x25, 0x21, 0xe4, 0x18,
    0xc4, 0x18, 0xc4, 0x10, 0xc3, 0x10, 0xc4, 0x10, 0xa3, 0x10, 0xa3, 0x10, 0x82, 0x08, 0x83, 0x08,
    0x82, 0x08, 0x83, 0x10, 0xc4, 0x10, 0xc4, 0x10, 0x62, 0x08, 0x42, 0x00, 0x01, 0x00, 0x00, 0x00,
    0x00, 0x00, 0x21, 0x00, 0xa3, 0x10, 0x66, 0x29, 0xa7, 0x31, 0x46, 0x29, 0x05, 0x19, 0x04, 0x19,
    0xe4, 0x18, 0xe4, 0x18, 0xc4, 0x10, 0xe4, 0x18, 0xe4, 0x18, 0x05, 0x19, 0xe4, 0x18, 0xc4, 0x18,
    0xc4, 0x10, 0xc4, 0x10, 0xe4, 0x18, 0x05, 0x21, 0x05, 0x19, 0xe4, 0x18, 0xa3, 0x10, 0xa3, 0x10,
    0x83, 0x08, 0x83, 0x08, 0xa3, 0x10, 0xc3, 0x10, 0x62, 0x08, 0x41, 0x00, 0x01, 0x00, 0x00, 0x00,
    0x00, 0x00, 0x21, 0x00, 0xc3, 0x10, 0xa7, 0x31, 0x09, 0x42, 0xc8, 0x39, 0x46, 0x29, 0x25, 0x21,
    0x05, 0x19, 0xe4, 0x18, 0xe4, 0x18, 0xe4, 0x18, 0xe4, 0x18, 0xc4, 0x18, 0xc4, 0x10, 0xc3, 0x10,
    0xa3, 0x10, 0xa3, 0x10, 0xe4, 0x18, 0x45, 0x21, 0x46, 0x21, 0x25, 0x21, 0xc4, 0x18, 0xc3, 0x10,
    0xa3, 0x10, 0x83, 0x10, 0x83, 0x10, 0xa3, 0x10, 0x82, 0x08, 0x42, 0x00, 0x01, 0x00, 0x00, 0x00,
    0x00, 0x00, 0x21, 0x00, 0xa3, 0x10, 0xa7, 0x31, 0x29, 0x42, 0xe8, 0x39, 0x87, 0x29, 0x46, 0x21,
    0x25, 0x21, 0x05, 0x21, 0x04, 0x19, 0x05, 0x19, 0xe4, 0x18, 0xc4, 0x10, 0xa3, 0x10, 0xa3, 0x10,
    0xa3, 0x10, 0xa3, 0x10, 0xc4, 0x10, 0x25, 0x21, 0x45, 0x21, 0x25, 0x21, 0xe4, 0x18, 0xc4, 0x18,
    0xa3, 0x10, 0xa3, 0x10, 0xa3, 0x10, 0xa3, 0x10, 0x83, 0x08, 0x42, 0x00, 0x01, 0x00, 0x00, 0x00,
    0x00, 0x00, 0x21, 0x00, 0x82, 0x08, 0x25, 0x21, 0xa7, 0x31, 0xa7, 0x31, 0x66, 0x29, 0x66, 0x29,
    0x45, 0x21, 0x25, 0x21, 0x05, 0x21, 0x05, 0x21, 0xe4, 0x18, 0xc4, 0x10, 0xa3, 0x10, 0xa3, 0x10,
    0x83, 0x10, 0x83, 0x08, 0xa3, 0x10, 0xe4, 0x18, 0x04, 0x19, 0x04, 0x19, 0xe4, 0x18, 0xc4, 0x18,
    0xc4, 0x10, 0xa3, 0x10, 0xa3, 0x10, 0xa3, 0x10, 0x83, 0x08, 0x42, 0x00, 0x01, 0x00, 0x00, 0x00,
    0x00, 0x00, 0x21, 0x00, 0x62, 0x08, 0xc4, 0x18, 0x25, 0x21, 0x25, 0x21, 0x25, 0x21, 0x46, 0x21,
    0x46, 0x21, 0x45, 0x21, 0x25, 0x21, 0x25, 0x21, 0x05, 0x19, 0xc4, 0x18, 0xa3, 0x10, 0xa3, 0x10,
    0xa3, 0x10, 0x83, 0x08, 0x83, 0x08, 0xa3, 0x10, 0xa3, 0x10, 0xa3, 0x10, 0xa3, 0x10, 0xc4, 0x10,
    0xc3, 0x10, 0xa3, 0x10, 0xa3, 0x10, 0xc3, 0x10, 0x83, 0x08, 0x42, 0x00, 0x01, 0x00, 0x00, 0x00,
    0x00, 0x00, 0x21, 0x00, 0x62, 0x08, 0xc3, 0x10, 0xe4, 0x18, 0xe4, 0x18, 0x05, 0x19, 0x25, 0x21,
    0x25, 0x21, 0x25, 0x21, 0x25, 0x21, 0x25, 0x21, 0x05, 0x21, 0xe4, 0x18, 0xc4, 0x10, 0xc4, 0x10,
    0xa3, 0x10, 0xa3, 0x10, 0x83, 0x08, 0xa3, 0x10, 0x83, 0x10, 0x83, 0x10, 0x83, 0x10, 0xa3, 0x10,
    0xa3, 0x10, 0xa3, 0x10, 0xa3, 0x10, 0xc3, 0x10, 0x83, 0x10, 0x42, 0x08, 0x01, 0x00, 0x00, 0x00,
    0x00, 0x00, 0x21, 0x00, 0x62, 0x08, 0xc3, 0x10, 0xe4, 0x18, 0xe4, 0x18, 0xe4, 0x18, 0x25, 0x21,
    0x25, 0x21, 0x25, 0x21, 0x05, 0x21, 0x25, 0x21, 0x05, 0x21, 0x05, 0x19, 0xe4, 0x18, 0xe4, 0x18,
    0xc4, 0x10, 0xa3, 0x10, 0xa3, 0x10, 0xa3, 0x10, 0xa3, 0x10, 0x83, 0x10, 0x83, 0x10, 0xa3, 0x10,
    0xa3, 0x10, 0xa3, 0x10, 0xa3, 0x10, 0xc3, 0x10, 0x83, 0x10, 0x42, 0x08, 0x01, 0x00, 0x00, 0x00,
    0x00, 0x00, 0x21, 0x00, 0x62, 0x08, 0xc4, 0x10, 0xe4, 0x18, 0xe4, 0x18, 0xe4, 0x18, 0x05, 0x19,
    0x05, 0x19, 0x04, 0x19, 0xe4, 0x18, 0x25, 0x21, 0x45, 0x21, 0x46, 0x21, 0x25, 0x21, 0x25, 0x21,
    0xe4, 0x18, 0xc4, 0x10, 0xa3, 0x10, 0xc4, 0x10, 0xa3, 0x10, 0xa3, 0x10, 0xa3, 0x10, 0xa3, 0x10,
    0xa3, 0x10, 0xa3, 0x10, 0x83, 0x10, 0xa3, 0x10, 0xa3, 0x10, 0x62, 0x08, 0x21, 0x00, 0x00, 0x00,
    0x00, 0x00, 0x21, 0x00, 0x62, 0x08, 0xe4, 0x18, 0x05, 0x19, 0x04, 0x19, 0xe4, 0x18, 0x05, 0x19,
    0xe4, 0x18, 0xe4, 0x18, 0xe4, 0x18, 0x05, 0x19, 0x46, 0x29, 0x87, 0x31, 0x87, 0x31, 0x66, 0x29,
    0x25, 0x21, 0xe4, 0x18, 0xc4, 0x10, 0xe4, 0x18, 0xc4, 0x10, 0xc4, 0x10, 0xa3, 0x10, 0xc3, 0x10,
    0xa3, 0x10, 0xa3, 0x10, 0x83, 0x08, 0xa3, 0x10, 0xa3, 0x10, 0x62, 0x08, 0x21, 0x00, 0x00, 0x00,
    0x00, 0x00, 0x21, 0x00, 0x83, 0x08, 0x04, 0x19, 0x25, 0x21, 0x05, 0x21, 0x04, 0x19, 0x05, 0x19,
    0xe4, 0x18, 0xe4, 0x18, 0xc4, 0x10, 0xe4, 0x18, 0x45, 0x21, 0x87, 0x31, 0xa7, 0x31, 0xa7, 0x31,
    0x46, 0x21, 0xe4, 0x18, 0xe4, 0x18, 0xe4, 0x18, 0xe4, 0x18, 0xe4, 0x18, 0xc4, 0x18, 0xc4, 0x18,
    0xc3, 0x10, 0xa3, 0x10, 0x83, 0x08, 0xa3, 0x10, 0x83, 0x10, 0x62, 0x08, 0x21, 0x00, 0x00, 0x00,
    0x00, 0x00, 0x21, 0x00, 0x83, 0x08, 0x05, 0x19, 0x25, 0x21, 0x25, 0x21, 0x05, 0x21, 0x05, 0x21,
    0x04, 0x19, 0xe4, 0x18, 0xc4, 0x18, 0xe4, 0x18, 0x05, 0x19, 0x46, 0x21, 0x66, 0x29, 0x86, 0x29,
    0x45, 0x21, 0x04, 0x19, 0xe4, 0x18, 0x05, 0x19, 0x04, 0x19, 0x05, 0x19, 0x05, 0x21, 0x05, 0x19,
    0xc4, 0x10, 0xa3, 0x10, 0x83, 0x08, 0x83, 0x10, 0x82, 0x08, 0x62, 0x08, 0x21, 0x00, 0x00, 0x00,
    0x00, 0x00, 0x21, 0x00, 0x83, 0x08, 0x05, 0x19, 0x45, 0x21, 0x25, 0x21, 0x25, 0x21, 0x25, 0x21,
    0x05, 0x21, 0x25, 0x21, 0xe4, 0x18, 0xc4, 0x18, 0xc4, 0x10, 0xe4, 0x18, 0xe4, 0x18, 0x05, 0x21,
    0x04, 0x19, 0xe4, 0x18, 0xe4, 0x18, 0x05, 0x19, 0x05, 0x19, 0x05, 0x21, 0x46, 0x29, 0x46, 0x21,
    0xe4, 0x18, 0xc3, 0x10, 0xa3, 0x10, 0xa3, 0x10, 0x62, 0x08, 0x42, 0x00, 0x01, 0x00, 0x00, 0x00,
    0x00, 0x00, 0x21, 0x00, 0x83, 0x08, 0x05, 0x19, 0x25, 0x21, 0x25, 0x21, 0x25, 0x21, 0x25, 0x21,
    0x25, 0x21, 0x45, 0x21, 0x25, 0x21, 0xe4, 0x18, 0xc4, 0x10, 0xa3, 0x10, 0xa3, 0x10, 0xc4, 0x10,
    0xc4, 0x10, 0xc4, 0x10, 0xc4, 0x18, 0x04, 0x19, 0x05, 0x19, 0x05, 0x21, 0x66, 0x29, 0x87, 0x29,
    0x04, 0x19, 0xc4, 0x10, 0xa3, 0x10, 0xa3, 0x10, 0x82, 0x08, 0x41, 0x00, 0x00, 0x00, 0x00, 0x00,
    0x00, 0x00, 0x21, 0x00, 0x62, 0x08, 0xe4, 0x18, 0x25, 0x21, 0x25, 0x21, 0x25, 0x21, 0x25, 0x21,
    0x25, 0x21, 0x46, 0x21, 0x45, 0x21, 0x05, 0x19, 0xc4, 0x18, 0xc3, 0x10, 0xa3, 0x10, 0xc4, 0x10,
    0xc4, 0x10, 0xc4, 0x10, 0xc4, 0x10, 0xe4, 0x18, 0xe4, 0x18, 0x04, 0x19, 0x66, 0x29, 0x87, 0x31,
    0x05, 0x21, 0xc4, 0x18, 0xa3, 0x10, 0xa3, 0x10, 0x83, 0x08, 0x42, 0x00, 0x01, 0x00, 0x00, 0x00,
    0x00, 0x00, 0x21, 0x00, 0x62, 0x08, 0xe4, 0x18, 0x05, 0x19, 0x05, 0x21, 0x25, 0x21, 0x46, 0x21,
    0x45, 0x21, 0x45, 0x21, 0x46, 0x21, 0x25, 0x21, 0xe4, 0x18, 0xc4, 0x18, 0xc4, 0x10, 0xe4, 0x18,
    0xc4, 0x18, 0xc4, 0x10, 0xc4, 0x10, 0xe4, 0x18, 0xe4, 0x18, 0xe4, 0x18, 0x25, 0x21, 0x87, 0x29,
    0x25, 0x21, 0xe4, 0x18, 0xc3, 0x10, 0xc3, 0x10, 0x83, 0x10, 0x42, 0x00, 0x01, 0x00, 0x00, 0x00,
    0x00, 0x00, 0x00, 0x00, 0x21, 0x00, 0x62, 0x08, 0xa3, 0x10, 0x62, 0x08, 0x00, 0x00, 0x00, 0x00,
    0x00, 0x00, 0x00, 0x00, 0x00, 0x00, 0x00, 0x00, 0x00, 0x00, 0x00, 0x00, 0x21, 0x00, 0x62, 0x08,
    0x25, 0x21, 0x25, 0x21, 0x82, 0x08, 0x00, 0x00, 0x00, 0x00, 0x00, 0x00, 0x00, 0x00, 0x00, 0x00,
    0x00, 0x00, 0x00, 0x00, 0x00, 0x00, 0x00, 0x00, 0x21, 0x00, 0x41, 0x00, 0x00, 0x00, 0x00, 0x00,
    0x00, 0x00, 0x00, 0x00, 0x21, 0x00, 0x42, 0x00, 0x83, 0x08, 0x42, 0x00, 0x00, 0x00, 0x00, 0x00,
    0x00, 0x00, 0x00, 0x00, 0x00, 0x00, 0x00, 0x00, 0x00, 0x00, 0x00, 0x00, 0x21, 0x00, 0x42, 0x00,
    0xc4, 0x10, 0xe4, 0x18, 0x62, 0x08, 0x00, 0x00, 0x00, 0x00, 0x00, 0x00, 0x00, 0x00, 0x00, 0x00,
    0x00, 0x00, 0x00, 0x00, 0x00, 0x00, 0x00, 0x00, 0x00, 0x00, 0x21, 0x00, 0x00, 0x00, 0x00, 0x00,
    0x00, 0x00, 0x00, 0x00, 0x21, 0x00, 0x21, 0x00, 0x42, 0x00, 0x21, 0x00, 0x00, 0x00, 0x00, 0x00,
    0x00, 0x00, 0x00, 0x00, 0x00, 0x00, 0x00, 0x00, 0x00, 0x00, 0x00, 0x00, 0x21, 0x00, 0x21, 0x00,
    0x82, 0x08, 0x83, 0x08, 0x42, 0x00, 0x00, 0x00, 0x00, 0x00, 0x00, 0x00, 0x00, 0x00, 0x00, 0x00,
    0x00, 0x00, 0x00, 0x00, 0x00, 0x00, 0x00, 0x00, 0x00, 0x00, 0x00, 0x00, 0x00, 0x00, 0x00, 0x00,
    0x00, 0x00, 0x00, 0x00, 0x21, 0x00, 0x00, 0x00, 0x21, 0x00, 0x00, 0x00, 0x00, 0x00, 0x00, 0x00,
    0x00, 0x00, 0x00, 0x00, 0x00, 0x00, 0x00, 0x00, 0x00, 0x00, 0x00, 0x00, 0x00, 0x00, 0x21, 0x00,
    0x42, 0x00, 0x41, 0x00, 0x21, 0x00, 0x00, 0x00, 0x00, 0x00, 0x00, 0x00, 0x00, 0x00, 0x00, 0x00,
    0x00, 0x00, 0x00, 0x00, 0x00, 0x00, 0x00, 0x00, 0x00, 0x00, 0x00, 0x00, 0x00, 0x00, 0x00, 0x00,
    0x00, 0x00, 0x00, 0x00, 0x00, 0x00, 0x01, 0x00, 0x00, 0x00, 0x00, 0x00, 0x00, 0x00, 0x00, 0x00,
    0x00, 0x00, 0x00, 0x00, 0x00, 0x00, 0x00, 0x00, 0x00, 0x00, 0x00, 0x00, 0x00, 0x00, 0x00, 0x00,
    0x21, 0x00, 0x21, 0x00, 0x21, 0x00, 0x01, 0x00, 0x00, 0x00, 0x00, 0x00, 0x00, 0x00, 0x00, 0x00,
    0x00, 0x00, 0x00, 0x00, 0x00, 0x00, 0x00, 0x00, 0x00, 0x00, 0x00, 0x00, 0x00, 0x00, 0x00, 0x00,
    0x00, 0x00, 0x00, 0x00, 0x00, 0x00, 0x01, 0x00, 0x00, 0x00, 0x00, 0x00, 0x00, 0x00, 0x00, 0x00,
    0x00, 0x00, 0x00, 0x00, 0x00, 0x00, 0x00, 0x00, 0x00, 0x00, 0x00, 0x00, 0x00, 0x00, 0x00, 0x00,
    0x00, 0x00, 0x00, 0x00, 0x00, 0x00, 0x00, 0x00, 0x00, 0x00, 0x00, 0x00, 0x00, 0x00, 0x00, 0x00,
    0x00, 0x00, 0x00, 0x00, 0x00, 0x00, 0x00, 0x00, 0x00, 0x00, 0x00, 0x00, 0x00, 0x00, 0x00, 0x00,
    0x00, 0x00, 0x00, 0x00, 0x00, 0x00, 0x00, 0x00, 0x00, 0x00, 0x00, 0x00, 0x00, 0x00, 0x00, 0x00,
    0x00, 0x00, 0x00, 0x00, 0x00, 0x00, 0x00, 0x00, 0x00, 0x00, 0x00, 0x00, 0x00, 0x00, 0x00, 0x00,
    0x00, 0x00, 0x00, 0x00, 0x00, 0x00, 0x00, 0x00, 0x00, 0x00, 0x00, 0x00, 0x00, 0x00, 0x00, 0x00,
    0x00, 0x00, 0x00, 0x00, 0x00, 0x00, 0x00, 0x00, 0x21, 0x00, 0x00, 0x00, 0x00, 0x00, 0x00, 0x00,
    0x00, 0x00, 0x00, 0x00, 0x00, 0x00, 0x00, 0x00, 0x00, 0x00, 0x00, 0x00, 0x00, 0x00, 0x01, 0x00,
    0x41, 0x00, 0x42, 0x00, 0x41, 0x00, 0x21, 0x00, 0x00, 0x00, 0x00, 0x00, 0x00, 0x00, 0x00, 0x00,
    0x00, 0x00, 0x00, 0x00, 0x00, 0x00, 0x00, 0x00, 0x00, 0x00, 0x00, 0x00, 0x00, 0x00, 0x00, 0x00,
    0x00, 0x00, 0x00, 0x00, 0x00, 0x00, 0x00, 0x00, 0x41, 0x00, 0x21, 0x00, 0x00, 0x00, 0x00, 0x00,
    0x00, 0x00, 0x00, 0x00, 0x00, 0x00, 0x00, 0x00, 0x00, 0x00, 0x00, 0x00, 0x00, 0x00, 0x01, 0x00,
    0x42, 0x08, 0x83, 0x08, 0x83, 0x08, 0x62, 0x08, 0x42, 0x08, 0x21, 0x00, 0x00, 0x00, 0x00, 0x00,
    0x00, 0x00, 0x00, 0x00, 0x00, 0x00, 0x00, 0x00, 0x00, 0x00, 0x00, 0x00, 0x00, 0x00, 0x00, 0x00,
    0x21, 0x00, 0x42, 0x00, 0x21, 0x00, 0x21, 0x00, 0x41, 0x00, 0x41, 0x00, 0x21, 0x00, 0x00, 0x00,
    0x00, 0x00, 0x00, 0x00, 0x00, 0x00, 0x00, 0x00, 0x00, 0x00, 0x00, 0x00, 0x00, 0x00, 0x00, 0x00,
    0x42, 0x00, 0x83, 0x08, 0xa3, 0x10, 0xc4, 0x10, 0xc4, 0x18, 0x62, 0x08, 0x21, 0x00, 0x00, 0x00,
    0x00, 0x00, 0x00, 0x00, 0x00, 0x00, 0x00, 0x00, 0x00, 0x00, 0x00, 0x00, 0x00, 0x00, 0x00, 0x00,
    0x42, 0x00, 0x83, 0x08, 0x62, 0x08, 0x21, 0x00, 0x21, 0x00, 0x21, 0x00, 0x21, 0x00, 0x00, 0x00,
    0x00, 0x00, 0x00, 0x00, 0x00, 0x00, 0x00, 0x00, 0x00, 0x00, 0x00, 0x00, 0x00, 0x00, 0x00, 0x00,
    0x21, 0x00, 0x42, 0x08, 0x83, 0x08, 0xe4, 0x18, 0x46, 0x21, 0x04, 0x19, 0x42, 0x00, 0x00, 0x00,
    0x00, 0x00, 0x00, 0x00, 0x00, 0x00, 0x00, 0x00, 0x00, 0x00, 0x00, 0x00, 0x00, 0x00, 0x00, 0x00,
    0x62, 0x08, 0xc3, 0x10, 0xa3, 0x10, 0x42, 0x00, 0x21, 0x00, 0x21, 0x00, 0x21, 0x00, 0x00, 0x00,
    0x00, 0x00, 0x00, 0x00, 0x00, 0x00, 0x00, 0x00, 0x00, 0x00, 0x00, 0x00, 0x00, 0x00, 0x00, 0x00,
    0x00, 0x00, 0x21, 0x00, 0x42, 0x00, 0xc3, 0x10, 0x66, 0x29, 0x66, 0x29, 0xa3, 0x10, 0x01, 0x00,
    0x00, 0x00, 0x00, 0x00, 0x00, 0x00, 0x00, 0x00, 0x00, 0x00, 0x00, 0x00, 0x00, 0x00, 0x00, 0x00,
    0x62, 0x08, 0xe4, 0x18, 0xc4, 0x18, 0x62, 0x08, 0x00, 0x00, 0x00, 0x00, 0x00, 0x00, 0x00, 0x00,
    0x00, 0x00, 0x00, 0x00, 0x00, 0x00, 0x00, 0x00, 0x00, 0x00, 0x00, 0x00, 0x00, 0x00, 0x00, 0x00,
    0x00, 0x00, 0x00, 0x00, 0x21, 0x00, 0x82, 0x08, 0x66, 0x29, 0x87, 0x29, 0x04, 0x19, 0x21, 0x00,
    0x00, 0x00, 0x00, 0x00, 0x00, 0x00, 0x00, 0x00, 0x00, 0x00, 0x00, 0x00, 0x00, 0x00, 0x00, 0x00,
    0x42, 0x08, 0xe4, 0x18, 0xe4, 0x18, 0x83, 0x08, 0x00, 0x00, 0x00, 0x00, 0x00, 0x00, 0x00, 0x00,
    0x00, 0x00, 0x00, 0x00, 0x00, 0x00, 0x00, 0x00, 0x00, 0x00, 0x00, 0x00, 0x00, 0x00, 0x00, 0x00,
    0x00, 0x00, 0x00, 0x00, 0x00, 0x00, 0x41, 0x00, 0x25, 0x21, 0x66, 0x29, 0x25, 0x21, 0x41, 0x00,
    0x21, 0x00, 0x00, 0x00, 0x00, 0x00, 0x00, 0x00, 0x00, 0x00, 0x00, 0x00, 0x00, 0x00, 0x00, 0x00,
    0x21, 0x00, 0xc4, 0x18, 0xe4, 0x18, 0xa3, 0x10, 0x21, 0x00, 0x00, 0x00, 0x00, 0x00, 0x00, 0x00,
    0x00, 0x00, 0x00, 0x00, 0x00, 0x00, 0x00, 0x00, 0x00, 0x00, 0x00, 0x00, 0x00, 0x00, 0x00, 0x00,
    0x00, 0x00, 0x00, 0x00, 0x00, 0x00, 0x21, 0x00, 0xe4, 0x18, 0x46, 0x21, 0x05, 0x21, 0x42, 0x00,
    0x21, 0x00, 0x00, 0x00, 0x00, 0x00, 0x00, 0x00, 0x00, 0x00, 0x00, 0x00, 0x00, 0x00, 0x00, 0x00,
    0x00, 0x00, 0xa3, 0x10, 0xe4, 0x18, 0xc3, 0x10, 0x42, 0x00, 0x00, 0x00, 0x00, 0x00, 0x00, 0x00,
    0x00, 0x00, 0x00, 0x00, 0x21, 0x00, 0x21, 0x00, 0x42, 0x00, 0x21, 0x00, 0x21, 0x00, 0x00, 0x00,
    0x00, 0x00, 0x00, 0x00, 0x00, 0x00, 0x00, 0x00, 0x83, 0x08, 0x05, 0x19, 0xe4, 0x18, 0x42, 0x00,
    0x00, 0x00, 0x00, 0x00, 0x21, 0x00, 0x21, 0x00, 0x41, 0x00, 0x21, 0x00, 0x00, 0x00, 0x00, 0x00,
    0x00, 0x00, 0x62, 0x08, 0xc4, 0x10, 0xa3, 0x10, 0x42, 0x00, 0x00, 0x00, 0x00, 0x00, 0x00, 0x00,
    0x00, 0x00, 0x00, 0x00, 0x21, 0x00, 0x42, 0x08, 0x83, 0x08, 0x62, 0x08, 0x21, 0x00, 0x01, 0x00,
    0x21, 0x00, 0x21, 0x00, 0x00, 0x00, 0x00, 0x00, 0x42, 0x00, 0xa3, 0x10, 0xa3, 0x10, 0x41, 0x00,
    0x00, 0x00, 0x00, 0x00, 0x21, 0x00, 0x21, 0x00, 0x42, 0x08, 0x41, 0x00, 0x21, 0x00, 0x00, 0x00,
    0x00, 0x00, 0x21, 0x00, 0x62, 0x08, 0x62, 0x08, 0x42, 0x00, 0x00, 0x00, 0x00, 0x00, 0x00, 0x00,
    0x00, 0x00, 0x00, 0x00, 0x21, 0x00, 0x42, 0x00, 0x83, 0x08, 0x62, 0x08, 0x21, 0x00, 0x21, 0x00,
    0x21, 0x00, 0x21, 0x00, 0x21, 0x00, 0x00, 0x00, 0x00, 0x00, 0x42, 0x00, 0x42, 0x00, 0x21, 0x00,
    0x00, 0x00, 0x00, 0x00, 0x00, 0x00, 0x21, 0x00, 0x42, 0x08, 0x42, 0x00, 0x21, 0x00, 0x00, 0x00,
    0x00, 0x00, 0x00, 0x00, 0x21, 0x00, 0x41, 0x00, 0x21, 0x00, 0x00, 0x00, 0x00, 0x00, 0x00, 0x00,
    0x00, 0x00, 0x00, 0x00, 0x00, 0x00, 0x21, 0x00, 0x42, 0x00, 0x42, 0x00, 0x21, 0x00, 0x21, 0x00,
    0x41, 0x00, 0x21, 0x00, 0x21, 0x00, 0x01, 0x00, 0x00, 0x00, 0x00, 0x00, 0x21, 0x00, 0x00, 0x00,
    0x00, 0x00, 0x00, 0x00, 0x00, 0x00, 0x01, 0x00, 0x21, 0x00, 0x21, 0x00, 0x21, 0x00, 0x00, 0x00,
    0x00, 0x00, 0x00, 0x00, 0x21, 0x00, 0x01, 0x00, 0x00, 0x00, 0x00, 0x00, 0x00, 0x00, 0x00, 0x00,
    0x00, 0x00, 0x00, 0x00, 0x00, 0x00, 0x00, 0x00, 0x00, 0x00, 0x21, 0x00, 0x21, 0x00, 0x21, 0x00,
    0x41, 0x00, 0x21, 0x00, 0x21, 0x00, 0x01, 0x00, 0x21, 0x00, 0x00, 0x00, 0x00, 0x00, 0x00, 0x00,
    0x00, 0x00, 0x00, 0x00, 0x00, 0x00, 0x00, 0x00, 0x00, 0x00, 0x00, 0x00, 0x00, 0x00, 0x00, 0x00,
    0x00, 0x00, 0x21, 0x00, 0x21, 0x00, 0x00, 0x00, 0x00, 0x00, 0x00, 0x00, 0x00, 0x00, 0x00, 0x00,
    0x00, 0x00, 0x00, 0x00, 0x00, 0x00, 0x00, 0x00, 0x00, 0x00, 0x00, 0x00, 0x21, 0x00, 0x01, 0x00,
    0x21, 0x00, 0x21, 0x00, 0x21, 0x00, 0x01, 0x00, 0x00, 0x00, 0x00, 0x00, 0x00, 0x00, 0x00, 0x00,
    0x00, 0x00, 0x00, 0x00, 0x00, 0x00, 0x00, 0x00, 0x00, 0x00, 0x00, 0x00, 0x00, 0x00, 0x00, 0x00,
    0x00, 0x00, 0x00, 0x00, 0x00, 0x00, 0x00, 0x00, 0x00, 0x00, 0x00, 0x00, 0x00, 0x00, 0x00, 0x00,
    0x00, 0x00, 0x00, 0x00, 0x00, 0x00, 0x00, 0x00, 0x00, 0x00, 0x00, 0x00, 0x00, 0x00, 0x00, 0x00,
    0x21, 0x00, 0x21, 0x00, 0x21, 0x00, 0x01, 0x00, 0x21, 0x00, 0x21, 0x00, 0x00, 0x00, 0x00, 0x00,
    0x00, 0x00, 0x00, 0x00, 0x00, 0x00, 0x00, 0x00, 0x00, 0x00, 0x00, 0x00, 0x00, 0x00, 0x00, 0x00,
    0x00, 0x00, 0x00, 0x00, 0x00, 0x00, 0x01, 0x00, 0x21, 0x00, 0x21, 0x00, 0x00, 0x00, 0x00, 0x00,
    0x00, 0x00, 0x00, 0x00, 0x00, 0x00, 0x00, 0x00, 0x00, 0x00, 0x00, 0x00, 0x00, 0x00, 0x01, 0x00,
    0x00, 0x00, 0x21, 0x00, 0x21, 0x00, 0x01, 0x00, 0x21, 0x00, 0x21, 0x00, 0x21, 0x00, 0x01, 0x00,
    0x00, 0x00, 0x00, 0x00, 0x00, 0x00, 0x00, 0x00, 0x00, 0x00, 0x00, 0x00, 0x00, 0x00, 0x00, 0x00,
    0x00, 0x00, 0x00, 0x00, 0x00, 0x00, 0x00, 0x00, 0x41, 0x00, 0x21, 0x00, 0x00, 0x00, 0x00, 0x00,
    0x00, 0x00, 0x00, 0x00, 0x00, 0x00, 0x00, 0x00, 0x21, 0x00, 0x00, 0x00, 0x00, 0x00, 0x01, 0x00,
    0x21, 0x00, 0x21, 0x00, 0x21, 0x00, 0x21, 0x00, 0x41, 0x00, 0x42, 0x08, 0x42, 0x08, 0x21, 0x00,
    0x21, 0x00, 0x00, 0x00, 0x00, 0x00, 0x00, 0x00, 0x21, 0x00, 0x21, 0x00, 0x21, 0x00, 0x01, 0x00,
    0x00, 0x00, 0x00, 0x00, 0x00, 0x00, 0x00, 0x00, 0x21, 0x00, 0x42, 0x00, 0x21, 0x00, 0x00, 0x00,
    0x00, 0x00, 0x00, 0x00, 0x00, 0x00, 0x01, 0x00, 0x21, 0x00, 0x21, 0x00, 0x21, 0x00, 0x01, 0x00,
    0x42, 0x08, 0x62, 0x08, 0x42, 0x00, 0x21, 0x00, 0x42, 0x00, 0x62, 0x08, 0x62, 0x08, 0x42, 0x00,
    0x21, 0x00, 0x21, 0x00, 0x21, 0x00, 0x00, 0x00, 0x21, 0x00, 0x62, 0x08, 0x83, 0x08, 0x42, 0x00,
    0x00, 0x00, 0x00, 0x00, 0x00, 0x00, 0x00, 0x00, 0x00, 0x00, 0x41, 0x00, 0x21, 0x00, 0x00, 0x00,
    0x00, 0x00, 0x00, 0x00, 0x00, 0x00, 0x01, 0x00, 0x21, 0x00, 0x21, 0x00, 0x21, 0x00, 0x21, 0x00,
    0x62, 0x08, 0xa3, 0x10, 0x62, 0x08, 0x21, 0x00, 0x41, 0x00, 0x42, 0x00, 0x42, 0x00, 0x41, 0x00,
    0x21, 0x00, 0x00, 0x00, 0x21, 0x00, 0x00, 0x00, 0x41, 0x00, 0xa3, 0x10, 0xe4, 0x18, 0xa3, 0x10,
    0x41, 0x00, 0x00, 0x00, 0x00, 0x00, 0x00, 0x00, 0x00, 0x00, 0x21, 0x00, 0x21, 0x00, 0x00, 0x00,
    0x00, 0x00, 0x00, 0x00, 0x00, 0x00, 0x01, 0x00, 0x21, 0x00, 0x21, 0x00, 0x21, 0x00, 0x21, 0x00,
    0x82, 0x08, 0xc3, 0x10, 0xa3, 0x10, 0x41, 0x00, 0x21, 0x00, 0x21, 0x00, 0x21, 0x00, 0x01, 0x00,
    0x00, 0x00, 0x00, 0x00, 0x21, 0x00, 0x00, 0x00, 0x21, 0x00, 0xc3, 0x10, 0x45, 0x21, 0x05, 0x19,
    0x62, 0x08, 0x00, 0x00, 0x00, 0x00, 0x00, 0x00, 0x00, 0x00, 0x00, 0x00, 0x00, 0x00, 0x00, 0x00,
    0x00, 0x00, 0x00, 0x00, 0x00, 0x00, 0x01, 0x00, 0x21, 0x00, 0x21, 0x00, 0x21, 0x00, 0x01, 0x00,
    0x62, 0x08, 0xc4, 0x10, 0xc4, 0x10, 0x62, 0x08, 0x21, 0x00, 0x21, 0x00, 0x00, 0x00, 0x00, 0x00,
    0x00, 0x00, 0x00, 0x00, 0x00, 0x00, 0x01, 0x00, 0x21, 0x00, 0xa3, 0x10, 0x46, 0x29, 0x46, 0x21,
    0xa3, 0x10, 0x00, 0x00, 0x00, 0x00, 0x00, 0x00, 0x00, 0x00, 0x00, 0x00, 0x00, 0x00, 0x00, 0x00,
    0x00, 0x00, 0x00, 0x00, 0x00, 0x00, 0x01, 0x00, 0x21, 0x00, 0x21, 0x00, 0x21, 0x00, 0x21, 0x00,
    0x62, 0x08, 0xc4, 0x10, 0xe4, 0x18, 0x83, 0x08, 0x00, 0x00, 0x00, 0x00, 0x00, 0x00, 0x00, 0x00,
    0x00, 0x00, 0x00, 0x00, 0x00, 0x00, 0x00, 0x00, 0x21, 0x00, 0x82, 0x08, 0x46, 0x21, 0x66, 0x29,
    0xe4, 0x18, 0x21, 0x00, 0x00, 0x00, 0x00, 0x00, 0x00, 0x00, 0x00, 0x00, 0x00, 0x00, 0x00, 0x00,
    0x00, 0x00, 0x00, 0x00, 0x00, 0x00, 0x00, 0x00, 0x21, 0x00, 0x21, 0x00, 0x21, 0x00, 0x21, 0x00,
    0x42, 0x00, 0xa3, 0x10, 0xc4, 0x18, 0x83, 0x10, 0x21, 0x00, 0x00, 0x00, 0x00, 0x00, 0x00, 0x00,
    0x00, 0x00, 0x00, 0x00, 0x00, 0x00, 0x00, 0x00, 0x00, 0x00, 0x42, 0x00, 0x05, 0x19, 0x46, 0x21,
    0x05, 0x19, 0x41, 0x00, 0x00, 0x00, 0x00, 0x00, 0x00, 0x00, 0x00, 0x00, 0x00, 0x00, 0x00, 0x00,
    0x00, 0x00, 0x00, 0x00, 0x42, 0x00, 0xa3, 0x10, 0xe4, 0x18, 0xc4, 0x18, 0x21, 0x00, 0x00, 0x00,
    0x00, 0x00, 0x00, 0x00, 0x00, 0x00, 0x00, 0x00, 0x00, 0x00, 0x00, 0x00, 0x21, 0x00, 0x05, 0x19,
    0x66, 0x29, 0x86, 0x29, 0x25, 0x21, 0x41, 0x00, 0x00, 0x00, 0x00, 0x00, 0x00, 0x00, 0x00, 0x00,
    0x00, 0x00, 0x00, 0x00, 0x00, 0x00, 0x00, 0x00, 0x42, 0x00, 0x42, 0x08, 0x21, 0x00, 0x00, 0x00,
    0x00, 0x00, 0x00, 0x00, 0x21, 0x00, 0x83, 0x08, 0xc4, 0x10, 0xc3, 0x10, 0x21, 0x00, 0x00, 0x00,
    0x00, 0x00, 0x00, 0x00, 0x00, 0x00, 0x00, 0x00, 0x00, 0x00, 0x00, 0x00, 0x00, 0x00, 0x83, 0x08,
    0x25, 0x21, 0x66, 0x29, 0x05, 0x19, 0x42, 0x00, 0x00, 0x00, 0x00, 0x00, 0x00, 0x00, 0x00, 0x00,
    0x00, 0x00, 0x00, 0x00, 0x00, 0x00, 0x00, 0x00, 0x21, 0x00, 0x42, 0x00, 0x00, 0x00, 0x00, 0x00,
    0x00, 0x00, 0x00, 0x00, 0x00, 0x00, 0x42, 0x08, 0x83, 0x08, 0x83, 0x08, 0x21, 0x00, 0x00, 0x00,
    0x00, 0x00, 0x00, 0x00, 0x00, 0x00, 0x00, 0x00, 0x00, 0x00, 0x00, 0x00, 0x00, 0x00, 0x21, 0x00,
    0xa3, 0x10, 0x05, 0x19, 0xc4, 0x10, 0x41, 0x00, 0x00, 0x00, 0x00, 0x00, 0x00, 0x00, 0x00, 0x00,
    0x00, 0x00, 0x00, 0x00, 0x00, 0x00, 0x00, 0x00, 0x00, 0x00, 0x21, 0x00, 0x00, 0x00, 0x00, 0x00,
    0x00, 0x00, 0x00, 0x00, 0x00, 0x00, 0x21, 0x00, 0x21, 0x00, 0x42, 0x00, 0x00, 0x00, 0x00, 0x00,
    0x00, 0x00, 0x00, 0x00, 0x00, 0x00, 0x00, 0x00, 0x00, 0x00, 0x00, 0x00, 0x00, 0x00, 0x00, 0x00,
    0x21, 0x00, 0x62, 0x08, 0x62, 0x08, 0x21, 0x00, 0x00, 0x00, 0x00, 0x00, 0x00, 0x00, 0x00, 0x00,
    0x00, 0x00, 0x00, 0x00, 0x00, 0x00, 0x00, 0x00, 0x00, 0x00, 0x00, 0x00, 0x00, 0x00, 0x00, 0x00,
    0x00, 0x00, 0x00, 0x00, 0x00, 0x00, 0x00, 0x00, 0x00, 0x00, 0x00, 0x00, 0x00, 0x00, 0x00, 0x00,
    0x00, 0x00, 0x00, 0x00, 0x00, 0x00, 0x00, 0x00, 0x00, 0x00, 0x00, 0x00, 0x00, 0x00, 0x00, 0x00,
    0x00, 0x00, 0x00, 0x00, 0x00, 0x00, 0x00, 0x00, 0x00, 0x00, 0x00, 0x00, 0x00, 0x00, 0x00, 0x00,
    0x00, 0x00, 0x00, 0x00, 0x00, 0x00, 0x00, 0x00, 0x00, 0x00, 0x00, 0x00, 0x00, 0x00, 0x00, 0x00,
    0x00, 0x00, 0x00, 0x00, 0x00, 0x00, 0x00, 0x00, 0x00, 0x00, 0x00, 0x00, 0x00, 0x00, 0x00, 0x00,
    0x00, 0x00, 0x00, 0x00, 0x00, 0x00, 0x00, 0x00, 0x00, 0x00, 0x00, 0x00, 0x00, 0x00, 0x00, 0x00,
    0x00, 0x00, 0x00, 0x00, 0x00, 0x00, 0x00, 0x00, 0x00, 0x00, 0x00, 0x00, 0x00, 0x00, 0x00, 0x00,
    0x00, 0x00, 0x00, 0x00, 0x00, 0x00, 0x21, 0x00, 0x21, 0x00, 0x00, 0x00, 0x00, 0x00, 0x00, 0x00,
    0x00, 0x00, 0x00, 0x00, 0x00, 0x00, 0x00, 0x00, 0x00, 0x00, 0x00, 0x00, 0x00, 0x00, 0x21, 0x00,
    0x21, 0x00, 0x42, 0x00, 0x21, 0x00, 0x00, 0x00, 0x00, 0x00, 0x00, 0x00, 0x00, 0x00, 0x00, 0x00,
    0x00, 0x00, 0x00, 0x00, 0x00, 0x00, 0x00, 0x00, 0x00, 0x00, 0x00, 0x00, 0x00, 0x00, 0x00, 0x00,
    0x00, 0x00, 0x00, 0x00, 0x00, 0x00, 0x21, 0x00, 0x42, 0x00, 0x42, 0x00, 0x00, 0x00, 0x00, 0x00,
    0x00, 0x00, 0x00, 0x00, 0x00, 0x00, 0x00, 0x00, 0x00, 0x00, 0x00, 0x00, 0x00, 0x00, 0x21, 0x00,
    0x41, 0x00, 0x62, 0x08, 0x62, 0x08, 0x62, 0x08, 0x41, 0x00, 0x21, 0x00, 0x00, 0x00, 0x00, 0x00,
    0x00, 0x00, 0x00, 0x00, 0x00, 0x00, 0x00, 0x00, 0x00, 0x00, 0x00, 0x00, 0x00, 0x00, 0x00, 0x00,
    0x01, 0x00, 0x21, 0x00, 0x21, 0x00, 0x41, 0x00, 0x62, 0x08, 0x62, 0x08, 0x21, 0x00, 0x00, 0x00,
    0x00, 0x00, 0x00, 0x00, 0x00, 0x00, 0x00, 0x00, 0x00, 0x00, 0x00, 0x00, 0x00, 0x00, 0x21, 0x00,
    0x41, 0x00, 0x83, 0x08, 0xa3, 0x10, 0xe4, 0x18, 0xe4, 0x18, 0x83, 0x08, 0x21, 0x00, 0x00, 0x00,
    0x00, 0x00, 0x00, 0x00, 0x00, 0x00, 0x00, 0x00, 0x00, 0x00, 0x00, 0x00, 0x00, 0x00, 0x21, 0x00,
    0x62, 0x08, 0x83, 0x08, 0x62, 0x08, 0x21, 0x00, 0x62, 0x08, 0x82, 0x08, 0x21, 0x00, 0x00, 0x00,
    0x00, 0x00, 0x00, 0x00, 0x00, 0x00, 0x00, 0x00, 0x00, 0x00, 0x00, 0x00, 0x00, 0x00, 0x00, 0x00,
    0x21, 0x00, 0x82, 0x08, 0xc4, 0x10, 0x66, 0x29, 0x87, 0x29, 0x45, 0x21, 0x62, 0x08, 0x00, 0x00,
    0x00, 0x00, 0x00, 0x00, 0x00, 0x00, 0x00, 0x00, 0x00, 0x00, 0x00, 0x00, 0x00, 0x00, 0x21, 0x00,
    0xa3, 0x10, 0xe4, 0x18, 0xc3, 0x10, 0x42, 0x00, 0x21, 0x00, 0x62, 0x08, 0x41, 0x00, 0x00, 0x00,
    0x00, 0x00, 0x00, 0x00, 0x00, 0x00, 0x00, 0x00, 0x00, 0x00, 0x00, 0x00, 0x00, 0x00, 0x00, 0x00,
    0x00, 0x00, 0x42, 0x08, 0xa3, 0x10, 0x87, 0x29, 0xc8, 0x39, 0xc8, 0x31, 0xe4, 0x18, 0x00, 0x00,
    0x00, 0x00, 0x00, 0x00, 0x00, 0x00, 0x00, 0x00, 0x00, 0x00, 0x00, 0x00, 0x00, 0x00, 0x21, 0x00,
    0xc4, 0x10, 0x25, 0x21, 0xe4, 0x18, 0x83, 0x08, 0x01, 0x00, 0x42, 0x00, 0x21, 0x00, 0x00, 0x00,
    0x00, 0x00, 0x00, 0x00, 0x00, 0x00, 0x00, 0x00, 0x00, 0x00, 0x00, 0x00, 0x00, 0x00, 0x00, 0x00,
    0x00, 0x00, 0x21, 0x00, 0x62, 0x08, 0x66, 0x29, 0xc8, 0x31, 0xe8, 0x39, 0x86, 0x29, 0x42, 0x00,
    0x00, 0x00, 0x00, 0x00, 0x00, 0x00, 0x00, 0x00, 0x00, 0x00, 0x00, 0x00, 0x00, 0x00, 0x21, 0x00,
    0xc4, 0x18, 0x25, 0x21, 0x04, 0x19, 0xc4, 0x10, 0x21, 0x00, 0x00, 0x00, 0x21, 0x00, 0x00, 0x00,
    0x00, 0x00, 0x00, 0x00, 0x00, 0x00, 0x00, 0x00, 0x00, 0x00, 0x00, 0x00, 0x00, 0x00, 0x00, 0x00,
    0x00, 0x00, 0x00, 0x00, 0x21, 0x00, 0x25, 0x21, 0xa7, 0x31, 0xa7, 0x31, 0xc7, 0x31, 0x83, 0x10,
    0x00, 0x00, 0x00, 0x00, 0x00, 0x00, 0x00, 0x00, 0x00, 0x00, 0x00, 0x00, 0x00, 0x00, 0x00, 0x00,
    0xc3, 0x10, 0x25, 0x21, 0xe4, 0x18, 0xe4, 0x18, 0x41, 0x00, 0x00, 0x00, 0x00, 0x00, 0x00, 0x00,
    0x00, 0x00, 0x00, 0x00, 0x21, 0x00, 0x00, 0x00, 0x00, 0x00, 0x00, 0x00, 0x00, 0x00, 0x00, 0x00,
    0x00, 0x00, 0x00, 0x00, 0x00, 0x00, 0xc4, 0x10, 0x66, 0x29, 0x87, 0x29, 0xa7, 0x31, 0xe4, 0x18,
    0x00, 0x00, 0x00, 0x00, 0x00, 0x00, 0x00, 0x00, 0x00, 0x00, 0x00, 0x00, 0x00, 0x00, 0x00, 0x00,
    0x83, 0x08, 0x25, 0x21, 0xe4, 0x18, 0xe4, 0x18, 0x62, 0x08, 0x00, 0x00, 0x00, 0x00, 0x00, 0x00,
    0x00, 0x00, 0x00, 0x00, 0x21, 0x00, 0x00, 0x00, 0x00, 0x00, 0x00, 0x00, 0x00, 0x00, 0x00, 0x00,
    0x00, 0x00, 0x00, 0x00, 0x00, 0x00, 0x62, 0x08, 0x46, 0x21, 0x66, 0x29, 0x87, 0x29, 0x05, 0x19,
    0x00, 0x00, 0x00, 0x00, 0x00, 0x00, 0x00, 0x00, 0x00, 0x00, 0x00, 0x00, 0x00, 0x00, 0x00, 0x00,
    0x42, 0x08, 0x25, 0x21, 0x04, 0x19, 0xe4, 0x18, 0x62, 0x08, 0x00, 0x00, 0x00, 0x00, 0x00, 0x00,
    0x00, 0x00, 0x00, 0x00, 0x21, 0x00, 0x00, 0x00, 0x00, 0x00, 0x00, 0x00, 0x00, 0x00, 0x00, 0x00,
    0x00, 0x00, 0x00, 0x00, 0x00, 0x00, 0x21, 0x00, 0x05, 0x19, 0x66, 0x29, 0x66, 0x29, 0x04, 0x19,
    0x01, 0x00, 0x00, 0x00, 0x00, 0x00, 0x00, 0x00, 0x00, 0x00, 0x00, 0x00, 0x00, 0x00, 0x00, 0x00,
    0x21, 0x00, 0xe4, 0x18, 0x05, 0x21, 0xe4, 0x18, 0x83, 0x08, 0x00, 0x00, 0x00, 0x00, 0x00, 0x00,
    0x00, 0x00, 0x00, 0x00, 0x21, 0x00, 0x00, 0x00, 0x00, 0x00, 0x00, 0x00, 0x00, 0x00, 0x00, 0x00,
    0x00, 0x00, 0x00, 0x00, 0x00, 0x00, 0x00, 0x00, 0xa3, 0x10, 0x45, 0x21, 0x46, 0x21, 0xe4, 0x18,
    0x21, 0x00, 0x00, 0x00, 0x00, 0x00, 0x00, 0x00, 0x00, 0x00, 0x00, 0x00, 0x00, 0x00, 0x00, 0x00,
    0x00, 0x00, 0x83, 0x10, 0x04, 0x19, 0xe4, 0x18, 0x62, 0x08, 0x00, 0x00, 0x00, 0x00, 0x00, 0x00,
    0x00, 0x00, 0x00, 0x00, 0x21, 0x00, 0x00, 0x00, 0x00, 0x00, 0x00, 0x00, 0x00, 0x00, 0x00, 0x00,
    0x00, 0x00, 0x00, 0x00, 0x00, 0x00, 0x00, 0x00, 0x41, 0x00, 0xc4, 0x10, 0xe4, 0x18, 0xa3, 0x10,
    0x01, 0x00, 0x00, 0x00, 0x00, 0x00, 0x00, 0x00, 0x00, 0x00, 0x00, 0x00, 0x00, 0x00, 0x00, 0x00,
    0x00, 0x00, 0x42, 0x00, 0xa3, 0x10, 0xa3, 0x10, 0x42, 0x08, 0x00, 0x00, 0x00, 0x00, 0x00, 0x00,
    0x00, 0x00, 0x00, 0x00, 0x00, 0x00, 0x00, 0x00, 0x00, 0x00, 0x00, 0x00, 0x00, 0x00, 0x00, 0x00,
    0x00, 0x00, 0x00, 0x00, 0x00, 0x00, 0x00, 0x00, 0x00, 0x00, 0x42, 0x08, 0x62, 0x08, 0x42, 0x00,
    0x00, 0x00, 0x00, 0x00, 0x00, 0x00, 0x00, 0x00, 0x00, 0x00, 0x00, 0x00, 0x00, 0x00, 0x00, 0x00,
    0x00, 0x00, 0x00, 0x00, 0x41, 0x00, 0x42, 0x00, 0x21, 0x00, 0x00, 0x00, 0x00, 0x00, 0x00, 0x00,
    0x00, 0x00, 0x00, 0x00, 0x00, 0x00, 0x00, 0x00, 0x00, 0x00, 0x00, 0x00, 0x00, 0x00, 0x00, 0x00,
    0x00, 0x00, 0x00, 0x00, 0x00, 0x00, 0x00, 0x00, 0x00, 0x00, 0x00, 0x00, 0x00, 0x00, 0x00, 0x00,
    0x00, 0x00, 0x00, 0x00, 0x00, 0x00, 0x00, 0x00, 0x00, 0x00, 0x00, 0x00, 0x00, 0x00, 0x00, 0x00,
    0x00, 0x00, 0x00, 0x00, 0x00, 0x00, 0x00, 0x00, 0x00, 0x00, 0x00, 0x00, 0x00, 0x00, 0x00, 0x00,
    0x00, 0x00, 0x00, 0x00, 0x00, 0x00, 0x00, 0x00, 0x00, 0x00, 0x00, 0x00, 0x00, 0x00, 0x00, 0x00,
    0x00, 0x00, 0x00, 0x00, 0x00, 0x00, 0x00, 0x00, 0x00, 0x00, 0x00, 0x00, 0x00, 0x00, 0x00, 0x00,
    0x00, 0x00, 0x00, 0x00, 0x00, 0x00, 0x00, 0x00, 0x00, 0x00, 0x00, 0x00, 0x00, 0x00, 0x00, 0x00,
    0x00, 0x00, 0x00, 0x00, 0x00, 0x00, 0x21, 0x00, 0x21, 0x00, 0x00, 0x00, 0x00, 0x00, 0x00, 0x00,
    0x00, 0x00, 0x00, 0x00, 0x00, 0x00, 0x00, 0x00, 0x00, 0x00, 0x00, 0x00, 0x00, 0x00, 0x00, 0x00,
    0x00, 0x00, 0x00, 0x00, 0x00, 0x00, 0x00, 0x00, 0x00, 0x00, 0x00, 0x00, 0x00, 0x00, 0x00, 0x00,
    0x00, 0x00, 0x00, 0x00, 0x00, 0x00, 0x00, 0x00, 0x00, 0x00, 0x00, 0x00, 0x00, 0x00, 0x00, 0x00,
    0x00, 0x00, 0x00, 0x00, 0x00, 0x00, 0x21, 0x00, 0x41, 0x00, 0x42, 0x00, 0x00, 0x00, 0x00, 0x00,
    0x00, 0x00, 0x00, 0x00, 0x00, 0x00, 0x00, 0x00, 0x00, 0x00, 0x00, 0x00, 0x00, 0x00, 0x21, 0x00,
    0x21, 0x00, 0x42, 0x00, 0x21, 0x00, 0x00, 0x00, 0x00, 0x00, 0x00, 0x00, 0x00, 0x00, 0x00, 0x00,
    0x00, 0x00, 0x00, 0x00, 0x00, 0x00, 0x00, 0x00, 0x01, 0x00, 0x42, 0x00, 0x21, 0x00, 0x00, 0x00,
    0x00, 0x00, 0x00, 0x00, 0x00, 0x00, 0x21, 0x00, 0x42, 0x08, 0x62, 0x08, 0x21, 0x00, 0x00, 0x00,
    0x00, 0x00, 0x00, 0x00, 0x00, 0x00, 0x00, 0x00, 0x00, 0x00, 0x00, 0x00, 0x00, 0x00, 0x21, 0x00,
    0x62, 0x08, 0x83, 0x08, 0x62, 0x08, 0x21, 0x00, 0x01, 0x00, 0x00, 0x00, 0x00, 0x00, 0x00, 0x00,
    0x00, 0x00, 0x00, 0x00, 0x00, 0x00, 0x00, 0x00, 0x21, 0x00, 0xa3, 0x10, 0xa3, 0x10, 0x62, 0x08,
    0x00, 0x00, 0x00, 0x00, 0x00, 0x00, 0x21, 0x00, 0x42, 0x00, 0x62, 0x08, 0x21, 0x00, 0x00, 0x00,
    0x00, 0x00, 0x00, 0x00, 0x00, 0x00, 0x00, 0x00, 0x00, 0x00, 0x00, 0x00, 0x00, 0x00, 0x41, 0x00,
    0x83, 0x10, 0xe4, 0x18, 0xa3, 0x10, 0x42, 0x00, 0x21, 0x00, 0x21, 0x00, 0x21, 0x00, 0x00, 0x00,
    0x00, 0x00, 0x00, 0x00, 0x00, 0x00, 0x00, 0x00, 0x62, 0x08, 0x05, 0x21, 0x25, 0x21, 0xe4, 0x18,
    0x21, 0x00, 0x00, 0x00, 0x00, 0x00, 0x00, 0x00, 0x21, 0x00, 0x62, 0x08, 0x21, 0x00, 0x00, 0x00,
    0x00, 0x00, 0x00, 0x00, 0x00, 0x00, 0x00, 0x00, 0x00, 0x00, 0x00, 0x00, 0x00, 0x00, 0x41, 0x00,
    0xa3, 0x10, 0xe4, 0x18, 0xe4, 0x18, 0x82, 0x08, 0x21, 0x00, 0x21, 0x00, 0x21, 0x00, 0x00, 0x00,
    0x00, 0x00, 0x00, 0x00, 0x00, 0x00, 0x00, 0x00, 0x62, 0x08, 0x46, 0x21, 0x66, 0x29, 0x46, 0x21,
    0x83, 0x08, 0x00, 0x00, 0x00, 0x00, 0x00, 0x00, 0x00, 0x00, 0x41, 0x00, 0x21, 0x00, 0x00, 0x00,
    0x00, 0x00, 0x00, 0x00, 0x00, 0x00, 0x00, 0x00, 0x00, 0x00, 0x00, 0x00, 0x00, 0x00, 0x21, 0x00,
    0xa3, 0x10, 0xe4, 0x18, 0x05, 0x19, 0xc3, 0x10, 0x21, 0x00, 0x21, 0x00, 0x21, 0x00, 0x00, 0x00,
    0x00, 0x00, 0x00, 0x00, 0x00, 0x00, 0x00, 0x00, 0x42, 0x00, 0x66, 0x29, 0x66, 0x29, 0x66, 0x29,
    0xe4, 0x18, 0x00, 0x00, 0x00, 0x00, 0x00, 0x00, 0x00, 0x00, 0x00, 0x00, 0x00, 0x00, 0x00, 0x00,
    0x00, 0x00, 0x00, 0x00, 0x00, 0x00, 0x00, 0x00, 0x00, 0x00, 0x00, 0x00, 0x00, 0x00, 0x21, 0x00,
    0xa3, 0x10, 0xc4, 0x10, 0xe4, 0x18, 0xe4, 0x18, 0x21, 0x00, 0x21, 0x00, 0x21, 0x00, 0x00, 0x00,
    0x00, 0x00, 0x00, 0x00, 0x00, 0x00, 0x00, 0x00, 0x21, 0x00, 0x46, 0x29, 0x66, 0x29, 0x46, 0x21,
    0x25, 0x21, 0x42, 0x00, 0x00, 0x00, 0x00, 0x00, 0x00, 0x00, 0x00, 0x00, 0x00, 0x00, 0x00, 0x00,
    0x00, 0x00, 0x00, 0x00, 0x00, 0x00, 0x00, 0x00, 0x00, 0x00, 0x00, 0x00, 0x00, 0x00, 0x00, 0x00,
    0x83, 0x08, 0xc4, 0x10, 0xc4, 0x10, 0xe4, 0x18, 0x42, 0x00, 0x21, 0x00, 0x21, 0x00, 0x00, 0x00,
    0x00, 0x00, 0x00, 0x00, 0x00, 0x00, 0x00, 0x00, 0x00, 0x00, 0x25, 0x21, 0x66, 0x29, 0x45, 0x21,
    0x46, 0x21, 0x82, 0x08, 0x00, 0x00, 0x00, 0x00, 0x00, 0x00, 0x00, 0x00, 0x00, 0x00, 0x00, 0x00,
    0x00, 0x00, 0x00, 0x00, 0x00, 0x00, 0x00, 0x00, 0x00, 0x00, 0x00, 0x00, 0x00, 0x00, 0x00, 0x00,
    0x62, 0x08, 0xc4, 0x18, 0xc4, 0x10, 0xe4, 0x18, 0x62, 0x08, 0x00, 0x00, 0x00, 0x00, 0x00, 0x00,
    0x00, 0x00, 0x00, 0x00, 0x00, 0x00, 0x00, 0x00, 0x00, 0x00, 0xc4, 0x10, 0x66, 0x29, 0x46, 0x21,
    0x66, 0x29, 0xa3, 0x10, 0x00, 0x00, 0x00, 0x00, 0x00, 0x00, 0x00, 0x00, 0x00, 0x00, 0x00, 0x00,
    0x00, 0x00, 0x00, 0x00, 0x62, 0x08, 0x82, 0x08, 0x83, 0x10, 0xe4, 0x18, 0xa3, 0x10, 0x00, 0x00,
    0x00, 0x00, 0x00, 0x00, 0x00, 0x00, 0x00, 0x00, 0x00, 0x00, 0x21, 0x00, 0xe4, 0x18, 0xc7, 0x31,
    0x45, 0x21, 0x04, 0x19, 0x66, 0x29, 0xe4, 0x18, 0x00, 0x00, 0x00, 0x00, 0x00, 0x00, 0x00, 0x00,
    0x00, 0x00, 0x00, 0x00, 0x00, 0x00, 0x21, 0x00, 0x82, 0x08, 0x21, 0x00, 0x00, 0x00, 0x00, 0x00,
    0x00, 0x00, 0x00, 0x00, 0x62, 0x08, 0xa3, 0x10, 0xc3, 0x10, 0xe4, 0x18, 0xa3, 0x10, 0x00, 0x00,
    0x00, 0x00, 0x00, 0x00, 0x00, 0x00, 0x00, 0x00, 0x00, 0x00, 0x00, 0x00, 0x62, 0x08, 0x46, 0x29,
    0x66, 0x29, 0x25, 0x21, 0x66, 0x29, 0xe4, 0x18, 0x21, 0x00, 0x00, 0x00, 0x00, 0x00, 0x00, 0x00,
    0x00, 0x00, 0x00, 0x00, 0x00, 0x00, 0x21, 0x00, 0x62, 0x08, 0x41, 0x00, 0x00, 0x00, 0x00, 0x00,
    0x00, 0x00, 0x00, 0x00, 0x42, 0x00, 0xa3, 0x10, 0xc4, 0x18, 0xe4, 0x18, 0xa3, 0x10, 0x21, 0x00,
    0x00, 0x00, 0x00, 0x00, 0x00, 0x00, 0x00, 0x00, 0x00, 0x00, 0x00, 0x00, 0x21, 0x00, 0xc4, 0x10,
    0x46, 0x29, 0x66, 0x29, 0x66, 0x29, 0xe4, 0x18, 0x21, 0x00, 0x00, 0x00, 0x00, 0x00, 0x00, 0x00,
    0x00, 0x00, 0x00, 0x00, 0x00, 0x00, 0x00, 0x00, 0x42, 0x00, 0x41, 0x00, 0x21, 0x00, 0x00, 0x00,
    0x00, 0x00, 0x00, 0x00, 0x21, 0x00, 0x62, 0x08, 0xa3, 0x10, 0xa3, 0x10, 0x83, 0x08, 0x21, 0x00,
    0x00, 0x00, 0x00, 0x00, 0x00, 0x00, 0x00, 0x00, 0x00, 0x00, 0x00, 0x00, 0x00, 0x00, 0x62, 0x08,
    0xe4, 0x18, 0x05, 0x19, 0x05, 0x19, 0xa3, 0x10, 0x21, 0x00, 0x00, 0x00, 0x00, 0x00, 0x00, 0x00,
    0x00, 0x00, 0x00, 0x00, 0x00, 0x00, 0x00, 0x00, 0x21, 0x00, 0x21, 0x00, 0x00, 0x00, 0x00, 0x00,
    0x00, 0x00, 0x00, 0x00, 0x00, 0x00, 0x21, 0x00, 0x42, 0x00, 0x42, 0x00, 0x62, 0x08, 0x41, 0x00,
    0x21, 0x00, 0x00, 0x00, 0x00, 0x00, 0x00, 0x00, 0x00, 0x00, 0x00, 0x00, 0x00, 0x00, 0x21, 0x00,
    0x42, 0x00, 0x62, 0x08, 0x82, 0x08, 0x42, 0x08, 0x21, 0x00, 0x00, 0x00, 0x00, 0x00, 0x00, 0x00,
    0x00, 0x00, 0x00, 0x00, 0x21, 0x00, 0x21, 0x00, 0x21, 0x00, 0x21, 0x00, 0x00, 0x00, 0x00, 0x00,
    0x00, 0x00, 0x00, 0x00, 0x00, 0x00, 0x00, 0x00, 0x00, 0x00, 0x01, 0x00, 0x41, 0x00, 0x42, 0x00,
    0x42, 0x00, 0x41, 0x00, 0x41, 0x00, 0x00, 0x00, 0x00, 0x00, 0x00, 0x00, 0x00, 0x00, 0x00, 0x00,
    0x00, 0x00, 0x00, 0x00, 0x00, 0x00, 0x00, 0x00, 0x00, 0x00, 0x00, 0x00, 0x00, 0x00, 0x00, 0x00,
    0x00, 0x00, 0x21, 0x00, 0x62, 0x08, 0x62, 0x08, 0x62, 0x08, 0x41, 0x00, 0x00, 0x00, 0x00, 0x00,
    0x00, 0x00, 0x00, 0x00, 0x00, 0x00, 0x00, 0x00, 0x00, 0x00, 0x00, 0x00, 0x41, 0x00, 0x42, 0x08,
    0x62, 0x08, 0x62, 0x08, 0x83, 0x10, 0x82, 0x08, 0x42, 0x00, 0x21, 0x00, 0x21, 0x00, 0x00, 0x00,
    0x00, 0x00, 0x00, 0x00, 0x00, 0x00, 0x00, 0x00, 0x00, 0x00, 0x00, 0x00, 0x00, 0x00, 0x21, 0x00,
    0x21, 0x00, 0x21, 0x00, 0x82, 0x08, 0xa3, 0x10, 0xc3, 0x10, 0x62, 0x08, 0x21, 0x00, 0x00, 0x00,
    0x00, 0x00, 0x00, 0x00, 0x00, 0x00, 0x00, 0x00, 0x00, 0x00, 0x00, 0x00, 0x21, 0x00, 0x42, 0x08,
    0x62, 0x08, 0xa3, 0x10, 0x05, 0x19, 0x25, 0x21, 0x04, 0x19, 0x83, 0x10, 0x42, 0x00, 0x00, 0x00,
    0x00, 0x00, 0x00, 0x00, 0x00, 0x00, 0x00, 0x00, 0x00, 0x00, 0x00, 0x00, 0x21, 0x00, 0x62, 0x08,
    0x83, 0x08, 0x83, 0x08, 0xa3, 0x10, 0xc4, 0x10, 0xe4, 0x18, 0x83, 0x10, 0x42, 0x00, 0x00, 0x00,
    0x00, 0x00, 0x00, 0x00, 0x00, 0x00, 0x00, 0x00, 0x00, 0x00, 0x00, 0x00, 0x00, 0x00, 0x41, 0x00,
    0x62, 0x08, 0xa3, 0x10, 0x66, 0x29, 0xc8, 0x31, 0xc8, 0x31, 0x46, 0x29, 0xa3, 0x10, 0x21, 0x00,
    0x00, 0x00, 0x00, 0x00, 0x00, 0x00, 0x00, 0x00, 0x00, 0x00, 0x00, 0x00, 0x21, 0x00, 0xa3, 0x10,
    0xe4, 0x18, 0xe4, 0x18, 0xe4, 0x18, 0xc4, 0x18, 0xe4, 0x18, 0xa3, 0x10, 0x42, 0x00, 0x00, 0x00,
    0x00, 0x00, 0x00, 0x00, 0x00, 0x00, 0x00, 0x00, 0x00, 0x00, 0x00, 0x00, 0x00, 0x00, 0x21, 0x00,
    0x42, 0x08, 0xa3, 0x10, 0x66, 0x29, 0xe8, 0x39, 0xe8, 0x39, 0xc8, 0x39, 0x46, 0x21, 0x41, 0x00,
    0x00, 0x00, 0x00, 0x00, 0x00, 0x00, 0x00, 0x00, 0x00, 0x00, 0x00, 0x00, 0x00, 0x00, 0xa3, 0x10,
    0x25, 0x21, 0xe4, 0x18, 0x05, 0x19, 0xc4, 0x18, 0xa3, 0x10, 0x83, 0x10, 0x42, 0x00, 0x00, 0x00,
    0x00, 0x00, 0x00, 0x00, 0x00, 0x00, 0x00, 0x00, 0x00, 0x00, 0x00, 0x00, 0x00, 0x00, 0x00, 0x00,
    0x21, 0x00, 0x62, 0x08, 0x66, 0x29, 0xe8, 0x39, 0xa7, 0x31, 0xc7, 0x31, 0xc8, 0x39, 0x83, 0x10,
    0x00, 0x00, 0x00, 0x00, 0x00, 0x00, 0x00, 0x00, 0x00, 0x00, 0x00, 0x00, 0x00, 0x00, 0xa3, 0x10,
    0x25, 0x21, 0xc4, 0x10, 0xe4, 0x18, 0xe4, 0x18, 0x82, 0x08, 0x62, 0x08, 0x42, 0x00, 0x00, 0x00,
    0x00, 0x00, 0x00, 0x00, 0x21, 0x00, 0x00, 0x00, 0x00, 0x00, 0x00, 0x00, 0x00, 0x00, 0x00, 0x00,
    0x00, 0x00, 0x21, 0x00, 0x25, 0x21, 0xc8, 0x31, 0x66, 0x29, 0x66, 0x29, 0xe8, 0x39, 0x05, 0x21,
    0x00, 0x00, 0x00, 0x00, 0x00, 0x00, 0x00, 0x00, 0x00, 0x00, 0x00, 0x00, 0x00, 0x00, 0x83, 0x08,
    0x25, 0x21, 0xa3, 0x10, 0xa3, 0x10, 0xe4, 0x18, 0x62, 0x08, 0x21, 0x00, 0x41, 0x00, 0x00, 0x00,
    0x00, 0x00, 0x00, 0x00, 0x41, 0x00, 0x00, 0x00, 0x00, 0x00, 0x00, 0x00, 0x00, 0x00, 0x00, 0x00,
    0x00, 0x00, 0x00, 0x00, 0xa3, 0x10, 0xa7, 0x31, 0x25, 0x21, 0x25, 0x21, 0xc7, 0x31, 0x87, 0x29,
    0x41, 0x00, 0x00, 0x00, 0x00, 0x00, 0x00, 0x00, 0x00, 0x00, 0x00, 0x00, 0x00, 0x00, 0x62, 0x08,
    0x25, 0x21, 0x83, 0x10, 0x62, 0x08, 0xa3, 0x10, 0x83, 0x10, 0x00, 0x00, 0x21, 0x00, 0x00, 0x00,
    0x00, 0x00, 0x00, 0x00, 0x42, 0x00, 0x00, 0x00, 0x00, 0x00, 0x00, 0x00, 0x00, 0x00, 0x00, 0x00,
    0x00, 0x00, 0x00, 0x00, 0x62, 0x08, 0x66, 0x29, 0x25, 0x21, 0xe4, 0x18, 0x66, 0x29, 0xc8, 0x31,
    0x62, 0x08, 0x00, 0x00, 0x00, 0x00, 0x00, 0x00, 0x00, 0x00, 0x00, 0x00, 0x00, 0x00, 0x21, 0x00,
    0x25, 0x21, 0xa3, 0x10, 0x62, 0x08, 0x83, 0x10, 0xa3, 0x10, 0x00, 0x00, 0x00, 0x00, 0x00, 0x00,
    0x00, 0x00, 0x00, 0x00, 0x42, 0x00, 0x00, 0x00, 0x00, 0x00, 0x00, 0x00, 0x00, 0x00, 0x00, 0x00,
    0x00, 0x00, 0x00, 0x00, 0x21, 0x00, 0x25, 0x21, 0x25, 0x21, 0xe4, 0x18, 0x46, 0x21, 0xc8, 0x31,
    0x83, 0x10, 0x01, 0x00, 0x00, 0x00, 0x00, 0x00, 0x00, 0x00, 0x00, 0x00, 0x00, 0x00, 0x00, 0x00,
    0xe4, 0x18, 0xe4, 0x18, 0x83, 0x08, 0x83, 0x10, 0xc3, 0x10, 0x21, 0x00, 0x00, 0x00, 0x00, 0x00,
    0x00, 0x00, 0x00, 0x00, 0x42, 0x00, 0x21, 0x00, 0x00, 0x00, 0x00, 0x00, 0x00, 0x00, 0x00, 0x00,
    0x00, 0x00, 0x00, 0x00, 0x00, 0x00, 0xc4, 0x10, 0x46, 0x21, 0xe4, 0x18, 0x25, 0x21, 0x87, 0x31,
    0xa3, 0x10, 0x00, 0x00, 0x00, 0x00, 0x00, 0x00, 0x00, 0x00, 0x00, 0x00, 0x00, 0x00, 0x00, 0x00,
    0xa3, 0x10, 0x05, 0x21, 0xc3, 0x10, 0xa3, 0x10, 0xc3, 0x10, 0x21, 0x00, 0x00, 0x00, 0x00, 0x00,
    0x00, 0x00, 0x00, 0x00, 0x42, 0x00, 0x21, 0x00, 0x00, 0x00, 0x00, 0x00, 0x00, 0x00, 0x00, 0x00,
    0x00, 0x00, 0x00, 0x00, 0x00, 0x00, 0x62, 0x08, 0x25, 0x21, 0x25, 0x21, 0x46, 0x21, 0x66, 0x29,
    0xa3, 0x10, 0x00, 0x00, 0x00, 0x00, 0x00, 0x00, 0x00, 0x00, 0x00, 0x00, 0x00, 0x00, 0x00, 0x00,
    0x42, 0x08, 0x05, 0x19, 0x05, 0x19, 0xe4, 0x18, 0xc4, 0x10, 0x21, 0x00, 0x00, 0x00, 0x00, 0x00,
    0x00, 0x00, 0x00, 0x00, 0x42, 0x00, 0x41, 0x00, 0x00, 0x00, 0x00, 0x00, 0x00, 0x00, 0x00, 0x00,
    0x00, 0x00, 0x00, 0x00, 0x00, 0x00, 0x21, 0x00, 0xe4, 0x18, 0x45, 0x21, 0x66, 0x29, 0x46, 0x29,
    0xa3, 0x10, 0x00, 0x00, 0x00, 0x00, 0x00, 0x00, 0x00, 0x00, 0x00, 0x00, 0x00, 0x00, 0x00, 0x00,
    0x21, 0x00, 0xa3, 0x10, 0x25, 0x21, 0x05, 0x19, 0xc3, 0x10, 0x21, 0x00, 0x00, 0x00, 0x00, 0x00,
    0x00, 0x00, 0x00, 0x00, 0x21, 0x00, 0x21, 0x00, 0x00, 0x00, 0x00, 0x00, 0x00, 0x00, 0x00, 0x00,
    0x00, 0x00, 0x00, 0x00, 0x00, 0x00, 0x00, 0x00, 0x62, 0x08, 0xc4, 0x18, 0x25, 0x21, 0x04, 0x19,
    0x83, 0x08, 0x21, 0x00, 0x00, 0x00, 0x00, 0x00, 0x00, 0x00, 0x00, 0x00, 0x00, 0x00, 0x00, 0x00,
    0x00, 0x00, 0x42, 0x08, 0xc4, 0x10, 0xc4, 0x18, 0x83, 0x08, 0x21, 0x00, 0x00, 0x00, 0x00, 0x00,
    0x00, 0x00, 0x00, 0x00, 0x00, 0x00, 0x00, 0x00, 0x00, 0x00, 0x00, 0x00, 0x00, 0x00, 0x00, 0x00,
    0x00, 0x00, 0x00, 0x00, 0x00, 0x00, 0x00, 0x00, 0x21, 0x00, 0x42, 0x08, 0x83, 0x08, 0x82, 0x08,
    0x42, 0x00, 0x01, 0x00, 0x00, 0x00, 0x00, 0x00, 0x00, 0x00, 0x00, 0x00, 0x00, 0x00, 0x00, 0x00,
    0x00, 0x00, 0x21, 0x00, 0x62, 0x08, 0x83, 0x08, 0x62, 0x08, 0x21, 0x00, 0x00, 0x00, 0x00, 0x00,
    0x00, 0x00, 0x00, 0x00, 0x00, 0x00, 0x00, 0x00, 0x00, 0x00, 0x00, 0x00, 0x00, 0x00, 0x00, 0x00,
    0x00, 0x00, 0x00, 0x00, 0x00, 0x00, 0x00, 0x00, 0x00, 0x00, 0x00, 0x00, 0x21, 0x00, 0x21, 0x00,
    0x00, 0x00, 0x00, 0x00, 0x00, 0x00, 0x00, 0x00, 0x00, 0x00, 0x00, 0x00, 0x00, 0x00, 0x00, 0x00,
    0x00, 0x00, 0x01, 0x00, 0x42, 0x08, 0x62, 0x08, 0x62, 0x08, 0x21, 0x00, 0x00, 0x00, 0x00, 0x00,
    0x00, 0x00, 0x00, 0x00, 0x00, 0x00, 0x00, 0x00, 0x00, 0x00, 0x00, 0x00, 0x21, 0x00, 0x21, 0x00,
    0x41, 0x00, 0x41, 0x00, 0x42, 0x00, 0x21, 0x00, 0x00, 0x00, 0x00, 0x00, 0x00, 0x00, 0x00, 0x00,
    0x00, 0x00, 0x00, 0x00, 0x00, 0x00, 0x21, 0x00, 0x21, 0x00, 0x21, 0x00, 0x42, 0x00, 0x21, 0x00,
    0x00, 0x00, 0x00, 0x00, 0x42, 0x08, 0x83, 0x08, 0xa3, 0x10, 0x62, 0x08, 0x21, 0x00, 0x00, 0x00,
    0x00, 0x00, 0x00, 0x00, 0x00, 0x00, 0x00, 0x00, 0x00, 0x00, 0x00, 0x00, 0x21, 0x00, 0x62, 0x08,
    0x83, 0x10, 0xa3, 0x10, 0x83, 0x10, 0x42, 0x00, 0x21, 0x00, 0x00, 0x00, 0x00, 0x00, 0x00, 0x00,
    0x00, 0x00, 0x00, 0x00, 0x00, 0x00, 0x41, 0x00, 0x83, 0x08, 0xc4, 0x10, 0xc4, 0x18, 0x83, 0x08,
    0x21, 0x00, 0x00, 0x00, 0x41, 0x00, 0x83, 0x08, 0xa3, 0x10, 0x82, 0x08, 0x42, 0x00, 0x00, 0x00,
    0x00, 0x00, 0x00, 0x00, 0x00, 0x00, 0x00, 0x00, 0x00, 0x00, 0x00, 0x00, 0x21, 0x00, 0x83, 0x08,
    0xc4, 0x18, 0xe4, 0x18, 0xe4, 0x18, 0x82, 0x08, 0x21, 0x00, 0x00, 0x00, 0x00, 0x00, 0x00, 0x00,
    0x00, 0x00, 0x00, 0x00, 0x00, 0x00, 0x42, 0x00, 0xe4, 0x18, 0x46, 0x21, 0x66, 0x29, 0x05, 0x19,
    0x62, 0x08, 0x00, 0x00, 0x00, 0x00, 0x62, 0x08, 0xa3, 0x10, 0x83, 0x08, 0x42, 0x00, 0x00, 0x00,
    0x00, 0x00, 0x00, 0x00, 0x00, 0x00, 0x00, 0x00, 0x00, 0x00, 0x00, 0x00, 0x21, 0x00, 0x83, 0x10,
    0xe4, 0x18, 0xe4, 0x18, 0x25, 0x21, 0xc4, 0x10, 0x42, 0x00, 0x21, 0x00, 0x00, 0x00, 0x00, 0x00,
    0x00, 0x00, 0x00, 0x00, 0x00, 0x00, 0x42, 0x00, 0x05, 0x19, 0x66, 0x29, 0x66, 0x29, 0x66, 0x29,
    0xc4, 0x10, 0x01, 0x00, 0x00, 0x00, 0x21, 0x00, 0x62, 0x08, 0x82, 0x08, 0x42, 0x00, 0x00, 0x00,
    0x00, 0x00, 0x00, 0x00, 0x00, 0x00, 0x00, 0x00, 0x00, 0x00, 0x00, 0x00, 0x00, 0x00, 0x83, 0x10,
    0xc3, 0x10, 0xa3, 0x10, 0x05, 0x19, 0x05, 0x19, 0x42, 0x08, 0x21, 0x00, 0x41, 0x00, 0x00, 0x00,
    0x00, 0x00, 0x00, 0x00, 0x00, 0x00, 0x21, 0x00, 0x05, 0x19, 0x46, 0x21, 0x05, 0x21, 0x45, 0x21,
    0x25, 0x21, 0x21, 0x00, 0x00, 0x00, 0x00, 0x00, 0x21, 0x00, 0x42, 0x08, 0x42, 0x00, 0x00, 0x00,
    0x00, 0x00, 0x00, 0x00, 0x00, 0x00, 0x00, 0x00, 0x00, 0x00, 0x00, 0x00, 0x00, 0x00, 0x83, 0x08,
    0xa3, 0x10, 0x82, 0x08, 0xc4, 0x10, 0x25, 0x21, 0x62, 0x08, 0x21, 0x00, 0x42, 0x00, 0x21, 0x00,
    0x00, 0x00, 0x00, 0x00, 0x00, 0x00, 0x00, 0x00, 0x04, 0x19, 0x25, 0x21, 0xc4, 0x10, 0xe4, 0x18,
    0x46, 0x29, 0x62, 0x08, 0x00, 0x00, 0x00, 0x00, 0x00, 0x00, 0x21, 0x00, 0x21, 0x00, 0x00, 0x00,
    0x00, 0x00, 0x00, 0x00, 0x00, 0x00, 0x00, 0x00, 0x00, 0x00, 0x00, 0x00, 0x00, 0x00, 0x62, 0x08,
    0xa3, 0x10, 0x62, 0x08, 0x83, 0x08, 0x05, 0x21, 0xa3, 0x10, 0x21, 0x00, 0x41, 0x00, 0x21, 0x00,
    0x00, 0x00, 0x00, 0x00, 0x00, 0x00, 0x00, 0x00, 0xa3, 0x10, 0x45, 0x21, 0xa3, 0x10, 0xa3, 0x10,
    0x25, 0x21, 0xc4, 0x10, 0x00, 0x00, 0x00, 0x00, 0x00, 0x00, 0x00, 0x00, 0x00, 0x00, 0x00, 0x00,
    0x00, 0x00, 0x00, 0x00, 0x00, 0x00, 0x00, 0x00, 0x00, 0x00, 0x00, 0x00, 0x00, 0x00, 0x42, 0x00,
    0xa3, 0x10, 0x62, 0x08, 0x62, 0x08, 0xe4, 0x18, 0xe4, 0x18, 0x21, 0x00, 0x41, 0x00, 0x21, 0x00,
    0x21, 0x00, 0x00, 0x00, 0x00, 0x00, 0x00, 0x00, 0x62, 0x08, 0x66, 0x29, 0xc4, 0x10, 0x83, 0x08,
    0x05, 0x19, 0x05, 0x19, 0x00, 0x00, 0x00, 0x00, 0x00, 0x00, 0x00, 0x00, 0x00, 0x00, 0x00, 0x00,
    0x00, 0x00, 0x00, 0x00, 0x00, 0x00, 0x00, 0x00, 0x00, 0x00, 0x00, 0x00, 0x00, 0x00, 0x21, 0x00,
    0xa3, 0x10, 0x62, 0x08, 0x62, 0x08, 0xc3, 0x10, 0xe4, 0x18, 0x21, 0x00, 0x21, 0x00, 0x21, 0x00,
    0x00, 0x00, 0x00, 0x00, 0x00, 0x00, 0x00, 0x00, 0x21, 0x00, 0x46, 0x29, 0x05, 0x19, 0xa3, 0x10,
    0xe4, 0x18, 0x25, 0x21, 0x21, 0x00, 0x00, 0x00, 0x00, 0x00, 0x00, 0x00, 0x00, 0x00, 0x00, 0x00,
    0x00, 0x00, 0x21, 0x00, 0x42, 0x08, 0x83, 0x08, 0xc4, 0x10, 0x66, 0x29, 0x08, 0x3a, 0x46, 0x21,
    0xe4, 0x18, 0xa3, 0x10, 0x62, 0x08, 0x83, 0x08, 0xa3, 0x10, 0xe4, 0x18, 0x09, 0x3a, 0xe8, 0x39,
    0x25, 0x21, 0x05, 0x19, 0x66, 0x29, 0x08, 0x3a, 0xe4, 0x18, 0x83, 0x08, 0x62, 0x08, 0x42, 0x08,
    0x21, 0x00, 0x21, 0x00, 0x01, 0x00, 0xa3, 0x10, 0x82, 0x08, 0x21, 0x00, 0x00, 0x00, 0x00, 0x00,
    0x00, 0x00, 0x21, 0x00, 0x42, 0x08, 0x83, 0x10, 0xe4, 0x18, 0x87, 0x29, 0x4a, 0x42, 0xe8, 0x39,
    0x46, 0x29, 0xe4, 0x18, 0x83, 0x08, 0x62, 0x08, 0x42, 0x00, 0x42, 0x00, 0x25, 0x21, 0xc8, 0x31,
    0x25, 0x21, 0x04, 0x19, 0x66, 0x29, 0x29, 0x42, 0x66, 0x29, 0xc4, 0x10, 0x83, 0x10, 0x62, 0x08,
    0x41, 0x00, 0x21, 0x00, 0x00, 0x00, 0x82, 0x08, 0x83, 0x08, 0x21, 0x00, 0x00, 0x00, 0x00, 0x00,
    0x00, 0x00, 0x00, 0x00, 0x42, 0x08, 0xa3, 0x10, 0x04, 0x19, 0xa7, 0x31, 0x4a, 0x42, 0x29, 0x42,
    0xa7, 0x31, 0x46, 0x21, 0xc4, 0x10, 0x62, 0x08, 0x21, 0x00, 0x21, 0x00, 0xa3, 0x10, 0x87, 0x29,
    0x66, 0x29, 0x25, 0x21, 0x87, 0x29, 0x29, 0x42, 0xa7, 0x31, 0x04, 0x19, 0xc4, 0x10, 0xa3, 0x10,
    0x42, 0x08, 0x21, 0x00, 0x00, 0x00, 0x62, 0x08, 0x83, 0x08, 0x42, 0x00, 0x00, 0x00, 0x00, 0x00,
    0x00, 0x00, 0x00, 0x00, 0x41, 0x00, 0xc4, 0x10, 0x25, 0x21, 0x87, 0x29, 0x09, 0x3a, 0x29, 0x42,
    0xe8, 0x39, 0x87, 0x29, 0x05, 0x19, 0xa3, 0x10, 0x42, 0x00, 0x21, 0x00, 0x62, 0x08, 0x25, 0x21,
    0x86, 0x29, 0x86, 0x29, 0x87, 0x31, 0xe8, 0x39, 0x87, 0x29, 0x05, 0x21, 0xe4, 0x18, 0xc4, 0x10,
    0x83, 0x08, 0x42, 0x00, 0x21, 0x00, 0x62, 0x08, 0x83, 0x08, 0x62, 0x08, 0x01, 0x00, 0x00, 0x00,
    0x00, 0x00, 0x00, 0x00, 0x21, 0x00, 0xa3, 0x10, 0xe4, 0x18, 0x46, 0x21, 0xa7, 0x31, 0xe8, 0x39,
    0xe8, 0x39, 0xa7, 0x31, 0x25, 0x21, 0xe4, 0x18, 0x62, 0x08, 0x42, 0x00, 0x62, 0x08, 0xc4, 0x10,
    0x25, 0x21, 0x46, 0x21, 0x46, 0x29, 0x66, 0x29, 0x46, 0x21, 0x05, 0x19, 0xc4, 0x18, 0xc4, 0x10,
    0xa3, 0x10, 0x83, 0x10, 0x83, 0x10, 0xc4, 0x10, 0xc3, 0x10, 0x62, 0x08, 0x21, 0x00, 0x00, 0x00,
    0x00, 0x00, 0x00, 0x00, 0x21, 0x00, 0x82, 0x08, 0xa3, 0x10, 0xe4, 0x18, 0x25, 0x21, 0x87, 0x31,
    0xc7, 0x31, 0xa7, 0x31, 0x66, 0x29, 0x45, 0x21, 0xe4, 0x18, 0xa3, 0x10, 0x83, 0x08, 0xa3, 0x10,
    0xa3, 0x10, 0xa3, 0x10, 0xa3, 0x10, 0xe4, 0x18, 0xe4, 0x18, 0xe4, 0x18, 0xc4, 0x10, 0xc4, 0x18,
    0xc4, 0x10, 0xe4, 0x18, 0x05, 0x21, 0x46, 0x21, 0x25, 0x21, 0xa3, 0x10, 0x21, 0x00, 0x00, 0x00,
    0x00, 0x00, 0x21, 0x00, 0x42, 0x00, 0xa3, 0x10, 0xe4, 0x18, 0x04, 0x19, 0x04, 0x19, 0x25, 0x21,
    0x66, 0x29, 0xa7, 0x31, 0xc8, 0x31, 0xe8, 0x39, 0x87, 0x31, 0x25, 0x21, 0xe4, 0x18, 0xc3, 0x10,
    0x83, 0x08, 0x62, 0x08, 0x62, 0x08, 0x82, 0x08, 0x83, 0x08, 0xa3, 0x10, 0xc3, 0x10, 0xe4, 0x18,
    0x05, 0x19, 0x46, 0x21, 0x87, 0x31, 0xc8, 0x31, 0x66, 0x29, 0xc4, 0x10, 0x41, 0x00, 0x00, 0x00,
    0x00, 0x00, 0x21, 0x00, 0x62, 0x08, 0xe4, 0x18, 0x25, 0x21, 0x25, 0x21, 0xe4, 0x18, 0x04, 0x19,
    0x05, 0x21, 0x66, 0x29, 0xc8, 0x39, 0x49, 0x42, 0x29, 0x42, 0xe8, 0x39, 0x66, 0x29, 0x05, 0x19,
    0xc3, 0x10, 0xa3, 0x10, 0x82, 0x08, 0x62, 0x08, 0x62, 0x08, 0x62, 0x08, 0xa3, 0x10, 0x25, 0x21,
    0x25, 0x21, 0x46, 0x29, 0xa7, 0x31, 0x09, 0x42, 0xa7, 0x31, 0xe4, 0x18, 0x42, 0x00, 0x00, 0x00,
    0x00, 0x00, 0x21, 0x00, 0x83, 0x10, 0x25, 0x21, 0x46, 0x21, 0x25, 0x21, 0xe4, 0x18, 0xe4, 0x18,
    0xc4, 0x18, 0x25, 0x21, 0xc8, 0x31, 0xe8, 0x39, 0x09, 0x3a, 0x29, 0x42, 0xe8, 0x39, 0x66, 0x29,
    0x05, 0x19, 0x04, 0x19, 0xc4, 0x18, 0xa3, 0x10, 0x62, 0x08, 0x42, 0x00, 0xa3, 0x10, 0x25, 0x21,
    0x05, 0x21, 0xe4, 0x18, 0x46, 0x21, 0xe8, 0x39, 0xa7, 0x31, 0xe4, 0x18, 0x42, 0x00, 0x00, 0x00,
    0x00, 0x00, 0x21, 0x00, 0xa3, 0x10, 0x46, 0x21, 0x87, 0x31, 0x66, 0x29, 0x05, 0x21, 0xe4, 0x18,
    0xc3, 0x10, 0x05, 0x21, 0xa7, 0x31, 0x87, 0x29, 0x66, 0x29, 0xc8, 0x31, 0x49, 0x42, 0xa7, 0x31,
    0x25, 0x21, 0x45, 0x21, 0x25, 0x21, 0xe4, 0x18, 0x83, 0x10, 0x42, 0x00, 0x83, 0x08, 0x45, 0x21,
    0xc4, 0x18, 0x83, 0x08, 0xa3, 0x10, 0x87, 0x29, 0xa7, 0x31, 0xe4, 0x18, 0x42, 0x00, 0x00, 0x00,
    0x00, 0x00, 0x21, 0x00, 0x83, 0x10, 0x45, 0x21, 0xa7, 0x31, 0xa7, 0x31, 0x46, 0x21, 0x04, 0x19,
    0xc3, 0x10, 0xe4, 0x18, 0xa7, 0x31, 0x45, 0x21, 0xe4, 0x18, 0x45, 0x21, 0x09, 0x3a, 0x29, 0x42,
    0x25, 0x21, 0x46, 0x21, 0x45, 0x21, 0x25, 0x21, 0xc3, 0x10, 0x62, 0x08, 0x62, 0x08, 0x46, 0x21,
    0xc3, 0x10, 0x42, 0x00, 0x42, 0x00, 0xe4, 0x18, 0x66, 0x29, 0xe4, 0x18, 0x42, 0x00, 0x00, 0x00,
    0x00, 0x00, 0x21, 0x00, 0x83, 0x08, 0x05, 0x19, 0x66, 0x29, 0x87, 0x29, 0x66, 0x29, 0x05, 0x21,
    0xc3, 0x10, 0xc4, 0x10, 0xa7, 0x31, 0x25, 0x21, 0xc4, 0x10, 0xe4, 0x18, 0x87, 0x31, 0x6a, 0x4a,
    0x45, 0x21, 0x25, 0x21, 0x25, 0x21, 0x25, 0x21, 0xe4, 0x18, 0x82, 0x08, 0x42, 0x00, 0x45, 0x21,
    0xc3, 0x10, 0x21, 0x00, 0x21, 0x00, 0x83, 0x08, 0x05, 0x21, 0xc3, 0x10, 0x42, 0x00, 0x00, 0x00,
    0x00, 0x00, 0x00, 0x00, 0x62, 0x08, 0xc4, 0x10, 0x05, 0x19, 0x25, 0x21, 0x25, 0x21, 0x05, 0x19,
    0xc3, 0x10, 0xa3, 0x10, 0x87, 0x31, 0x66, 0x29, 0xc4, 0x10, 0xc4, 0x10, 0x45, 0x21, 0x6a, 0x4a,
    0x66, 0x29, 0xe4, 0x18, 0xe4, 0x18, 0x04, 0x19, 0xc4, 0x10, 0x83, 0x08, 0x42, 0x08, 0x25, 0x21,
    0xe4, 0x18, 0x21, 0x00, 0x01, 0x00, 0x62, 0x08, 0xc4, 0x18, 0x82, 0x08, 0x21, 0x00, 0x00, 0x00,
    0x00, 0x00, 0x00, 0x00, 0x62, 0x08, 0xa3, 0x10, 0xa3, 0x10, 0xa3, 0x10, 0xa3, 0x10, 0xc3, 0x10,
    0xa3, 0x10, 0x83, 0x08, 0x46, 0x21, 0xa7, 0x31, 0x05, 0x19, 0xe4, 0x18, 0x25, 0x21, 0x4a, 0x42,
    0xc8, 0x31, 0xe4, 0x18, 0xa3, 0x10, 0xa3, 0x10, 0x83, 0x10, 0x62, 0x08, 0x42, 0x08, 0x04, 0x19,
    0x25, 0x21, 0x42, 0x08, 0x21, 0x00, 0x62, 0x08, 0xa3, 0x10, 0x62, 0x08, 0x21, 0x00, 0x00, 0x00,
    0x00, 0x00, 0x21, 0x00, 0x62, 0x08, 0xa3, 0x10, 0x62, 0x08, 0x42, 0x08, 0x42, 0x00, 0x62, 0x08,
    0x62, 0x08, 0x62, 0x08, 0x04, 0x19, 0xe8, 0x39, 0x46, 0x21, 0x25, 0x21, 0x46, 0x21, 0x29, 0x42,
    0x09, 0x42, 0xe4, 0x18, 0xa3, 0x10, 0x83, 0x08, 0x42, 0x08, 0x42, 0x00, 0x41, 0x00, 0xc3, 0x10,
    0x66, 0x29, 0xa3, 0x10, 0x62, 0x08, 0x82, 0x08, 0xc3, 0x10, 0x62, 0x08, 0x00, 0x00, 0x00, 0x00,
    0x00, 0x00, 0x21, 0x00, 0x62, 0x08, 0xc4, 0x10, 0x42, 0x08, 0x21, 0x00, 0x21, 0x00, 0x21, 0x00,
    0x21, 0x00, 0x42, 0x00, 0xa3, 0x10, 0x08, 0x3a, 0xc7, 0x31, 0x87, 0x29, 0x87, 0x31, 0x29, 0x42,
    0x49, 0x42, 0xc4, 0x18, 0x62, 0x08, 0x62, 0x08, 0x21, 0x00, 0x00, 0x00, 0x21, 0x00, 0x83, 0x08,
    0x87, 0x29, 0x25, 0x21, 0xa3, 0x10, 0xc4, 0x10, 0xe4, 0x18, 0x83, 0x08, 0x00, 0x00, 0x00, 0x00,
    0x00, 0x00, 0x41, 0x00, 0xa3, 0x10, 0xe4, 0x18, 0x62, 0x08, 0x21, 0x00, 0x00, 0x00, 0x00, 0x00,
    0x00, 0x00, 0x21, 0x00, 0x62, 0x08, 0xa7, 0x31, 0x29, 0x42, 0x08, 0x3a, 0x09, 0x3a, 0x6a, 0x4a,
    0x6a, 0x4a, 0xe4, 0x18, 0x42, 0x00, 0x21, 0x00, 0x00, 0x00, 0x00, 0x00, 0x00, 0x00, 0x42, 0x08,
    0x46, 0x21, 0x87, 0x29, 0x25, 0x21, 0x25, 0x21, 0x25, 0x21, 0xa3, 0x10, 0x01, 0x00, 0x00, 0x00,
    0x00, 0x00, 0x42, 0x00, 0xc4, 0x10, 0x25, 0x21, 0xa3, 0x10, 0x21, 0x00, 0x00, 0x00, 0x00, 0x00,
    0x00, 0x00, 0x00, 0x00, 0x41, 0x00, 0x45, 0x21, 0x49, 0x42, 0x6a, 0x4a, 0x8b, 0x4a, 0xcc, 0x5a,
    0x8b, 0x4a, 0x25, 0x21, 0x42, 0x00, 0x21, 0x00, 0x00, 0x00, 0x00, 0x00, 0x00, 0x00, 0x41, 0x00,
    0xe4, 0x18, 0xa7, 0x31, 0x87, 0x31, 0xa7, 0x31, 0x66, 0x29, 0xc4, 0x10, 0x21, 0x00, 0x00, 0x00,
    0x00, 0x00, 0x42, 0x00, 0xc4, 0x10, 0x45, 0x21, 0xe4, 0x18, 0x42, 0x08, 0x00, 0x00, 0x00, 0x00,
    0x00, 0x00, 0x00, 0x00, 0x21, 0x00, 0xe4, 0x18, 0xc8, 0x31, 0x8b, 0x4a, 0xcc, 0x52, 0x0d, 0x5b,
    0x8b, 0x52, 0x87, 0x29, 0x83, 0x08, 0x21, 0x00, 0x00, 0x00, 0x00, 0x00, 0x00, 0x00, 0x41, 0x00,
    0xa3, 0x10, 0x66, 0x29, 0xc8, 0x31, 0x08, 0x3a, 0xa7, 0x31, 0xc4, 0x18, 0x21, 0x00, 0x00, 0x00,
    0x00, 0x00, 0x41, 0x00, 0xa3, 0x10, 0x25, 0x21, 0x04, 0x19, 0x83, 0x08, 0x41, 0x00, 0x41, 0x00,
    0x21, 0x00, 0x21, 0x00, 0x41, 0x00, 0xa3, 0x10, 0x25, 0x21, 0xe8, 0x39, 0x4a, 0x4a, 0x8b, 0x4a,
    0x49, 0x42, 0x87, 0x31, 0xc4, 0x18, 0x62, 0x08, 0x21, 0x00, 0x00, 0x00, 0x01, 0x00, 0x42, 0x08,
    0xa3, 0x10, 0x25, 0x21, 0xa7, 0x31, 0x09, 0x3a, 0xa7, 0x31, 0xe4, 0x18, 0x21, 0x00, 0x00, 0x00,
    0x00, 0x00, 0x21, 0x00, 0x62, 0x08, 0xc4, 0x18, 0xe4, 0x18, 0xa3, 0x10, 0x83, 0x08, 0x83, 0x08,
    0x83, 0x08, 0x83, 0x08, 0x83, 0x08, 0xa3, 0x10, 0xe4, 0x18, 0x05, 0x21, 0x46, 0x21, 0x87, 0x29,
    0x86, 0x29, 0x46, 0x21, 0xe4, 0x18, 0xc4, 0x10, 0x83, 0x10, 0x62, 0x08, 0x62, 0x08, 0x83, 0x08,
    0xa3, 0x10, 0xe4, 0x18, 0x46, 0x21, 0xa7, 0x31, 0x87, 0x29, 0xe4, 0x18, 0x41, 0x00, 0x00, 0x00,
    0x00, 0x00, 0x00, 0x00, 0x21, 0x00, 0x62, 0x08, 0x83, 0x08, 0xa3, 0x10, 0xc3, 0x10, 0x05, 0x19,
    0x45, 0x21, 0x66, 0x29, 0x66, 0x29, 0x25, 0x21, 0xc4, 0x18, 0xa3, 0x10, 0x83, 0x08, 0xa3, 0x10,
    0xa3, 0x10, 0xc3, 0x10, 0xe4, 0x18, 0x25, 0x21, 0x25, 0x21, 0x25, 0x21, 0x25, 0x21, 0x05, 0x19,
    0xc4, 0x18, 0xc4, 0x10, 0x05, 0x19, 0x46, 0x29, 0x45, 0x21, 0xc4, 0x10, 0x42, 0x00, 0x00, 0x00,
    0x00, 0x00, 0x00, 0x00, 0x01, 0x00, 0x21, 0x00, 0x42, 0x00, 0x62, 0x08, 0xc4, 0x10, 0x46, 0x21,
    0xa7, 0x31, 0x09, 0x42, 0x29, 0x42, 0xc8, 0x39, 0x25, 0x21, 0x83, 0x10, 0x42, 0x00, 0x42, 0x08,
    0x42, 0x00, 0x42, 0x00, 0x83, 0x08, 0x45, 0x21, 0xa7, 0x31, 0xe8, 0x39, 0xe8, 0x39, 0xc8, 0x39,
    0x46, 0x29, 0xc4, 0x18, 0xc4, 0x18, 0x25, 0x21, 0x25, 0x21, 0xa3, 0x10, 0x21, 0x00, 0x00, 0x00,
    0x00, 0x00, 0x00, 0x00, 0x00, 0x00, 0x00, 0x00, 0x00, 0x00, 0x21, 0x00, 0xa3, 0x10, 0x46, 0x21,
    0xa7, 0x31, 0x08, 0x3a, 0x6a, 0x4a, 0x4a, 0x42, 0x86, 0x29, 0xc4, 0x18, 0x62, 0x08, 0x41, 0x00,
    0x21, 0x00, 0x00, 0x00, 0x42, 0x00, 0x25, 0x21, 0xc8, 0x31, 0xe8, 0x39, 0x09, 0x3a, 0x6a, 0x4a,
    0x09, 0x3a, 0x25, 0x21, 0xc4, 0x10, 0x05, 0x21, 0x05, 0x19, 0x83, 0x10, 0x21, 0x00, 0x00, 0x00,
    0x00, 0x00, 0x00, 0x00, 0x00, 0x00, 0x00, 0x00, 0x00, 0x00, 0x00, 0x00, 0x62, 0x08, 0x05, 0x21,
    0x46, 0x21, 0xa7, 0x31, 0x4a, 0x42, 0xcb, 0x52, 0xe8, 0x39, 0x25, 0x21, 0x83, 0x10, 0x42, 0x00,
    0x00, 0x00, 0x00, 0x00, 0x01, 0x00, 0xe4, 0x18, 0xa7, 0x31, 0x66, 0x29, 0x87, 0x29, 0x29, 0x42,
    0x8b, 0x4a, 0xa7, 0x31, 0xc4, 0x18, 0xe4, 0x18, 0xe4, 0x18, 0x83, 0x10, 0x21, 0x00, 0x00, 0x00,
    0x00, 0x00, 0x00, 0x00, 0x00, 0x00, 0x00, 0x00, 0x00, 0x00, 0x00, 0x00, 0x42, 0x08, 0xe4, 0x18,
    0xe4, 0x18, 0x46, 0x29, 0xe8, 0x39, 0xcc, 0x52, 0x4a, 0x4a, 0x66, 0x29, 0xe4, 0x18, 0x62, 0x08,
    0x00, 0x00, 0x00, 0x00, 0x00, 0x00, 0xc3, 0x10, 0x87, 0x29, 0x04, 0x19, 0x05, 0x19, 0xa7, 0x31,
    0x8b, 0x4a, 0x09, 0x3a, 0x05, 0x19, 0xc4, 0x10, 0xc4, 0x10, 0x83, 0x10, 0x21, 0x00, 0x00, 0x00,
    0x00, 0x00, 0x00, 0x00, 0x01, 0x00, 0x00, 0x00, 0x00, 0x00, 0x00, 0x00, 0x21, 0x00, 0xc4, 0x10,
    0xa3, 0x10, 0xe4, 0x18, 0x66, 0x29, 0x4a, 0x4a, 0x8b, 0x4a, 0x87, 0x29, 0x05, 0x19, 0xa3, 0x10,
    0x42, 0x00, 0x00, 0x00, 0x00, 0x00, 0x62, 0x08, 0x87, 0x29, 0xc4, 0x10, 0xa3, 0x10, 0x25, 0x21,
    0x09, 0x3a, 0x4a, 0x42, 0x05, 0x21, 0xc4, 0x18, 0x83, 0x08, 0x62, 0x08, 0x21, 0x00, 0x00, 0x00,
    0x00, 0x00, 0x21, 0x00, 0x21, 0x00, 0x21, 0x00, 0x00, 0x00, 0x00, 0x00, 0x21, 0x00, 0xc4, 0x10,
    0x83, 0x10, 0xa3, 0x10, 0xe4, 0x18, 0xa7, 0x31, 0x6a, 0x4a, 0x66, 0x29, 0x05, 0x19, 0xe4, 0x18,
    0x82, 0x08, 0x21, 0x00, 0x01, 0x00, 0x42, 0x00, 0x87, 0x29, 0xc4, 0x18, 0x62, 0x08, 0xc4, 0x10,
    0x66, 0x29, 0x29, 0x42, 0x05, 0x19, 0xc4, 0x10, 0x82, 0x08, 0x42, 0x00, 0x21, 0x00, 0x00, 0x00,
    0x00, 0x00, 0x21, 0x00, 0x42, 0x00, 0x62, 0x08, 0x42, 0x00, 0x21, 0x00, 0x21, 0x00, 0xc4, 0x18,
    0xa3, 0x10, 0x82, 0x08, 0x83, 0x10, 0x05, 0x21, 0xe8, 0x39, 0x25, 0x21, 0xc4, 0x18, 0xc4, 0x18,
    0xa3, 0x10, 0x62, 0x08, 0x41, 0x00, 0x42, 0x08, 0x66, 0x29, 0x25, 0x21, 0x83, 0x10, 0xc3, 0x10,
    0x04, 0x19, 0xc8, 0x39, 0xe4, 0x18, 0x83, 0x10, 0x62, 0x08, 0x21, 0x00, 0x01, 0x00, 0x00, 0x00,
    0x00, 0x00, 0x21, 0x00, 0x62, 0x08, 0xa3, 0x10, 0x62, 0x08, 0x62, 0x08, 0x62, 0x08, 0xe4, 0x18,
    0x04, 0x19, 0x83, 0x08, 0x62, 0x08, 0xa3, 0x10, 0x66, 0x29, 0xe4, 0x18, 0x82, 0x08, 0xa3, 0x10,
    0xa3, 0x10, 0xa3, 0x10, 0x83, 0x08, 0xa3, 0x10, 0x66, 0x29, 0xc7, 0x31, 0xe4, 0x18, 0xc4, 0x18,
    0xe4, 0x18, 0x86, 0x29, 0xe4, 0x18, 0x42, 0x08, 0x41, 0x00, 0x21, 0x00, 0x00, 0x00, 0x00, 0x00,
    0x00, 0x00, 0x82, 0x08, 0x25, 0x21, 0xc7, 0x31, 0xe8, 0x39, 0xc7, 0x31, 0x29, 0x42, 0x09, 0x3a,
    0x87, 0x29, 0xc8, 0x31, 0x29, 0x42, 0xcb, 0x52, 0x4d, 0x63, 0x2d, 0x63, 0x2d, 0x63, 0x2d, 0x63,
    0xab, 0x52, 0x29, 0x42, 0xc8, 0x39, 0x29, 0x42, 0xe8, 0x39, 0xe4, 0x18, 0xc4, 0x18, 0xe4, 0x18,
    0x05, 0x19, 0x05, 0x19, 0x46, 0x21, 0xa7, 0x31, 0x05, 0x21, 0xa3, 0x10, 0x41, 0x00, 0x00, 0x00,
    0x00, 0x00, 0x62, 0x08, 0x45, 0x21, 0xe8, 0x39, 0x09, 0x3a, 0xa7, 0x31, 0xe8, 0x39, 0xe8, 0x39,
    0x46, 0x21, 0x66, 0x29, 0xc8, 0x39, 0x29, 0x42, 0x6a, 0x4a, 0xcc, 0x5a, 0x2d, 0x63, 0xec, 0x5a,
    0x6a, 0x4a, 0x29, 0x42, 0xc8, 0x31, 0x08, 0x3a, 0x09, 0x3a, 0xe4, 0x18, 0xa3, 0x10, 0xc4, 0x10,
    0x05, 0x19, 0x05, 0x19, 0x25, 0x21, 0x87, 0x31, 0x25, 0x21, 0xa3, 0x10, 0x21, 0x00, 0x00, 0x00,
    0x00, 0x00, 0x62, 0x08, 0x46, 0x21, 0x09, 0x42, 0x6a, 0x4a, 0x08, 0x3a, 0xe8, 0x39, 0xe8, 0x39,
    0x46, 0x21, 0x25, 0x21, 0x87, 0x29, 0xe8, 0x39, 0x29, 0x42, 0x4a, 0x42, 0x0c, 0x5b, 0xcc, 0x5a,
    0x4a, 0x4a, 0x09, 0x3a, 0xe8, 0x39, 0xe8, 0x39, 0x09, 0x3a, 0x25, 0x21, 0xa3, 0x10, 0xc4, 0x10,
    0x25, 0x21, 0x25, 0x21, 0x46, 0x21, 0x87, 0x31, 0x66, 0x29, 0xa3, 0x10, 0x41, 0x00, 0x00, 0x00,
    0x00, 0x00, 0x62, 0x08, 0x46, 0x21, 0x4a, 0x42, 0xec, 0x5a, 0xab, 0x52, 0x6a, 0x4a, 0x29, 0x42,
    0xc7, 0x31, 0x66, 0x29, 0x87, 0x29, 0xe8, 0x39, 0x49, 0x42, 0x6a, 0x4a, 0xcb, 0x52, 0xec, 0x5a,
    0xab, 0x52, 0x6a, 0x4a, 0x29, 0x42, 0x29, 0x42, 0x09, 0x3a, 0x66, 0x29, 0xe4, 0x18, 0xe4, 0x18,
    0x46, 0x21, 0x87, 0x29, 0xc7, 0x31, 0xe8, 0x39, 0xa7, 0x31, 0xe4, 0x18, 0x42, 0x00, 0x00, 0x00,
    0x00, 0x00, 0x62, 0x08, 0x66, 0x29, 0x8a, 0x4a, 0x4d, 0x63, 0x2d, 0x63, 0x0d, 0x5b, 0xab, 0x52,
    0x6a, 0x4a, 0x09, 0x42, 0x09, 0x3a, 0x29, 0x42, 0x8a, 0x4a, 0xab, 0x52, 0xcc, 0x52, 0xec, 0x5a,
    0x0d, 0x5b, 0xec, 0x5a, 0xcb, 0x52, 0x6a, 0x4a, 0x29, 0x42, 0xa7, 0x31, 0x46, 0x21, 0x45, 0x21,
    0xa7, 0x31, 0x08, 0x3a, 0x4a, 0x4a, 0x8a, 0x4a, 0x29, 0x42, 0x46, 0x21, 0x62, 0x08, 0x00, 0x00,
    0x00, 0x00, 0x62, 0x08, 0x87, 0x29, 0xab, 0x52, 0x4d, 0x63, 0x2d, 0x63, 0x2d, 0x63, 0x2d, 0x63,
    0x0d, 0x63, 0x0c, 0x5b, 0x0d, 0x5b, 0x0d, 0x5b, 0x2d, 0x63, 0x0d, 0x5b, 0xec, 0x5a, 0xec, 0x5a,
    0x0c, 0x5b, 0xec, 0x5a, 0xab, 0x52, 0x6a, 0x4a, 0x4a, 0x42, 0xe8, 0x39, 0xc7, 0x31, 0xc8, 0x31,
    0x4a, 0x42, 0xcb, 0x52, 0x0c, 0x5b, 0x0c, 0x5b, 0x8b, 0x4a, 0x66, 0x29, 0x62, 0x08, 0x00, 0x00,
    0x00, 0x00, 0x62, 0x08, 0x87, 0x29, 0xab, 0x52, 0x4d, 0x63, 0x2d, 0x63, 0x2d, 0x63, 0x2d, 0x63,
    0x4d, 0x63, 0x2d, 0x63, 0x2d, 0x63, 0x2d, 0x63, 0x4d, 0x63, 0x2d, 0x63, 0x0d, 0x63, 0xcb, 0x52,
    0x8b, 0x4a, 0x49, 0x42, 0x09, 0x3a, 0x08, 0x3a, 0x29, 0x42, 0x29, 0x42, 0x29, 0x42, 0x4a, 0x42,
    0xcb, 0x52, 0x2d, 0x63, 0x2d, 0x63, 0x2d, 0x63, 0x8b, 0x4a, 0x46, 0x29, 0x62, 0x08, 0x00, 0x00,
    0x00, 0x00, 0x62, 0x08, 0x45, 0x21, 0x4a, 0x4a, 0x2d, 0x63, 0x2d, 0x63, 0x2d, 0x63, 0x2d, 0x63,
    0x4d, 0x63, 0x2d, 0x63, 0x2d, 0x63, 0x2d, 0x63, 0x4d, 0x63, 0x2d, 0x63, 0x2d, 0x63, 0x8b, 0x4a,
    0xe8, 0x39, 0x87, 0x29, 0x66, 0x29, 0x66, 0x29, 0xc7, 0x31, 0x29, 0x42, 0x6a, 0x4a, 0x4a, 0x42,
    0x6a, 0x4a, 0xcc, 0x52, 0x2d, 0x63, 0x2d, 0x63, 0x6a, 0x4a, 0x05, 0x21, 0x42, 0x00, 0x00, 0x00,
    0x00, 0x00, 0x62, 0x08, 0xe4, 0x18, 0x46, 0x29, 0xc8, 0x39, 0x29, 0x42, 0x8b, 0x52, 0xcc, 0x5a,
    0x2d, 0x63, 0x2d, 0x63, 0x2d, 0x63, 0x0d, 0x5b, 0x4d, 0x63, 0x2d, 0x63, 0x2d, 0x63, 0xab, 0x52,
    0x87, 0x29, 0x04, 0x19, 0xe4, 0x18, 0x05, 0x21, 0x66, 0x29, 0xe8, 0x39, 0x6a, 0x4a, 0x29, 0x42,
    0xc7, 0x31, 0xc8, 0x39, 0x8b, 0x4a, 0x2d, 0x63, 0x6a, 0x4a, 0xe4, 0x18, 0x41, 0x00, 0x00, 0x00,
    0x00, 0x00, 0x62, 0x08, 0xe4, 0x18, 0xe4, 0x18, 0xe4, 0x18, 0x05, 0x21, 0x87, 0x31, 0x4a, 0x42,
    0xec, 0x5a, 0x2d, 0x63, 0x0c, 0x5b, 0x6a, 0x4a, 0x8b, 0x52, 0x0c, 0x5b, 0x2d, 0x63, 0x0d, 0x63,
    0x86, 0x29, 0xc3, 0x10, 0xa3, 0x10, 0xc4, 0x10, 0x25, 0x21, 0xa7, 0x31, 0x6a, 0x4a, 0x08, 0x3a,
    0x66, 0x29, 0x25, 0x21, 0x87, 0x29, 0x8a, 0x4a, 0x8a, 0x4a, 0xe4, 0x18, 0x21, 0x00, 0x00, 0x00,
    0x00, 0x00, 0x62, 0x08, 0xe4, 0x18, 0xe4, 0x18, 0xc4, 0x10, 0xc4, 0x18, 0x25, 0x21, 0xe8, 0x39,
    0xab, 0x52, 0x2d, 0x63, 0x0d, 0x5b, 0x29, 0x42, 0x29, 0x42, 0x8b, 0x4a, 0x2d, 0x63, 0x2d, 0x63,
    0xe8, 0x39, 0xc4, 0x10, 0x83, 0x10, 0xa3, 0x10, 0x05, 0x19, 0x66, 0x29, 0x49, 0x42, 0x09, 0x42,
    0x45, 0x21, 0x05, 0x19, 0x25, 0x21, 0xc8, 0x31, 0x8a, 0x4a, 0x25, 0x21, 0x41, 0x00, 0x00, 0x00,
    0x00, 0x00, 0x62, 0x08, 0x05, 0x19, 0x45, 0x21, 0x05, 0x19, 0xe4, 0x18, 0x05, 0x19, 0x87, 0x29,
    0x6a, 0x4a, 0x2d, 0x63, 0x2d, 0x63, 0x4a, 0x4a, 0x49, 0x42, 0x6a, 0x4a, 0xcc, 0x52, 0x2d, 0x63,
    0xcb, 0x52, 0x05, 0x21, 0xa3, 0x10, 0xa3, 0x10, 0xe4, 0x18, 0x25, 0x21, 0xe8, 0x39, 0x4a, 0x4a,
    0x66, 0x29, 0x05, 0x21, 0x05, 0x19, 0x46, 0x21, 0x09, 0x3a, 0x46, 0x29, 0x42, 0x00, 0x00, 0x00,
    0x00, 0x00, 0x62, 0x08, 0x05, 0x19, 0xa7, 0x31, 0x66, 0x29, 0x45, 0x21, 0x46, 0x21, 0x86, 0x29,
    0x09, 0x3a, 0xec, 0x5a, 0x2d, 0x63, 0xab, 0x52, 0x8a, 0x4a, 0x8a, 0x4a, 0xab, 0x52, 0x2d, 0x63,
    0x4d, 0x63, 0xe8, 0x39, 0x25, 0x21, 0xe4, 0x18, 0x05, 0x19, 0x25, 0x21, 0xa7, 0x31, 0x8a, 0x4a,
    0x87, 0x29, 0x25, 0x21, 0x25, 0x21, 0x25, 0x21, 0x86, 0x29, 0x46, 0x21, 0x62, 0x08, 0x00, 0x00,
    0x00, 0x00, 0x42, 0x08, 0x05, 0x19, 0xe8, 0x39, 0xc8, 0x39, 0xa7, 0x31, 0xa7, 0x31, 0xc7, 0x31,
    0x09, 0x3a, 0x6a, 0x4a, 0x2d, 0x63, 0xec, 0x5a, 0xab, 0x52, 0xab, 0x52, 0xab, 0x52, 0x2d, 0x63,
    0x4d, 0x63, 0xec, 0x5a, 0x4a, 0x42, 0xc7, 0x31, 0x86, 0x29, 0x46, 0x29, 0x66, 0x29, 0x6a, 0x4a,
    0xa7, 0x31, 0x46, 0x21, 0x25, 0x21, 0x05, 0x21, 0x25, 0x21, 0x25, 0x21, 0x42, 0x08, 0x00, 0x00,
    0x00, 0x00, 0x42, 0x00, 0xe4, 0x18, 0xe8, 0x39, 0x29, 0x42, 0x09, 0x3a, 0x09, 0x42, 0x09, 0x3a,
    0x29, 0x42, 0x4a, 0x42, 0x2d, 0x63, 0xec, 0x5a, 0x8a, 0x4a, 0x6a, 0x4a, 0x6a, 0x4a, 0xec, 0x5a,
    0x4d, 0x63, 0x2d, 0x63, 0xec, 0x5a, 0x6a, 0x4a, 0x09, 0x3a, 0xa7, 0x31, 0x66, 0x29, 0x4a, 0x42,
    0xe8, 0x39, 0x25, 0x21, 0x05, 0x19, 0xe4, 0x18, 0x05, 0x19, 0xe4, 0x18, 0x42, 0x00, 0x00, 0x00,
    0x00, 0x00, 0x41, 0x00, 0xc4, 0x10, 0xc8, 0x39, 0x4a, 0x42, 0x29, 0x42, 0x29, 0x42, 0x29, 0x42,
    0x4a, 0x42, 0x4a, 0x42, 0xec, 0x5a, 0xcc, 0x5a, 0x09, 0x42, 0xe8, 0x39, 0xe8, 0x39, 0x6a, 0x4a,
    0x4d, 0x63, 0x2d, 0x63, 0xec, 0x5a, 0x8b, 0x52, 0x29, 0x42, 0xc8, 0x31, 0x87, 0x31, 0x29, 0x42,
    0x29, 0x42, 0x25, 0x21, 0xc4, 0x18, 0xc3, 0x10, 0xc4, 0x18, 0xc4, 0x18, 0x42, 0x00, 0x00, 0x00,
    0x00, 0x00, 0x21, 0x00, 0x83, 0x10, 0x87, 0x29, 0x4a, 0x42, 0x29, 0x42, 0x09, 0x3a, 0xe8, 0x39,
    0x29, 0x42, 0x4a, 0x42, 0xcc, 0x52, 0x0c, 0x5b, 0x08, 0x3a, 0x66, 0x29, 0x66, 0x29, 0xc8, 0x31,
    0x0d, 0x63, 0x2d, 0x63, 0x8a, 0x4a, 0x29, 0x42, 0xe8, 0x39, 0xa7, 0x31, 0xa7, 0x31, 0x09, 0x42,
    0x8b, 0x4a, 0x66, 0x29, 0xc4, 0x10, 0x83, 0x10, 0xa3, 0x10, 0xc3, 0x10, 0x42, 0x00, 0x00, 0x00,
    0x00, 0x00, 0x21, 0x00, 0x82, 0x08, 0x66, 0x29, 0x29, 0x42, 0x29, 0x42, 0x08, 0x3a, 0xc8, 0x39,
    0xe8, 0x39, 0x29, 0x42, 0xcb, 0x52, 0x2d, 0x63, 0x6a, 0x4a, 0x66, 0x29, 0x25, 0x21, 0x66, 0x29,
    0x8b, 0x4a, 0x0c, 0x5b, 0x6a, 0x4a, 0x09, 0x3a, 0xc8, 0x31, 0xa7, 0x31, 0xa7, 0x31, 0x09, 0x42,
    0xcc, 0x52, 0x09, 0x3a, 0x25, 0x21, 0xc4, 0x10, 0xc4, 0x10, 0xa3, 0x10, 0x42, 0x00, 0x00, 0x00,
    0x00, 0x00, 0x21, 0x00, 0x83, 0x08, 0x25, 0x21, 0x09, 0x3a, 0x4a, 0x42, 0x29, 0x42, 0xe8, 0x39,
    0x08, 0x3a, 0x29, 0x42, 0xab, 0x52, 0x2d, 0x63, 0xec, 0x5a, 0x09, 0x42, 0xa7, 0x31, 0xa7, 0x31,
    0x6a, 0x4a, 0xcb, 0x52, 0x8a, 0x4a, 0x29, 0x42, 0xe8, 0x39, 0xa7, 0x31, 0xc8, 0x31, 0x29, 0x42,
    0xec, 0x5a, 0xcb, 0x52, 0x09, 0x3a, 0x87, 0x29, 0x46, 0x21, 0xe4, 0x18, 0x42, 0x00, 0x00, 0x00,
    0x00, 0x00, 0x41, 0x00, 0xa3, 0x10, 0x25, 0x21, 0xe8, 0x39, 0x4a, 0x42, 0x6a, 0x4a, 0x6a, 0x4a,
    0x6a, 0x4a, 0x8b, 0x4a, 0xec, 0x5a, 0x2d, 0x63, 0x4d, 0x63, 0xcc, 0x52, 0x6a, 0x4a, 0x4a, 0x42,
    0x8b, 0x4a, 0xab, 0x52, 0xab, 0x52, 0x6a, 0x4a, 0x4a, 0x4a, 0x29, 0x42, 0x29, 0x42, 0x6a, 0x4a,
    0x0c, 0x5b, 0x2d, 0x63, 0xec, 0x5a, 0x8b, 0x4a, 0x09, 0x42, 0x25, 0x21, 0x62, 0x08, 0x00, 0x00,
    0x00, 0x00, 0x42, 0x00, 0xc3, 0x10, 0x46, 0x29, 0xe8, 0x39, 0x49, 0x42, 0x8b, 0x4a, 0xec, 0x5a,
    0x4d, 0x63, 0x2d, 0x63, 0x2d, 0x63, 0x2d, 0x63, 0x4d, 0x63, 0x0d, 0x5b, 0xcc, 0x52, 0xab, 0x52,
    0xab, 0x52, 0xcb, 0x52, 0xcc, 0x52, 0xcc, 0x5a, 0xec, 0x5a, 0xcc, 0x52, 0xab, 0x52, 0xcb, 0x52,
    0x0c, 0x5b, 0x2d, 0x63, 0x2d, 0x63, 0x0d, 0x5b, 0x8b, 0x4a, 0x86, 0x29, 0x62, 0x08, 0x00, 0x00,
    0x00, 0x00, 0x42, 0x00, 0xc4, 0x18, 0x66, 0x29, 0x09, 0x3a, 0x4a, 0x42, 0x8b, 0x4a, 0x0d, 0x63,
    0x4d, 0x63, 0x2d, 0x63, 0x2d, 0x63, 0x2d, 0x63, 0x4d, 0x63, 0xec, 0x5a, 0xab, 0x52, 0x8b, 0x4a,
    0xab, 0x52, 0xcc, 0x5a, 0x0c, 0x5b, 0x2d, 0x63, 0x4d, 0x63, 0x2d, 0x63, 0x0d, 0x5b, 0xec, 0x5a,
    0xec, 0x5a, 0xec, 0x5a, 0xec, 0x5a, 0xcc, 0x52, 0x4a, 0x4a, 0x66, 0x29, 0x83, 0x08, 0x00, 0x00,
    0x00, 0x00, 0x42, 0x00, 0xc4, 0x18, 0x86, 0x29, 0x09, 0x3a, 0x4a, 0x4a, 0x8b, 0x4a, 0xab, 0x52,
    0x2d, 0x63, 0x2d, 0x63, 0x2d, 0x63, 0x2d, 0x63, 0x4d, 0x63, 0xcc, 0x52, 0x6a, 0x4a, 0x4a, 0x42,
    0x6a, 0x4a, 0xab, 0x52, 0x2d, 0x63, 0x2d, 0x63, 0x2d, 0x63, 0xab, 0x52, 0x8a, 0x4a, 0x8a, 0x4a,
    0xab, 0x52, 0x8a, 0x4a, 0x8b, 0x4a, 0x8a, 0x4a, 0x09, 0x3a, 0x45, 0x21, 0x62, 0x08, 0x00, 0x00,
    0x00, 0x00, 0x42, 0x00, 0xc4, 0x10, 0x46, 0x29, 0xc8, 0x39, 0x29, 0x42, 0x8b, 0x52, 0x4a, 0x4a,
    0x29, 0x42, 0x29, 0x42, 0x6a, 0x4a, 0xec, 0x5a, 0xec, 0x5a, 0x6a, 0x4a, 0x6a, 0x4a, 0x49, 0x42,
    0x49, 0x42, 0x4a, 0x42, 0xec, 0x5a, 0x2d, 0x63, 0x0c, 0x5b, 0x29, 0x42, 0xa7, 0x31, 0xc7, 0x31,
    0x29, 0x42, 0x09, 0x42, 0xe8, 0x39, 0x4a, 0x42, 0x08, 0x3a, 0x05, 0x19, 0x42, 0x08, 0x00, 0x00,
    0x00, 0x00, 0x42, 0x00, 0xc4, 0x10, 0x45, 0x21, 0x87, 0x31, 0xe8, 0x39, 0x8a, 0x4a, 0x4a, 0x42,
    0xc8, 0x39, 0x46, 0x29, 0x25, 0x21, 0xc7, 0x31, 0x29, 0x42, 0xe8, 0x39, 0x49, 0x42, 0x4a, 0x42,
    0x29, 0x42, 0xe8, 0x39, 0x6a, 0x4a, 0x2d, 0x63, 0xec, 0x5a, 0x08, 0x3a, 0x66, 0x29, 0x25, 0x21,
    0xa7, 0x31, 0xe8, 0x39, 0x66, 0x29, 0xe8, 0x39, 0x09, 0x3a, 0x05, 0x21, 0x42, 0x00, 0x00, 0x00,
    0x00, 0x00, 0x42, 0x00, 0xc4, 0x10, 0x25, 0x21, 0x86, 0x29, 0xa7, 0x31, 0x4a, 0x42, 0x4a, 0x42,
    0xe8, 0x39, 0x66, 0x29, 0x04, 0x19, 0x45, 0x21, 0x09, 0x3a, 0xa7, 0x31, 0x09, 0x3a, 0x6a, 0x4a,
    0x4a, 0x42, 0xe8, 0x39, 0x08, 0x3a, 0x2d, 0x63, 0xec, 0x5a, 0x09, 0x3a, 0x66, 0x29, 0xe4, 0x18,
    0x45, 0x21, 0xe8, 0x39, 0x05, 0x21, 0x66, 0x29, 0xe8, 0x39, 0x25, 0x21, 0x42, 0x00, 0x00, 0x00,
    0x00, 0x00, 0x41, 0x00, 0xc3, 0x10, 0x46, 0x21, 0x87, 0x29, 0x87, 0x29, 0x29, 0x42, 0x49, 0x42,
    0x09, 0x3a, 0xa7, 0x31, 0x45, 0x21, 0x25, 0x21, 0x09, 0x42, 0xa7, 0x31, 0xc8, 0x31, 0x4a, 0x42,
    0x8a, 0x4a, 0x29, 0x42, 0xe8, 0x39, 0xec, 0x5a, 0x0d, 0x5b, 0x29, 0x42, 0xa7, 0x31, 0x25, 0x21,
    0x25, 0x21, 0xe8, 0x39, 0x25, 0x21, 0x05, 0x19, 0x87, 0x29, 0x25, 0x21, 0x62, 0x08, 0x00, 0x00,
    0x00, 0x00, 0x42, 0x00, 0xc4, 0x10, 0x46, 0x29, 0xa7, 0x31, 0xa7, 0x31, 0x09, 0x3a, 0x4a, 0x42,
    0x09, 0x3a, 0xe8, 0x39, 0xa7, 0x31, 0x66, 0x29, 0x29, 0x42, 0x08, 0x3a, 0xc7, 0x31, 0x29, 0x42,
    0x6a, 0x4a, 0x6a, 0x4a, 0x29, 0x42, 0xcc, 0x52, 0x4d, 0x63, 0x4a, 0x42, 0x08, 0x3a, 0xa7, 0x31,
    0x66, 0x29, 0xe8, 0x39, 0xa7, 0x31, 0x05, 0x19, 0x45, 0x21, 0x05, 0x19, 0x62, 0x08, 0x00, 0x00,
    0x00, 0x00, 0x62, 0x08, 0x46, 0x21, 0xc8, 0x39, 0xe8, 0x39, 0xa7, 0x31, 0xe8, 0x39, 0x4a, 0x42,
    0x08, 0x3a, 0xe8, 0x39, 0xe8, 0x39, 0xc8, 0x39, 0x6a, 0x4a, 0xab, 0x52, 0xe8, 0x39, 0x09, 0x42,
    0x4a, 0x4a, 0x6a, 0x4a, 0x4a, 0x42, 0x8b, 0x4a, 0x4d, 0x63, 0xab, 0x52, 0x6a, 0x4a, 0x4a, 0x42,
    0x29, 0x42, 0x4a, 0x4a, 0x6a, 0x4a, 0x46, 0x21, 0x25, 0x21, 0xc4, 0x18, 0x62, 0x08, 0x00, 0x00,
    0x00, 0x00, 0x82, 0x08, 0x66, 0x29, 0x29, 0x42, 0x29, 0x42, 0x87, 0x29, 0x87, 0x29, 0x09, 0x3a,
    0xe8, 0x39, 0xc8, 0x31, 0xe8, 0x39, 0x09, 0x3a, 0xab, 0x52, 0x2d, 0x63, 0x6a, 0x4a, 0x49, 0x42,
    0x4a, 0x42, 0x49, 0x42, 0x09, 0x3a, 0x29, 0x42, 0x4d, 0x63, 0xab, 0x52, 0x8b, 0x4a, 0x8b, 0x4a,
    0x8b, 0x4a, 0xab, 0x52, 0x0d, 0x5b, 0xa7, 0x31, 0x46, 0x29, 0xc4, 0x10, 0x42, 0x00, 0x00, 0x00,
    0x00, 0x00, 0x21, 0x00, 0x00, 0x00, 0x00, 0x00, 0x00, 0x00, 0x00, 0x00, 0x62, 0x08, 0x25, 0x21,
    0x62, 0x08, 0x83, 0x10, 0x46, 0x21, 0xe8, 0x39, 0x49, 0x42, 0x4d, 0x63, 0xab, 0x52, 0xe8, 0x39,
    0x87, 0x29, 0x66, 0x29, 0x25, 0x21, 0x25, 0x21, 0xc8, 0x31, 0xc3, 0x10, 0x21, 0x00, 0x00, 0x00,
    0x00, 0x00, 0x42, 0x00, 0xc4, 0x10, 0x83, 0x08, 0x21, 0x00, 0x42, 0x00, 0x21, 0x00, 0x00, 0x00,
    0x00, 0x00, 0x41, 0x00, 0x42, 0x00, 0x21, 0x00, 0x00, 0x00, 0x00, 0x00, 0x62, 0x08, 0x25, 0x21,
    0xc4, 0x18, 0x82, 0x08, 0xa3, 0x10, 0x25, 0x21, 0xc8, 0x31, 0x2d, 0x63, 0xec, 0x5a, 0xe8, 0x39,
    0x66, 0x29, 0x45, 0x21, 0x25, 0x21, 0x25, 0x21, 0xc8, 0x39, 0x66, 0x29, 0x83, 0x08, 0x42, 0x00,
    0x21, 0x00, 0x62, 0x08, 0xe4, 0x18, 0xe4, 0x18, 0x62, 0x08, 0x42, 0x08, 0x21, 0x00, 0x00, 0x00,
    0x00, 0x00, 0x42, 0x00, 0x62, 0x08, 0x62, 0x08, 0x41, 0x00, 0x42, 0x08, 0x83, 0x08, 0x25, 0x21,
    0x45, 0x21, 0xc4, 0x10, 0x83, 0x10, 0xa3, 0x10, 0x05, 0x21, 0x29, 0x42, 0x6a, 0x4a, 0x87, 0x29,
    0x04, 0x19, 0xe4, 0x18, 0xc4, 0x18, 0x05, 0x19, 0xa7, 0x31, 0xc8, 0x31, 0x05, 0x19, 0xa3, 0x10,
    0xa3, 0x10, 0xc4, 0x18, 0x46, 0x21, 0x66, 0x29, 0xc4, 0x10, 0x62, 0x08, 0x21, 0x00, 0x00, 0x00,
    0x00, 0x00, 0x42, 0x00, 0x83, 0x10, 0xa3, 0x10, 0x83, 0x08, 0xa3, 0x10, 0xe4, 0x18, 0x66, 0x29,
    0xa7, 0x31, 0x66, 0x29, 0x05, 0x19, 0xe4, 0x18, 0x25, 0x21, 0xe8, 0x39, 0x29, 0x42, 0x87, 0x31,
    0xe4, 0x18, 0xa3, 0x10, 0x83, 0x10, 0xe4, 0x18, 0x66, 0x29, 0xe8, 0x39, 0x87, 0x29, 0x45, 0x21,
    0x25, 0x21, 0x86, 0x29, 0xc8, 0x31, 0xe8, 0x39, 0x66, 0x29, 0xc3, 0x10, 0x41, 0x00, 0x00, 0x00,
    0x00, 0x00, 0x42, 0x00, 0xc4, 0x10, 0x45, 0x21, 0x46, 0x29, 0x46, 0x29, 0x66, 0x29, 0x87, 0x29,
    0xc8, 0x31, 0xe8, 0x39, 0xc7, 0x31, 0xa7, 0x31, 0xa7, 0x31, 0xe8, 0x39, 0xe8, 0x39, 0xa7, 0x31,
    0x25, 0x21, 0xe4, 0x18, 0xc4, 0x18, 0xe4, 0x18, 0x45, 0x21, 0xa7, 0x31, 0xc7, 0x31, 0xc8, 0x39,
    0xe8, 0x39, 0x49, 0x42, 0x4a, 0x4a, 0x4a, 0x42, 0xc7, 0x31, 0x04, 0x19, 0x42, 0x00, 0x00, 0x00,
    0x00, 0x00, 0x42, 0x00, 0x05, 0x21, 0x09, 0x3a, 0x8b, 0x4a, 0xab, 0x52, 0x4a, 0x4a, 0xe8, 0x39,
    0xa7, 0x31, 0xe8, 0x39, 0x09, 0x3a, 0x29, 0x42, 0x09, 0x3a, 0xe8, 0x39, 0xc7, 0x31, 0x87, 0x31,
    0x66, 0x29, 0x66, 0x29, 0x66, 0x29, 0x46, 0x21, 0x45, 0x21, 0x66, 0x29, 0xa7, 0x31, 0x29, 0x42,
    0x8b, 0x52, 0xec, 0x5a, 0xcc, 0x52, 0x8b, 0x4a, 0xc8, 0x39, 0x05, 0x19, 0x42, 0x08, 0x00, 0x00,
    0x00, 0x00, 0x42, 0x00, 0x05, 0x21, 0xe8, 0x39, 0x49, 0x42, 0x8b, 0x4a, 0xab, 0x52, 0x6a, 0x4a,
    0xa7, 0x31, 0x87, 0x29, 0x87, 0x29, 0xa7, 0x31, 0xc8, 0x31, 0xe8, 0x39, 0xa7, 0x31, 0x87, 0x29,
    0x66, 0x29, 0x66, 0x29, 0x66, 0x29, 0x46, 0x29, 0x46, 0x21, 0x46, 0x29, 0x46, 0x29, 0xa7, 0x31,
    0x29, 0x42, 0x8b, 0x4a, 0x8b, 0x4a, 0x4a, 0x4a, 0xc7, 0x31, 0xe4, 0x18, 0x42, 0x00, 0x00, 0x00,
    0x00, 0x00, 0x41, 0x00, 0x04, 0x19, 0xc8, 0x31, 0xe8, 0x39, 0x09, 0x42, 0x4a, 0x4a, 0x6a, 0x4a,
    0xc8, 0x39, 0x46, 0x29, 0x04, 0x19, 0xe4, 0x18, 0x05, 0x21, 0x86, 0x29, 0x87, 0x31, 0xa7, 0x31,
    0x46, 0x21, 0x05, 0x19, 0xc4, 0x10, 0xc4, 0x18, 0x05, 0x21, 0x66, 0x29, 0x25, 0x21, 0x05, 0x21,
    0x46, 0x29, 0xe8, 0x39, 0x49, 0x42, 0x29, 0x42, 0xa7, 0x31, 0xc4, 0x10, 0x21, 0x00, 0x00, 0x00,
    0x00, 0x00, 0x00, 0x00, 0xa3, 0x10, 0x66, 0x29, 0xa7, 0x31, 0xc8, 0x39, 0xe8, 0x39, 0xc8, 0x39,
    0xc7, 0x31, 0x66, 0x29, 0xc4, 0x10, 0x83, 0x08, 0x83, 0x10, 0x05, 0x19, 0x66, 0x29, 0xc7, 0x31,
    0x45, 0x21, 0xa3, 0x10, 0x42, 0x00, 0x42, 0x00, 0x83, 0x10, 0x46, 0x21, 0x25, 0x21, 0xa3, 0x10,
    0xa3, 0x10, 0x46, 0x29, 0x08, 0x3a, 0x29, 0x42, 0x87, 0x29, 0xa3, 0x10, 0x21, 0x00, 0x00, 0x00,
    0x00, 0x00, 0x00, 0x00, 0x42, 0x00, 0x83, 0x10, 0x83, 0x08, 0xa3, 0x10, 0xc4, 0x18, 0xe4, 0x18,
    0x45, 0x21, 0x86, 0x29, 0xe4, 0x18, 0xa3, 0x10, 0x82, 0x08, 0xa3, 0x10, 0x05, 0x21, 0xe8, 0x39,
    0x66, 0x29, 0x62, 0x08, 0x00, 0x00, 0x00, 0x00, 0x21, 0x00, 0xe4, 0x18, 0x46, 0x21, 0x83, 0x08,
    0x42, 0x08, 0xa3, 0x10, 0x25, 0x21, 0xa7, 0x31, 0x66, 0x29, 0xa3, 0x10, 0x00, 0x00, 0x00, 0x00,
    0x00, 0x00, 0x00, 0x00, 0x21, 0x00, 0x62, 0x08, 0x01, 0x00, 0x00, 0x00, 0x41, 0x00, 0x62, 0x08,
    0xe4, 0x18, 0x87, 0x31, 0xe4, 0x18, 0xa3, 0x10, 0x83, 0x10, 0x83, 0x08, 0xa3, 0x10, 0xa7, 0x31,
    0xc8, 0x39, 0x82, 0x08, 0x00, 0x00, 0x00, 0x00, 0x00, 0x00, 0x83, 0x10, 0x66, 0x29, 0x83, 0x08,
    0x42, 0x00, 0x62, 0x08, 0x83, 0x08, 0x25, 0x21, 0x66, 0x29, 0xc4, 0x10, 0x21, 0x00, 0x00, 0x00,
    0x00, 0x00, 0x00, 0x00, 0x21, 0x00, 0x62, 0x08, 0x21, 0x00, 0x00, 0x00, 0x00, 0x00, 0x42, 0x00,
    0xa3, 0x10, 0x87, 0x31, 0xe4, 0x18, 0x83, 0x10, 0x83, 0x08, 0x83, 0x08, 0x83, 0x08, 0x25, 0x21,
    0x49, 0x42, 0xe4, 0x18, 0x21, 0x00, 0x00, 0x00, 0x00, 0x00, 0x42, 0x00, 0x46, 0x21, 0x83, 0x10,
    0x21, 0x00, 0x42, 0x08, 0x42, 0x08, 0xa3, 0x10, 0x25, 0x21, 0x05, 0x19, 0x21, 0x00, 0x00, 0x00,
    0x00, 0x00, 0x00, 0x00, 0x00, 0x00, 0x82, 0x08, 0x21, 0x00, 0x00, 0x00, 0x00, 0x00, 0x21, 0x00,
    0x62, 0x08, 0x66, 0x29, 0x05, 0x19, 0x62, 0x08, 0x62, 0x08, 0x82, 0x08, 0xa3, 0x10, 0x25, 0x21,
    0xcc, 0x52, 0xe8, 0x39, 0xe4, 0x18, 0x62, 0x08, 0x21, 0x00, 0x21, 0x00, 0x05, 0x19, 0xc3, 0x10,
    0x21, 0x00, 0x41, 0x00, 0x21, 0x00, 0x42, 0x00, 0xc3, 0x10, 0x05, 0x21, 0x42, 0x00, 0x00, 0x00,
    0x00, 0x00, 0x00, 0x00, 0x00, 0x00, 0x62, 0x08, 0x41, 0x00, 0x00, 0x00, 0x00, 0x00, 0x00, 0x00,
    0x21, 0x00, 0x25, 0x21, 0x46, 0x29, 0x82, 0x08, 0x42, 0x08, 0x62, 0x08, 0xa3, 0x10, 0x46, 0x29,
    0xcc, 0x52, 0x6a, 0x4a, 0x66, 0x29, 0x05, 0x19, 0xa3, 0x10, 0x42, 0x00, 0xc4, 0x10, 0x05, 0x19,
    0x01, 0x00, 0x00, 0x00, 0x00, 0x00, 0x21, 0x00, 0x42, 0x08, 0xc4, 0x18, 0x42, 0x08, 0x00, 0x00,
    0x00, 0x00, 0x00, 0x00, 0x00, 0x00, 0x62, 0x08, 0x62, 0x08, 0x21, 0x00, 0x00, 0x00, 0x21, 0x00,
    0x21, 0x00, 0xc4, 0x10, 0x66, 0x29, 0xa3, 0x10, 0x62, 0x08, 0x82, 0x08, 0xa3, 0x10, 0x46, 0x21,
    0x6a, 0x4a, 0xcb, 0x52, 0x87, 0x31, 0x45, 0x21, 0xe4, 0x18, 0x83, 0x10, 0xa3, 0x10, 0x45, 0x21,
    0x21, 0x00, 0x00, 0x00, 0x00, 0x00, 0x00, 0x00, 0x21, 0x00, 0x83, 0x08, 0x42, 0x00, 0x00, 0x00,
    0x00, 0x00, 0x00, 0x00, 0x00, 0x00, 0x42, 0x00, 0x83, 0x08, 0x42, 0x00, 0x42, 0x00, 0x41, 0x00,
    0x21, 0x00, 0xa3, 0x10, 0x66, 0x29, 0xa3, 0x10, 0x62, 0x08, 0x83, 0x10, 0xa3, 0x10, 0x05, 0x21,
    0x29, 0x42, 0x2d, 0x63, 0xe8, 0x39, 0x87, 0x29, 0x46, 0x21, 0xe4, 0x18, 0xa3, 0x10, 0x46, 0x29,
    0x62, 0x08, 0x00, 0x00, 0x00, 0x00, 0x00, 0x00, 0x21, 0x00, 0x62, 0x08, 0x42, 0x00, 0x00, 0x00,
    0x00, 0x00, 0x00, 0x00, 0x00, 0x00, 0x21, 0x00, 0x83, 0x10, 0x82, 0x08, 0x62, 0x08, 0x82, 0x08,
    0x62, 0x08, 0xa3, 0x10, 0x46, 0x29, 0xe4, 0x18, 0x62, 0x08, 0x83, 0x08, 0x83, 0x08, 0xa3, 0x10,
    0x66, 0x29, 0xab, 0x52, 0x08, 0x3a, 0x87, 0x29, 0x46, 0x21, 0x05, 0x19, 0xe4, 0x18, 0x86, 0x29,
    0xc4, 0x18, 0x42, 0x00, 0x21, 0x00, 0x21, 0x00, 0x21, 0x00, 0x62, 0x08, 0x42, 0x00, 0x00, 0x00,
    0x00, 0x00, 0x00, 0x00, 0x00, 0x00, 0x21, 0x00, 0x83, 0x08, 0xa3, 0x10, 0xa3, 0x10, 0xa3, 0x10,
    0xc3, 0x10, 0xe4, 0x18, 0x46, 0x29, 0x05, 0x19, 0x62, 0x08, 0x62, 0x08, 0x62, 0x08, 0x62, 0x08,
    0xe4, 0x18, 0xe8, 0x39, 0xa7, 0x31, 0x05, 0x19, 0x04, 0x19, 0x25, 0x21, 0x46, 0x21, 0xc7, 0x31,
    0x66, 0x29, 0xc4, 0x10, 0x83, 0x08, 0x82, 0x08, 0x62, 0x08, 0x62, 0x08, 0x42, 0x00, 0x00, 0x00,
    0x00, 0x00, 0x00, 0x00, 0x00, 0x00, 0x41, 0x00, 0x83, 0x08, 0xc4, 0x10, 0xc4, 0x10, 0xe4, 0x18,
    0x04, 0x19, 0x46, 0x21, 0x66, 0x29, 0x46, 0x21, 0xc3, 0x10, 0x82, 0x08, 0x62, 0x08, 0x62, 0x08,
    0xc3, 0x10, 0x66, 0x29, 0x87, 0x31, 0x25, 0x21, 0x05, 0x21, 0x46, 0x29, 0xa7, 0x31, 0x09, 0x3a,
    0xe8, 0x39, 0x86, 0x29, 0x25, 0x21, 0x05, 0x19, 0xe4, 0x18, 0xa3, 0x10, 0x42, 0x00, 0x00, 0x00,
    0x00, 0x00, 0x00, 0x00, 0x21, 0x00, 0x42, 0x08, 0x83, 0x08, 0xc4, 0x18, 0x05, 0x19, 0x46, 0x21,
    0xa7, 0x31, 0xe8, 0x39, 0xe8, 0x39, 0xa7, 0x31, 0x25, 0x21, 0xe4, 0x18, 0xc3, 0x10, 0xc3, 0x10,
    0xe4, 0x18, 0x66, 0x29, 0x87, 0x29, 0x66, 0x29, 0x66, 0x29, 0xa7, 0x31, 0xe8, 0x39, 0x09, 0x42,
    0x29, 0x42, 0x09, 0x3a, 0xc8, 0x31, 0xa7, 0x31, 0x66, 0x29, 0x05, 0x19, 0x62, 0x08, 0x00, 0x00,
    0x00, 0x00, 0x00, 0x00, 0x41, 0x00, 0x62, 0x08, 0x83, 0x08, 0xc4, 0x10, 0x46, 0x21, 0x09, 0x3a,
    0x6a, 0x4a, 0xcb, 0x52, 0xcb, 0x52, 0x8b, 0x4a, 0xe8, 0x39, 0x87, 0x29, 0x46, 0x21, 0x46, 0x21,
    0x46, 0x21, 0x66, 0x29, 0x66, 0x29, 0x66, 0x29, 0x86, 0x29, 0xa7, 0x31, 0xc7, 0x31, 0xe8, 0x39,
    0x09, 0x3a, 0x49, 0x42, 0x29, 0x42, 0x09, 0x3a, 0xc8, 0x31, 0x46, 0x21, 0x62, 0x08, 0x00, 0x00,
    0x00, 0x00, 0x00, 0x00, 0x41, 0x00, 0x62, 0x08, 0x83, 0x08, 0xc4, 0x10, 0x25, 0x21, 0xe8, 0x39,
    0x29, 0x42, 0x29, 0x42, 0x4a, 0x42, 0x8b, 0x4a, 0x8b, 0x52, 0x09, 0x3a, 0x66, 0x29, 0x46, 0x29,
    0x46, 0x29, 0x87, 0x29, 0x66, 0x29, 0x46, 0x21, 0x25, 0x21, 0x25, 0x21, 0x25, 0x21, 0x46, 0x29,
    0xc7, 0x31, 0x29, 0x42, 0x29, 0x42, 0xe8, 0x39, 0xa7, 0x31, 0x25, 0x21, 0x62, 0x08, 0x00, 0x00,
    0x00, 0x00, 0x00, 0x00, 0x21, 0x00, 0x42, 0x08, 0x83, 0x08, 0xc4, 0x10, 0xe4, 0x18, 0x66, 0x29,
    0xc8, 0x31, 0xc7, 0x31, 0xc8, 0x31, 0x49, 0x42, 0xab, 0x52, 0x29, 0x42, 0x25, 0x21, 0xe4, 0x18,
    0xe4, 0x18, 0x66, 0x29, 0x87, 0x29, 0x25, 0x21, 0xa3, 0x10, 0x82, 0x08, 0x62, 0x08, 0xa3, 0x10,
    0x45, 0x21, 0x09, 0x3a, 0x09, 0x3a, 0x87, 0x29, 0x25, 0x21, 0xe4, 0x18, 0x42, 0x08, 0x00, 0x00,
    0x00, 0x00, 0x00, 0x00, 0x21, 0x00, 0x42, 0x00, 0x82, 0x08, 0xc4, 0x18, 0xa3, 0x10, 0xa3, 0x10,
    0x05, 0x21, 0x86, 0x29, 0xa7, 0x31, 0xe8, 0x39, 0x4a, 0x42, 0xc8, 0x31, 0xe4, 0x18, 0x83, 0x08,
    0xa3, 0x10, 0x25, 0x21, 0xa7, 0x31, 0x25, 0x21, 0x62, 0x08, 0x21, 0x00, 0x21, 0x00, 0x41, 0x00,
    0xa3, 0x10, 0xa7, 0x31, 0xc8, 0x31, 0x46, 0x21, 0xa3, 0x10, 0x83, 0x08, 0x42, 0x00, 0x00, 0x00,
    0x00, 0x00, 0x00, 0x00, 0x21, 0x00, 0x42, 0x08, 0x82, 0x08, 0xe4, 0x18, 0xc3, 0x10, 0x42, 0x00,
    0x21, 0x00, 0x62, 0x08, 0x83, 0x08, 0xc4, 0x10, 0x66, 0x29, 0x25, 0x21, 0x83, 0x08, 0x62, 0x08,
    0x83, 0x08, 0xe4, 0x18, 0xc7, 0x31, 0x66, 0x29, 0x42, 0x00, 0x00, 0x00, 0x00, 0x00, 0x00, 0x00,
    0x42, 0x00, 0x46, 0x29, 0x66, 0x29, 0x25, 0x21, 0xa3, 0x10, 0x62, 0x08, 0x21, 0x00, 0x00, 0x00,
    0x00, 0x00, 0x00, 0x00, 0x00, 0x00, 0x42, 0x00, 0x62, 0x08, 0xe4, 0x18, 0xe4, 0x18, 0x42, 0x00,
    0x21, 0x00, 0x00, 0x00, 0x00, 0x00, 0x21, 0x00, 0xe4, 0x18, 0xe4, 0x18, 0x42, 0x08, 0x62, 0x08,
    0x82, 0x08, 0xc3, 0x10, 0x86, 0x29, 0xa7, 0x31, 0x62, 0x08, 0x00, 0x00, 0x00, 0x00, 0x00, 0x00,
    0x01, 0x00, 0x04, 0x19, 0x25, 0x21, 0xe4, 0x18, 0xc4, 0x18, 0x62, 0x08, 0x21, 0x00, 0x00, 0x00,
    0x00, 0x00, 0x00, 0x00, 0x00, 0x00, 0x21, 0x00, 0x42, 0x08, 0xa3, 0x10, 0xe4, 0x18, 0x42, 0x08,
    0x21, 0x00, 0x21, 0x00, 0x00, 0x00, 0x00, 0x00, 0x83, 0x10, 0x05, 0x21, 0x41, 0x00, 0x42, 0x00,
    0x62, 0x08, 0xa3, 0x10, 0x05, 0x19, 0xe8, 0x39, 0x83, 0x08, 0x21, 0x00, 0x00, 0x00, 0x00, 0x00,
    0x00, 0x00, 0xa3, 0x10, 0x25, 0x21, 0x83, 0x08, 0xc3, 0x10, 0x83, 0x08, 0x21, 0x00, 0x00, 0x00,
    0x00, 0x00, 0x42, 0x00, 0xa3, 0x10, 0xc4, 0x10, 0x82, 0x08, 0x62, 0x08, 0xc4, 0x10, 0x42, 0x08,
    0x21, 0x00, 0x21, 0x00, 0x21, 0x00, 0x00, 0x00, 0x42, 0x08, 0x25, 0x21, 0x42, 0x00, 0x21, 0x00,
    0x42, 0x08, 0x82, 0x08, 0xa3, 0x10, 0xc8, 0x31, 0xe4, 0x18, 0xc3, 0x10, 0xa3, 0x10, 0xa3, 0x10,
    0x62, 0x08, 0xa3, 0x10, 0x46, 0x29, 0x62, 0x08, 0x62, 0x08, 0x83, 0x10, 0x21, 0x00, 0x00, 0x00,
    0x00, 0x00, 0x62, 0x08, 0xe4, 0x18, 0x87, 0x29, 0x46, 0x21, 0x83, 0x08, 0x83, 0x10, 0x42, 0x08,
    0x01, 0x00, 0x21, 0x00, 0x21, 0x00, 0x21, 0x00, 0x21, 0x00, 0x45, 0x21, 0x62, 0x08, 0x21, 0x00,
    0x42, 0x00, 0x62, 0x08, 0x62, 0x08, 0x86, 0x29, 0x66, 0x29, 0x05, 0x19, 0xe4, 0x18, 0xc4, 0x18,
    0xc4, 0x10, 0xe4, 0x18, 0x87, 0x29, 0x82, 0x08, 0x21, 0x00, 0x62, 0x08, 0x41, 0x00, 0x00, 0x00,
    0x00, 0x00, 0x62, 0x08, 0xc4, 0x10, 0x66, 0x29, 0xa7, 0x31, 0x04, 0x19, 0x82, 0x08, 0x62, 0x08,
    0x00, 0x00, 0x21, 0x00, 0x21, 0x00, 0x21, 0x00, 0x41, 0x00, 0x25, 0x21, 0xc4, 0x10, 0x41, 0x00,
    0x41, 0x00, 0x62, 0x08, 0x62, 0x08, 0x25, 0x21, 0xa7, 0x31, 0x05, 0x21, 0xe4, 0x18, 0xc3, 0x10,
    0xc3, 0x10, 0xe4, 0x18, 0xa7, 0x31, 0xe4, 0x18, 0x21, 0x00, 0x42, 0x00, 0x21, 0x00, 0x00, 0x00,
    0x00, 0x00, 0x00, 0x00, 0x00, 0x00, 0x00, 0x00, 0x00, 0x00, 0x00, 0x00, 0x41, 0x00, 0x05, 0x19,
    0x87, 0x29, 0x87, 0x31, 0x09, 0x3a, 0xe8, 0x39, 0x29, 0x42, 0x4a, 0x4a, 0x46, 0x29, 0x66, 0x29,
    0x87, 0x29, 0x66, 0x29, 0x66, 0x29, 0x46, 0x29, 0xc8, 0x31, 0xa7, 0x31, 0xc3, 0x10, 0x62, 0x08,
    0x42, 0x00, 0x83, 0x10, 0xe4, 0x18, 0x62, 0x08, 0x62, 0x08, 0x62, 0x08, 0x42, 0x00, 0x00, 0x00,
    0x00, 0x00, 0x00, 0x00, 0x21, 0x00, 0x41, 0x00, 0x41, 0x00, 0x21, 0x00, 0x42, 0x08, 0xe4, 0x18,
    0xa7, 0x31, 0x66, 0x29, 0xc8, 0x31, 0x29, 0x42, 0xcc, 0x52, 0x2d, 0x63, 0x49, 0x42, 0xe8, 0x39,
    0xa7, 0x31, 0x66, 0x29, 0x66, 0x29, 0x46, 0x29, 0xa7, 0x31, 0x29, 0x42, 0x66, 0x29, 0xe4, 0x18,
    0xc4, 0x10, 0xe4, 0x18, 0x46, 0x21, 0xc4, 0x10, 0x83, 0x10, 0x62, 0x08, 0x42, 0x00, 0x00, 0x00,
    0x00, 0x00, 0x01, 0x00, 0x42, 0x00, 0x62, 0x08, 0x62, 0x08, 0x62, 0x08, 0x83, 0x10, 0xe4, 0x18,
    0xc7, 0x31, 0xa7, 0x31, 0x87, 0x31, 0xc7, 0x31, 0x4a, 0x42, 0xab, 0x52, 0x09, 0x3a, 0x66, 0x29,
    0x46, 0x29, 0x45, 0x21, 0x46, 0x21, 0x45, 0x21, 0x87, 0x29, 0x49, 0x42, 0x29, 0x42, 0xa7, 0x31,
    0x86, 0x29, 0xa7, 0x31, 0xe8, 0x39, 0x66, 0x29, 0xe4, 0x18, 0x83, 0x08, 0x42, 0x00, 0x00, 0x00,
    0x00, 0x00, 0x21, 0x00, 0x62, 0x08, 0x83, 0x08, 0x83, 0x10, 0xa3, 0x10, 0xc4, 0x10, 0x05, 0x19,
    0xa7, 0x31, 0xe8, 0x39, 0x08, 0x3a, 0xe8, 0x39, 0x09, 0x42, 0x09, 0x3a, 0x87, 0x29, 0xe4, 0x18,
    0xc3, 0x10, 0xa3, 0x10, 0xe4, 0x18, 0xe4, 0x18, 0x46, 0x29, 0xe8, 0x39, 0x6a, 0x4a, 0x4a, 0x42,
    0x29, 0x42, 0x29, 0x42, 0x29, 0x42, 0xc8, 0x39, 0x45, 0x21, 0xa3, 0x10, 0x42, 0x00, 0x00, 0x00,
    0x00, 0x00, 0x41, 0x00, 0xe4, 0x18, 0x87, 0x29, 0xc7, 0x31, 0xa7, 0x31, 0x86, 0x29, 0x46, 0x29,
    0x66, 0x29, 0xa7, 0x31, 0x09, 0x3a, 0x29, 0x42, 0x29, 0x42, 0xc8, 0x31, 0x66, 0x29, 0xe4, 0x18,
    0x83, 0x08, 0x62, 0x08, 0x83, 0x08, 0xa3, 0x10, 0x04, 0x19, 0xa7, 0x31, 0x6a, 0x4a, 0xcc, 0x52,
    0xcc, 0x5a, 0xab, 0x52, 0x8a, 0x4a, 0x09, 0x3a, 0x66, 0x29, 0xa3, 0x10, 0x42, 0x00, 0x00, 0x00,
    0x00, 0x00, 0x42, 0x00, 0x05, 0x19, 0x66, 0x29, 0xa7, 0x31, 0xc7, 0x31, 0x09, 0x3a, 0xe8, 0x39,
    0x66, 0x29, 0x25, 0x21, 0x66, 0x29, 0xa7, 0x31, 0xc7, 0x31, 0x87, 0x31, 0x46, 0x29, 0x05, 0x19,
    0xc4, 0x10, 0xa3, 0x10, 0xa3, 0x10, 0xa3, 0x10, 0xc4, 0x10, 0x25, 0x21, 0xe8, 0x39, 0x6a, 0x4a,
    0x8a, 0x4a, 0x29, 0x42, 0xe8, 0x39, 0xc7, 0x31, 0x66, 0x29, 0xa3, 0x10, 0x42, 0x00, 0x00, 0x00,
    0x00, 0x00, 0x42, 0x00, 0xe4, 0x18, 0x25, 0x21, 0x66, 0x29, 0x87, 0x29, 0xe8, 0x39, 0x29, 0x42,
    0xa7, 0x31, 0xc4, 0x10, 0xa3, 0x10, 0xc4, 0x10, 0x05, 0x19, 0x46, 0x21, 0x46, 0x21, 0x25, 0x21,
    0x25, 0x21, 0x25, 0x21, 0x46, 0x21, 0x25, 0x21, 0x04, 0x19, 0xe4, 0x18, 0x66, 0x29, 0xa7, 0x31,
    0xc8, 0x31, 0xa7, 0x31, 0x66, 0x29, 0x25, 0x21, 0x05, 0x19, 0xa3, 0x10, 0x42, 0x00, 0x00, 0x00,
    0x00, 0x00, 0x41, 0x00, 0xe4, 0x18, 0x46, 0x21, 0x86, 0x29, 0x87, 0x29, 0xe8, 0x39, 0x29, 0x42,
    0xe8, 0x39, 0xc4, 0x10, 0x41, 0x00, 0x41, 0x00, 0x62, 0x08, 0xc4, 0x18, 0x45, 0x21, 0x46, 0x29,
    0x66, 0x29, 0x66, 0x29, 0x66, 0x29, 0x66, 0x29, 0x46, 0x21, 0xe4, 0x18, 0xe4, 0x18, 0x05, 0x19,
    0x46, 0x29, 0x87, 0x29, 0x46, 0x29, 0xe4, 0x18, 0xc4, 0x18, 0xa3, 0x10, 0x42, 0x00, 0x00, 0x00,
    0x00, 0x00, 0x21, 0x00, 0xe4, 0x18, 0xc8, 0x31, 0xe8, 0x39, 0xc8, 0x31, 0x09, 0x42, 0x6a, 0x4a,
    0x09, 0x42, 0xc4, 0x18, 0x21, 0x00, 0x00, 0x00, 0x21, 0x00, 0x62, 0x08, 0x05, 0x19, 0x66, 0x29,
    0xa7, 0x31, 0x46, 0x21, 0x05, 0x19, 0x04, 0x19, 0x46, 0x21, 0x25, 0x21, 0xa3, 0x10, 0xa3, 0x10,
    0x04, 0x19, 0x87, 0x29, 0xc8, 0x31, 0x45, 0x21, 0xe4, 0x18, 0xa3, 0x10, 0x41, 0x00, 0x00, 0x00,
    0x00, 0x00, 0x00, 0x00, 0x82, 0x08, 0x66, 0x29, 0xc8, 0x31, 0xc7, 0x31, 0xe8, 0x39, 0xe8, 0x39,
    0xc8, 0x39, 0xc4, 0x10, 0x21, 0x00, 0x00, 0x00, 0x00, 0x00, 0x21, 0x00, 0xa3, 0x10, 0x46, 0x29,
    0x08, 0x3a, 0x25, 0x21, 0x83, 0x08, 0x62, 0x08, 0xc4, 0x18, 0x46, 0x21, 0xa3, 0x10, 0x41, 0x00,
    0x62, 0x08, 0x04, 0x19, 0xc8, 0x39, 0xa7, 0x31, 0x04, 0x19, 0x83, 0x10, 0x21, 0x00, 0x00, 0x00,
    0x00, 0x00, 0x00, 0x00, 0x21, 0x00, 0x83, 0x10, 0x83, 0x08, 0x42, 0x08, 0x83, 0x10, 0xc4, 0x18,
    0x45, 0x21, 0xa3, 0x10, 0x00, 0x00, 0x00, 0x00, 0x00, 0x00, 0x00, 0x00, 0x42, 0x08, 0xe4, 0x18,
    0x29, 0x42, 0x46, 0x29, 0x62, 0x08, 0x21, 0x00, 0x62, 0x08, 0x25, 0x21, 0xe4, 0x18, 0x00, 0x00,
    0x00, 0x00, 0x21, 0x00, 0xe4, 0x18, 0x66, 0x29, 0xe4, 0x18, 0x62, 0x08, 0x21, 0x00, 0x00, 0x00,
    0x00, 0x00, 0x00, 0x00, 0x00, 0x00, 0x62, 0x08, 0x62, 0x08, 0x01, 0x00, 0x42, 0x00, 0x83, 0x08,
    0x05, 0x19, 0xe4, 0x18, 0x00, 0x00, 0x00, 0x00, 0x00, 0x00, 0x21, 0x00, 0x62, 0x08, 0xc4, 0x10,
    0x4a, 0x42, 0x29, 0x42, 0xe4, 0x18, 0x62, 0x08, 0x42, 0x00, 0xe4, 0x18, 0x25, 0x21, 0x00, 0x00,
    0x00, 0x00, 0x00, 0x00, 0x62, 0x08, 0x05, 0x19, 0x25, 0x21, 0x83, 0x10, 0x21, 0x00, 0x00, 0x00,
    0x00, 0x00, 0x00, 0x00, 0x00, 0x00, 0x42, 0x08, 0x82, 0x08, 0x01, 0x00, 0x21, 0x00, 0x42, 0x08,
    0xc4, 0x18, 0x46, 0x21, 0x42, 0x00, 0x00, 0x00, 0x00, 0x00, 0x42, 0x08, 0xc4, 0x18, 0x25, 0x21,
    0x49, 0x42, 0xcc, 0x5a, 0xa7, 0x31, 0x05, 0x19, 0xa3, 0x10, 0xc3, 0x10, 0x66, 0x29, 0x21, 0x00,
    0x00, 0x00, 0x00, 0x00, 0x21, 0x00, 0xa3, 0x10, 0x05, 0x19, 0xc3, 0x10, 0x42, 0x00, 0x00, 0x00,
    0x00, 0x00, 0x00, 0x00, 0x00, 0x00, 0x21, 0x00, 0x83, 0x10, 0x21, 0x00, 0x00, 0x00, 0x21, 0x00,
    0x83, 0x10, 0x66, 0x29, 0xa3, 0x10, 0x41, 0x00, 0x21, 0x00, 0x62, 0x08, 0x05, 0x19, 0x25, 0x21,
    0x66, 0x29, 0x8a, 0x4a, 0x87, 0x29, 0x25, 0x21, 0xe4, 0x18, 0xe4, 0x18, 0x87, 0x29, 0x62, 0x08,
    0x00, 0x00, 0x00, 0x00, 0x00, 0x00, 0x62, 0x08, 0xc3, 0x10, 0xc3, 0x10, 0x62, 0x08, 0x00, 0x00,
    0x00, 0x00, 0x01, 0x00, 0x00, 0x00, 0x21, 0x00, 0xa3, 0x10, 0x21, 0x00, 0x00, 0x00, 0x21, 0x00,
    0x62, 0x08, 0x46, 0x21, 0xe4, 0x18, 0x62, 0x08, 0x41, 0x00, 0x62, 0x08, 0x05, 0x21, 0x45, 0x21,
    0x25, 0x21, 0x4a, 0x42, 0xa7, 0x31, 0x25, 0x21, 0x05, 0x19, 0x25, 0x21, 0xa7, 0x31, 0xc3, 0x10,
    0x00, 0x00, 0x00, 0x00, 0x21, 0x00, 0x42, 0x00, 0x83, 0x08, 0x83, 0x08, 0x62, 0x08, 0x00, 0x00,
    0x00, 0x00, 0x21, 0x00, 0x00, 0x00, 0x00, 0x00, 0x83, 0x10, 0x62, 0x08, 0x21, 0x00, 0x21, 0x00,
    0x42, 0x08, 0x05, 0x21, 0x25, 0x21, 0x82, 0x08, 0x62, 0x08, 0x62, 0x08, 0xe4, 0x18, 0x66, 0x29,
    0x66, 0x29, 0x4a, 0x4a, 0x29, 0x42, 0x66, 0x29, 0x66, 0x29, 0x66, 0x29, 0xe8, 0x39, 0x45, 0x21,
    0x21, 0x00, 0x21, 0x00, 0x41, 0x00, 0x42, 0x08, 0x62, 0x08, 0x62, 0x08, 0x62, 0x08, 0x00, 0x00,
    0x00, 0x00, 0x21, 0x00, 0x21, 0x00, 0x21, 0x00, 0x82, 0x08, 0x83, 0x08, 0x62, 0x08, 0x42, 0x00,
    0x62, 0x08, 0x04, 0x19, 0x45, 0x21, 0x83, 0x08, 0x82, 0x08, 0x82, 0x08, 0xc4, 0x10, 0x25, 0x21,
    0x87, 0x31, 0x8b, 0x4a, 0xec, 0x5a, 0x29, 0x42, 0xc8, 0x39, 0xc8, 0x31, 0x29, 0x42, 0xc8, 0x31,
    0xa3, 0x10, 0x62, 0x08, 0x83, 0x08, 0x83, 0x08, 0x83, 0x10, 0x62, 0x08, 0x42, 0x08, 0x00, 0x00,
    0x00, 0x00, 0x00, 0x00, 0x21, 0x00, 0x21, 0x00, 0x62, 0x08, 0xa3, 0x10, 0xa3, 0x10, 0x83, 0x08,
    0xa3, 0x10, 0x05, 0x19, 0x45, 0x21, 0xa3, 0x10, 0x62, 0x08, 0x62, 0x08, 0xa3, 0x10, 0xa3, 0x10,
    0xe4, 0x18, 0xa7, 0x31, 0x8b, 0x52, 0x29, 0x42, 0xc7, 0x31, 0xa7, 0x31, 0x29, 0x42, 0x09, 0x42,
    0x45, 0x21, 0xe4, 0x18, 0xe4, 0x18, 0xe4, 0x18, 0xc4, 0x18, 0x83, 0x08, 0x42, 0x00, 0x00, 0x00,
    0x00, 0x00, 0x00, 0x00, 0x00, 0x00, 0x21, 0x00, 0x62, 0x08, 0xc3, 0x10, 0x04, 0x19, 0x04, 0x19,
    0x05, 0x21, 0x46, 0x21, 0x66, 0x29, 0xe4, 0x18, 0x83, 0x08, 0x62, 0x08, 0x62, 0x08, 0x62, 0x08,
    0x82, 0x08, 0xe4, 0x18, 0xc7, 0x31, 0xe8, 0x39, 0xc8, 0x31, 0xc8, 0x39, 0x29, 0x42, 0x29, 0x42,
    0x87, 0x31, 0x25, 0x21, 0x45, 0x21, 0x45, 0x21, 0x05, 0x21, 0xa3, 0x10, 0x42, 0x08, 0x00, 0x00,
    0x00, 0x00, 0x00, 0x00, 0x00, 0x00, 0x21, 0x00, 0x62, 0x08, 0xe4, 0x18, 0x87, 0x31, 0x09, 0x3a,
    0x4a, 0x42, 0x4a, 0x42, 0x49, 0x42, 0xc8, 0x31, 0x25, 0x21, 0xa3, 0x10, 0x62, 0x08, 0x62, 0x08,
    0x62, 0x08, 0xa3, 0x10, 0x25, 0x21, 0x87, 0x29, 0xa7, 0x31, 0xc8, 0x39, 0x09, 0x3a, 0xe8, 0x39,
    0xa7, 0x31, 0x46, 0x29, 0x46, 0x21, 0x46, 0x29, 0x46, 0x21, 0xe4, 0x18, 0x62, 0x08, 0x00, 0x00,
    0x00, 0x00, 0x00, 0x00, 0x21, 0x00, 0x42, 0x00, 0x62, 0x08, 0xe4, 0x18, 0xe8, 0x39, 0x09, 0x3a,
    0xc8, 0x31, 0xa7, 0x31, 0xc8, 0x31, 0x09, 0x3a, 0x29, 0x42, 0x87, 0x29, 0xe4, 0x18, 0xa3, 0x10,
    0xa3, 0x10, 0xa3, 0x10, 0xe4, 0x18, 0xe4, 0x18, 0x05, 0x19, 0x05, 0x21, 0x66, 0x29, 0x87, 0x31,
    0xa7, 0x31, 0x86, 0x29, 0x66, 0x29, 0x86, 0x29, 0x46, 0x29, 0xc4, 0x10, 0x42, 0x08, 0x00, 0x00,
    0x00, 0x00, 0x00, 0x00, 0x41, 0x00, 0x62, 0x08, 0x62, 0x08, 0xc4, 0x10, 0xc8, 0x31, 0xa7, 0x31,
    0xe4, 0x18, 0xa3, 0x10, 0xe4, 0x18, 0x46, 0x21, 0x09, 0x3a, 0x6a, 0x4a, 0xe8, 0x39, 0x46, 0x29,
    0x25, 0x21, 0xe4, 0x18, 0xc4, 0x18, 0x83, 0x10, 0x62, 0x08, 0x42, 0x08, 0x83, 0x10, 0xe4, 0x18,
    0x66, 0x29, 0xa7, 0x31, 0xa7, 0x31, 0xc7, 0x31, 0x86, 0x29, 0xa3, 0x10, 0x42, 0x00, 0x00, 0x00,
    0x00, 0x00, 0x00, 0x00, 0x41, 0x00, 0x62, 0x08, 0x82, 0x08, 0x83, 0x08, 0x66, 0x29, 0xa7, 0x31,
    0x04, 0x19, 0x83, 0x08, 0x83, 0x10, 0xe4, 0x18, 0xc8, 0x31, 0xab, 0x52, 0x6a, 0x4a, 0xa7, 0x31,
    0x66, 0x29, 0x45, 0x21, 0xe4, 0x18, 0x62, 0x08, 0x21, 0x00, 0x00, 0x00, 0x00, 0x00, 0x62, 0x08,
    0xe4, 0x18, 0xa7, 0x31, 0xe8, 0x39, 0xc7, 0x31, 0x66, 0x29, 0xc3, 0x10, 0x42, 0x00, 0x00, 0x00,
    0x00, 0x00, 0x00, 0x00, 0x21, 0x00, 0x42, 0x00, 0x82, 0x08, 0x82, 0x08, 0xc4, 0x10, 0x66, 0x29,
    0x87, 0x29, 0x25, 0x21, 0x05, 0x19, 0x25, 0x21, 0xe8, 0x39, 0x8b, 0x4a, 0x29, 0x42, 0x46, 0x29,
    0x25, 0x21, 0x66, 0x29, 0x25, 0x21, 0x42, 0x08, 0x00, 0x00, 0x00, 0x00, 0x00, 0x00, 0x00, 0x00,
    0x62, 0x08, 0x66, 0x29, 0x29, 0x42, 0x87, 0x31, 0x05, 0x19, 0xa3, 0x10, 0x42, 0x00, 0x00, 0x00,
    0x00, 0x00, 0x00, 0x00, 0x00, 0x00, 0x21, 0x00, 0x62, 0x08, 0x83, 0x08, 0x62, 0x08, 0xa3, 0x10,
    0xe4, 0x18, 0x25, 0x21, 0x66, 0x29, 0x46, 0x29, 0xa7, 0x31, 0x09, 0x3a, 0x66, 0x29, 0xe4, 0x18,
    0xa3, 0x10, 0x05, 0x21, 0x66, 0x29, 0x62, 0x08, 0x00, 0x00, 0x00, 0x00, 0x00, 0x00, 0x00, 0x00,
    0x21, 0x00, 0xe4, 0x18, 0x29, 0x42, 0x87, 0x31, 0xa3, 0x10, 0x42, 0x08, 0x42, 0x00, 0x00, 0x00,
    0x00, 0x00, 0x00, 0x00, 0x00, 0x00, 0x00, 0x00, 0x21, 0x00, 0x83, 0x08, 0x62, 0x08, 0x21, 0x00,
    0x21, 0x00, 0x21, 0x00, 0x21, 0x00, 0x21, 0x00, 0x62, 0x08, 0x46, 0x21, 0xc4, 0x10, 0x82, 0x08,
    0x83, 0x08, 0xa3, 0x10, 0x87, 0x29, 0x83, 0x10, 0x00, 0x00, 0x00, 0x00, 0x00, 0x00, 0x00, 0x00,
    0x00, 0x00, 0x62, 0x08, 0xc8, 0x31, 0x87, 0x31, 0xa3, 0x10, 0x21, 0x00, 0x00, 0x00, 0x00, 0x00,
    0x00, 0x00, 0x21, 0x00, 0x62, 0x08, 0x82, 0x08, 0x62, 0x08, 0x83, 0x08, 0x62, 0x08, 0x21, 0x00,
    0x21, 0x00, 0x00, 0x00, 0x00, 0x00, 0x00, 0x00, 0x21, 0x00, 0x05, 0x21, 0xa3, 0x10, 0x42, 0x00,
    0x42, 0x08, 0x83, 0x08, 0x66, 0x29, 0x05, 0x21, 0x42, 0x08, 0x42, 0x08, 0x82, 0x08, 0x62, 0x08,
    0x42, 0x00, 0x42, 0x00, 0x86, 0x29, 0x66, 0x29, 0xe4, 0x18, 0x42, 0x00, 0x00, 0x00, 0x00, 0x00,
    0x00, 0x00, 0x42, 0x00, 0x04, 0x19, 0x86, 0x29, 0x46, 0x29, 0xe4, 0x18, 0x83, 0x10, 0x00, 0x00,
    0x21, 0x00, 0x00, 0x00, 0x00, 0x00, 0x00, 0x00, 0x00, 0x00, 0xe4, 0x18, 0xc4, 0x10, 0x21, 0x00,
    0x41, 0x00, 0x62, 0x08, 0x46, 0x21, 0xc8, 0x39, 0xe4, 0x18, 0xe4, 0x18, 0xe4, 0x18, 0xe4, 0x18,
    0xc4, 0x10, 0xa3, 0x10, 0x66, 0x29, 0x46, 0x21, 0xc4, 0x18, 0x62, 0x08, 0x21, 0x00, 0x00, 0x00,
    0x00, 0x00, 0x21, 0x00, 0x83, 0x08, 0x05, 0x19, 0xc7, 0x31, 0x87, 0x29, 0xe4, 0x18, 0x21, 0x00,
    0x21, 0x00, 0x21, 0x00, 0x21, 0x00, 0x00, 0x00, 0x00, 0x00, 0xa3, 0x10, 0x05, 0x19, 0x41, 0x00,
    0x21, 0x00, 0x42, 0x00, 0x05, 0x19, 0x4a, 0x42, 0x45, 0x21, 0xa3, 0x10, 0x83, 0x08, 0x62, 0x08,
    0x62, 0x08, 0xa3, 0x10, 0x66, 0x29, 0x87, 0x31, 0xa3, 0x10, 0x62, 0x08, 0x41, 0x00, 0x00, 0x00,
    0x00, 0x00, 0x21, 0x00, 0x42, 0x08, 0xa3, 0x10, 0x46, 0x29, 0xc8, 0x39, 0x66, 0x29, 0x41, 0x00,
    0x00, 0x00, 0x01, 0x00, 0x21, 0x00, 0x21, 0x00, 0x00, 0x00, 0x62, 0x08, 0x45, 0x21, 0x62, 0x08,
    0x21, 0x00, 0x42, 0x00, 0xc4, 0x18, 0x4a, 0x42, 0x87, 0x31, 0xc4, 0x10, 0x62, 0x08, 0x42, 0x00,
    0x41, 0x00, 0x62, 0x08, 0x25, 0x21, 0xe8, 0x39, 0xa3, 0x10, 0x62, 0x08, 0x41, 0x00, 0x00, 0x00,
    0x00, 0x00, 0x00, 0x00, 0x21, 0x00, 0x62, 0x08, 0x42, 0x00, 0x42, 0x00, 0x42, 0x08, 0xe4, 0x18,
    0xab, 0x52, 0xab, 0x52, 0xe8, 0x39, 0xa7, 0x31, 0x08, 0x3a, 0xe4, 0x18, 0x62, 0x08, 0xa3, 0x10,
    0x05, 0x19, 0x46, 0x21, 0x25, 0x21, 0x46, 0x21, 0x87, 0x29, 0x4a, 0x42, 0xa7, 0x31, 0x25, 0x21,
    0x05, 0x19, 0x46, 0x29, 0xe4, 0x18, 0xc4, 0x18, 0xe4, 0x18, 0xc4, 0x10, 0x42, 0x00, 0x00, 0x00,
    0x00, 0x00, 0x00, 0x00, 0x21, 0x00, 0x62, 0x08, 0x82, 0x08, 0x82, 0x08, 0x83, 0x08, 0xe4, 0x18,
    0x29, 0x42, 0xec, 0x5a, 0xab, 0x52, 0xab, 0x52, 0xab, 0x52, 0xc8, 0x39, 0x05, 0x21, 0x46, 0x21,
    0x86, 0x29, 0x87, 0x29, 0x66, 0x29, 0x46, 0x29, 0x66, 0x29, 0x29, 0x42, 0x4a, 0x42, 0xe8, 0x39,
    0xc8, 0x31, 0xe8, 0x39, 0x66, 0x29, 0x25, 0x21, 0x05, 0x19, 0xa3, 0x10, 0x42, 0x00, 0x00, 0x00,
    0x00, 0x00, 0x21, 0x00, 0x21, 0x00, 0x82, 0x08, 0x83, 0x10, 0xa3, 0x10, 0xa3, 0x10, 0x04, 0x19,
    0xa7, 0x31, 0x8b, 0x4a, 0xcc, 0x52, 0x0d, 0x5b, 0x2d, 0x63, 0xab, 0x52, 0xe8, 0x39, 0xe8, 0x39,
    0xc8, 0x31, 0xa7, 0x31, 0x87, 0x29, 0x87, 0x29, 0x66, 0x29, 0xe8, 0x39, 0x6a, 0x4a, 0x6a, 0x4a,
    0x4a, 0x42, 0x29, 0x42, 0xc8, 0x31, 0x86, 0x29, 0x25, 0x21, 0xc3, 0x10, 0x41, 0x00, 0x00, 0x00,
    0x00, 0x00, 0x21, 0x00, 0xa3, 0x10, 0x25, 0x21, 0x46, 0x21, 0x25, 0x21, 0x25, 0x21, 0x25, 0x21,
    0x66, 0x29, 0xe8, 0x39, 0x29, 0x42, 0x6a, 0x4a, 0x4a, 0x42, 0xc8, 0x39, 0x46, 0x21, 0x46, 0x21,
    0x45, 0x21, 0x46, 0x21, 0x46, 0x29, 0x86, 0x29, 0x87, 0x31, 0xe8, 0x39, 0x4a, 0x4a, 0xab, 0x52,
    0x8b, 0x4a, 0x4a, 0x42, 0xe8, 0x39, 0xa7, 0x31, 0x45, 0x21, 0xc3, 0x10, 0x21, 0x00, 0x00, 0x00,
    0x00, 0x00, 0x42, 0x08, 0xe4, 0x18, 0x66, 0x29, 0x87, 0x29, 0x87, 0x29, 0x87, 0x29, 0x87, 0x29,
    0x46, 0x21, 0x25, 0x21, 0x46, 0x21, 0xa7, 0x31, 0xa7, 0x31, 0x66, 0x29, 0x25, 0x21, 0xe4, 0x18,
    0xc4, 0x10, 0xc3, 0x10, 0xc4, 0x10, 0x05, 0x19, 0x66, 0x29, 0xe8, 0x39, 0x4a, 0x42, 0x6a, 0x4a,
    0x49, 0x42, 0xe8, 0x39, 0x87, 0x29, 0x66, 0x29, 0x25, 0x21, 0xa3, 0x10, 0x21, 0x00, 0x00, 0x00,
    0x00, 0x00, 0x41, 0x00, 0x62, 0x08, 0xa3, 0x10, 0x83, 0x10, 0x83, 0x08, 0xc4, 0x10, 0x46, 0x21,
    0x66, 0x29, 0xe4, 0x18, 0x83, 0x08, 0xc4, 0x10, 0x05, 0x19, 0x25, 0x21, 0x05, 0x19, 0xe4, 0x18,
    0xa3, 0x10, 0x62, 0x08, 0x62, 0x08, 0x83, 0x10, 0xe4, 0x18, 0x87, 0x29, 0xe8, 0x39, 0xe8, 0x39,
    0x86, 0x29, 0x05, 0x19, 0xa3, 0x10, 0xa3, 0x10, 0xa3, 0x10, 0x82, 0x08, 0x21, 0x00, 0x00, 0x00,
    0x00, 0x00, 0x21, 0x00, 0x42, 0x00, 0x83, 0x08, 0xa3, 0x10, 0x83, 0x08, 0x82, 0x08, 0xc4, 0x18,
    0x46, 0x29, 0xe4, 0x18, 0x41, 0x00, 0x42, 0x00, 0x82, 0x08, 0xc4, 0x18, 0x05, 0x19, 0xe4, 0x18,
    0xc4, 0x10, 0xa3, 0x10, 0x83, 0x10, 0xa3, 0x10, 0xa3, 0x10, 0x05, 0x19, 0x66, 0x29, 0x87, 0x29,
    0x66, 0x29, 0xe4, 0x18, 0x62, 0x08, 0x42, 0x00, 0x42, 0x00, 0x42, 0x08, 0x21, 0x00, 0x00, 0x00,
    0x00, 0x00, 0x41, 0x00, 0x42, 0x08, 0xa3, 0x10, 0xe4, 0x18, 0xe4, 0x18, 0xc4, 0x10, 0xe4, 0x18,
    0x25, 0x21, 0x25, 0x21, 0x42, 0x08, 0x00, 0x00, 0x21, 0x00, 0x82, 0x08, 0xe4, 0x18, 0x25, 0x21,
    0x05, 0x21, 0x25, 0x21, 0x25, 0x21, 0x25, 0x21, 0xc4, 0x10, 0xa3, 0x10, 0xe4, 0x18, 0x25, 0x21,
    0x66, 0x29, 0x25, 0x21, 0x83, 0x08, 0x42, 0x00, 0x21, 0x00, 0x42, 0x00, 0x21, 0x00, 0x00, 0x00,
    0x00, 0x00, 0x42, 0x00, 0xa3, 0x10, 0xe4, 0x18, 0x45, 0x21, 0x46, 0x29, 0x46, 0x21, 0x66, 0x29,
    0x66, 0x29, 0x25, 0x21, 0x83, 0x08, 0x21, 0x00, 0x00, 0x00, 0x21, 0x00, 0x83, 0x08, 0x25, 0x21,
    0x66, 0x29, 0x87, 0x29, 0x66, 0x29, 0x66, 0x29, 0x45, 0x21, 0xa3, 0x10, 0xa3, 0x10, 0xe4, 0x18,
    0x45, 0x21, 0x86, 0x29, 0xe4, 0x18, 0x62, 0x08, 0x42, 0x00, 0x62, 0x08, 0x21, 0x00, 0x00, 0x00,
    0x00, 0x00, 0x21, 0x00, 0xc4, 0x10, 0xa7, 0x31, 0x29, 0x42, 0x29, 0x42, 0x29, 0x42, 0x6a, 0x4a,
    0xe8, 0x39, 0x25, 0x21, 0xa3, 0x10, 0x42, 0x08, 0x21, 0x00, 0x21, 0x00, 0x42, 0x00, 0xc4, 0x18,
    0xa7, 0x31, 0xe8, 0x39, 0x46, 0x21, 0x25, 0x21, 0x66, 0x29, 0x05, 0x19, 0x62, 0x08, 0xa3, 0x10,
    0x05, 0x19, 0xa7, 0x31, 0xc8, 0x31, 0x25, 0x21, 0xa3, 0x10, 0x82, 0x08, 0x21, 0x00, 0x00, 0x00,
    0x00, 0x00, 0x21, 0x00, 0x62, 0x08, 0x04, 0x19, 0x87, 0x29, 0x86, 0x29, 0x87, 0x29, 0xc8, 0x31,
    0xa7, 0x31, 0xa3, 0x10, 0x62, 0x08, 0x62, 0x08, 0x62, 0x08, 0x62, 0x08, 0x42, 0x00, 0x83, 0x10,
    0x87, 0x31, 0x4a, 0x4a, 0x46, 0x21, 0xe4, 0x18, 0x46, 0x21, 0x66, 0x29, 0x62, 0x08, 0x62, 0x08,
    0x62, 0x08, 0xe4, 0x18, 0x87, 0x31, 0x87, 0x29, 0xa3, 0x10, 0x42, 0x08, 0x21, 0x00, 0x00, 0x00,
    0x00, 0x00, 0x21, 0x00, 0x21, 0x00, 0x42, 0x00, 0xc3, 0x10, 0x62, 0x08, 0x83, 0x08, 0xe4, 0x18,
    0x45, 0x21, 0x62, 0x08, 0x21, 0x00, 0x62, 0x08, 0x83, 0x10, 0xc4, 0x18, 0x04, 0x19, 0x25, 0x21,
    0xc8, 0x31, 0x2d, 0x63, 0x29, 0x42, 0x66, 0x29, 0x46, 0x21, 0xc7, 0x31, 0xa3, 0x10, 0x21, 0x00,
    0x21, 0x00, 0x42, 0x00, 0xc4, 0x18, 0x66, 0x29, 0xc4, 0x18, 0x41, 0x00, 0x21, 0x00, 0x00, 0x00,
    0x00, 0x00, 0x21, 0x00, 0x01, 0x00, 0x21, 0x00, 0xa3, 0x10, 0x62, 0x08, 0x42, 0x00, 0xa3, 0x10,
    0x45, 0x21, 0xa3, 0x10, 0x00, 0x00, 0x21, 0x00, 0x83, 0x08, 0x05, 0x19, 0x25, 0x21, 0xe4, 0x18,
    0xe4, 0x18, 0x6a, 0x4a, 0x09, 0x3a, 0x66, 0x29, 0x46, 0x29, 0xe8, 0x39, 0x25, 0x21, 0x21, 0x00,
    0x00, 0x00, 0x21, 0x00, 0x62, 0x08, 0x25, 0x21, 0x25, 0x21, 0x62, 0x08, 0x21, 0x00, 0x00, 0x00,
    0x00, 0x00, 0x21, 0x00, 0x21, 0x00, 0x00, 0x00, 0xa3, 0x10, 0x82, 0x08, 0x42, 0x00, 0x83, 0x08,
    0x25, 0x21, 0x05, 0x19, 0x21, 0x00, 0x00, 0x00, 0x62, 0x08, 0x05, 0x19, 0x05, 0x19, 0xa3, 0x10,
    0x62, 0x08, 0xa7, 0x31, 0xc8, 0x39, 0x46, 0x29, 0x25, 0x21, 0xc8, 0x31, 0xa7, 0x31, 0x42, 0x08,
    0x00, 0x00, 0x21, 0x00, 0x42, 0x00, 0xe4, 0x18, 0x25, 0x21, 0xa3, 0x10, 0x21, 0x00, 0x00, 0x00,
    0x00, 0x00, 0x42, 0x00, 0x21, 0x00, 0x21, 0x00, 0x82, 0x08, 0xa3, 0x10, 0x42, 0x00, 0x82, 0x08,
    0x04, 0x19, 0x46, 0x21, 0x42, 0x08, 0x41, 0x00, 0x42, 0x00, 0xc4, 0x18, 0x05, 0x21, 0xa3, 0x10,
    0x62, 0x08, 0x45, 0x21, 0xe8, 0x39, 0x66, 0x29, 0x46, 0x29, 0xc8, 0x31, 0x49, 0x42, 0xa3, 0x10,
    0x21, 0x00, 0x21, 0x00, 0x42, 0x08, 0xc3, 0x10, 0xe4, 0x18, 0xa3, 0x10, 0x41, 0x00, 0x00, 0x00,
    0x00, 0x00, 0x42, 0x00, 0x62, 0x08, 0x21, 0x00, 0x62, 0x08, 0xc3, 0x10, 0x82, 0x08, 0x83, 0x08,
    0xe4, 0x18, 0x46, 0x29, 0x83, 0x08, 0x62, 0x08, 0x42, 0x08, 0xa3, 0x10, 0x25, 0x21, 0x05, 0x19,
    0xa3, 0x10, 0x04, 0x19, 0x09, 0x3a, 0xa7, 0x31, 0xa7, 0x31, 0x29, 0x42, 0xab, 0x52, 0x66, 0x29,
    0x83, 0x10, 0x62, 0x08, 0x83, 0x08, 0xc4, 0x10, 0xe4, 0x18, 0xa3, 0x10, 0x41, 0x00, 0x00, 0x00,
    0x00, 0x00, 0x42, 0x00, 0x82, 0x08, 0x62, 0x08, 0x42, 0x08, 0xc3, 0x10, 0xc3, 0x10, 0xc3, 0x10,
    0x04, 0x19, 0x46, 0x21, 0xa3, 0x10, 0x62, 0x08, 0x62, 0x08, 0xa3, 0x10, 0x25, 0x21, 0x66, 0x29,
    0x46, 0x21, 0x46, 0x21, 0x49, 0x42, 0x6a, 0x4a, 0x29, 0x42, 0x8b, 0x52, 0xec, 0x5a, 0xe8, 0x39,
    0x25, 0x21, 0xe4, 0x18, 0xe4, 0x18, 0x05, 0x19, 0xe4, 0x18, 0xa3, 0x10, 0x21, 0x00, 0x00, 0x00,
    0x00, 0x00, 0x41, 0x00, 0x62, 0x08, 0x83, 0x10, 0x62, 0x08, 0xa3, 0x10, 0xe4, 0x18, 0x05, 0x19,
    0x25, 0x21, 0x25, 0x21, 0xa3, 0x10, 0x82, 0x08, 0x83, 0x10, 0xa3, 0x10, 0xe4, 0x18, 0x46, 0x21,
    0x66, 0x29, 0xa7, 0x31, 0x6a, 0x4a, 0x0d, 0x63, 0xec, 0x5a, 0xec, 0x5a, 0xcc, 0x52, 0x09, 0x3a,
    0x66, 0x29, 0x45, 0x21, 0x25, 0x21, 0x46, 0x21, 0x05, 0x21, 0xa3, 0x10, 0x21, 0x00, 0x00, 0x00,
    0x00, 0x00, 0x21, 0x00, 0x42, 0x00, 0xa3, 0x10, 0xc4, 0x10, 0x05, 0x21, 0x66, 0x29, 0xc8, 0x31,
    0xe8, 0x39, 0xc8, 0x31, 0x66, 0x29, 0x25, 0x21, 0x04, 0x19, 0xe4, 0x18, 0xc4, 0x10, 0xe4, 0x18,
    0xc4, 0x18, 0xe4, 0x18, 0x46, 0x21, 0x09, 0x3a, 0x4a, 0x42, 0x4a, 0x4a, 0x29, 0x42, 0xa7, 0x31,
    0x46, 0x21, 0x25, 0x21, 0x25, 0x21, 0x66, 0x29, 0x25, 0x21, 0xc3, 0x10, 0x41, 0x00, 0x00, 0x00,
    0x00, 0x00, 0x00, 0x00, 0x01, 0x00, 0x62, 0x08, 0xe4, 0x18, 0x87, 0x29, 0xe8, 0x39, 0x08, 0x3a,
    0xe8, 0x39, 0xc7, 0x31, 0xa7, 0x31, 0xa7, 0x31, 0xa7, 0x31, 0x46, 0x21, 0xe4, 0x18, 0xa3, 0x10,
    0x62, 0x08, 0x82, 0x08, 0xa3, 0x10, 0x25, 0x21, 0x66, 0x29, 0xa7, 0x31, 0x87, 0x29, 0x66, 0x29,
    0x05, 0x21, 0xe4, 0x18, 0x05, 0x19, 0x25, 0x21, 0x05, 0x19, 0xa3, 0x10, 0x21, 0x00, 0x00, 0x00,
    0x00, 0x00, 0x00, 0x00, 0x00, 0x00, 0x42, 0x00, 0xc4, 0x18, 0xa7, 0x31, 0x86, 0x29, 0xe4, 0x18,
    0x83, 0x08, 0x62, 0x08, 0x62, 0x08, 0xc4, 0x10, 0x46, 0x21, 0xa7, 0x31, 0x25, 0x21, 0xa3, 0x10,
    0x62, 0x08, 0x42, 0x08, 0x42, 0x08, 0x83, 0x08, 0xa3, 0x10, 0xc4, 0x10, 0x04, 0x19, 0x25, 0x21,
    0x05, 0x19, 0xc4, 0x10, 0xe4, 0x18, 0x05, 0x19, 0xa3, 0x10, 0x42, 0x00, 0x01, 0x00, 0x00, 0x00,
    0x00, 0x00, 0x00, 0x00, 0x01, 0x00, 0x42, 0x00, 0x83, 0x08, 0x86, 0x29, 0x66, 0x29, 0x83, 0x10,
    0x21, 0x00, 0x00, 0x00, 0x01, 0x00, 0x42, 0x00, 0xa3, 0x10, 0x87, 0x29, 0xe8, 0x39, 0x25, 0x21,
    0xa3, 0x10, 0x62, 0x08, 0x21, 0x00, 0x21, 0x00, 0x21, 0x00, 0x42, 0x00, 0x82, 0x08, 0xe4, 0x18,
    0x05, 0x19, 0xe4, 0x18, 0xe4, 0x18, 0x25, 0x21, 0xa3, 0x10, 0x41, 0x00, 0x00, 0x00, 0x00, 0x00,
    0x00, 0x00, 0x00, 0x00, 0x21, 0x00, 0x62, 0x08, 0x62, 0x08, 0x25, 0x21, 0x87, 0x31, 0xc4, 0x18,
    0x41, 0x00, 0x00, 0x00, 0x00, 0x00, 0x21, 0x00, 0x83, 0x08, 0x66, 0x29, 0x6a, 0x4a, 0x29, 0x42,
    0x46, 0x21, 0xa3, 0x10, 0x21, 0x00, 0x00, 0x00, 0x00, 0x00, 0x00, 0x00, 0x21, 0x00, 0x83, 0x10,
    0xe4, 0x18, 0x05, 0x19, 0x25, 0x21, 0x87, 0x29, 0x25, 0x21, 0x62, 0x08, 0x01, 0x00, 0x00, 0x00,
    0x00, 0x00, 0x00, 0x00, 0x21, 0x00, 0x62, 0x08, 0x83, 0x08, 0xc4, 0x10, 0x86, 0x29, 0x87, 0x29,
    0xc4, 0x10, 0x62, 0x08, 0x21, 0x00, 0x42, 0x08, 0xa3, 0x10, 0xa7, 0x31, 0xab, 0x52, 0x8b, 0x52,
    0xe8, 0x39, 0x25, 0x21, 0x62, 0x08, 0x00, 0x00, 0x00, 0x00, 0x00, 0x00, 0x00, 0x00, 0x42, 0x00,
    0xa3, 0x10, 0x25, 0x21, 0x66, 0x29, 0xc8, 0x31, 0x66, 0x29, 0xa3, 0x10, 0x21, 0x00, 0x00, 0x00,
    0x00, 0x00, 0x00, 0x00, 0x21, 0x00, 0x62, 0x08, 0xa3, 0x10, 0xa3, 0x10, 0x04, 0x19, 0x87, 0x29,
    0x87, 0x29, 0x66, 0x29, 0x25, 0x21, 0x45, 0x21, 0x66, 0x29, 0x29, 0x42, 0x8a, 0x4a, 0x29, 0x42,
    0xe8, 0x39, 0xa7, 0x31, 0xa3, 0x10, 0x00, 0x00, 0x00, 0x00, 0x00, 0x00, 0x00, 0x00, 0x00, 0x00,
    0x42, 0x00, 0xc4, 0x18, 0xc7, 0x31, 0xe8, 0x39, 0x45, 0x21, 0xc3, 0x10, 0x41, 0x00, 0x00, 0x00,
    0x00, 0x00, 0x21, 0x00, 0x21, 0x00, 0x83, 0x08, 0xc4, 0x18, 0xe4, 0x18, 0xa3, 0x10, 0xc4, 0x10,
    0xc4, 0x10, 0xc4, 0x10, 0xc4, 0x10, 0xe4, 0x18, 0xe4, 0x18, 0x87, 0x31, 0xe8, 0x39, 0x66, 0x29,
    0x86, 0x29, 0xe8, 0x39, 0x66, 0x29, 0x62, 0x08, 0x21, 0x00, 0x21, 0x00, 0x21, 0x00, 0x21, 0x00,
    0x41, 0x00, 0x83, 0x08, 0xc7, 0x31, 0x49, 0x42, 0x05, 0x19, 0x62, 0x08, 0x21, 0x00, 0x00, 0x00,
    0x00, 0x00, 0x62, 0x08, 0xe4, 0x18, 0x86, 0x29, 0xa7, 0x31, 0x66, 0x29, 0xa3, 0x10, 0x62, 0x08,
    0x21, 0x00, 0x00, 0x00, 0x00, 0x00, 0x00, 0x00, 0x00, 0x00, 0xc3, 0x10, 0x66, 0x29, 0xe4, 0x18,
    0xe4, 0x18, 0xa7, 0x31, 0x29, 0x42, 0x25, 0x21, 0xe4, 0x18, 0xe4, 0x18, 0xc4, 0x18, 0xe4, 0x18,
    0xc4, 0x10, 0xc4, 0x10, 0x87, 0x29, 0x8a, 0x4a, 0x25, 0x21, 0x42, 0x00, 0x01, 0x00, 0x00, 0x00,
    0x00, 0x00, 0x21, 0x00, 0x82, 0x08, 0x25, 0x21, 0xe8, 0x39, 0x09, 0x3a, 0x04, 0x19, 0x62, 0x08,
    0x21, 0x00, 0x00, 0x00, 0x00, 0x00, 0x00, 0x00, 0x00, 0x00, 0x62, 0x08, 0x66, 0x29, 0xc4, 0x10,
    0x82, 0x08, 0x25, 0x21, 0x8b, 0x4a, 0xc8, 0x31, 0xe4, 0x18, 0x83, 0x08, 0x62, 0x08, 0x62, 0x08,
    0x82, 0x08, 0xa3, 0x10, 0x46, 0x21, 0x8b, 0x4a, 0x66, 0x29, 0x62, 0x08, 0x01, 0x00, 0x00, 0x00,
    0x00, 0x00, 0x00, 0x00, 0x21, 0x00, 0x62, 0x08, 0xe4, 0x18, 0x09, 0x3a, 0x87, 0x31, 0x82, 0x08,
    0x21, 0x00, 0x21, 0x00, 0x00, 0x00, 0x00, 0x00, 0x00, 0x00, 0x41, 0x00, 0x46, 0x21, 0xe4, 0x18,
    0x62, 0x08, 0xa3, 0x10, 0x49, 0x42, 0x29, 0x42, 0xc4, 0x18, 0x42, 0x00, 0x01, 0x00, 0x00, 0x00,
    0x21, 0x00, 0x42, 0x00, 0xc4, 0x10, 0x6a, 0x4a, 0xa7, 0x31, 0x83, 0x10, 0x21, 0x00, 0x00, 0x00,
    0x00, 0x00, 0x00, 0x00, 0x21, 0x00, 0x41, 0x00, 0x82, 0x08, 0x87, 0x29, 0x08, 0x3a, 0xc4, 0x10,
    0x21, 0x00, 0x21, 0x00, 0x01, 0x00, 0x00, 0x00, 0x00, 0x00, 0x21, 0x00, 0x05, 0x19, 0x25, 0x21,
    0x83, 0x08, 0x83, 0x10, 0xc8, 0x31, 0x8a, 0x4a, 0x05, 0x19, 0x62, 0x08, 0x21, 0x00, 0x21, 0x00,
    0x21, 0x00, 0x21, 0x00, 0x82, 0x08, 0x09, 0x3a, 0xc8, 0x39, 0xa3, 0x10, 0x21, 0x00, 0x00, 0x00,
    0x00, 0x00, 0x21, 0x00, 0x62, 0x08, 0xa3, 0x10, 0xa3, 0x10, 0xa3, 0x10, 0xc4, 0x10, 0x86, 0x29,
    0xab, 0x52, 0x8a, 0x4a, 0xc8, 0x31, 0xa7, 0x31, 0x46, 0x21, 0x42, 0x00, 0x41, 0x00, 0x42, 0x08,
    0x83, 0x08, 0xe4, 0x18, 0x25, 0x21, 0xe4, 0x18, 0x25, 0x21, 0xe8, 0x39, 0x6a, 0x4a, 0x09, 0x3a,
    0x09, 0x3a, 0xa7, 0x31, 0x25, 0x21, 0x45, 0x21, 0x66, 0x29, 0x05, 0x19, 0x42, 0x00, 0x00, 0x00,
    0x00, 0x00, 0x21, 0x00, 0x62, 0x08, 0xa3, 0x10, 0xc4, 0x18, 0xc3, 0x10, 0xe4, 0x18, 0x66, 0x29,
    0x29, 0x42, 0xcc, 0x52, 0x6a, 0x4a, 0x09, 0x3a, 0x87, 0x31, 0x83, 0x10, 0x62, 0x08, 0x83, 0x08,
    0xc4, 0x10, 0x05, 0x19, 0x45, 0x21, 0x25, 0x21, 0x25, 0x21, 0x66, 0x29, 0x29, 0x42, 0x4a, 0x4a,
    0x6a, 0x4a, 0x09, 0x3a, 0x66, 0x29, 0x66, 0x29, 0x66, 0x29, 0xe4, 0x18, 0x42, 0x00, 0x00, 0x00,
    0x00, 0x00, 0x21, 0x00, 0x62, 0x08, 0xa3, 0x10, 0xe4, 0x18, 0x05, 0x19, 0x25, 0x21, 0x66, 0x29,
    0xc8, 0x31, 0x6a, 0x4a, 0xcc, 0x52, 0xab, 0x52, 0x49, 0x42, 0x86, 0x29, 0x46, 0x21, 0x46, 0x21,
    0x87, 0x29, 0x87, 0x29, 0x87, 0x29, 0x66, 0x29, 0x66, 0x29, 0x66, 0x29, 0xc8, 0x31, 0x09, 0x42,
    0x29, 0x42, 0xc8, 0x39, 0x66, 0x29, 0x66, 0x29, 0x46, 0x29, 0xe4, 0x18, 0x42, 0x00, 0x00, 0x00,
    0x00, 0x00, 0x42, 0x08, 0xe4, 0x18, 0x66, 0x29, 0xc7, 0x31, 0xa7, 0x31, 0x87, 0x29, 0x66, 0x29,
    0x87, 0x29, 0xa7, 0x31, 0xe8, 0x39, 0x09, 0x3a, 0xe8, 0x39, 0xa7, 0x31, 0x87, 0x29, 0x87, 0x31,
    0xa7, 0x31, 0xc8, 0x31, 0xc8, 0x31, 0xa7, 0x31, 0xc8, 0x31, 0xa7, 0x31, 0xc8, 0x31, 0xe8, 0x39,
    0xe8, 0x39, 0xa7, 0x31, 0x46, 0x29, 0x25, 0x21, 0x25, 0x21, 0xa3, 0x10, 0x41, 0x00, 0x00, 0x00,
    0x00, 0x00, 0x41, 0x00, 0x62, 0x08, 0x82, 0x08, 0x83, 0x10, 0xa3, 0x10, 0xc4, 0x10, 0x05, 0x19,
    0x66, 0x29, 0x45, 0x21, 0x04, 0x19, 0xc4, 0x18, 0xe4, 0x18, 0x04, 0x19, 0x05, 0x19, 0x05, 0x21,
    0x25, 0x21, 0x45, 0x21, 0x66, 0x29, 0xa7, 0x31, 0x08, 0x3a, 0xe8, 0x39, 0x87, 0x29, 0x25, 0x21,
    0xe4, 0x18, 0xa3, 0x10, 0x82, 0x08, 0x62, 0x08, 0xa3, 0x10, 0x82, 0x08, 0x21, 0x00, 0x00, 0x00,
    0x00, 0x00, 0x21, 0x00, 0x21, 0x00, 0x21, 0x00, 0x41, 0x00, 0x21, 0x00, 0x21, 0x00, 0x42, 0x08,
    0x04, 0x19, 0x25, 0x21, 0xa3, 0x10, 0x42, 0x00, 0x83, 0x08, 0xc4, 0x10, 0x04, 0x19, 0x04, 0x19,
    0xe4, 0x18, 0xc4, 0x18, 0xc4, 0x10, 0x05, 0x21, 0xa7, 0x31, 0xc8, 0x39, 0x86, 0x29, 0x05, 0x19,
    0xa3, 0x10, 0x42, 0x08, 0x21, 0x00, 0x00, 0x00, 0x21, 0x00, 0x41, 0x00, 0x21, 0x00, 0x00, 0x00,
    0x00, 0x00, 0x00, 0x00, 0x21, 0x00, 0x42, 0x00, 0x42, 0x00, 0x21, 0x00, 0x00, 0x00, 0x00, 0x00,
    0x83, 0x08, 0x25, 0x21, 0xc4, 0x10, 0x21, 0x00, 0x42, 0x00, 0x83, 0x08, 0xe4, 0x18, 0xe4, 0x18,
    0xe4, 0x18, 0xa3, 0x10, 0x82, 0x08, 0x83, 0x08, 0x05, 0x21, 0x86, 0x29, 0x66, 0x29, 0x46, 0x21,
    0xe4, 0x18, 0x62, 0x08, 0x21, 0x00, 0x00, 0x00, 0x00, 0x00, 0x00, 0x00, 0x21, 0x00, 0x00, 0x00,
    0x00, 0x00, 0x21, 0x00, 0x21, 0x00, 0x42, 0x00, 0x83, 0x08, 0x62, 0x08, 0x42, 0x00, 0x21, 0x00,
    0x42, 0x08, 0xe4, 0x18, 0x05, 0x19, 0x42, 0x00, 0x21, 0x00, 0x42, 0x00, 0xa3, 0x10, 0xe4, 0x18,
    0x04, 0x19, 0xc4, 0x18, 0xa3, 0x10, 0x83, 0x08, 0xa3, 0x10, 0x05, 0x21, 0x05, 0x21, 0x25, 0x21,
    0x46, 0x21, 0xa3, 0x10, 0x21, 0x00, 0x00, 0x00, 0x00, 0x00, 0x00, 0x00, 0x00, 0x00, 0x00, 0x00,
    0x00, 0x00, 0x41, 0x00, 0x21, 0x00, 0x42, 0x00, 0xc3, 0x10, 0xc4, 0x10, 0xa3, 0x10, 0x62, 0x08,
    0x62, 0x08, 0xe4, 0x18, 0x25, 0x21, 0xa3, 0x10, 0x62, 0x08, 0x42, 0x00, 0x62, 0x08, 0xc3, 0x10,
    0x25, 0x21, 0x46, 0x21, 0x45, 0x21, 0x05, 0x19, 0xe4, 0x18, 0xc4, 0x18, 0xe4, 0x18, 0xe4, 0x18,
    0x66, 0x29, 0x25, 0x21, 0x82, 0x08, 0x01, 0x00, 0x00, 0x00, 0x00, 0x00, 0x21, 0x00, 0x00, 0x00,
    0x00, 0x00, 0x42, 0x08, 0xa3, 0x10, 0xc3, 0x10, 0x45, 0x21, 0x66, 0x29, 0x46, 0x29, 0x25, 0x21,
    0xe4, 0x18, 0x05, 0x21, 0x25, 0x21, 0x04, 0x19, 0xe4, 0x18, 0xa3, 0x10, 0x62, 0x08, 0x62, 0x08,
    0x25, 0x21, 0xc8, 0x31, 0xc8, 0x31, 0x87, 0x31, 0x66, 0x29, 0xe4, 0x18, 0xc4, 0x10, 0xc4, 0x18,
    0x46, 0x21, 0xa7, 0x31, 0x25, 0x21, 0x62, 0x08, 0x42, 0x00, 0x41, 0x00, 0x21, 0x00, 0x00, 0x00,
    0x00, 0x00, 0x62, 0x08, 0xe4, 0x18, 0x66, 0x29, 0x29, 0x42, 0x8b, 0x4a, 0x6a, 0x4a, 0x4a, 0x42,
    0xa7, 0x31, 0x46, 0x21, 0x25, 0x21, 0x05, 0x19, 0x46, 0x21, 0x66, 0x29, 0x25, 0x21, 0xe4, 0x18,
    0x46, 0x29, 0x8b, 0x4a, 0xab, 0x52, 0x29, 0x42, 0x09, 0x3a, 0x45, 0x21, 0xa3, 0x10, 0xa3, 0x10,
    0x25, 0x21, 0xc7, 0x31, 0x09, 0x3a, 0x46, 0x29, 0xc3, 0x10, 0x62, 0x08, 0x21, 0x00, 0x00, 0x00,
    0x00, 0x00, 0x62, 0x08, 0xa3, 0x10, 0xa3, 0x10, 0x05, 0x21, 0x46, 0x21, 0x46, 0x21, 0x66, 0x29,
    0x25, 0x21, 0xa3, 0x10, 0xc4, 0x10, 0xe4, 0x18, 0x66, 0x29, 0x87, 0x31, 0x86, 0x29, 0x25, 0x21,
    0x05, 0x19, 0x4a, 0x42, 0xec, 0x5a, 0x4a, 0x42, 0x4a, 0x42, 0xc8, 0x31, 0xc3, 0x10, 0x83, 0x08,
    0xa3, 0x10, 0xe4, 0x18, 0x87, 0x29, 0x66, 0x29, 0xa3, 0x10, 0x21, 0x00, 0x21, 0x00, 0x00, 0x00,
    0x00, 0x00, 0x62, 0x08, 0x83, 0x10, 0x42, 0x00, 0x83, 0x08, 0xe4, 0x18, 0xc4, 0x18, 0x05, 0x19,
    0x25, 0x21, 0x21, 0x00, 0x41, 0x00, 0xa3, 0x10, 0x46, 0x21, 0x66, 0x29, 0x05, 0x21, 0xa3, 0x10,
    0x62, 0x08, 0x25, 0x21, 0x4a, 0x42, 0xe8, 0x39, 0xe8, 0x39, 0x09, 0x3a, 0xe4, 0x18, 0x83, 0x08,
    0x62, 0x08, 0x83, 0x08, 0x05, 0x19, 0x86, 0x29, 0x05, 0x19, 0x42, 0x00, 0x00, 0x00, 0x00, 0x00,
    0x00, 0x00, 0x62, 0x08, 0xa3, 0x10, 0x42, 0x00, 0x62, 0x08, 0xc4, 0x18, 0xc3, 0x10, 0xe4, 0x18,
    0x46, 0x21, 0x62, 0x08, 0x00, 0x00, 0x42, 0x00, 0x05, 0x21, 0x45, 0x21, 0xe4, 0x18, 0xa3, 0x10,
    0x82, 0x08, 0xc4, 0x10, 0x08, 0x3a, 0xe8, 0x39, 0xe8, 0x39, 0x29, 0x42, 0x46, 0x21, 0xc4, 0x10,
    0x82, 0x08, 0x82, 0x08, 0xc4, 0x18, 0x66, 0x29, 0x46, 0x21, 0x82, 0x08, 0x21, 0x00, 0x00, 0x00,
    0x00, 0x00, 0x62, 0x08, 0xe4, 0x18, 0x62, 0x08, 0x62, 0x08, 0xc4, 0x18, 0xc4, 0x10, 0xe4, 0x18,
    0x46, 0x21, 0xa3, 0x10, 0x21, 0x00, 0x21, 0x00, 0xc4, 0x10, 0x45, 0x21, 0xc4, 0x10, 0x83, 0x10,
    0x83, 0x08, 0x83, 0x08, 0xa7, 0x31, 0xc8, 0x39, 0x09, 0x3a, 0x6a, 0x4a, 0xc7, 0x31, 0x25, 0x21,
    0xc4, 0x18, 0xa3, 0x10, 0xc4, 0x18, 0x25, 0x21, 0x46, 0x29, 0xa3, 0x10, 0x21, 0x00, 0x00, 0x00,
    0x00, 0x00, 0x42, 0x00, 0x05, 0x19, 0xc4, 0x10, 0x62, 0x08, 0xc3, 0x10, 0xe4, 0x18, 0xe4, 0x18,
    0x46, 0x21, 0xc4, 0x10, 0x41, 0x00, 0x21, 0x00, 0xa3, 0x10, 0x25, 0x21, 0xe4, 0x18, 0x83, 0x08,
    0x83, 0x08, 0x62, 0x08, 0x46, 0x29, 0xe8, 0x39, 0x09, 0x3a, 0x6a, 0x4a, 0x09, 0x42, 0xa7, 0x31,
    0x66, 0x29, 0x05, 0x19, 0x05, 0x19, 0x25, 0x21, 0x46, 0x21, 0xc3, 0x10, 0x21, 0x00, 0x00, 0x00,
    0x00, 0x00, 0x42, 0x00, 0x04, 0x19, 0x25, 0x21, 0xc3, 0x10, 0xa3, 0x10, 0xe4, 0x18, 0x05, 0x19,
    0x25, 0x21, 0xc4, 0x18, 0x42, 0x08, 0x42, 0x08, 0xc3, 0x10, 0x25, 0x21, 0x46, 0x21, 0xe4, 0x18,
    0xc3, 0x10, 0x83, 0x10, 0x04, 0x19, 0xc8, 0x31, 0x29, 0x42, 0x4a, 0x4a, 0x29, 0x42, 0xa7, 0x31,
    0xc7, 0x31, 0x66, 0x29, 0x46, 0x21, 0x45, 0x21, 0x25, 0x21, 0xa3, 0x10, 0x21, 0x00, 0x00, 0x00,
    0x00, 0x00, 0x42, 0x08, 0xe4, 0x18, 0x66, 0x29, 0x66, 0x29, 0x05, 0x21, 0x25, 0x21, 0x25, 0x21,
    0x46, 0x21, 0x04, 0x19, 0xa3, 0x10, 0xc4, 0x10, 0x05, 0x21, 0x46, 0x21, 0x66, 0x29, 0x66, 0x29,
    0x86, 0x29, 0x46, 0x29, 0x66, 0x29, 0x08, 0x3a, 0x8a, 0x4a, 0x8a, 0x4a, 0x09, 0x42, 0x87, 0x31,
    0xa7, 0x31, 0x86, 0x29, 0x66, 0x29, 0x45, 0x21, 0x25, 0x21, 0xa3, 0x10, 0x21, 0x00, 0x00, 0x00,
    0x00, 0x00, 0x42, 0x00, 0xc4, 0x10, 0x46, 0x29, 0xa7, 0x31, 0xa7, 0x31, 0xc8, 0x31, 0xe8, 0x39,
    0x09, 0x3a, 0xc8, 0x31, 0x87, 0x29, 0x66, 0x29, 0x87, 0x29, 0x86, 0x29, 0x66, 0x29, 0x66, 0x29,
    0x66, 0x29, 0x66, 0x29, 0x66, 0x29, 0xa7, 0x31, 0x09, 0x3a, 0xe8, 0x39, 0xa7, 0x31, 0x46, 0x21,
    0x45, 0x21, 0x25, 0x21, 0x25, 0x21, 0x25, 0x21, 0x05, 0x21, 0xa3, 0x10, 0x41, 0x00, 0x00, 0x00,
    0x00, 0x00, 0x00, 0x00, 0x62, 0x08, 0x25, 0x21, 0xc7, 0x31, 0x87, 0x29, 0x05, 0x19, 0xa3, 0x10,
    0xa3, 0x10, 0x82, 0x08, 0x83, 0x08, 0xa3, 0x10, 0x25, 0x21, 0x87, 0x29, 0x87, 0x29, 0x25, 0x21,
    0xe4, 0x18, 0xc4, 0x10, 0xc3, 0x10, 0xc4, 0x10, 0x05, 0x19, 0x05, 0x21, 0xe4, 0x18, 0xc4, 0x10,
    0xe4, 0x18, 0xe4, 0x18, 0xe4, 0x18, 0xa3, 0x10, 0x82, 0x08, 0x42, 0x00, 0x21, 0x00, 0x00, 0x00,
    0x00, 0x00, 0x00, 0x00, 0x21, 0x00, 0xa3, 0x10, 0xa7, 0x31, 0x46, 0x29, 0x82, 0x08, 0x01, 0x00,
    0x00, 0x00, 0x00, 0x00, 0x00, 0x00, 0x01, 0x00, 0x62, 0x08, 0x04, 0x19, 0x87, 0x29, 0x25, 0x21,
    0xa3, 0x10, 0x62, 0x08, 0x62, 0x08, 0x82, 0x08, 0xa3, 0x10, 0xc4, 0x18, 0xe4, 0x18, 0xa3, 0x10,
    0xa3, 0x10, 0xc3, 0x10, 0xc3, 0x10, 0x62, 0x08, 0x21, 0x00, 0x00, 0x00, 0x00, 0x00, 0x00, 0x00,
    0x00, 0x00, 0x00, 0x00, 0x00, 0x00, 0x42, 0x00, 0x66, 0x29, 0x86, 0x29, 0x62, 0x08, 0x00, 0x00,
    0x00, 0x00, 0x00, 0x00, 0x00, 0x00, 0x00, 0x00, 0x21, 0x00, 0x82, 0x08, 0x46, 0x21, 0x66, 0x29,
    0xc3, 0x10, 0x42, 0x08, 0x41, 0x00, 0x21, 0x00, 0x62, 0x08, 0x83, 0x08, 0xc4, 0x10, 0xc4, 0x18,
    0xa3, 0x10, 0xa3, 0x10, 0xc4, 0x10, 0x62, 0x08, 0x21, 0x00, 0x00, 0x00, 0x00, 0x00, 0x00, 0x00,
    0x00, 0x00, 0x00, 0x00, 0x21, 0x00, 0x41, 0x00, 0x05, 0x19, 0xa7, 0x31, 0xc4, 0x10, 0x01, 0x00,
    0x00, 0x00, 0x00, 0x00, 0x00, 0x00, 0x01, 0x00, 0x41, 0x00, 0x62, 0x08, 0x25, 0x21, 0xe8, 0x39,
    0x45, 0x21, 0x62, 0x08, 0x21, 0x00, 0x01, 0x00, 0x21, 0x00, 0x41, 0x00, 0x62, 0x08, 0xc4, 0x10,
    0xe4, 0x18, 0xc3, 0x10, 0xe4, 0x18, 0xc4, 0x10, 0x62, 0x08, 0x21, 0x00, 0x00, 0x00, 0x00, 0x00,
    0x00, 0x00, 0x00, 0x00, 0x21, 0x00, 0x42, 0x08, 0xe4, 0x18, 0xa7, 0x31, 0x66, 0x29, 0x82, 0x08,
    0x21, 0x00, 0x00, 0x00, 0x00, 0x00, 0x21, 0x00, 0x42, 0x08, 0xa3, 0x10, 0x86, 0x29, 0x4a, 0x4a,
    0x29, 0x42, 0xe4, 0x18, 0x21, 0x00, 0x00, 0x00, 0x00, 0x00, 0x00, 0x00, 0x21, 0x00, 0x62, 0x08,
    0xe4, 0x18, 0x05, 0x19, 0x05, 0x21, 0x46, 0x21, 0x05, 0x19, 0x62, 0x08, 0x00, 0x00, 0x00, 0x00,
    0x00, 0x00, 0x00, 0x00, 0x42, 0x00, 0xa3, 0x10, 0x25, 0x21, 0x87, 0x29, 0xa7, 0x31, 0x46, 0x21,
    0xe4, 0x18, 0x83, 0x10, 0x62, 0x08, 0x62, 0x08, 0xc4, 0x10, 0x46, 0x21, 0x29, 0x42, 0xab, 0x52,
    0xcb, 0x52, 0xe8, 0x39, 0xa3, 0x10, 0x21, 0x00, 0x00, 0x00, 0x00, 0x00, 0x21, 0x00, 0x41, 0x00,
    0xc3, 0x10, 0x46, 0x21, 0x86, 0x29, 0xc8, 0x31, 0x87, 0x29, 0xc3, 0x10, 0x21, 0x00, 0x00, 0x00,
    0x00, 0x00, 0x42, 0x00, 0xc4, 0x18, 0x66, 0x29, 0xe8, 0x39, 0xa7, 0x31, 0x87, 0x31, 0x87, 0x29,
    0xa7, 0x31, 0x87, 0x29, 0x86, 0x29, 0x66, 0x29, 0xa7, 0x31, 0x09, 0x3a, 0xcc, 0x52, 0xab, 0x52,
    0xab, 0x52, 0xab, 0x52, 0x86, 0x29, 0xc4, 0x18, 0xc4, 0x10, 0xa3, 0x10, 0xa3, 0x10, 0xa3, 0x10,
    0xe4, 0x18, 0x66, 0x29, 0xe8, 0x39, 0x49, 0x42, 0xa7, 0x31, 0xe4, 0x18, 0x42, 0x00, 0x00, 0x00,
    0x00, 0x00, 0x42, 0x08, 0xe4, 0x18, 0x86, 0x29, 0x29, 0x42, 0x08, 0x3a, 0xa7, 0x31, 0x25, 0x21,
    0xe4, 0x18, 0x83, 0x10, 0x62, 0x08, 0x42, 0x08, 0x83, 0x10, 0x05, 0x19, 0x29, 0x42, 0x49, 0x42,
    0x49, 0x42, 0xcb, 0x52, 0x29, 0x42, 0x25, 0x21, 0xe4, 0x18, 0xc3, 0x10, 0xa3, 0x10, 0xa3, 0x10,
    0xc4, 0x18, 0x25, 0x21, 0xe8, 0x39, 0xab, 0x52, 0xe8, 0x39, 0xc3, 0x10, 0x21, 0x00, 0x00, 0x00,
    0x00, 0x00, 0x21, 0x00, 0x42, 0x08, 0x62, 0x08, 0x25, 0x21, 0xc8, 0x31, 0xc8, 0x31, 0x25, 0x21,
    0x62, 0x08, 0x00, 0x00, 0x00, 0x00, 0x00, 0x00, 0x21, 0x00, 0x82, 0x08, 0x87, 0x31, 0xc8, 0x39,
    0xc7, 0x31, 0x6a, 0x4a, 0x6a, 0x4a, 0x05, 0x19, 0x83, 0x08, 0x42, 0x00, 0x21, 0x00, 0x01, 0x00,
    0x42, 0x00, 0x83, 0x08, 0x45, 0x21, 0xab, 0x52, 0x4a, 0x42, 0xc3, 0x10, 0x21, 0x00, 0x00, 0x00,
    0x00, 0x00, 0x21, 0x00, 0x42, 0x00, 0x42, 0x00, 0x83, 0x08, 0x05, 0x21, 0xa7, 0x31, 0x46, 0x21,
    0x62, 0x08, 0x00, 0x00, 0x00, 0x00, 0x00, 0x00, 0x00, 0x00, 0x42, 0x00, 0x46, 0x21, 0xc8, 0x39,
    0x86, 0x29, 0x09, 0x3a, 0x8b, 0x52, 0x05, 0x19, 0x83, 0x08, 0x42, 0x08, 0x21, 0x00, 0x21, 0x00,
    0x41, 0x00, 0x42, 0x00, 0xa3, 0x10, 0x29, 0x42, 0xab, 0x52, 0xe4, 0x18, 0x21, 0x00, 0x00, 0x00,
    0x00, 0x00, 0x21, 0x00, 0x42, 0x08, 0x62, 0x08, 0x83, 0x08, 0xc3, 0x10, 0x46, 0x29, 0xa7, 0x31,
    0xa3, 0x10, 0x00, 0x00, 0x00, 0x00, 0x00, 0x00, 0x00, 0x00, 0x21, 0x00, 0xc4, 0x10, 0xc8, 0x31,
    0x87, 0x31, 0xc7, 0x31, 0x8b, 0x52, 0x45, 0x21, 0x83, 0x10, 0x62, 0x08, 0x62, 0x08, 0x42, 0x00,
    0x62, 0x08, 0x62, 0x08, 0x83, 0x08, 0x66, 0x29, 0x8b, 0x4a, 0x25, 0x21, 0x41, 0x00, 0x00, 0x00,
    0x00, 0x00, 0x42, 0x00, 0xc4, 0x10, 0x46, 0x21, 0x25, 0x21, 0x25, 0x21, 0x87, 0x29, 0xe8, 0x39,
    0x45, 0x21, 0x66, 0x29, 0x86, 0x29, 0x25, 0x21, 0x42, 0x08, 0x42, 0x00, 0x83, 0x08, 0xa3, 0x10,
    0xa3, 0x10, 0xa3, 0x10, 0xc4, 0x10, 0xe4, 0x18, 0xc4, 0x18, 0x25, 0x21, 0xe8, 0x39, 0x4a, 0x42,
    0x09, 0x3a, 0xa7, 0x31, 0x66, 0x29, 0x87, 0x31, 0x87, 0x31, 0xe4, 0x18, 0x21, 0x00, 0x00, 0x00,
    0x00, 0x00, 0x41, 0x00, 0xa3, 0x10, 0x25, 0x21, 0x45, 0x21, 0x46, 0x29, 0x87, 0x29, 0xc7, 0x31,
    0x66, 0x29, 0x46, 0x21, 0x46, 0x29, 0x05, 0x21, 0x62, 0x08, 0x42, 0x00, 0x62, 0x08, 0x83, 0x10,
    0xa3, 0x10, 0xc3, 0x10, 0xc4, 0x10, 0xe4, 0x18, 0xe4, 0x18, 0x04, 0x19, 0x46, 0x29, 0xc7, 0x31,
    0xa7, 0x31, 0x86, 0x29, 0x46, 0x21, 0x66, 0x29, 0x66, 0x29, 0xe4, 0x18, 0x41, 0x00, 0x00, 0x00,
    0x00, 0x00, 0x62, 0x08, 0xe4, 0x18, 0x87, 0x31, 0xc8, 0x39, 0xc8, 0x39, 0xa7, 0x31, 0x87, 0x29,
    0x46, 0x21, 0x45, 0x21, 0x46, 0x21, 0x05, 0x21, 0xa3, 0x10, 0x83, 0x08, 0xa3, 0x10, 0xc3, 0x10,
    0xe4, 0x18, 0x05, 0x19, 0x05, 0x19, 0x05, 0x19, 0x05, 0x19, 0x25, 0x21, 0x45, 0x21, 0x66, 0x29,
    0x66, 0x29, 0x46, 0x21, 0x25, 0x21, 0x46, 0x21, 0x25, 0x21, 0xc3, 0x10, 0x41, 0x00, 0x00, 0x00,
    0x00, 0x00, 0x42, 0x00, 0xa3, 0x10, 0x05, 0x19, 0x25, 0x21, 0x25, 0x21, 0x25, 0x21, 0x05, 0x19,
    0x05, 0x19, 0x25, 0x21, 0x46, 0x21, 0x66, 0x29, 0x46, 0x29, 0x66, 0x29, 0x87, 0x29, 0xa7, 0x31,
    0xa7, 0x31, 0xa7, 0x31, 0x87, 0x31, 0x66, 0x29, 0x25, 0x21, 0x05, 0x21, 0xe4, 0x18, 0xc4, 0x10,
    0xa3, 0x10, 0xa3, 0x10, 0xa3, 0x10, 0xa3, 0x10, 0x83, 0x10, 0x82, 0x08, 0x21, 0x00, 0x00, 0x00,
    0x00, 0x00, 0x00, 0x00, 0x21, 0x00, 0x21, 0x00, 0x21, 0x00, 0x42, 0x00, 0x42, 0x00, 0x62, 0x08,
    0xa3, 0x10, 0x25, 0x21, 0x25, 0x21, 0x05, 0x19, 0xe4, 0x18, 0x04, 0x19, 0x25, 0x21, 0x46, 0x21,
    0x66, 0x29, 0xc8, 0x31, 0xe8, 0x39, 0xc8, 0x39, 0x66, 0x29, 0x25, 0x21, 0xa3, 0x10, 0x62, 0x08,
    0x21, 0x00, 0x21, 0x00, 0x00, 0x00, 0x00, 0x00, 0x21, 0x00, 0x41, 0x00, 0x21, 0x00, 0x00, 0x00,
    0x00, 0x00, 0x00, 0x00, 0x21, 0x00, 0x21, 0x00, 0x00, 0x00, 0x00, 0x00, 0x00, 0x00, 0x00, 0x00,
    0x42, 0x00, 0xe4, 0x18, 0x45, 0x21, 0xc3, 0x10, 0x62, 0x08, 0x83, 0x10, 0xc4, 0x10, 0x05, 0x19,
    0x25, 0x21, 0x46, 0x21, 0x86, 0x29, 0xe8, 0x39, 0xc8, 0x31, 0x66, 0x29, 0x04, 0x19, 0x83, 0x10,
    0x41, 0x00, 0x21, 0x00, 0x00, 0x00, 0x00, 0x00, 0x00, 0x00, 0x00, 0x00, 0x00, 0x00, 0x00, 0x00,
    0x00, 0x00, 0x00, 0x00, 0x21, 0x00, 0x21, 0x00, 0x01, 0x00, 0x00, 0x00, 0x00, 0x00, 0x00, 0x00,
    0x01, 0x00, 0xa3, 0x10, 0x46, 0x29, 0xe4, 0x18, 0x62, 0x08, 0x62, 0x08, 0xa3, 0x10, 0x04, 0x19,
    0x05, 0x19, 0x05, 0x19, 0x04, 0x19, 0x46, 0x21, 0xa7, 0x31, 0x87, 0x29, 0x46, 0x29, 0xe4, 0x18,
    0x62, 0x08, 0x42, 0x00, 0x21, 0x00, 0x00, 0x00, 0x00, 0x00, 0x00, 0x00, 0x00, 0x00, 0x00, 0x00,
    0x00, 0x00, 0x00, 0x00, 0x41, 0x00, 0x41, 0x00, 0x21, 0x00, 0x00, 0x00, 0x00, 0x00, 0x00, 0x00,
    0x00, 0x00, 0x62, 0x08, 0x46, 0x21, 0x46, 0x29, 0xa3, 0x10, 0x83, 0x08, 0x83, 0x08, 0xc4, 0x10,
    0x05, 0x19, 0x04, 0x19, 0xc4, 0x10, 0xe4, 0x18, 0x45, 0x21, 0x46, 0x21, 0x46, 0x21, 0x46, 0x29,
    0xe4, 0x18, 0x82, 0x08, 0x41, 0x00, 0x21, 0x00, 0x00, 0x00, 0x00, 0x00, 0x00, 0x00, 0x00, 0x00,
    0x00, 0x00, 0x21, 0x00, 0x21, 0x00, 0x42, 0x00, 0x42, 0x00, 0x42, 0x08, 0x21, 0x00, 0x00, 0x00,
    0x00, 0x00, 0x42, 0x00, 0x05, 0x19, 0xa7, 0x31, 0x46, 0x29, 0xe4, 0x18, 0xa3, 0x10, 0xa3, 0x10,
    0xe4, 0x18, 0x25, 0x21, 0x05, 0x19, 0xe4, 0x18, 0x05, 0x19, 0x05, 0x21, 0xe4, 0x18, 0x46, 0x21,
    0x66, 0x29, 0xe4, 0x18, 0x62, 0x08, 0x41, 0x00, 0x01, 0x00, 0x00, 0x00, 0x00, 0x00, 0x00, 0x00,
    0x00, 0x00, 0x42, 0x00, 0x62, 0x08, 0x42, 0x00, 0x62, 0x08, 0xa3, 0x10, 0x83, 0x08, 0x42, 0x00,
    0x21, 0x00, 0x62, 0x08, 0xe4, 0x18, 0x87, 0x29, 0xe8, 0x39, 0xc8, 0x31, 0x46, 0x29, 0xe4, 0x18,
    0xe4, 0x18, 0x87, 0x31, 0xe8, 0x39, 0xc7, 0x31, 0x45, 0x21, 0xe4, 0x18, 0xc4, 0x18, 0x04, 0x19,
    0x66, 0x29, 0x66, 0x29, 0xc4, 0x10, 0x62, 0x08, 0x21, 0x00, 0x00, 0x00, 0x00, 0x00, 0x00, 0x00,
    0x00, 0x00, 0x62, 0x08, 0xe4, 0x18, 0x05, 0x19, 0x46, 0x21, 0xc7, 0x31, 0xa7, 0x31, 0x46, 0x21,
    0xc4, 0x18, 0xe4, 0x18, 0x04, 0x19, 0x46, 0x29, 0xc8, 0x31, 0x29, 0x42, 0x09, 0x3a, 0xa7, 0x31,
    0x46, 0x21, 0xe8, 0x39, 0xcc, 0x52, 0x8b, 0x4a, 0xc7, 0x31, 0x04, 0x19, 0xc4, 0x18, 0xe4, 0x18,
    0x66, 0x29, 0x09, 0x3a, 0xa7, 0x31, 0xe4, 0x18, 0x83, 0x08, 0x42, 0x08, 0x21, 0x00, 0x00, 0x00,
    0x00, 0x00, 0x82, 0x08, 0x45, 0x21, 0x87, 0x31, 0xa7, 0x31, 0x29, 0x42, 0x29, 0x42, 0xe8, 0x39,
    0x46, 0x29, 0x46, 0x21, 0x45, 0x21, 0x45, 0x21, 0x86, 0x29, 0xa7, 0x31, 0x87, 0x31, 0x25, 0x21,
    0xa3, 0x10, 0xe4, 0x18, 0x29, 0x42, 0x8a, 0x4a, 0x08, 0x3a, 0x25, 0x21, 0xc4, 0x18, 0xe4, 0x18,
    0x46, 0x21, 0xe8, 0x39, 0x29, 0x42, 0x87, 0x29, 0xc4, 0x10, 0x62, 0x08, 0x21, 0x00, 0x00, 0x00,
    0x00, 0x00, 0x82, 0x08, 0x46, 0x21, 0x46, 0x29, 0xc3, 0x10, 0x05, 0x21, 0x45, 0x21, 0x25, 0x21,
    0xa3, 0x10, 0x83, 0x08, 0xe4, 0x18, 0x46, 0x21, 0x46, 0x21, 0x66, 0x29, 0x66, 0x29, 0x25, 0x21,
    0xc3, 0x10, 0x83, 0x10, 0xa7, 0x31, 0x6a, 0x4a, 0x49, 0x42, 0x66, 0x29, 0xe4, 0x18, 0x05, 0x19,
    0x05, 0x19, 0x66, 0x29, 0xc8, 0x31, 0x87, 0x31, 0xc3, 0x10, 0x42, 0x00, 0x00, 0x00, 0x00, 0x00,
    0x00, 0x00, 0x62, 0x08, 0x66, 0x29, 0x46, 0x29, 0x83, 0x08, 0xc4, 0x10, 0x25, 0x21, 0x25, 0x21,
    0xa3, 0x10, 0x21, 0x00, 0x62, 0x08, 0x04, 0x19, 0x45, 0x21, 0x25, 0x21, 0x45, 0x21, 0x45, 0x21,
    0xe4, 0x18, 0x83, 0x10, 0x46, 0x21, 0x09, 0x3a, 0x4a, 0x4a, 0xe8, 0x39, 0x05, 0x19, 0x45, 0x21,
    0x25, 0x21, 0x25, 0x21, 0x86, 0x29, 0xa7, 0x31, 0x05, 0x19, 0x62, 0x08, 0x00, 0x00, 0x00, 0x00,
    0x00, 0x00, 0x42, 0x08, 0x66, 0x29, 0xa7, 0x31, 0xa3, 0x10, 0xa3, 0x10, 0x05, 0x19, 0x25, 0x21,
    0xc4, 0x10, 0x41, 0x00, 0x21, 0x00, 0xa3, 0x10, 0x45, 0x21, 0x05, 0x19, 0x05, 0x19, 0x25, 0x21,
    0x04, 0x19, 0xa3, 0x10, 0xe4, 0x18, 0xa7, 0x31, 0x09, 0x3a, 0x09, 0x3a, 0x45, 0x21, 0x66, 0x29,
    0x87, 0x29, 0x46, 0x21, 0x66, 0x29, 0x87, 0x31, 0x25, 0x21, 0x83, 0x10, 0x21, 0x00, 0x00, 0x00,
    0x00, 0x00, 0x41, 0x00, 0x25, 0x21, 0x08, 0x3a, 0x25, 0x21, 0xa3, 0x10, 0xe4, 0x18, 0x05, 0x19,
    0xc4, 0x10, 0x42, 0x08, 0x21, 0x00, 0x83, 0x08, 0x25, 0x21, 0x25, 0x21, 0xe4, 0x18, 0xe4, 0x18,
    0xe4, 0x18, 0xc4, 0x10, 0xa3, 0x10, 0x66, 0x29, 0xa7, 0x31, 0xc7, 0x31, 0x25, 0x21, 0x66, 0x29,
    0xc7, 0x31, 0xa7, 0x31, 0x66, 0x29, 0x66, 0x29, 0x25, 0x21, 0xa3, 0x10, 0x21, 0x00, 0x00, 0x00,
    0x00, 0x00, 0x21, 0x00, 0xe4, 0x18, 0x08, 0x3a, 0xe8, 0x39, 0x25, 0x21, 0xe4, 0x18, 0xe4, 0x18,
    0xc3, 0x10, 0x82, 0x08, 0x82, 0x08, 0xc4, 0x10, 0x25, 0x21, 0x45, 0x21, 0xe4, 0x18, 0xc4, 0x18,
    0xc4, 0x10, 0xc4, 0x10, 0xa3, 0x10, 0xe4, 0x18, 0x46, 0x21, 0x46, 0x21, 0xe4, 0x18, 0x05, 0x19,
    0x66, 0x29, 0xa7, 0x31, 0x66, 0x29, 0x46, 0x21, 0x05, 0x19, 0xa3, 0x10, 0x21, 0x00, 0x00, 0x00,
    0x00, 0x00, 0x41, 0x00, 0xc4, 0x10, 0xa7, 0x31, 0x09, 0x3a, 0xe8, 0x39, 0xc7, 0x31, 0xa7, 0x31,
    0x66, 0x29, 0x66, 0x29, 0x46, 0x21, 0x46, 0x29, 0x46, 0x21, 0x46, 0x21, 0x25, 0x21, 0x05, 0x21,
    0x04, 0x19, 0xe4, 0x18, 0xc4, 0x10, 0xc4, 0x10, 0xe4, 0x18, 0x05, 0x19, 0xc4, 0x10, 0xc4, 0x18,
    0xe4, 0x18, 0x25, 0x21, 0x45, 0x21, 0x45, 0x21, 0x05, 0x19, 0xa3, 0x10, 0x41, 0x00, 0x00, 0x00,
    0x00, 0x00, 0x62, 0x08, 0xe4, 0x18, 0x66, 0x29, 0x86, 0x29, 0x66, 0x29, 0x25, 0x21, 0x05, 0x19,
    0xe4, 0x18, 0xe4, 0x18, 0xe4, 0x18, 0xe4, 0x18, 0x04, 0x19, 0x25, 0x21, 0x46, 0x29, 0x66, 0x29,
    0x87, 0x29, 0xa7, 0x31, 0xa7, 0x31, 0x86, 0x29, 0x66, 0x29, 0x66, 0x29, 0x25, 0x21, 0xe4, 0x18,
    0xc4, 0x10, 0xc4, 0x10, 0xa3, 0x10, 0xa3, 0x10, 0x83, 0x08, 0x62, 0x08, 0x21, 0x00, 0x00, 0x00,
    0x00, 0x00, 0x42, 0x00, 0xe4, 0x18, 0x66, 0x29, 0x25, 0x21, 0xa3, 0x10, 0x42, 0x08, 0x21, 0x00,
    0x01, 0x00, 0x00, 0x00, 0x21, 0x00, 0x21, 0x00, 0x42, 0x00, 0xc4, 0x10, 0x46, 0x21, 0xa7, 0x31,
    0x87, 0x29, 0x66, 0x29, 0x25, 0x21, 0x05, 0x21, 0xe4, 0x18, 0x04, 0x19, 0xe4, 0x18, 0xe4, 0x18,
    0xc4, 0x18, 0xa3, 0x10, 0x62, 0x08, 0x21, 0x00, 0x01, 0x00, 0x00, 0x00, 0x00, 0x00, 0x00, 0x00,
    0x00, 0x00, 0x00, 0x00, 0x83, 0x08, 0x66, 0x29, 0x46, 0x21, 0x62, 0x08, 0x00, 0x00, 0x00, 0x00,
    0x00, 0x00, 0x21, 0x00, 0x21, 0x00, 0x21, 0x00, 0x21, 0x00, 0x62, 0x08, 0xe4, 0x18, 0x87, 0x31,
    0x46, 0x29, 0xe4, 0x18, 0xc3, 0x10, 0xc3, 0x10, 0xc4, 0x10, 0xe4, 0x18, 0xc4, 0x10, 0xa3, 0x10,
    0xc3, 0x10, 0xc4, 0x18, 0x62, 0x08, 0x21, 0x00, 0x00, 0x00, 0x00, 0x00, 0x00, 0x00, 0x00, 0x00,
    0x00, 0x00, 0x00, 0x00, 0x42, 0x00, 0x05, 0x21, 0x87, 0x31, 0x83, 0x10, 0x00, 0x00, 0x00, 0x00,
    0x00, 0x00, 0x21, 0x00, 0x42, 0x00, 0x42, 0x00, 0x42, 0x00, 0x62, 0x08, 0xa3, 0x10, 0x66, 0x29,
    0x66, 0x29, 0xc4, 0x10, 0x83, 0x08, 0x82, 0x08, 0x83, 0x08, 0xc4, 0x18, 0xe4, 0x18, 0xc4, 0x10,
    0xa3, 0x10, 0x04, 0x19, 0xa3, 0x10, 0x21, 0x00, 0x00, 0x00, 0x00, 0x00, 0x00, 0x00, 0x00, 0x00,
    0x00, 0x00, 0x00, 0x00, 0x21, 0x00, 0xc4, 0x10, 0xa7, 0x31, 0xe4, 0x18, 0x21, 0x00, 0x00, 0x00,
    0x00, 0x00, 0x21, 0x00, 0x42, 0x08, 0x62, 0x08, 0x83, 0x08, 0x83, 0x08, 0x83, 0x08, 0x25, 0x21,
    0x87, 0x29, 0xe4, 0x18, 0x62, 0x08, 0x42, 0x00, 0x42, 0x08, 0x83, 0x10, 0xc4, 0x18, 0x04, 0x19,
    0xe4, 0x18, 0x25, 0x21, 0xe4, 0x18, 0x62, 0x08, 0x21, 0x00, 0x00, 0x00, 0x00, 0x00, 0x00, 0x00,
    0x00, 0x00, 0x00, 0x00, 0x42, 0x00, 0xe4, 0x18, 0xa7, 0x31, 0x66, 0x29, 0x62, 0x08, 0x00, 0x00,
    0x00, 0x00, 0x00, 0x00, 0x42, 0x00, 0x83, 0x08, 0xc3, 0x10, 0xe4, 0x18, 0xc4, 0x18, 0x25, 0x21,
    0xa7, 0x31, 0x66, 0x29, 0xa3, 0x10, 0x42, 0x00, 0x21, 0x00, 0x42, 0x08, 0x83, 0x08, 0xe4, 0x18,
    0x46, 0x21, 0x66, 0x29, 0x46, 0x21, 0xe4, 0x18, 0x62, 0x08, 0x21, 0x00, 0x00, 0x00, 0x00, 0x00,
    0x00, 0x00, 0x42, 0x00, 0xa3, 0x10, 0x66, 0x29, 0xc8, 0x31, 0xa7, 0x31, 0x04, 0x19, 0x62, 0x08,
    0x21, 0x00, 0x00, 0x00, 0x21, 0x00, 0x83, 0x08, 0xe4, 0x18, 0x25, 0x21, 0x66, 0x29, 0xc7, 0x31,
    0xe8, 0x39, 0xc8, 0x31, 0x46, 0x21, 0xc4, 0x10, 0x83, 0x08, 0x83, 0x08, 0x83, 0x08, 0xe4, 0x18,
    0x87, 0x29, 0xe8, 0x39, 0xa7, 0x31, 0x66, 0x29, 0xe4, 0x18, 0x62, 0x08, 0x00, 0x00, 0x00, 0x00,
    0x00, 0x00, 0x62, 0x08, 0x25, 0x21, 0xc7, 0x31, 0xc8, 0x31, 0xa7, 0x31, 0x66, 0x29, 0x25, 0x21,
    0x05, 0x19, 0x04, 0x19, 0xe4, 0x18, 0x25, 0x21, 0xa7, 0x31, 0x09, 0x3a, 0x6a, 0x4a, 0xab, 0x52,
    0x4a, 0x4a, 0xe8, 0x39, 0x66, 0x29, 0x45, 0x21, 0x05, 0x19, 0x05, 0x21, 0x05, 0x19, 0x05, 0x21,
    0x66, 0x29, 0x09, 0x42, 0x08, 0x3a, 0xc8, 0x31, 0x87, 0x29, 0xc4, 0x18, 0x21, 0x00, 0x00, 0x00,
    0x00, 0x00, 0x41, 0x00, 0x83, 0x10, 0xc4, 0x18, 0x05, 0x19, 0x45, 0x21, 0x86, 0x29, 0x87, 0x31,
    0x87, 0x29, 0x86, 0x29, 0x46, 0x21, 0x46, 0x29, 0xc8, 0x31, 0x6a, 0x4a, 0xec, 0x5a, 0x2d, 0x63,
    0xec, 0x5a, 0x29, 0x42, 0x25, 0x21, 0xc4, 0x10, 0x82, 0x08, 0x62, 0x08, 0x42, 0x08, 0x42, 0x08,
    0x83, 0x10, 0x66, 0x29, 0xe8, 0x39, 0x29, 0x42, 0xe8, 0x39, 0x25, 0x21, 0x42, 0x00, 0x00, 0x00,
    0x00, 0x00, 0x21, 0x00, 0x82, 0x08, 0x83, 0x10, 0x82, 0x08, 0xa3, 0x10, 0x45, 0x21, 0xa7, 0x31,
    0x45, 0x21, 0xa3, 0x10, 0x42, 0x00, 0x21, 0x00, 0x83, 0x08, 0x45, 0x21, 0x08, 0x3a, 0x2d, 0x63,
    0x2d, 0x63, 0xab, 0x52, 0x05, 0x21, 0x83, 0x08, 0x62, 0x08, 0x62, 0x08, 0x42, 0x00, 0x41, 0x00,
    0x42, 0x08, 0xe4, 0x18, 0x87, 0x29, 0x09, 0x42, 0x29, 0x42, 0x25, 0x21, 0x42, 0x00, 0x00, 0x00,
    0x00, 0x00, 0x21, 0x00, 0x82, 0x08, 0xa3, 0x10, 0x83, 0x08, 0x62, 0x08, 0xc4, 0x10, 0xa7, 0x31,
    0x25, 0x21, 0x62, 0x08, 0x00, 0x00, 0x00, 0x00, 0x41, 0x00, 0xc4, 0x18, 0x66, 0x29, 0x8b, 0x4a,
    0x0d, 0x5b, 0x0d, 0x5b, 0x46, 0x29, 0x62, 0x08, 0x62, 0x08, 0x83, 0x08, 0x62, 0x08, 0x62, 0x08,
    0x42, 0x08, 0xa3, 0x10, 0x25, 0x21, 0xc8, 0x31, 0x4a, 0x42, 0x66, 0x29, 0x42, 0x08, 0x00, 0x00,
    0x00, 0x00, 0x21, 0x00, 0x82, 0x08, 0xc4, 0x10, 0xa3, 0x10, 0x62, 0x08, 0x62, 0x08, 0x66, 0x29,
    0x66, 0x29, 0x82, 0x08, 0x00, 0x00, 0x00, 0x00, 0x01, 0x00, 0x83, 0x08, 0x05, 0x19, 0x09, 0x3a,
    0xab, 0x52, 0x2d, 0x63, 0xc8, 0x39, 0x42, 0x00, 0x42, 0x00, 0x83, 0x08, 0x83, 0x08, 0x83, 0x08,
    0x82, 0x08, 0xa3, 0x10, 0xe4, 0x18, 0x66, 0x29, 0x08, 0x3a, 0x86, 0x29, 0x62, 0x08, 0x00, 0x00,
    0x00, 0x00, 0x42, 0x00, 0x05, 0x21, 0xc8, 0x39, 0x29, 0x42, 0x09, 0x42, 0x09, 0x3a, 0x05, 0x21,
    0x62, 0x08, 0x62, 0x08, 0xa3, 0x10, 0x82, 0x08, 0x42, 0x00, 0xa3, 0x10, 0x05, 0x21, 0x25, 0x21,
    0x05, 0x19, 0xc4, 0x18, 0xa3, 0x10, 0xc4, 0x10, 0xc4, 0x18, 0xc3, 0x10, 0x25, 0x21, 0x87, 0x29,
    0x66, 0x29, 0x46, 0x21, 0x87, 0x29, 0xc8, 0x31, 0x46, 0x29, 0x62, 0x08, 0x21, 0x00, 0x00, 0x00,
    0x00, 0x00, 0x42, 0x08, 0x25, 0x21, 0x09, 0x3a, 0x6a, 0x4a, 0x4a, 0x42, 0x08, 0x3a, 0x25, 0x21,
    0x82, 0x08, 0x41, 0x00, 0x62, 0x08, 0x62, 0x08, 0x21, 0x00, 0x62, 0x08, 0xc4, 0x18, 0x04, 0x19,
    0x04, 0x19, 0xc4, 0x18, 0xc3, 0x10, 0xa3, 0x10, 0xc4, 0x10, 0xc4, 0x10, 0xe4, 0x18, 0x05, 0x21,
    0x05, 0x21, 0x05, 0x19, 0x46, 0x21, 0x66, 0x29, 0x25, 0x21, 0x82, 0x08, 0x21, 0x00, 0x00, 0x00,
    0x00, 0x00, 0x42, 0x08, 0x46, 0x21, 0x29, 0x42, 0x6a, 0x4a, 0x09, 0x3a, 0x87, 0x29, 0xe4, 0x18,
    0x83, 0x08, 0x42, 0x00, 0x42, 0x08, 0x42, 0x00, 0x41, 0x00, 0x62, 0x08, 0xa3, 0x10, 0xc4, 0x18,
    0xe4, 0x18, 0xc4, 0x18, 0xc4, 0x10, 0xa3, 0x10, 0x83, 0x10, 0x83, 0x10, 0xc4, 0x10, 0xc4, 0x18,
    0xc4, 0x18, 0xc4, 0x10, 0xe4, 0x18, 0xe4, 0x18, 0xa3, 0x10, 0x62, 0x08, 0x21, 0x00, 0x00, 0x00,
    0x00, 0x00, 0x21, 0x00, 0x83, 0x08, 0xe4, 0x18, 0x05, 0x19, 0xe4, 0x18, 0xc4, 0x18, 0xa3, 0x10,
    0x82, 0x08, 0x62, 0x08, 0x83, 0x10, 0xa3, 0x10, 0xa3, 0x10, 0xc4, 0x10, 0x05, 0x21, 0x25, 0x21,
    0x25, 0x21, 0x25, 0x21, 0x05, 0x21, 0xe4, 0x18, 0xa3, 0x10, 0x62, 0x08, 0x62, 0x08, 0x41, 0x00,
    0x21, 0x00, 0x21, 0x00, 0x41, 0x00, 0x42, 0x00, 0x42, 0x00, 0x21, 0x00, 0x21, 0x00, 0x00, 0x00,
    0x00, 0x00, 0x01, 0x00, 0x42, 0x08, 0x82, 0x08, 0x83, 0x08, 0x83, 0x08, 0x83, 0x10, 0x82, 0x08,
    0x62, 0x08, 0x83, 0x10, 0x04, 0x19, 0x45, 0x21, 0x46, 0x21, 0x46, 0x21, 0x87, 0x29, 0xa7, 0x31,
    0xc8, 0x31, 0xc8, 0x31, 0xa7, 0x31, 0x46, 0x21, 0xe4, 0x18, 0x83, 0x08, 0x62, 0x08, 0x41, 0x00,
    0x21, 0x00, 0x01, 0x00, 0x21, 0x00, 0x21, 0x00, 0x21, 0x00, 0x01, 0x00, 0x00, 0x00, 0x00, 0x00,
    0x00, 0x00, 0x01, 0x00, 0x42, 0x00, 0x42, 0x08, 0x42, 0x08, 0x42, 0x00, 0x62, 0x08, 0x62, 0x08,
    0x62, 0x08, 0xa3, 0x10, 0x46, 0x21, 0x87, 0x29, 0x25, 0x21, 0xe4, 0x18, 0xe4, 0x18, 0x25, 0x21,
    0x66, 0x29, 0xa7, 0x31, 0x09, 0x3a, 0xe8, 0x39, 0x46, 0x29, 0xe4, 0x18, 0xa3, 0x10, 0x62, 0x08,
    0x41, 0x00, 0x21, 0x00, 0x42, 0x00, 0x21, 0x00, 0x21, 0x00, 0x00, 0x00, 0x00, 0x00, 0x00, 0x00,
    0x00, 0x00, 0x21, 0x00, 0x42, 0x00, 0x41, 0x00, 0x21, 0x00, 0x21, 0x00, 0x21, 0x00, 0x41, 0x00,
    0x62, 0x08, 0x83, 0x10, 0x46, 0x29, 0xe8, 0x39, 0x66, 0x29, 0xe4, 0x18, 0xc4, 0x18, 0xe4, 0x18,
    0x25, 0x21, 0x46, 0x29, 0xc7, 0x31, 0xe8, 0x39, 0xa7, 0x31, 0x46, 0x21, 0x25, 0x21, 0xa3, 0x10,
    0x62, 0x08, 0x42, 0x00, 0x62, 0x08, 0x42, 0x00, 0x21, 0x00, 0x00, 0x00, 0x00, 0x00, 0x00, 0x00,
    0x00, 0x00, 0x21, 0x00, 0x62, 0x08, 0x42, 0x00, 0x21, 0x00, 0x00, 0x00, 0x00, 0x00, 0x21, 0x00,
    0x41, 0x00, 0x82, 0x08, 0x25, 0x21, 0x09, 0x3a, 0xe8, 0x39, 0x46, 0x21, 0xe4, 0x18, 0xe4, 0x18,
    0x05, 0x19, 0x25, 0x21, 0x66, 0x29, 0xa7, 0x31, 0x87, 0x29, 0x46, 0x21, 0x86, 0x29, 0x25, 0x21,
    0xa3, 0x10, 0x62, 0x08, 0x82, 0x08, 0x62, 0x08, 0x21, 0x00, 0x00, 0x00, 0x00, 0x00, 0x00, 0x00,
    0x00, 0x00, 0x21, 0x00, 0x62, 0x08, 0x62, 0x08, 0x21, 0x00, 0x00, 0x00, 0x00, 0x00, 0x00, 0x00,
    0x21, 0x00, 0x62, 0x08, 0x05, 0x19, 0xe8, 0x39, 0x6a, 0x4a, 0x09, 0x3a, 0x87, 0x29, 0x05, 0x19,
    0x05, 0x19, 0x46, 0x21, 0x87, 0x31, 0x87, 0x31, 0x46, 0x29, 0x05, 0x19, 0x66, 0x29, 0x87, 0x29,
    0x25, 0x21, 0xa3, 0x10, 0x83, 0x10, 0x82, 0x08, 0x42, 0x00, 0x01, 0x00, 0x00, 0x00, 0x00, 0x00,
    0x00, 0x00, 0x21, 0x00, 0x83, 0x08, 0x83, 0x08, 0x42, 0x00, 0x21, 0x00, 0x21, 0x00, 0x00, 0x00,
    0x00, 0x00, 0x21, 0x00, 0xc4, 0x18, 0x87, 0x31, 0x29, 0x42, 0x6a, 0x4a, 0x6a, 0x4a, 0xe8, 0x39,
    0x66, 0x29, 0xa7, 0x31, 0x09, 0x3a, 0xc8, 0x31, 0x25, 0x21, 0xe4, 0x18, 0x05, 0x19, 0x66, 0x29,
    0xa7, 0x31, 0x25, 0x21, 0xc3, 0x10, 0x83, 0x10, 0x62, 0x08, 0x21, 0x00, 0x00, 0x00, 0x00, 0x00,
    0x00, 0x00, 0x42, 0x00, 0xc4, 0x10, 0xc4, 0x10, 0x83, 0x08, 0x62, 0x08, 0x83, 0x08, 0x42, 0x00,
    0x21, 0x00, 0x41, 0x00, 0xa3, 0x10, 0x46, 0x29, 0xc8, 0x39, 0xe8, 0x39, 0x08, 0x3a, 0xc7, 0x31,
    0x25, 0x21, 0x04, 0x19, 0xa7, 0x31, 0xc8, 0x31, 0x25, 0x21, 0xc4, 0x10, 0xe4, 0x18, 0x25, 0x21,
    0xa7, 0x31, 0xa7, 0x31, 0x25, 0x21, 0xc4, 0x10, 0x83, 0x08, 0x21, 0x00, 0x00, 0x00, 0x00, 0x00,
    0x00, 0x00, 0x42, 0x00, 0x25, 0x21, 0xc8, 0x31, 0xc8, 0x31, 0xc8, 0x31, 0xe8, 0x39, 0x87, 0x29,
    0x25, 0x21, 0xe4, 0x18, 0xe4, 0x18, 0x25, 0x21, 0x87, 0x31, 0xa7, 0x31, 0xa7, 0x31, 0x87, 0x29,
    0x05, 0x21, 0x83, 0x08, 0x25, 0x21, 0xc8, 0x31, 0x66, 0x29, 0xc4, 0x10, 0xe4, 0x18, 0x25, 0x21,
    0xa7, 0x31, 0x29, 0x42, 0x09, 0x3a, 0x87, 0x29, 0x25, 0x21, 0x82, 0x08, 0x21, 0x00, 0x00, 0x00,
    0x00, 0x00, 0x42, 0x00, 0x66, 0x29, 0x6a, 0x4a, 0x09, 0x3a, 0x86, 0x29, 0x87, 0x29, 0x46, 0x21,
    0x04, 0x19, 0x25, 0x21, 0x46, 0x21, 0x25, 0x21, 0x46, 0x29, 0x87, 0x31, 0xa7, 0x31, 0xa7, 0x31,
    0x46, 0x29, 0xa3, 0x10, 0xc4, 0x18, 0xa7, 0x31, 0xc8, 0x31, 0x05, 0x21, 0x04, 0x19, 0x25, 0x21,
    0xa7, 0x31, 0x29, 0x42, 0x4a, 0x42, 0xa7, 0x31, 0x25, 0x21, 0x62, 0x08, 0x41, 0x00, 0x00, 0x00,
    0x00, 0x00, 0x41, 0x00, 0x46, 0x29, 0x8b, 0x4a, 0xc8, 0x39, 0xe4, 0x18, 0xe4, 0x18, 0xc4, 0x10,
    0x62, 0x08, 0x82, 0x08, 0x25, 0x21, 0x46, 0x29, 0x25, 0x21, 0x66, 0x29, 0xa7, 0x31, 0xa7, 0x31,
    0x86, 0x29, 0x04, 0x19, 0xc4, 0x10, 0x46, 0x21, 0x87, 0x31, 0x45, 0x21, 0x25, 0x21, 0x46, 0x21,
    0xc7, 0x31, 0xe8, 0x39, 0x09, 0x3a, 0xa7, 0x31, 0x05, 0x21, 0x62, 0x08, 0x21, 0x00, 0x00, 0x00,
    0x00, 0x00, 0x21, 0x00, 0x25, 0x21, 0xab, 0x52, 0x29, 0x42, 0xe4, 0x18, 0xc4, 0x18, 0xc3, 0x10,
    0x42, 0x08, 0x21, 0x00, 0xc4, 0x10, 0x46, 0x29, 0x25, 0x21, 0x25, 0x21, 0xa7, 0x31, 0xa7, 0x31,
    0x87, 0x29, 0x25, 0x21, 0xc4, 0x18, 0x04, 0x19, 0x25, 0x21, 0x04, 0x19, 0x05, 0x19, 0x45, 0x21,
    0xa7, 0x31, 0xe8, 0x39, 0xe8, 0x39, 0xa7, 0x31, 0x25, 0x21, 0x62, 0x08, 0x21, 0x00, 0x00, 0x00,
    0x00, 0x00, 0x21, 0x00, 0xe4, 0x18, 0x4a, 0x42, 0xab, 0x52, 0x66, 0x29, 0xe4, 0x18, 0xa3, 0x10,
    0x62, 0x08, 0x42, 0x00, 0xc3, 0x10, 0x46, 0x21, 0x25, 0x21, 0xe4, 0x18, 0x66, 0x29, 0x87, 0x29,
    0x87, 0x29, 0x46, 0x21, 0xe4, 0x18, 0xc4, 0x10, 0xc4, 0x18, 0xa3, 0x10, 0xa3, 0x10, 0xe4, 0x18,
    0x46, 0x21, 0xa7, 0x31, 0xc7, 0x31, 0x87, 0x29, 0x05, 0x21, 0x82, 0x08, 0x21, 0x00, 0x00, 0x00,
    0x00, 0x00, 0x21, 0x00, 0xa3, 0x10, 0xa7, 0x31, 0x8b, 0x4a, 0x4a, 0x42, 0xa7, 0x31, 0x45, 0x21,
    0xe4, 0x18, 0xe4, 0x18, 0x25, 0x21, 0x46, 0x29, 0x25, 0x21, 0xe4, 0x18, 0x25, 0x21, 0x66, 0x29,
    0x66, 0x29, 0x25, 0x21, 0x05, 0x19, 0xa3, 0x10, 0x83, 0x08, 0x62, 0x08, 0x62, 0x08, 0x62, 0x08,
    0xa3, 0x10, 0x05, 0x19, 0x66, 0x29, 0x66, 0x29, 0x25, 0x21, 0x83, 0x10, 0x41, 0x00, 0x00, 0x00,
    0x00, 0x00, 0x01, 0x00, 0x83, 0x10, 0x25, 0x21, 0xa7, 0x31, 0xc8, 0x31, 0xc8, 0x39, 0xa7, 0x31,
    0x86, 0x29, 0x46, 0x29, 0x46, 0x21, 0x05, 0x21, 0xe4, 0x18, 0xc4, 0x10, 0xe4, 0x18, 0x25, 0x21,
    0x25, 0x21, 0x25, 0x21, 0x05, 0x19, 0xa3, 0x10, 0x62, 0x08, 0x42, 0x00, 0x42, 0x00, 0x42, 0x00,
    0x42, 0x08, 0x62, 0x08, 0xc4, 0x10, 0xe4, 0x18, 0xe4, 0x18, 0x83, 0x10, 0x42, 0x00, 0x00, 0x00,
    0x00, 0x00, 0x21, 0x00, 0x83, 0x10, 0xe4, 0x18, 0x04, 0x19, 0xc4, 0x18, 0xc4, 0x10, 0x83, 0x08,
    0x62, 0x08, 0x42, 0x00, 0x42, 0x08, 0x62, 0x08, 0x62, 0x08, 0x83, 0x10, 0xe4, 0x18, 0x25, 0x21,
    0x46, 0x29, 0x66, 0x29, 0x66, 0x29, 0x25, 0x21, 0xe4, 0x18, 0xa3, 0x10, 0x83, 0x10, 0x62, 0x08,
    0x42, 0x08, 0x42, 0x00, 0x62, 0x08, 0x62, 0x08, 0x42, 0x08, 0x21, 0x00, 0x21, 0x00, 0x00, 0x00,
    0x00, 0x00, 0x42, 0x00, 0xe4, 0x18, 0xe4, 0x18, 0xa3, 0x10, 0x62, 0x08, 0x82, 0x08, 0x62, 0x08,
    0x62, 0x08, 0x42, 0x00, 0x62, 0x08, 0x42, 0x08, 0x62, 0x08, 0x62, 0x08, 0xc4, 0x18, 0x45, 0x21,
    0xa7, 0x31, 0xe8, 0x39, 0xe8, 0x39, 0xa7, 0x31, 0x86, 0x29, 0x46, 0x21, 0x25, 0x21, 0xe4, 0x18,
    0xa3, 0x10, 0x42, 0x08, 0x42, 0x00, 0x41, 0x00, 0x21, 0x00, 0x21, 0x00, 0x00, 0x00, 0x00, 0x00,
    0x00, 0x00, 0x41, 0x00, 0x05, 0x19, 0x45, 0x21, 0x83, 0x08, 0x21, 0x00, 0x42, 0x08, 0x42, 0x08,
    0x62, 0x08, 0x62, 0x08, 0x83, 0x10, 0x83, 0x10, 0x83, 0x08, 0x83, 0x08, 0xa3, 0x10, 0x25, 0x21,
    0xc7, 0x31, 0xa7, 0x31, 0x66, 0x29, 0x25, 0x21, 0x05, 0x19, 0xe4, 0x18, 0x05, 0x19, 0x25, 0x21,
    0x05, 0x19, 0xa3, 0x10, 0x62, 0x08, 0x42, 0x00, 0x21, 0x00, 0x01, 0x00, 0x00, 0x00, 0x00, 0x00,
    0x00, 0x00, 0x21, 0x00, 0xc4, 0x10, 0x87, 0x29, 0xc3, 0x10, 0x21, 0x00, 0x21, 0x00, 0x41, 0x00,
    0x62, 0x08, 0x82, 0x08, 0xc4, 0x10, 0xe4, 0x18, 0xc4, 0x18, 0xc3, 0x10, 0xc3, 0x10, 0xe4, 0x18,
    0xa7, 0x31, 0x86, 0x29, 0x05, 0x21, 0xe4, 0x18, 0xe4, 0x18, 0x04, 0x19, 0x05, 0x21, 0x25, 0x21,
    0x46, 0x21, 0x05, 0x19, 0xa3, 0x10, 0x62, 0x08, 0x21, 0x00, 0x00, 0x00, 0x00, 0x00, 0x00, 0x00,
    0x00, 0x00, 0x21, 0x00, 0xa3, 0x10, 0x87, 0x31, 0x25, 0x21, 0x21, 0x00, 0x00, 0x00, 0x00, 0x00,
    0x41, 0x00, 0x62, 0x08, 0xe4, 0x18, 0x25, 0x21, 0x25, 0x21, 0x05, 0x21, 0xe4, 0x18, 0xc4, 0x18,
    0x66, 0x29, 0x87, 0x31, 0x25, 0x21, 0xc3, 0x10, 0xa3, 0x10, 0xe4, 0x18, 0x25, 0x21, 0x46, 0x29,
    0x86, 0x29, 0x66, 0x29, 0x04, 0x19, 0xa3, 0x10, 0x42, 0x00, 0x01, 0x00, 0x00, 0x00, 0x00, 0x00,
    0x00, 0x00, 0x21, 0x00, 0xe4, 0x18, 0xa7, 0x31, 0x46, 0x29, 0x62, 0x08, 0x00, 0x00, 0x00, 0x00,
    0x00, 0x00, 0x42, 0x00, 0xc4, 0x18, 0x25, 0x21, 0x66, 0x29, 0x66, 0x29, 0x46, 0x21, 0xe4, 0x18,
    0x05, 0x19, 0x86, 0x29, 0x66, 0x29, 0xe4, 0x18, 0xa3, 0x10, 0xa3, 0x10, 0x25, 0x21, 0xa7, 0x31,
    0xe8, 0x39, 0xa7, 0x31, 0x46, 0x29, 0xe4, 0x18, 0x82, 0x08, 0x21, 0x00, 0x00, 0x00, 0x00, 0x00,
    0x00, 0x00, 0x62, 0x08, 0x46, 0x21, 0xa7, 0x31, 0x46, 0x21, 0x83, 0x08, 0x41, 0x00, 0x00, 0x00,
    0x00, 0x00, 0x21, 0x00, 0xa3, 0x10, 0x25, 0x21, 0x86, 0x29, 0x87, 0x31, 0xa7, 0x31, 0x66, 0x29,
    0x05, 0x19, 0x05, 0x19, 0x66, 0x29, 0x66, 0x29, 0x45, 0x21, 0x25, 0x21, 0x66, 0x29, 0xe8, 0x39,
    0x49, 0x42, 0xe8, 0x39, 0x87, 0x29, 0x25, 0x21, 0xc4, 0x10, 0x41, 0x00, 0x00, 0x00, 0x00, 0x00,
    0x00, 0x00, 0x42, 0x00, 0xe4, 0x18, 0x05, 0x21, 0xc4, 0x10, 0x82, 0x08, 0x62, 0x08, 0x42, 0x00,
    0x21, 0x00, 0x21, 0x00, 0x83, 0x10, 0x25, 0x21, 0xa7, 0x31, 0xc8, 0x31, 0xe8, 0x39, 0x09, 0x3a,
    0x87, 0x29, 0xc4, 0x10, 0xe4, 0x18, 0xe4, 0x18, 0xc4, 0x10, 0xa3, 0x10, 0xe4, 0x18, 0x25, 0x21,
    0xa7, 0x31, 0xe8, 0x39, 0xa7, 0x31, 0x66, 0x29, 0x25, 0x21, 0x82, 0x08, 0x00, 0x00, 0x00, 0x00,
    0x00, 0x00, 0x21, 0x00, 0x83, 0x10, 0xa3, 0x10, 0x62, 0x08, 0x42, 0x00, 0x82, 0x08, 0xa3, 0x10,
    0x04, 0x19, 0x25, 0x21, 0x87, 0x29, 0x09, 0x3a, 0xab, 0x52, 0xcc, 0x52, 0xcc, 0x52, 0xec, 0x5a,
    0x6a, 0x4a, 0x05, 0x21, 0x82, 0x08, 0x83, 0x08, 0x82, 0x08, 0x62, 0x08, 0x62, 0x08, 0x83, 0x08,
    0x25, 0x21, 0xc7, 0x31, 0xc8, 0x31, 0x66, 0x29, 0x66, 0x29, 0xc4, 0x18, 0x42, 0x00, 0x00, 0x00,
    0x00, 0x00, 0x21, 0x00, 0xa3, 0x10, 0xe4, 0x18, 0x83, 0x10, 0x21, 0x00, 0x42, 0x08, 0xe4, 0x18,
    0x86, 0x29, 0x66, 0x29, 0x25, 0x21, 0x45, 0x21, 0xc8, 0x31, 0x6a, 0x4a, 0xec, 0x5a, 0x2d, 0x63,
    0x2d, 0x63, 0xa7, 0x31, 0x62, 0x08, 0x42, 0x08, 0x82, 0x08, 0x62, 0x08, 0x83, 0x08, 0x83, 0x08,
    0xe4, 0x18, 0x87, 0x29, 0xe8, 0x39, 0xa7, 0x31, 0x86, 0x29, 0x05, 0x19, 0x62, 0x08, 0x00, 0x00,
    0x00, 0x00, 0x21, 0x00, 0xa3, 0x10, 0x04, 0x19, 0xc4, 0x10, 0x42, 0x00, 0x21, 0x00, 0xa3, 0x10,
    0x87, 0x29, 0x25, 0x21, 0x83, 0x10, 0x62, 0x08, 0xe4, 0x18, 0x87, 0x29, 0x09, 0x42, 0xec, 0x5a,
    0x2d, 0x63, 0x6a, 0x4a, 0xa3, 0x10, 0x41, 0x00, 0x42, 0x08, 0x62, 0x08, 0xa3, 0x10, 0xa3, 0x10,
    0xc3, 0x10, 0x46, 0x21, 0xc8, 0x31, 0xc7, 0x31, 0x86, 0x29, 0x05, 0x21, 0x62, 0x08, 0x00, 0x00,
    0x00, 0x00, 0x21, 0x00, 0x83, 0x10, 0x04, 0x19, 0xe4, 0x18, 0x62, 0x08, 0x41, 0x00, 0x62, 0x08,
    0x66, 0x29, 0x46, 0x21, 0x83, 0x08, 0x41, 0x00, 0x83, 0x08, 0x25, 0x21, 0xa7, 0x31, 0x6a, 0x4a,
    0x2d, 0x63, 0x0c, 0x5b, 0x25, 0x21, 0x42, 0x00, 0x21, 0x00, 0x42, 0x00, 0x83, 0x08, 0xa3, 0x10,
    0xa3, 0x10, 0x04, 0x19, 0x86, 0x29, 0xa7, 0x31, 0x66, 0x29, 0x05, 0x19, 0x62, 0x08, 0x00, 0x00,
    0x00, 0x00, 0x62, 0x08, 0x45, 0x21, 0x6a, 0x4a, 0x2d, 0x63, 0xec, 0x5a, 0xa7, 0x31, 0xa3, 0x10,
    0x41, 0x00, 0x21, 0x00, 0x21, 0x00, 0x62, 0x08, 0xc4, 0x10, 0x25, 0x21, 0x45, 0x21, 0x25, 0x21,
    0x05, 0x21, 0x05, 0x19, 0x05, 0x19, 0x25, 0x21, 0x05, 0x19, 0xc4, 0x10, 0xc4, 0x10, 0x04, 0x19,
    0x05, 0x21, 0x46, 0x21, 0x86, 0x29, 0x66, 0x29, 0xc4, 0x10, 0x42, 0x00, 0x01, 0x00, 0x00, 0x00,
    0x00, 0x00, 0x83, 0x08, 0x87, 0x29, 0xab, 0x52, 0x2d, 0x63, 0xab, 0x52, 0xa7, 0x31, 0xc4, 0x10,
    0x42, 0x08, 0x21, 0x00, 0x21, 0x00, 0x62, 0x08, 0xa3, 0x10, 0xe4, 0x18, 0x25, 0x21, 0x46, 0x21,
    0x25, 0x21, 0x05, 0x19, 0xe4, 0x18, 0xe4, 0x18, 0xa3, 0x10, 0xa3, 0x10, 0xa3, 0x10, 0xe4, 0x18,
    0xe4, 0x18, 0x04, 0x19, 0x05, 0x19, 0x05, 0x21, 0xa3, 0x10, 0x42, 0x08, 0x01, 0x00, 0x00, 0x00,
    0x00, 0x00, 0x42, 0x00, 0x05, 0x19, 0xe8, 0x39, 0x29, 0x42, 0xe8, 0x39, 0x66, 0x29, 0xe4, 0x18,
    0x83, 0x08, 0x42, 0x08, 0x42, 0x00, 0x62, 0x08, 0x83, 0x10, 0xc4, 0x10, 0x05, 0x19, 0x45, 0x21,
    0x25, 0x21, 0x05, 0x21, 0xe4, 0x18, 0xc4, 0x18, 0x83, 0x10, 0x62, 0x08, 0x42, 0x00, 0x62, 0x08,
    0x62, 0x08, 0x62, 0x08, 0x62, 0x08, 0x83, 0x10, 0x82, 0x08, 0x42, 0x00, 0x01, 0x00, 0x00, 0x00,
    0x00, 0x00, 0x21, 0x00, 0xa3, 0x10, 0x46, 0x29, 0x87, 0x29, 0x66, 0x29, 0x45, 0x21, 0x05, 0x21,
    0xc4, 0x18, 0xa3, 0x10, 0x83, 0x08, 0xa3, 0x10, 0xa3, 0x10, 0xc4, 0x18, 0xe4, 0x18, 0x25, 0x21,
    0x25, 0x21, 0x05, 0x21, 0xe4, 0x18, 0xe4, 0x18, 0xa3, 0x10, 0x62, 0x08, 0x42, 0x00, 0x42, 0x00,
    0x41, 0x00, 0x21, 0x00, 0x41, 0x00, 0x62, 0x08, 0x62, 0x08, 0x41, 0x00, 0x01, 0x00, 0x00, 0x00,
    0x00, 0x00, 0x21, 0x00, 0x83, 0x08, 0x05, 0x19, 0x45, 0x21, 0x25, 0x21, 0x25, 0x21, 0x25, 0x21,
    0x05, 0x19, 0xe4, 0x18, 0xe4, 0x18, 0x25, 0x21, 0x66, 0x29, 0x87, 0x29, 0xa7, 0x31, 0xc8, 0x31,
    0xa7, 0x31, 0x66, 0x29, 0x25, 0x21, 0x05, 0x19, 0xc4, 0x10, 0x83, 0x10, 0x62, 0x08, 0x62, 0x08,
    0x62, 0x08, 0x42, 0x08, 0x42, 0x00, 0x62, 0x08, 0x42, 0x00, 0x21, 0x00, 0x00, 0x00, 0x00, 0x00,
    0x00, 0x00, 0x21, 0x00, 0x62, 0x08, 0xc4, 0x10, 0xe4, 0x18, 0xe4, 0x18, 0xe4, 0x18, 0x05, 0x19,
    0x05, 0x21, 0x25, 0x21, 0x46, 0x21, 0xc8, 0x31, 0x09, 0x3a, 0xe8, 0x39, 0xa7, 0x31, 0xc8, 0x31,
    0xe8, 0x39, 0x08, 0x3a, 0xc7, 0x31, 0x66, 0x29, 0x05, 0x21, 0xc4, 0x10, 0x83, 0x10, 0x83, 0x10,
    0x83, 0x08, 0x62, 0x08, 0x62, 0x08, 0x62, 0x08, 0x42, 0x00, 0x21, 0x00, 0x00, 0x00, 0x00, 0x00,
    0x00, 0x00, 0x21, 0x00, 0x62, 0x08, 0xa3, 0x10, 0xa3, 0x10, 0x83, 0x08, 0x83, 0x10, 0xc4, 0x18,
    0x05, 0x19, 0x45, 0x21, 0x66, 0x29, 0x09, 0x42, 0x6a, 0x4a, 0x08, 0x3a, 0x86, 0x29, 0x66, 0x29,
    0x87, 0x29, 0xe8, 0x39, 0x09, 0x3a, 0xc8, 0x39, 0x66, 0x29, 0x25, 0x21, 0xe4, 0x18, 0xc4, 0x10,
    0xa3, 0x10, 0xa3, 0x10, 0x62, 0x08, 0x82, 0x08, 0x42, 0x08, 0x21, 0x00, 0x00, 0x00, 0x00, 0x00,
    0x00, 0x00, 0x41, 0x00, 0x83, 0x08, 0xa3, 0x10, 0x62, 0x08, 0x42, 0x00, 0x42, 0x00, 0x83, 0x08,
    0xc4, 0x18, 0x25, 0x21, 0x66, 0x29, 0x09, 0x3a, 0x8b, 0x52, 0x6a, 0x4a, 0xc8, 0x31, 0x86, 0x29,
    0x66, 0x29, 0xa7, 0x31, 0x08, 0x3a, 0xe8, 0x39, 0x87, 0x31, 0x86, 0x29, 0x46, 0x21, 0x05, 0x19,
    0xc4, 0x10, 0xa3, 0x10, 0x83, 0x10, 0xa3, 0x10, 0x62, 0x08, 0x21, 0x00, 0x00, 0x00, 0x00, 0x00,
    0x00, 0x00, 0x42, 0x00, 0xa3, 0x10, 0xc4, 0x10, 0x62, 0x08, 0x21, 0x00, 0x21, 0x00, 0x42, 0x08,
    0x83, 0x08, 0x04, 0x19, 0x66, 0x29, 0xe8, 0x39, 0x4a, 0x42, 0x8b, 0x4a, 0x6a, 0x4a, 0x09, 0x3a,
    0xa7, 0x31, 0xc7, 0x31, 0xe8, 0x39, 0xc8, 0x31, 0x66, 0x29, 0x66, 0x29, 0x87, 0x29, 0x87, 0x29,
    0x05, 0x19, 0xc3, 0x10, 0xa3, 0x10, 0xc3, 0x10, 0x82, 0x08, 0x21, 0x00, 0x00, 0x00, 0x00, 0x00,
    0x00, 0x00, 0x42, 0x00, 0xc4, 0x10, 0xe4, 0x18, 0x83, 0x08, 0x21, 0x00, 0x01, 0x00, 0x21, 0x00,
    0x42, 0x00, 0xa3, 0x10, 0x46, 0x21, 0xc8, 0x31, 0xe8, 0x39, 0xe8, 0x39, 0x29, 0x42, 0x49, 0x42,
    0xc8, 0x31, 0x86, 0x29, 0x87, 0x29, 0x87, 0x29, 0x46, 0x21, 0x25, 0x21, 0x66, 0x29, 0xc8, 0x31,
    0x86, 0x29, 0xe4, 0x18, 0xc3, 0x10, 0x25, 0x21, 0xc4, 0x10, 0x41, 0x00, 0x00, 0x00, 0x00, 0x00,
    0x00, 0x00, 0x42, 0x00, 0xe4, 0x18, 0x45, 0x21, 0xc4, 0x10, 0x42, 0x00, 0x01, 0x00, 0x00, 0x00,
    0x21, 0x00, 0x62, 0x08, 0x04, 0x19, 0xa7, 0x31, 0xc7, 0x31, 0x87, 0x29, 0x86, 0x29, 0xa7, 0x31,
    0x66, 0x29, 0xe4, 0x18, 0xc4, 0x18, 0x25, 0x21, 0x25, 0x21, 0x05, 0x21, 0x25, 0x21, 0xa7, 0x31,
    0xc8, 0x31, 0x46, 0x21, 0xe4, 0x18, 0x66, 0x29, 0x25, 0x21, 0x62, 0x08, 0x00, 0x00, 0x00, 0x00,
    0x00, 0x00, 0x42, 0x00, 0xe4, 0x18, 0xa7, 0x31, 0x66, 0x29, 0xe4, 0x18, 0xa3, 0x10, 0x83, 0x10,
    0x62, 0x08, 0x62, 0x08, 0xc3, 0x10, 0x87, 0x29, 0xc7, 0x31, 0x87, 0x29, 0x66, 0x29, 0x87, 0x29,
    0x87, 0x29, 0x04, 0x19, 0x83, 0x10, 0x05, 0x19, 0x25, 0x21, 0x25, 0x21, 0x25, 0x21, 0x66, 0x29,
    0xe8, 0x39, 0xc8, 0x31, 0x46, 0x21, 0xc8, 0x31, 0x86, 0x29, 0xa3, 0x10, 0x01, 0x00, 0x00, 0x00,
    0x00, 0x00, 0x41, 0x00, 0xe4, 0x18, 0x29, 0x42, 0xab, 0x52, 0x29, 0x42, 0xc7, 0x31, 0x87, 0x31,
    0x66, 0x29, 0x05, 0x21, 0xe4, 0x18, 0x46, 0x21, 0xa7, 0x31, 0x87, 0x31, 0x46, 0x29, 0x66, 0x29,
    0x87, 0x31, 0x46, 0x21, 0xa3, 0x10, 0xc4, 0x10, 0x04, 0x19, 0x05, 0x21, 0x25, 0x21, 0x66, 0x29,
    0xc8, 0x39, 0x29, 0x42, 0x08, 0x3a, 0x4a, 0x42, 0xc8, 0x31, 0x04, 0x19, 0x21, 0x00, 0x00, 0x00,
    0x00, 0x00, 0x21, 0x00, 0xc4, 0x18, 0x6a, 0x4a, 0x0d, 0x63, 0x09, 0x42, 0x46, 0x21, 0x05, 0x19,
    0x04, 0x19, 0x46, 0x21, 0x46, 0x21, 0x25, 0x21, 0x87, 0x29, 0xa7, 0x31, 0x66, 0x29, 0x66, 0x29,
    0x87, 0x29, 0x86, 0x29, 0xe4, 0x18, 0xa3, 0x10, 0xa3, 0x10, 0xc4, 0x10, 0x04, 0x19, 0x46, 0x21,
    0xa7, 0x31, 0x29, 0x42, 0x29, 0x42, 0x49, 0x42, 0xa7, 0x31, 0xe4, 0x18, 0x21, 0x00, 0x00, 0x00,
    0x00, 0x00, 0x21, 0x00, 0xa3, 0x10, 0x09, 0x42, 0x2d, 0x63, 0x4a, 0x42, 0x45, 0x21, 0xc4, 0x18,
    0xa3, 0x10, 0xe4, 0x18, 0x66, 0x29, 0x46, 0x21, 0x46, 0x21, 0xa7, 0x31, 0x87, 0x31, 0x87, 0x29,
    0x87, 0x29, 0x87, 0x31, 0x25, 0x21, 0xc4, 0x10, 0x83, 0x08, 0x62, 0x08, 0xa3, 0x10, 0xe4, 0x18,
    0x46, 0x21, 0xe8, 0x39, 0x08, 0x3a, 0x09, 0x3a, 0xa7, 0x31, 0xe4, 0x18, 0x21, 0x00, 0x00, 0x00,
    0x00, 0x00, 0x21, 0x00, 0xa3, 0x10, 0xa7, 0x31, 0xcc, 0x5a, 0xcc, 0x52, 0xc8, 0x39, 0x45, 0x21,
    0xe4, 0x18, 0x05, 0x21, 0x66, 0x29, 0x46, 0x29, 0x25, 0x21, 0x86, 0x29, 0xa7, 0x31, 0xa7, 0x31,
    0x87, 0x31, 0x87, 0x31, 0x46, 0x29, 0xe4, 0x18, 0x83, 0x08, 0x41, 0x00, 0x41, 0x00, 0x83, 0x08,
    0xc3, 0x10, 0x25, 0x21, 0xa7, 0x31, 0xc8, 0x31, 0xa7, 0x31, 0xe4, 0x18, 0x21, 0x00, 0x00, 0x00,
    0x00, 0x00, 0x21, 0x00, 0xa3, 0x10, 0x46, 0x29, 0x09, 0x3a, 0x6a, 0x4a, 0x6a, 0x4a, 0x09, 0x3a,
    0xa7, 0x31, 0x87, 0x29, 0x46, 0x21, 0x25, 0x21, 0xe4, 0x18, 0x25, 0x21, 0x87, 0x29, 0xc7, 0x31,
    0xa7, 0x31, 0xa7, 0x31, 0x66, 0x29, 0x25, 0x21, 0xa3, 0x10, 0x42, 0x00, 0x21, 0x00, 0x42, 0x00,
    0x62, 0x08, 0x83, 0x10, 0x04, 0x19, 0x66, 0x29, 0x66, 0x29, 0xe4, 0x18, 0x21, 0x00, 0x00, 0x00,
    0x00, 0x00, 0x21, 0x00, 0x83, 0x10, 0x25, 0x21, 0x66, 0x29, 0x86, 0x29, 0x66, 0x29, 0x46, 0x21,
    0x05, 0x19, 0xc4, 0x10, 0xa3, 0x10, 0xa3, 0x10, 0xc3, 0x10, 0x05, 0x19, 0x46, 0x29, 0xa7, 0x31,
    0xa7, 0x31, 0x87, 0x31, 0x66, 0x29, 0x45, 0x21, 0xc4, 0x18, 0x82, 0x08, 0x42, 0x00, 0x42, 0x00,
    0x42, 0x00, 0x42, 0x08, 0x82, 0x08, 0xc4, 0x10, 0xc4, 0x10, 0x82, 0x08, 0x21, 0x00, 0x00, 0x00,
    0x00, 0x00, 0x21, 0x00, 0x82, 0x08, 0x05, 0x19, 0x45, 0x21, 0x25, 0x21, 0x05, 0x19, 0x04, 0x19,
    0xc4, 0x10, 0x83, 0x10, 0x83, 0x08, 0xa3, 0x10, 0xc3, 0x10, 0xe4, 0x18, 0x25, 0x21, 0x66, 0x29,
    0x87, 0x29, 0x87, 0x29, 0x66, 0x29, 0x46, 0x21, 0x05, 0x19, 0xc3, 0x10, 0x82, 0x08, 0x82, 0x08,
    0x62, 0x08, 0x62, 0x08, 0x62, 0x08, 0x83, 0x10, 0x83, 0x08, 0x42, 0x08, 0x01, 0x00, 0x00, 0x00,
    0x00, 0x00, 0x41, 0x00, 0x83, 0x08, 0xc4, 0x18, 0xe4, 0x18, 0x04, 0x19, 0xe4, 0x18, 0x04, 0x19,
    0xe4, 0x18, 0xe4, 0x18, 0xc4, 0x18, 0xe4, 0x18, 0xe4, 0x18, 0xe4, 0x18, 0x05, 0x19, 0x46, 0x29,
    0x87, 0x29, 0xc8, 0x31, 0xe8, 0x39, 0xe8, 0x39, 0xc8, 0x31, 0x66, 0x29, 0x25, 0x21, 0xe4, 0x18,
    0xa3, 0x10, 0x83, 0x08, 0x82, 0x08, 0x83, 0x10, 0x62, 0x08, 0x42, 0x00, 0x01, 0x00, 0x00, 0x00,
    0x00, 0x00, 0x62, 0x08, 0xc4, 0x18, 0xc4, 0x18, 0xa3, 0x10, 0xa3, 0x10, 0xc3, 0x10, 0xe4, 0x18,
    0x04, 0x19, 0x05, 0x21, 0x25, 0x21, 0x46, 0x21, 0x45, 0x21, 0x25, 0x21, 0x05, 0x21, 0x45, 0x21,
    0x87, 0x31, 0x09, 0x3a, 0x09, 0x42, 0x09, 0x3a, 0xc8, 0x39, 0xa7, 0x31, 0xa7, 0x31, 0x87, 0x31,
    0x25, 0x21, 0xc4, 0x10, 0xa3, 0x10, 0xa3, 0x10, 0x62, 0x08, 0x41, 0x00, 0x00, 0x00, 0x00, 0x00,
    0x00, 0x00, 0x62, 0x08, 0x25, 0x21, 0x05, 0x21, 0x82, 0x08, 0x62, 0x08, 0x62, 0x08, 0xc3, 0x10,
    0xe4, 0x18, 0x25, 0x21, 0x46, 0x29, 0x87, 0x29, 0x87, 0x29, 0x66, 0x29, 0x45, 0x21, 0x25, 0x21,
    0x66, 0x29, 0xe8, 0x39, 0xe8, 0x39, 0xa7, 0x31, 0x87, 0x29, 0x87, 0x29, 0xa7, 0x31, 0xe8, 0x39,
    0xa7, 0x31, 0x25, 0x21, 0xe4, 0x18, 0xc4, 0x18, 0x83, 0x08, 0x41, 0x00, 0x00, 0x00, 0x00, 0x00,
    0x00, 0x00, 0x62, 0x08, 0x25, 0x21, 0x66, 0x29, 0x83, 0x08, 0x41, 0x00, 0x21, 0x00, 0x82, 0x08,
    0xc3, 0x10, 0x05, 0x21, 0x66, 0x29, 0xa7, 0x31, 0xc7, 0x31, 0xa7, 0x31, 0x66, 0x29, 0x46, 0x21,
    0x25, 0x21, 0xa7, 0x31, 0xc8, 0x31, 0x87, 0x31, 0x66, 0x29, 0x87, 0x29, 0xc7, 0x31, 0x09, 0x3a,
    0xe8, 0x39, 0x66, 0x29, 0x05, 0x19, 0x04, 0x19, 0xa3, 0x10, 0x42, 0x00, 0x00, 0x00, 0x00, 0x00,
    0x00, 0x00, 0x62, 0x08, 0x46, 0x21, 0x66, 0x29, 0x83, 0x10, 0x21, 0x00, 0x21, 0x00, 0x42, 0x00,
    0x82, 0x08, 0xe4, 0x18, 0x46, 0x29, 0xc7, 0x31, 0xc8, 0x31, 0xc7, 0x31, 0xa7, 0x31, 0x87, 0x29,
    0x25, 0x21, 0x25, 0x21, 0x87, 0x29, 0xc7, 0x31, 0x87, 0x31, 0xa7, 0x31, 0x08, 0x3a, 0x6a, 0x4a,
    0x29, 0x42, 0x87, 0x29, 0x25, 0x21, 0x25, 0x21, 0xc4, 0x10, 0x42, 0x08, 0x00, 0x00, 0x00, 0x00,
    0x00, 0x00, 0x62, 0x08, 0x05, 0x19, 0x25, 0x21, 0x83, 0x10, 0x21, 0x00, 0x00, 0x00, 0x00, 0x00,
    0x41, 0x00, 0xa3, 0x10, 0x25, 0x21, 0xa7, 0x31, 0xc7, 0x31, 0xa7, 0x31, 0xa7, 0x31, 0xc8, 0x31,
    0x46, 0x21, 0xe4, 0x18, 0xe4, 0x18, 0x25, 0x21, 0x46, 0x29, 0x66, 0x29, 0xc7, 0x31, 0x49, 0x42,
    0x4a, 0x4a, 0xa7, 0x31, 0x25, 0x21, 0x25, 0x21, 0xe4, 0x18, 0x62, 0x08, 0x00, 0x00, 0x00, 0x00,
    0x00, 0x00, 0x21, 0x00, 0x83, 0x08, 0xc4, 0x18, 0x83, 0x08, 0x21, 0x00, 0x00, 0x00, 0x00, 0x00,
    0x21, 0x00, 0x62, 0x08, 0xe4, 0x18, 0x87, 0x31, 0xa7, 0x31, 0x87, 0x29, 0x87, 0x31, 0xc8, 0x39,
    0xa7, 0x31, 0xe4, 0x18, 0x83, 0x08, 0xa3, 0x10, 0xa3, 0x10, 0xa3, 0x10, 0xc4, 0x18, 0x87, 0x29,
    0x4a, 0x42, 0x29, 0x42, 0x25, 0x21, 0x05, 0x21, 0xe4, 0x18, 0x82, 0x08, 0x01, 0x00, 0x00, 0x00,
    0x00, 0x00, 0x21, 0x00, 0x82, 0x08, 0xe4, 0x18, 0xa3, 0x10, 0x41, 0x00, 0x00, 0x00, 0x21, 0x00,
    0x42, 0x00, 0x83, 0x08, 0x05, 0x19, 0xe8, 0x39, 0x29, 0x42, 0xe8, 0x39, 0xa7, 0x31, 0xe8, 0x39,
    0xe8, 0x39, 0x45, 0x21, 0x83, 0x08, 0x83, 0x08, 0x83, 0x10, 0x83, 0x10, 0xa3, 0x10, 0x25, 0x21,
    0x29, 0x42, 0x6a, 0x4a, 0x87, 0x31, 0x05, 0x21, 0xe4, 0x18, 0x83, 0x10, 0x21, 0x00, 0x00, 0x00,
    0x00, 0x00, 0x21, 0x00, 0x82, 0x08, 0x05, 0x19, 0xe4, 0x18, 0x62, 0x08, 0x21, 0x00, 0x21, 0x00,
    0xa3, 0x10, 0x45, 0x21, 0xc8, 0x31, 0x8a, 0x4a, 0x0c, 0x5b, 0xec, 0x5a, 0x8b, 0x4a, 0x4a, 0x4a,
    0x29, 0x42, 0xa7, 0x31, 0xc3, 0x10, 0x62, 0x08, 0x62, 0x08, 0x83, 0x08, 0xa3, 0x10, 0xe4, 0x18,
    0xc8, 0x39, 0x6a, 0x4a, 0x09, 0x3a, 0x25, 0x21, 0xe4, 0x18, 0xa3, 0x10, 0x21, 0x00, 0x00, 0x00,
    0x00, 0x00, 0x21, 0x00, 0x62, 0x08, 0x04, 0x19, 0x05, 0x19, 0x83, 0x10, 0x21, 0x00, 0x21, 0x00,
    0xc3, 0x10, 0x87, 0x29, 0x87, 0x29, 0xa7, 0x31, 0x29, 0x42, 0x6a, 0x4a, 0x8b, 0x4a, 0xcc, 0x52,
    0x8b, 0x52, 0xe8, 0x39, 0x05, 0x21, 0x82, 0x08, 0x42, 0x00, 0x62, 0x08, 0x83, 0x08, 0xc4, 0x10,
    0x86, 0x29, 0x29, 0x42, 0x4a, 0x42, 0x66, 0x29, 0xe4, 0x18, 0xa3, 0x10, 0x41, 0x00, 0x00, 0x00,
    0x00, 0x00, 0x21, 0x00, 0x62, 0x08, 0xe4, 0x18, 0x05, 0x21, 0xc4, 0x10, 0x42, 0x00, 0x21, 0x00,
    0x83, 0x08, 0x66, 0x29, 0x66, 0x29, 0x46, 0x21, 0x87, 0x31, 0x09, 0x3a, 0x4a, 0x42, 0xcb, 0x52,
    0xcc, 0x5a, 0x29, 0x42, 0x66, 0x29, 0xc4, 0x10, 0x42, 0x00, 0x41, 0x00, 0x42, 0x08, 0x83, 0x10,
    0x05, 0x19, 0xc7, 0x31, 0x29, 0x42, 0xa7, 0x31, 0x05, 0x19, 0xa3, 0x10, 0x41, 0x00, 0x00, 0x00,
    0x00, 0x00, 0x82, 0x08, 0x46, 0x21, 0x29, 0x42, 0xcc, 0x52, 0x6a, 0x4a, 0x87, 0x31, 0xe4, 0x18,
    0x83, 0x08, 0x62, 0x08, 0x83, 0x08, 0xc4, 0x10, 0x46, 0x21, 0x66, 0x29, 0x05, 0x21, 0xc4, 0x10,
    0xc4, 0x10, 0xe4, 0x18, 0x46, 0x21, 0x05, 0x19, 0x25, 0x21, 0x05, 0x19, 0xc4, 0x10, 0xe4, 0x18,
    0x25, 0x21, 0x25, 0x21, 0x25, 0x21, 0xa3, 0x10, 0x62, 0x08, 0x41, 0x00, 0x41, 0x00, 0x00, 0x00,
    0x00, 0x00, 0x62, 0x08, 0x25, 0x21, 0xc8, 0x31, 0x29, 0x42, 0x09, 0x3a, 0xa7, 0x31, 0x25, 0x21,
    0xe4, 0x18, 0xa3, 0x10, 0xa3, 0x10, 0xc4, 0x10, 0x25, 0x21, 0x66, 0x29, 0x46, 0x21, 0x04, 0x19,
    0xe4, 0x18, 0xe4, 0x18, 0x46, 0x21, 0x46, 0x29, 0x66, 0x29, 0xe4, 0x18, 0x83, 0x08, 0x83, 0x10,
    0xc3, 0x10, 0xc4, 0x10, 0xc3, 0x10, 0x83, 0x10, 0x82, 0x08, 0x42, 0x00, 0x21, 0x00, 0x00, 0x00,
    0x00, 0x00, 0x42, 0x08, 0xc4, 0x10, 0x46, 0x21, 0xa7, 0x31, 0xc8, 0x31, 0xc7, 0x31, 0x66, 0x29,
    0x45, 0x21, 0xe4, 0x18, 0xc4, 0x18, 0xe4, 0x18, 0x25, 0x21, 0x66, 0x29, 0x66, 0x29, 0x25, 0x21,
    0x25, 0x21, 0x05, 0x19, 0x25, 0x21, 0x46, 0x21, 0x46, 0x21, 0xc4, 0x18, 0x82, 0x08, 0x62, 0x08,
    0x62, 0x08, 0x62, 0x08, 0x82, 0x08, 0x82, 0x08, 0x82, 0x08, 0x42, 0x00, 0x21, 0x00, 0x00, 0x00,
    0x00, 0x00, 0x42, 0x00, 0xc4, 0x18, 0x66, 0x29, 0xc7, 0x31, 0xc8, 0x31, 0xa7, 0x31, 0x87, 0x31,
    0x87, 0x29, 0x46, 0x29, 0x25, 0x21, 0x25, 0x21, 0x46, 0x21, 0x46, 0x29, 0x66, 0x29, 0x46, 0x21,
    0x46, 0x21, 0x25, 0x21, 0x05, 0x19, 0x05, 0x19, 0x05, 0x19, 0xc4, 0x18, 0xa3, 0x10, 0x83, 0x08,
    0x83, 0x10, 0x83, 0x08, 0x62, 0x08, 0x62, 0x08, 0x82, 0x08, 0x42, 0x00, 0x21, 0x00, 0x00, 0x00,
    0x00, 0x00, 0x42, 0x00, 0xc4, 0x10, 0x66, 0x29, 0xc7, 0x31, 0xc7, 0x31, 0xa7, 0x31, 0xa7, 0x31,
    0xa7, 0x31, 0xa7, 0x31, 0x87, 0x29, 0x66, 0x29, 0x87, 0x29, 0x87, 0x29, 0x87, 0x29, 0x66, 0x29,
    0x66, 0x29, 0x46, 0x21, 0x25, 0x21, 0x04, 0x19, 0xe4, 0x18, 0xe4, 0x18, 0xc4, 0x10, 0xa3, 0x10,
    0xc3, 0x10, 0xa3, 0x10, 0x83, 0x08, 0x62, 0x08, 0x62, 0x08, 0x42, 0x00, 0x21, 0x00, 0x00, 0x00,
    0x00, 0x00, 0x42, 0x00, 0xc4, 0x10, 0x45, 0x21, 0x87, 0x29, 0x87, 0x29, 0x87, 0x29, 0x87, 0x31,
    0xc7, 0x31, 0xc8, 0x31, 0xc8, 0x31, 0xc8, 0x31, 0x09, 0x42, 0x49, 0x42, 0x29, 0x42, 0x09, 0x3a,
    0x09, 0x3a, 0xa7, 0x31, 0x66, 0x29, 0x25, 0x21, 0x05, 0x21, 0xe4, 0x18, 0xc4, 0x18, 0xc4, 0x18,
    0xe4, 0x18, 0xc4, 0x10, 0xa3, 0x10, 0x83, 0x08, 0x82, 0x08, 0x42, 0x00, 0x21, 0x00, 0x00, 0x00,
    0x00, 0x00, 0x42, 0x00, 0xc3, 0x10, 0x05, 0x21, 0x46, 0x21, 0x45, 0x21, 0x46, 0x21, 0x66, 0x29,
    0xa7, 0x31, 0xc8, 0x31, 0xc8, 0x39, 0xe8, 0x39, 0x4a, 0x42, 0x8b, 0x4a, 0x6a, 0x4a, 0x29, 0x42,
    0x29, 0x42, 0x09, 0x42, 0xc8, 0x31, 0x66, 0x29, 0x66, 0x29, 0x25, 0x21, 0xe4, 0x18, 0xe4, 0x18,
    0xe4, 0x18, 0xe4, 0x18, 0xc3, 0x10, 0x83, 0x10, 0x83, 0x08, 0x42, 0x00, 0x00, 0x00, 0x00, 0x00,
    0x00, 0x00, 0x42, 0x08, 0xc4, 0x10, 0x05, 0x19, 0x05, 0x21, 0xe4, 0x18, 0xe4, 0x18, 0x25, 0x21,
    0x87, 0x29, 0xc8, 0x31, 0xc8, 0x31, 0xa7, 0x31, 0x09, 0x3a, 0x6a, 0x4a, 0x6a, 0x4a, 0x29, 0x42,
    0x29, 0x42, 0x09, 0x42, 0xe8, 0x39, 0x87, 0x31, 0x87, 0x31, 0x66, 0x29, 0x25, 0x21, 0xe4, 0x18,
    0xe4, 0x18, 0xe4, 0x18, 0xe4, 0x18, 0xe4, 0x18, 0xa3, 0x10, 0x42, 0x00, 0x00, 0x00, 0x00, 0x00,
    0x00, 0x00, 0x42, 0x08, 0xe4, 0x18, 0x25, 0x21, 0x04, 0x19, 0xa3, 0x10, 0xa3, 0x10, 0xc4, 0x10,
    0x45, 0x21, 0xa7, 0x31, 0xc8, 0x31, 0xa7, 0x31, 0x87, 0x31, 0xc8, 0x31, 0x29, 0x42, 0x4a, 0x42,
    0x29, 0x42, 0xe8, 0x39, 0xa7, 0x31, 0x66, 0x29, 0x87, 0x31, 0xa7, 0x31, 0x87, 0x29, 0x25, 0x21,
    0x04, 0x19, 0xe4, 0x18, 0x46, 0x29, 0x86, 0x29, 0x25, 0x21, 0x62, 0x08, 0x00, 0x00, 0x00, 0x00,
    0x00, 0x00, 0x42, 0x00, 0xe4, 0x18, 0x46, 0x21, 0x05, 0x19, 0xa3, 0x10, 0x62, 0x08, 0x62, 0x08,
    0xe4, 0x18, 0x66, 0x29, 0xc8, 0x31, 0xa7, 0x31, 0x66, 0x29, 0x25, 0x21, 0x46, 0x29, 0x87, 0x31,
    0xc8, 0x31, 0x46, 0x21, 0x25, 0x21, 0x25, 0x21, 0x66, 0x29, 0x87, 0x29, 0xa7, 0x31, 0x87, 0x31,
    0x25, 0x21, 0xe4, 0x18, 0x86, 0x29, 0x66, 0x29, 0x66, 0x29, 0x83, 0x10, 0x21, 0x00, 0x00, 0x00,
    0x00, 0x00, 0x42, 0x00, 0xc4, 0x10, 0x66, 0x29, 0x46, 0x21, 0xa3, 0x10, 0x42, 0x08, 0x42, 0x00,
    0x83, 0x08, 0x05, 0x19, 0xa7, 0x31, 0xa7, 0x31, 0x66, 0x29, 0x05, 0x19, 0x04, 0x19, 0x25, 0x21,
    0xa7, 0x31, 0x46, 0x21, 0xe4, 0x18, 0xe4, 0x18, 0x46, 0x21, 0x66, 0x29, 0x87, 0x31, 0xc7, 0x31,
    0x87, 0x31, 0x04, 0x19, 0x86, 0x29, 0xe4, 0x18, 0xe4, 0x18, 0xc4, 0x10, 0x21, 0x00, 0x00, 0x00,
    0x00, 0x00, 0x41, 0x00, 0xa3, 0x10, 0x66, 0x29, 0x87, 0x31, 0xe4, 0x18, 0x62, 0x08, 0x41, 0x00,
    0x62, 0x08, 0xa3, 0x10, 0x66, 0x29, 0xc7, 0x31, 0x86, 0x29, 0x05, 0x19, 0xc4, 0x18, 0xe4, 0x18,
    0x66, 0x29, 0x87, 0x29, 0xe4, 0x18, 0xa3, 0x10, 0x04, 0x19, 0x25, 0x21, 0x66, 0x29, 0xa7, 0x31,
    0xc8, 0x31, 0x46, 0x21, 0x87, 0x29, 0xc4, 0x10, 0xa3, 0x10, 0xc3, 0x10, 0x21, 0x00, 0x00, 0x00,
    0x00, 0x00, 0x41, 0x00, 0x83, 0x08, 0x46, 0x29, 0x29, 0x42, 0xe8, 0x39, 0x66, 0x29, 0x05, 0x19,
    0xe4, 0x18, 0xc3, 0x10, 0x05, 0x21, 0xa7, 0x31, 0xa7, 0x31, 0x25, 0x21, 0xc4, 0x10, 0xc4, 0x10,
    0x45, 0x21, 0xa7, 0x31, 0x25, 0x21, 0xa3, 0x10, 0xa3, 0x10, 0xe4, 0x18, 0x25, 0x21, 0x66, 0x29,
    0xc8, 0x31, 0xa7, 0x31, 0xe8, 0x39, 0x25, 0x21, 0xc4, 0x10, 0xa3, 0x10, 0x41, 0x00, 0x00, 0x00,
    0x00, 0x00, 0x21, 0x00, 0x82, 0x08, 0x25, 0x21, 0x8b, 0x52, 0xcc, 0x52, 0x29, 0x42, 0xa7, 0x31,
    0xa7, 0x31, 0x46, 0x29, 0x25, 0x21, 0x66, 0x29, 0xc8, 0x31, 0x66, 0x29, 0xe4, 0x18, 0xc4, 0x10,
    0x05, 0x21, 0x86, 0x29, 0x66, 0x29, 0xc4, 0x10, 0x83, 0x08, 0x83, 0x08, 0xc4, 0x10, 0x05, 0x19,
    0x86, 0x29, 0xa7, 0x31, 0x09, 0x3a, 0xa7, 0x31, 0x04, 0x19, 0xc3, 0x10, 0x42, 0x08, 0x00, 0x00,
    0x00, 0x00, 0x21, 0x00, 0x82, 0x08, 0xe4, 0x18, 0x4a, 0x4a, 0x0d, 0x5b, 0x6a, 0x4a, 0xc8, 0x31,
    0xa7, 0x31, 0xa7, 0x31, 0x46, 0x29, 0x46, 0x21, 0xc8, 0x31, 0x87, 0x31, 0x25, 0x21, 0xe4, 0x18,
    0x05, 0x19, 0x66, 0x29, 0x86, 0x29, 0x05, 0x21, 0xa3, 0x10, 0x62, 0x08, 0x62, 0x08, 0xa3, 0x10,
    0x05, 0x19, 0x66, 0x29, 0xc8, 0x31, 0x09, 0x3a, 0x25, 0x21, 0xa3, 0x10, 0x42, 0x08, 0x00, 0x00,
    0x00, 0x00, 0x21, 0x00, 0x83, 0x08, 0xe4, 0x18, 0xc7, 0x31, 0xab, 0x52, 0xcb, 0x52, 0x29, 0x42,
    0xe8, 0x39, 0xa7, 0x31, 0x66, 0x29, 0x25, 0x21, 0x87, 0x31, 0xc8, 0x31, 0x66, 0x29, 0x05, 0x21,
    0x05, 0x21, 0x46, 0x21, 0x86, 0x29, 0x46, 0x21, 0xe4, 0x18, 0x83, 0x08, 0x42, 0x08, 0x62, 0x08,
    0xa3, 0x10, 0xe4, 0x18, 0x46, 0x21, 0x29, 0x42, 0x87, 0x29, 0xe4, 0x18, 0x42, 0x08, 0x00, 0x00,
    0x00, 0x00, 0x41, 0x00, 0x83, 0x10, 0xe4, 0x18, 0x66, 0x29, 0xc8, 0x31, 0x09, 0x42, 0xe8, 0x39,
    0xc7, 0x31, 0x66, 0x29, 0x05, 0x21, 0x04, 0x19, 0x66, 0x29, 0xc7, 0x31, 0xa7, 0x31, 0x66, 0x29,
    0x46, 0x21, 0x66, 0x29, 0x86, 0x29, 0x66, 0x29, 0x25, 0x21, 0xc4, 0x10, 0x82, 0x08, 0x62, 0x08,
    0x83, 0x08, 0xa3, 0x10, 0xe4, 0x18, 0x66, 0x29, 0xa7, 0x31, 0xe4, 0x18, 0x42, 0x00, 0x00, 0x00,
    0x00, 0x00, 0x41, 0x00, 0xa3, 0x10, 0x05, 0x19, 0x66, 0x29, 0x86, 0x29, 0x87, 0x29, 0x66, 0x29,
    0x45, 0x21, 0x05, 0x19, 0xe4, 0x18, 0x04, 0x19, 0x66, 0x29, 0xa7, 0x31, 0xa7, 0x31, 0x87, 0x31,
    0x87, 0x29, 0x87, 0x29, 0x87, 0x29, 0x66, 0x29, 0x66, 0x29, 0x05, 0x19, 0xc4, 0x10, 0x83, 0x10,
    0xa3, 0x10, 0xa3, 0x10, 0xc4, 0x10, 0xe4, 0x18, 0x25, 0x21, 0xc4, 0x10, 0x21, 0x00, 0x00, 0x00,
    0x00, 0x00, 0x41, 0x00, 0xa3, 0x10, 0x05, 0x19, 0x66, 0x29, 0x66, 0x29, 0x86, 0x29, 0x66, 0x29,
    0x66, 0x29, 0x46, 0x29, 0x45, 0x21, 0x45, 0x21, 0x66, 0x29, 0x87, 0x31, 0xa7, 0x31, 0xa7, 0x31,
    0xc7, 0x31, 0xa7, 0x31, 0x87, 0x31, 0x86, 0x29, 0x66, 0x29, 0x46, 0x21, 0x05, 0x19, 0xe4, 0x18,
    0xe4, 0x18, 0xc4, 0x18, 0xc4, 0x10, 0xc4, 0x10, 0xc4, 0x10, 0x83, 0x08, 0x21, 0x00, 0x00, 0x00,
    0x00, 0x00, 0x41, 0x00, 0x83, 0x10, 0x04, 0x19, 0x46, 0x29, 0x66, 0x29, 0x66, 0x29, 0x66, 0x29,
    0x87, 0x31, 0xa7, 0x31, 0xa7, 0x31, 0x87, 0x31, 0xa7, 0x31, 0xa7, 0x31, 0xa7, 0x31, 0xa7, 0x31,
    0xc7, 0x31, 0xc7, 0x31, 0xc7, 0x31, 0xa7, 0x31, 0xa7, 0x31, 0x86, 0x29, 0x46, 0x21, 0x25, 0x21,
    0x25, 0x21, 0x05, 0x19, 0xe4, 0x18, 0xc4, 0x10, 0xa3, 0x10, 0x62, 0x08, 0x21, 0x00, 0x00, 0x00,
    0x00, 0x00, 0x42, 0x08, 0xa3, 0x10, 0xe4, 0x18, 0x25, 0x21, 0x45, 0x21, 0x46, 0x21, 0x66, 0x29,
    0x87, 0x31, 0xc7, 0x31, 0xc8, 0x39, 0xc8, 0x39, 0xe8, 0x39, 0xc8, 0x31, 0xa7, 0x31, 0x87, 0x31,
    0xa7, 0x31, 0xe8, 0x39, 0x29, 0x42, 0x4a, 0x42, 0x4a, 0x42, 0x29, 0x42, 0xc8, 0x39, 0x86, 0x29,
    0x66, 0x29, 0x25, 0x21, 0x05, 0x19, 0xe4, 0x18, 0xc3, 0x10, 0x62, 0x08, 0x21, 0x00, 0x00, 0x00,
    0x00, 0x00, 0x62, 0x08, 0xe4, 0x18, 0xc4, 0x10, 0xe4, 0x18, 0xe4, 0x18, 0x05, 0x19, 0x25, 0x21,
    0x87, 0x29, 0xa7, 0x31, 0xe8, 0x39, 0xe8, 0x39, 0xe8, 0x39, 0xe8, 0x39, 0xc7, 0x31, 0xa7, 0x31,
    0xa7, 0x31, 0xc8, 0x39, 0x4a, 0x42, 0x6a, 0x4a, 0x6a, 0x4a, 0x4a, 0x42, 0x29, 0x42, 0xe8, 0x39,
    0x87, 0x29, 0x46, 0x21, 0x25, 0x21, 0xe4, 0x18, 0xc4, 0x10, 0x62, 0x08, 0x21, 0x00, 0x00, 0x00,
    0x00, 0x00, 0x82, 0x08, 0x05, 0x19, 0xe4, 0x18, 0xc4, 0x10, 0xa3, 0x10, 0xc3, 0x10, 0xe4, 0x18,
    0x46, 0x29, 0xa7, 0x31, 0xc8, 0x31, 0xc8, 0x31, 0xc8, 0x39, 0xc8, 0x31, 0xc8, 0x31, 0xa7, 0x31,
    0x87, 0x31, 0x87, 0x29, 0xe8, 0x39, 0x29, 0x42, 0x4a, 0x4a, 0x6a, 0x4a, 0x6a, 0x4a, 0x29, 0x42,
    0xe8, 0x39, 0x46, 0x29, 0x25, 0x21, 0x04, 0x19, 0xe4, 0x18, 0x62, 0x08, 0x21, 0x00, 0x00, 0x00,
    0x00, 0x00, 0x62, 0x08, 0xe4, 0x18, 0xe4, 0x18, 0xa3, 0x10, 0x83, 0x08, 0x82, 0x08, 0xa3, 0x10,
    0x05, 0x19, 0x86, 0x29, 0xc7, 0x31, 0xa7, 0x31, 0xa7, 0x31, 0x87, 0x29, 0xa7, 0x31, 0xa7, 0x31,
    0xa7, 0x31, 0x46, 0x29, 0x46, 0x29, 0xa7, 0x31, 0x09, 0x3a, 0x4a, 0x42, 0x6a, 0x4a, 0x8a, 0x4a,
    0x29, 0x42, 0xa7, 0x31, 0x05, 0x19, 0xe4, 0x18, 0xe4, 0x18, 0x82, 0x08, 0x21, 0x00, 0x00, 0x00,
    0x00, 0x00, 0x42, 0x00, 0xa3, 0x10, 0xe4, 0x18, 0xc3, 0x10, 0x62, 0x08, 0x42, 0x00, 0x62, 0x08,
    0xc3, 0x10, 0x45, 0x21, 0xa7, 0x31, 0xa7, 0x31, 0x66, 0x29, 0x46, 0x21, 0x66, 0x29, 0x87, 0x31,
    0xc8, 0x31, 0x66, 0x29, 0x04, 0x19, 0xe4, 0x18, 0x25, 0x21, 0x66, 0x29, 0xc8, 0x39, 0x4a, 0x4a,
    0x29, 0x42, 0xc8, 0x31, 0x25, 0x21, 0xc4, 0x10, 0xc4, 0x10, 0x83, 0x08, 0x21, 0x00, 0x00, 0x00,
    0x00, 0x00, 0x41, 0x00, 0x83, 0x08, 0xe4, 0x18, 0xe4, 0x18, 0x82, 0x08, 0x42, 0x00, 0x21, 0x00,
    0x62, 0x08, 0xe4, 0x18, 0x66, 0x29, 0xa7, 0x31, 0x66, 0x29, 0x25, 0x21, 0x05, 0x21, 0x66, 0x29,
    0xc8, 0x31, 0x87, 0x29, 0xe4, 0x18, 0xa3, 0x10, 0xe4, 0x18, 0x04, 0x19, 0x66, 0x29, 0x29, 0x42,
    0x29, 0x42, 0xa7, 0x31, 0x66, 0x29, 0xa3, 0x10, 0xa3, 0x10, 0x82, 0x08, 0x21, 0x00, 0x00, 0x00,
    0x00, 0x00, 0x42, 0x00, 0x62, 0x08, 0xe4, 0x18, 0x05, 0x19, 0x83, 0x10, 0x42, 0x00, 0x21, 0x00,
    0x42, 0x08, 0xa3, 0x10, 0x45, 0x21, 0xa7, 0x31, 0x86, 0x29, 0x05, 0x21, 0xe4, 0x18, 0x05, 0x21,
    0xa7, 0x31, 0xc7, 0x31, 0x25, 0x21, 0xa3, 0x10, 0xa3, 0x10, 0xc4, 0x10, 0x05, 0x19, 0xe8, 0x39,
    0x29, 0x42, 0xc7, 0x31, 0x87, 0x29, 0xa3, 0x10, 0x83, 0x10, 0x62, 0x08, 0x21, 0x00, 0x00, 0x00,
    0x00, 0x00, 0x41, 0x00, 0x62, 0x08, 0xc4, 0x10, 0x25, 0x21, 0xc4, 0x10, 0x42, 0x08, 0x21, 0x00,
    0x42, 0x00, 0xa3, 0x10, 0x87, 0x29, 0x4a, 0x4a, 0x6a, 0x4a, 0xc8, 0x39, 0x45, 0x21, 0x04, 0x19,
    0x66, 0x29, 0xc8, 0x31, 0x66, 0x29, 0xa3, 0x10, 0x83, 0x08, 0xa3, 0x10, 0xc4, 0x10, 0x87, 0x29,
    0xe8, 0x39, 0xe8, 0x39, 0xa7, 0x31, 0xc4, 0x18, 0x83, 0x08, 0x62, 0x08, 0x21, 0x00, 0x00, 0x00,
    0x00, 0x00, 0x21, 0x00, 0x62, 0x08, 0xa3, 0x10, 0x25, 0x21, 0xe4, 0x18, 0x83, 0x08, 0x41, 0x00,
    0x42, 0x00, 0xe4, 0x18, 0xe8, 0x39, 0xab, 0x52, 0x0d, 0x63, 0xab, 0x52, 0x09, 0x42, 0x66, 0x29,
    0x46, 0x21, 0xa7, 0x31, 0xa7, 0x31, 0x05, 0x19, 0x83, 0x10, 0x62, 0x08, 0x83, 0x08, 0x25, 0x21,
    0xa7, 0x31, 0xe8, 0x39, 0xc7, 0x31, 0x45, 0x21, 0x83, 0x08, 0x62, 0x08, 0x21, 0x00, 0x00, 0x00,
    0x00, 0x00, 0x21, 0x00, 0x62, 0x08, 0x83, 0x08, 0x05, 0x19, 0x05, 0x19, 0xc3, 0x10, 0x62, 0x08,
    0x42, 0x08, 0xc4, 0x10, 0xc7, 0x31, 0x6a, 0x4a, 0xec, 0x5a, 0xcc, 0x52, 0x6a, 0x4a, 0xe8, 0x39,
    0x66, 0x29, 0x86, 0x29, 0xc7, 0x31, 0x66, 0x29, 0xc4, 0x10, 0x62, 0x08, 0x62, 0x08, 0xa3, 0x10,
    0x66, 0x29, 0xa7, 0x31, 0xe8, 0x39, 0xa7, 0x31, 0xa3, 0x10, 0x62, 0x08, 0x21, 0x00, 0x00, 0x00,
    0x00, 0x00, 0x42, 0x08, 0xc4, 0x10, 0x25, 0x21, 0x46, 0x29, 0xa7, 0x31, 0xe8, 0x39, 0x87, 0x29,
    0x25, 0x21, 0x05, 0x21, 0x25, 0x21, 0x66, 0x29, 0x66, 0x29, 0x25, 0x21, 0xa3, 0x10, 0x62, 0x08,
    0x62, 0x08, 0xe4, 0x18, 0xc4, 0x10, 0xe4, 0x18, 0xc4, 0x18, 0x66, 0x29, 0xe4, 0x18, 0xe4, 0x18,
    0xe4, 0x18, 0x05, 0x19, 0xc3, 0x10, 0x62, 0x08, 0x42, 0x00, 0x83, 0x08, 0x21, 0x00, 0x00, 0x00,
    0x00, 0x00, 0x42, 0x00, 0x82, 0x08, 0xc3, 0x10, 0xe4, 0x18, 0x66, 0x29, 0xc8, 0x31, 0xc8, 0x31,
    0x87, 0x29, 0x66, 0x29, 0x46, 0x21, 0x66, 0x29, 0x86, 0x29, 0x66, 0x29, 0xe4, 0x18, 0xa3, 0x10,
    0x62, 0x08, 0xe4, 0x18, 0xe4, 0x18, 0xe4, 0x18, 0x05, 0x19, 0x86, 0x29, 0x05, 0x19, 0xa3, 0x10,
    0xa3, 0x10, 0xc4, 0x10, 0xa3, 0x10, 0x82, 0x08, 0x42, 0x00, 0x62, 0x08, 0x42, 0x00, 0x00, 0x00,
    0x00, 0x00, 0x42, 0x00, 0x83, 0x08, 0xc4, 0x10, 0x04, 0x19, 0x66, 0x29, 0xa7, 0x31, 0xc8, 0x39,
    0xc8, 0x31, 0xc7, 0x31, 0xa7, 0x31, 0x87, 0x29, 0x87, 0x29, 0x86, 0x29, 0x25, 0x21, 0xc4, 0x18,
    0xa3, 0x10, 0xc4, 0x18, 0x25, 0x21, 0x25, 0x21, 0x45, 0x21, 0xa7, 0x31, 0x46, 0x21, 0xc4, 0x18,
    0xc3, 0x10, 0xc4, 0x10, 0xa3, 0x10, 0x83, 0x08, 0x42, 0x08, 0x42, 0x00, 0x41, 0x00, 0x00, 0x00,
    0x00, 0x00, 0x42, 0x08, 0xa3, 0x10, 0x05, 0x19, 0x45, 0x21, 0x66, 0x29, 0xa7, 0x31, 0xc8, 0x31,
    0xe8, 0x39, 0xe8, 0x39, 0xe8, 0x39, 0xc7, 0x31, 0xa7, 0x31, 0x87, 0x29, 0x46, 0x29, 0x05, 0x21,
    0xe4, 0x18, 0xe4, 0x18, 0x25, 0x21, 0x46, 0x29, 0x66, 0x29, 0xa7, 0x31, 0x46, 0x29, 0x05, 0x19,
    0xe4, 0x18, 0xe4, 0x18, 0xa3, 0x10, 0x83, 0x08, 0x62, 0x08, 0x42, 0x00, 0x21, 0x00, 0x00, 0x00,
    0x00, 0x00, 0x42, 0x08, 0xc4, 0x10, 0x46, 0x21, 0x86, 0x29, 0xa7, 0x31, 0xa7, 0x31, 0xc8, 0x31,
    0xe8, 0x39, 0x09, 0x3a, 0x08, 0x3a, 0xe8, 0x39, 0xa7, 0x31, 0xa7, 0x31, 0x66, 0x29, 0x46, 0x21,
    0x25, 0x21, 0x25, 0x21, 0x25, 0x21, 0x25, 0x21, 0x25, 0x21, 0x46, 0x21, 0x45, 0x21, 0x25, 0x21,
    0x05, 0x19, 0x05, 0x19, 0xc4, 0x10, 0xa3, 0x10, 0x62, 0x08, 0x42, 0x08, 0x21, 0x00, 0x00, 0x00,
    0x00, 0x00, 0x42, 0x08, 0xc4, 0x18, 0x66, 0x29, 0xa7, 0x31, 0xc8, 0x31, 0xc8, 0x31, 0xc8, 0x31,
    0xc8, 0x31, 0xe8, 0x39, 0xe8, 0x39, 0xc8, 0x31, 0xa7, 0x31, 0xc8, 0x31, 0xc8, 0x31, 0xa7, 0x31,
    0x66, 0x29, 0x66, 0x29, 0x45, 0x21, 0x05, 0x21, 0x04, 0x19, 0x05, 0x19, 0x05, 0x21, 0x25, 0x21,
    0x25, 0x21, 0x25, 0x21, 0xe4, 0x18, 0xc3, 0x10, 0x83, 0x08, 0x62, 0x08, 0x21, 0x00, 0x00, 0x00,
    0x00, 0x00, 0x62, 0x08, 0xe4, 0x18, 0x66, 0x29, 0xa7, 0x31, 0xc7, 0x31, 0xc8, 0x31, 0xc8, 0x31,
    0xc8, 0x31, 0xe8, 0x39, 0xc7, 0x31, 0xa7, 0x31, 0x87, 0x29, 0xe8, 0x39, 0x09, 0x3a, 0x09, 0x42,
    0xe8, 0x39, 0xa7, 0x31, 0x66, 0x29, 0x46, 0x21, 0x25, 0x21, 0x25, 0x21, 0x05, 0x19, 0x05, 0x19,
    0x25, 0x21, 0x66, 0x29, 0x86, 0x29, 0x46, 0x29, 0xe4, 0x18, 0x62, 0x08, 0x21, 0x00, 0x00, 0x00,
    0x00, 0x00, 0x62, 0x08, 0xe4, 0x18, 0x66, 0x29, 0x87, 0x29, 0x87, 0x31, 0x87, 0x31, 0xa7, 0x31,
    0xc8, 0x31, 0xe8, 0x39, 0xa7, 0x31, 0x66, 0x29, 0x46, 0x21, 0x87, 0x29, 0xc8, 0x39, 0x09, 0x42,
    0x09, 0x3a, 0xe8, 0x39, 0x87, 0x29, 0x66, 0x29, 0x66, 0x29, 0x46, 0x29, 0x25, 0x21, 0x04, 0x19,
    0x05, 0x21, 0xa7, 0x31, 0xc8, 0x39, 0xa7, 0x31, 0x46, 0x29, 0xa3, 0x10, 0x21, 0x00, 0x00, 0x00,
    0x00, 0x00, 0x42, 0x08, 0xc4, 0x18, 0x66, 0x29, 0x66, 0x29, 0x66, 0x29, 0x46, 0x21, 0x66, 0x29,
    0xa7, 0x31, 0xe8, 0x39, 0xa7, 0x31, 0x46, 0x21, 0x05, 0x19, 0x05, 0x19, 0x45, 0x21, 0x87, 0x29,
    0xc8, 0x31, 0xa7, 0x31, 0x66, 0x29, 0x66, 0x29, 0x86, 0x29, 0x87, 0x31, 0x66, 0x29, 0x05, 0x19,
    0xe4, 0x18, 0xc7, 0x31, 0x66, 0x29, 0x05, 0x21, 0x05, 0x19, 0xe4, 0x18, 0x21, 0x00, 0x00, 0x00,
    0x00, 0x00, 0x42, 0x00, 0xc3, 0x10, 0x66, 0x29, 0x86, 0x29, 0x46, 0x21, 0x05, 0x19, 0x25, 0x21,
    0x66, 0x29, 0xe8, 0x39, 0xc7, 0x31, 0x45, 0x21, 0xe4, 0x18, 0xc4, 0x18, 0xc4, 0x18, 0x05, 0x19,
    0x66, 0x29, 0x87, 0x31, 0x45, 0x21, 0x45, 0x21, 0x66, 0x29, 0xa7, 0x31, 0xa7, 0x31, 0x46, 0x29,
    0xe4, 0x18, 0xa7, 0x31, 0x05, 0x21, 0xa3, 0x10, 0x83, 0x10, 0xc4, 0x10, 0x21, 0x00, 0x00, 0x00,
    0x00, 0x00, 0x42, 0x00, 0xa3, 0x10, 0x46, 0x21, 0xa7, 0x31, 0x46, 0x21, 0xe4, 0x18, 0xe4, 0x18,
    0x25, 0x21, 0xc7, 0x31, 0xe8, 0x39, 0x66, 0x29, 0xe4, 0x18, 0xc3, 0x10, 0xa3, 0x10, 0xc3, 0x10,
    0x05, 0x21, 0xa7, 0x31, 0x25, 0x21, 0x05, 0x19, 0x25, 0x21, 0x86, 0x29, 0xa7, 0x31, 0x87, 0x31,
    0x05, 0x21, 0x87, 0x29, 0xe4, 0x18, 0x83, 0x10, 0x62, 0x08, 0x82, 0x08, 0x42, 0x00, 0x00, 0x00,
    0x00, 0x00, 0x41, 0x00, 0x83, 0x08, 0x25, 0x21, 0xa7, 0x31, 0x66, 0x29, 0x04, 0x19, 0xc3, 0x10,
    0xe4, 0x18, 0x66, 0x29, 0xe8, 0x39, 0x87, 0x29, 0xe4, 0x18, 0xa3, 0x10, 0x83, 0x08, 0x83, 0x10,
    0xe4, 0x18, 0x86, 0x29, 0x66, 0x29, 0xe4, 0x18, 0xe4, 0x18, 0x25, 0x21, 0x86, 0x29, 0xa7, 0x31,
    0x46, 0x29, 0x66, 0x29, 0xc4, 0x18, 0x83, 0x08, 0x62, 0x08, 0x42, 0x08, 0x42, 0x00, 0x00, 0x00,
    0x00, 0x00, 0x21, 0x00, 0x62, 0x08, 0xe4, 0x18, 0x87, 0x29, 0xc8, 0x31, 0x46, 0x21, 0xe4, 0x18,
    0xc4, 0x10, 0x25, 0x21, 0xc7, 0x31, 0xc7, 0x31, 0x25, 0x21, 0xa3, 0x10, 0x82, 0x08, 0x62, 0x08,
    0xa3, 0x10, 0x45, 0x21, 0x87, 0x29, 0x05, 0x19, 0xa3, 0x10, 0xe4, 0x18, 0x25, 0x21, 0x66, 0x29,
    0x66, 0x29, 0x66, 0x29, 0x05, 0x19, 0x83, 0x08, 0x62, 0x08, 0x42, 0x00, 0x42, 0x00, 0x00, 0x00,
    0x00, 0x00, 0x21, 0x00, 0x42, 0x08, 0xa3, 0x10, 0x66, 0x29, 0x4a, 0x42, 0x49, 0x42, 0xc8, 0x31,
    0x66, 0x29, 0x46, 0x21, 0x87, 0x29, 0xc8, 0x39, 0x66, 0x29, 0xe4, 0x18, 0x83, 0x08, 0x62, 0x08,
    0x82, 0x08, 0x04, 0x19, 0x87, 0x29, 0x46, 0x21, 0xc4, 0x10, 0xa3, 0x10, 0xc4, 0x10, 0x05, 0x21,
    0x46, 0x21, 0x46, 0x21, 0x66, 0x29, 0xa3, 0x10, 0x83, 0x10, 0x62, 0x08, 0x41, 0x00, 0x00, 0x00,
    0x00, 0x00, 0x21, 0x00, 0x42, 0x00, 0x83, 0x08, 0x25, 0x21, 0x49, 0x42, 0xab, 0x52, 0x6a, 0x4a,
    0xe8, 0x39, 0xa7, 0x31, 0x86, 0x29, 0xc8, 0x31, 0xa7, 0x31, 0x25, 0x21, 0xa3, 0x10, 0x62, 0x08,
    0x62, 0x08, 0xc4, 0x18, 0x66, 0x29, 0x66, 0x29, 0x05, 0x21, 0xc4, 0x10, 0xa3, 0x10, 0xc4, 0x10,
    0x05, 0x19, 0x25, 0x21, 0xc8, 0x31, 0xc4, 0x18, 0xa3, 0x10, 0x62, 0x08, 0x41, 0x00, 0x00, 0x00,
    0x00, 0x00, 0x41, 0x00, 0x42, 0x08, 0x82, 0x08, 0xe4, 0x18, 0xa7, 0x31, 0x6a, 0x4a, 0x6a, 0x4a,
    0x08, 0x3a, 0xa7, 0x31, 0x86, 0x29, 0xa7, 0x31, 0xc8, 0x31, 0x66, 0x29, 0xe4, 0x18, 0x83, 0x08,
    0x82, 0x08, 0xc4, 0x10, 0x45, 0x21, 0x66, 0x29, 0x46, 0x21, 0x05, 0x19, 0xc4, 0x10, 0xc4, 0x10,
    0xe4, 0x18, 0x05, 0x21, 0x87, 0x31, 0x04, 0x19, 0x83, 0x08, 0x62, 0x08, 0x21, 0x00, 0x00, 0x00,
    0x00, 0x00, 0x41, 0x00, 0x62, 0x08, 0x83, 0x08, 0xc4, 0x10, 0x46, 0x21, 0xc7, 0x31, 0xe8, 0x39,
    0xa7, 0x31, 0x87, 0x31, 0x87, 0x29, 0xa7, 0x31, 0xc8, 0x31, 0xa7, 0x31, 0x25, 0x21, 0xc4, 0x10,
    0xa3, 0x10, 0xc4, 0x10, 0x25, 0x21, 0x66, 0x29, 0x66, 0x29, 0x46, 0x29, 0x05, 0x21, 0xe4, 0x18,
    0xe4, 0x18, 0x05, 0x21, 0x46, 0x21, 0x66, 0x29, 0x83, 0x08, 0x42, 0x08, 0x21, 0x00, 0x00, 0x00,
    0x00, 0x00, 0x41, 0x00, 0x83, 0x10, 0xc3, 0x10, 0xe4, 0x18, 0x25, 0x21, 0x87, 0x29, 0xc8, 0x31,
    0xc8, 0x39, 0xe8, 0x39, 0xc8, 0x31, 0xc8, 0x31, 0xc8, 0x31, 0xc8, 0x39, 0x86, 0x29, 0x25, 0x21,
    0xe4, 0x18, 0x04, 0x19, 0x25, 0x21, 0x46, 0x29, 0x66, 0x29, 0x87, 0x29, 0x46, 0x29, 0x25, 0x21,
    0x05, 0x21, 0x25, 0x21, 0x25, 0x21, 0xa7, 0x31, 0x05, 0x19, 0x83, 0x08, 0x41, 0x00, 0x00, 0x00,
    0x00, 0x00, 0x42, 0x00, 0xa3, 0x10, 0xe4, 0x18, 0x05, 0x21, 0x46, 0x21, 0x66, 0x29, 0xa7, 0x31,
    0xe8, 0x39, 0x09, 0x42, 0x09, 0x3a, 0x08, 0x3a, 0xe8, 0x39, 0xe8, 0x39, 0xa7, 0x31, 0x66, 0x29,
    0x45, 0x21, 0x45, 0x21, 0x46, 0x21, 0x66, 0x29, 0x66, 0x29, 0x87, 0x29, 0x86, 0x29, 0x66, 0x29,
    0x45, 0x21, 0x45, 0x21, 0x25, 0x21, 0x46, 0x21, 0x46, 0x21, 0xc4, 0x18, 0x42, 0x00, 0x00, 0x00,
    0x00, 0x00, 0x42, 0x00, 0xa3, 0x10, 0x04, 0x19, 0x25, 0x21, 0x66, 0x29, 0x66, 0x29, 0xa7, 0x31,
    0xc8, 0x39, 0x29, 0x42, 0x29, 0x42, 0x29, 0x42, 0xe8, 0x39, 0xe8, 0x39, 0xc7, 0x31, 0xa7, 0x31,
    0x87, 0x29, 0x87, 0x29, 0x86, 0x29, 0x66, 0x29, 0x66, 0x29, 0x87, 0x29, 0x87, 0x29, 0x86, 0x29,
    0x66, 0x29, 0x66, 0x29, 0x25, 0x21, 0x05, 0x21, 0xe4, 0x18, 0xa3, 0x10, 0x41, 0x00, 0x00, 0x00,
    0x00, 0x00, 0x42, 0x00, 0xa3, 0x10, 0x04, 0x19, 0x45, 0x21, 0x66, 0x29, 0x86, 0x29, 0x87, 0x31,
    0xc7, 0x31, 0x09, 0x3a, 0x09, 0x42, 0x09, 0x3a, 0xe8, 0x39, 0xe8, 0x39, 0xc8, 0x31, 0xa7, 0x31,
    0xa7, 0x31, 0xc7, 0x31, 0xc8, 0x31, 0xe8, 0x39, 0xc8, 0x31, 0xc8, 0x31, 0xa7, 0x31, 0x86, 0x29,
    0x66, 0x29, 0x66, 0x29, 0x25, 0x21, 0x05, 0x19, 0xc3, 0x10, 0x82, 0x08, 0x21, 0x00, 0x00, 0x00,
    0x00, 0x00, 0x62, 0x08, 0xa3, 0x10, 0x04, 0x19, 0x25, 0x21, 0x66, 0x29, 0x66, 0x29, 0x87, 0x29,
    0xa7, 0x31, 0xe8, 0x39, 0xe8, 0x39, 0xe8, 0x39, 0xc7, 0x31, 0xc7, 0x31, 0xa7, 0x31, 0xa7, 0x31,
    0xa7, 0x31, 0xc8, 0x39, 0x08, 0x3a, 0x49, 0x42, 0x4a, 0x42, 0x4a, 0x42, 0x09, 0x3a, 0xc8, 0x31,
    0xa7, 0x31, 0x87, 0x29, 0x45, 0x21, 0x04, 0x19, 0xc3, 0x10, 0x82, 0x08, 0x21, 0x00, 0x00, 0x00,
    0x00, 0x00, 0x62, 0x08, 0xa3, 0x10, 0xe4, 0x18, 0x05, 0x21, 0x25, 0x21, 0x46, 0x21, 0x66, 0x29,
    0xa7, 0x31, 0xc8, 0x39, 0xc8, 0x31, 0xa7, 0x31, 0x86, 0x29, 0x87, 0x29, 0x87, 0x29, 0xa7, 0x31,
    0xa7, 0x31, 0xc8, 0x31, 0xc8, 0x39, 0x29, 0x42, 0x4a, 0x4a, 0x6a, 0x4a, 0x6a, 0x4a, 0x09, 0x3a,
    0xa7, 0x31, 0xa7, 0x31, 0x46, 0x21, 0xe4, 0x18, 0xa3, 0x10, 0x83, 0x08, 0x21, 0x00, 0x00, 0x00,
    0x00, 0x00, 0x62, 0x08, 0xa3, 0x10, 0xe4, 0x18, 0x05, 0x19, 0x05, 0x19, 0x05, 0x19, 0x25, 0x21,
    0x86, 0x29, 0xc8, 0x31, 0xa7, 0x31, 0x86, 0x29, 0x46, 0x21, 0x45, 0x21, 0x46, 0x21, 0x66, 0x29,
    0xa7, 0x31, 0xc8, 0x31, 0x87, 0x31, 0xa7, 0x31, 0xc8, 0x39, 0x29, 0x42, 0x6a, 0x4a, 0xc8, 0x31,
    0x46, 0x21, 0x66, 0x29, 0x66, 0x29, 0xc4, 0x10, 0xa3, 0x10, 0x83, 0x08, 0x21, 0x00, 0x00, 0x00,
    0x00, 0x00, 0x42, 0x08, 0x83, 0x08, 0xe4, 0x18, 0x05, 0x19, 0xe4, 0x18, 0xc4, 0x18, 0xe4, 0x18,
    0x45, 0x21, 0xc7, 0x31, 0xa7, 0x31, 0x66, 0x29, 0x25, 0x21, 0x05, 0x19, 0x04, 0x19, 0x25, 0x21,
    0x87, 0x31, 0xc8, 0x31, 0x86, 0x29, 0x46, 0x21, 0x46, 0x29, 0xa7, 0x31, 0x49, 0x42, 0xc8, 0x31,
    0x25, 0x21, 0x05, 0x19, 0x46, 0x29, 0xc4, 0x10, 0x83, 0x08, 0x82, 0x08, 0x21, 0x00, 0x00, 0x00,
    0x00, 0x00, 0x42, 0x00, 0x83, 0x08, 0xe4, 0x18, 0x05, 0x21, 0xe4, 0x18, 0xa3, 0x10, 0xa3, 0x10,
    0xe4, 0x18, 0x87, 0x29, 0xc7, 0x31, 0x66, 0x29, 0x05, 0x19, 0xe4, 0x18, 0xc4, 0x18, 0xe4, 0x18,
    0x46, 0x29, 0xc8, 0x39, 0x87, 0x29, 0x25, 0x21, 0x05, 0x21, 0x66, 0x29, 0x09, 0x3a, 0xe8, 0x39,
    0x66, 0x29, 0xe4, 0x18, 0xe4, 0x18, 0xe4, 0x18, 0x62, 0x08, 0x62, 0x08, 0x21, 0x00, 0x00, 0x00,
    0x00, 0x00, 0x41, 0x00, 0x83, 0x10, 0xc4, 0x10, 0x25, 0x21, 0x05, 0x19, 0xc3, 0x10, 0x83, 0x08,
    0xa3, 0x10, 0x45, 0x21, 0xa7, 0x31, 0x87, 0x29, 0x05, 0x19, 0xc4, 0x18, 0xa3, 0x10, 0xa3, 0x10,
    0x05, 0x19, 0xa7, 0x31, 0xa7, 0x31, 0x25, 0x21, 0xe4, 0x18, 0x25, 0x21, 0xc7, 0x31, 0xe8, 0x39,
    0xa7, 0x31, 0x05, 0x21, 0xa3, 0x10, 0x25, 0x21, 0x42, 0x08, 0x42, 0x08, 0x21, 0x00, 0x00, 0x00,
    0x00, 0x00, 0x21, 0x00, 0xa3, 0x10, 0xa3, 0x10, 0x05, 0x19, 0x25, 0x21, 0xc4, 0x18, 0x83, 0x10,
    0x83, 0x10, 0x05, 0x19, 0x87, 0x31, 0xc8, 0x31, 0x46, 0x29, 0xe4, 0x18, 0xa3, 0x10, 0x83, 0x10,
    0xc4, 0x10, 0x66, 0x29, 0xc8, 0x31, 0x66, 0x29, 0xe4, 0x18, 0xe4, 0x18, 0x46, 0x21, 0xa7, 0x31,
    0xc8, 0x31, 0x46, 0x29, 0xa3, 0x10, 0x25, 0x21, 0x42, 0x00, 0x42, 0x00, 0x21, 0x00, 0x00, 0x00,
    0x00, 0x00, 0x21, 0x00, 0x83, 0x08, 0x83, 0x08, 0xe4, 0x18, 0x45, 0x21, 0x05, 0x19, 0xa3, 0x10,
    0x83, 0x10, 0xe4, 0x18, 0xa7, 0x31, 0x6a, 0x4a, 0x49, 0x42, 0xa7, 0x31, 0x04, 0x19, 0x83, 0x08,
    0xa3, 0x10, 0x25, 0x21, 0xc7, 0x31, 0xa7, 0x31, 0x05, 0x21, 0xe4, 0x18, 0x04, 0x19, 0x66, 0x29,
    0xa7, 0x31, 0x87, 0x29, 0xe4, 0x18, 0x04, 0x19, 0x42, 0x08, 0x41, 0x00, 0x21, 0x00, 0x00, 0x00,
    0x00, 0x00, 0x21, 0x00, 0x62, 0x08, 0x82, 0x08, 0xc3, 0x10, 0x25, 0x21, 0x25, 0x21, 0xe4, 0x18,
    0xa3, 0x10, 0xe4, 0x18, 0x87, 0x29, 0x8a, 0x4a, 0xab, 0x52, 0x49, 0x42, 0x66, 0x29, 0xc4, 0x10,
    0x83, 0x08, 0xe4, 0x18, 0x87, 0x29, 0xc8, 0x31, 0x66, 0x29, 0x05, 0x19, 0xe4, 0x18, 0x66, 0x29,
    0x66, 0x29, 0xa7, 0x31, 0x25, 0x21, 0xe4, 0x18, 0x82, 0x08, 0x41, 0x00, 0x00, 0x00, 0x00, 0x00,
    0x00, 0x00, 0x21, 0x00, 0x62, 0x08, 0x83, 0x08, 0xa3, 0x10, 0x05, 0x19, 0xc7, 0x31, 0x09, 0x3a,
    0xe8, 0x39, 0xc7, 0x31, 0xc8, 0x39, 0xc7, 0x31, 0x46, 0x21, 0xa3, 0x10, 0x82, 0x08, 0x62, 0x08,
    0x83, 0x08, 0x62, 0x08, 0xa3, 0x10, 0xe4, 0x18, 0x05, 0x19, 0x05, 0x19, 0xe8, 0x39, 0x05, 0x21,
    0x05, 0x19, 0xe4, 0x18, 0xc4, 0x10, 0xa3, 0x10, 0xa3, 0x10, 0xa3, 0x10, 0x21, 0x00, 0x00, 0x00,
    0x00, 0x00, 0x21, 0x00, 0x42, 0x08, 0x62, 0x08, 0x83, 0x10, 0xe4, 0x18, 0x86, 0x29, 0xe8, 0x39,
    0x09, 0x3a, 0xe8, 0x39, 0xe8, 0x39, 0xc8, 0x39, 0x66, 0x29, 0xe4, 0x18, 0xa3, 0x10, 0x62, 0x08,
    0x82, 0x08, 0x62, 0x08, 0x83, 0x10, 0xc4, 0x10, 0x05, 0x19, 0x25, 0x21, 0xe8, 0x39, 0x46, 0x21,
    0x05, 0x21, 0xe4, 0x18, 0xc4, 0x18, 0xa3, 0x10, 0x82, 0x08, 0xa3, 0x10, 0x21, 0x00, 0x00, 0x00,
    0x00, 0x00, 0x21, 0x00, 0x62, 0x08, 0x82, 0x08, 0xa3, 0x10, 0xc4, 0x10, 0x46, 0x21, 0xc7, 0x31,
    0x08, 0x3a, 0x09, 0x3a, 0x09, 0x42, 0xe8, 0x39, 0x87, 0x31, 0x25, 0x21, 0xc4, 0x18, 0x83, 0x08,
    0x82, 0x08, 0x83, 0x10, 0x83, 0x10, 0xa3, 0x10, 0xe4, 0x18, 0x45, 0x21, 0x08, 0x3a, 0xa7, 0x31,
    0x25, 0x21, 0x05, 0x19, 0xe4, 0x18, 0xa3, 0x10, 0x62, 0x08, 0xa3, 0x10, 0x41, 0x00, 0x00, 0x00,
    0x00, 0x00, 0x21, 0x00, 0x82, 0x08, 0xa3, 0x10, 0xc3, 0x10, 0xe4, 0x18, 0x45, 0x21, 0x87, 0x29,
    0xc8, 0x39, 0xe8, 0x39, 0x09, 0x3a, 0xe8, 0x39, 0xa7, 0x31, 0x45, 0x21, 0x05, 0x19, 0xa3, 0x10,
    0xa3, 0x10, 0xa3, 0x10, 0xc4, 0x10, 0xc4, 0x10, 0xe4, 0x18, 0x46, 0x29, 0x09, 0x3a, 0x08, 0x3a,
    0x66, 0x29, 0x25, 0x21, 0x04, 0x19, 0xc3, 0x10, 0x83, 0x10, 0x83, 0x10, 0x42, 0x00, 0x00, 0x00,
    0x00, 0x00, 0x21, 0x00, 0xa3, 0x10, 0xe4, 0x18, 0x04, 0x19, 0x05, 0x19, 0x46, 0x21, 0x66, 0x29,
    0xa7, 0x31, 0xc8, 0x31, 0xe8, 0x39, 0xc8, 0x31, 0x87, 0x29, 0x46, 0x21, 0x25, 0x21, 0xe4, 0x18,
    0xe4, 0x18, 0xe4, 0x18, 0x05, 0x21, 0x25, 0x21, 0x46, 0x21, 0x87, 0x29, 0xe8, 0x39, 0x09, 0x3a,
    0xc8, 0x31, 0x86, 0x29, 0x46, 0x21, 0x05, 0x21, 0xe4, 0x18, 0xa3, 0x10, 0x42, 0x00, 0x00, 0x00,
    0x00, 0x00, 0x41, 0x00, 0xc3, 0x10, 0x25, 0x21, 0x46, 0x21, 0x46, 0x21, 0x66, 0x29, 0x86, 0x29,
    0x87, 0x29, 0x87, 0x29, 0xa7, 0x31, 0x87, 0x29, 0x66, 0x29, 0x25, 0x21, 0x25, 0x21, 0x25, 0x21,
    0x25, 0x21, 0x25, 0x21, 0x25, 0x21, 0x25, 0x21, 0x46, 0x21, 0x66, 0x29, 0xa7, 0x31, 0xe8, 0x39,
    0x09, 0x3a, 0x09, 0x3a, 0x09, 0x3a, 0xc8, 0x31, 0x46, 0x21, 0xa3, 0x10, 0x42, 0x00, 0x00, 0x00,
    0x00, 0x00, 0x41, 0x00, 0xc4, 0x10, 0x45, 0x21, 0x87, 0x29, 0x87, 0x29, 0xa7, 0x31, 0xa7, 0x31,
    0x87, 0x29, 0x66, 0x29, 0x66, 0x29, 0x46, 0x21, 0x25, 0x21, 0x05, 0x21, 0x25, 0x21, 0x46, 0x21,
    0x46, 0x29, 0x46, 0x21, 0x46, 0x29, 0x25, 0x21, 0x05, 0x19, 0x05, 0x19, 0x46, 0x29, 0xa7, 0x31,
    0x09, 0x3a, 0x08, 0x3a, 0xe8, 0x39, 0xa7, 0x31, 0x46, 0x29, 0xc4, 0x10, 0x42, 0x00, 0x00, 0x00,
    0x00, 0x00, 0x21, 0x00, 0xc3, 0x10, 0x46, 0x21, 0xa7, 0x31, 0xa7, 0x31, 0xc8, 0x39, 0xc8, 0x31,
    0xa7, 0x31, 0x66, 0x29, 0x46, 0x29, 0x25, 0x21, 0x04, 0x19, 0xe4, 0x18, 0x05, 0x19, 0x25, 0x21,
    0x66, 0x29, 0x66, 0x29, 0x66, 0x29, 0x46, 0x21, 0x25, 0x21, 0x05, 0x19, 0x05, 0x21, 0x66, 0x29,
    0xe8, 0x39, 0xa7, 0x31, 0x46, 0x29, 0x05, 0x21, 0xe4, 0x18, 0xa3, 0x10, 0x42, 0x00, 0x00, 0x00,
    0x00, 0x00, 0x21, 0x00, 0xa3, 0x10, 0x46, 0x21, 0xa7, 0x31, 0xa7, 0x31, 0xc8, 0x39, 0xe8, 0x39,
    0xc8, 0x39, 0x87, 0x29, 0x46, 0x21, 0x05, 0x19, 0xe4, 0x18, 0xc4, 0x10, 0xc4, 0x18, 0xe4, 0x18,
    0x25, 0x21, 0x66, 0x29, 0x87, 0x29, 0x66, 0x29, 0x66, 0x29, 0x46, 0x21, 0x25, 0x21, 0x05, 0x21,
    0xc8, 0x31, 0x66, 0x29, 0x25, 0x21, 0x04, 0x19, 0xa3, 0x10, 0x82, 0x08, 0x42, 0x08, 0x00, 0x00,
    0x00, 0x00, 0x21, 0x00, 0xa3, 0x10, 0x25, 0x21, 0xa7, 0x31, 0xa7, 0x31, 0xa7, 0x31, 0xc8, 0x31,
    0xe8, 0x39, 0xc7, 0x31, 0x66, 0x29, 0x05, 0x19, 0xc4, 0x10, 0xa3, 0x10, 0xa3, 0x10, 0xa3, 0x10,
    0xe4, 0x18, 0x46, 0x29, 0x87, 0x29, 0x66, 0x29, 0x66, 0x29, 0x66, 0x29, 0x66, 0x29, 0x25, 0x21,
    0x87, 0x29, 0x25, 0x21, 0x05, 0x21, 0x04, 0x19, 0xa3, 0x10, 0x42, 0x08, 0x42, 0x08, 0x00, 0x00,
    0x00, 0x00, 0x21, 0x00, 0xa3, 0x10, 0x05, 0x21, 0xa7, 0x31, 0xa7, 0x31, 0xa7, 0x31, 0xa7, 0x31,
    0xc8, 0x39, 0xe8, 0x39, 0xa7, 0x31, 0x05, 0x19, 0xc4, 0x10, 0xa3, 0x10, 0xa3, 0x10, 0xa3, 0x10,
    0xc4, 0x10, 0x25, 0x21, 0xa7, 0x31, 0x46, 0x21, 0x46, 0x21, 0x66, 0x29, 0x87, 0x31, 0x46, 0x21,
    0x46, 0x21, 0x25, 0x21, 0xe4, 0x18, 0xe4, 0x18, 0xa3, 0x10, 0x42, 0x08, 0x42, 0x00, 0x00, 0x00,
    0x00, 0x00, 0x21, 0x00, 0x83, 0x10, 0xe4, 0x18, 0x86, 0x29, 0xc8, 0x31, 0xa7, 0x31, 0x87, 0x29,
    0xa7, 0x31, 0xe8, 0x39, 0xe8, 0x39, 0x25, 0x21, 0xc4, 0x10, 0xa3, 0x10, 0xa3, 0x10, 0x83, 0x08,
    0x83, 0x10, 0xe4, 0x18, 0xa7, 0x31, 0x46, 0x29, 0x25, 0x21, 0x25, 0x21, 0x87, 0x29, 0x66, 0x29,
    0x25, 0x21, 0x46, 0x29, 0xe4, 0x18, 0xe4, 0x18, 0xa3, 0x10, 0x42, 0x08, 0x41, 0x00, 0x00, 0x00,
    0x00, 0x00, 0x21, 0x00, 0x83, 0x08, 0xc4, 0x10, 0x46, 0x21, 0xc7, 0x31, 0xc8, 0x39, 0x87, 0x29,
    0x87, 0x29, 0xc8, 0x31, 0x09, 0x3a, 0x66, 0x29, 0xc4, 0x18, 0x83, 0x10, 0x83, 0x10, 0x83, 0x08,
    0x82, 0x08, 0xc3, 0x10, 0x66, 0x29, 0x66, 0x29, 0x25, 0x21, 0x05, 0x19, 0x46, 0x21, 0x66, 0x29,
    0x25, 0x21, 0x87, 0x29, 0xc4, 0x10, 0xc4, 0x10, 0xa3, 0x10, 0x42, 0x08, 0x21, 0x00, 0x00, 0x00,
    0x00, 0x00, 0x21, 0x00, 0x83, 0x08, 0xc3, 0x10, 0x05, 0x19, 0xa7, 0x31, 0x09, 0x42, 0xe8, 0x39,
    0xa7, 0x31, 0xc7, 0x31, 0x09, 0x42, 0xc7, 0x31, 0x05, 0x19, 0x83, 0x10, 0x83, 0x08, 0x62, 0x08,
    0x62, 0x08, 0x83, 0x08, 0x25, 0x21, 0x87, 0x29, 0x46, 0x21, 0x05, 0x21, 0x25, 0x21, 0x46, 0x21,
    0x45, 0x21, 0xa7, 0x31, 0xc3, 0x10, 0xa3, 0x10, 0x83, 0x10, 0x42, 0x08, 0x21, 0x00, 0x00, 0x00,
    0x00, 0x00, 0x21, 0x00, 0x62, 0x08, 0xa3, 0x10, 0xe4, 0x18, 0x66, 0x29, 0x29, 0x42, 0x4a, 0x4a,
    0x09, 0x3a, 0xc8, 0x39, 0x09, 0x42, 0xe8, 0x39, 0x46, 0x21, 0xa3, 0x10, 0x83, 0x08, 0x62, 0x08,
    0x62, 0x08, 0x62, 0x08, 0xe4, 0x18, 0x87, 0x29, 0x86, 0x29, 0x46, 0x21, 0x45, 0x21, 0x45, 0x21,
    0x45, 0x21, 0x66, 0x29, 0xe4, 0x18, 0xa3, 0x10, 0x83, 0x08, 0x42, 0x00, 0x21, 0x00, 0x00, 0x00,
    0x00, 0x00, 0x21, 0x00, 0x62, 0x08, 0x83, 0x08, 0xc4, 0x10, 0x25, 0x21, 0xe8, 0x39, 0x4a, 0x42,
    0x29, 0x42, 0x08, 0x3a, 0x29, 0x42, 0x09, 0x42, 0x87, 0x31, 0xe4, 0x18, 0x83, 0x10, 0x62, 0x08,
    0x42, 0x08, 0x62, 0x08, 0xc4, 0x10, 0x66, 0x29, 0x86, 0x29, 0x66, 0x29, 0x66, 0x29, 0x46, 0x29,
    0x46, 0x21, 0x46, 0x29, 0x46, 0x21, 0x83, 0x08, 0x62, 0x08, 0x21, 0x00, 0x21, 0x00, 0x00, 0x00,
    0x00, 0x00, 0x21, 0x00, 0x62, 0x08, 0x82, 0x08, 0xa3, 0x10, 0xe4, 0x18, 0x87, 0x31, 0x09, 0x3a,
    0x49, 0x42, 0x29, 0x42, 0x4a, 0x42, 0x29, 0x42, 0xc8, 0x31, 0x25, 0x21, 0xc4, 0x10, 0x62, 0x08,
    0x62, 0x08, 0x62, 0x08, 0xa3, 0x10, 0x25, 0x21, 0x66, 0x29, 0x87, 0x29, 0x87, 0x31, 0x66, 0x29,
    0x66, 0x29, 0x46, 0x21, 0xa7, 0x31, 0xa3, 0x10, 0x42, 0x08, 0x21, 0x00, 0x00, 0x00, 0x00, 0x00,
    0x00, 0x00, 0x21, 0x00, 0x62, 0x08, 0x82, 0x08, 0xa3, 0x10, 0xe4, 0x18, 0x66, 0x29, 0xe8, 0x39,
    0x29, 0x42, 0x4a, 0x4a, 0x6a, 0x4a, 0x49, 0x42, 0xe8, 0x39, 0x66, 0x29, 0x05, 0x19, 0xa3, 0x10,
    0x62, 0x08, 0x62, 0x08, 0xa3, 0x10, 0x05, 0x21, 0x46, 0x29, 0x66, 0x29, 0xa7, 0x31, 0x87, 0x31,
    0x66, 0x29, 0x46, 0x29, 0xc8, 0x39, 0x04, 0x19, 0x62, 0x08, 0x21, 0x00, 0x00, 0x00, 0x00, 0x00,
    0x00, 0x00, 0x21, 0x00, 0x83, 0x08, 0xa3, 0x10, 0xa3, 0x10, 0xc4, 0x18, 0x46, 0x21, 0xa7, 0x31,
    0x09, 0x3a, 0x49, 0x42, 0x6a, 0x4a, 0x49, 0x42, 0xe8, 0x39, 0x87, 0x29, 0x46, 0x21, 0xe4, 0x18,
    0xa3, 0x10, 0xa3, 0x10, 0xc4, 0x10, 0x05, 0x19, 0x46, 0x21, 0x66, 0x29, 0x87, 0x31, 0x87, 0x31,
    0x86, 0x29, 0x66, 0x29, 0xc8, 0x31, 0x87, 0x29, 0xc4, 0x10, 0x42, 0x00, 0x21, 0x00, 0x00, 0x00,
    0x00, 0x00, 0x21, 0x00, 0xa3, 0x10, 0xe4, 0x18, 0xe4, 0x18, 0xe4, 0x18, 0x45, 0x21, 0x87, 0x29,
    0xc8, 0x39, 0x09, 0x3a, 0x49, 0x42, 0x29, 0x42, 0xe8, 0x39, 0x87, 0x31, 0x66, 0x29, 0x25, 0x21,
    0x04, 0x19, 0xe4, 0x18, 0x05, 0x19, 0x25, 0x21, 0x46, 0x21, 0x66, 0x29, 0x87, 0x29, 0x87, 0x31,
    0x87, 0x31, 0xa7, 0x31, 0xc8, 0x31, 0xc7, 0x31, 0x46, 0x21, 0xa3, 0x10, 0x42, 0x00, 0x00, 0x00,
    0x00, 0x00, 0x41, 0x00, 0xa3, 0x10, 0x04, 0x19, 0x25, 0x21, 0x25, 0x21, 0x46, 0x21, 0x66, 0x29,
    0xa7, 0x31, 0xc8, 0x39, 0x08, 0x3a, 0xe8, 0x39, 0xc7, 0x31, 0x87, 0x29, 0x66, 0x29, 0x46, 0x21,
    0x45, 0x21, 0x25, 0x21, 0x66, 0x29, 0x66, 0x29, 0x66, 0x29, 0x86, 0x29, 0xa7, 0x31, 0xc8, 0x31,
    0xc8, 0x31, 0xc8, 0x31, 0xc8, 0x31, 0xa7, 0x31, 0x45, 0x21, 0xa3, 0x10, 0x42, 0x00, 0x00, 0x00,
    0x00, 0x00, 0x41, 0x00, 0xa3, 0x10, 0x04, 0x19, 0x25, 0x21, 0x45, 0x21, 0x66, 0x29, 0x87, 0x29,
    0xa7, 0x31, 0xa7, 0x31, 0xc8, 0x31, 0xa7, 0x31, 0x87, 0x29, 0x66, 0x29, 0x66, 0x29, 0x46, 0x29,
    0x66, 0x29, 0x66, 0x29, 0xa7, 0x31, 0xa7, 0x31, 0xc7, 0x31, 0xa7, 0x31, 0xa7, 0x31, 0x87, 0x29,
    0x87, 0x29, 0xa7, 0x31, 0xc8, 0x31, 0x86, 0x29, 0xe4, 0x18, 0x62, 0x08, 0x21, 0x00, 0x00, 0x00,
    0x00, 0x00, 0x42, 0x00, 0xa3, 0x10, 0x04, 0x19, 0x45, 0x21, 0x46, 0x21, 0x86, 0x29, 0x87, 0x31,
    0xa7, 0x31, 0xa7, 0x31, 0xa7, 0x31, 0x87, 0x29, 0x66, 0x29, 0x25, 0x21, 0x25, 0x21, 0x45, 0x21,
    0x66, 0x29, 0x87, 0x31, 0xc8, 0x31, 0xc8, 0x31, 0xe8, 0x39, 0xe8, 0x39, 0xa7, 0x31, 0x25, 0x21,
    0x05, 0x19, 0x05, 0x21, 0x87, 0x29, 0x66, 0x29, 0xa3, 0x10, 0x62, 0x08, 0x21, 0x00, 0x00, 0x00,
    0x00, 0x00, 0x41, 0x00, 0xc3, 0x10, 0xe4, 0x18, 0x45, 0x21, 0x46, 0x21, 0x66, 0x29, 0x87, 0x31,
    0xa7, 0x31, 0xa7, 0x31, 0xa7, 0x31, 0x66, 0x29, 0x46, 0x21, 0x05, 0x21, 0x05, 0x21, 0x05, 0x21,
    0x66, 0x29, 0xa7, 0x31, 0xc8, 0x31, 0xc8, 0x31, 0xc8, 0x39, 0x08, 0x3a, 0xa7, 0x31, 0x25, 0x21,
    0xe4, 0x18, 0xc4, 0x10, 0x25, 0x21, 0x66, 0x29, 0xa3, 0x10, 0x42, 0x08, 0x21, 0x00, 0x00, 0x00,
    0x00, 0x00, 0x21, 0x00, 0xc4, 0x10, 0xe4, 0x18, 0x45, 0x21, 0x45, 0x21, 0x66, 0x29, 0x66, 0x29,
    0xa7, 0x31, 0xa7, 0x31, 0xa7, 0x31, 0x66, 0x29, 0x25, 0x21, 0x05, 0x19, 0x04, 0x19, 0xe4, 0x18,
    0x25, 0x21, 0x87, 0x31, 0xc8, 0x39, 0xa7, 0x31, 0xc7, 0x31, 0x09, 0x3a, 0xe8, 0x39, 0x46, 0x21,
    0xe4, 0x18, 0xa3, 0x10, 0xc4, 0x18, 0x66, 0x29, 0x83, 0x10, 0x42, 0x00, 0x21, 0x00, 0x00, 0x00,
    0x00, 0x00, 0x21, 0x00, 0xc4, 0x18, 0xe4, 0x18, 0x45, 0x21, 0x46, 0x21, 0x46, 0x21, 0x46, 0x21,
    0x87, 0x31, 0xc8, 0x31, 0xa7, 0x31, 0x46, 0x29, 0x25, 0x21, 0x04, 0x19, 0xe4, 0x18, 0xc4, 0x10,
    0xe4, 0x18, 0x66, 0x29, 0xe8, 0x39, 0xa7, 0x31, 0x87, 0x31, 0xe8, 0x39, 0x09, 0x3a, 0x87, 0x31,
    0x04, 0x19, 0xa3, 0x10, 0xa3, 0x10, 0x46, 0x21, 0x83, 0x10, 0x42, 0x00, 0x21, 0x00, 0x00, 0x00,
    0x00, 0x00, 0x21, 0x00, 0xc4, 0x10, 0xe4, 0x18, 0x25, 0x21, 0x46, 0x29, 0x46, 0x29, 0x45, 0x21,
    0x66, 0x29, 0xc7, 0x31, 0xc8, 0x39, 0x66, 0x29, 0x05, 0x21, 0xe4, 0x18, 0xe4, 0x18, 0xc4, 0x10,
    0xc4, 0x10, 0x25, 0x21, 0xc8, 0x31, 0xc8, 0x31, 0x86, 0x29, 0x87, 0x29, 0x08, 0x3a, 0xc8, 0x31,
    0x45, 0x21, 0xa3, 0x10, 0xa3, 0x10, 0xe4, 0x18, 0xa3, 0x10, 0x41, 0x00, 0x21, 0x00, 0x00, 0x00,
    0x00, 0x00, 0x21, 0x00, 0xa3, 0x10, 0xe4, 0x18, 0x05, 0x21, 0x46, 0x29, 0x66, 0x29, 0x46, 0x21,
    0x46, 0x21, 0xa7, 0x31, 0xe8, 0x39, 0x87, 0x29, 0x05, 0x21, 0xe4, 0x18, 0xe4, 0x18, 0xa3, 0x10,
    0xa3, 0x10, 0xe4, 0x18, 0xa7, 0x31, 0xe8, 0x39, 0x87, 0x31, 0x66, 0x29, 0xe8, 0x39, 0xc8, 0x39,
    0x86, 0x29, 0xc4, 0x18, 0xa3, 0x10, 0xa3, 0x10, 0xe4, 0x18, 0x21, 0x00, 0x21, 0x00, 0x00, 0x00,
    0x00, 0x00, 0x21, 0x00, 0x83, 0x10, 0x04, 0x19, 0x04, 0x19, 0x46, 0x21, 0x87, 0x29, 0x66, 0x29,
    0x46, 0x29, 0x87, 0x29, 0xe8, 0x39, 0xe8, 0x39, 0x46, 0x29, 0xe4, 0x18, 0xc4, 0x10, 0xa3, 0x10,
    0x83, 0x08, 0xa3, 0x10, 0x66, 0x29, 0xe8, 0x39, 0xc8, 0x31, 0x86, 0x29, 0xc8, 0x39, 0xc7, 0x31,
    0xa7, 0x31, 0x05, 0x19, 0xa3, 0x10, 0x82, 0x08, 0x04, 0x19, 0x21, 0x00, 0x21, 0x00, 0x00, 0x00,
    0x00, 0x00, 0x21, 0x00, 0x82, 0x08, 0x05, 0x19, 0xe4, 0x18, 0x25, 0x21, 0x87, 0x31, 0xa7, 0x31,
    0x87, 0x29, 0x87, 0x31, 0xe8, 0x39, 0x09, 0x3a, 0xa7, 0x31, 0x25, 0x21, 0xc4, 0x18, 0xa3, 0x10,
    0x83, 0x08, 0x83, 0x10, 0x25, 0x21, 0xa7, 0x31, 0xe8, 0x39, 0xa7, 0x31, 0xe8, 0x39, 0xc7, 0x31,
    0xa7, 0x31, 0x46, 0x21, 0xc4, 0x10, 0x82, 0x08, 0xe4, 0x18, 0x21, 0x00, 0x00, 0x00, 0x00, 0x00,
    0x00, 0x00, 0x21, 0x00, 0x62, 0x08, 0xa3, 0x10, 0xc4, 0x10, 0xe4, 0x18, 0x46, 0x21, 0xe8, 0x39,
    0x29, 0x42, 0x09, 0x42, 0xe8, 0x39, 0x87, 0x31, 0x05, 0x19, 0xa3, 0x10, 0x82, 0x08, 0xa3, 0x10,
    0xa3, 0x10, 0x83, 0x10, 0xa3, 0x10, 0xe4, 0x18, 0x25, 0x21, 0x66, 0x29, 0x87, 0x29, 0x09, 0x42,
    0x66, 0x29, 0x25, 0x21, 0x05, 0x19, 0x25, 0x21, 0xc8, 0x31, 0x83, 0x10, 0x21, 0x00, 0x00, 0x00,
    0x00, 0x00, 0x21, 0x00, 0x42, 0x08, 0xa3, 0x10, 0xa3, 0x10, 0xc4, 0x18, 0x25, 0x21, 0xa7, 0x31,
    0x08, 0x3a, 0x09, 0x42, 0xe8, 0x39, 0xa7, 0x31, 0x25, 0x21, 0xc3, 0x10, 0x62, 0x08, 0x83, 0x10,
    0xa3, 0x10, 0x82, 0x08, 0x83, 0x10, 0xe4, 0x18, 0x25, 0x21, 0x46, 0x29, 0x87, 0x29, 0x6a, 0x4a,
    0x87, 0x29, 0x45, 0x21, 0x05, 0x19, 0x05, 0x21, 0xa7, 0x31, 0x83, 0x08, 0x21, 0x00, 0x00, 0x00,
    0x00, 0x00, 0x21, 0x00, 0x42, 0x08, 0x83, 0x10, 0xa3, 0x10, 0xc4, 0x10, 0x04, 0x19, 0x66, 0x29,
    0xc8, 0x31, 0xe8, 0x39, 0xc8, 0x39, 0xa7, 0x31, 0x46, 0x21, 0xe4, 0x18, 0x83, 0x08, 0x83, 0x10,
    0x83, 0x10, 0x62, 0x08, 0x82, 0x08, 0xc4, 0x10, 0x04, 0x19, 0x45, 0x21, 0x66, 0x29, 0x4a, 0x42,
    0x09, 0x3a, 0x66, 0x29, 0x25, 0x21, 0x45, 0x21, 0x87, 0x29, 0x83, 0x10, 0x21, 0x00, 0x00, 0x00,
    0x00, 0x00, 0x21, 0x00, 0x62, 0x08, 0x83, 0x10, 0xa3, 0x10, 0xc3, 0x10, 0xe4, 0x18, 0x46, 0x21,
    0x87, 0x29, 0xa7, 0x31, 0xa7, 0x31, 0xa7, 0x31, 0x46, 0x29, 0x04, 0x19, 0xa3, 0x10, 0xa3, 0x10,
    0x83, 0x10, 0x62, 0x08, 0x62, 0x08, 0xa3, 0x10, 0xe4, 0x18, 0x25, 0x21, 0x66, 0x29, 0x09, 0x3a,
    0x6a, 0x4a, 0x09, 0x3a, 0xa7, 0x31, 0xc7, 0x31, 0x87, 0x29, 0xa3, 0x10, 0x21, 0x00, 0x00, 0x00,
    0x00, 0x00, 0x41, 0x00, 0x62, 0x08, 0xa3, 0x10, 0xa3, 0x10, 0xc4, 0x10, 0xe4, 0x18, 0x25, 0x21,
    0x66, 0x29, 0x66, 0x29, 0x66, 0x29, 0x66, 0x29, 0x45, 0x21, 0x05, 0x19, 0xc4, 0x10, 0xc3, 0x10,
    0xa3, 0x10, 0x83, 0x08, 0x82, 0x08, 0xa3, 0x10, 0xe4, 0x18, 0x05, 0x21, 0x66, 0x29, 0xc8, 0x31,
    0x29, 0x42, 0x4a, 0x42, 0x29, 0x42, 0x09, 0x42, 0x66, 0x29, 0xa3, 0x10, 0x21, 0x00, 0x00, 0x00,
    0x00, 0x00, 0x41, 0x00, 0x82, 0x08, 0xc4, 0x18, 0xe4, 0x18, 0xe4, 0x18, 0x04, 0x19, 0x25, 0x21,
    0x46, 0x21, 0x46, 0x21, 0x25, 0x21, 0x25, 0x21, 0x05, 0x21, 0xe4, 0x18, 0xc4, 0x10, 0xc4, 0x10,
    0xa3, 0x10, 0xa3, 0x10, 0xc3, 0x10, 0xe4, 0x18, 0x25, 0x21, 0x46, 0x21, 0x86, 0x29, 0xa7, 0x31,
    0xc8, 0x31, 0xc8, 0x31, 0xa7, 0x31, 0xa7, 0x31, 0x25, 0x21, 0x83, 0x10, 0x21, 0x00, 0x00, 0x00,
    0x00, 0x00, 0x41, 0x00, 0x83, 0x08, 0x04, 0x19, 0x25, 0x21, 0x25, 0x21, 0x25, 0x21, 0x46, 0x21,
    0x46, 0x21, 0x25, 0x21, 0x05, 0x21, 0x05, 0x21, 0xe4, 0x18, 0xe4, 0x18, 0xc4, 0x10, 0xc4, 0x10,
    0xc4, 0x10, 0xe4, 0x18, 0x04, 0x19, 0x46, 0x21, 0x46, 0x29, 0x87, 0x29, 0xa7, 0x31, 0xc8, 0x31,
    0x87, 0x29, 0x66, 0x29, 0x46, 0x29, 0x46, 0x21, 0xe4, 0x18, 0x82, 0x08, 0x21, 0x00, 0x00, 0x00,
    0x00, 0x00, 0x41, 0x00, 0x83, 0x10, 0x05, 0x21, 0x66, 0x29, 0x66, 0x29, 0x66, 0x29, 0x87, 0x29,
    0x66, 0x29, 0x25, 0x21, 0x05, 0x19, 0x05, 0x19, 0xe4, 0x18, 0xc4, 0x18, 0xc3, 0x10, 0xc4, 0x10,
    0xc4, 0x18, 0xe4, 0x18, 0x25, 0x21, 0x66, 0x29, 0x25, 0x21, 0x25, 0x21, 0x86, 0x29, 0xe8, 0x39,
    0x66, 0x29, 0x46, 0x21, 0x46, 0x21, 0x46, 0x29, 0xe4, 0x18, 0x62, 0x08, 0x21, 0x00, 0x00, 0x00,
    0x00, 0x00, 0x42, 0x00, 0xa3, 0x10, 0x25, 0x21, 0x86, 0x29, 0xa7, 0x31, 0xa7, 0x31, 0xc8, 0x31,
    0x87, 0x31, 0x46, 0x21, 0x05, 0x19, 0x05, 0x19, 0xe4, 0x18, 0xc4, 0x10, 0xa3, 0x10, 0xc4, 0x10,
    0xc4, 0x10, 0x04, 0x19, 0x46, 0x29, 0x66, 0x29, 0x45, 0x21, 0x25, 0x21, 0x25, 0x21, 0xc8, 0x31,
    0x66, 0x29, 0x25, 0x21, 0x45, 0x21, 0x66, 0x29, 0x04, 0x19, 0x82, 0x08, 0x21, 0x00, 0x00, 0x00,
    0x00, 0x00, 0x42, 0x00, 0xa3, 0x10, 0x25, 0x21, 0x87, 0x29, 0xc8, 0x31, 0xe8, 0x39, 0x08, 0x3a,
    0xc8, 0x39, 0x66, 0x29, 0x05, 0x21, 0x05, 0x19, 0xe4, 0x18, 0xc4, 0x18, 0xc3, 0x10, 0xc3, 0x10,
    0xc3, 0x10, 0xe4, 0x18, 0x66, 0x29, 0x86, 0x29, 0x66, 0x29, 0x46, 0x21, 0x25, 0x21, 0x66, 0x29,
    0x87, 0x31, 0x25, 0x21, 0x25, 0x21, 0x46, 0x29, 0x05, 0x19, 0x83, 0x08, 0x21, 0x00, 0x00, 0x00,
    0x00, 0x00, 0x42, 0x00, 0xa3, 0x10, 0x25, 0x21, 0x66, 0x29, 0xc8, 0x31, 0xe8, 0x39, 0x09, 0x42,
    0x09, 0x3a, 0xc7, 0x31, 0x25, 0x21, 0x05, 0x19, 0xe4, 0x18, 0xc4, 0x18, 0xc3, 0x10, 0xc3, 0x10,
    0xa3, 0x10, 0xc4, 0x18, 0x46, 0x21, 0x87, 0x29, 0x66, 0x29, 0x66, 0x29, 0x46, 0x21, 0x45, 0x21,
    0xc7, 0x31, 0x05, 0x21, 0x25, 0x21, 0x46, 0x21, 0x05, 0x21, 0x83, 0x08, 0x21, 0x00, 0x00, 0x00,
    0x00, 0x00, 0x42, 0x00, 0xa3, 0x10, 0x25, 0x21, 0x66, 0x29, 0xc8, 0x31, 0x08, 0x3a, 0x29, 0x42,
    0x29, 0x42, 0x08, 0x3a, 0x66, 0x29, 0x05, 0x21, 0xe4, 0x18, 0xc4, 0x18, 0xc3, 0x10, 0xc4, 0x10,
    0xa3, 0x10, 0xa3, 0x10, 0x25, 0x21, 0xa7, 0x31, 0x66, 0x29, 0x66, 0x29, 0x66, 0x29, 0x46, 0x21,
    0xc7, 0x31, 0x05, 0x19, 0x05, 0x19, 0x45, 0x21, 0x05, 0x19, 0x83, 0x10, 0x21, 0x00, 0x00, 0x00,
    0x00, 0x00, 0x42, 0x00, 0xa3, 0x10, 0x25, 0x21, 0x46, 0x21, 0xa7, 0x31, 0x09, 0x3a, 0x29, 0x42,
    0x29, 0x42, 0x29, 0x42, 0xc7, 0x31, 0x25, 0x21, 0xe4, 0x18, 0xc4, 0x10, 0xc3, 0x10, 0xc4, 0x10,
    0xa3, 0x10, 0xa3, 0x10, 0xe4, 0x18, 0xa7, 0x31, 0x87, 0x29, 0x66, 0x29, 0x66, 0x29, 0x66, 0x29,
    0x87, 0x29, 0x05, 0x19, 0xe4, 0x18, 0x25, 0x21, 0x04, 0x19, 0x83, 0x10, 0x21, 0x00, 0x00, 0x00,
    0x00, 0x00, 0x42, 0x00, 0xa3, 0x10, 0x25, 0x21, 0x25, 0x21, 0x86, 0x29, 0xe8, 0x39, 0x4a, 0x42,
    0x4a, 0x42, 0x4a, 0x42, 0x08, 0x3a, 0x66, 0x29, 0xe4, 0x18, 0xc3, 0x10, 0xa3, 0x10, 0xc3, 0x10,
    0xa3, 0x10, 0x83, 0x10, 0xc3, 0x10, 0x87, 0x31, 0x87, 0x29, 0x87, 0x29, 0x66, 0x29, 0x66, 0x29,
    0x66, 0x29, 0x25, 0x21, 0xc4, 0x18, 0x05, 0x19, 0xe4, 0x18, 0x83, 0x08, 0x21, 0x00, 0x00, 0x00,
    0x00, 0x00, 0x41, 0x00, 0xa3, 0x10, 0x05, 0x21, 0x25, 0x21, 0x46, 0x29, 0xc8, 0x31, 0x4a, 0x4a,
    0x6a, 0x4a, 0x6a, 0x4a, 0x29, 0x42, 0xc7, 0x31, 0x05, 0x21, 0xc3, 0x10, 0xa3, 0x10, 0xa3, 0x10,
    0xa3, 0x10, 0x83, 0x08, 0xa3, 0x10, 0x46, 0x21, 0x87, 0x29, 0x87, 0x31, 0x87, 0x29, 0x87, 0x29,
    0x66, 0x29, 0x87, 0x29, 0xc4, 0x10, 0xe4, 0x18, 0xc4, 0x10, 0x82, 0x08, 0x21, 0x00, 0x00, 0x00,
    0x00, 0x00, 0x21, 0x00, 0x83, 0x08, 0x04, 0x19, 0x25, 0x21, 0x25, 0x21, 0xa7, 0x31, 0x29, 0x42,
    0x6a, 0x4a, 0x6a, 0x4a, 0x4a, 0x42, 0xe8, 0x39, 0x46, 0x21, 0xc4, 0x10, 0x83, 0x10, 0xa3, 0x10,
    0x83, 0x08, 0x83, 0x08, 0x83, 0x08, 0x05, 0x19, 0x86, 0x29, 0x87, 0x31, 0x87, 0x31, 0xa7, 0x31,
    0x86, 0x29, 0xc8, 0x31, 0xc4, 0x10, 0xc4, 0x10, 0xa3, 0x10, 0x62, 0x08, 0x21, 0x00, 0x00, 0x00,
    0x00, 0x00, 0x21, 0x00, 0x62, 0x08, 0xe4, 0x18, 0x05, 0x19, 0x25, 0x21, 0x66, 0x29, 0x08, 0x3a,
    0x4a, 0x4a, 0x6a, 0x4a, 0x6a, 0x4a, 0x29, 0x42, 0x87, 0x29, 0xe4, 0x18, 0x83, 0x10, 0x83, 0x08,
    0x82, 0x08, 0x62, 0x08, 0x83, 0x08, 0xe4, 0x18, 0x66, 0x29, 0x86, 0x29, 0x87, 0x31, 0xa7, 0x31,
    0x87, 0x29, 0xe8, 0x39, 0xe4, 0x18, 0xa3, 0x10, 0x83, 0x08, 0x42, 0x08, 0x21, 0x00, 0x00, 0x00,
    0x00, 0x00, 0x21, 0x00, 0x62, 0x08, 0xc3, 0x10, 0xe4, 0x18, 0x05, 0x19, 0x46, 0x21, 0xc8, 0x31,
    0x29, 0x42, 0x4a, 0x4a, 0x4a, 0x42, 0x29, 0x42, 0xa7, 0x31, 0x25, 0x21, 0xa3, 0x10, 0x83, 0x08,
    0x62, 0x08, 0x62, 0x08, 0x62, 0x08, 0xc4, 0x10, 0x46, 0x21, 0x66, 0x29, 0x86, 0x29, 0xa7, 0x31,
    0xa7, 0x31, 0xe8, 0x39, 0x25, 0x21, 0xc4, 0x10, 0x83, 0x08, 0x42, 0x00, 0x01, 0x00, 0x00, 0x00,
    0x00, 0x00, 0x21, 0x00, 0x62, 0x08, 0xa3, 0x10, 0xc4, 0x10, 0xe4, 0x18, 0x25, 0x21, 0xa7, 0x31,
    0xe8, 0x39, 0x09, 0x42, 0x09, 0x42, 0x09, 0x3a, 0xa7, 0x31, 0x46, 0x21, 0xc4, 0x18, 0xa3, 0x10,
    0x82, 0x08, 0x62, 0x08, 0x62, 0x08, 0xc3, 0x10, 0x05, 0x21, 0x66, 0x29, 0x87, 0x29, 0xa7, 0x31,
    0xe8, 0x39, 0xe8, 0x39, 0x66, 0x29, 0xe4, 0x18, 0x83, 0x08, 0x42, 0x00, 0x01, 0x00, 0x00, 0x00,
    0x00, 0x00, 0x41, 0x00, 0x62, 0x08, 0xa3, 0x10, 0xc4, 0x10, 0xe4, 0x18, 0x25, 0x21, 0x87, 0x29,
    0xc8, 0x31, 0xe8, 0x39, 0xe8, 0x39, 0xe8, 0x39, 0xa7, 0x31, 0x46, 0x29, 0x04, 0x19, 0xc4, 0x10,
    0xa3, 0x10, 0x83, 0x08, 0x83, 0x08, 0xc4, 0x10, 0x04, 0x19, 0x46, 0x21, 0x86, 0x29, 0xc8, 0x31,
    0xc8, 0x39, 0xc7, 0x31, 0x66, 0x29, 0x25, 0x21, 0xa3, 0x10, 0x42, 0x00, 0x01, 0x00, 0x00, 0x00,
    0x00, 0x00, 0x42, 0x00, 0x83, 0x10, 0xe4, 0x18, 0xe4, 0x18, 0xe4, 0x18, 0x05, 0x21, 0x66, 0x29,
    0xa7, 0x31, 0xc7, 0x31, 0xa7, 0x31, 0xa7, 0x31, 0x87, 0x29, 0x46, 0x21, 0x05, 0x19, 0xe4, 0x18,
    0xc4, 0x18, 0xc4, 0x10, 0xc4, 0x10, 0xe4, 0x18, 0x04, 0x19, 0x05, 0x21, 0x25, 0x21, 0x46, 0x21,
    0x46, 0x21, 0x46, 0x29, 0x46, 0x29, 0x66, 0x29, 0x05, 0x19, 0x83, 0x10, 0x21, 0x00, 0x00, 0x00,
    0x00, 0x00, 0x42, 0x00, 0xa3, 0x10, 0x25, 0x21, 0x25, 0x21, 0x25, 0x21, 0x25, 0x21, 0x66, 0x29,
    0xa7, 0x31, 0xa7, 0x31, 0x87, 0x31, 0x87, 0x29, 0x66, 0x29, 0x46, 0x21, 0x05, 0x19, 0x05, 0x19,
    0x04, 0x19, 0x04, 0x19, 0x05, 0x19, 0x25, 0x21, 0x25, 0x21, 0x05, 0x19, 0xe4, 0x18, 0x04, 0x19,
    0xe4, 0x18, 0xe4, 0x18, 0x05, 0x21, 0x66, 0x29, 0x66, 0x29, 0xc4, 0x10, 0x41, 0x00, 0x00, 0x00,
    0x00, 0x00, 0x42, 0x00, 0xc3, 0x10, 0x25, 0x21, 0x45, 0x21, 0x46, 0x21, 0x46, 0x29, 0x87, 0x29,
    0xa7, 0x31, 0xa7, 0x31, 0x87, 0x29, 0x87, 0x29, 0x66, 0x29, 0x45, 0x21, 0x05, 0x19, 0x05, 0x19,
    0x05, 0x19, 0x25, 0x21, 0x46, 0x21, 0x86, 0x29, 0x66, 0x29, 0x25, 0x21, 0xe4, 0x18, 0xe4, 0x18,
    0xe4, 0x18, 0xc4, 0x18, 0xe4, 0x18, 0x66, 0x29, 0x66, 0x29, 0xa3, 0x10, 0x21, 0x00, 0x00, 0x00,
    0x00, 0x00, 0x42, 0x00, 0xc4, 0x10, 0x45, 0x21, 0x46, 0x21, 0x66, 0x29, 0x86, 0x29, 0xa7, 0x31,
    0xa7, 0x31, 0xa7, 0x31, 0x87, 0x29, 0x87, 0x29, 0x66, 0x29, 0x45, 0x21, 0x05, 0x19, 0x04, 0x19,
    0x05, 0x19, 0x45, 0x21, 0x66, 0x29, 0xa7, 0x31, 0xc8, 0x31, 0x66, 0x29, 0x05, 0x21, 0xe4, 0x18,
    0xc4, 0x18, 0xc4, 0x10, 0xc4, 0x10, 0x46, 0x21, 0x46, 0x29, 0x62, 0x08, 0x21, 0x00, 0x00, 0x00,
    0x00, 0x00, 0x42, 0x00, 0xc4, 0x18, 0x46, 0x21, 0x46, 0x29, 0x66, 0x29, 0x87, 0x29, 0xc8, 0x31,
    0xc8, 0x39, 0xa7, 0x31, 0x87, 0x29, 0x87, 0x29, 0x66, 0x29, 0x46, 0x21, 0x25, 0x21, 0x05, 0x19,
    0xe4, 0x18, 0x25, 0x21, 0x87, 0x29, 0xc8, 0x31, 0xe8, 0x39, 0xc8, 0x31, 0x46, 0x21, 0x05, 0x19,
    0xc4, 0x18, 0xc4, 0x10, 0xc4, 0x10, 0x05, 0x19, 0x46, 0x29, 0x62, 0x08, 0x21, 0x00, 0x00, 0x00,
    0x00, 0x00, 0x42, 0x08, 0xc4, 0x18, 0x66, 0x29, 0x66, 0x29, 0x87, 0x29, 0xa7, 0x31, 0xc8, 0x39,
    0xe8, 0x39, 0xe8, 0x39, 0x87, 0x31, 0x86, 0x29, 0x66, 0x29, 0x46, 0x21, 0x25, 0x21, 0x05, 0x19,
    0xe4, 0x18, 0x05, 0x21, 0x87, 0x29, 0xe8, 0x39, 0xe8, 0x39, 0x08, 0x3a, 0x87, 0x31, 0x45, 0x21,
    0xe4, 0x18, 0xc4, 0x10, 0xc4, 0x10, 0xe4, 0x18, 0x66, 0x29, 0x62, 0x08, 0x21, 0x00, 0x00, 0x00,
    0x00, 0x00, 0x42, 0x08, 0xc4, 0x18, 0x87, 0x29, 0x66, 0x29, 0x87, 0x29, 0xa7, 0x31, 0xe8, 0x39,
    0x08, 0x3a, 0x09, 0x3a, 0xa7, 0x31, 0x86, 0x29, 0x66, 0x29, 0x46, 0x21, 0x25, 0x21, 0x25, 0x21,
    0xe4, 0x18, 0xe4, 0x18, 0x66, 0x29, 0xe8, 0x39, 0xe8, 0x39, 0x09, 0x42, 0xc8, 0x31, 0x86, 0x29,
    0xe4, 0x18, 0xc3, 0x10, 0xa3, 0x10, 0xc4, 0x18, 0x66, 0x29, 0x62, 0x08, 0x21, 0x00, 0x00, 0x00,
    0x00, 0x00, 0x42, 0x00, 0xc4, 0x18, 0xa7, 0x31, 0x66, 0x29, 0x87, 0x29, 0xc8, 0x31, 0xe8, 0x39,
    0x09, 0x3a, 0x29, 0x42, 0xe8, 0x39, 0x87, 0x29, 0x46, 0x21, 0x45, 0x21, 0x25, 0x21, 0x25, 0x21,
    0xe4, 0x18, 0xc4, 0x18, 0x25, 0x21, 0xc8, 0x39, 0x08, 0x3a, 0x09, 0x42, 0xe8, 0x39, 0xc7, 0x31,
    0x25, 0x21, 0xc3, 0x10, 0xa3, 0x10, 0xc4, 0x10, 0x25, 0x21, 0x62, 0x08, 0x21, 0x00, 0x00, 0x00,
    0x00, 0x00, 0x42, 0x00, 0xc4, 0x10, 0x87, 0x29, 0x66, 0x29, 0x86, 0x29, 0xc8, 0x31, 0x09, 0x42,
    0x29, 0x42, 0x29, 0x42, 0x09, 0x42, 0xc7, 0x31, 0x46, 0x21, 0x25, 0x21, 0x05, 0x21, 0x05, 0x21,
    0xe4, 0x18, 0xc4, 0x10, 0x04, 0x19, 0xa7, 0x31, 0x09, 0x3a, 0x29, 0x42, 0x08, 0x3a, 0xe8, 0x39,
    0x66, 0x29, 0xc4, 0x18, 0xa3, 0x10, 0xa3, 0x10, 0xc4, 0x18, 0x82, 0x08, 0x21, 0x00, 0x00, 0x00,
    0x00, 0x00, 0x41, 0x00, 0xa3, 0x10, 0x66, 0x29, 0x86, 0x29, 0x66, 0x29, 0xc7, 0x31, 0x29, 0x42,
    0x4a, 0x42, 0x4a, 0x42, 0x49, 0x42, 0xe8, 0x39, 0x66, 0x29, 0x25, 0x21, 0x04, 0x19, 0x05, 0x19,
    0xe4, 0x18, 0xc4, 0x10, 0xe4, 0x18, 0x66, 0x29, 0xe8, 0x39, 0x29, 0x42, 0x29, 0x42, 0x09, 0x3a,
    0xa7, 0x31, 0x05, 0x19, 0xa3, 0x10, 0xa3, 0x10, 0xa3, 0x10, 0xa3, 0x10, 0x01, 0x00, 0x00, 0x00,
    0x00, 0x00, 0x42, 0x00, 0xa3, 0x10, 0xe4, 0x18, 0x25, 0x21, 0x05, 0x19, 0x25, 0x21, 0x66, 0x29,
    0xc8, 0x39, 0xe8, 0x39, 0x87, 0x31, 0x25, 0x21, 0xe4, 0x18, 0xc4, 0x10, 0xc4, 0x10, 0xe4, 0x18,
    0xe4, 0x18, 0x05, 0x19, 0x25, 0x21, 0x45, 0x21, 0x87, 0x29, 0xa7, 0x31, 0xc8, 0x31, 0x4a, 0x42,
    0x29, 0x42, 0xa7, 0x31, 0xa7, 0x31, 0x6a, 0x4a, 0xc7, 0x31, 0xe4, 0x18, 0x42, 0x08, 0x00, 0x00,
    0x00, 0x00, 0x42, 0x00, 0x83, 0x10, 0xe4, 0x18, 0x25, 0x21, 0x05, 0x19, 0x05, 0x21, 0x45, 0x21,
    0x87, 0x31, 0xa7, 0x31, 0x87, 0x29, 0x45, 0x21, 0x04, 0x19, 0xc4, 0x10, 0xc3, 0x10, 0xc4, 0x18,
    0xe4, 0x18, 0x04, 0x19, 0x05, 0x21, 0x25, 0x21, 0x86, 0x29, 0xa7, 0x31, 0xa7, 0x31, 0xe8, 0x39,
    0xab, 0x52, 0x09, 0x3a, 0xe8, 0x39, 0x6a, 0x4a, 0xa7, 0x31, 0xe4, 0x18, 0x42, 0x00, 0x00, 0x00,
    0x00, 0x00, 0x42, 0x00, 0x83, 0x08, 0xc4, 0x10, 0x05, 0x19, 0x05, 0x19, 0x05, 0x19, 0x25, 0x21,
    0x66, 0x29, 0x66, 0x29, 0x66, 0x29, 0x25, 0x21, 0x05, 0x19, 0xc4, 0x18, 0xc3, 0x10, 0xa3, 0x10,
    0xc4, 0x10, 0xe4, 0x18, 0x05, 0x19, 0x25, 0x21, 0x66, 0x29, 0x87, 0x29, 0xa7, 0x31, 0xa7, 0x31,
    0x6a, 0x4a, 0x8b, 0x4a, 0x6a, 0x4a, 0x6a, 0x4a, 0x87, 0x29, 0xc4, 0x10, 0x42, 0x00, 0x00, 0x00,
    0x00, 0x00, 0x42, 0x00, 0x83, 0x08, 0xc3, 0x10, 0xe4, 0x18, 0xe4, 0x18, 0x05, 0x19, 0x05, 0x21,
    0x25, 0x21, 0x25, 0x21, 0x25, 0x21, 0x05, 0x21, 0x05, 0x19, 0xe4, 0x18, 0xc3, 0x10, 0xa3, 0x10,
    0xa3, 0x10, 0xc4, 0x10, 0xe4, 0x18, 0x25, 0x21, 0x66, 0x29, 0x86, 0x29, 0x87, 0x29, 0x86, 0x29,
    0xc8, 0x31, 0x29, 0x42, 0x4a, 0x4a, 0x09, 0x3a, 0x66, 0x29, 0xa3, 0x10, 0x41, 0x00, 0x00, 0x00,
    0x00, 0x00, 0x42, 0x00, 0x83, 0x08, 0xa3, 0x10, 0xe4, 0x18, 0xe4, 0x18, 0x04, 0x19, 0x05, 0x19,
    0x25, 0x21, 0x05, 0x21, 0x04, 0x19, 0xe4, 0x18, 0x04, 0x19, 0xe4, 0x18, 0xc3, 0x10, 0xa3, 0x10,
    0xa3, 0x10, 0xa3, 0x10, 0xc4, 0x18, 0x05, 0x19, 0x46, 0x29, 0x66, 0x29, 0x66, 0x29, 0x66, 0x29,
    0x86, 0x29, 0xa7, 0x31, 0xa7, 0x31, 0x87, 0x29, 0x25, 0x21, 0xa3, 0x10, 0x21, 0x00, 0x00, 0x00,
    0x00, 0x00, 0x42, 0x00, 0x83, 0x10, 0xc4, 0x10, 0xe4, 0x18, 0xe4, 0x18, 0x04, 0x19, 0x05, 0x19,
    0x25, 0x21, 0x05, 0x19, 0xe4, 0x18, 0xc4, 0x10, 0xe4, 0x18, 0xe4, 0x18, 0xc4, 0x10, 0xa3, 0x10,
    0xa3, 0x10, 0xa3, 0x10, 0xc4, 0x10, 0xe4, 0x18, 0x46, 0x21, 0x66, 0x29, 0x66, 0x29, 0x46, 0x29,
    0x66, 0x29, 0x66, 0x29, 0x66, 0x29, 0x66, 0x29, 0x25, 0x21, 0xa3, 0x10, 0x21, 0x00, 0x00, 0x00,
    0x00, 0x00, 0x42, 0x00, 0xa3, 0x10, 0xe4, 0x18, 0x05, 0x19, 0x05, 0x19, 0x05, 0x19, 0x05, 0x21,
    0x25, 0x21, 0x05, 0x19, 0xe4, 0x18, 0xc4, 0x10, 0xc4, 0x18, 0xc4, 0x18, 0xc4, 0x10, 0xa3, 0x10,
    0xa3, 0x10, 0xc3, 0x10, 0xc4, 0x10, 0x04, 0x19, 0x46, 0x29, 0x86, 0x29, 0x66, 0x29, 0x46, 0x21,
    0x46, 0x29, 0x46, 0x21, 0x66, 0x29, 0x66, 0x29, 0x45, 0x21, 0xa3, 0x10, 0x21, 0x00, 0x00, 0x00,
    0x00, 0x00, 0x42, 0x08, 0xa3, 0x10, 0x04, 0x19, 0x25, 0x21, 0x25, 0x21, 0x25, 0x21, 0x25, 0x21,
    0x45, 0x21, 0x25, 0x21, 0xe4, 0x18, 0xc4, 0x10, 0xc4, 0x18, 0xc4, 0x10, 0xc4, 0x10, 0xa3, 0x10,
    0xc4, 0x10, 0xc4, 0x10, 0xe4, 0x18, 0x25, 0x21, 0xa7, 0x31, 0xc8, 0x31, 0xc7, 0x31, 0x66, 0x29,
    0x46, 0x21, 0x45, 0x21, 0x46, 0x29, 0x66, 0x29, 0x46, 0x21, 0xa3, 0x10, 0x21, 0x00, 0x00, 0x00,
    0x00, 0x00, 0x42, 0x08, 0xc4, 0x10, 0x05, 0x21, 0x46, 0x29, 0x66, 0x29, 0x66, 0x29, 0x66, 0x29,
    0x66, 0x29, 0x25, 0x21, 0x04, 0x19, 0xc4, 0x10, 0xc4, 0x18, 0xc4, 0x10, 0xc4, 0x10, 0xc3, 0x10,
    0xc4, 0x10, 0xc4, 0x18, 0x05, 0x19, 0x66, 0x29, 0xa7, 0x31, 0xc7, 0x31, 0xe8, 0x39, 0x87, 0x29,
    0x46, 0x29, 0x46, 0x21, 0x46, 0x21, 0x66, 0x29, 0x66, 0x29, 0xc4, 0x10, 0x41, 0x00, 0x00, 0x00,
    0x00, 0x00, 0x42, 0x08, 0xc4, 0x18, 0x25, 0x21, 0x66, 0x29, 0x87, 0x31, 0xa7, 0x31, 0xa7, 0x31,
    0x87, 0x31, 0x46, 0x21, 0x05, 0x19, 0xe4, 0x18, 0xe4, 0x18, 0xc4, 0x10, 0xc4, 0x10, 0xc3, 0x10,
    0xc4, 0x10, 0xe4, 0x18, 0x05, 0x19, 0x87, 0x29, 0xa7, 0x31, 0x87, 0x29, 0xa7, 0x31, 0xe8, 0x39,
    0x46, 0x29, 0x46, 0x21, 0x46, 0x21, 0x66, 0x29, 0x66, 0x29, 0xc4, 0x10, 0x41, 0x00, 0x00, 0x00,
    0x00, 0x00, 0x42, 0x08, 0xe4, 0x18, 0x45, 0x21, 0x86, 0x29, 0xa7, 0x31, 0xe8, 0x39, 0xe8, 0x39,
    0xe8, 0x39, 0x66, 0x29, 0x25, 0x21, 0xe4, 0x18, 0xe4, 0x18, 0xc4, 0x18, 0xc4, 0x10, 0xc4, 0x10,
    0xc4, 0x18, 0xc4, 0x10, 0x05, 0x19, 0x87, 0x31, 0xa7, 0x31, 0x86, 0x29, 0x66, 0x29, 0xe8, 0x39,
    0x66, 0x29, 0x46, 0x29, 0x46, 0x21, 0x66, 0x29, 0x66, 0x29, 0xc4, 0x18, 0x42, 0x00, 0x00, 0x00,
    0x00, 0x00, 0x42, 0x08, 0xe4, 0x18, 0x46, 0x21, 0x87, 0x29, 0xa7, 0x31, 0x08, 0x3a, 0x29, 0x42,
    0x29, 0x42, 0xc7, 0x31, 0x45, 0x21, 0x04, 0x19, 0x04, 0x19, 0xe4, 0x18, 0xc4, 0x10, 0xc4, 0x10,
    0xc4, 0x18, 0xc4, 0x10, 0xe4, 0x18, 0x86, 0x29, 0xa7, 0x31, 0x87, 0x31, 0x66, 0x29, 0xa7, 0x31,
    0x87, 0x29, 0x46, 0x21, 0x46, 0x29, 0x66, 0x29, 0x66, 0x29, 0xe4, 0x18, 0x42, 0x00, 0x00, 0x00,
    0x00, 0x00, 0x62, 0x08, 0xe4, 0x18, 0x66, 0x29, 0x87, 0x29, 0xa7, 0x31, 0xe8, 0x39, 0x29, 0x42,
    0x4a, 0x4a, 0x09, 0x3a, 0x66, 0x29, 0x05, 0x19, 0x05, 0x19, 0xe4, 0x18, 0xc4, 0x18, 0xc4, 0x10,
    0xe4, 0x18, 0xc4, 0x10, 0xe4, 0x18, 0x46, 0x21, 0xa7, 0x31, 0xa7, 0x31, 0x87, 0x29, 0x86, 0x29,
    0xc8, 0x31, 0x46, 0x21, 0x46, 0x29, 0x66, 0x29, 0x66, 0x29, 0xe4, 0x18, 0x42, 0x00, 0x00, 0x00,
    0x00, 0x00, 0x62, 0x08, 0xe4, 0x18, 0x66, 0x29, 0xa7, 0x31, 0x87, 0x31, 0xe8, 0x39, 0x29, 0x42,
    0x6a, 0x4a, 0x49, 0x42, 0xc7, 0x31, 0x25, 0x21, 0x05, 0x19, 0xe4, 0x18, 0xe4, 0x18, 0xc4, 0x10,
    0xe4, 0x18, 0xc4, 0x10, 0xc4, 0x10, 0x05, 0x21, 0xc7, 0x31, 0xa7, 0x31, 0x87, 0x31, 0x86, 0x29,
    0x08, 0x3a, 0x25, 0x21, 0x46, 0x21, 0x66, 0x29, 0x66, 0x29, 0xe4, 0x18, 0x42, 0x00, 0x00, 0x00,
    0x00, 0x00, 0x62, 0x08, 0xe4, 0x18, 0x66, 0x29, 0xa7, 0x31, 0x87, 0x29, 0xa7, 0x31, 0x09, 0x42,
    0x6a, 0x4a, 0x4a, 0x4a, 0xe8, 0x39, 0x66, 0x29, 0x05, 0x21, 0xe4, 0x18, 0xe4, 0x18, 0xc4, 0x10,
    0xe4, 0x18, 0xc4, 0x10, 0xc4, 0x10, 0xe4, 0x18, 0xa7, 0x31, 0xa7, 0x31, 0x87, 0x31, 0x87, 0x29,
    0x09, 0x3a, 0x25, 0x21, 0x45, 0x21, 0x66, 0x29, 0x66, 0x29, 0xe4, 0x18, 0x42, 0x00, 0x00, 0x00,
    0x00, 0x00, 0x42, 0x08, 0xe4, 0x18, 0x66, 0x29, 0xa7, 0x31, 0x87, 0x29, 0xa7, 0x31, 0xe8, 0x39,
    0x4a, 0x42, 0x4a, 0x42, 0x09, 0x3a, 0x87, 0x29, 0x25, 0x21, 0xe4, 0x18, 0xc4, 0x18, 0xc4, 0x10,
    0xc4, 0x18, 0xc4, 0x10, 0xc4, 0x10, 0xc4, 0x10, 0x66, 0x29, 0x87, 0x31, 0x87, 0x31, 0x87, 0x31,
    0x09, 0x3a, 0x46, 0x21, 0x25, 0x21, 0x46, 0x21, 0x46, 0x29, 0xe4, 0x18, 0x42, 0x00, 0x00, 0x00,
    0x00, 0x00, 0x42, 0x08, 0xc4, 0x18, 0x46, 0x21, 0x87, 0x31, 0x87, 0x29, 0x87, 0x31, 0xc7, 0x31,
    0x09, 0x42, 0x29, 0x42, 0x09, 0x3a, 0xa7, 0x31, 0x46, 0x29, 0x04, 0x19, 0xc4, 0x10, 0xa3, 0x10,
    0xc4, 0x10, 0xc4, 0x10, 0xc3, 0x10, 0xc4, 0x10, 0x25, 0x21, 0x87, 0x31, 0x87, 0x29, 0xa7, 0x31,
    0x09, 0x3a, 0x66, 0x29, 0x25, 0x21, 0x25, 0x21, 0x45, 0x21, 0xc4, 0x18, 0x42, 0x00, 0x00, 0x00,
    0x00, 0x00, 0x42, 0x08, 0xc4, 0x10, 0x25, 0x21, 0x66, 0x29, 0x86, 0x29, 0x87, 0x29, 0xa7, 0x31,
    0xe8, 0x39, 0xe8, 0x39, 0xe8, 0x39, 0xa7, 0x31, 0x66, 0x29, 0x05, 0x21, 0xc4, 0x18, 0xa3, 0x10,
    0xa3, 0x10, 0xa3, 0x10, 0xa3, 0x10, 0xc3, 0x10, 0xe4, 0x18, 0x66, 0x29, 0xa7, 0x31, 0xa7, 0x31,
    0xe8, 0x39, 0x66, 0x29, 0x25, 0x21, 0x25, 0x21, 0x25, 0x21, 0xc4, 0x10, 0x42, 0x00, 0x00, 0x00,
    0x00, 0x00, 0x42, 0x08, 0xa3, 0x10, 0x05, 0x19, 0x46, 0x21, 0x66, 0x29, 0x87, 0x29, 0x87, 0x31,
    0xc7, 0x31, 0xa7, 0x31, 0xa7, 0x31, 0x87, 0x29, 0x66, 0x29, 0x25, 0x21, 0xe4, 0x18, 0xa3, 0x10,
    0xa3, 0x10, 0xa3, 0x10, 0xa3, 0x10, 0xa3, 0x10, 0xe4, 0x18, 0x05, 0x19, 0x46, 0x21, 0x66, 0x29,
    0x87, 0x29, 0x46, 0x21, 0x25, 0x21, 0x05, 0x21, 0x05, 0x21, 0xa3, 0x10, 0x42, 0x00, 0x00, 0x00,
    0x00, 0x00, 0x42, 0x08, 0xc3, 0x10, 0xe4, 0x18, 0x25, 0x21, 0x46, 0x21, 0x66, 0x29, 0x87, 0x31,
    0xa7, 0x31, 0x87, 0x31, 0x66, 0x29, 0x66, 0x29, 0x66, 0x29, 0x45, 0x21, 0x04, 0x19, 0xc3, 0x10,
    0xa3, 0x10, 0xa3, 0x10, 0xa3, 0x10, 0xa3, 0x10, 0xe4, 0x18, 0xe4, 0x18, 0xe4, 0x18, 0xe4, 0x18,
    0x05, 0x21, 0x05, 0x19, 0x05, 0x21, 0x05, 0x21, 0x05, 0x19, 0xa3, 0x10, 0x41, 0x00, 0x00, 0x00,
    0x00, 0x00, 0x62, 0x08, 0xc4, 0x10, 0x04, 0x19, 0x25, 0x21, 0x25, 0x21, 0x66, 0x29, 0x87, 0x29,
    0xa7, 0x31, 0x87, 0x29, 0x66, 0x29, 0x45, 0x21, 0x46, 0x21, 0x45, 0x21, 0x05, 0x19, 0xc4, 0x10,
    0xc3, 0x10, 0xa3, 0x10, 0xa3, 0x10, 0xa3, 0x10, 0xe4, 0x18, 0xe4, 0x18, 0xc4, 0x18, 0xc4, 0x10,
    0xe4, 0x18, 0xe4, 0x18, 0x05, 0x19, 0x05, 0x21, 0x05, 0x19, 0xa3, 0x10, 0x41, 0x00, 0x00, 0x00,
    0x00, 0x00, 0x62, 0x08, 0xe4, 0x18, 0x25, 0x21, 0x45, 0x21, 0x25, 0x21, 0x46, 0x29, 0x86, 0x29,
    0xa7, 0x31, 0x87, 0x31, 0x66, 0x29, 0x25, 0x21, 0x45, 0x21, 0x25, 0x21, 0x25, 0x21, 0xe4, 0x18,
    0xc4, 0x18, 0xc4, 0x10, 0xc4, 0x10, 0xc4, 0x10, 0xe4, 0x18, 0xe4, 0x18, 0xc4, 0x18, 0xc3, 0x10,
    0xc4, 0x10, 0xc4, 0x18, 0xe4, 0x18, 0x05, 0x19, 0x25, 0x21, 0xc3, 0x10, 0x42, 0x00, 0x00, 0x00,
    0x00, 0x00, 0x62, 0x08, 0xe4, 0x18, 0x46, 0x21, 0x86, 0x29, 0x66, 0x29, 0x66, 0x29, 0x87, 0x29,
    0xa7, 0x31, 0xa7, 0x31, 0x66, 0x29, 0x25, 0x21, 0x45, 0x21, 0x25, 0x21, 0x25, 0x21, 0xe4, 0x18,
    0xe4, 0x18, 0xe4, 0x18, 0x04, 0x19, 0x05, 0x19, 0x05, 0x19, 0xe4, 0x18, 0xe4, 0x18, 0xc4, 0x10,
    0xc4, 0x10, 0xc4, 0x10, 0xe4, 0x18, 0x04, 0x19, 0x45, 0x21, 0x05, 0x19, 0x62, 0x08, 0x00, 0x00,
    0x00, 0x00, 0x62, 0x08, 0x04, 0x19, 0x86, 0x29, 0xa7, 0x31, 0x87, 0x29, 0x87, 0x31, 0xa7, 0x31,
    0xc8, 0x31, 0xa7, 0x31, 0x87, 0x29, 0x46, 0x21, 0x45, 0x21, 0x25, 0x21, 0x25, 0x21, 0x05, 0x19,
    0x04, 0x19, 0xe4, 0x18, 0x25, 0x21, 0x46, 0x21, 0x46, 0x29, 0x25, 0x21, 0xe4, 0x18, 0xc4, 0x10,
    0xc4, 0x18, 0xc4, 0x10, 0xc4, 0x18, 0xe4, 0x18, 0x46, 0x29, 0x05, 0x21, 0x42, 0x08, 0x00, 0x00,
    0x00, 0x00, 0x62, 0x08, 0x05, 0x19, 0xa7, 0x31, 0xc8, 0x31, 0xa7, 0x31, 0xc7, 0x31, 0xc8, 0x31,
    0xe8, 0x39, 0xc8, 0x31, 0x87, 0x31, 0x66, 0x29, 0x46, 0x29, 0x25, 0x21, 0x25, 0x21, 0x05, 0x21,
    0x05, 0x19, 0x04, 0x19, 0x25, 0x21, 0x66, 0x29, 0xa7, 0x31, 0x66, 0x29, 0x05, 0x21, 0xe4, 0x18,
    0xe4, 0x18, 0xc4, 0x10, 0xc4, 0x18, 0xe4, 0x18, 0x46, 0x21, 0x04, 0x19, 0x42, 0x00, 0x00, 0x00,
    0x00, 0x00, 0x62, 0x08, 0x05, 0x19, 0xc7, 0x31, 0xe8, 0x39, 0xc7, 0x31, 0xe8, 0x39, 0xe8, 0x39,
    0x09, 0x42, 0xe8, 0x39, 0xa7, 0x31, 0x66, 0x29, 0x66, 0x29, 0x46, 0x21, 0x25, 0x21, 0x25, 0x21,
    0x05, 0x21, 0x04, 0x19, 0x25, 0x21, 0x87, 0x29, 0xe8, 0x39, 0xa7, 0x31, 0x46, 0x21, 0xe4, 0x18,
    0xe4, 0x18, 0xe4, 0x18, 0xc4, 0x18, 0xe4, 0x18, 0x25, 0x21, 0xe4, 0x18, 0x41, 0x00, 0x00, 0x00,
    0x00, 0x00, 0x62, 0x08, 0x05, 0x19, 0xc7, 0x31, 0xe8, 0x39, 0xc8, 0x39, 0x08, 0x3a, 0x29, 0x42,
    0x4a, 0x42, 0x09, 0x42, 0xc7, 0x31, 0x87, 0x29, 0x86, 0x29, 0x66, 0x29, 0x45, 0x21, 0x25, 0x21,
    0x25, 0x21, 0x04, 0x19, 0x25, 0x21, 0x87, 0x29, 0x08, 0x3a, 0xe8, 0x39, 0x87, 0x31, 0x25, 0x21,
    0xe4, 0x18, 0xe4, 0x18, 0xe4, 0x18, 0xe4, 0x18, 0x05, 0x19, 0xe4, 0x18, 0x21, 0x00, 0x00, 0x00,
    0x00, 0x00, 0x62, 0x08, 0x05, 0x19, 0xa7, 0x31, 0x29, 0x42, 0xe8, 0x39, 0x09, 0x3a, 0x49, 0x42,
    0x6a, 0x4a, 0x4a, 0x42, 0xe8, 0x39, 0x87, 0x31, 0x87, 0x29, 0x66, 0x29, 0x46, 0x21, 0x25, 0x21,
    0x25, 0x21, 0x05, 0x19, 0x05, 0x19, 0x66, 0x29, 0xe8, 0x39, 0x09, 0x3a, 0xc8, 0x31, 0x66, 0x29,
    0x05, 0x19, 0xe4, 0x18, 0xe4, 0x18, 0xe4, 0x18, 0xe4, 0x18, 0x04, 0x19, 0x21, 0x00, 0x00, 0x00,
    0x00, 0x00, 0x62, 0x08, 0x05, 0x19, 0xa7, 0x31, 0x49, 0x42, 0xe8, 0x39, 0x09, 0x3a, 0x4a, 0x42,
    0x8b, 0x4a, 0x6a, 0x4a, 0x29, 0x42, 0xa7, 0x31, 0x87, 0x29, 0x66, 0x29, 0x66, 0x29, 0x45, 0x21,
    0x45, 0x21, 0x05, 0x21, 0x04, 0x19, 0x45, 0x21, 0xc8, 0x31, 0x29, 0x42, 0xe8, 0x39, 0x87, 0x31,
    0x45, 0x21, 0xe4, 0x18, 0xe4, 0x18, 0xe4, 0x18, 0xe4, 0x18, 0x04, 0x19, 0x21, 0x00, 0x00, 0x00,
    0x00, 0x00, 0x62, 0x08, 0x04, 0x19, 0xa7, 0x31, 0x49, 0x42, 0xe8, 0x39, 0x09, 0x3a, 0x4a, 0x42,
    0x8b, 0x52, 0x8b, 0x4a, 0x4a, 0x42, 0xc8, 0x31, 0x87, 0x31, 0x66, 0x29, 0x46, 0x29, 0x45, 0x21,
    0x45, 0x21, 0x25, 0x21, 0x05, 0x19, 0x05, 0x21, 0xa7, 0x31, 0x09, 0x42, 0xe8, 0x39, 0xc7, 0x31,
    0x66, 0x29, 0x05, 0x19, 0xe4, 0x18, 0xe4, 0x18, 0xe4, 0x18, 0xc4, 0x18, 0x41, 0x00, 0x00, 0x00,
    0x00, 0x00, 0x42, 0x00, 0xa3, 0x10, 0x05, 0x19, 0xe4, 0x18, 0xe4, 0x18, 0xe4, 0x18, 0xe4, 0x18,
    0x05, 0x19, 0x25, 0x21, 0xe4, 0x18, 0xc3, 0x10, 0xa3, 0x10, 0xc4, 0x10, 0xe4, 0x18, 0xc4, 0x18,
    0xe4, 0x18, 0x05, 0x19, 0x05, 0x21, 0x25, 0x21, 0x46, 0x21, 0xa7, 0x31, 0xc8, 0x31, 0xe8, 0x39,
    0x8b, 0x4a, 0xcb, 0x52, 0xab, 0x52, 0xab, 0x52, 0x4a, 0x42, 0x86, 0x29, 0x83, 0x08, 0x00, 0x00,
    0x00, 0x00, 0x42, 0x08, 0xa3, 0x10, 0x05, 0x19, 0xe4, 0x18, 0x04, 0x19, 0xe4, 0x18, 0xc4, 0x18,
    0xc4, 0x18, 0xe4, 0x18, 0xe4, 0x18, 0xc3, 0x10, 0xa3, 0x10, 0xc4, 0x10, 0xc4, 0x18, 0xc4, 0x18,
    0xc4, 0x18, 0x04, 0x19, 0x05, 0x19, 0x05, 0x21, 0x25, 0x21, 0x66, 0x29, 0xa7, 0x31, 0xc8, 0x31,
    0x09, 0x3a, 0xcb, 0x52, 0xab, 0x52, 0x8a, 0x4a, 0x4a, 0x42, 0x86, 0x29, 0x83, 0x08, 0x00, 0x00,
    0x00, 0x00, 0x42, 0x08, 0xc3, 0x10, 0x05, 0x21, 0x04, 0x19, 0x05, 0x19, 0xe4, 0x18, 0xc4, 0x10,
    0xa3, 0x10, 0xc4, 0x10, 0xc4, 0x10, 0xa3, 0x10, 0xa3, 0x10, 0xc4, 0x10, 0xc4, 0x10, 0xc4, 0x10,
    0xc4, 0x10, 0xe4, 0x18, 0x04, 0x19, 0x05, 0x19, 0x05, 0x21, 0x46, 0x21, 0x66, 0x29, 0x87, 0x31,
    0xc7, 0x31, 0x29, 0x42, 0x6a, 0x4a, 0x49, 0x42, 0x29, 0x42, 0x66, 0x29, 0x83, 0x08, 0x00, 0x00,
    0x00, 0x00, 0x42, 0x08, 0xc3, 0x10, 0x05, 0x21, 0x04, 0x19, 0x05, 0x19, 0xe4, 0x18, 0xc4, 0x18,
    0xa3, 0x10, 0xa3, 0x10, 0xa3, 0x10, 0xa3, 0x10, 0xa3, 0x10, 0xc3, 0x10, 0xc4, 0x10, 0xc4, 0x10,
    0xc4, 0x10, 0xe4, 0x18, 0xe4, 0x18, 0x04, 0x19, 0x05, 0x19, 0x25, 0x21, 0x46, 0x21, 0x66, 0x29,
    0x87, 0x29, 0xc8, 0x31, 0xe8, 0x39, 0x09, 0x3a, 0x29, 0x42, 0x66, 0x29, 0x82, 0x08, 0x00, 0x00,
    0x00, 0x00, 0x42, 0x08, 0xc3, 0x10, 0x05, 0x19, 0xe4, 0x18, 0x05, 0x19, 0x04, 0x19, 0xe4, 0x18,
    0xa3, 0x10, 0xa3, 0x10, 0x83, 0x08, 0x83, 0x08, 0x83, 0x08, 0xa3, 0x10, 0xc4, 0x10, 0xc4, 0x10,
    0xc3, 0x10, 0xe4, 0x18, 0xe4, 0x18, 0xe4, 0x18, 0x05, 0x19, 0x25, 0x21, 0x25, 0x21, 0x46, 0x21,
    0x66, 0x29, 0xa7, 0x31, 0xc8, 0x39, 0x08, 0x3a, 0x09, 0x3a, 0x46, 0x29, 0x62, 0x08, 0x00, 0x00,
    0x00, 0x00, 0x42, 0x08, 0xc4, 0x10, 0x05, 0x19, 0xe4, 0x18, 0x05, 0x19, 0x04, 0x19, 0xe4, 0x18,
    0xc3, 0x10, 0xa3, 0x10, 0x83, 0x08, 0x62, 0x08, 0x82, 0x08, 0xa3, 0x10, 0xc3, 0x10, 0xc3, 0x10,
    0xa3, 0x10, 0xc4, 0x18, 0xc4, 0x18, 0xe4, 0x18, 0x04, 0x19, 0x25, 0x21, 0x25, 0x21, 0x25, 0x21,
    0x46, 0x21, 0x87, 0x29, 0xa7, 0x31, 0xe8, 0x39, 0x09, 0x3a, 0x46, 0x29, 0x62, 0x08, 0x00, 0x00,
    0x00, 0x00, 0x42, 0x08, 0xc4, 0x10, 0x25, 0x21, 0xe4, 0x18, 0x05, 0x19, 0x04, 0x19, 0xe4, 0x18,
    0xc4, 0x18, 0xc3, 0x10, 0x83, 0x08, 0x62, 0x08, 0x62, 0x08, 0xa3, 0x10, 0xa3, 0x10, 0xc3, 0x10,
    0xc3, 0x10, 0xc4, 0x10, 0xc4, 0x10, 0xe4, 0x18, 0xe4, 0x18, 0x25, 0x21, 0x25, 0x21, 0x25, 0x21,
    0x25, 0x21, 0x66, 0x29, 0x87, 0x31, 0xc8, 0x39, 0x09, 0x3a, 0x46, 0x29, 0x62, 0x08, 0x00, 0x00,
    0x00, 0x00, 0x42, 0x08, 0xc4, 0x18, 0x25, 0x21, 0x05, 0x19, 0x05, 0x21, 0x05, 0x19, 0x05, 0x19,
    0xe4, 0x18, 0xc4, 0x10, 0x83, 0x10, 0x62, 0x08, 0x62, 0x08, 0x83, 0x08, 0xa3, 0x10, 0xc3, 0x10,
    0xc3, 0x10, 0xc4, 0x18, 0xc4, 0x18, 0xe4, 0x18, 0x04, 0x19, 0x25, 0x21, 0x25, 0x21, 0x25, 0x21,
    0x25, 0x21, 0x46, 0x29, 0x86, 0x29, 0xa7, 0x31, 0xe8, 0x39, 0x46, 0x29, 0x62, 0x08, 0x00, 0x00,
    0x00, 0x00, 0x42, 0x08, 0xe4, 0x18, 0x46, 0x21, 0x25, 0x21, 0x25, 0x21, 0x25, 0x21, 0x25, 0x21,
    0xe4, 0x18, 0xe4, 0x18, 0xa3, 0x10, 0x82, 0x08, 0x62, 0x08, 0x83, 0x08, 0xa3, 0x10, 0xa3, 0x10,
    0xc3, 0x10, 0xe4, 0x18, 0xe4, 0x18, 0xe4, 0x18, 0x25, 0x21, 0x66, 0x29, 0x46, 0x29, 0x25, 0x21,
    0x25, 0x21, 0x46, 0x21, 0x66, 0x29, 0xa7, 0x31, 0xe8, 0x39, 0x46, 0x29, 0x62, 0x08, 0x00, 0x00,
    0x00, 0x00, 0x42, 0x08, 0xc4, 0x18, 0x46, 0x29, 0x25, 0x21, 0x46, 0x21, 0x46, 0x29, 0x46, 0x21,
    0x05, 0x21, 0x04, 0x19, 0xc4, 0x10, 0x83, 0x08, 0x62, 0x08, 0x82, 0x08, 0x83, 0x08, 0xa3, 0x10,
    0xc3, 0x10, 0xe4, 0x18, 0xe4, 0x18, 0x05, 0x19, 0x66, 0x29, 0xa7, 0x31, 0xa7, 0x31, 0x46, 0x21,
    0x25, 0x21, 0x46, 0x29, 0x66, 0x29, 0x87, 0x29, 0xc8, 0x31, 0x46, 0x21, 0x62, 0x08, 0x00, 0x00,
    0x00, 0x00, 0x42, 0x00, 0xc4, 0x18, 0x66, 0x29, 0x46, 0x21, 0x66, 0x29, 0x66, 0x29, 0x66, 0x29,
    0x45, 0x21, 0x05, 0x21, 0xe4, 0x18, 0xa3, 0x10, 0x82, 0x08, 0x83, 0x08, 0x83, 0x08, 0xa3, 0x10,
    0xa3, 0x10, 0xe4, 0x18, 0xe4, 0x18, 0x05, 0x21, 0x87, 0x29, 0xa7, 0x31, 0xc8, 0x31, 0x66, 0x29,
    0x45, 0x21, 0x66, 0x29, 0x66, 0x29, 0x86, 0x29, 0xa7, 0x31, 0x46, 0x21, 0x62, 0x08, 0x00, 0x00,
    0x00, 0x00, 0x42, 0x08, 0xc4, 0x10, 0x66, 0x29, 0x46, 0x21, 0x66, 0x29, 0x87, 0x29, 0xa7, 0x31,
    0x66, 0x29, 0x45, 0x21, 0xe4, 0x18, 0xc3, 0x10, 0x83, 0x10, 0x83, 0x10, 0x83, 0x08, 0x83, 0x10,
    0xa3, 0x10, 0xc4, 0x18, 0xe4, 0x18, 0x05, 0x21, 0x87, 0x31, 0xa7, 0x31, 0xc7, 0x31, 0xc7, 0x31,
    0x46, 0x21, 0x66, 0x29, 0x66, 0x29, 0x86, 0x29, 0xa7, 0x31, 0x25, 0x21, 0x62, 0x08, 0x00, 0x00,
    0x00, 0x00, 0x42, 0x08, 0xc4, 0x18, 0x46, 0x29, 0x46, 0x29, 0x66, 0x29, 0x87, 0x29, 0xa7, 0x31,
    0xa7, 0x31, 0x66, 0x29, 0x05, 0x19, 0xc4, 0x18, 0xa3, 0x10, 0xa3, 0x10, 0xa3, 0x10, 0x83, 0x10,
    0xa3, 0x10, 0xc4, 0x18, 0xe4, 0x18, 0x05, 0x19, 0x87, 0x29, 0xa7, 0x31, 0xa7, 0x31, 0xe8, 0x39,
    0x46, 0x21, 0x66, 0x29, 0x66, 0x29, 0x86, 0x29, 0xa7, 0x31, 0x25, 0x21, 0x62, 0x08, 0x00, 0x00,
    0x00, 0x00, 0x62, 0x08, 0xe4, 0x18, 0x66, 0x29, 0x46, 0x29, 0x66, 0x29, 0x66, 0x29, 0xa7, 0x31,
    0xa7, 0x31, 0x87, 0x29, 0x25, 0x21, 0xe4, 0x18, 0xc3, 0x10, 0xc4, 0x10, 0xa3, 0x10, 0xa3, 0x10,
    0xa3, 0x10, 0xc4, 0x10, 0xc4, 0x18, 0xe4, 0x18, 0x66, 0x29, 0xc7, 0x31, 0xa7, 0x31, 0xe8, 0x39,
    0x66, 0x29, 0x66, 0x29, 0x86, 0x29, 0x87, 0x29, 0x87, 0x31, 0x25, 0x21, 0x62, 0x08, 0x00, 0x00,
    0x00, 0x00, 0x62, 0x08, 0xe4, 0x18, 0x66, 0x29, 0x46, 0x29, 0x66, 0x29, 0x66, 0x29, 0x86, 0x29,
    0x87, 0x31, 0xa7, 0x31, 0x46, 0x21, 0xe4, 0x18, 0xc4, 0x10, 0xc4, 0x18, 0xc3, 0x10, 0xa3, 0x10,
    0xa3, 0x10, 0xc4, 0x10, 0xc4, 0x10, 0xe4, 0x18, 0x25, 0x21, 0xa7, 0x31, 0xa7, 0x31, 0xe8, 0x39,
    0x86, 0x29, 0x66, 0x29, 0x86, 0x29, 0x87, 0x29, 0x87, 0x31, 0x05, 0x21, 0x62, 0x08, 0x00, 0x00,
    0x00, 0x00, 0x62, 0x08, 0x04, 0x19, 0x87, 0x29, 0x66, 0x29, 0x66, 0x29, 0x46, 0x29, 0x46, 0x29,
    0x66, 0x29, 0x87, 0x29, 0x46, 0x29, 0x05, 0x19, 0xe4, 0x18, 0xe4, 0x18, 0xc4, 0x10, 0xa3, 0x10,
    0xa3, 0x10, 0xc4, 0x10, 0xc4, 0x10, 0xc4, 0x18, 0xe4, 0x18, 0x87, 0x29, 0xa7, 0x31, 0xe8, 0x39,
    0x87, 0x29, 0x66, 0x29, 0x86, 0x29, 0x87, 0x29, 0x87, 0x29, 0x05, 0x19, 0x62, 0x08, 0x00, 0x00,
    0x00, 0x00, 0x62, 0x08, 0x05, 0x19, 0x87, 0x31, 0x66, 0x29, 0x66, 0x29, 0x46, 0x29, 0x45, 0x21,
    0x45, 0x21, 0x46, 0x29, 0x45, 0x21, 0x05, 0x19, 0xe4, 0x18, 0xe4, 0x18, 0xc4, 0x18, 0xc3, 0x10,
    0xa3, 0x10, 0xc4, 0x10, 0xc4, 0x10, 0xc4, 0x10, 0xc4, 0x18, 0x25, 0x21, 0x87, 0x29, 0xa7, 0x31,
    0x66, 0x29, 0x66, 0x29, 0x66, 0x29, 0x87, 0x29, 0x87, 0x29, 0x05, 0x19, 0x62, 0x08, 0x00, 0x00,
    0x00, 0x00, 0x62, 0x08, 0x05, 0x19, 0x87, 0x31, 0x86, 0x29, 0x86, 0x29, 0x66, 0x29, 0x45, 0x21,
    0x25, 0x21, 0x25, 0x21, 0x25, 0x21, 0x05, 0x19, 0xe4, 0x18, 0xe4, 0x18, 0xe4, 0x18, 0xc4, 0x10,
    0xa3, 0x10, 0xc4, 0x10, 0xc4, 0x10, 0xc4, 0x10, 0xc4, 0x10, 0xe4, 0x18, 0x25, 0x21, 0x45, 0x21,
    0x25, 0x21, 0x46, 0x29, 0x66, 0x29, 0x86, 0x29, 0x66, 0x29, 0xe4, 0x18, 0x62, 0x08, 0x00, 0x00,
    0x00, 0x00, 0x62, 0x08, 0x05, 0x19, 0x87, 0x29, 0x66, 0x29, 0x87, 0x29, 0x66, 0x29, 0x46, 0x21,
    0x05, 0x19, 0x05, 0x19, 0xe4, 0x18, 0xe4, 0x18, 0xe4, 0x18, 0xe4, 0x18, 0xe4, 0x18, 0xc4, 0x10,
    0xa3, 0x10, 0xc4, 0x10, 0xc4, 0x10, 0xc4, 0x10, 0xc4, 0x10, 0xe4, 0x18, 0xe4, 0x18, 0xe4, 0x18,
    0x04, 0x19, 0x45, 0x21, 0x66, 0x29, 0x66, 0x29, 0x66, 0x29, 0xe4, 0x18, 0x42, 0x08, 0x00, 0x00,
    0x00, 0x00, 0x62, 0x08, 0x05, 0x19, 0x87, 0x29, 0x66, 0x29, 0x86, 0x29, 0x66, 0x29, 0x46, 0x29,
    0x05, 0x21, 0x04, 0x19, 0xc4, 0x18, 0xc4, 0x10, 0xc4, 0x10, 0xe4, 0x18, 0xe4, 0x18, 0xc4, 0x10,
    0xa3, 0x10, 0xc3, 0x10, 0xc3, 0x10, 0xc4, 0x10, 0xc4, 0x10, 0xe4, 0x18, 0xc4, 0x18, 0xc4, 0x10,
    0xe4, 0x18, 0x25, 0x21, 0x46, 0x21, 0x66, 0x29, 0x66, 0x29, 0xe4, 0x18, 0x42, 0x00, 0x00, 0x00,
    0x00, 0x00, 0x62, 0x08, 0x05, 0x19, 0x86, 0x29, 0x66, 0x29, 0x66, 0x29, 0x66, 0x29, 0x66, 0x29,
    0x25, 0x21, 0x05, 0x19, 0xc4, 0x10, 0xa3, 0x10, 0xc3, 0x10, 0xe4, 0x18, 0xe4, 0x18, 0xc4, 0x18,
    0xa3, 0x10, 0xa3, 0x10, 0xa3, 0x10, 0xc3, 0x10, 0xc4, 0x10, 0xe4, 0x18, 0xc4, 0x18, 0xc4, 0x10,
    0xc4, 0x10, 0x05, 0x19, 0x25, 0x21, 0x66, 0x29, 0x66, 0x29, 0xe4, 0x18, 0x42, 0x00, 0x00, 0x00,
    0x00, 0x00, 0x62, 0x08, 0x05, 0x21, 0x87, 0x29, 0x66, 0x29, 0x66, 0x29, 0x66, 0x29, 0x66, 0x29,
    0x46, 0x21, 0x05, 0x21, 0xc4, 0x18, 0xa3, 0x10, 0xa3, 0x10, 0xe4, 0x18, 0xe4, 0x18, 0xe4, 0x18,
    0xc3, 0x10, 0xc3, 0x10, 0xa3, 0x10, 0xc3, 0x10, 0xc4, 0x10, 0xe4, 0x18, 0xc4, 0x18, 0xc4, 0x10,
    0xc3, 0x10, 0xe4, 0x18, 0x05, 0x21, 0x46, 0x21, 0x66, 0x29, 0xe4, 0x18, 0x42, 0x00, 0x00, 0x00,
    0x00, 0x00, 0x62, 0x08, 0x25, 0x21, 0xa7, 0x31, 0x66, 0x29, 0x66, 0x29, 0x66, 0x29, 0x66, 0x29,
    0x66, 0x29, 0x25, 0x21, 0xe4, 0x18, 0xa3, 0x10, 0xa3, 0x10, 0xc4, 0x10, 0xe4, 0x18, 0xe4, 0x18,
    0xc4, 0x10, 0xc4, 0x10, 0xc3, 0x10, 0xc4, 0x10, 0xc4, 0x10, 0xe4, 0x18, 0xe4, 0x18, 0xc4, 0x10,
    0xc3, 0x10, 0xe4, 0x18, 0x04, 0x19, 0x25, 0x21, 0x66, 0x29, 0xe4, 0x18, 0x42, 0x08, 0x00, 0x00,
    0x00, 0x00, 0x62, 0x08, 0x25, 0x21, 0xc7, 0x31, 0x87, 0x31, 0x87, 0x31, 0x86, 0x29, 0x86, 0x29,
    0x66, 0x29, 0x46, 0x29, 0x05, 0x19, 0xc4, 0x10, 0xa3, 0x10, 0xc3, 0x10, 0xc4, 0x18, 0xe4, 0x18,
    0xc4, 0x18, 0xc4, 0x18, 0xc4, 0x18, 0xe4, 0x18, 0xe4, 0x18, 0x04, 0x19, 0xe4, 0x18, 0xc4, 0x18,
    0xc4, 0x10, 0xe4, 0x18, 0xe4, 0x18, 0x25, 0x21, 0x46, 0x21, 0x05, 0x19, 0x62, 0x08, 0x00, 0x00,
    0x00, 0x00, 0x62, 0x08, 0x05, 0x21, 0xc8, 0x31, 0xc8, 0x31, 0xc7, 0x31, 0xa7, 0x31, 0xa7, 0x31,
    0x87, 0x29, 0x66, 0x29, 0x25, 0x21, 0xe4, 0x18, 0xa3, 0x10, 0xc3, 0x10, 0xc4, 0x10, 0xe4, 0x18,
    0xe4, 0x18, 0xe4, 0x18, 0xe4, 0x18, 0x05, 0x19, 0x05, 0x19, 0x05, 0x21, 0xe4, 0x18, 0xe4, 0x18,
    0xc4, 0x10, 0xe4, 0x18, 0xe4, 0x18, 0x05, 0x19, 0x25, 0x21, 0x25, 0x21, 0x82, 0x08, 0x00, 0x00,
    0x00, 0x00, 0x62, 0x08, 0x05, 0x19, 0xc8, 0x39, 0xe8, 0x39, 0xe8, 0x39, 0xc8, 0x31, 0xc7, 0x31,
    0xa7, 0x31, 0x87, 0x29, 0x46, 0x21, 0x05, 0x19, 0xc4, 0x10, 0xc4, 0x10, 0xc4, 0x10, 0xc4, 0x18,
    0xe4, 0x18, 0xe4, 0x18, 0xe4, 0x18, 0x25, 0x21, 0x25, 0x21, 0x45, 0x21, 0x05, 0x19, 0xe4, 0x18,
    0xc4, 0x18, 0xe4, 0x18, 0xe4, 0x18, 0x04, 0x19, 0x25, 0x21, 0x25, 0x21, 0x62, 0x08, 0x00, 0x00,
    0x00, 0x00, 0x62, 0x08, 0x05, 0x19, 0xc8, 0x31, 0xe8, 0x39, 0xe8, 0x39, 0xe8, 0x39, 0xe8, 0x39,
    0xc8, 0x31, 0xa7, 0x31, 0x66, 0x29, 0x25, 0x21, 0xe4, 0x18, 0xe4, 0x18, 0xc4, 0x18, 0xc4, 0x18,
    0xe4, 0x18, 0xe4, 0x18, 0xe4, 0x18, 0x05, 0x21, 0x46, 0x21, 0x66, 0x29, 0x25, 0x21, 0xe4, 0x18,
    0xe4, 0x18, 0xe4, 0x18, 0xe4, 0x18, 0x04, 0x19, 0x05, 0x21, 0x05, 0x21, 0x62, 0x08, 0x00, 0x00,
    0x00, 0x00, 0x62, 0x08, 0x05, 0x19, 0xc8, 0x31, 0xe8, 0x39, 0xe8, 0x39, 0xe8, 0x39, 0xe8, 0x39,
    0xe8, 0x39, 0xc8, 0x39, 0x86, 0x29, 0x46, 0x21, 0x05, 0x19, 0x05, 0x19, 0xe4, 0x18, 0xe4, 0x18,
    0xe4, 0x18, 0xe4, 0x18, 0xe4, 0x18, 0x05, 0x19, 0x46, 0x21, 0x66, 0x29, 0x46, 0x21, 0x05, 0x19,
    0xe4, 0x18, 0x04, 0x19, 0xe4, 0x18, 0x04, 0x19, 0x05, 0x21, 0xe4, 0x18, 0x62, 0x08, 0x00, 0x00,
    0x00, 0x00, 0x62, 0x08, 0x25, 0x21, 0xc8, 0x31, 0xe8, 0x39, 0x08, 0x3a, 0xe8, 0x39, 0xe8, 0x39,
    0xe8, 0x39, 0xe8, 0x39, 0xa7, 0x31, 0x46, 0x29, 0x25, 0x21, 0x25, 0x21, 0x05, 0x19, 0xe4, 0x18,
    0xe4, 0x18, 0xe4, 0x18, 0xe4, 0x18, 0xe4, 0x18, 0x25, 0x21, 0x66, 0x29, 0x66, 0x29, 0x25, 0x21,
    0xe4, 0x18, 0xe4, 0x18, 0x04, 0x19, 0x04, 0x19, 0x05, 0x19, 0xc4, 0x18, 0x62, 0x08, 0x00, 0x00,
    0x00, 0x00, 0x62, 0x08, 0x25, 0x21, 0xc8, 0x39, 0xc8, 0x31, 0x09, 0x3a, 0xe8, 0x39, 0xe8, 0x39,
    0xe8, 0x39, 0xe8, 0x39, 0xa7, 0x31, 0x66, 0x29, 0x46, 0x21, 0x46, 0x21, 0x25, 0x21, 0x05, 0x19,
    0xe4, 0x18, 0x04, 0x19, 0xe4, 0x18, 0xe4, 0x18, 0x05, 0x19, 0x46, 0x29, 0x66, 0x29, 0x25, 0x21,
    0xe4, 0x18, 0xe4, 0x18, 0xe4, 0x18, 0x04, 0x19, 0x05, 0x19, 0xc4, 0x10, 0x62, 0x08, 0x00, 0x00,
    0x00, 0x00, 0x21, 0x00, 0x83, 0x10, 0x83, 0x08, 0x62, 0x08, 0x62, 0x08, 0x62, 0x08, 0x62, 0x08,
    0x62, 0x08, 0x42, 0x08, 0x62, 0x08, 0x42, 0x08, 0x42, 0x00, 0x42, 0x00, 0x62, 0x08, 0x62, 0x08,
    0x62, 0x08, 0x42, 0x08, 0x62, 0x08, 0x62, 0x08, 0x62, 0x08, 0x62, 0x08, 0x83, 0x10, 0xa3, 0x10,
    0xa3, 0x10, 0xe4, 0x18, 0xe4, 0x18, 0xc4, 0x10, 0xc4, 0x10, 0xc4, 0x10, 0x42, 0x08, 0x00, 0x00,
    0x00, 0x00, 0x21, 0x00, 0xa3, 0x10, 0x83, 0x10, 0x82, 0x08, 0x62, 0x08, 0x62, 0x08, 0x62, 0x08,
    0x42, 0x00, 0x42, 0x00, 0x62, 0x08, 0x42, 0x08, 0x42, 0x00, 0x42, 0x00, 0x62, 0x08, 0x62, 0x08,
    0x62, 0x08, 0x62, 0x08, 0x62, 0x08, 0x62, 0x08, 0x62, 0x08, 0x62, 0x08, 0x82, 0x08, 0x83, 0x08,
    0x83, 0x10, 0xa3, 0x10, 0xe4, 0x18, 0xe4, 0x18, 0xe4, 0x18, 0xc4, 0x18, 0x62, 0x08, 0x00, 0x00,
    0x00, 0x00, 0x21, 0x00, 0xa3, 0x10, 0xa3, 0x10, 0x83, 0x08, 0x62, 0x08, 0x82, 0x08, 0x62, 0x08,
    0x42, 0x00, 0x41, 0x00, 0x42, 0x00, 0x42, 0x00, 0x42, 0x00, 0x42, 0x00, 0x62, 0x08, 0x62, 0x08,
    0x62, 0x08, 0x62, 0x08, 0x62, 0x08, 0x62, 0x08, 0x62, 0x08, 0x42, 0x00, 0x62, 0x08, 0x62, 0x08,
    0x82, 0x08, 0x83, 0x10, 0xc4, 0x18, 0xe4, 0x18, 0xe4, 0x18, 0xe4, 0x18, 0x62, 0x08, 0x00, 0x00,
    0x00, 0x00, 0x21, 0x00, 0xc4, 0x10, 0xa3, 0x10, 0xa3, 0x10, 0x83, 0x08, 0x83, 0x08, 0x62, 0x08,
    0x42, 0x00, 0x21, 0x00, 0x42, 0x00, 0x42, 0x00, 0x42, 0x00, 0x42, 0x00, 0x62, 0x08, 0x62, 0x08,
    0x62, 0x08, 0x62, 0x08, 0x82, 0x08, 0x62, 0x08, 0x62, 0x08, 0x42, 0x00, 0x62, 0x08, 0x62, 0x08,
    0x62, 0x08, 0x82, 0x08, 0xc4, 0x10, 0xe4, 0x18, 0xe4, 0x18, 0xe4, 0x18, 0x62, 0x08, 0x00, 0x00,
    0x00, 0x00, 0x21, 0x00, 0xc4, 0x10, 0xc3, 0x10, 0xa3, 0x10, 0x83, 0x10, 0x83, 0x10, 0x62, 0x08,
    0x42, 0x00, 0x21, 0x00, 0x41, 0x00, 0x21, 0x00, 0x21, 0x00, 0x42, 0x00, 0x62, 0x08, 0x62, 0x08,
    0x62, 0x08, 0x62, 0x08, 0x82, 0x08, 0x62, 0x08, 0x62, 0x08, 0x42, 0x00, 0x42, 0x08, 0x42, 0x00,
    0x42, 0x08, 0x62, 0x08, 0xa3, 0x10, 0xe4, 0x18, 0xe4, 0x18, 0xe4, 0x18, 0x62, 0x08, 0x00, 0x00,
    0x00, 0x00, 0x21, 0x00, 0xc4, 0x10, 0xc4, 0x10, 0xa3, 0x10, 0xa3, 0x10, 0xa3, 0x10, 0x82, 0x08,
    0x42, 0x08, 0x21, 0x00, 0x41, 0x00, 0x21, 0x00, 0x21, 0x00, 0x21, 0x00, 0x62, 0x08, 0x62, 0x08,
    0x62, 0x08, 0x62, 0x08, 0x82, 0x08, 0x82, 0x08, 0x62, 0x08, 0x42, 0x08, 0x42, 0x08, 0x42, 0x00,
    0x42, 0x00, 0x42, 0x08, 0x83, 0x10, 0xc4, 0x10, 0xe4, 0x18, 0xe4, 0x18, 0x62, 0x08, 0x00, 0x00,
    0x00, 0x00, 0x21, 0x00, 0xc4, 0x10, 0xc4, 0x10, 0xa3, 0x10, 0xa3, 0x10, 0xa3, 0x10, 0x83, 0x08,
    0x62, 0x08, 0x21, 0x00, 0x41, 0x00, 0x21, 0x00, 0x21, 0x00, 0x21, 0x00, 0x62, 0x08, 0x62, 0x08,
    0x62, 0x08, 0x62, 0x08, 0x82, 0x08, 0x82, 0x08, 0x62, 0x08, 0x62, 0x08, 0x62, 0x08, 0x42, 0x00,
    0x41, 0x00, 0x42, 0x00, 0x82, 0x08, 0xa3, 0x10, 0xc4, 0x18, 0xe4, 0x18, 0x62, 0x08, 0x00, 0x00,
    0x00, 0x00, 0x21, 0x00, 0xc4, 0x10, 0xc4, 0x10, 0xc3, 0x10, 0xa3, 0x10, 0xa3, 0x10, 0xa3, 0x10,
    0x62, 0x08, 0x42, 0x00, 0x41, 0x00, 0x21, 0x00, 0x21, 0x00, 0x21, 0x00, 0x42, 0x00, 0x62, 0x08,
    0x62, 0x08, 0x62, 0x08, 0x82, 0x08, 0x62, 0x08, 0x62, 0x08, 0x62, 0x08, 0x62, 0x08, 0x42, 0x00,
    0x21, 0x00, 0x21, 0x00, 0x62, 0x08, 0x83, 0x08, 0xa3, 0x10, 0xe4, 0x18, 0x62, 0x08, 0x00, 0x00,
    0x00, 0x00, 0x21, 0x00, 0xa3, 0x10, 0xc4, 0x10, 0xc3, 0x10, 0xa3, 0x10, 0xc3, 0x10, 0xa3, 0x10,
    0x82, 0x08, 0x42, 0x08, 0x42, 0x00, 0x21, 0x00, 0x21, 0x00, 0x21, 0x00, 0x42, 0x00, 0x42, 0x08,
    0x62, 0x08, 0x62, 0x08, 0x82, 0x08, 0x62, 0x08, 0x62, 0x08, 0x62, 0x08, 0x62, 0x08, 0x42, 0x08,
    0x41, 0x00, 0x21, 0x00, 0x62, 0x08, 0x62, 0x08, 0xa3, 0x10, 0xc4, 0x10, 0x62, 0x08, 0x00, 0x00,
    0x00, 0x00, 0x21, 0x00, 0xa3, 0x10, 0xc3, 0x10, 0xc3, 0x10, 0xa3, 0x10, 0xc4, 0x10, 0xa3, 0x10,
    0x83, 0x08, 0x62, 0x08, 0x42, 0x08, 0x21, 0x00, 0x21, 0x00, 0x21, 0x00, 0x41, 0x00, 0x42, 0x00,
    0x42, 0x08, 0x62, 0x08, 0x82, 0x08, 0x82, 0x08, 0x82, 0x08, 0x62, 0x08, 0x82, 0x08, 0x62, 0x08,
    0x42, 0x00, 0x21, 0x00, 0x42, 0x08, 0x62, 0x08, 0x82, 0x08, 0xa3, 0x10, 0x62, 0x08, 0x00, 0x00,
    0x00, 0x00, 0x21, 0x00, 0x83, 0x10, 0xa3, 0x10, 0xc3, 0x10, 0xa3, 0x10, 0xc4, 0x18, 0xc4, 0x10,
    0xa3, 0x10, 0x62, 0x08, 0x62, 0x08, 0x42, 0x00, 0x21, 0x00, 0x21, 0x00, 0x41, 0x00, 0x42, 0x00,
    0x42, 0x00, 0x42, 0x08, 0x62, 0x08, 0x82, 0x08, 0x83, 0x08, 0x83, 0x10, 0x83, 0x10, 0x62, 0x08,
    0x42, 0x00, 0x41, 0x00, 0x42, 0x08, 0x42, 0x08, 0x62, 0x08, 0x83, 0x08, 0x42, 0x08, 0x00, 0x00,
    0x00, 0x00, 0x21, 0x00, 0x83, 0x08, 0xa3, 0x10, 0xa3, 0x10, 0xa3, 0x10, 0xc4, 0x18, 0xc4, 0x10,
    0xa3, 0x10, 0x83, 0x08, 0x62, 0x08, 0x42, 0x08, 0x41, 0x00, 0x21, 0x00, 0x42, 0x00, 0x42, 0x00,
    0x42, 0x00, 0x42, 0x00, 0x62, 0x08, 0x62, 0x08, 0x83, 0x08, 0xa3, 0x10, 0xa3, 0x10, 0x62, 0x08,
    0x62, 0x08, 0x42, 0x00, 0x62, 0x08, 0x42, 0x08, 0x62, 0x08, 0x62, 0x08, 0x42, 0x00, 0x00, 0x00,
    0x00, 0x00, 0x21, 0x00, 0x83, 0x08, 0x83, 0x10, 0xa3, 0x10, 0xa3, 0x10, 0xc4, 0x10, 0xc4, 0x10,
    0xa3, 0x10, 0x83, 0x08, 0x83, 0x08, 0x62, 0x08, 0x42, 0x00, 0x21, 0x00, 0x42, 0x00, 0x42, 0x00,
    0x42, 0x00, 0x42, 0x00, 0x62, 0x08, 0x62, 0x08, 0x82, 0x08, 0xa3, 0x10, 0xc4, 0x10, 0x83, 0x08,
    0x62, 0x08, 0x42, 0x08, 0x62, 0x08, 0x62, 0x08, 0x62, 0x08, 0x62, 0x08, 0x42, 0x00, 0x00, 0x00,
    0x00, 0x00, 0x21, 0x00, 0xa3, 0x10, 0xa3, 0x10, 0xa3, 0x10, 0xa3, 0x10, 0xc3, 0x10, 0xc3, 0x10,
    0xa3, 0x10, 0x83, 0x10, 0x83, 0x08, 0x62, 0x08, 0x42, 0x08, 0x42, 0x00, 0x42, 0x08, 0x42, 0x00,
    0x42, 0x00, 0x42, 0x00, 0x62, 0x08, 0x62, 0x08, 0x62, 0x08, 0xa3, 0x10, 0xc4, 0x10, 0x83, 0x10,
    0x62, 0x08, 0x62, 0x08, 0x62, 0x08, 0x62, 0x08, 0x62, 0x08, 0x62, 0x08, 0x41, 0x00, 0x00, 0x00,
    0x00, 0x00, 0x21, 0x00, 0xa3, 0x10, 0xa3, 0x10, 0xa3, 0x10, 0xa3, 0x10, 0xa3, 0x10, 0xa3, 0x10,
    0xa3, 0x10, 0x83, 0x10, 0x83, 0x10, 0x62, 0x08, 0x62, 0x08, 0x42, 0x00, 0x62, 0x08, 0x42, 0x08,
    0x42, 0x00, 0x42, 0x00, 0x62, 0x08, 0x62, 0x08, 0x62, 0x08, 0x82, 0x08, 0xc3, 0x10, 0x83, 0x10,
    0x62, 0x08, 0x62, 0x08, 0x82, 0x08, 0x62, 0x08, 0x62, 0x08, 0x62, 0x08, 0x41, 0x00, 0x00, 0x00,
    0x00, 0x00, 0x41, 0x00, 0xc4, 0x10, 0xc3, 0x10, 0xa3, 0x10, 0x83, 0x10, 0xa3, 0x10, 0x83, 0x10,
    0x83, 0x08, 0x83, 0x08, 0x83, 0x08, 0x62, 0x08, 0x62, 0x08, 0x62, 0x08, 0x62, 0x08, 0x62, 0x08,
    0x42, 0x08, 0x42, 0x00, 0x62, 0x08, 0x62, 0x08, 0x42, 0x08, 0x62, 0x08, 0x83, 0x10, 0x83, 0x08,
    0x62, 0x08, 0x62, 0x08, 0x83, 0x08, 0x82, 0x08, 0x82, 0x08, 0x82, 0x08, 0x42, 0x00, 0x00, 0x00,
    0x00, 0x00, 0x41, 0x00, 0xe4, 0x18, 0xc4, 0x18, 0xc3, 0x10, 0xa3, 0x10, 0xa3, 0x10, 0x83, 0x08,
    0x82, 0x08, 0x62, 0x08, 0x82, 0x08, 0x62, 0x08, 0x62, 0x08, 0x62, 0x08, 0x62, 0x08, 0x62, 0x08,
    0x62, 0x08, 0x42, 0x08, 0x62, 0x08, 0x42, 0x08, 0x42, 0x00, 0x42, 0x00, 0x62, 0x08, 0x62, 0x08,
    0x62, 0x08, 0x62, 0x08, 0x83, 0x08, 0x83, 0x08, 0x83, 0x08, 0x83, 0x08, 0x42, 0x00, 0x00, 0x00,
    0x00, 0x00, 0x42, 0x00, 0xe4, 0x18, 0xe4, 0x18, 0xc4, 0x10, 0xa3, 0x10, 0xa3, 0x10, 0x83, 0x08,
    0x62, 0x08, 0x62, 0x08, 0x62, 0x08, 0x62, 0x08, 0x62, 0x08, 0x62, 0x08, 0x82, 0x08, 0x62, 0x08,
    0x62, 0x08, 0x62, 0x08, 0x62, 0x08, 0x62, 0x08, 0x42, 0x00, 0x42, 0x00, 0x62, 0x08, 0x62, 0x08,
    0x62, 0x08, 0x62, 0x08, 0x82, 0x08, 0x83, 0x08, 0x83, 0x08, 0x83, 0x08, 0x42, 0x00, 0x00, 0x00,
    0x00, 0x00, 0x42, 0x00, 0x04, 0x19, 0xe4, 0x18, 0xe4, 0x18, 0xc4, 0x10, 0xc3, 0x10, 0x83, 0x08,
    0x62, 0x08, 0x42, 0x00, 0x62, 0x08, 0x62, 0x08, 0x62, 0x08, 0x62, 0x08, 0x83, 0x08, 0x82, 0x08,
    0x62, 0x08, 0x62, 0x08, 0x62, 0x08, 0x62, 0x08, 0x42, 0x00, 0x41, 0x00, 0x42, 0x08, 0x42, 0x00,
    0x42, 0x00, 0x42, 0x08, 0x62, 0x08, 0x82, 0x08, 0x83, 0x08, 0x83, 0x08, 0x42, 0x00, 0x00, 0x00,
    0x00, 0x00, 0x42, 0x00, 0x05, 0x19, 0x04, 0x19, 0xe4, 0x18, 0xc4, 0x18, 0xc4, 0x18, 0xa3, 0x10,
    0x62, 0x08, 0x42, 0x00, 0x42, 0x08, 0x42, 0x00, 0x42, 0x08, 0x62, 0x08, 0x83, 0x08, 0x83, 0x08,
    0x62, 0x08, 0x62, 0x08, 0x82, 0x08, 0x62, 0x08, 0x42, 0x08, 0x41, 0x00, 0x42, 0x08, 0x42, 0x00,
    0x42, 0x00, 0x42, 0x00, 0x62, 0x08, 0x62, 0x08, 0x83, 0x08, 0x83, 0x08, 0x42, 0x00, 0x00, 0x00,
    0x00, 0x00, 0x42, 0x00, 0x05, 0x19, 0x04, 0x19, 0xe4, 0x18, 0xe4, 0x18, 0xe4, 0x18, 0xa3, 0x10,
    0x82, 0x08, 0x42, 0x00, 0x42, 0x00, 0x42, 0x00, 0x42, 0x00, 0x42, 0x00, 0x82, 0x08, 0x83, 0x08,
    0x82, 0x08, 0x62, 0x08, 0x82, 0x08, 0x62, 0x08, 0x62, 0x08, 0x42, 0x00, 0x42, 0x08, 0x42, 0x00,
    0x41, 0x00, 0x41, 0x00, 0x62, 0x08, 0x62, 0x08, 0x82, 0x08, 0x83, 0x08, 0x42, 0x00, 0x00, 0x00,
    0x00, 0x00, 0x41, 0x00, 0x04, 0x19, 0x05, 0x19, 0xe4, 0x18, 0xe4, 0x18, 0xe4, 0x18, 0xc4, 0x10,
    0x83, 0x08, 0x42, 0x08, 0x42, 0x00, 0x41, 0x00, 0x21, 0x00, 0x42, 0x00, 0x62, 0x08, 0x82, 0x08,
    0x82, 0x08, 0x62, 0x08, 0x83, 0x08, 0x62, 0x08, 0x62, 0x08, 0x42, 0x00, 0x42, 0x08, 0x42, 0x00,
    0x21, 0x00, 0x21, 0x00, 0x42, 0x08, 0x62, 0x08, 0x62, 0x08, 0x83, 0x08, 0x42, 0x00, 0x00, 0x00,
    0x00, 0x00, 0x21, 0x00, 0xe4, 0x18, 0x05, 0x19, 0xe4, 0x18, 0xe4, 0x18, 0x04, 0x19, 0xe4, 0x18,
    0xa3, 0x10, 0x62, 0x08, 0x42, 0x08, 0x41, 0x00, 0x21, 0x00, 0x21, 0x00, 0x62, 0x08, 0x62, 0x08,
    0x82, 0x08, 0x62, 0x08, 0x83, 0x08, 0x62, 0x08, 0x62, 0x08, 0x42, 0x08, 0x62, 0x08, 0x42, 0x00,
    0x21, 0x00, 0x21, 0x00, 0x42, 0x00, 0x42, 0x08, 0x62, 0x08, 0x62, 0x08, 0x42, 0x00, 0x00, 0x00,
    0x00, 0x00, 0x21, 0x00, 0xc4, 0x18, 0x04, 0x19, 0x04, 0x19, 0xe4, 0x18, 0x04, 0x19, 0xe4, 0x18,
    0xc3, 0x10, 0x83, 0x08, 0x62, 0x08, 0x42, 0x00, 0x21, 0x00, 0x21, 0x00, 0x42, 0x08, 0x62, 0x08,
    0x82, 0x08, 0x62, 0x08, 0x83, 0x08, 0x82, 0x08, 0x62, 0x08, 0x62, 0x08, 0x62, 0x08, 0x42, 0x00,
    0x21, 0x00, 0x21, 0x00, 0x42, 0x00, 0x42, 0x00, 0x42, 0x08, 0x62, 0x08, 0x42, 0x00, 0x00, 0x00,
    0x00, 0x00, 0x21, 0x00, 0xc3, 0x10, 0xe4, 0x18, 0x04, 0x19, 0xe4, 0x18, 0x05, 0x19, 0xe4, 0x18,
    0xc4, 0x10, 0xa3, 0x10, 0x82, 0x08, 0x42, 0x00, 0x41, 0x00, 0x21, 0x00, 0x42, 0x08, 0x62, 0x08,
    0x62, 0x08, 0x62, 0x08, 0x83, 0x08, 0x83, 0x08, 0x62, 0x08, 0x62, 0x08, 0x62, 0x08, 0x42, 0x00,
    0x21, 0x00, 0x21, 0x00, 0x42, 0x00, 0x42, 0x00, 0x42, 0x00, 0x62, 0x08, 0x42, 0x00, 0x00, 0x00,
    0x00, 0x00, 0x21, 0x00, 0xa3, 0x10, 0xc4, 0x18, 0xe4, 0x18, 0x04, 0x19, 0x05, 0x21, 0x05, 0x19,
    0xe4, 0x18, 0xa3, 0x10, 0x83, 0x10, 0x62, 0x08, 0x42, 0x00, 0x21, 0x00, 0x42, 0x08, 0x62, 0x08,
    0x62, 0x08, 0x62, 0x08, 0x83, 0x08, 0x83, 0x08, 0x83, 0x08, 0x62, 0x08, 0x62, 0x08, 0x42, 0x08,
    0x41, 0x00, 0x21, 0x00, 0x42, 0x00, 0x41, 0x00, 0x42, 0x00, 0x42, 0x08, 0x42, 0x00, 0x00, 0x00,
    0x00, 0x00, 0x21, 0x00, 0xa3, 0x10, 0xc4, 0x10, 0xe4, 0x18, 0x04, 0x19, 0x05, 0x21, 0x05, 0x19,
    0xe4, 0x18, 0xc3, 0x10, 0xa3, 0x10, 0x82, 0x08, 0x42, 0x08, 0x42, 0x00, 0x42, 0x08, 0x62, 0x08,
    0x62, 0x08, 0x62, 0x08, 0x83, 0x08, 0x83, 0x08, 0x83, 0x08, 0x82, 0x08, 0x82, 0x08, 0x62, 0x08,
    0x42, 0x00, 0x21, 0x00, 0x42, 0x00, 0x41, 0x00, 0x41, 0x00, 0x42, 0x00, 0x42, 0x00, 0x00, 0x00,
    0x00, 0x00, 0x21, 0x00, 0xa3, 0x10, 0xa3, 0x10, 0xc4, 0x10, 0xe4, 0x18, 0x05, 0x19, 0x05, 0x19,
    0xe4, 0x18, 0xc4, 0x10, 0xc3, 0x10, 0x83, 0x10, 0x62, 0x08, 0x42, 0x08, 0x62, 0x08, 0x62, 0x08,
    0x62, 0x08, 0x62, 0x08, 0x83, 0x08, 0x83, 0x08, 0x83, 0x08, 0x82, 0x08, 0x83, 0x08, 0x62, 0x08,
    0x42, 0x00, 0x21, 0x00, 0x42, 0x00, 0x42, 0x00, 0x42, 0x00, 0x42, 0x00, 0x42, 0x00, 0x00, 0x00,
    0x00, 0x00, 0x21, 0x00, 0xa3, 0x10, 0xa3, 0x10, 0xc4, 0x10, 0xe4, 0x18, 0x04, 0x19, 0xe4, 0x18,
    0xe4, 0x18, 0xc4, 0x10, 0xc4, 0x10, 0xa3, 0x10, 0x83, 0x08, 0x62, 0x08, 0x62, 0x08, 0x62, 0x08,
    0x62, 0x08, 0x62, 0x08, 0x82, 0x08, 0x82, 0x08, 0x82, 0x08, 0x82, 0x08, 0x83, 0x08, 0x62, 0x08,
    0x42, 0x08, 0x42, 0x00, 0x42, 0x08, 0x42, 0x00, 0x42, 0x00, 0x42, 0x00, 0x41, 0x00, 0x00, 0x00,
    0x00, 0x00, 0x21, 0x00, 0xc4, 0x10, 0xc4, 0x10, 0xc3, 0x10, 0xc4, 0x10, 0xe4, 0x18, 0xe4, 0x18,
    0xc4, 0x18, 0xc4, 0x10, 0xc4, 0x10, 0xa3, 0x10, 0x83, 0x10, 0x82, 0x08, 0x83, 0x08, 0x82, 0x08,
    0x62, 0x08, 0x62, 0x08, 0x82, 0x08, 0x62, 0x08, 0x62, 0x08, 0x62, 0x08, 0x83, 0x08, 0x62, 0x08,
    0x42, 0x08, 0x42, 0x00, 0x62, 0x08, 0x42, 0x08, 0x42, 0x00, 0x42, 0x00, 0x21, 0x00, 0x00, 0x00,
    0x00, 0x00, 0x21, 0x00, 0x01, 0x00, 0x21, 0x00, 0x21, 0x00, 0x21, 0x00, 0x00, 0x00, 0x00, 0x00,
    0x00, 0x00, 0x00, 0x00, 0x00, 0x00, 0x00, 0x00, 0x00, 0x00, 0x00, 0x00, 0x00, 0x00, 0x00, 0x00,
    0x00, 0x00, 0x00, 0x00, 0x00, 0x00, 0x00, 0x00, 0x21, 0x00, 0x21, 0x00, 0x01, 0x00, 0x21, 0x00,
    0x21, 0x00, 0x21, 0x00, 0x21, 0x00, 0x21, 0x00, 0x21, 0x00, 0x21, 0x00, 0x21, 0x00, 0x00, 0x00,
    0x00, 0x00, 0x21, 0x00, 0x21, 0x00, 0x21, 0x00, 0x21, 0x00, 0x21, 0x00, 0x00, 0x00, 0x00, 0x00,
    0x00, 0x00, 0x00, 0x00, 0x00, 0x00, 0x00, 0x00, 0x00, 0x00, 0x00, 0x00, 0x00, 0x00, 0x21, 0x00,
    0x21, 0x00, 0x21, 0x00, 0x01, 0x00, 0x00, 0x00, 0x00, 0x00, 0x00, 0x00, 0x00, 0x00, 0x00, 0x00,
    0x21, 0x00, 0x21, 0x00, 0x21, 0x00, 0x21, 0x00, 0x21, 0x00, 0x21, 0x00, 0x21, 0x00, 0x00, 0x00,
    0x00, 0x00, 0x21, 0x00, 0x21, 0x00, 0x41, 0x00, 0x21, 0x00, 0x21, 0x00, 0x00, 0x00, 0x00, 0x00,
    0x00, 0x00, 0x00, 0x00, 0x00, 0x00, 0x00, 0x00, 0x00, 0x00, 0x00, 0x00, 0x01, 0x00, 0x21, 0x00,
    0x21, 0x00, 0x21, 0x00, 0x01, 0x00, 0x00, 0x00, 0x00, 0x00, 0x00, 0x00, 0x00, 0x00, 0x00, 0x00,
    0x00, 0x00, 0x21, 0x00, 0x21, 0x00, 0x41, 0x00, 0x21, 0x00, 0x21, 0x00, 0x21, 0x00, 0x00, 0x00,
    0x00, 0x00, 0x21, 0x00, 0x21, 0x00, 0x41, 0x00, 0x21, 0x00, 0x21, 0x00, 0x01, 0x00, 0x00, 0x00,
    0x00, 0x00, 0x00, 0x00, 0x00, 0x00, 0x00, 0x00, 0x00, 0x00, 0x00, 0x00, 0x00, 0x00, 0x21, 0x00,
    0x21, 0x00, 0x21, 0x00, 0x01, 0x00, 0x21, 0x00, 0x00, 0x00, 0x00, 0x00, 0x00, 0x00, 0x00, 0x00,
    0x00, 0x00, 0x00, 0x00, 0x01, 0x00, 0x21, 0x00, 0x41, 0x00, 0x41, 0x00, 0x21, 0x00, 0x00, 0x00,
    0x00, 0x00, 0x21, 0x00, 0x21, 0x00, 0x42, 0x00, 0x21, 0x00, 0x21, 0x00, 0x01, 0x00, 0x00, 0x00,
    0x00, 0x00, 0x00, 0x00, 0x00, 0x00, 0x00, 0x00, 0x00, 0x00, 0x00, 0x00, 0x00, 0x00, 0x21, 0x00,
    0x21, 0x00, 0x21, 0x00, 0x01, 0x00, 0x21, 0x00, 0x00, 0x00, 0x00, 0x00, 0x00, 0x00, 0x00, 0x00,
    0x00, 0x00, 0x00, 0x00, 0x00, 0x00, 0x21, 0x00, 0x21, 0x00, 0x41, 0x00, 0x21, 0x00, 0x00, 0x00,
    0x00, 0x00, 0x21, 0x00, 0x21, 0x00, 0x42, 0x00, 0x41, 0x00, 0x21, 0x00, 0x21, 0x00, 0x21, 0x00,
    0x00, 0x00, 0x00, 0x00, 0x00, 0x00, 0x00, 0x00, 0x00, 0x00, 0x00, 0x00, 0x00, 0x00, 0x21, 0x00,
    0x21, 0x00, 0x21, 0x00, 0x21, 0x00, 0x21, 0x00, 0x21, 0x00, 0x00, 0x00, 0x00, 0x00, 0x00, 0x00,
    0x00, 0x00, 0x00, 0x00, 0x00, 0x00, 0x21, 0x00, 0x21, 0x00, 0x41, 0x00, 0x41, 0x00, 0x00, 0x00,
    0x00, 0x00, 0x21, 0x00, 0x21, 0x00, 0x42, 0x00, 0x41, 0x00, 0x21, 0x00, 0x21, 0x00, 0x21, 0x00,
    0x00, 0x00, 0x00, 0x00, 0x00, 0x00, 0x00, 0x00, 0x00, 0x00, 0x00, 0x00, 0x00, 0x00, 0x00, 0x00,
    0x21, 0x00, 0x21, 0x00, 0x21, 0x00, 0x21, 0x00, 0x21, 0x00, 0x00, 0x00, 0x00, 0x00, 0x00, 0x00,
    0x00, 0x00, 0x00, 0x00, 0x00, 0x00, 0x00, 0x00, 0x21, 0x00, 0x21, 0x00, 0x21, 0x00, 0x00, 0x00,
    0x00, 0x00, 0x21, 0x00, 0x21, 0x00, 0x42, 0x00, 0x42, 0x00, 0x21, 0x00, 0x21, 0x00, 0x21, 0x00,
    0x21, 0x00, 0x00, 0x00, 0x00, 0x00, 0x00, 0x00, 0x00, 0x00, 0x00, 0x00, 0x00, 0x00, 0x00, 0x00,
    0x21, 0x00, 0x21, 0x00, 0x21, 0x00, 0x21, 0x00, 0x21, 0x00, 0x21, 0x00, 0x00, 0x00, 0x00, 0x00,
    0x00, 0x00, 0x00, 0x00, 0x00, 0x00, 0x00, 0x00, 0x21, 0x00, 0x21, 0x00, 0x21, 0x00, 0x00, 0x00,
    0x00, 0x00, 0x00, 0x00, 0x21, 0x00, 0x41, 0x00, 0x41, 0x00, 0x21, 0x00, 0x21, 0x00, 0x41, 0x00,
    0x21, 0x00, 0x00, 0x00, 0x00, 0x00, 0x00, 0x00, 0x00, 0x00, 0x00, 0x00, 0x00, 0x00, 0x00, 0x00,
    0x21, 0x00, 0x21, 0x00, 0x21, 0x00, 0x21, 0x00, 0x21, 0x00, 0x21, 0x00, 0x00, 0x00, 0x00, 0x00,
    0x00, 0x00, 0x00, 0x00, 0x00, 0x00, 0x00, 0x00, 0x21, 0x00, 0x21, 0x00, 0x21, 0x00, 0x00, 0x00,
    0x00, 0x00, 0x00, 0x00, 0x01, 0x00, 0x41, 0x00, 0x41, 0x00, 0x21, 0x00, 0x21, 0x00, 0x41, 0x00,
    0x21, 0x00, 0x21, 0x00, 0x00, 0x00, 0x00, 0x00, 0x00, 0x00, 0x00, 0x00, 0x00, 0x00, 0x00, 0x00,
    0x00, 0x00, 0x21, 0x00, 0x21, 0x00, 0x21, 0x00, 0x21, 0x00, 0x21, 0x00, 0x01, 0x00, 0x00, 0x00,
    0x00, 0x00, 0x00, 0x00, 0x00, 0x00, 0x00, 0x00, 0x00, 0x00, 0x21, 0x00, 0x21, 0x00, 0x00, 0x00,
    0x00, 0x00, 0x00, 0x00, 0x01, 0x00, 0x21, 0x00, 0x21, 0x00, 0x21, 0x00, 0x21, 0x00, 0x42, 0x00,
    0x21, 0x00, 0x21, 0x00, 0x00, 0x00, 0x00, 0x00, 0x00, 0x00, 0x00, 0x00, 0x00, 0x00, 0x00, 0x00,
    0x00, 0x00, 0x21, 0x00, 0x01, 0x00, 0x21, 0x00, 0x21, 0x00, 0x21, 0x00, 0x01, 0x00, 0x00, 0x00,
    0x00, 0x00, 0x00, 0x00, 0x00, 0x00, 0x00, 0x00, 0x00, 0x00, 0x21, 0x00, 0x21, 0x00, 0x00, 0x00,
    0x00, 0x00, 0x00, 0x00, 0x00, 0x00, 0x21, 0x00, 0x21, 0x00, 0x21, 0x00, 0x21, 0x00, 0x42, 0x00,
    0x21, 0x00, 0x21, 0x00, 0x00, 0x00, 0x00, 0x00, 0x00, 0x00, 0x00, 0x00, 0x00, 0x00, 0x00, 0x00,
    0x00, 0x00, 0x00, 0x00, 0x01, 0x00, 0x21, 0x00, 0x21, 0x00, 0x21, 0x00, 0x01, 0x00, 0x00, 0x00,
    0x00, 0x00, 0x00, 0x00, 0x00, 0x00, 0x00, 0x00, 0x00, 0x00, 0x00, 0x00, 0x21, 0x00, 0x00, 0x00,
    0x00, 0x00, 0x00, 0x00, 0x00, 0x00, 0x21, 0x00, 0x21, 0x00, 0x21, 0x00, 0x21, 0x00, 0x41, 0x00,
    0x21, 0x00, 0x21, 0x00, 0x01, 0x00, 0x00, 0x00, 0x00, 0x00, 0x00, 0x00, 0x00, 0x00, 0x00, 0x00,
    0x00, 0x00, 0x00, 0x00, 0x00, 0x00, 0x21, 0x00, 0x21, 0x00, 0x21, 0x00, 0x01, 0x00, 0x21, 0x00,
    0x00, 0x00, 0x00, 0x00, 0x00, 0x00, 0x00, 0x00, 0x00, 0x00, 0x00, 0x00, 0x01, 0x00, 0x00, 0x00,
    0x00, 0x00, 0x21, 0x00, 0x01, 0x00, 0x21, 0x00, 0x21, 0x00, 0x21, 0x00, 0x21, 0x00, 0x41, 0x00,
    0x21, 0x00, 0x21, 0x00, 0x01, 0x00, 0x00, 0x00, 0x00, 0x00, 0x00, 0x00, 0x00, 0x00, 0x00, 0x00,
    0x00, 0x00, 0x00, 0x00, 0x00, 0x00, 0x00, 0x00, 0x21, 0x00, 0x21, 0x00, 0x01, 0x00, 0x21, 0x00,
    0x00, 0x00, 0x00, 0x00, 0x00, 0x00, 0x00, 0x00, 0x00, 0x00, 0x00, 0x00, 0x01, 0x00, 0x00, 0x00,
    0x00, 0x00, 0x21, 0x00, 0x01, 0x00, 0x21, 0x00, 0x21, 0x00, 0x21, 0x00, 0x21, 0x00, 0x21, 0x00,
    0x21, 0x00, 0x21, 0x00, 0x01, 0x00, 0x21, 0x00, 0x00, 0x00, 0x00, 0x00, 0x00, 0x00, 0x00, 0x00,
    0x00, 0x00, 0x00, 0x00, 0x00, 0x00, 0x00, 0x00, 0x00, 0x00, 0x00, 0x00, 0x01, 0x00, 0x00, 0x00,
    0x00, 0x00, 0x00, 0x00, 0x00, 0x00, 0x00, 0x00, 0x00, 0x00, 0x21, 0x00, 0x01, 0x00, 0x00, 0x00,
    0x00, 0x00, 0x21, 0x00, 0x21, 0x00, 0x21, 0x00, 0x21, 0x00, 0x21, 0x00, 0x01, 0x00, 0x21, 0x00,
    0x21, 0x00, 0x21, 0x00, 0x01, 0x00, 0x21, 0x00, 0x00, 0x00, 0x00, 0x00, 0x00, 0x00, 0x00, 0x00,
    0x00, 0x00, 0x00, 0x00, 0x00, 0x00, 0x00, 0x00, 0x00, 0x00, 0x00, 0x00, 0x00, 0x00, 0x00, 0x00,
    0x00, 0x00, 0x00, 0x00, 0x01, 0x00, 0x21, 0x00, 0x21, 0x00, 0x21, 0x00, 0x01, 0x00, 0x00, 0x00,
    0x00, 0x00, 0x21, 0x00, 0x21, 0x00, 0x41, 0x00, 0x21, 0x00, 0x21, 0x00, 0x01, 0x00, 0x21, 0x00,
    0x21, 0x00, 0x00, 0x00, 0x00, 0x00, 0x00, 0x00, 0x21, 0x00, 0x21, 0x00, 0x01, 0x00, 0x21, 0x00,
    0x21, 0x00, 0x00, 0x00, 0x00, 0x00, 0x00, 0x00, 0x00, 0x00, 0x00, 0x00, 0x00, 0x00, 0x00, 0x00,
    0x00, 0x00, 0x00, 0x00, 0x01, 0x00, 0x21, 0x00, 0x21, 0x00, 0x21, 0x00, 0x21, 0x00, 0x00, 0x00,
    0x00, 0x00, 0x21, 0x00, 0x21, 0x00, 0x42, 0x00, 0x41, 0x00, 0x21, 0x00, 0x21, 0x00, 0x21, 0x00,
    0x00, 0x00, 0x00, 0x00, 0x00, 0x00, 0x00, 0x00, 0x00, 0x00, 0x21, 0x00, 0x01, 0x00, 0x21, 0x00,
    0x21, 0x00, 0x21, 0x00, 0x00, 0x00, 0x00, 0x00, 0x00, 0x00, 0x00, 0x00, 0x00, 0x00, 0x00, 0x00,
    0x00, 0x00, 0x00, 0x00, 0x00, 0x00, 0x21, 0x00, 0x21, 0x00, 0x21, 0x00, 0x21, 0x00, 0x00, 0x00,
    0x00, 0x00, 0x21, 0x00, 0x21, 0x00, 0x42, 0x00, 0x42, 0x00, 0x21, 0x00, 0x21, 0x00, 0x21, 0x00,
    0x00, 0x00, 0x00, 0x00, 0x00, 0x00, 0x00, 0x00, 0x00, 0x00, 0x21, 0x00, 0x01, 0x00, 0x21, 0x00,
    0x21, 0x00, 0x21, 0x00, 0x01, 0x00, 0x00, 0x00, 0x00, 0x00, 0x00, 0x00, 0x00, 0x00, 0x00, 0x00,
    0x00, 0x00, 0x00, 0x00, 0x00, 0x00, 0x21, 0x00, 0x21, 0x00, 0x21, 0x00, 0x21, 0x00, 0x00, 0x00,
    0x00, 0x00, 0x21, 0x00, 0x21, 0x00, 0x42, 0x08, 0x42, 0x00, 0x41, 0x00, 0x21, 0x00, 0x21, 0x00,
    0x00, 0x00, 0x00, 0x00, 0x00, 0x00, 0x00, 0x00, 0x00, 0x00, 0x00, 0x00, 0x01, 0x00, 0x21, 0x00,
    0x21, 0x00, 0x21, 0x00, 0x01, 0x00, 0x21, 0x00, 0x00, 0x00, 0x00, 0x00, 0x00, 0x00, 0x00, 0x00,
    0x00, 0x00, 0x00, 0x00, 0x00, 0x00, 0x21, 0x00, 0x21, 0x00, 0x21, 0x00, 0x21, 0x00, 0x00, 0x00,
    0x00, 0x00, 0x21, 0x00, 0x21, 0x00, 0x42, 0x08, 0x42, 0x00, 0x41, 0x00, 0x21, 0x00, 0x21, 0x00,
    0x00, 0x00, 0x00, 0x00, 0x00, 0x00, 0x00, 0x00, 0x00, 0x00, 0x00, 0x00, 0x01, 0x00, 0x21, 0x00,
    0x21, 0x00, 0x21, 0x00, 0x21, 0x00, 0x21, 0x00, 0x00, 0x00, 0x00, 0x00, 0x00, 0x00, 0x00, 0x00,
    0x00, 0x00, 0x00, 0x00, 0x00, 0x00, 0x00, 0x00, 0x21, 0x00, 0x21, 0x00, 0x21, 0x00, 0x00, 0x00,
    0x00, 0x00, 0x21, 0x00, 0x21, 0x00, 0x42, 0x08, 0x42, 0x08, 0x42, 0x00, 0x21, 0x00, 0x41, 0x00,
    0x21, 0x00, 0x00, 0x00, 0x00, 0x00, 0x00, 0x00, 0x00, 0x00, 0x00, 0x00, 0x00, 0x00, 0x21, 0x00,
    0x21, 0x00, 0x21, 0x00, 0x21, 0x00, 0x21, 0x00, 0x21, 0x00, 0x00, 0x00, 0x00, 0x00, 0x00, 0x00,
    0x00, 0x00, 0x00, 0x00, 0x00, 0x00, 0x00, 0x00, 0x21, 0x00, 0x21, 0x00, 0x21, 0x00, 0x00, 0x00,
    0x00, 0x00, 0x21, 0x00, 0x21, 0x00, 0x42, 0x08, 0x42, 0x08, 0x42, 0x00, 0x41, 0x00, 0x42, 0x00,
    0x21, 0x00, 0x00, 0x00, 0x00, 0x00, 0x00, 0x00, 0x00, 0x00, 0x00, 0x00, 0x00, 0x00, 0x21, 0x00,
    0x21, 0x00, 0x21, 0x00, 0x21, 0x00, 0x21, 0x00, 0x21, 0x00, 0x00, 0x00, 0x00, 0x00, 0x00, 0x00,
    0x00, 0x00, 0x00, 0x00, 0x00, 0x00, 0x00, 0x00, 0x00, 0x00, 0x21, 0x00, 0x21, 0x00, 0x00, 0x00,
    0x00, 0x00, 0x21, 0x00, 0x21, 0x00, 0x42, 0x00, 0x42, 0x00, 0x42, 0x00, 0x41, 0x00, 0x42, 0x00,
    0x21, 0x00, 0x21, 0x00, 0x00, 0x00, 0x00, 0x00, 0x00, 0x00, 0x00, 0x00, 0x00, 0x00, 0x00, 0x00,
    0x21, 0x00, 0x21, 0x00, 0x21, 0x00, 0x21, 0x00, 0x21, 0x00, 0x21, 0x00, 0x00, 0x00, 0x00, 0x00,
    0x00, 0x00, 0x00, 0x00, 0x00, 0x00, 0x00, 0x00, 0x00, 0x00, 0x21, 0x00, 0x21, 0x00, 0x00, 0x00,
    0x00, 0x00, 0x00, 0x00, 0x21, 0x00, 0x42, 0x00, 0x42, 0x00, 0x42, 0x00, 0x41, 0x00, 0x42, 0x00,
    0x41, 0x00, 0x21, 0x00, 0x00, 0x00, 0x00, 0x00, 0x00, 0x00, 0x00, 0x00, 0x00, 0x00, 0x00, 0x00,
    0x21, 0x00, 0x21, 0x00, 0x21, 0x00, 0x21, 0x00, 0x21, 0x00, 0x21, 0x00, 0x00, 0x00, 0x00, 0x00,
    0x00, 0x00, 0x00, 0x00, 0x00, 0x00, 0x00, 0x00, 0x00, 0x00, 0x00, 0x00, 0x21, 0x00, 0x00, 0x00,
    0x00, 0x00, 0x00, 0x00, 0x01, 0x00, 0x41, 0x00, 0x42, 0x00, 0x42, 0x00, 0x41, 0x00, 0x42, 0x08,
    0x41, 0x00, 0x21, 0x00, 0x01, 0x00, 0x00, 0x00, 0x00, 0x00, 0x00, 0x00, 0x00, 0x00, 0x00, 0x00,
    0x21, 0x00, 0x21, 0x00, 0x21, 0x00, 0x21, 0x00, 0x21, 0x00, 0x21, 0x00, 0x01, 0x00, 0x00, 0x00,
    0x00, 0x00, 0x00, 0x00, 0x00, 0x00, 0x00, 0x00, 0x00, 0x00, 0x00, 0x00, 0x01, 0x00, 0x00, 0x00,
    0x00, 0x00, 0x00, 0x00, 0x01, 0x00, 0x21, 0x00, 0x41, 0x00, 0x41, 0x00, 0x41, 0x00, 0x42, 0x08,
    0x42, 0x00, 0x21, 0x00, 0x21, 0x00, 0x00, 0x00, 0x00, 0x00, 0x00, 0x00, 0x00, 0x00, 0x00, 0x00,
    0x00, 0x00, 0x21, 0x00, 0x01, 0x00, 0x21, 0x00, 0x21, 0x00, 0x21, 0x00, 0x01, 0x00, 0x00, 0x00,
    0x00, 0x00, 0x00, 0x00, 0x00, 0x00, 0x00, 0x00, 0x00, 0x00, 0x00, 0x00, 0x00, 0x00, 0x00, 0x00,
    0x00, 0x00, 0x00, 0x00, 0x01, 0x00, 0x21, 0x00, 0x21, 0x00, 0x21, 0x00, 0x21, 0x00, 0x42, 0x00,
    0x41, 0x00, 0x21, 0x00, 0x21, 0x00, 0x21, 0x00, 0x00, 0x00, 0x00, 0x00, 0x00, 0x00, 0x00, 0x00,
    0x00, 0x00, 0x21, 0x00, 0x01, 0x00, 0x21, 0x00, 0x21, 0x00, 0x21, 0x00, 0x01, 0x00, 0x00, 0x00,
    0x00, 0x00, 0x00, 0x00, 0x00, 0x00, 0x00, 0x00, 0x00, 0x00, 0x00, 0x00, 0x00, 0x00, 0x00, 0x00,
    0x00, 0x00, 0x21, 0x00, 0x01, 0x00, 0x21, 0x00, 0x21, 0x00, 0x21, 0x00, 0x21, 0x00, 0x42, 0x00,
    0x41, 0x00, 0x21, 0x00, 0x21, 0x00, 0x21, 0x00, 0x21, 0x00, 0x00, 0x00, 0x00, 0x00, 0x00, 0x00,
    0x00, 0x00, 0x00, 0x00, 0x01, 0x00, 0x21, 0x00, 0x21, 0x00, 0x21, 0x00, 0x01, 0x00, 0x00, 0x00,
    0x00, 0x00, 0x00, 0x00, 0x00, 0x00, 0x00, 0x00, 0x00, 0x00, 0x00, 0x00, 0x00, 0x00, 0x00, 0x00,
    0x00, 0x00, 0x21, 0x00, 0x21, 0x00, 0x21, 0x00, 0x21, 0x00, 0x21, 0x00, 0x21, 0x00, 0x41, 0x00,
    0x21, 0x00, 0x21, 0x00, 0x21, 0x00, 0x21, 0x00, 0x21, 0x00, 0x21, 0x00, 0x01, 0x00, 0x21, 0x00,
    0x21, 0x00, 0x21, 0x00, 0x01, 0x00, 0x21, 0x00, 0x21, 0x00, 0x21, 0x00, 0x00, 0x00, 0x00, 0x00,
    0x00, 0x00, 0x00, 0x00, 0x00, 0x00, 0x00, 0x00, 0x00, 0x00, 0x00, 0x00, 0x00, 0x00, 0x00, 0x00,
    0x00, 0x00, 0x00, 0x00, 0x00, 0x00, 0x00, 0x00, 0x00, 0x00, 0x00, 0x00, 0x00, 0x00, 0x00, 0x00,
    0x00, 0x00, 0x00, 0x00, 0x00, 0x00, 0x00, 0x00, 0x00, 0x00, 0x00, 0x00, 0x00, 0x00, 0x00, 0x00,
    0x00, 0x00, 0x00, 0x00, 0x00, 0x00, 0x00, 0x00, 0x00, 0x00, 0x00, 0x00, 0x00, 0x00, 0x00, 0x00,
    0x00, 0x00, 0x00, 0x00, 0x00, 0x00, 0x00, 0x00, 0x00, 0x00, 0x00, 0x00, 0x00, 0x00, 0x00, 0x00,
    0x00, 0x00, 0x00, 0x00, 0x00, 0x00, 0x00, 0x00, 0x00, 0x00, 0x00, 0x00, 0x00, 0x00, 0x00, 0x00,
    0x00, 0x00, 0x00, 0x00, 0x00, 0x00, 0x00, 0x00, 0x00, 0x00, 0x00, 0x00, 0x00, 0x00, 0x00, 0x00,
    0x00, 0x00, 0x00, 0x00, 0x00, 0x00, 0x00, 0x00, 0x00, 0x00, 0x00, 0x00, 0x00, 0x00, 0x00, 0x00,
    0x00, 0x00, 0x00, 0x00, 0x00, 0x00, 0x00, 0x00, 0x00, 0x00, 0x00, 0x00, 0x00, 0x00, 0x00, 0x00,
    0x00, 0x00, 0x00, 0x00, 0x00, 0x00, 0x00, 0x00, 0x00, 0x00, 0x00, 0x00, 0x00, 0x00, 0x00, 0x00,
    0x00, 0x00, 0x00, 0x00, 0x00, 0x00, 0x00, 0x00, 0x00, 0x00, 0x00, 0x00, 0x00, 0x00, 0x00, 0x00,
    0x00, 0x00, 0x00, 0x00, 0x00, 0x00, 0x00, 0x00, 0x00, 0x00, 0x00, 0x00, 0x00, 0x00, 0x00, 0x00,
    0x00, 0x00, 0x00, 0x00, 0x00, 0x00, 0x00, 0x00, 0x00, 0x00, 0x00, 0x00, 0x00, 0x00, 0x00, 0x00,
    0x00, 0x00, 0x00, 0x00, 0x00, 0x00, 0x00, 0x00, 0x00, 0x00, 0x00, 0x00, 0x00, 0x00, 0x00, 0x00,
    0x00, 0x00, 0x00, 0x00, 0x00, 0x00, 0x00, 0x00, 0x00, 0x00, 0x00, 0x00, 0x00, 0x00, 0x00, 0x00,
    0x00, 0x00, 0x00, 0x00, 0x00, 0x00, 0x00, 0x00, 0x00, 0x00, 0x00, 0x00, 0x00, 0x00, 0x00, 0x00,
    0x00, 0x00, 0x00, 0x00, 0x00, 0x00, 0x00, 0x00, 0x00, 0x00, 0x00, 0x00, 0x00, 0x00, 0x00, 0x00,
    0x00, 0x00, 0x00, 0x00, 0x00, 0x00, 0x00, 0x00, 0x00, 0x00, 0x00, 0x00, 0x00, 0x00, 0x00, 0x00,
    0x00, 0x00, 0x00, 0x00, 0x00, 0x00, 0x00, 0x00, 0x00, 0x00, 0x00, 0x00, 0x00, 0x00, 0x00, 0x00,
    0x00, 0x00, 0x00, 0x00, 0x00, 0x00, 0x00, 0x00, 0x00, 0x00, 0x00, 0x00, 0x00, 0x00, 0x00, 0x00,
    0x00, 0x00, 0x00, 0x00, 0x00, 0x00, 0x00, 0x00, 0x00, 0x00, 0x00, 0x00, 0x00, 0x00, 0x00, 0x00,
    0x00, 0x00, 0x00, 0x00, 0x00, 0x00, 0x00, 0x00, 0x00, 0x00, 0x00, 0x00, 0x00, 0x00, 0x00, 0x00,
    0x00, 0x00, 0x00, 0x00, 0x00, 0x00, 0x00, 0x00, 0x00, 0x00, 0x00, 0x00, 0x00, 0x00, 0x00, 0x00,
    0x00, 0x00, 0x00, 0x00, 0x00, 0x00, 0x00, 0x00, 0x00, 0x00, 0x00, 0x00, 0x00, 0x00, 0x00, 0x00,
    0x00, 0x00, 0x00, 0x00, 0x00, 0x00, 0x00, 0x00, 0x00, 0x00, 0x00, 0x00, 0x00, 0x00, 0x00, 0x00,
    0x00, 0x00, 0x00, 0x00, 0x00, 0x00, 0x00, 0x00, 0x00, 0x00, 0x00, 0x00, 0x00, 0x00, 0x00, 0x00,
    0x00, 0x00, 0x00, 0x00, 0x00, 0x00, 0x00, 0x00, 0x00, 0x00, 0x00, 0x00, 0x00, 0x00, 0x00, 0x00,
    0x00, 0x00, 0x00, 0x00, 0x00, 0x00, 0x00, 0x00, 0x00, 0x00, 0x00, 0x00, 0x00, 0x00, 0x00, 0x00,
    0x00, 0x00, 0x00, 0x00, 0x00, 0x00, 0x00, 0x00, 0x00, 0x00, 0x00, 0x00, 0x00, 0x00, 0x00, 0x00,
    0x00, 0x00, 0x00, 0x00, 0x00, 0x00, 0x00, 0x00, 0x00, 0x00, 0x00, 0x00, 0x00, 0x00, 0x00, 0x00,
    0x00, 0x00, 0x00, 0x00, 0x00, 0x00, 0x00, 0x00, 0x00, 0x00, 0x00, 0x00, 0x00, 0x00, 0x00, 0x00,
    0x00, 0x00, 0x00, 0x00, 0x00, 0x00, 0x00, 0x00, 0x00, 0x00, 0x00, 0x00, 0x00, 0x00, 0x00, 0x00,
    0x00, 0x00, 0x00, 0x00, 0x00, 0x00, 0x00, 0x00, 0x00, 0x00, 0x00, 0x00, 0x00, 0x00, 0x00, 0x00,
    0x00, 0x00, 0x00, 0x00, 0x00, 0x00, 0x00, 0x00, 0x00, 0x00, 0x00, 0x00, 0x00, 0x00, 0x00, 0x00,
    0x00, 0x00, 0x00, 0x00, 0x00, 0x00, 0x00, 0x00, 0x00, 0x00, 0x00, 0x00, 0x00, 0x00, 0x00, 0x00,
    0x00, 0x00, 0x00, 0x00, 0x00, 0x00, 0x00, 0x00, 0x00, 0x00, 0x00, 0x00, 0x00, 0x00, 0x00, 0x00,
    0x00, 0x00, 0x00, 0x00, 0x00, 0x00, 0x00, 0x00, 0x00, 0x00, 0x00, 0x00, 0x00, 0x00, 0x00, 0x00,
    0x00, 0x00, 0x00, 0x00, 0x00, 0x00, 0x00, 0x00, 0x00, 0x00, 0x00, 0x00, 0x00, 0x00, 0x00, 0x00,
    0x00, 0x00, 0x00, 0x00, 0x00, 0x00, 0x00, 0x00, 0x00, 0x00, 0x00, 0x00, 0x00, 0x00, 0x00, 0x00,
    0x00, 0x00, 0x00, 0x00, 0x00, 0x00, 0x00, 0x00, 0x00, 0x00, 0x00, 0x00, 0x00, 0x00, 0x00, 0x00,
    0x00, 0x00, 0x00, 0x00, 0x00, 0x00, 0x00, 0x00, 0x00, 0x00, 0x00, 0x00, 0x00, 0x00, 0x00, 0x00,
    0x00, 0x00, 0x00, 0x00, 0x00, 0x00, 0x00, 0x00, 0x00, 0x00, 0x00, 0x00, 0x00, 0x00, 0x00, 0x00,
    0x00, 0x00, 0x00, 0x00, 0x00, 0x00, 0x00, 0x00, 0x00, 0x00, 0x00, 0x00, 0x00, 0x00, 0x00, 0x00,
    0x00, 0x00, 0x00, 0x00, 0x00, 0x00, 0x00, 0x00, 0x00, 0x00, 0x00, 0x00, 0x00, 0x00, 0x00, 0x00,
    0x00, 0x00, 0x00, 0x00, 0x00, 0x00, 0x00, 0x00, 0x00, 0x00, 0x00, 0x00, 0x00, 0x00, 0x00, 0x00,
    0x00, 0x00, 0x00, 0x00, 0x00, 0x00, 0x00, 0x00, 0x00, 0x00, 0x00, 0x00, 0x00, 0x00, 0x00, 0x00,
    0x00, 0x00, 0x00, 0x00, 0x00, 0x00, 0x00, 0x00, 0x00, 0x00, 0x00, 0x00, 0x00, 0x00, 0x00, 0x00,
    0x00, 0x00, 0x00, 0x00, 0x00, 0x00, 0x00, 0x00, 0x00, 0x00, 0x00, 0x00, 0x00, 0x00, 0x00, 0x00,
    0x00, 0x00, 0x00, 0x00, 0x00, 0x00, 0x00, 0x00, 0x00, 0x00, 0x00, 0x00, 0x00, 0x00, 0x00, 0x00,
    0x00, 0x00, 0x00, 0x00, 0x00, 0x00, 0x00, 0x00, 0x00, 0x00, 0x00, 0x00, 0x00, 0x00, 0x00, 0x00,
    0x00, 0x00, 0x00, 0x00, 0x00, 0x00, 0x00, 0x00, 0x00, 0x00, 0x00, 0x00, 0x00, 0x00, 0x00, 0x00,
    0x00, 0x00, 0x00, 0x00, 0x00, 0x00, 0x00, 0x00, 0x00, 0x00, 0x00, 0x00, 0x00, 0x00, 0x00, 0x00,
    0x00, 0x00, 0x00, 0x00, 0x00, 0x00, 0x00, 0x00, 0x00, 0x00, 0x00, 0x00, 0x00, 0x00, 0x00, 0x00,
    0x00, 0x00, 0x00, 0x00, 0x00, 0x00, 0x00, 0x00, 0x00, 0x00, 0x00, 0x00, 0x00, 0x00, 0x00, 0x00,
    0x00, 0x00, 0x00, 0x00, 0x00, 0x00, 0x00, 0x00, 0x00, 0x00, 0x00, 0x00, 0x00, 0x00, 0x00, 0x00,
    0x00, 0x00, 0x00, 0x00, 0x00, 0x00, 0x00, 0x00, 0x00, 0x00, 0x00, 0x00, 0x00, 0x00, 0x00, 0x00,
    0x00, 0x00, 0x00, 0x00, 0x00, 0x00, 0x00, 0x00, 0x00, 0x00, 0x00, 0x00, 0x00, 0x00, 0x00, 0x00,
    0x00, 0x00, 0x00, 0x00, 0x00, 0x00, 0x00, 0x00, 0x00, 0x00, 0x00, 0x00, 0x00, 0x00, 0x00, 0x00,
    0x00, 0x00, 0x00, 0x00, 0x00, 0x00, 0x00, 0x00, 0x00, 0x00, 0x00, 0x00, 0x00, 0x00, 0x00, 0x00,
    0x00, 0x00, 0x00, 0x00, 0x00, 0x00, 0x00, 0x00, 0x00, 0x00, 0x00, 0x00, 0x00, 0x00, 0x00, 0x00,
    0x00, 0x00, 0x00, 0x00, 0x00, 0x00, 0x00, 0x00, 0x00, 0x00, 0x00, 0x00, 0x00, 0x00, 0x00, 0x00,
    0x00, 0x00, 0x00, 0x00, 0x00, 0x00, 0x00, 0x00, 0x00, 0x00, 0x00, 0x00, 0x00, 0x00, 0x00, 0x00,
    0x00, 0x00, 0x00, 0x00, 0x00, 0x00, 0x00, 0x00, 0x00, 0x00, 0x00, 0x00, 0x00, 0x00, 0x00, 0x00,
    0x00, 0x00, 0x00, 0x00, 0x00, 0x00, 0x00, 0x00, 0x00, 0x00, 0x00, 0x00, 0x00, 0x00, 0x00, 0x00,
    0x00, 0x00, 0x00, 0x00, 0x00, 0x00, 0x00, 0x00, 0x00, 0x00, 0x00, 0x00, 0x00, 0x00, 0x00, 0x00,
    0x00, 0x00, 0x00, 0x00, 0x00, 0x00, 0x00, 0x00, 0x00, 0x00, 0x00, 0x00, 0x00, 0x00, 0x00, 0x00,
    0x00, 0x00, 0x00, 0x00, 0x00, 0x00, 0x00, 0x00, 0x00, 0x00, 0x00, 0x00, 0x00, 0x00, 0x00, 0x00,
    0x00, 0x00, 0x00, 0x00, 0x00, 0x00, 0x00, 0x00, 0x00, 0x00, 0x00, 0x00, 0x00, 0x00, 0x00, 0x00,
    0x00, 0x00, 0x00, 0x00, 0x00, 0x00, 0x00, 0x00, 0x00, 0x00, 0x00, 0x00, 0x00, 0x00, 0x00, 0x00,
    0x00, 0x00, 0x00, 0x00, 0x00, 0x00, 0x00, 0x00, 0x00, 0x00, 0x00, 0x00, 0x00, 0x00, 0x00, 0x00,
    0x00, 0x00, 0x00, 0x00, 0x00, 0x00, 0x00, 0x00, 0x00, 0x00, 0x00, 0x00, 0x00, 0x00, 0x00, 0x00,
    0x00, 0x00, 0x00, 0x00, 0x00, 0x00, 0x00, 0x00, 0x00, 0x00, 0x00, 0x00, 0x00, 0x00, 0x00, 0x00,
    0x00, 0x00, 0x00, 0x00, 0x00, 0x00, 0x00, 0x00, 0x00, 0x00, 0x00, 0x00, 0x00, 0x00, 0x00, 0x00,
    0x00, 0x00, 0x00, 0x00, 0x00, 0x00, 0x00, 0x00, 0x00, 0x00, 0x00, 0x00, 0x00, 0x00, 0x00, 0x00,
    0x00, 0x00, 0x00, 0x00, 0x00, 0x00, 0x00, 0x00, 0x00, 0x00, 0x00, 0x00, 0x00, 0x00, 0x00, 0x00,
    0x00, 0x00, 0x00, 0x00, 0x00, 0x00, 0x00, 0x00, 0x00, 0x00, 0x00, 0x00, 0x00, 0x00, 0x00, 0x00,
    0x00, 0x00, 0x00, 0x00, 0x00, 0x00, 0x00, 0x00, 0x00, 0x00, 0x00, 0x00, 0x00, 0x00, 0x00, 0x00,
    0x00, 0x00, 0x00, 0x00, 0x00, 0x00, 0x00, 0x00, 0x00, 0x00, 0x00, 0x00, 0x00, 0x00, 0x00, 0x00,
    0x00, 0x00, 0x00, 0x00, 0x00, 0x00, 0x00, 0x00, 0x00, 0x00, 0x00, 0x00, 0x00, 0x00, 0x00, 0x00,
    0x00, 0x00, 0x00, 0x00, 0x00, 0x00, 0x00, 0x00, 0x00, 0x00, 0x00, 0x00, 0x00, 0x00, 0x00, 0x00,
    0x00, 0x00, 0x00, 0x00, 0x00, 0x00, 0x00, 0x00, 0x00, 0x00, 0x00, 0x00, 0x00, 0x00, 0x00, 0x00,
    0x00, 0x00, 0x00, 0x00, 0x00, 0x00, 0x00, 0x00, 0x00, 0x00, 0x00, 0x00, 0x00, 0x00, 0x00, 0x00,
    0x00, 0x00, 0x00, 0x00, 0x00, 0x00, 0x00, 0x00, 0x00, 0x00, 0x00, 0x00, 0x00, 0x00, 0x00, 0x00,
    0x00, 0x00, 0x00, 0x00, 0x00, 0x00, 0x00, 0x00, 0x00, 0x00, 0x00, 0x00, 0x00, 0x00, 0x00, 0x00,
    0x00, 0x00, 0x00, 0x00, 0x00, 0x00, 0x00, 0x00, 0x00, 0x00, 0x00, 0x00, 0x00, 0x00, 0x00, 0x00,
    0x00, 0x00, 0x00, 0x00, 0x00, 0x00, 0x00, 0x00, 0x00, 0x00, 0x00, 0x00, 0x00, 0x00, 0x00, 0x00,
    0x00, 0x00, 0x00, 0x00, 0x00, 0x00, 0x00, 0x00, 0x00, 0x00, 0x00, 0x00, 0x00, 0x00, 0x00, 0x00,
    0x00, 0x00, 0x00, 0x00, 0x00, 0x00, 0x00, 0x00, 0x00, 0x00, 0x00, 0x00, 0x00, 0x00, 0x00, 0x00,
    0x00, 0x00, 0x00, 0x00, 0x00, 0x00, 0x00, 0x00, 0x00, 0x00, 0x00, 0x00, 0x00, 0x00, 0x00, 0x00,
    0x00, 0x00, 0x00, 0x00, 0x00, 0x00, 0x00, 0x00, 0x00, 0x00, 0x00, 0x00, 0x00, 0x00, 0x00, 0x00,
    0x00, 0x00, 0x00, 0x00, 0x00, 0x00, 0x00, 0x00, 0x00, 0x00, 0x00, 0x00, 0x00, 0x00, 0x00, 0x00,
    0x00, 0x00, 0x00, 0x00, 0x00, 0x00, 0x00, 0x00, 0x00, 0x00, 0x00, 0x00, 0x00, 0x00, 0x00, 0x00,
    0x00, 0x00, 0x00, 0x00, 0x00, 0x00, 0x00, 0x00, 0x00, 0x00, 0x00, 0x00, 0x00, 0x00, 0x00, 0x00,
    0x00, 0x00, 0x00, 0x00, 0x00, 0x00, 0x00, 0x00, 0x00, 0x00, 0x00, 0x00, 0x00, 0x00, 0x00, 0x00,
    0x00, 0x00, 0x00, 0x00, 0x00, 0x00, 0x00, 0x00, 0x00, 0x00, 0x00, 0x00, 0x00, 0x00, 0x00, 0x00,
    0x00, 0x00, 0x00, 0x00, 0x00, 0x00, 0x00, 0x00, 0x00, 0x00, 0x00, 0x00, 0x00, 0x00, 0x00, 0x00,
    0x00, 0x00, 0x00, 0x00, 0x00, 0x00, 0x00, 0x00, 0x00, 0x00, 0x00, 0x00, 0x00, 0x00, 0x00, 0x00,
    0x00, 0x00, 0x00, 0x00, 0x00, 0x00, 0x00, 0x00, 0x00, 0x00, 0x00, 0x00, 0x00, 0x00, 0x00, 0x00,
    0x00, 0x00, 0x00, 0x00, 0x00, 0x00, 0x00, 0x00, 0x00, 0x00, 0x00, 0x00, 0x00, 0x00, 0x00, 0x00,
    0x00, 0x00, 0x00, 0x00, 0x00, 0x00, 0x00, 0x00, 0x00, 0x00, 0x00, 0x00, 0x00, 0x00, 0x00, 0x00,
    0x00, 0x00, 0x00, 0x00, 0x00, 0x00, 0x00, 0x00, 0x00, 0x00, 0x00, 0x00, 0x00, 0x00, 0x00, 0x00,
    0x00, 0x00, 0x00, 0x00, 0x00, 0x00, 0x00, 0x00, 0x00, 0x00, 0x00, 0x00, 0x00, 0x00, 0x00, 0x00,
    0x00, 0x00, 0x00, 0x00, 0x00, 0x00, 0x00, 0x00, 0x00, 0x00, 0x00, 0x00, 0x00, 0x00, 0x00, 0x00,
    0x00, 0x00, 0x00, 0x00, 0x00, 0x00, 0x00, 0x00, 0x00, 0x00, 0x00, 0x00, 0x00, 0x00, 0x00, 0x00,
    0x00, 0x00, 0x00, 0x00, 0x00, 0x00, 0x00, 0x00, 0x00, 0x00, 0x00, 0x00, 0x00, 0x00, 0x00, 0x00,
    0x00, 0x00, 0x00, 0x00, 0x00, 0x00, 0x00, 0x00, 0x00, 0x00, 0x00, 0x00, 0x00, 0x00, 0x00, 0x00,
    0x00, 0x00, 0x00, 0x00, 0x00, 0x00, 0x00, 0x00, 0x00, 0x00, 0x00, 0x00, 0x00, 0x00, 0x00, 0x00,
    0x00, 0x00, 0x00, 0x00, 0x00, 0x00, 0x00, 0x00, 0x00, 0x00, 0x00, 0x00, 0x00, 0x00, 0x00, 0x00,
    0x00, 0x00, 0x00, 0x00, 0x00, 0x00, 0x00, 0x00, 0x00, 0x00, 0x00, 0x00, 0x00, 0x00, 0x00, 0x00,
    0x00, 0x00, 0x00, 0x00, 0x00, 0x00, 0x00, 0x00, 0x00, 0x00, 0x00, 0x00, 0x00, 0x00, 0x00, 0x00,
    0x00, 0x00, 0x00, 0x00, 0x00, 0x00, 0x00, 0x00, 0x00, 0x00, 0x00, 0x00, 0x00, 0x00, 0x00, 0x00,
    0x00, 0x00, 0x00, 0x00, 0x00, 0x00, 0x00, 0x00, 0x00, 0x00, 0x00, 0x00, 0x00, 0x00, 0x00, 0x00,
    0x00, 0x00, 0x00, 0x00, 0x00, 0x00, 0x00, 0x00, 0x00, 0x00, 0x00, 0x00, 0x00, 0x00, 0x00, 0x00,
    0x00, 0x00, 0x00, 0x00, 0x00, 0x00, 0x00, 0x00, 0x00, 0x00, 0x00, 0x00, 0x00, 0x00, 0x00, 0x00,
    0x00, 0x00, 0x00, 0x00, 0x00, 0x00, 0x00, 0x00, 0x00, 0x00, 0x00, 0x00, 0x00, 0x00, 0x00, 0x00,
    0x00, 0x00, 0x00, 0x00, 0x00, 0x00, 0x00, 0x00, 0x00, 0x00, 0x00, 0x00, 0x00, 0x00, 0x00, 0x00,
    0x00, 0x00, 0x00, 0x00, 0x00, 0x00, 0x00, 0x00, 0x00, 0x00, 0x00, 0x00, 0x00, 0x00, 0x00, 0x00,
    0x00, 0x00, 0x00, 0x00, 0x00, 0x00, 0x00, 0x00, 0x00, 0x00, 0x00, 0x00, 0x00, 0x00, 0x00, 0x00,
    0x00, 0x00, 0x00, 0x00, 0x00, 0x00, 0x00, 0x00, 0x00, 0x00, 0x00, 0x00, 0x00, 0x00, 0x00, 0x00,
    0x00, 0x00, 0x00, 0x00, 0x00, 0x00, 0x00, 0x00, 0x00, 0x00, 0x00, 0x00, 0x00, 0x00, 0x00, 0x00,
    0x00, 0x00, 0x00, 0x00, 0x00, 0x00, 0x00, 0x00, 0x00, 0x00, 0x00, 0x00, 0x00, 0x00, 0x00, 0x00,
};

const frixos_sprite_asset_t sprite_fog = {
  .image = {
    .header.cf = LV_COLOR_FORMAT_RGB565,
    .header.w = 960,
    .header.h = 32,
    .data_size = 61440,
    .data = sprite_fog_map,
  },
  .fps = FRIXOS_SPRITE_DEFAULT_FPS,
};
