/*
 * AUTO-GENERATED FILE - DO NOT EDIT MANUALLY
 * Master Pixel Art Edition
 */

#include "f-sprite.h"

const uint8_t sprite_fair_map[] = {
    0xe1, 0x20, 0x6c, 0xee, 0xc3, 0x41, 0x63, 0x52, 0x40, 0x08, 0xa7, 0xc4, 0xe7, 0xd4, 0x62, 0x31,
    0xc6, 0x8b, 0x8c, 0xf6, 0x07, 0x94, 0x62, 0x31, 0xc7, 0xcc, 0xa7, 0xc4, 0x60, 0x08, 0x84, 0x5a,
    0xc3, 0x41, 0x6c, 0xee, 0xe1, 0x20, 0x00, 0x00, 0x00, 0x00, 0x00, 0x00, 0x00, 0x00, 0x00, 0x00,
    0x00, 0x00, 0x00, 0x00, 0x00, 0x00, 0x00, 0x00, 0x00, 0x00, 0x00, 0x00, 0x00, 0x00, 0x00, 0x00,
    0xe1, 0x20, 0x00, 0x00, 0x4a, 0xc5, 0x84, 0x5a, 0x00, 0x00, 0xa0, 0x18, 0xe7, 0xd4, 0x61, 0x31,
    0xc6, 0x8b, 0x8c, 0xf6, 0x07, 0x94, 0x20, 0x29, 0x40, 0x08, 0xa7, 0xc4, 0x20, 0x00, 0x00, 0x00,
    0xc3, 0x41, 0x00, 0x00, 0xe9, 0xb4, 0x00, 0x00, 0x00, 0x00, 0x00, 0x00, 0x00, 0x00, 0x00, 0x00,
    0x00, 0x00, 0x00, 0x00, 0x00, 0x00, 0x00, 0x00, 0x00, 0x00, 0x00, 0x00, 0x00, 0x00, 0x00, 0x00,
    0x00, 0x00, 0x64, 0x5a, 0x4a, 0xc5, 0xab, 0xd5, 0x64, 0x5a, 0xa0, 0x18, 0x80, 0x18, 0xc7, 0xd4,
    0x40, 0x29, 0x07, 0x9c, 0x8c, 0xf6, 0xc6, 0x8b, 0x41, 0x29, 0xa7, 0xc4, 0x20, 0x00, 0x00, 0x00,
    0x00, 0x00, 0x64, 0x5a, 0xe9, 0xb4, 0x68, 0xa4, 0x00, 0x00, 0x00, 0x00, 0x00, 0x00, 0x00, 0x00,
    0x00, 0x00, 0x00, 0x00, 0x00, 0x00, 0x00, 0x00, 0x00, 0x00, 0x00, 0x00, 0x00, 0x00, 0x00, 0x00,
    0x00, 0x00, 0x00, 0x00, 0xc3, 0x41, 0xab, 0xd5, 0x47, 0xa4, 0x60, 0x10, 0x80, 0x18, 0xc7, 0xcc,
    0x41, 0x29, 0x07, 0x94, 0x8c, 0xf6, 0xc6, 0x8b, 0x60, 0x10, 0x40, 0x10, 0x87, 0xc4, 0x00, 0x00,
    0x00, 0x00, 0x00, 0x00, 0xe1, 0x20, 0x68, 0xa4, 0x07, 0x94, 0x00, 0x00, 0x00, 0x00, 0x00, 0x00,
    0x00, 0x00, 0x00, 0x00, 0x00, 0x00, 0x00, 0x00, 0x00, 0x00, 0x00, 0x00, 0x00, 0x00, 0x00, 0x00,
    0x00, 0x00, 0x00, 0x00, 0xa3, 0x39, 0x0b, 0xe6, 0x00, 0x00, 0x46, 0x7b, 0x21, 0x29, 0xc7, 0xcc,
    0x00, 0x29, 0x07, 0x94, 0x8c, 0xf6, 0x60, 0x10, 0x04, 0x6b, 0x40, 0x08, 0x66, 0xbc, 0x00, 0x00,
    0x00, 0x00, 0x00, 0x00, 0x00, 0x00, 0x00, 0x00, 0x07, 0x94, 0x00, 0x00, 0x00, 0x00, 0x00, 0x00,
    0x00, 0x00, 0x00, 0x00, 0x00, 0x00, 0x00, 0x00, 0x00, 0x00, 0x00, 0x00, 0x00, 0x00, 0x00, 0x00,
    0x00, 0x00, 0x00, 0x00, 0x00, 0x00, 0x44, 0x52, 0xaa, 0xd5, 0x26, 0x73, 0x60, 0x10, 0xe0, 0x20,
    0xc7, 0xcc, 0x61, 0x29, 0xc7, 0x8b, 0x8c, 0xf6, 0xe4, 0x6a, 0x40, 0x08, 0x00, 0x00, 0xe6, 0xab,
    0x00, 0x00, 0x00, 0x00, 0x00, 0x00, 0x00, 0x00, 0x00, 0x00, 0x00, 0x00, 0x00, 0x00, 0x00, 0x00,
    0x00, 0x00, 0x00, 0x00, 0x00, 0x00, 0x00, 0x00, 0x00, 0x00, 0x00, 0x00, 0x00, 0x00, 0x00, 0x00,
    0x00, 0x00, 0x00, 0x00, 0x00, 0x00, 0x44, 0x52, 0x00, 0x00, 0x2c, 0xe6, 0x05, 0x73, 0xe1, 0x20,
    0xa7, 0xcc, 0x21, 0x21, 0xc6, 0x8b, 0xcd, 0xfe, 0x05, 0x73, 0x40, 0x08, 0x00, 0x00, 0xe6, 0xab,
    0x00, 0x00, 0x00, 0x00, 0x00, 0x00, 0x00, 0x00, 0x00, 0x00, 0x00, 0x00, 0x00, 0x00, 0x00, 0x00,
    0x00, 0x00, 0x00, 0x00, 0x00, 0x00, 0x00, 0x00, 0x00, 0x00, 0x00, 0x00, 0x00, 0x00, 0x00, 0x00,
    0x00, 0x00, 0x00, 0x00, 0x00, 0x00, 0x00, 0x00, 0x24, 0x4a, 0x2c, 0xe6, 0x05, 0x6b, 0x80, 0x10,
    0xa7, 0xcc, 0x80, 0x10, 0xc0, 0x18, 0x86, 0x83, 0x0b, 0xe6, 0x05, 0x6b, 0x00, 0x00, 0x00, 0x00,
    0xa6, 0xc4, 0x00, 0x00, 0x00, 0x00, 0x00, 0x00, 0x00, 0x00, 0x00, 0x00, 0x00, 0x00, 0x00, 0x00,
    0x00, 0x00, 0x00, 0x00, 0x00, 0x00, 0x00, 0x00, 0x00, 0x00, 0x00, 0x00, 0x00, 0x00, 0x00, 0x00,
    0x00, 0x00, 0x45, 0x8b, 0x00, 0x00, 0x00, 0x00, 0x00, 0x00, 0x6c, 0xee, 0xe5, 0x6a, 0x66, 0x83,
    0x40, 0x00, 0xc7, 0xcc, 0x80, 0x10, 0x66, 0x83, 0x0b, 0xe6, 0xe5, 0x62, 0x00, 0x00, 0x00, 0x00,
    0x00, 0x00, 0x45, 0x8b, 0x00, 0x00, 0x00, 0x00, 0x00, 0x00, 0x00, 0x00, 0x00, 0x00, 0x00, 0x00,
    0x00, 0x00, 0x00, 0x00, 0x00, 0x00, 0x00, 0x00, 0x00, 0x00, 0x00, 0x00, 0x00, 0x00, 0x00, 0x00,
    0x00, 0x00, 0x45, 0x8b, 0x00, 0x00, 0x00, 0x00, 0x00, 0x00, 0xc5, 0x62, 0x2c, 0xe6, 0x66, 0x7b,
    0x00, 0x00, 0xc7, 0xcc, 0x60, 0x10, 0x66, 0x7b, 0xa4, 0x62, 0x6c, 0xee, 0x00, 0x00, 0x00, 0x00,
    0x00, 0x00, 0x45, 0x8b, 0x00, 0x00, 0x00, 0x00, 0x00, 0x00, 0x00, 0x00, 0x00, 0x00, 0x00, 0x00,
    0x00, 0x00, 0x00, 0x00, 0x00, 0x00, 0x00, 0x00, 0x00, 0x00, 0x00, 0x00, 0x00, 0x00, 0x00, 0x00,
    0x00, 0x00, 0x00, 0x00, 0x45, 0x8b, 0x00, 0x00, 0x00, 0x00, 0xa5, 0x5a, 0x2c, 0xe6, 0x46, 0x7b,
    0x20, 0x00, 0x60, 0x10, 0x87, 0xc4, 0x00, 0x00, 0x84, 0x5a, 0x2c, 0xe6, 0xc3, 0x41, 0x00, 0x00,
    0x00, 0x00, 0x00, 0x00, 0x00, 0x00, 0x00, 0x00, 0x00, 0x00, 0x00, 0x00, 0x00, 0x00, 0x00, 0x00,
    0x00, 0x00, 0x00, 0x00, 0x00, 0x00, 0x00, 0x00, 0x00, 0x00, 0x00, 0x00, 0x00, 0x00, 0x00, 0x00,
    0x00, 0x00, 0x00, 0x00, 0x00, 0x00, 0x25, 0x8b, 0x00, 0x00, 0x20, 0x00, 0x84, 0x5a, 0x2b, 0xe6,
    0x25, 0x73, 0x60, 0x10, 0x87, 0xc4, 0x00, 0x00, 0x64, 0x5a, 0x2c, 0xe6, 0x00, 0x00, 0xa3, 0x41,
    0x00, 0x00, 0x00, 0x00, 0x00, 0x00, 0x00, 0x00, 0x00, 0x00, 0x00, 0x00, 0x00, 0x00, 0x00, 0x00,
    0x00, 0x00, 0x00, 0x00, 0x00, 0x00, 0x00, 0x00, 0x00, 0x00, 0x00, 0x00, 0x00, 0x00, 0x00, 0x00,
    0x00, 0x00, 0x00, 0x00, 0x00, 0x00, 0x25, 0x8b, 0x00, 0x00, 0x20, 0x00, 0x64, 0x5a, 0x8c, 0xf6,
    0x05, 0x73, 0x60, 0x10, 0x87, 0xc4, 0x00, 0x00, 0x00, 0x00, 0x64, 0x5a, 0xab, 0xd5, 0xa3, 0x39,
    0x00, 0x00, 0x00, 0x00, 0x00, 0x00, 0x00, 0x00, 0x00, 0x00, 0x00, 0x00, 0x00, 0x00, 0x00, 0x00,
    0x00, 0x00, 0x00, 0x00, 0x00, 0x00, 0x00, 0x00, 0x00, 0x00, 0x00, 0x00, 0x00, 0x00, 0x00, 0x00,
    0x00, 0x00, 0x00, 0x00, 0x00, 0x00, 0x00, 0x00, 0xc5, 0xa3, 0x00, 0x00, 0x64, 0x52, 0x40, 0x08,
    0x6c, 0xf6, 0x25, 0x73, 0x40, 0x08, 0x87, 0xc4, 0x00, 0x00, 0x44, 0x52, 0x00, 0x00, 0xeb, 0xdd,
    0xa1, 0x18, 0x00, 0x00, 0x00, 0x00, 0x00, 0x00, 0x00, 0x00, 0x00, 0x00, 0x00, 0x00, 0x00, 0x00,
    0x00, 0x00, 0x00, 0x00, 0x00, 0x00, 0x00, 0x00, 0x00, 0x00, 0x00, 0x00, 0x00, 0x00, 0x00, 0x00,
    0x00, 0x00, 0x00, 0x00, 0x00, 0x00, 0x00, 0x00, 0x24, 0x8b, 0x00, 0x00, 0x20, 0x00, 0xe5, 0x6a,
    0x6c, 0xf6, 0x25, 0x73, 0x40, 0x08, 0x26, 0xb4, 0x00, 0x00, 0x44, 0x52, 0x83, 0x39, 0xab, 0xd5,
    0xa1, 0x18, 0x00, 0x00, 0x00, 0x00, 0x00, 0x00, 0x00, 0x00, 0x00, 0x00, 0x00, 0x00, 0x00, 0x00,
    0x00, 0x00, 0x00, 0x00, 0x00, 0x00, 0x00, 0x00, 0x00, 0x00, 0x00, 0x00, 0x00, 0x00, 0x00, 0x00,
    0xc9, 0xb4, 0xa1, 0x18, 0x00, 0x00, 0x00, 0x00, 0x00, 0x00, 0x45, 0x8b, 0x20, 0x00, 0xe5, 0x6a,
    0x6c, 0xf6, 0x25, 0x73, 0x40, 0x08, 0x26, 0xb4, 0x00, 0x00, 0x00, 0x00, 0x83, 0x39, 0xab, 0xd5,
    0x4a, 0xc5, 0xa1, 0x18, 0x00, 0x00, 0x00, 0x00, 0x00, 0x00, 0x00, 0x00, 0x00, 0x00, 0x00, 0x00,
    0x00, 0x00, 0x00, 0x00, 0x00, 0x00, 0x00, 0x00, 0x00, 0x00, 0x00, 0x00, 0x00, 0x00, 0x00, 0x00,
    0xc9, 0xb4, 0x00, 0x00, 0xa1, 0x18, 0x00, 0x00, 0x00, 0x00, 0x45, 0x8b, 0x20, 0x00, 0x00, 0x00,
    0xe5, 0x6a, 0x8c, 0xf6, 0x05, 0x73, 0x00, 0x00, 0x26, 0xb4, 0x00, 0x00, 0x00, 0x00, 0x82, 0x39,
    0x4a, 0xc5, 0x00, 0x00, 0x00, 0x00, 0x00, 0x00, 0x00, 0x00, 0x00, 0x00, 0x00, 0x00, 0x00, 0x00,
    0x00, 0x00, 0x00, 0x00, 0x00, 0x00, 0x00, 0x00, 0x00, 0x00, 0x00, 0x00, 0x00, 0x00, 0x00, 0x00,
    0x00, 0x00, 0x6c, 0xee, 0xc1, 0x18, 0x62, 0x31, 0x00, 0x00, 0xe6, 0xab, 0x87, 0xc4, 0x00, 0x00,
    0xe5, 0x72, 0x8c, 0xf6, 0x05, 0x73, 0x00, 0x00, 0x66, 0xc4, 0x00, 0x00, 0x00, 0x00, 0x83, 0x39,
    0xa1, 0x18, 0x6c, 0xee, 0x00, 0x00, 0x00, 0x00, 0x00, 0x00, 0x00, 0x00, 0x00, 0x00, 0x00, 0x00,
    0x00, 0x00, 0x00, 0x00, 0x00, 0x00, 0x00, 0x00, 0x00, 0x00, 0x00, 0x00, 0x00, 0x00, 0x00, 0x00,
    0x00, 0x00, 0x00, 0x00, 0x4a, 0xc5, 0xa3, 0x39, 0x00, 0x00, 0x20, 0x00, 0x87, 0xc4, 0x00, 0x00,
    0x05, 0x73, 0x8c, 0xf6, 0x25, 0x7b, 0x20, 0x00, 0x00, 0x00, 0xe6, 0xab, 0x00, 0x00, 0x00, 0x00,
    0xc1, 0x18, 0x00, 0x00, 0xe9, 0xb4, 0x00, 0x00, 0x00, 0x00, 0x00, 0x00, 0x00, 0x00, 0x00, 0x00,
    0x00, 0x00, 0x00, 0x00, 0x00, 0x00, 0x00, 0x00, 0x00, 0x00, 0x00, 0x00, 0x00, 0x00, 0x00, 0x00,
    0x00, 0x00, 0xe1, 0x20, 0x4a, 0xc5, 0xeb, 0xdd, 0x00, 0x00, 0x20, 0x00, 0x40, 0x00, 0x87, 0xc4,
    0x00, 0x00, 0x46, 0x7b, 0x8c, 0xf6, 0x25, 0x73, 0x00, 0x00, 0xe6, 0xab, 0x00, 0x00, 0x00, 0x00,
    0x00, 0x00, 0xe1, 0x20, 0xe9, 0xb4, 0x68, 0xa4, 0x00, 0x00, 0x00, 0x00, 0x00, 0x00, 0x00, 0x00,
    0x00, 0x00, 0x00, 0x00, 0x00, 0x00, 0x00, 0x00, 0x00, 0x00, 0x00, 0x00, 0x00, 0x00, 0x00, 0x00,
    0x00, 0x00, 0x00, 0x00, 0x02, 0x21, 0xab, 0xd5, 0x86, 0x83, 0x20, 0x00, 0x40, 0x08, 0x87, 0xc4,
    0x00, 0x00, 0x66, 0x7b, 0x8c, 0xf6, 0x46, 0x7b, 0x00, 0x00, 0x20, 0x00, 0xe6, 0xa3, 0x00, 0x00,
    0x00, 0x00, 0x00, 0x00, 0x00, 0x00, 0x68, 0xa4, 0x07, 0x94, 0x00, 0x00, 0x00, 0x00, 0x00, 0x00,
    0x00, 0x00, 0x00, 0x00, 0x00, 0x00, 0x00, 0x00, 0x00, 0x00, 0x00, 0x00, 0x00, 0x00, 0x00, 0x00,
    0x00, 0x00, 0x00, 0x00, 0x22, 0x29, 0x0b, 0xde, 0x00, 0x00, 0xc5, 0x62, 0x40, 0x08, 0xa7, 0xcc,
    0x00, 0x00, 0x86, 0x83, 0x8c, 0xf6, 0x40, 0x08, 0xa4, 0x62, 0x40, 0x00, 0x26, 0xb4, 0x00, 0x00,
    0x00, 0x00, 0x00, 0x00, 0x20, 0x00, 0x00, 0x00, 0x07, 0x94, 0x00, 0x00, 0x00, 0x00, 0x00, 0x00,
    0x00, 0x00, 0x00, 0x00, 0x00, 0x00, 0x00, 0x00, 0x00, 0x00, 0x00, 0x00, 0x00, 0x00, 0x00, 0x00,
    0x00, 0x00, 0x00, 0x00, 0x00, 0x00, 0x03, 0x4a, 0xaa, 0xd5, 0xe5, 0x62, 0x40, 0x08, 0x20, 0x00,
    0xa7, 0xc4, 0xa0, 0x18, 0x86, 0x83, 0x8c, 0xf6, 0xc5, 0x62, 0x40, 0x00, 0x00, 0x00, 0xa5, 0x9b,
    0x00, 0x00, 0x00, 0x00, 0x00, 0x00, 0x00, 0x00, 0x00, 0x00, 0x00, 0x00, 0x00, 0x00, 0x00, 0x00,
    0x00, 0x00, 0x00, 0x00, 0x00, 0x00, 0x00, 0x00, 0x00, 0x00, 0x00, 0x00, 0x00, 0x00, 0x00, 0x00,
    0x00, 0x00, 0x00, 0x00, 0x00, 0x00, 0x24, 0x52, 0x00, 0x00, 0x2c, 0xe6, 0x05, 0x6b, 0x80, 0x10,
    0xa7, 0xc4, 0xe0, 0x18, 0xa6, 0x8b, 0xcd, 0xfe, 0xc5, 0x6a, 0x40, 0x08, 0x00, 0x00, 0xa5, 0x9b,
    0x00, 0x00, 0x00, 0x00, 0x00, 0x00, 0x00, 0x00, 0x00, 0x00, 0x00, 0x00, 0x00, 0x00, 0x00, 0x00,
    0x00, 0x00, 0x00, 0x00, 0x00, 0x00, 0x00, 0x00, 0x00, 0x00, 0x00, 0x00, 0x00, 0x00, 0x00, 0x00,
    0x24, 0x8b, 0x00, 0x00, 0x00, 0x00, 0x00, 0x00, 0x24, 0x52, 0x2c, 0xe6, 0x05, 0x73, 0xe1, 0x20,
    0xc7, 0xcc, 0xa0, 0x10, 0x01, 0x21, 0xa6, 0x8b, 0x0b, 0xe6, 0x25, 0x73, 0x00, 0x00, 0x00, 0x00,
    0xc7, 0xd4, 0x00, 0x00, 0x00, 0x00, 0x00, 0x00, 0x00, 0x00, 0x00, 0x00, 0x00, 0x00, 0x00, 0x00,
    0x00, 0x00, 0x00, 0x00, 0x00, 0x00, 0x00, 0x00, 0x00, 0x00, 0x00, 0x00, 0x00, 0x00, 0x00, 0x00,
    0x24, 0x8b, 0xa5, 0x9b, 0x00, 0x00, 0x00, 0x00, 0x00, 0x00, 0x8c, 0xf6, 0x25, 0x7b, 0xa6, 0x83,
    0xe0, 0x20, 0xe7, 0xd4, 0x21, 0x29, 0xa6, 0x83, 0x0b, 0xe6, 0x26, 0x73, 0x00, 0x00, 0x00, 0x00,
    0x00, 0x00, 0xa5, 0x9b, 0x00, 0x00, 0x00, 0x00, 0x00, 0x00, 0x00, 0x00, 0x00, 0x00, 0x00, 0x00,
    0x00, 0x00, 0x00, 0x00, 0x00, 0x00, 0x00, 0x00, 0x00, 0x00, 0x00, 0x00, 0x00, 0x00, 0x00, 0x00,
    0x00, 0x00, 0xa5, 0x9b, 0x00, 0x00, 0x00, 0x00, 0x00, 0x00, 0x46, 0x7b, 0x2c, 0xe6, 0xa6, 0x83,
    0x00, 0x29, 0xe7, 0xd4, 0x41, 0x29, 0xa6, 0x83, 0x25, 0x73, 0x6c, 0xee, 0x00, 0x00, 0x00, 0x00,
    0x00, 0x00, 0xa5, 0x9b, 0x45, 0x8b, 0x00, 0x00, 0x00, 0x00, 0x00, 0x00, 0x00, 0x00, 0x00, 0x00,
    0x00, 0x00, 0x00, 0x00, 0x00, 0x00, 0x00, 0x00, 0x00, 0x00, 0x00, 0x00, 0x00, 0x00, 0x00, 0x00,
    0x00, 0x00, 0x00, 0x00, 0x07, 0xdd, 0x00, 0x00, 0x00, 0x00, 0x46, 0x7b, 0x2c, 0xe6, 0xe7, 0x93,
    0x00, 0x21, 0xe0, 0x20, 0xe7, 0xd4, 0x41, 0x31, 0x04, 0x6b, 0x2c, 0xe6, 0x84, 0x5a, 0x00, 0x00,
    0x00, 0x00, 0x00, 0x00, 0x85, 0x9b, 0x00, 0x00, 0x00, 0x00, 0x00, 0x00, 0x00, 0x00, 0x00, 0x00,
    0x00, 0x00, 0x00, 0x00, 0x00, 0x00, 0x00, 0x00, 0x00, 0x00, 0x00, 0x00, 0x00, 0x00, 0x00, 0x00,
    0x00, 0x00, 0x00, 0x00, 0x00, 0x00, 0x26, 0xb4, 0x00, 0x00, 0xa0, 0x18, 0x66, 0x7b, 0x2b, 0xe6,
    0xc6, 0x8b, 0xa2, 0x41, 0xe7, 0xd4, 0x61, 0x31, 0x25, 0x73, 0x2c, 0xe6, 0x20, 0x00, 0x63, 0x52,
    0x00, 0x00, 0x00, 0x00, 0x00, 0x00, 0xa7, 0xcc, 0x00, 0x00, 0x00, 0x00, 0x00, 0x00, 0x00, 0x00,
    0x00, 0x00, 0x00, 0x00, 0x00, 0x00, 0x00, 0x00, 0x00, 0x00, 0x00, 0x00, 0x00, 0x00, 0x00, 0x00,
    0x00, 0x00, 0x00, 0x00, 0x00, 0x00, 0x26, 0xb4, 0x00, 0x00, 0xa0, 0x18, 0x66, 0x7b, 0x8c, 0xf6,
    0xc6, 0x8b, 0xc2, 0x41, 0xe7, 0xd4, 0x61, 0x31, 0x20, 0x00, 0x66, 0x83, 0xab, 0xd5, 0x84, 0x5a,
    0x00, 0x00, 0x00, 0x00, 0x00, 0x00, 0x00, 0x00, 0x24, 0x8b, 0x00, 0x00, 0x00, 0x00, 0x00, 0x00,
    0x00, 0x00, 0x00, 0x00, 0x00, 0x00, 0x00, 0x00, 0x00, 0x00, 0x00, 0x00, 0x00, 0x00, 0x00, 0x00,
    0x00, 0x00, 0xc3, 0x41, 0xcb, 0xd5, 0x46, 0x73, 0x20, 0x08, 0x61, 0x31, 0x28, 0xe5, 0x61, 0x39,
    0xa0, 0x18, 0xa0, 0x20, 0xe0, 0x20, 0x61, 0x39, 0x28, 0xdd, 0x61, 0x31, 0x80, 0x10, 0x46, 0x73,
    0xab, 0xd5, 0xc3, 0x41, 0x00, 0x00, 0x00, 0x00, 0x00, 0x00, 0x00, 0x00, 0x00, 0x00, 0x00, 0x00,
    0x00, 0x00, 0x00, 0x00, 0x00, 0x00, 0x00, 0x00, 0x00, 0x00, 0x00, 0x00, 0x00, 0x00, 0x00, 0x00,
    0x00, 0x00, 0xc3, 0x41, 0x2c, 0xe6, 0x2c, 0xe6, 0x25, 0x73, 0x61, 0x31, 0xc0, 0x18, 0x28, 0xdd,
    0xa0, 0x18, 0xa0, 0x20, 0xe0, 0x20, 0x61, 0x39, 0x48, 0xe5, 0x41, 0x29, 0xc0, 0x18, 0x46, 0x73,
    0x0b, 0xe6, 0x4a, 0xc5, 0x84, 0x5a, 0x00, 0x00, 0x00, 0x00, 0x00, 0x00, 0x00, 0x00, 0x00, 0x00,
    0x00, 0x00, 0x00, 0x00, 0x00, 0x00, 0x00, 0x00, 0x00, 0x00, 0x00, 0x00, 0x00, 0x00, 0x00, 0x00,
    0x00, 0x00, 0x00, 0x00, 0x85, 0x5a, 0x2c, 0xe6, 0x46, 0x7b, 0xc6, 0x8b, 0x23, 0x52, 0x28, 0xdd,
    0x61, 0x39, 0x80, 0x18, 0xe0, 0x20, 0x61, 0x39, 0xa0, 0x18, 0xc7, 0xcc, 0xa2, 0x41, 0x40, 0x00,
    0x84, 0x5a, 0x4a, 0xc5, 0x00, 0x00, 0xe1, 0x20, 0x00, 0x00, 0x00, 0x00, 0x00, 0x00, 0x00, 0x00,
    0x00, 0x00, 0x00, 0x00, 0x00, 0x00, 0x00, 0x00, 0x00, 0x00, 0x00, 0x00, 0x00, 0x00, 0x00, 0x00,
    0x00, 0x00, 0x00, 0x00, 0x85, 0x5a, 0x40, 0x00, 0x2b, 0xe6, 0xa6, 0x8b, 0x23, 0x52, 0x28, 0xdd,
    0x61, 0x39, 0x80, 0x10, 0xe0, 0x20, 0xc0, 0x20, 0xe2, 0x49, 0xc7, 0xcc, 0xa0, 0x18, 0x60, 0x00,
    0x64, 0x5a, 0xa3, 0x39, 0x6c, 0xee, 0x00, 0x00, 0x00, 0x00, 0x00, 0x00, 0x00, 0x00, 0x00, 0x00,
    0x00, 0x00, 0x00, 0x00, 0x00, 0x00, 0x00, 0x00, 0x00, 0x00, 0x00, 0x00, 0x00, 0x00, 0x00, 0x00,
    0x00, 0x00, 0x00, 0x00, 0x00, 0x00, 0x26, 0x73, 0x2b, 0xe6, 0xc7, 0x8b, 0xa0, 0x18, 0x61, 0x39,
    0x27, 0xdd, 0x80, 0x10, 0xe0, 0x20, 0xe7, 0x93, 0xe2, 0x49, 0xc7, 0xcc, 0x60, 0x10, 0x20, 0x00,
    0x00, 0x00, 0xa3, 0x39, 0xc1, 0x18, 0xe9, 0xb4, 0x68, 0xa4, 0x00, 0x00, 0x00, 0x00, 0x00, 0x00,
    0x00, 0x00, 0x00, 0x00, 0x00, 0x00, 0x00, 0x00, 0x00, 0x00, 0x00, 0x00, 0x00, 0x00, 0x00, 0x00,
    0x64, 0x93, 0x00, 0x00, 0x00, 0x00, 0x20, 0x00, 0x6c, 0xee, 0x6c, 0xf6, 0xe7, 0x93, 0x61, 0x39,
    0x28, 0xdd, 0x41, 0x31, 0xe0, 0x20, 0xa0, 0x18, 0xa6, 0x8b, 0xe0, 0x20, 0x48, 0xe5, 0x20, 0x00,
    0x00, 0x00, 0x00, 0x00, 0xa3, 0x39, 0xa1, 0x18, 0x68, 0xa4, 0x07, 0x94, 0x00, 0x00, 0x00, 0x00,
    0x00, 0x00, 0x00, 0x00, 0x00, 0x00, 0x00, 0x00, 0x00, 0x00, 0x00, 0x00, 0x00, 0x00, 0x00, 0x00,
    0x85, 0x9b, 0x00, 0x00, 0x00, 0x00, 0x20, 0x00, 0xe4, 0x6a, 0x6c, 0xf6, 0xe7, 0x93, 0x61, 0x39,
    0x28, 0xdd, 0x41, 0x31, 0xe0, 0x20, 0xa0, 0x18, 0xa5, 0x83, 0xc0, 0x20, 0x60, 0x10, 0x66, 0xbc,
    0x00, 0x00, 0x00, 0x00, 0x00, 0x00, 0x81, 0x10, 0x00, 0x00, 0x07, 0x94, 0x00, 0x00, 0x00, 0x00,
    0x00, 0x00, 0x00, 0x00, 0x00, 0x00, 0x00, 0x00, 0x00, 0x00, 0x00, 0x00, 0x00, 0x00, 0x00, 0x00,
    0x00, 0x00, 0xa6, 0xc4, 0x00, 0x00, 0x00, 0x00, 0xe5, 0x6a, 0x86, 0x83, 0xac, 0xfe, 0x61, 0x39,
    0x28, 0xdd, 0x41, 0x31, 0xc0, 0x20, 0x8c, 0xf6, 0x85, 0x7b, 0xa0, 0x18, 0x60, 0x10, 0x26, 0xb4,
    0x00, 0x00, 0x00, 0x00, 0x00, 0x00, 0x00, 0x00, 0x00, 0x00, 0x00, 0x00, 0x00, 0x00, 0x00, 0x00,
    0x00, 0x00, 0x00, 0x00, 0x00, 0x00, 0x00, 0x00, 0x00, 0x00, 0x00, 0x00, 0x00, 0x00, 0x00, 0x00,
    0x00, 0x00, 0x00, 0x00, 0xc6, 0xa3, 0x00, 0x00, 0x20, 0x00, 0x66, 0x7b, 0x8c, 0xf6, 0xa0, 0x18,
    0x41, 0x39, 0x27, 0xdd, 0x81, 0x41, 0xa0, 0x18, 0x8c, 0xf6, 0x45, 0x73, 0x60, 0x10, 0x26, 0xb4,
    0xa5, 0x9b, 0x00, 0x00, 0x00, 0x00, 0x00, 0x00, 0x00, 0x00, 0x00, 0x00, 0x00, 0x00, 0x00, 0x00,
    0x00, 0x00, 0x00, 0x00, 0x00, 0x00, 0x00, 0x00, 0x00, 0x00, 0x00, 0x00, 0x00, 0x00, 0x00, 0x00,
    0x00, 0x00, 0x00, 0x00, 0xc6, 0xa3, 0x26, 0xb4, 0x00, 0x00, 0x25, 0x73, 0x8c, 0xf6, 0xa0, 0x18,
    0x41, 0x39, 0x27, 0xdd, 0x61, 0x39, 0xa0, 0x18, 0x8c, 0xf6, 0x46, 0x7b, 0x40, 0x08, 0x00, 0x00,
    0xa5, 0x9b, 0x00, 0x00, 0x00, 0x00, 0x00, 0x00, 0x00, 0x00, 0x00, 0x00, 0x00, 0x00, 0x00, 0x00,
    0x00, 0x00, 0x00, 0x00, 0x00, 0x00, 0x00, 0x00, 0x00, 0x00, 0x00, 0x00, 0x00, 0x00, 0x00, 0x00,
    0x00, 0x00, 0x00, 0x00, 0x00, 0x00, 0xe6, 0xa3, 0x00, 0x00, 0x20, 0x00, 0x86, 0x7b, 0x8c, 0xf6,
    0x41, 0x39, 0x27, 0xdd, 0x61, 0x39, 0xa0, 0x18, 0xad, 0xf6, 0x45, 0x7b, 0xa5, 0x62, 0x00, 0x00,
    0x00, 0x00, 0x24, 0x8b, 0x00, 0x00, 0x00, 0x00, 0x00, 0x00, 0x00, 0x00, 0x00, 0x00, 0x00, 0x00,
    0x00, 0x00, 0x00, 0x00, 0x00, 0x00, 0x00, 0x00, 0x00, 0x00, 0x00, 0x00, 0x00, 0x00, 0x00, 0x00,
    0x00, 0x00, 0x00, 0x00, 0x00, 0x00, 0xe6, 0xa3, 0x20, 0x00, 0x00, 0x00, 0x66, 0x7b, 0x8c, 0xf6,
    0x80, 0x10, 0x21, 0x31, 0x28, 0xe5, 0x61, 0x39, 0x24, 0x73, 0x6c, 0xf6, 0xa4, 0x62, 0x00, 0x00,
    0x00, 0x00, 0x00, 0x00, 0x00, 0x00, 0x00, 0x00, 0x00, 0x00, 0x00, 0x00, 0x00, 0x00, 0x00, 0x00,
    0x00, 0x00, 0x00, 0x00, 0x00, 0x00, 0x00, 0x00, 0x00, 0x00, 0x00, 0x00, 0x00, 0x00, 0x00, 0x00,
    0xc1, 0x18, 0x00, 0x00, 0x00, 0x00, 0x00, 0x00, 0x28, 0xdd, 0x00, 0x00, 0x46, 0x7b, 0xa0, 0x18,
    0x80, 0x10, 0x21, 0x31, 0x28, 0xe5, 0x61, 0x39, 0x04, 0x6b, 0x6c, 0xf6, 0x6c, 0xee, 0x00, 0x00,
    0x00, 0x00, 0x00, 0x00, 0x00, 0x00, 0x00, 0x00, 0x00, 0x00, 0x00, 0x00, 0x00, 0x00, 0x00, 0x00,
    0x00, 0x00, 0x00, 0x00, 0x00, 0x00, 0x00, 0x00, 0x00, 0x00, 0x00, 0x00, 0x00, 0x00, 0x00, 0x00,
    0x00, 0x00, 0xa1, 0x18, 0x00, 0x00, 0x00, 0x00, 0x00, 0x00, 0x45, 0xbc, 0x41, 0x31, 0x45, 0x7b,
    0xa0, 0x18, 0x01, 0x31, 0x28, 0xe5, 0x61, 0x39, 0x40, 0x08, 0xe5, 0x72, 0x2c, 0xe6, 0x44, 0x52,
    0x00, 0x00, 0x00, 0x00, 0x00, 0x00, 0x00, 0x00, 0x00, 0x00, 0x00, 0x00, 0x00, 0x00, 0x00, 0x00,
    0x00, 0x00, 0x00, 0x00, 0x00, 0x00, 0x00, 0x00, 0x00, 0x00, 0x00, 0x00, 0x00, 0x00, 0x00, 0x00,
    0xe9, 0xb4, 0xa1, 0x18, 0x83, 0x39, 0x00, 0x00, 0x00, 0x00, 0x26, 0xb4, 0x41, 0x31, 0xa0, 0x18,
    0xa0, 0x18, 0x60, 0x08, 0x61, 0x39, 0x28, 0xdd, 0x01, 0x29, 0xe5, 0x6a, 0x2c, 0xe6, 0x00, 0x00,
    0x61, 0x31, 0x00, 0x00, 0x00, 0x00, 0x00, 0x00, 0x00, 0x00, 0x00, 0x00, 0x00, 0x00, 0x00, 0x00,
    0x00, 0x00, 0x00, 0x00, 0x00, 0x00, 0x00, 0x00, 0x00, 0x00, 0x00, 0x00, 0x00, 0x00, 0x00, 0x00,
    0x00, 0x00, 0x4a, 0xc5, 0x83, 0x39, 0x00, 0x00, 0x00, 0x00, 0x26, 0xb4, 0x80, 0x10, 0x41, 0x39,
    0xa0, 0x18, 0x60, 0x08, 0x61, 0x39, 0x28, 0xdd, 0x01, 0x29, 0xe5, 0x6a, 0x64, 0x52, 0x2c, 0xe6,
    0x82, 0x39, 0x00, 0x00, 0x00, 0x00, 0x00, 0x00, 0x00, 0x00, 0x00, 0x00, 0x00, 0x00, 0x00, 0x00,
    0x00, 0x00, 0x00, 0x00, 0x00, 0x00, 0x00, 0x00, 0x00, 0x00, 0x00, 0x00, 0x00, 0x00, 0x00, 0x00,
    0x80, 0x10, 0x4a, 0xc5, 0x0b, 0xde, 0x44, 0x52, 0x00, 0x00, 0x00, 0x00, 0x68, 0xed, 0x61, 0x39,
    0x80, 0x10, 0x80, 0x10, 0x61, 0x39, 0x28, 0xdd, 0x60, 0x10, 0x00, 0x00, 0x64, 0x52, 0x2c, 0xe6,
    0xeb, 0xdd, 0xa1, 0x18, 0x00, 0x00, 0x00, 0x00, 0x00, 0x00, 0x00, 0x00, 0x00, 0x00, 0x00, 0x00,
    0x00, 0x00, 0x00, 0x00, 0x00, 0x00, 0x00, 0x00, 0x00, 0x00, 0x00, 0x00, 0x00, 0x00, 0x00, 0x00,
    0x00, 0x00, 0xa1, 0x18, 0xcb, 0xd5, 0x44, 0x52, 0x00, 0x00, 0x00, 0x00, 0x28, 0xe5, 0x61, 0x39,
    0x80, 0x10, 0x80, 0x18, 0xa0, 0x18, 0x61, 0x39, 0x28, 0xdd, 0x00, 0x00, 0x40, 0x00, 0x44, 0x52,
    0xab, 0xd5, 0xa1, 0x18, 0x00, 0x00, 0x00, 0x00, 0x00, 0x00, 0x00, 0x00, 0x00, 0x00, 0x00, 0x00,
    0x00, 0x00, 0x00, 0x00, 0x00, 0x00, 0x00, 0x00, 0x00, 0x00, 0x00, 0x00, 0x00, 0x00, 0x00, 0x00,
    0x00, 0x00, 0xc1, 0x18, 0x0b, 0xde, 0x00, 0x00, 0x64, 0x52, 0x00, 0x00, 0x80, 0x10, 0x28, 0xdd,
    0x80, 0x10, 0x80, 0x18, 0xa0, 0x18, 0x61, 0x39, 0x48, 0xe5, 0x00, 0x00, 0x40, 0x00, 0x64, 0x5a,
    0xeb, 0xdd, 0x4a, 0xc5, 0xe1, 0x20, 0x00, 0x00, 0x00, 0x00, 0x00, 0x00, 0x00, 0x00, 0x00, 0x00,
    0x00, 0x00, 0x00, 0x00, 0x00, 0x00, 0x00, 0x00, 0x00, 0x00, 0x00, 0x00, 0x00, 0x00, 0x00, 0x00,
    0x00, 0x00, 0x00, 0x00, 0xc3, 0x41, 0x2c, 0xe6, 0x84, 0x5a, 0x25, 0x73, 0x41, 0x31, 0x28, 0xdd,
    0x41, 0x39, 0x60, 0x10, 0xa0, 0x18, 0x61, 0x39, 0x60, 0x10, 0x86, 0xc4, 0x40, 0x08, 0x00, 0x00,
    0xa3, 0x41, 0x4a, 0xc5, 0x00, 0x00, 0x00, 0x00, 0x00, 0x00, 0x00, 0x00, 0x00, 0x00, 0x00, 0x00,
    0x00, 0x00, 0x00, 0x00, 0x00, 0x00, 0x00, 0x00, 0x00, 0x00, 0x00, 0x00, 0x00, 0x00, 0x00, 0x00,
    0x00, 0x00, 0x00, 0x00, 0xe3, 0x41, 0x00, 0x00, 0x0b, 0xe6, 0x45, 0x7b, 0x61, 0x31, 0x28, 0xdd,
    0x41, 0x39, 0x80, 0x10, 0xa0, 0x18, 0xa0, 0x18, 0x01, 0x29, 0x86, 0xc4, 0x40, 0x08, 0x00, 0x00,
    0xc3, 0x41, 0xe1, 0x20, 0x6c, 0xee, 0x00, 0x00, 0x00, 0x00, 0x00, 0x00, 0x00, 0x00, 0x00, 0x00,
    0x00, 0x00, 0x00, 0x00, 0x00, 0x00, 0x00, 0x00, 0x00, 0x00, 0x00, 0x00, 0x00, 0x00, 0x00, 0x00,
    0x00, 0x00, 0x00, 0x00, 0x00, 0x00, 0xa5, 0x62, 0x0b, 0xe6, 0x46, 0x7b, 0xa0, 0x18, 0x28, 0xe5,
    0x41, 0x39, 0x80, 0x10, 0xa0, 0x18, 0x86, 0x83, 0x01, 0x29, 0xa7, 0xc4, 0x40, 0x08, 0x00, 0x00,
    0x00, 0x00, 0x02, 0x29, 0x00, 0x00, 0xe9, 0xb4, 0x68, 0xa4, 0x00, 0x00, 0x00, 0x00, 0x00, 0x00,
    0x00, 0x00, 0x00, 0x00, 0x00, 0x00, 0x00, 0x00, 0x00, 0x00, 0x00, 0x00, 0x00, 0x00, 0x00, 0x00,
    0x04, 0x83, 0x00, 0x00, 0x00, 0x00, 0xc5, 0x62, 0x2b, 0xe6, 0x6c, 0xf6, 0xa6, 0x8b, 0x61, 0x39,
    0x28, 0xdd, 0x41, 0x31, 0xc0, 0x20, 0xa0, 0x18, 0x65, 0x7b, 0x40, 0x00, 0x48, 0xe5, 0x00, 0x00,
    0x00, 0x00, 0x00, 0x00, 0x82, 0x39, 0x00, 0x00, 0x68, 0xa4, 0x07, 0x94, 0x00, 0x00, 0x00, 0x00,
    0x00, 0x00, 0x00, 0x00, 0x00, 0x00, 0x00, 0x00, 0x00, 0x00, 0x00, 0x00, 0x00, 0x00, 0x00, 0x00,
    0x25, 0x8b, 0x00, 0x00, 0x00, 0x00, 0x00, 0x00, 0xe5, 0x6a, 0x6c, 0xf6, 0xc6, 0x8b, 0x61, 0x39,
    0x28, 0xdd, 0x41, 0x31, 0xc0, 0x20, 0xa0, 0x18, 0x85, 0x7b, 0x80, 0x10, 0x60, 0x10, 0x26, 0xb4,
    0x00, 0x00, 0x00, 0x00, 0x00, 0x00, 0x60, 0x10, 0x00, 0x00, 0x07, 0x94, 0x00, 0x00, 0x00, 0x00,
    0x00, 0x00, 0x00, 0x00, 0x00, 0x00, 0x00, 0x00, 0x00, 0x00, 0x00, 0x00, 0x00, 0x00, 0x00, 0x00,
    0x00, 0x00, 0xc7, 0xd4, 0x00, 0x00, 0x20, 0x00, 0xe4, 0x6a, 0xa6, 0x8b, 0xac, 0xfe, 0x61, 0x39,
    0x28, 0xdd, 0x41, 0x31, 0xe0, 0x20, 0x8c, 0xf6, 0xa5, 0x83, 0xc0, 0x20, 0x80, 0x10, 0x66, 0xbc,
    0x00, 0x00, 0x00, 0x00, 0x00, 0x00, 0x00, 0x00, 0x00, 0x00, 0x00, 0x00, 0x00, 0x00, 0x00, 0x00,
    0x00, 0x00, 0x00, 0x00, 0x00, 0x00, 0x00, 0x00, 0x00, 0x00, 0x00, 0x00, 0x00, 0x00, 0x00, 0x00,
    0x00, 0x00, 0x00, 0x00, 0x06, 0xac, 0x20, 0x00, 0x00, 0x00, 0xa6, 0x8b, 0x8c, 0xf6, 0xa0, 0x18,
    0x41, 0x39, 0x27, 0xdd, 0xa1, 0x41, 0xa0, 0x18, 0x8c, 0xf6, 0x64, 0x7b, 0x21, 0x29, 0x66, 0xbc,
    0xe6, 0xab, 0x00, 0x00, 0x00, 0x00, 0x00, 0x00, 0x00, 0x00, 0x00, 0x00, 0x00, 0x00, 0x00, 0x00,
    0x00, 0x00, 0x00, 0x00, 0x00, 0x00, 0x00, 0x00, 0x00, 0x00, 0x00, 0x00, 0x00, 0x00, 0x00, 0x00,
    0x00, 0x00, 0x00, 0x00, 0x06, 0xac, 0x66, 0xbc, 0x01, 0x21, 0x85, 0x7b, 0x8c, 0xf6, 0xa0, 0x18,
    0x41, 0x39, 0x27, 0xdd, 0xa1, 0x41, 0xa0, 0x18, 0x8c, 0xf6, 0xc7, 0x8b, 0x60, 0x10, 0x20, 0x00,
    0xe6, 0xab, 0x00, 0x00, 0x00, 0x00, 0x00, 0x00, 0x00, 0x00, 0x00, 0x00, 0x00, 0x00, 0x00, 0x00,
    0x00, 0x00, 0x00, 0x00, 0x00, 0x00, 0x00, 0x00, 0x00, 0x00, 0x00, 0x00, 0x00, 0x00, 0x00, 0x00,
    0x00, 0x00, 0x00, 0x00, 0x00, 0x00, 0x87, 0xc4, 0x60, 0x18, 0x00, 0x21, 0xcd, 0xfe, 0xc0, 0x20,
    0x61, 0x39, 0x27, 0xdd, 0xa1, 0x41, 0xc0, 0x20, 0xad, 0xfe, 0xc7, 0x93, 0x66, 0x7b, 0x60, 0x00,
    0x00, 0x00, 0x07, 0xd5, 0x00, 0x00, 0x00, 0x00, 0x00, 0x00, 0x00, 0x00, 0x00, 0x00, 0x00, 0x00,
    0x00, 0x00, 0x00, 0x00, 0x00, 0x00, 0x00, 0x00, 0x00, 0x00, 0x00, 0x00, 0x00, 0x00, 0x00, 0x00,
    0x00, 0x00, 0x00, 0x00, 0x00, 0x00, 0x87, 0xc4, 0x20, 0x08, 0x61, 0x31, 0x07, 0x9c, 0x8c, 0xf6,
    0xa0, 0x18, 0x41, 0x39, 0x28, 0xe5, 0x61, 0x39, 0xe6, 0x8b, 0x6c, 0xf6, 0x66, 0x83, 0x80, 0x08,
    0x00, 0x00, 0x00, 0x00, 0xe6, 0xab, 0x00, 0x00, 0x00, 0x00, 0x00, 0x00, 0x00, 0x00, 0x00, 0x00,
    0x00, 0x00, 0x00, 0x00, 0x00, 0x00, 0x00, 0x00, 0x00, 0x00, 0x00, 0x00, 0x00, 0x00, 0x00, 0x00,
    0xc3, 0x41, 0x00, 0x00, 0x00, 0x00, 0x40, 0x00, 0x48, 0xe5, 0x61, 0x31, 0x27, 0x9c, 0xc0, 0x20,
    0xa0, 0x18, 0x41, 0x39, 0x28, 0xe5, 0x61, 0x39, 0xe6, 0x8b, 0x6c, 0xf6, 0x8c, 0xee, 0x40, 0x00,
    0x00, 0x00, 0x00, 0x00, 0xe6, 0xab, 0x85, 0x9b, 0x00, 0x00, 0x00, 0x00, 0x00, 0x00, 0x00, 0x00,
    0x00, 0x00, 0x00, 0x00, 0x00, 0x00, 0x00, 0x00, 0x00, 0x00, 0x00, 0x00, 0x00, 0x00, 0x00, 0x00,
    0x00, 0x00, 0x84, 0x5a, 0x26, 0x73, 0xcd, 0xfe, 0x07, 0x9c, 0x41, 0x39, 0xc0, 0x20, 0xe6, 0xcb,
    0xe6, 0xd3, 0xc5, 0xd3, 0x84, 0xcb, 0x43, 0xd3, 0xe0, 0x20, 0x41, 0x39, 0xc6, 0x8b, 0xcd, 0xfe,
    0x46, 0x73, 0x63, 0x52, 0x00, 0x00, 0x00, 0x00, 0x00, 0x00, 0x00, 0x00, 0x00, 0x00, 0x00, 0x00,
    0x00, 0x00, 0x00, 0x00, 0x00, 0x00, 0x00, 0x00, 0x00, 0x00, 0x00, 0x00, 0x00, 0x00, 0x00, 0x00,
    0x00, 0x00, 0x00, 0x00, 0x26, 0x73, 0x80, 0x10, 0xac, 0xfe, 0x80, 0x18, 0x61, 0x39, 0xc6, 0xcb,
    0xe6, 0xd3, 0xc6, 0xd3, 0x84, 0xd3, 0x43, 0xd3, 0xe0, 0x20, 0x41, 0x39, 0xc6, 0x8b, 0x80, 0x10,
    0x2c, 0xe6, 0x84, 0x5a, 0x00, 0x00, 0x00, 0x00, 0x00, 0x00, 0x00, 0x00, 0x00, 0x00, 0x00, 0x00,
    0x00, 0x00, 0x00, 0x00, 0x00, 0x00, 0x00, 0x00, 0x00, 0x00, 0x00, 0x00, 0x00, 0x00, 0x00, 0x00,
    0x00, 0x00, 0x00, 0x00, 0x00, 0x00, 0x66, 0x83, 0x8c, 0xf6, 0x80, 0x10, 0xc0, 0x20, 0xe6, 0xcb,
    0xe6, 0xd3, 0xc6, 0xd3, 0x84, 0xd3, 0x43, 0xd3, 0x28, 0xdd, 0x41, 0x39, 0xe7, 0x93, 0x66, 0x83,
    0x2c, 0xe6, 0xab, 0xd5, 0xc3, 0x41, 0x00, 0x00, 0x00, 0x00, 0x00, 0x00, 0x00, 0x00, 0x00, 0x00,
    0x00, 0x00, 0x00, 0x00, 0x00, 0x00, 0x00, 0x00, 0x00, 0x00, 0x00, 0x00, 0x00, 0x00, 0x00, 0x00,
    0x00, 0x00, 0x00, 0x00, 0x00, 0x00, 0x4a, 0xc5, 0x8c, 0xf6, 0x80, 0x10, 0xc0, 0x20, 0xc6, 0xd3,
    0xe6, 0xd3, 0xc5, 0xd3, 0x84, 0xd3, 0x43, 0xd3, 0xe0, 0x20, 0x28, 0xdd, 0xc1, 0x41, 0x4a, 0xc5,
    0x40, 0x00, 0xab, 0xd5, 0xa3, 0x39, 0xe1, 0x20, 0x00, 0x00, 0x00, 0x00, 0x00, 0x00, 0x00, 0x00,
    0x00, 0x00, 0x00, 0x00, 0x00, 0x00, 0x00, 0x00, 0x00, 0x00, 0x00, 0x00, 0x00, 0x00, 0x00, 0x00,
    0xe7, 0xd4, 0x00, 0x00, 0x00, 0x00, 0x60, 0x10, 0xe7, 0x93, 0x8c, 0xf6, 0xc0, 0x20, 0x01, 0x29,
    0xe6, 0xd3, 0xc5, 0xd3, 0x84, 0xcb, 0x01, 0x29, 0xe0, 0x20, 0x28, 0xdd, 0x00, 0x29, 0x60, 0x10,
    0x26, 0x73, 0x0b, 0xe6, 0x4a, 0xc5, 0xc1, 0x18, 0x00, 0x00, 0x00, 0x00, 0x00, 0x00, 0x00, 0x00,
    0x00, 0x00, 0x00, 0x00, 0x00, 0x00, 0x00, 0x00, 0x00, 0x00, 0x00, 0x00, 0x00, 0x00, 0x00, 0x00,
    0x00, 0x00, 0xe6, 0xab, 0x00, 0x00, 0x21, 0x29, 0xc7, 0x93, 0xa0, 0x18, 0xa0, 0x20, 0x01, 0x29,
    0xc6, 0xd3, 0xc5, 0xd3, 0x84, 0xcb, 0x01, 0x29, 0x81, 0x39, 0x28, 0xdd, 0x60, 0x10, 0x21, 0x29,
    0x20, 0x00, 0x44, 0x52, 0x4a, 0xc5, 0xe9, 0xb4, 0x00, 0x00, 0x00, 0x00, 0x00, 0x00, 0x00, 0x00,
    0x00, 0x00, 0x00, 0x00, 0x00, 0x00, 0x00, 0x00, 0x00, 0x00, 0x00, 0x00, 0x00, 0x00, 0x00, 0x00,
    0x00, 0x00, 0xe6, 0xab, 0x25, 0xb4, 0x01, 0x21, 0xc6, 0x8b, 0x80, 0x10, 0xa0, 0x20, 0xe1, 0x28,
    0xc6, 0xd3, 0xa5, 0xd3, 0x64, 0xcb, 0xe1, 0x28, 0xe0, 0x20, 0x28, 0xe5, 0xc7, 0xcc, 0x01, 0x21,
    0x20, 0x00, 0x44, 0x52, 0x62, 0x31, 0xe9, 0xb4, 0x88, 0xa4, 0x00, 0x00, 0x00, 0x00, 0x00, 0x00,
    0x00, 0x00, 0x00, 0x00, 0x00, 0x00, 0x00, 0x00, 0x00, 0x00, 0x00, 0x00, 0x00, 0x00, 0x00, 0x00,
    0x00, 0x00, 0x00, 0x00, 0x26, 0xb4, 0x60, 0x10, 0xc0, 0x18, 0x80, 0x10, 0xa0, 0x18, 0xe1, 0x28,
    0xe0, 0x28, 0xa5, 0xcb, 0xe0, 0x20, 0xe1, 0x28, 0xe0, 0x20, 0x41, 0x39, 0xa7, 0xcc, 0x60, 0x10,
    0x00, 0x00, 0x00, 0x00, 0x42, 0x31, 0x81, 0x10, 0x88, 0xa4, 0x07, 0x9c, 0x00, 0x00, 0x00, 0x00,
    0x00, 0x00, 0x00, 0x00, 0x00, 0x00, 0x00, 0x00, 0x00, 0x00, 0x00, 0x00, 0x00, 0x00, 0x00, 0x00,
    0x00, 0x00, 0x00, 0x00, 0x26, 0xb4, 0xc7, 0xcc, 0x61, 0x31, 0x80, 0x10, 0xa0, 0x18, 0xe1, 0x28,
    0xe0, 0x28, 0xe0, 0x28, 0xe0, 0x20, 0xe1, 0x28, 0xe0, 0x20, 0x41, 0x39, 0x60, 0x10, 0xc7, 0xcc,
    0x00, 0x00, 0x00, 0x00, 0x00, 0x00, 0x60, 0x08, 0x00, 0x00, 0x00, 0x00, 0x07, 0x94, 0x00, 0x00,
    0x00, 0x00, 0x00, 0x00, 0x00, 0x00, 0x00, 0x00, 0x00, 0x00, 0x00, 0x00, 0x00, 0x00, 0x00, 0x00,
    0x00, 0x00, 0x00, 0x00, 0x00, 0x00, 0xc7, 0xcc, 0x60, 0x10, 0x41, 0x39, 0xa0, 0x18, 0xe0, 0x28,
    0xe0, 0x28, 0xe0, 0x28, 0xe0, 0x20, 0xe0, 0x28, 0xc0, 0x20, 0x80, 0x10, 0xe0, 0x20, 0xc7, 0xcc,
    0x26, 0xb4, 0x00, 0x00, 0x00, 0x00, 0x00, 0x00, 0x00, 0x00, 0x00, 0x00, 0x00, 0x00, 0x00, 0x00,
    0x00, 0x00, 0x00, 0x00, 0x00, 0x00, 0x00, 0x00, 0x00, 0x00, 0x00, 0x00, 0x00, 0x00, 0x00, 0x00,
    0x02, 0x21, 0x00, 0x00, 0x00, 0x00, 0x40, 0x08, 0x87, 0xc4, 0x41, 0x39, 0xa0, 0x18, 0xe0, 0x20,
    0xe0, 0x28, 0xe0, 0x20, 0xe0, 0x20, 0xe0, 0x20, 0xc0, 0x20, 0x80, 0x10, 0x40, 0x08, 0x40, 0x08,
    0xe6, 0xa3, 0x00, 0x00, 0x00, 0x00, 0x00, 0x00, 0x00, 0x00, 0x00, 0x00, 0x00, 0x00, 0x00, 0x00,
    0x00, 0x00, 0x00, 0x00, 0x00, 0x00, 0x00, 0x00, 0x00, 0x00, 0x00, 0x00, 0x00, 0x00, 0x00, 0x00,
    0xe1, 0x20, 0xa3, 0x41, 0x00, 0x00, 0x40, 0x08, 0x87, 0xc4, 0x27, 0xdd, 0xa0, 0x18, 0xe0, 0x20,
    0xe0, 0x28, 0xe0, 0x20, 0xc0, 0x20, 0xe0, 0x20, 0xa0, 0x18, 0x60, 0x10, 0x25, 0x73, 0x40, 0x08,
    0xe6, 0xa3, 0x25, 0x8b, 0x00, 0x00, 0x00, 0x00, 0x00, 0x00, 0x00, 0x00, 0x00, 0x00, 0x00, 0x00,
    0x00, 0x00, 0x00, 0x00, 0x00, 0x00, 0x00, 0x00, 0x00, 0x00, 0x00, 0x00, 0x00, 0x00, 0x00, 0x00,
    0x4a, 0xc5, 0xa3, 0x39, 0x00, 0x00, 0x40, 0x08, 0x60, 0x10, 0x28, 0xdd, 0x41, 0x31, 0xe0, 0x20,
    0xe0, 0x20, 0xe0, 0x20, 0xc0, 0x20, 0xe0, 0x20, 0xa0, 0x18, 0x80, 0x10, 0xe4, 0x6a, 0x40, 0x08,
    0x00, 0x00, 0x25, 0x8b, 0x00, 0x00, 0x00, 0x00, 0x00, 0x00, 0x00, 0x00, 0x00, 0x00, 0x00, 0x00,
    0x00, 0x00, 0x00, 0x00, 0x00, 0x00, 0x00, 0x00, 0x00, 0x00, 0x00, 0x00, 0x00, 0x00, 0x00, 0x00,
    0x4a, 0xc5, 0xeb, 0xdd, 0x44, 0x52, 0x40, 0x08, 0x60, 0x10, 0x28, 0xdd, 0xa0, 0x18, 0xe0, 0x20,
    0xe0, 0x20, 0xe0, 0x20, 0xa0, 0x20, 0xe0, 0x20, 0xa0, 0x18, 0x8c, 0xf6, 0xe4, 0x6a, 0x40, 0x08,
    0x00, 0x00, 0x00, 0x00, 0x24, 0x8b, 0x00, 0x00, 0x00, 0x00, 0x00, 0x00, 0x00, 0x00, 0x00, 0x00,
    0x00, 0x00, 0x00, 0x00, 0x00, 0x00, 0x00, 0x00, 0x00, 0x00, 0x00, 0x00, 0x00, 0x00, 0x00, 0x00,
    0x6a, 0xcd, 0xab, 0xd5, 0x00, 0x00, 0x64, 0x5a, 0x21, 0x31, 0x28, 0xdd, 0xa0, 0x18, 0xe0, 0x20,
    0xe0, 0x20, 0xe0, 0x20, 0xa0, 0x20, 0xe0, 0x20, 0xa0, 0x18, 0x60, 0x08, 0x8c, 0xf6, 0x64, 0x5a,
    0x00, 0x00, 0x00, 0x00, 0x00, 0x00, 0x00, 0x00, 0x00, 0x00, 0x00, 0x00, 0x00, 0x00, 0x00, 0x00,
    0x00, 0x00, 0x00, 0x00, 0x00, 0x00, 0x00, 0x00, 0x00, 0x00, 0x00, 0x00, 0x00, 0x00, 0x00, 0x00,
    0xa1, 0x18, 0xab, 0xd5, 0x0b, 0xe6, 0x64, 0x5a, 0x05, 0x73, 0x41, 0x31, 0x27, 0xdd, 0xe0, 0x20,
    0xe0, 0x20, 0xe0, 0x20, 0xa0, 0x20, 0xe0, 0x20, 0xa0, 0x18, 0x60, 0x08, 0x6c, 0xf6, 0x64, 0x5a,
    0x00, 0x00, 0x00, 0x00, 0x00, 0x00, 0x00, 0x00, 0x00, 0x00, 0x00, 0x00, 0x00, 0x00, 0x00, 0x00,
    0x00, 0x00, 0x00, 0x00, 0x00, 0x00, 0x00, 0x00, 0x00, 0x00, 0x00, 0x00, 0x00, 0x00, 0x00, 0x00,
    0x00, 0x00, 0x82, 0x39, 0x0b, 0xe6, 0x40, 0x08, 0x25, 0x73, 0x41, 0x31, 0xa0, 0x18, 0xe0, 0x20,
    0xe0, 0x20, 0xe0, 0x20, 0xa0, 0x20, 0xe0, 0x20, 0x61, 0x39, 0x60, 0x08, 0x8c, 0xf6, 0x40, 0x08,
    0x44, 0x52, 0x00, 0x00, 0x00, 0x00, 0x00, 0x00, 0x00, 0x00, 0x00, 0x00, 0x00, 0x00, 0x00, 0x00,
    0x00, 0x00, 0x00, 0x00, 0x00, 0x00, 0x00, 0x00, 0x00, 0x00, 0x00, 0x00, 0x00, 0x00, 0x00, 0x00,
    0x00, 0x00, 0x83, 0x39, 0x44, 0x52, 0xcd, 0xfe, 0x25, 0x73, 0x41, 0x31, 0xa0, 0x18, 0xe0, 0x20,
    0xe0, 0x20, 0xe0, 0x20, 0xa0, 0x20, 0xe0, 0x20, 0xa0, 0x18, 0x41, 0x31, 0xe4, 0x6a, 0xcd, 0xfe,
    0x44, 0x52, 0x62, 0x31, 0x00, 0x00, 0x00, 0x00, 0x00, 0x00, 0x00, 0x00, 0x00, 0x00, 0x00, 0x00,
    0x00, 0x00, 0x00, 0x00, 0x00, 0x00, 0x00, 0x00, 0x00, 0x00, 0x00, 0x00, 0x00, 0x00, 0x00, 0x00,
    0x00, 0x00, 0x00, 0x00, 0x44, 0x52, 0x2c, 0xe6, 0xac, 0xf6, 0x60, 0x08, 0x41, 0x31, 0xe0, 0x20,
    0xe0, 0x20, 0xe0, 0x20, 0xc0, 0x20, 0xe0, 0x20, 0xa0, 0x18, 0x41, 0x31, 0xe4, 0x6a, 0x2c, 0xe6,
    0x00, 0x00, 0xa3, 0x39, 0x00, 0x00, 0x00, 0x00, 0x00, 0x00, 0x00, 0x00, 0x00, 0x00, 0x00, 0x00,
    0x00, 0x00, 0x00, 0x00, 0x00, 0x00, 0x00, 0x00, 0x00, 0x00, 0x00, 0x00, 0x00, 0x00, 0x00, 0x00,
    0x00, 0x00, 0x00, 0x00, 0x00, 0x00, 0xa4, 0x62, 0x8c, 0xf6, 0x60, 0x10, 0xa0, 0x18, 0xe0, 0x20,
    0xe0, 0x28, 0xe0, 0x20, 0xc0, 0x20, 0xe0, 0x20, 0x28, 0xdd, 0x41, 0x39, 0x25, 0x73, 0xa4, 0x62,
    0x2c, 0xe6, 0xeb, 0xdd, 0xe1, 0x20, 0x00, 0x00, 0x00, 0x00, 0x00, 0x00, 0x00, 0x00, 0x00, 0x00,
    0x00, 0x00, 0x00, 0x00, 0x00, 0x00, 0x00, 0x00, 0x00, 0x00, 0x00, 0x00, 0x00, 0x00, 0x00, 0x00,
    0x00, 0x00, 0x00, 0x00, 0x00, 0x00, 0xa8, 0xac, 0x8c, 0xf6, 0x80, 0x10, 0xa0, 0x18, 0xe0, 0x20,
    0xe0, 0x28, 0xe0, 0x20, 0xe0, 0x20, 0xe0, 0x20, 0xc0, 0x20, 0x27, 0xdd, 0x40, 0x08, 0xa8, 0xac,
    0x00, 0x00, 0xab, 0xd5, 0xe1, 0x20, 0x00, 0x00, 0x00, 0x00, 0x00, 0x00, 0x00, 0x00, 0x00, 0x00,
    0x00, 0x00, 0x00, 0x00, 0x00, 0x00, 0x00, 0x00, 0x00, 0x00, 0x00, 0x00, 0x00, 0x00, 0x00, 0x00,
    0xa7, 0xcc, 0x00, 0x00, 0x00, 0x00, 0x40, 0x08, 0x66, 0x83, 0x8c, 0xf6, 0xa0, 0x18, 0xe0, 0x28,
    0xe0, 0x28, 0xe0, 0x28, 0xe0, 0x20, 0xe0, 0x28, 0xc0, 0x20, 0x28, 0xdd, 0x20, 0x00, 0x40, 0x08,
    0xa5, 0x62, 0x0b, 0xde, 0x4a, 0xc5, 0x20, 0x08, 0x00, 0x00, 0x00, 0x00, 0x00, 0x00, 0x00, 0x00,
    0x00, 0x00, 0x00, 0x00, 0x00, 0x00, 0x00, 0x00, 0x00, 0x00, 0x00, 0x00, 0x00, 0x00, 0x00, 0x00,
    0x00, 0x00, 0xa5, 0x9b, 0x00, 0x00, 0x80, 0x18, 0xa6, 0x83, 0xa0, 0x18, 0xa0, 0x18, 0xe1, 0x28,
    0xe0, 0x28, 0xe0, 0x28, 0xe0, 0x20, 0xe1, 0x28, 0x81, 0x39, 0x28, 0xdd, 0x60, 0x10, 0x80, 0x18,
    0xc5, 0x62, 0x03, 0x4a, 0x4a, 0xc5, 0xe9, 0xb4, 0x00, 0x00, 0x00, 0x00, 0x00, 0x00, 0x00, 0x00,
    0x00, 0x00, 0x00, 0x00, 0x00, 0x00, 0x00, 0x00, 0x00, 0x00, 0x00, 0x00, 0x00, 0x00, 0x00, 0x00,
    0x00, 0x00, 0xa5, 0x9b, 0x05, 0xac, 0xc0, 0x18, 0xa6, 0x8b, 0x80, 0x10, 0xa0, 0x18, 0xe1, 0x28,
    0xe0, 0x28, 0x64, 0xcb, 0xe0, 0x20, 0xe1, 0x28, 0xe0, 0x20, 0x28, 0xe5, 0xa7, 0xcc, 0xc0, 0x18,
    0x00, 0x00, 0x24, 0x52, 0x42, 0x31, 0xe9, 0xb4, 0x88, 0xa4, 0x00, 0x00, 0x00, 0x00, 0x00, 0x00,
    0x00, 0x00, 0x00, 0x00, 0x00, 0x00, 0x00, 0x00, 0x00, 0x00, 0x00, 0x00, 0x00, 0x00, 0x00, 0x00,
    0x00, 0x00, 0x00, 0x00, 0x46, 0xbc, 0x80, 0x10, 0x01, 0x21, 0x80, 0x10, 0xa0, 0x20, 0xe1, 0x28,
    0xa5, 0xcb, 0x84, 0xcb, 0x43, 0xcb, 0xe1, 0x28, 0xe0, 0x20, 0x41, 0x39, 0xc7, 0xcc, 0x80, 0x10,
    0x20, 0x00, 0x00, 0x00, 0x62, 0x31, 0xa1, 0x10, 0x88, 0xa4, 0x07, 0x9c, 0x00, 0x00, 0x00, 0x00,
    0x00, 0x00, 0x00, 0x00, 0x00, 0x00, 0x00, 0x00, 0x00, 0x00, 0x00, 0x00, 0x00, 0x00, 0x00, 0x00,
    0x00, 0x00, 0x00, 0x00, 0x46, 0xbc, 0xc7, 0xd4, 0xc2, 0x49, 0x80, 0x10, 0xa0, 0x20, 0x01, 0x29,
    0xa5, 0xcb, 0x85, 0xcb, 0x43, 0xcb, 0x01, 0x29, 0xe0, 0x20, 0x41, 0x39, 0x60, 0x10, 0xc7, 0xd4,
    0x20, 0x00, 0x00, 0x00, 0x00, 0x00, 0xa1, 0x18, 0x00, 0x00, 0x00, 0x00, 0x07, 0x94, 0x00, 0x00,
    0x00, 0x00, 0x00, 0x00, 0x00, 0x00, 0x00, 0x00, 0x00, 0x00, 0x00, 0x00, 0x00, 0x00, 0x00, 0x00,
    0x00, 0x00, 0x00, 0x00, 0x00, 0x00, 0xc7, 0xd4, 0xa0, 0x18, 0x41, 0x39, 0xc0, 0x20, 0x01, 0x29,
    0xa6, 0xcb, 0xa5, 0xcb, 0x64, 0xcb, 0x01, 0x29, 0xe0, 0x20, 0x41, 0x31, 0x00, 0x29, 0xc7, 0xd4,
    0x66, 0xbc, 0x00, 0x00, 0x00, 0x00, 0x00, 0x00, 0x00, 0x00, 0x00, 0x00, 0x00, 0x00, 0x00, 0x00,
    0x00, 0x00, 0x00, 0x00, 0x00, 0x00, 0x00, 0x00, 0x00, 0x00, 0x00, 0x00, 0x00, 0x00, 0x00, 0x00,
    0xc3, 0x41, 0x00, 0x00, 0x00, 0x00, 0xc0, 0x18, 0xe7, 0xd4, 0x41, 0x39, 0xc0, 0x20, 0xc6, 0xcb,
    0xc6, 0xcb, 0xa5, 0xcb, 0x64, 0xcb, 0x22, 0xd3, 0xe0, 0x20, 0x80, 0x10, 0x41, 0x29, 0xc0, 0x18,
    0x87, 0xc4, 0x00, 0x00, 0x00, 0x00, 0x00, 0x00, 0x00, 0x00, 0x00, 0x00, 0x00, 0x00, 0x00, 0x00,
    0x00, 0x00, 0x00, 0x00, 0x00, 0x00, 0x00, 0x00, 0x00, 0x00, 0x00, 0x00, 0x00, 0x00, 0x00, 0x00,
    0xc3, 0x41, 0x63, 0x52, 0x20, 0x00, 0x82, 0x39, 0xe7, 0xd4, 0x27, 0xdd, 0xc0, 0x20, 0xc6, 0xcb,
    0xc6, 0xcb, 0xc5, 0xcb, 0x84, 0xcb, 0x42, 0xd3, 0xe0, 0x20, 0x80, 0x10, 0xe7, 0x93, 0x82, 0x39,
    0x87, 0xc4, 0x26, 0xb4, 0x00, 0x00, 0x00, 0x00, 0x00, 0x00, 0x00, 0x00, 0x00, 0x00, 0x00, 0x00,
    0x00, 0x00, 0x00, 0x00, 0x00, 0x00, 0x00, 0x00, 0x00, 0x00, 0x00, 0x00, 0x00, 0x00, 0x00, 0x00,
    0x4a, 0xc5, 0x84, 0x5a, 0x00, 0x00, 0xe2, 0x41, 0xa0, 0x18, 0x28, 0xdd, 0x61, 0x39, 0xc6, 0xcb,
    0xc6, 0xd3, 0xc5, 0xd3, 0x84, 0xcb, 0x43, 0xd3, 0xe0, 0x20, 0xa0, 0x20, 0xa5, 0x83, 0xe2, 0x41,
    0x40, 0x00, 0x26, 0xb4, 0x00, 0x00, 0x00, 0x00, 0x00, 0x00, 0x00, 0x00, 0x00, 0x00, 0x00, 0x00,
    0x00, 0x00, 0x00, 0x00, 0x00, 0x00, 0x00, 0x00, 0x00, 0x00, 0x00, 0x00, 0x00, 0x00, 0x00, 0x00,
    0x00, 0x00, 0x60, 0x08, 0x20, 0x08, 0xc6, 0x8b, 0xe0, 0x20, 0xa6, 0xcb, 0xe7, 0xcb, 0x07, 0xcc,
    0x28, 0xd4, 0x27, 0xd4, 0x06, 0xd4, 0xa4, 0xd3, 0x63, 0xd3, 0x43, 0xd3, 0xc0, 0x20, 0xc6, 0x8b,
    0x80, 0x10, 0x60, 0x08, 0x00, 0x00, 0x00, 0x00, 0x85, 0x9b, 0x45, 0x8b, 0x00, 0x00, 0x00, 0x00,
    0x00, 0x00, 0x00, 0x00, 0x00, 0x00, 0x00, 0x00, 0x00, 0x00, 0x00, 0x00, 0x00, 0x00, 0x00, 0x00,
    0x00, 0x00, 0x20, 0x00, 0x60, 0x10, 0xc6, 0x8b, 0xe0, 0x20, 0xa6, 0xcb, 0xe7, 0xcb, 0x07, 0xcc,
    0x48, 0xd4, 0x27, 0xd4, 0x06, 0xd4, 0xa4, 0xd3, 0x63, 0xd3, 0x43, 0xd3, 0xc0, 0x20, 0x8c, 0xf6,
    0x86, 0x83, 0x20, 0x00, 0x00, 0x00, 0x00, 0x00, 0x00, 0x00, 0x00, 0x00, 0x00, 0x00, 0x00, 0x00,
    0x00, 0x00, 0x00, 0x00, 0x00, 0x00, 0x00, 0x00, 0x00, 0x00, 0x00, 0x00, 0x00, 0x00, 0x00, 0x00,
    0x26, 0xb4, 0x20, 0x00, 0x61, 0x31, 0xe7, 0x93, 0xe0, 0x20, 0xc6, 0xcb, 0xe7, 0xcb, 0x07, 0xcc,
    0x48, 0xd4, 0x27, 0xd4, 0x06, 0xd4, 0xa4, 0xd3, 0x63, 0xd3, 0x43, 0xd3, 0xa0, 0x18, 0x6c, 0xf6,
    0x66, 0x83, 0xa5, 0x5a, 0x00, 0x00, 0x00, 0x00, 0x00, 0x00, 0x00, 0x00, 0x00, 0x00, 0x00, 0x00,
    0x00, 0x00, 0x00, 0x00, 0x00, 0x00, 0x00, 0x00, 0x00, 0x00, 0x00, 0x00, 0x00, 0x00, 0x00, 0x00,
    0x26, 0xb4, 0x87, 0xc4, 0x60, 0x18, 0xc1, 0x41, 0xe0, 0x20, 0xe0, 0x28, 0xe7, 0xcb, 0x07, 0xcc,
    0x48, 0xd4, 0x27, 0xd4, 0x06, 0xd4, 0xa4, 0xd3, 0x63, 0xd3, 0xe0, 0x28, 0xa0, 0x18, 0x6c, 0xf6,
    0x2c, 0xe6, 0x68, 0xa4, 0x00, 0x00, 0x00, 0x00, 0x00, 0x00, 0x00, 0x00, 0x00, 0x00, 0x00, 0x00,
    0x00, 0x00, 0x00, 0x00, 0x00, 0x00, 0x00, 0x00, 0x00, 0x00, 0x00, 0x00, 0x00, 0x00, 0x00, 0x00,
    0x00, 0x00, 0x66, 0xbc, 0x20, 0x00, 0x00, 0x29, 0xa1, 0x41, 0xe0, 0x28, 0xe7, 0xcb, 0x07, 0xd4,
    0x48, 0xd4, 0x27, 0xd4, 0x06, 0xd4, 0x84, 0xd3, 0x63, 0xd3, 0xe0, 0x28, 0x41, 0x39, 0xa6, 0x83,
    0x2c, 0xe6, 0x00, 0x00, 0x66, 0x83, 0x00, 0x00, 0x00, 0x00, 0x00, 0x00, 0x00, 0x00, 0x00, 0x00,
    0x00, 0x00, 0x00, 0x00, 0x00, 0x00, 0x00, 0x00, 0x00, 0x00, 0x00, 0x00, 0x00, 0x00, 0x00, 0x00,
    0x00, 0x00, 0x00, 0x00, 0x48, 0xe5, 0x60, 0x10, 0xa1, 0x41, 0xe0, 0x28, 0xe6, 0xcb, 0x07, 0xcc,
    0x48, 0xd4, 0x27, 0xd4, 0xe6, 0xd3, 0x84, 0xd3, 0x63, 0xd3, 0xe0, 0x28, 0x41, 0x39, 0x64, 0x7b,
    0x8c, 0xf6, 0xab, 0xd5, 0x00, 0x00, 0x82, 0x39, 0xa1, 0x18, 0x00, 0x00, 0x00, 0x00, 0x00, 0x00,
    0x00, 0x00, 0x00, 0x00, 0x00, 0x00, 0x00, 0x00, 0x00, 0x00, 0x00, 0x00, 0x00, 0x00, 0x00, 0x00,
    0x00, 0x00, 0x00, 0x00, 0x20, 0x00, 0xc7, 0xcc, 0xa1, 0x41, 0xe0, 0x20, 0xe6, 0xcb, 0x07, 0xcc,
    0x28, 0xd4, 0x27, 0xd4, 0xe6, 0xd3, 0x83, 0xd3, 0x43, 0xd3, 0xe0, 0x20, 0x41, 0x39, 0xa6, 0x8b,
    0x25, 0x73, 0x00, 0x00, 0x8c, 0xf6, 0x00, 0x00, 0xa1, 0x10, 0x00, 0x00, 0x00, 0x00, 0x00, 0x00,
    0x00, 0x00, 0x00, 0x00, 0x00, 0x00, 0x00, 0x00, 0x00, 0x00, 0x00, 0x00, 0x00, 0x00, 0x00, 0x00,
    0x00, 0x00, 0x00, 0x00, 0x20, 0x00, 0xa7, 0xcc, 0x28, 0xe5, 0xe0, 0x20, 0xe6, 0xcb, 0x07, 0xcc,
    0x27, 0xd4, 0x07, 0xd4, 0xe6, 0xd3, 0x63, 0xd3, 0x43, 0xd3, 0xe0, 0x20, 0x27, 0xdd, 0xa0, 0x18,
    0x05, 0x73, 0x24, 0x52, 0x00, 0x00, 0x4a, 0xc5, 0xe9, 0xb4, 0x00, 0x00, 0x00, 0x00, 0x00, 0x00,
    0x00, 0x00, 0x00, 0x00, 0x00, 0x00, 0x00, 0x00, 0x00, 0x00, 0x00, 0x00, 0x00, 0x00, 0x00, 0x00,
    0x00, 0x00, 0x00, 0x00, 0x20, 0x00, 0x60, 0x10, 0x28, 0xe5, 0xe0, 0x20, 0xc6, 0xcb, 0x07, 0xcc,
    0x27, 0xd4, 0x07, 0xd4, 0xc5, 0xd3, 0x63, 0xd3, 0x43, 0xd3, 0xe0, 0x20, 0x28, 0xdd, 0x00, 0x29,
    0x40, 0x08, 0x00, 0x00, 0xe4, 0x6a, 0x00, 0x00, 0xe9, 0xb4, 0x88, 0xa4, 0x00, 0x00, 0x00, 0x00,
    0x00, 0x00, 0x00, 0x00, 0x00, 0x00, 0x00, 0x00, 0x00, 0x00, 0x00, 0x00, 0x00, 0x00, 0x00, 0x00,
    0xc5, 0x6a, 0x00, 0x00, 0x00, 0x00, 0xe0, 0x20, 0x28, 0xe5, 0xe0, 0x20, 0xc6, 0xcb, 0xe7, 0xcb,
    0x27, 0xd4, 0x06, 0xd4, 0xc5, 0xd3, 0x43, 0xd3, 0x42, 0xd3, 0xe0, 0x20, 0x28, 0xdd, 0x60, 0x10,
    0x40, 0x08, 0x00, 0x00, 0x00, 0x00, 0x02, 0x29, 0x20, 0x08, 0x88, 0xa4, 0x07, 0x9c, 0x00, 0x00,
    0x00, 0x00, 0x00, 0x00, 0x00, 0x00, 0x00, 0x00, 0x00, 0x00, 0x00, 0x00, 0x00, 0x00, 0x00, 0x00,
    0x00, 0x00, 0xc3, 0x41, 0x84, 0x5a, 0x40, 0x08, 0x48, 0xe5, 0xe0, 0x20, 0xe0, 0x28, 0xe6, 0xcb,
    0x07, 0xd4, 0xe6, 0xd3, 0xa5, 0xd3, 0x22, 0xcb, 0x21, 0x29, 0xe0, 0x20, 0x28, 0xe5, 0x86, 0xc4,
    0x40, 0x08, 0x00, 0x00, 0x00, 0x00, 0x00, 0x00, 0x00, 0x00, 0x00, 0x00, 0x00, 0x00, 0x00, 0x00,
    0x00, 0x00, 0x00, 0x00, 0x00, 0x00, 0x00, 0x00, 0x00, 0x00, 0x00, 0x00, 0x00, 0x00, 0x00, 0x00,
    0xad, 0xf6, 0x00, 0x00, 0x84, 0x5a, 0x25, 0x73, 0x61, 0x39, 0xe0, 0x20, 0xe0, 0x28, 0xe6, 0xcb,
    0x07, 0xd4, 0xe6, 0xd3, 0xa5, 0xd3, 0x22, 0xcb, 0x01, 0x29, 0xe0, 0x20, 0x41, 0x39, 0x86, 0xc4,
    0x40, 0x08, 0x00, 0x00, 0x00, 0x00, 0x00, 0x00, 0x00, 0x00, 0x00, 0x00, 0x00, 0x00, 0x00, 0x00,
    0x00, 0x00, 0x00, 0x00, 0x00, 0x00, 0x00, 0x00, 0x00, 0x00, 0x00, 0x00, 0x00, 0x00, 0x00, 0x00,
    0x00, 0x00, 0xab, 0xd5, 0x4b, 0xee, 0xe4, 0x6a, 0x61, 0x39, 0xe0, 0x20, 0xe0, 0x28, 0xc6, 0xcb,
    0x07, 0xd4, 0xe6, 0xd3, 0xa4, 0xd3, 0x22, 0xcb, 0xe1, 0x28, 0xe0, 0x20, 0x41, 0x39, 0x40, 0x08,
    0x28, 0xdd, 0x00, 0x00, 0x00, 0x00, 0x00, 0x00, 0x00, 0x00, 0x00, 0x00, 0x00, 0x00, 0x00, 0x00,
    0x00, 0x00, 0x00, 0x00, 0x00, 0x00, 0x00, 0x00, 0x00, 0x00, 0x00, 0x00, 0x00, 0x00, 0x00, 0x00,
    0x24, 0x4a, 0x00, 0x00, 0x0b, 0xe6, 0xe4, 0x6a, 0x61, 0x39, 0xe0, 0x20, 0xe0, 0x28, 0xc6, 0xcb,
    0xe7, 0xd3, 0xc6, 0xd3, 0x84, 0xd3, 0x02, 0xcb, 0xe1, 0x28, 0xe0, 0x20, 0x41, 0x39, 0x00, 0x00,
    0x40, 0x00, 0xe6, 0xa3, 0x00, 0x00, 0x00, 0x00, 0x00, 0x00, 0x00, 0x00, 0x00, 0x00, 0x00, 0x00,
    0x00, 0x00, 0x00, 0x00, 0x00, 0x00, 0x00, 0x00, 0x00, 0x00, 0x00, 0x00, 0x00, 0x00, 0x00, 0x00,
    0x00, 0x00, 0x83, 0x39, 0x0b, 0xe6, 0x8c, 0xf6, 0xa0, 0x18, 0xe0, 0x20, 0xe0, 0x20, 0xc6, 0xcb,
    0xe6, 0xd3, 0xc6, 0xd3, 0x84, 0xcb, 0x02, 0xcb, 0xe1, 0x28, 0xe0, 0x20, 0x80, 0x10, 0xe1, 0x20,
    0x40, 0x00, 0x45, 0x8b, 0x00, 0x00, 0x00, 0x00, 0x00, 0x00, 0x00, 0x00, 0x00, 0x00, 0x00, 0x00,
    0x00, 0x00, 0x00, 0x00, 0x00, 0x00, 0x00, 0x00, 0x00, 0x00, 0x00, 0x00, 0x00, 0x00, 0x00, 0x00,
    0x00, 0x00, 0x83, 0x39, 0x24, 0x52, 0x6c, 0xf6, 0xa0, 0x18, 0xe0, 0x20, 0xe0, 0x20, 0xa6, 0xcb,
    0xe6, 0xd3, 0xc6, 0xd3, 0x84, 0xcb, 0x02, 0xcb, 0xe1, 0x28, 0xe0, 0x20, 0x80, 0x10, 0xe5, 0x6a,
    0x40, 0x00, 0x00, 0x00, 0x00, 0x00, 0x00, 0x00, 0x00, 0x00, 0x00, 0x00, 0x00, 0x00, 0x00, 0x00,
    0x00, 0x00, 0x00, 0x00, 0x00, 0x00, 0x00, 0x00, 0x00, 0x00, 0x00, 0x00, 0x00, 0x00, 0x00, 0x00,
    0x00, 0x00, 0x00, 0x00, 0x24, 0x52, 0x8c, 0xf6, 0xa0, 0x18, 0xe0, 0x20, 0xe0, 0x20, 0xc6, 0xcb,
    0xe6, 0xcb, 0xc6, 0xd3, 0x64, 0xcb, 0x02, 0xcb, 0xe1, 0x28, 0xe0, 0x20, 0xa0, 0x18, 0xc4, 0x62,
    0x40, 0x00, 0x00, 0x00, 0x00, 0x00, 0x00, 0x00, 0x00, 0x00, 0x00, 0x00, 0x00, 0x00, 0x00, 0x00,
    0x00, 0x00, 0x00, 0x00, 0x00, 0x00, 0x00, 0x00, 0x00, 0x00, 0x00, 0x00, 0x00, 0x00, 0x00, 0x00,
    0x00, 0x00, 0x00, 0x00, 0x00, 0x00, 0xe4, 0x6a, 0xa0, 0x18, 0xe0, 0x20, 0xe0, 0x28, 0xa6, 0xcb,
    0xe6, 0xcb, 0xc6, 0xd3, 0x84, 0xcb, 0x02, 0xcb, 0xe1, 0x28, 0xe0, 0x20, 0xa0, 0x18, 0xe4, 0x6a,
    0x40, 0x00, 0x00, 0x00, 0x00, 0x00, 0x00, 0x00, 0x00, 0x00, 0x00, 0x00, 0x00, 0x00, 0x00, 0x00,
    0x00, 0x00, 0x00, 0x00, 0x00, 0x00, 0x00, 0x00, 0x00, 0x00, 0x00, 0x00, 0x00, 0x00, 0x00, 0x00,
    0x00, 0x00, 0x00, 0x00, 0x00, 0x00, 0xe4, 0x6a, 0xa0, 0x18, 0xe0, 0x20, 0xe0, 0x28, 0xa6, 0xcb,
    0xe6, 0xcb, 0xc6, 0xd3, 0x84, 0xcb, 0x02, 0xcb, 0xe1, 0x28, 0xe0, 0x20, 0xa0, 0x18, 0x8c, 0xf6,
    0x84, 0x5a, 0x00, 0x00, 0x00, 0x00, 0x00, 0x00, 0x00, 0x00, 0x00, 0x00, 0x00, 0x00, 0x00, 0x00,
    0x00, 0x00, 0x00, 0x00, 0x00, 0x00, 0x00, 0x00, 0x00, 0x00, 0x00, 0x00, 0x00, 0x00, 0x00, 0x00,
    0x45, 0x8b, 0x00, 0x00, 0x00, 0x00, 0x25, 0x73, 0xa0, 0x18, 0xe0, 0x20, 0xe0, 0x28, 0xa6, 0xcb,
    0xe6, 0xd3, 0xc6, 0xd3, 0x84, 0xd3, 0x02, 0xcb, 0x01, 0x29, 0xe0, 0x20, 0x80, 0x10, 0x6c, 0xf6,
    0xa4, 0x62, 0x00, 0x00, 0x00, 0x00, 0x00, 0x00, 0x00, 0x00, 0x00, 0x00, 0x00, 0x00, 0x00, 0x00,
    0x00, 0x00, 0x00, 0x00, 0x00, 0x00, 0x00, 0x00, 0x00, 0x00, 0x00, 0x00, 0x00, 0x00, 0x00, 0x00,
    0x45, 0x8b, 0xe6, 0xa3, 0x00, 0x00, 0x40, 0x08, 0xa0, 0x18, 0xe0, 0x20, 0xe0, 0x28, 0xc6, 0xcb,
    0xe7, 0xd3, 0xc6, 0xd3, 0x84, 0xd3, 0x02, 0xcb, 0x21, 0x29, 0xe0, 0x20, 0x80, 0x10, 0x6c, 0xf6,
    0x2c, 0xe6, 0xa7, 0x83, 0x00, 0x00, 0x00, 0x00, 0x00, 0x00, 0x00, 0x00, 0x00, 0x00, 0x00, 0x00,
    0x00, 0x00, 0x00, 0x00, 0x00, 0x00, 0x00, 0x00, 0x00, 0x00, 0x00, 0x00, 0x00, 0x00, 0x00, 0x00,
    0x00, 0x00, 0x26, 0xb4, 0x00, 0x00, 0x20, 0x00, 0x61, 0x39, 0xe0, 0x20, 0xa6, 0xcb, 0xc6, 0xcb,
    0xe7, 0xd3, 0xe6, 0xd3, 0xa5, 0xd3, 0x22, 0xcb, 0x22, 0xd3, 0xe0, 0x20, 0x41, 0x39, 0x45, 0x73,
    0x2c, 0xe6, 0x00, 0x00, 0xa4, 0x62, 0x00, 0x00, 0x00, 0x00, 0x00, 0x00, 0x00, 0x00, 0x00, 0x00,
    0x00, 0x00, 0x00, 0x00, 0x00, 0x00, 0x00, 0x00, 0x00, 0x00, 0x00, 0x00, 0x00, 0x00, 0x00, 0x00,
    0x00, 0x00, 0x00, 0x00, 0x28, 0xe5, 0x60, 0x10, 0x81, 0x41, 0xe0, 0x20, 0xa6, 0xcb, 0xc6, 0xcb,
    0x07, 0xd4, 0xe6, 0xd3, 0xa5, 0xd3, 0x22, 0xcb, 0x22, 0xd3, 0xe0, 0x20, 0x41, 0x39, 0x65, 0x7b,
    0x2c, 0xe6, 0xab, 0xd5, 0x00, 0x00, 0x22, 0x29, 0x60, 0x08, 0x00, 0x00, 0x00, 0x00, 0x00, 0x00,
    0x00, 0x00, 0x00, 0x00, 0x00, 0x00, 0x00, 0x00, 0x00, 0x00, 0x00, 0x00, 0x00, 0x00, 0x00, 0x00,
    0x00, 0x00, 0x00, 0x00, 0x20, 0x00, 0xa7, 0xcc, 0x81, 0x41, 0xe0, 0x20, 0xa6, 0xcb, 0xc6, 0xcb,
    0x07, 0xd4, 0xe6, 0xd3, 0xa5, 0xd3, 0x43, 0xcb, 0x22, 0xd3, 0xe0, 0x20, 0x41, 0x39, 0x86, 0x83,
    0x05, 0x73, 0x00, 0x00, 0x8c, 0xf6, 0x00, 0x00, 0x81, 0x10, 0x00, 0x00, 0x00, 0x00, 0x00, 0x00,
    0x00, 0x00, 0x00, 0x00, 0x00, 0x00, 0x00, 0x00, 0x00, 0x00, 0x00, 0x00, 0x00, 0x00, 0x00, 0x00,
    0x00, 0x00, 0x00, 0x00, 0x40, 0x08, 0xc7, 0xcc, 0x28, 0xe5, 0xe0, 0x20, 0xc6, 0xcb, 0xe7, 0xcb,
    0x07, 0xd4, 0xe7, 0xd3, 0xc5, 0xd3, 0x63, 0xcb, 0x42, 0xd3, 0xe0, 0x20, 0x27, 0xdd, 0xc0, 0x20,
    0x25, 0x73, 0x44, 0x52, 0x00, 0x00, 0x4a, 0xc5, 0xe9, 0xb4, 0x00, 0x00, 0x00, 0x00, 0x00, 0x00,
    0x00, 0x00, 0x00, 0x00, 0x00, 0x00, 0x00, 0x00, 0x00, 0x00, 0x00, 0x00, 0x00, 0x00, 0x00, 0x00,
    0x00, 0x00, 0x00, 0x00, 0xc0, 0x18, 0x60, 0x10, 0x28, 0xe5, 0xe0, 0x28, 0xc6, 0xcb, 0xe7, 0xcb,
    0x07, 0xd4, 0x07, 0xd4, 0xc5, 0xd3, 0x63, 0xd3, 0x43, 0xd3, 0xe0, 0x28, 0x28, 0xdd, 0x80, 0x39,
    0x60, 0x10, 0x00, 0x00, 0x46, 0x7b, 0x00, 0x00, 0xe9, 0xb4, 0x88, 0xa4, 0x00, 0x00, 0x00, 0x00,
    0x00, 0x00, 0x00, 0x00, 0x00, 0x00, 0x00, 0x00, 0x00, 0x00, 0x00, 0x00, 0x00, 0x00, 0x00, 0x00,
    0x86, 0x83, 0x00, 0x00, 0x20, 0x00, 0x00, 0x29, 0x28, 0xe5, 0xe0, 0x28, 0xc6, 0xcb, 0xe7, 0xcb,
    0x27, 0xd4, 0x07, 0xd4, 0xe6, 0xd3, 0x63, 0xd3, 0x43, 0xd3, 0xe0, 0x28, 0x28, 0xdd, 0x60, 0x10,
    0x41, 0x29, 0x00, 0x00, 0x64, 0x5a, 0xa3, 0x39, 0xc1, 0x18, 0x88, 0xa4, 0x07, 0x9c, 0x00, 0x00,
    0x00, 0x00, 0x00, 0x00, 0x00, 0x00, 0x00, 0x00, 0x00, 0x00, 0x00, 0x00, 0x00, 0x00, 0x00, 0x00,
    0x00, 0x00, 0x84, 0x5a, 0x25, 0x73, 0x41, 0x29, 0x48, 0xe5, 0xe0, 0x28, 0xc6, 0xcb, 0xe7, 0xcb,
    0x28, 0xd4, 0x07, 0xd4, 0xe6, 0xd3, 0x84, 0xd3, 0x43, 0xd3, 0xe0, 0x28, 0x28, 0xe5, 0xc7, 0xcc,
    0xa0, 0x18, 0x40, 0x00, 0x00, 0x00, 0x00, 0x00, 0xe1, 0x20, 0x00, 0x00, 0x00, 0x00, 0x00, 0x00,
    0x00, 0x00, 0x00, 0x00, 0x00, 0x00, 0x00, 0x00, 0x00, 0x00, 0x00, 0x00, 0x00, 0x00, 0x00, 0x00,
    0xad, 0xf6, 0x20, 0x00, 0x25, 0x73, 0xe7, 0x93, 0xa1, 0x41, 0xa6, 0xcb, 0xc6, 0xcb, 0x07, 0xcc,
    0x28, 0xd4, 0x27, 0xd4, 0xe6, 0xd3, 0x84, 0xd3, 0x63, 0xd3, 0x43, 0xd3, 0x61, 0x39, 0xc7, 0xcc,
    0x60, 0x10, 0x20, 0x00, 0x00, 0x00, 0x00, 0x00, 0x00, 0x00, 0x00, 0x00, 0x00, 0x00, 0x00, 0x00,
    0x00, 0x00, 0x00, 0x00, 0x00, 0x00, 0x00, 0x00, 0x00, 0x00, 0x00, 0x00, 0x00, 0x00, 0x00, 0x00,
    0x00, 0x00, 0xab, 0xd5, 0x6c, 0xee, 0xa5, 0x83, 0xa1, 0x41, 0xa6, 0xcb, 0xe7, 0xcb, 0x07, 0xcc,
    0x28, 0xd4, 0x27, 0xd4, 0xe6, 0xd3, 0x84, 0xd3, 0x63, 0xd3, 0x43, 0xd3, 0x61, 0x39, 0x80, 0x10,
    0x68, 0xe5, 0x20, 0x00, 0x00, 0x00, 0x00, 0x00, 0x00, 0x00, 0x00, 0x00, 0x00, 0x00, 0x00, 0x00,
    0x00, 0x00, 0x00, 0x00, 0x00, 0x00, 0x00, 0x00, 0x00, 0x00, 0x00, 0x00, 0x00, 0x00, 0x00, 0x00,
    0x26, 0xb4, 0xa7, 0xc4, 0xa2, 0x39, 0x41, 0x39, 0x85, 0xc3, 0xe7, 0xcb, 0x28, 0xcc, 0x48, 0xd4,
    0x89, 0xd4, 0xa9, 0xdc, 0x88, 0xdc, 0x05, 0xd4, 0x63, 0xd3, 0x83, 0xd3, 0x63, 0xd3, 0x41, 0x39,
    0x61, 0x31, 0xa7, 0xc4, 0x26, 0xb4, 0xc6, 0xa3, 0x00, 0x00, 0x00, 0x00, 0x00, 0x00, 0x00, 0x00,
    0x00, 0x00, 0x00, 0x00, 0x00, 0x00, 0x00, 0x00, 0x00, 0x00, 0x00, 0x00, 0x00, 0x00, 0x00, 0x00,
    0x26, 0xb4, 0xa7, 0xc4, 0x82, 0x39, 0x41, 0x39, 0x85, 0xcb, 0xe7, 0xcb, 0x28, 0xcc, 0x48, 0xd4,
    0x89, 0xd4, 0xa9, 0xdc, 0x68, 0xdc, 0xe6, 0xd3, 0x63, 0xd3, 0x83, 0xd3, 0x63, 0xd3, 0x80, 0x18,
    0x61, 0x31, 0xa0, 0x18, 0x00, 0x00, 0x00, 0x00, 0xc7, 0xcc, 0x45, 0x8b, 0x00, 0x00, 0x00, 0x00,
    0x00, 0x00, 0x00, 0x00, 0x00, 0x00, 0x00, 0x00, 0x00, 0x00, 0x00, 0x00, 0x00, 0x00, 0x00, 0x00,
    0x00, 0x00, 0xa7, 0xc4, 0xe7, 0xd4, 0x41, 0x39, 0x85, 0xcb, 0xe7, 0xcb, 0x28, 0xd4, 0x48, 0xd4,
    0x89, 0xd4, 0xaa, 0xdc, 0x68, 0xdc, 0x06, 0xd4, 0x63, 0xd3, 0x83, 0xdb, 0x63, 0xd3, 0x80, 0x10,
    0xc6, 0x8b, 0xa0, 0x18, 0x00, 0x00, 0x00, 0x00, 0x00, 0x00, 0x85, 0x9b, 0x45, 0x8b, 0x00, 0x00,
    0x00, 0x00, 0x00, 0x00, 0x00, 0x00, 0x00, 0x00, 0x00, 0x00, 0x00, 0x00, 0x00, 0x00, 0x00, 0x00,
    0x00, 0x00, 0x40, 0x10, 0xe7, 0xd4, 0x28, 0xdd, 0xe0, 0x20, 0x07, 0xcc, 0x28, 0xd4, 0x48, 0xd4,
    0x89, 0xd4, 0xa9, 0xdc, 0x68, 0xdc, 0x05, 0xd4, 0x63, 0xd3, 0x83, 0xdb, 0xe0, 0x28, 0x80, 0x10,
    0xa6, 0x8b, 0x60, 0x10, 0x00, 0x00, 0x00, 0x00, 0x00, 0x00, 0x00, 0x00, 0x00, 0x00, 0x00, 0x00,
    0x00, 0x00, 0x00, 0x00, 0x00, 0x00, 0x00, 0x00, 0x00, 0x00, 0x00, 0x00, 0x00, 0x00, 0x00, 0x00,
    0x00, 0x00, 0x40, 0x08, 0xc7, 0xcc, 0x28, 0xdd, 0xe0, 0x20, 0xe7, 0xcb, 0x28, 0xd4, 0x48, 0xd4,
    0x89, 0xd4, 0xa9, 0xdc, 0x68, 0xdc, 0xe5, 0xd3, 0x63, 0xd3, 0x83, 0xdb, 0xe0, 0x28, 0x8c, 0xf6,
    0xc7, 0x8b, 0x46, 0x7b, 0x00, 0x00, 0x00, 0x00, 0x00, 0x00, 0x00, 0x00, 0x00, 0x00, 0x00, 0x00,
    0x00, 0x00, 0x00, 0x00, 0x00, 0x00, 0x00, 0x00, 0x00, 0x00, 0x00, 0x00, 0x00, 0x00, 0x00, 0x00,
    0x00, 0x00, 0x40, 0x08, 0x21, 0x29, 0x28, 0xdd, 0xc0, 0x20, 0xe7, 0xcb, 0x28, 0xd4, 0x68, 0xd4,
    0x89, 0xd4, 0xa9, 0xdc, 0x68, 0xdc, 0xe5, 0xd3, 0x63, 0xd3, 0x63, 0xd3, 0xe0, 0x28, 0xa0, 0x18,
    0x6c, 0xf6, 0x26, 0x73, 0x64, 0x5a, 0x00, 0x00, 0x00, 0x00, 0x00, 0x00, 0x00, 0x00, 0x00, 0x00,
    0x00, 0x00, 0x00, 0x00, 0x00, 0x00, 0x00, 0x00, 0x00, 0x00, 0x00, 0x00, 0x00, 0x00, 0x00, 0x00,
    0x24, 0x52, 0x40, 0x08, 0x01, 0x21, 0x28, 0xe5, 0xc0, 0x20, 0xe7, 0xcb, 0x28, 0xd4, 0x48, 0xd4,
    0x69, 0xd4, 0x89, 0xdc, 0x47, 0xd4, 0xe5, 0xd3, 0x63, 0xd3, 0x63, 0xd3, 0xe0, 0x20, 0x80, 0x10,
    0x6c, 0xf6, 0x2c, 0xe6, 0x44, 0x52, 0x61, 0x29, 0x00, 0x00, 0x00, 0x00, 0x00, 0x00, 0x00, 0x00,
    0x00, 0x00, 0x00, 0x00, 0x00, 0x00, 0x00, 0x00, 0x00, 0x00, 0x00, 0x00, 0x00, 0x00, 0x00, 0x00,
    0x24, 0x4a, 0x05, 0x6b, 0xc0, 0x18, 0x41, 0x39, 0xc0, 0x20, 0xe7, 0xcb, 0x28, 0xd4, 0x48, 0xd4,
    0x68, 0xd4, 0x89, 0xdc, 0x47, 0xd4, 0xc5, 0xd3, 0x63, 0xd3, 0x63, 0xd3, 0xe0, 0x20, 0x80, 0x10,
    0x86, 0x83, 0x2c, 0xe6, 0xab, 0xd5, 0x62, 0x31, 0x60, 0x08, 0x00, 0x00, 0x00, 0x00, 0x00, 0x00,
    0x00, 0x00, 0x00, 0x00, 0x00, 0x00, 0x00, 0x00, 0x00, 0x00, 0x00, 0x00, 0x00, 0x00, 0x00, 0x00,
    0xea, 0xdd, 0xe5, 0x62, 0x86, 0x83, 0x41, 0x39, 0xc0, 0x20, 0xe6, 0xcb, 0x27, 0xd4, 0x48, 0xd4,
    0x68, 0xd4, 0x68, 0xd4, 0x47, 0xd4, 0xc5, 0xd3, 0x42, 0xd3, 0x63, 0xd3, 0xe0, 0x20, 0x80, 0x10,
    0x66, 0x7b, 0x6c, 0xee, 0xab, 0xd5, 0x4a, 0xc5, 0x40, 0x08, 0x00, 0x00, 0x00, 0x00, 0x00, 0x00,
    0x00, 0x00, 0x00, 0x00, 0x00, 0x00, 0x00, 0x00, 0x00, 0x00, 0x00, 0x00, 0x00, 0x00, 0x00, 0x00,
    0xaa, 0xd5, 0x6c, 0xee, 0x66, 0x83, 0x80, 0x10, 0xa0, 0x20, 0xe6, 0xcb, 0x27, 0xd4, 0x48, 0xd4,
    0x68, 0xd4, 0x68, 0xd4, 0x27, 0xd4, 0xc4, 0xd3, 0x42, 0xd3, 0x42, 0xd3, 0xe0, 0x20, 0x41, 0x39,
    0x25, 0x73, 0xc5, 0x62, 0x0b, 0xe6, 0x4a, 0xc5, 0xc9, 0xb4, 0x00, 0x00, 0x00, 0x00, 0x00, 0x00,
    0x00, 0x00, 0x00, 0x00, 0x00, 0x00, 0x00, 0x00, 0x00, 0x00, 0x00, 0x00, 0x00, 0x00, 0x00, 0x00,
    0xaa, 0xd5, 0x2c, 0xe6, 0x66, 0x7b, 0x80, 0x10, 0xa0, 0x18, 0xc6, 0xcb, 0x07, 0xd4, 0x48, 0xd4,
    0x48, 0xd4, 0x68, 0xd4, 0x27, 0xd4, 0xa4, 0xd3, 0x42, 0xd3, 0x42, 0xd3, 0xe0, 0x20, 0x41, 0x39,
    0x20, 0x00, 0xa5, 0x5a, 0xc3, 0x41, 0x01, 0x21, 0xc9, 0xb4, 0x89, 0xac, 0x28, 0x9c, 0x00, 0x00,
    0x00, 0x00, 0x00, 0x00, 0x00, 0x00, 0x00, 0x00, 0x00, 0x00, 0x00, 0x00, 0x00, 0x00, 0x00, 0x00,
    0xa3, 0x39, 0x2c, 0xe6, 0x8c, 0xf6, 0x60, 0x10, 0xa0, 0x18, 0xc6, 0xcb, 0x07, 0xd4, 0x28, 0xd4,
    0x48, 0xd4, 0x48, 0xd4, 0x07, 0xd4, 0xa4, 0xd3, 0x42, 0xd3, 0x42, 0xd3, 0xe0, 0x20, 0x27, 0xdd,
    0x00, 0x00, 0x20, 0x00, 0xc3, 0x41, 0xe1, 0x20, 0x00, 0x00, 0x89, 0xac, 0x28, 0x9c, 0x00, 0x00,
    0x00, 0x00, 0x00, 0x00, 0x00, 0x00, 0x00, 0x00, 0x00, 0x00, 0x00, 0x00, 0x00, 0x00, 0x00, 0x00,
    0x83, 0x39, 0x64, 0x5a, 0x8c, 0xf6, 0x80, 0x10, 0xa0, 0x18, 0x21, 0x29, 0x07, 0xcc, 0x28, 0xd4,
    0x48, 0xd4, 0x48, 0xd4, 0x06, 0xd4, 0x84, 0xd3, 0x22, 0xd3, 0x21, 0x29, 0xe0, 0x20, 0x28, 0xdd,
    0x00, 0x00, 0x40, 0x00, 0x00, 0x00, 0x00, 0x00, 0x00, 0x00, 0x00, 0x00, 0x00, 0x00, 0x00, 0x00,
    0x00, 0x00, 0x00, 0x00, 0x00, 0x00, 0x00, 0x00, 0x00, 0x00, 0x00, 0x00, 0x00, 0x00, 0x00, 0x00,
    0x00, 0x00, 0x44, 0x52, 0x05, 0x73, 0x8c, 0xf6, 0xa0, 0x18, 0x21, 0x29, 0x07, 0xcc, 0x28, 0xd4,
    0x48, 0xd4, 0x48, 0xd4, 0x06, 0xd4, 0x84, 0xd3, 0x22, 0xd3, 0x21, 0x29, 0xe0, 0x20, 0x28, 0xdd,
    0x87, 0xbc, 0x86, 0x31, 0xc3, 0x18, 0x00, 0x00, 0x00, 0x00, 0x00, 0x00, 0x00, 0x00, 0x00, 0x00,
    0x00, 0x00, 0x00, 0x00, 0x00, 0x00, 0x00, 0x00, 0x00, 0x00, 0x00, 0x00, 0x00, 0x00, 0x00, 0x00,
    0x00, 0x00, 0x44, 0x52, 0x05, 0x73, 0x60, 0x08, 0xa0, 0x18, 0x01, 0x29, 0xe7, 0xcb, 0x28, 0xcc,
    0x28, 0xd4, 0x48, 0xd4, 0x06, 0xd4, 0x84, 0xd3, 0x22, 0xd3, 0x01, 0x29, 0xe0, 0x20, 0x28, 0xdd,
    0x0d, 0xbd, 0x4d, 0x6b, 0x49, 0x4a, 0x20, 0x00, 0x00, 0x00, 0x00, 0x00, 0x00, 0x00, 0x00, 0x00,
    0x00, 0x00, 0x00, 0x00, 0x00, 0x00, 0x00, 0x00, 0x00, 0x00, 0x00, 0x00, 0x00, 0x00, 0x00, 0x00,
    0x00, 0x00, 0x00, 0x00, 0x05, 0x73, 0x60, 0x08, 0xa0, 0x18, 0x01, 0x29, 0xe7, 0xcb, 0x27, 0xcc,
    0x28, 0xd4, 0x48, 0xd4, 0x06, 0xd4, 0x63, 0xd3, 0x22, 0xd3, 0x01, 0x29, 0xe0, 0x20, 0x45, 0x4a,
    0xb1, 0xcd, 0x15, 0xce, 0xaf, 0x73, 0x24, 0x21, 0x00, 0x00, 0x00, 0x00, 0x00, 0x00, 0x00, 0x00,
    0x00, 0x00, 0x00, 0x00, 0x00, 0x00, 0x00, 0x00, 0x00, 0x00, 0x00, 0x00, 0x00, 0x00, 0x00, 0x00,
    0x00, 0x00, 0x00, 0x00, 0x40, 0x08, 0x60, 0x08, 0xa0, 0x18, 0x01, 0x29, 0xe7, 0xcb, 0x27, 0xcc,
    0x28, 0xd4, 0x48, 0xd4, 0xe6, 0xd3, 0x63, 0xd3, 0x22, 0xd3, 0x01, 0x29, 0xe0, 0x20, 0xe8, 0x62,
    0xb3, 0x94, 0x98, 0xde, 0xd3, 0x9c, 0x08, 0x42, 0x00, 0x00, 0x00, 0x00, 0x00, 0x00, 0x00, 0x00,
    0x00, 0x00, 0x00, 0x00, 0x00, 0x00, 0x00, 0x00, 0x00, 0x00, 0x00, 0x00, 0x00, 0x00, 0x00, 0x00,
    0xa6, 0xcc, 0x00, 0x00, 0x40, 0x08, 0x41, 0x31, 0xa0, 0x18, 0x21, 0x29, 0xe7, 0xcb, 0x07, 0xcc,
    0x28, 0xd4, 0x28, 0xd4, 0xe6, 0xd3, 0x63, 0xd3, 0x22, 0xd3, 0x21, 0x29, 0xe0, 0x20, 0x6b, 0x73,
    0x34, 0xa5, 0xfa, 0xee, 0x56, 0xd6, 0xaa, 0x52, 0x00, 0x00, 0x00, 0x00, 0x00, 0x00, 0x00, 0x00,
    0x00, 0x00, 0x00, 0x00, 0x00, 0x00, 0x00, 0x00, 0x00, 0x00, 0x00, 0x00, 0x00, 0x00, 0x00, 0x00,
    0x24, 0x8b, 0xe6, 0xab, 0x60, 0x10, 0x41, 0x31, 0xa0, 0x18, 0x21, 0x29, 0xe7, 0xcb, 0x07, 0xcc,
    0x28, 0xd4, 0x28, 0xd4, 0x06, 0xd4, 0x84, 0xd3, 0x22, 0xd3, 0x21, 0x29, 0x01, 0x21, 0x0b, 0x5b,
    0x34, 0xa5, 0x18, 0xc6, 0x35, 0xa5, 0xcb, 0x5a, 0x20, 0x00, 0x00, 0x00, 0x00, 0x00, 0x00, 0x00,
    0x00, 0x00, 0x00, 0x00, 0x00, 0x00, 0x00, 0x00, 0x00, 0x00, 0x00, 0x00, 0x00, 0x00, 0x00, 0x00,
    0x00, 0x00, 0xe6, 0xab, 0x87, 0xc4, 0x41, 0x39, 0xa0, 0x18, 0xa6, 0xcb, 0xe7, 0xcb, 0x07, 0xcc,
    0x28, 0xd4, 0x48, 0xd4, 0x06, 0xd4, 0x84, 0xd3, 0x22, 0xd3, 0x22, 0xd3, 0x00, 0x21, 0xaa, 0x5a,
    0xd4, 0xbd, 0x75, 0xad, 0xb2, 0x94, 0x6a, 0x4a, 0x20, 0x00, 0x00, 0x00, 0x00, 0x00, 0x00, 0x00,
    0x00, 0x00, 0x00, 0x00, 0x00, 0x00, 0x00, 0x00, 0x00, 0x00, 0x00, 0x00, 0x00, 0x00, 0x00, 0x00,
    0x00, 0x00, 0x20, 0x00, 0x87, 0xc4, 0x27, 0xdd, 0xa0, 0x18, 0xa6, 0xcb, 0xe7, 0xcb, 0x08, 0xcc,
    0x28, 0xd4, 0x48, 0xd4, 0x06, 0xd4, 0x84, 0xd3, 0x22, 0xd3, 0x22, 0xd3, 0xe0, 0x20, 0x06, 0x42,
    0x30, 0xad, 0x51, 0x8c, 0x8e, 0x73, 0xa6, 0x31, 0x00, 0x00, 0x00, 0x00, 0x00, 0x00, 0x00, 0x00,
    0x00, 0x00, 0x00, 0x00, 0x00, 0x00, 0x00, 0x00, 0x00, 0x00, 0x00, 0x00, 0x00, 0x00, 0x00, 0x00,
    0x00, 0x00, 0x40, 0x00, 0xa7, 0xcc, 0x28, 0xdd, 0xa0, 0x20, 0xa6, 0xcb, 0xe7, 0xcb, 0x28, 0xcc,
    0x28, 0xd4, 0x48, 0xd4, 0x07, 0xd4, 0x84, 0xd3, 0x22, 0xd3, 0x42, 0xd3, 0xe0, 0x20, 0x8d, 0xf6,
    0x4c, 0x94, 0x6d, 0x94, 0x08, 0x42, 0xa2, 0x10, 0x00, 0x00, 0x00, 0x00, 0x00, 0x00, 0x00, 0x00,
    0x00, 0x00, 0x00, 0x00, 0x00, 0x00, 0x00, 0x00, 0x00, 0x00, 0x00, 0x00, 0x00, 0x00, 0x00, 0x00,
    0x00, 0x00, 0x40, 0x00, 0x80, 0x10, 0x28, 0xdd, 0xc0, 0x20, 0xa6, 0xcb, 0xe7, 0xcb, 0x28, 0xcc,
    0x28, 0xd4, 0x48, 0xd4, 0x07, 0xd4, 0xa4, 0xd3, 0x22, 0xd3, 0x42, 0xd3, 0xe0, 0x20, 0x80, 0x10,
    0x6d, 0xee, 0x88, 0x73, 0x66, 0x52, 0x00, 0x00, 0x00, 0x00, 0x00, 0x00, 0x00, 0x00, 0x00, 0x00,
    0x00, 0x00, 0x00, 0x00, 0x00, 0x00, 0x00, 0x00, 0x00, 0x00, 0x00, 0x00, 0x00, 0x00, 0x00, 0x00,
    0x24, 0x4a, 0x40, 0x08, 0xc0, 0x18, 0x28, 0xe5, 0xc0, 0x20, 0xc6, 0xcb, 0x07, 0xcc, 0x28, 0xcc,
    0x48, 0xd4, 0x68, 0xd4, 0x27, 0xd4, 0xa4, 0xd3, 0x42, 0xd3, 0x42, 0xd3, 0xe0, 0x20, 0x80, 0x10,
    0x6c, 0xf6, 0x2c, 0xe6, 0x24, 0x52, 0x41, 0x29, 0x00, 0x00, 0x00, 0x00, 0x00, 0x00, 0x00, 0x00,
    0x00, 0x00, 0x00, 0x00, 0x00, 0x00, 0x00, 0x00, 0x00, 0x00, 0x00, 0x00, 0x00, 0x00, 0x00, 0x00,
    0x24, 0x52, 0x25, 0x73, 0x01, 0x21, 0x41, 0x39, 0xc0, 0x20, 0xc6, 0xcb, 0x07, 0xcc, 0x28, 0xcc,
    0x48, 0xd4, 0x69, 0xd4, 0x27, 0xd4, 0xc5, 0xd3, 0x42, 0xd3, 0x42, 0xd3, 0xe0, 0x20, 0x80, 0x10,
    0xa6, 0x8b, 0x2c, 0xe6, 0x0b, 0xde, 0x82, 0x31, 0x60, 0x08, 0x00, 0x00, 0x00, 0x00, 0x00, 0x00,
    0x00, 0x00, 0x00, 0x00, 0x00, 0x00, 0x00, 0x00, 0x00, 0x00, 0x00, 0x00, 0x00, 0x00, 0x00, 0x00,
    0xea, 0xdd, 0x26, 0x73, 0xc7, 0x8b, 0x41, 0x39, 0xc0, 0x20, 0xc6, 0xcb, 0x07, 0xcc, 0x28, 0xcc,
    0x69, 0xd4, 0x89, 0xd4, 0x47, 0xd4, 0xc5, 0xd3, 0x42, 0xd3, 0x63, 0xd3, 0xe0, 0x28, 0x80, 0x10,
    0xa6, 0x8b, 0x8c, 0xf6, 0xab, 0xd5, 0x4a, 0xc5, 0xa1, 0x18, 0x00, 0x00, 0x00, 0x00, 0x00, 0x00,
    0x00, 0x00, 0x00, 0x00, 0x00, 0x00, 0x00, 0x00, 0x00, 0x00, 0x00, 0x00, 0x00, 0x00, 0x00, 0x00,
    0xaa, 0xd5, 0x6c, 0xee, 0xe7, 0x93, 0x41, 0x31, 0xe0, 0x20, 0xc6, 0xcb, 0x07, 0xcc, 0x28, 0xd4,
    0x69, 0xd4, 0x89, 0xd4, 0x48, 0xd4, 0xc5, 0xd3, 0x62, 0xd3, 0x63, 0xd3, 0xe0, 0x28, 0x41, 0x39,
    0x85, 0x7b, 0x46, 0x7b, 0xab, 0xd5, 0x4a, 0xc5, 0xc9, 0xb4, 0x00, 0x00, 0x00, 0x00, 0x00, 0x00,
    0x00, 0x00, 0x00, 0x00, 0x00, 0x00, 0x00, 0x00, 0x00, 0x00, 0x00, 0x00, 0x00, 0x00, 0x00, 0x00,
    0xaa, 0xd5, 0x2c, 0xe6, 0xe7, 0x93, 0x80, 0x10, 0xe0, 0x20, 0xe7, 0xcb, 0x08, 0xcc, 0x48, 0xd4,
    0x69, 0xd4, 0x89, 0xdc, 0x68, 0xd4, 0xe5, 0xd3, 0x63, 0xd3, 0x63, 0xdb, 0xe0, 0x28, 0x41, 0x39,
    0x00, 0x21, 0x46, 0x7b, 0x84, 0x5a, 0xa3, 0x41, 0xc9, 0xb4, 0x89, 0xac, 0x28, 0x9c, 0x00, 0x00,
    0x00, 0x00, 0x00, 0x00, 0x00, 0x00, 0x00, 0x00, 0x00, 0x00, 0x00, 0x00, 0x00, 0x00, 0x00, 0x00,
    0x64, 0x5a, 0x2c, 0xe6, 0x8c, 0xf6, 0x80, 0x10, 0x85, 0xc3, 0xe7, 0xcb, 0x28, 0xcc, 0x48, 0xd4,
    0x89, 0xd4, 0xa9, 0xdc, 0x68, 0xdc, 0xe5, 0xd3, 0x63, 0xd3, 0x63, 0xd3, 0x63, 0xd3, 0x27, 0xdd,
    0x61, 0x31, 0xa0, 0x18, 0x85, 0x5a, 0xc3, 0x41, 0xc1, 0x20, 0x89, 0xac, 0x28, 0x9c, 0x00, 0x00,
    0x00, 0x00, 0x00, 0x00, 0x00, 0x00, 0x00, 0x00, 0x00, 0x00, 0x00, 0x00, 0x00, 0x00, 0x00, 0x00,
    0x84, 0x5a, 0x66, 0x83, 0x8c, 0xf6, 0xa0, 0x20, 0x85, 0xc3, 0xe7, 0xcb, 0x28, 0xcc, 0x48, 0xd4,
    0x89, 0xd4, 0xa9, 0xdc, 0x68, 0xdc, 0xe5, 0xd3, 0x63, 0xd3, 0x63, 0xd3, 0x63, 0xd3, 0x28, 0xdd,
    0x61, 0x31, 0xa0, 0x18, 0x00, 0x00, 0x00, 0x00, 0xe1, 0x20, 0x00, 0x00, 0x00, 0x00, 0x00, 0x00,
    0x00, 0x00, 0x00, 0x00, 0x00, 0x00, 0x00, 0x00, 0x00, 0x00, 0x00, 0x00, 0x00, 0x00, 0x00, 0x00,
    0x00, 0x00, 0xc7, 0xcc, 0x28, 0xe5, 0xe0, 0x20, 0xa6, 0xcb, 0xe7, 0xcb, 0x69, 0xd4, 0xeb, 0xdc,
    0x2c, 0xdd, 0x4c, 0xdd, 0x2b, 0xe5, 0xa9, 0xdc, 0xc4, 0xdb, 0x83, 0xd3, 0x83, 0xdb, 0xe0, 0x20,
    0x28, 0xdd, 0xa6, 0xc4, 0x40, 0x00, 0x00, 0x00, 0x00, 0x00, 0x00, 0x00, 0x00, 0x00, 0x00, 0x00,
    0x00, 0x00, 0x00, 0x00, 0x00, 0x00, 0x00, 0x00, 0x00, 0x00, 0x00, 0x00, 0x00, 0x00, 0x00, 0x00,
    0x00, 0x00, 0x40, 0x08, 0x68, 0xed, 0xe0, 0x20, 0xa6, 0xcb, 0x07, 0xcc, 0x69, 0xd4, 0xeb, 0xdc,
    0x2c, 0xdd, 0x4c, 0xdd, 0x2b, 0xe5, 0xa9, 0xdc, 0xc4, 0xdb, 0x83, 0xd3, 0x83, 0xdb, 0x81, 0x39,
    0xa0, 0x18, 0xc7, 0xcc, 0x87, 0xc4, 0x26, 0xb4, 0x00, 0x00, 0x00, 0x00, 0x00, 0x00, 0x00, 0x00,
    0x00, 0x00, 0x00, 0x00, 0x00, 0x00, 0x00, 0x00, 0x00, 0x00, 0x00, 0x00, 0x00, 0x00, 0x00, 0x00,
    0x00, 0x00, 0x41, 0x29, 0xa0, 0x18, 0x28, 0xdd, 0xa6, 0xcb, 0x07, 0xcc, 0x69, 0xd4, 0xeb, 0xdc,
    0x2c, 0xdd, 0x4c, 0xdd, 0x2b, 0xe5, 0xa8, 0xdc, 0xc4, 0xdb, 0x83, 0xd3, 0x83, 0xdb, 0xe0, 0x20,
    0x02, 0x52, 0x40, 0x08, 0x87, 0xc4, 0x26, 0xb4, 0xc6, 0xa3, 0x00, 0x00, 0x00, 0x00, 0x00, 0x00,
    0x00, 0x00, 0x00, 0x00, 0x00, 0x00, 0x00, 0x00, 0x00, 0x00, 0x00, 0x00, 0x00, 0x00, 0x00, 0x00,
    0x00, 0x00, 0x60, 0x10, 0x23, 0x52, 0xe0, 0x20, 0xc6, 0xcb, 0x07, 0xcc, 0x69, 0xd4, 0xeb, 0xdc,
    0x2c, 0xdd, 0x4c, 0xdd, 0x2b, 0xe5, 0xa8, 0xdc, 0xc4, 0xd3, 0x83, 0xd3, 0x83, 0xdb, 0xe0, 0x20,
    0xe2, 0x49, 0x60, 0x10, 0x20, 0x00, 0x26, 0xb4, 0xc6, 0xa3, 0x85, 0x9b, 0x45, 0x8b, 0x00, 0x00,
    0x00, 0x00, 0x00, 0x00, 0x00, 0x00, 0x00, 0x00, 0x00, 0x00, 0x00, 0x00, 0x00, 0x00, 0x00, 0x00,
    0x64, 0x5a, 0x04, 0x6b, 0x02, 0x4a, 0xe0, 0x20, 0xc6, 0xcb, 0x07, 0xcc, 0x69, 0xd4, 0xeb, 0xdc,
    0x2c, 0xdd, 0x4c, 0xdd, 0x2b, 0xe5, 0xa8, 0xdc, 0xa3, 0xd3, 0x83, 0xd3, 0x83, 0xdb, 0xe0, 0x20,
    0x80, 0x10, 0x00, 0x21, 0x20, 0x00, 0x00, 0x00, 0x00, 0x00, 0x24, 0x8b, 0x00, 0x00, 0x00, 0x00,
    0x00, 0x00, 0x00, 0x00, 0x00, 0x00, 0x00, 0x00, 0x00, 0x00, 0x00, 0x00, 0x00, 0x00, 0x00, 0x00,
    0x44, 0x52, 0xe4, 0x6a, 0xe7, 0x93, 0x81, 0x39, 0xa6, 0xcb, 0x07, 0xcc, 0x69, 0xd4, 0xeb, 0xdc,
    0x2c, 0xdd, 0x4c, 0xdd, 0x2b, 0xe5, 0x88, 0xdc, 0xa3, 0xd3, 0x83, 0xd3, 0x63, 0xdb, 0xe0, 0x20,
    0xa6, 0x8b, 0x20, 0x00, 0x20, 0x00, 0x00, 0x00, 0x00, 0x00, 0x00, 0x00, 0x00, 0x00, 0x00, 0x00,
    0x00, 0x00, 0x00, 0x00, 0x00, 0x00, 0x00, 0x00, 0x00, 0x00, 0x00, 0x00, 0x00, 0x00, 0x00, 0x00,
    0xab, 0xd5, 0x05, 0x73, 0xe7, 0x93, 0xe0, 0x20, 0xa6, 0xcb, 0x07, 0xcc, 0x68, 0xd4, 0xeb, 0xdc,
    0x2c, 0xdd, 0x2c, 0xdd, 0x0b, 0xe5, 0x88, 0xdc, 0x83, 0xd3, 0x83, 0xd3, 0x63, 0xdb, 0xe0, 0x20,
    0xa5, 0x83, 0xe4, 0x6a, 0x00, 0x00, 0x00, 0x00, 0x00, 0x00, 0x00, 0x00, 0x00, 0x00, 0x00, 0x00,
    0x00, 0x00, 0x00, 0x00, 0x00, 0x00, 0x00, 0x00, 0x00, 0x00, 0x00, 0x00, 0x00, 0x00, 0x00, 0x00,
    0xab, 0xd5, 0x0b, 0xe6, 0xc6, 0x8b, 0xe0, 0x20, 0xa6, 0xcb, 0x07, 0xcc, 0x68, 0xd4, 0xca, 0xdc,
    0x2c, 0xdd, 0x2c, 0xdd, 0x0b, 0xe5, 0x68, 0xdc, 0x83, 0xd3, 0x63, 0xd3, 0x63, 0xdb, 0xe0, 0x20,
    0xac, 0xf6, 0xc5, 0x6a, 0x24, 0x52, 0x00, 0x00, 0x00, 0x00, 0x00, 0x00, 0x00, 0x00, 0x00, 0x00,
    0x00, 0x00, 0x00, 0x00, 0x00, 0x00, 0x00, 0x00, 0x00, 0x00, 0x00, 0x00, 0x00, 0x00, 0x00, 0x00,
    0x00, 0x00, 0x0b, 0xe6, 0x8c, 0xf6, 0xe0, 0x20, 0xa6, 0xcb, 0x07, 0xcc, 0x48, 0xd4, 0xca, 0xd4,
    0x0b, 0xdd, 0x2b, 0xdd, 0x0a, 0xe5, 0x67, 0xdc, 0x83, 0xd3, 0x63, 0xd3, 0x63, 0xdb, 0xe0, 0x20,
    0x8c, 0xee, 0x27, 0x6b, 0x25, 0x4a, 0x42, 0x31, 0x00, 0x00, 0x00, 0x00, 0x00, 0x00, 0x00, 0x00,
    0x00, 0x00, 0x00, 0x00, 0x00, 0x00, 0x00, 0x00, 0x00, 0x00, 0x00, 0x00, 0x00, 0x00, 0x00, 0x00,
    0xe3, 0x49, 0xa4, 0x62, 0x8c, 0xf6, 0xc0, 0x20, 0xa5, 0xcb, 0xe7, 0xcb, 0x48, 0xd4, 0xca, 0xd4,
    0x0b, 0xdd, 0x2b, 0xdd, 0x0a, 0xe5, 0x47, 0xdc, 0x83, 0xd3, 0x62, 0xd3, 0x42, 0xdb, 0xc0, 0x20,
    0xb0, 0xee, 0x92, 0xe6, 0x8b, 0x73, 0x22, 0x29, 0x20, 0x00, 0x00, 0x00, 0x00, 0x00, 0x00, 0x00,
    0x00, 0x00, 0x00, 0x00, 0x00, 0x00, 0x00, 0x00, 0x00, 0x00, 0x00, 0x00, 0x00, 0x00, 0x00, 0x00,
    0xc3, 0x41, 0x84, 0x5a, 0xad, 0xfe, 0xc0, 0x20, 0xe0, 0x28, 0xe7, 0xcb, 0x48, 0xd4, 0xaa, 0xd4,
    0x0b, 0xdd, 0x0b, 0xdd, 0xea, 0xdc, 0x47, 0xdc, 0x83, 0xd3, 0x42, 0xd3, 0x21, 0x29, 0xe5, 0x41,
    0xf5, 0xc5, 0x5a, 0xf7, 0xf7, 0xe6, 0x8d, 0xc5, 0x00, 0x00, 0x00, 0x00, 0x00, 0x00, 0x00, 0x00,
    0x00, 0x00, 0x00, 0x00, 0x00, 0x00, 0x00, 0x00, 0x00, 0x00, 0x00, 0x00, 0x00, 0x00, 0x00, 0x00,
    0x00, 0x00, 0x64, 0x5a, 0x66, 0x7b, 0xa0, 0x18, 0xe0, 0x28, 0xe6, 0xcb, 0x48, 0xd4, 0xaa, 0xd4,
    0xeb, 0xdc, 0x0b, 0xdd, 0xea, 0xdc, 0x26, 0xdc, 0x63, 0xd3, 0x42, 0xd3, 0x01, 0x29, 0xce, 0x7b,
    0x7c, 0xef, 0xdf, 0xff, 0xbd, 0xff, 0x53, 0xd6, 0xe9, 0xb4, 0x00, 0x00, 0x00, 0x00, 0x00, 0x00,
    0x00, 0x00, 0x00, 0x00, 0x00, 0x00, 0x00, 0x00, 0x00, 0x00, 0x00, 0x00, 0x00, 0x00, 0x00, 0x00,
    0x00, 0x00, 0x00, 0x00, 0x46, 0x7b, 0xa0, 0x18, 0xe0, 0x28, 0xe6, 0xcb, 0x48, 0xd4, 0xa9, 0xd4,
    0xeb, 0xdc, 0x0b, 0xdd, 0xca, 0xdc, 0x26, 0xdc, 0x63, 0xd3, 0x42, 0xd3, 0x63, 0x31, 0x17, 0xc6,
    0xff, 0xff, 0xff, 0xff, 0xff, 0xff, 0xf7, 0xbd, 0x0a, 0xb5, 0x68, 0xa4, 0x28, 0x9c, 0x00, 0x00,
    0x00, 0x00, 0x00, 0x00, 0x00, 0x00, 0x00, 0x00, 0x00, 0x00, 0x00, 0x00, 0x00, 0x00, 0x00, 0x00,
    0x00, 0x00, 0x00, 0x00, 0x80, 0x10, 0xa0, 0x18, 0xe0, 0x28, 0xc6, 0xcb, 0x48, 0xd4, 0x89, 0xd4,
    0xeb, 0xdc, 0xeb, 0xdc, 0xca, 0xdc, 0x06, 0xdc, 0x62, 0xd3, 0x42, 0xd3, 0x88, 0x5a, 0x7d, 0xef,
    0xff, 0xff, 0xff, 0xff, 0xff, 0xff, 0x7d, 0xef, 0xc7, 0x39, 0x00, 0x00, 0x00, 0x00, 0x28, 0x9c,
    0x00, 0x00, 0x00, 0x00, 0x00, 0x00, 0x00, 0x00, 0x00, 0x00, 0x00, 0x00, 0x00, 0x00, 0x00, 0x00,
    0x00, 0x00, 0x00, 0x00, 0x41, 0x31, 0xa0, 0x18, 0xe0, 0x20, 0xc6, 0xcb, 0x28, 0xd4, 0x89, 0xd4,
    0xeb, 0xdc, 0xeb, 0xdc, 0xc9, 0xdc, 0x06, 0xd4, 0x62, 0xd3, 0x42, 0xd3, 0x0f, 0x8c, 0xff, 0xff,
    0xff, 0xff, 0xff, 0xff, 0xff, 0xff, 0xff, 0xff, 0xef, 0x7b, 0x00, 0x00, 0x00, 0x00, 0x00, 0x00,
    0x00, 0x00, 0x00, 0x00, 0x00, 0x00, 0x00, 0x00, 0x00, 0x00, 0x00, 0x00, 0x00, 0x00, 0x00, 0x00,
    0x25, 0x8b, 0x00, 0x00, 0x41, 0x31, 0xa0, 0x18, 0xe0, 0x20, 0xc6, 0xcb, 0x28, 0xd4, 0x89, 0xd4,
    0xeb, 0xdc, 0xeb, 0xdc, 0xc9, 0xdc, 0x06, 0xd4, 0x42, 0xd3, 0x01, 0xcb, 0xb6, 0xbd, 0xff, 0xff,
    0xff, 0xff, 0xff, 0xff, 0xff, 0xff, 0xff, 0xff, 0x55, 0xad, 0x00, 0x00, 0x00, 0x00, 0x00, 0x00,
    0x00, 0x00, 0x00, 0x00, 0x00, 0x00, 0x00, 0x00, 0x00, 0x00, 0x00, 0x00, 0x00, 0x00, 0x00, 0x00,
    0x25, 0x8b, 0x26, 0xb4, 0x80, 0x10, 0x61, 0x39, 0xe0, 0x20, 0xc6, 0xcb, 0x28, 0xd4, 0x89, 0xd4,
    0xeb, 0xdc, 0xeb, 0xdc, 0xc9, 0xdc, 0x06, 0xd4, 0x42, 0xd3, 0x85, 0xd3, 0xdb, 0xde, 0xff, 0xff,
    0xff, 0xff, 0xff, 0xff, 0xff, 0xff, 0xff, 0xff, 0xba, 0xd6, 0xc3, 0x18, 0x00, 0x00, 0x00, 0x00,
    0x00, 0x00, 0x00, 0x00, 0x00, 0x00, 0x00, 0x00, 0x00, 0x00, 0x00, 0x00, 0x00, 0x00, 0x00, 0x00,
    0x00, 0x00, 0x66, 0xc4, 0x28, 0xe5, 0xa0, 0x18, 0xe0, 0x28, 0xc6, 0xcb, 0x28, 0xd4, 0x89, 0xd4,
    0xcb, 0xdc, 0xeb, 0xdc, 0xca, 0xdc, 0x06, 0xd4, 0x42, 0xd3, 0x08, 0xd4, 0x9d, 0xf7, 0xff, 0xff,
    0xff, 0xff, 0xff, 0xff, 0xff, 0xff, 0xff, 0xff, 0x7d, 0xef, 0xc7, 0x39, 0x00, 0x00, 0x00, 0x00,
    0x00, 0x00, 0x00, 0x00, 0x00, 0x00, 0x00, 0x00, 0x00, 0x00, 0x00, 0x00, 0x00, 0x00, 0x00, 0x00,
    0x00, 0x00, 0x00, 0x00, 0x68, 0xed, 0xa0, 0x18, 0xe0, 0x28, 0xc6, 0xcb, 0x28, 0xd4, 0x89, 0xd4,
    0xeb, 0xdc, 0xeb, 0xdc, 0xca, 0xdc, 0x06, 0xdc, 0x42, 0xd3, 0xac, 0xd4, 0xde, 0xff, 0xff, 0xff,
    0xff, 0xff, 0xff, 0xff, 0xff, 0xff, 0xff, 0xff, 0xbe, 0xf7, 0xab, 0x52, 0x00, 0x00, 0x00, 0x00,
    0x00, 0x00, 0x00, 0x00, 0x00, 0x00, 0x00, 0x00, 0x00, 0x00, 0x00, 0x00, 0x00, 0x00, 0x00, 0x00,
    0x00, 0x00, 0x00, 0x00, 0x80, 0x10, 0x28, 0xdd, 0xe0, 0x28, 0xc6, 0xcb, 0x28, 0xd4, 0x89, 0xd4,
    0xeb, 0xdc, 0xeb, 0xdc, 0xca, 0xdc, 0x26, 0xdc, 0x62, 0xd3, 0xee, 0xdc, 0xdf, 0xff, 0xff, 0xff,
    0xff, 0xff, 0xff, 0xff, 0xff, 0xff, 0xff, 0xff, 0xbe, 0xf7, 0x2d, 0x63, 0x00, 0x00, 0x00, 0x00,
    0x00, 0x00, 0x00, 0x00, 0x00, 0x00, 0x00, 0x00, 0x00, 0x00, 0x00, 0x00, 0x00, 0x00, 0x00, 0x00,
    0x00, 0x00, 0x00, 0x00, 0x61, 0x31, 0xc0, 0x20, 0xe0, 0x28, 0xc6, 0xcb, 0x28, 0xd4, 0x8a, 0xd4,
    0xeb, 0xdc, 0x0b, 0xdd, 0xca, 0xdc, 0x26, 0xdc, 0x62, 0xd3, 0xee, 0xdc, 0xbe, 0xf7, 0xff, 0xff,
    0xff, 0xff, 0xff, 0xff, 0xff, 0xff, 0xff, 0xff, 0x9e, 0xf7, 0x2c, 0x63, 0x00, 0x00, 0x00, 0x00,
    0x00, 0x00, 0x00, 0x00, 0x00, 0x00, 0x00, 0x00, 0x00, 0x00, 0x00, 0x00, 0x00, 0x00, 0x00, 0x00,
    0xe3, 0x49, 0xa4, 0x62, 0x61, 0x39, 0xc0, 0x20, 0x85, 0xc3, 0xc6, 0xcb, 0x28, 0xd4, 0xaa, 0xd4,
    0xeb, 0xdc, 0x0b, 0xdd, 0xea, 0xdc, 0x27, 0xdc, 0x62, 0xd3, 0xab, 0xd4, 0x7c, 0xff, 0xff, 0xff,
    0xff, 0xff, 0xff, 0xff, 0xff, 0xff, 0xff, 0xff, 0x1c, 0xe7, 0x8a, 0x52, 0x00, 0x00, 0x00, 0x00,
    0x00, 0x00, 0x00, 0x00, 0x00, 0x00, 0x00, 0x00, 0x00, 0x00, 0x00, 0x00, 0x00, 0x00, 0x00, 0x00,
    0x03, 0x4a, 0xc5, 0x62, 0xa6, 0x8b, 0x81, 0x39, 0x85, 0xcb, 0xc6, 0xcb, 0x28, 0xd4, 0xaa, 0xd4,
    0x0b, 0xdd, 0x0b, 0xdd, 0xea, 0xdc, 0x47, 0xdc, 0x62, 0xd3, 0x07, 0xd4, 0xb8, 0xee, 0xff, 0xff,
    0xff, 0xff, 0xff, 0xff, 0xff, 0xff, 0xff, 0xff, 0xf7, 0xbd, 0x86, 0x31, 0x00, 0x00, 0x00, 0x00,
    0x00, 0x00, 0x00, 0x00, 0x00, 0x00, 0x00, 0x00, 0x00, 0x00, 0x00, 0x00, 0x00, 0x00, 0x00, 0x00,
    0xab, 0xd5, 0xc5, 0x6a, 0xc6, 0x8b, 0xe0, 0x20, 0x85, 0xcb, 0xc7, 0xcb, 0x28, 0xd4, 0xaa, 0xd4,
    0x0b, 0xdd, 0x0b, 0xdd, 0xea, 0xdc, 0x47, 0xdc, 0x63, 0xd3, 0x83, 0xd3, 0x91, 0xe5, 0x3c, 0xe7,
    0xff, 0xff, 0xff, 0xff, 0xff, 0xff, 0x1c, 0xe7, 0x10, 0x84, 0x61, 0x08, 0x00, 0x00, 0x00, 0x00,
    0x00, 0x00, 0x00, 0x00, 0x00, 0x00, 0x00, 0x00, 0x00, 0x00, 0x00, 0x00, 0x00, 0x00, 0x00, 0x00,
    0xab, 0xd5, 0x0b, 0xe6, 0xe7, 0x93, 0xe0, 0x20, 0x85, 0xcb, 0xe7, 0xcb, 0x28, 0xd4, 0xca, 0xd4,
    0x0c, 0xdd, 0x2c, 0xdd, 0x0b, 0xdd, 0x67, 0xdc, 0x63, 0xd3, 0x62, 0xd3, 0x49, 0xdc, 0x33, 0xad,
    0xbc, 0xff, 0x7d, 0xef, 0xdb, 0xde, 0xf3, 0x9c, 0xc7, 0x39, 0x00, 0x00, 0x00, 0x00, 0x00, 0x00,
    0x00, 0x00, 0x00, 0x00, 0x00, 0x00, 0x00, 0x00, 0x00, 0x00, 0x00, 0x00, 0x00, 0x00, 0x00, 0x00,
    0x00, 0x00, 0x0b, 0xe6, 0x8c, 0xf6, 0xe0, 0x20, 0x85, 0xcb, 0xe7, 0xcb, 0x48, 0xd4, 0xcb, 0xd4,
    0x0c, 0xdd, 0x2c, 0xdd, 0x0b, 0xdd, 0x68, 0xdc, 0x83, 0xd3, 0x63, 0xd3, 0x83, 0xdb, 0xc9, 0x5a,
    0x16, 0xef, 0xf5, 0xc5, 0x32, 0xad, 0x4b, 0x6b, 0x20, 0x00, 0x00, 0x00, 0x00, 0x00, 0x00, 0x00,
    0x00, 0x00, 0x00, 0x00, 0x00, 0x00, 0x00, 0x00, 0x00, 0x00, 0x00, 0x00, 0x00, 0x00, 0x00, 0x00,
    0x64, 0x5a, 0x25, 0x73, 0x8c, 0xf6, 0xe0, 0x20, 0xa6, 0xcb, 0xe7, 0xcb, 0x49, 0xd4, 0xcb, 0xdc,
    0x2c, 0xdd, 0x2c, 0xdd, 0x0b, 0xe5, 0x88, 0xdc, 0x83, 0xd3, 0x62, 0xd3, 0x63, 0xdb, 0x21, 0x29,
    0x8f, 0xee, 0x4f, 0xde, 0x69, 0x73, 0xc4, 0x39, 0xc1, 0x18, 0x00, 0x00, 0x00, 0x00, 0x00, 0x00,
    0x00, 0x00, 0x00, 0x00, 0x00, 0x00, 0x00, 0x00, 0x00, 0x00, 0x00, 0x00, 0x00, 0x00, 0x00, 0x00,
    0x64, 0x5a, 0x04, 0x6b, 0xcd, 0xfe, 0xe0, 0x20, 0xa6, 0xcb, 0xe7, 0xcb, 0x49, 0xd4, 0xcb, 0xdc,
    0x2c, 0xdd, 0x2c, 0xdd, 0x2b, 0xe5, 0xa8, 0xdc, 0xa3, 0xd3, 0x83, 0xd3, 0x63, 0xdb, 0xe0, 0x20,
    0x6b, 0xee, 0xeb, 0xdd, 0xcb, 0xd5, 0x4a, 0xc5, 0x44, 0x52, 0x00, 0x00, 0x00, 0x00, 0x00, 0x00,
    0x00, 0x00, 0x00, 0x00, 0x00, 0x00, 0x00, 0x00, 0x00, 0x00, 0x00, 0x00, 0x00, 0x00, 0x00, 0x00,
    0x20, 0x08, 0x25, 0x73, 0x07, 0x9c, 0xe0, 0x20, 0xa6, 0xcb, 0xe7, 0xcb, 0x69, 0xd4, 0xeb, 0xdc,
    0x2c, 0xdd, 0x2c, 0xdd, 0x2b, 0xe5, 0xa8, 0xdc, 0xa4, 0xd3, 0x83, 0xd3, 0x83, 0xdb, 0xe0, 0x20,
    0xe6, 0x8b, 0x46, 0x7b, 0xcb, 0xd5, 0x4a, 0xc5, 0xe9, 0xb4, 0x00, 0x00, 0x00, 0x00, 0x00, 0x00,
    0x00, 0x00, 0x00, 0x00, 0x00, 0x00, 0x00, 0x00, 0x00, 0x00, 0x00, 0x00, 0x00, 0x00, 0x00, 0x00,
    0x20, 0x00, 0x20, 0x00, 0x27, 0x9c, 0xe0, 0x20, 0xa6, 0xcb, 0xe7, 0xcb, 0x69, 0xd4, 0xeb, 0xdc,
    0x2c, 0xdd, 0x4c, 0xdd, 0x2b, 0xe5, 0xa9, 0xdc, 0xc4, 0xdb, 0x83, 0xd3, 0x83, 0xdb, 0x81, 0x39,
    0xe6, 0x8b, 0x25, 0x73, 0xc5, 0x62, 0xc3, 0x41, 0x6c, 0xee, 0x68, 0xa4, 0x28, 0x9c, 0x00, 0x00,
    0x00, 0x00, 0x00, 0x00, 0x00, 0x00, 0x00, 0x00, 0x00, 0x00, 0x00, 0x00, 0x00, 0x00, 0x00, 0x00,
    0x80, 0x08, 0x62, 0x31, 0x41, 0x31, 0x65, 0xcb, 0xc6, 0xcb, 0x07, 0xcc, 0xca, 0xd4, 0x6d, 0xe5,
    0xce, 0xe5, 0xee, 0xe5, 0xad, 0xe5, 0x2b, 0xe5, 0x46, 0xdc, 0xec, 0xdc, 0x5c, 0xf7, 0xff, 0xff,
    0xff, 0xff, 0xff, 0xff, 0xff, 0xff, 0xff, 0xff, 0xfb, 0xde, 0x8a, 0x52, 0x00, 0x00, 0x00, 0x00,
    0x00, 0x00, 0x00, 0x00, 0x00, 0x00, 0x00, 0x00, 0x00, 0x00, 0x00, 0x00, 0x00, 0x00, 0x00, 0x00,
    0x80, 0x08, 0x20, 0x29, 0x41, 0x31, 0x65, 0xcb, 0xc6, 0xcb, 0x28, 0xcc, 0xca, 0xd4, 0x6d, 0xe5,
    0xce, 0xe5, 0xee, 0xe5, 0xad, 0xe5, 0x2b, 0xe5, 0x46, 0xe4, 0x27, 0xdc, 0x56, 0xee, 0xff, 0xff,
    0xff, 0xff, 0xff, 0xff, 0xff, 0xff, 0xff, 0xff, 0x55, 0xad, 0x04, 0x21, 0x00, 0x00, 0x00, 0x00,
    0x00, 0x00, 0x00, 0x00, 0x00, 0x00, 0x00, 0x00, 0x00, 0x00, 0x00, 0x00, 0x00, 0x00, 0x00, 0x00,
    0x46, 0x73, 0xc6, 0x8b, 0x21, 0x31, 0x85, 0xcb, 0xc6, 0xcb, 0x27, 0xcc, 0xca, 0xd4, 0x6d, 0xe5,
    0xce, 0xe5, 0xee, 0xe5, 0xad, 0xe5, 0x2b, 0xe5, 0x46, 0xe4, 0xc3, 0xdb, 0x70, 0xe5, 0x7c, 0xff,
    0xff, 0xff, 0xff, 0xff, 0xff, 0xff, 0x1c, 0xe7, 0xcf, 0x7b, 0x41, 0x08, 0x00, 0x00, 0x00, 0x00,
    0x00, 0x00, 0x00, 0x00, 0x00, 0x00, 0x00, 0x00, 0x00, 0x00, 0x00, 0x00, 0x00, 0x00, 0x00, 0x00,
    0x46, 0x73, 0xc6, 0x8b, 0x80, 0x10, 0x65, 0xcb, 0xc6, 0xcb, 0x27, 0xcc, 0xca, 0xd4, 0x6d, 0xe5,
    0xce, 0xe5, 0xce, 0xe5, 0xad, 0xe5, 0x2b, 0xe5, 0x46, 0xdc, 0x82, 0xd3, 0xcc, 0xdc, 0xf9, 0xf6,
    0xdf, 0xff, 0xff, 0xff, 0xde, 0xff, 0x59, 0xce, 0xaa, 0x52, 0x00, 0x00, 0x00, 0x00, 0x00, 0x00,
    0x00, 0x00, 0x00, 0x00, 0x00, 0x00, 0x00, 0x00, 0x00, 0x00, 0x00, 0x00, 0x00, 0x00, 0x00, 0x00,
    0x2c, 0xe6, 0x60, 0x10, 0xc6, 0x8b, 0x01, 0x29, 0xc6, 0xcb, 0x27, 0xcc, 0xca, 0xd4, 0x6d, 0xe5,
    0xae, 0xe5, 0xce, 0xe5, 0xad, 0xe5, 0x2b, 0xe5, 0x46, 0xdc, 0xa3, 0xdb, 0x8a, 0xdc, 0x38, 0xce,
    0xbe, 0xff, 0xff, 0xff, 0xde, 0xff, 0xf9, 0xe6, 0xac, 0xac, 0x00, 0x00, 0x00, 0x00, 0x00, 0x00,
    0x00, 0x00, 0x00, 0x00, 0x00, 0x00, 0x00, 0x00, 0x00, 0x00, 0x00, 0x00, 0x00, 0x00, 0x00, 0x00,
    0x2c, 0xe6, 0x8c, 0xf6, 0xa0, 0x18, 0x01, 0x29, 0xc6, 0xcb, 0x27, 0xcc, 0xaa, 0xd4, 0x6d, 0xe5,
    0xce, 0xe5, 0xce, 0xe5, 0xad, 0xe5, 0x2a, 0xe5, 0x26, 0xdc, 0xa3, 0xdb, 0x8a, 0xdc, 0x79, 0xd6,
    0xff, 0xff, 0xff, 0xff, 0xdf, 0xff, 0x1a, 0xef, 0xac, 0xac, 0x25, 0x8b, 0x00, 0x00, 0x00, 0x00,
    0x00, 0x00, 0x00, 0x00, 0x00, 0x00, 0x00, 0x00, 0x00, 0x00, 0x00, 0x00, 0x00, 0x00, 0x00, 0x00,
    0x20, 0x00, 0xcd, 0xfe, 0xa0, 0x18, 0xe1, 0x28, 0xc6, 0xcb, 0x27, 0xcc, 0xaa, 0xd4, 0x6d, 0xe5,
    0xae, 0xe5, 0xce, 0xe5, 0x8d, 0xe5, 0x2a, 0xe5, 0x25, 0xdc, 0xa3, 0xdb, 0x8b, 0xdc, 0x1c, 0xe7,
    0xff, 0xff, 0xff, 0xff, 0xff, 0xff, 0xfc, 0xde, 0x69, 0x4a, 0x00, 0x00, 0x00, 0x00, 0x00, 0x00,
    0x00, 0x00, 0x00, 0x00, 0x00, 0x00, 0x00, 0x00, 0x00, 0x00, 0x00, 0x00, 0x00, 0x00, 0x00, 0x00,
    0xc5, 0x6a, 0x86, 0x83, 0x6c, 0xf6, 0xe1, 0x28, 0xc6, 0xcb, 0x27, 0xd4, 0xaa, 0xd4, 0x6d, 0xe5,
    0xae, 0xe5, 0xce, 0xe5, 0x8d, 0xe5, 0x0a, 0xe5, 0x25, 0xdc, 0xa3, 0xdb, 0x0d, 0xdd, 0xde, 0xff,
    0xff, 0xff, 0xff, 0xff, 0xff, 0xff, 0xbe, 0xf7, 0x2c, 0x63, 0x00, 0x00, 0x00, 0x00, 0x00, 0x00,
    0x00, 0x00, 0x00, 0x00, 0x00, 0x00, 0x00, 0x00, 0x00, 0x00, 0x00, 0x00, 0x00, 0x00, 0x00, 0x00,
    0xc5, 0x62, 0x66, 0x83, 0x60, 0x10, 0xe1, 0x28, 0xc6, 0xcb, 0x07, 0xcc, 0xaa, 0xd4, 0x4c, 0xe5,
    0xae, 0xe5, 0xce, 0xe5, 0x8d, 0xe5, 0x0a, 0xe5, 0x05, 0xdc, 0x83, 0xdb, 0x91, 0xdd, 0xff, 0xff,
    0xff, 0xff, 0xff, 0xff, 0xff, 0xff, 0xff, 0xff, 0x10, 0x84, 0x00, 0x00, 0x00, 0x00, 0x00, 0x00,
    0x00, 0x00, 0x00, 0x00, 0x00, 0x00, 0x00, 0x00, 0x00, 0x00, 0x00, 0x00, 0x00, 0x00, 0x00, 0x00,
    0x00, 0x00, 0x66, 0x7b, 0x60, 0x08, 0xe0, 0x28, 0xc6, 0xcb, 0x27, 0xcc, 0x89, 0xd4, 0x4c, 0xdd,
    0xae, 0xe5, 0xce, 0xe5, 0x8d, 0xe5, 0x0a, 0xe5, 0x05, 0xdc, 0x83, 0xdb, 0x35, 0xe6, 0xff, 0xff,
    0xff, 0xff, 0xff, 0xff, 0xff, 0xff, 0xff, 0xff, 0x34, 0xa5, 0x00, 0x00, 0x00, 0x00, 0x00, 0x00,
    0x00, 0x00, 0x00, 0x00, 0x00, 0x00, 0x00, 0x00, 0x00, 0x00, 0x00, 0x00, 0x00, 0x00, 0x00, 0x00,
    0x00, 0x00, 0x00, 0x00, 0x40, 0x08, 0xe0, 0x20, 0xc6, 0xcb, 0x07, 0xcc, 0x89, 0xd4, 0x4c, 0xdd,
    0xae, 0xe5, 0xae, 0xe5, 0x8c, 0xe5, 0xe9, 0xe4, 0xe5, 0xdb, 0x62, 0xd3, 0xd9, 0xee, 0xff, 0xff,
    0xff, 0xff, 0xff, 0xff, 0xff, 0xff, 0xff, 0xff, 0x79, 0xce, 0x00, 0x00, 0x00, 0x00, 0x00, 0x00,
    0x00, 0x00, 0x00, 0x00, 0x00, 0x00, 0x00, 0x00, 0x00, 0x00, 0x00, 0x00, 0x00, 0x00, 0x00, 0x00,
    0x00, 0x00, 0x00, 0x00, 0x01, 0x31, 0xe0, 0x20, 0xc6, 0xcb, 0x07, 0xcc, 0x89, 0xd4, 0x4c, 0xdd,
    0xae, 0xe5, 0xae, 0xe5, 0x6c, 0xe5, 0xe9, 0xe4, 0xe4, 0xdb, 0x83, 0xdb, 0x7d, 0xf7, 0xff, 0xff,
    0xff, 0xff, 0xff, 0xff, 0xff, 0xff, 0xff, 0xff, 0x5d, 0xef, 0x20, 0x00, 0x00, 0x00, 0x00, 0x00,
    0x00, 0x00, 0x00, 0x00, 0x00, 0x00, 0x00, 0x00, 0x00, 0x00, 0x00, 0x00, 0x00, 0x00, 0x00, 0x00,
    0x00, 0x00, 0x00, 0x00, 0x01, 0x31, 0xe0, 0x20, 0xa5, 0xcb, 0x07, 0xcc, 0x69, 0xd4, 0x2c, 0xdd,
    0x8e, 0xe5, 0xae, 0xe5, 0x6c, 0xe5, 0xe9, 0xe4, 0xc4, 0xdb, 0xe6, 0xd3, 0xff, 0xff, 0xff, 0xff,
    0xff, 0xff, 0xff, 0xff, 0xff, 0xff, 0xff, 0xff, 0xff, 0xff, 0xe3, 0x18, 0x00, 0x00, 0x00, 0x00,
    0x00, 0x00, 0x00, 0x00, 0x00, 0x00, 0x00, 0x00, 0x00, 0x00, 0x00, 0x00, 0x00, 0x00, 0x00, 0x00,
    0xe6, 0xa3, 0x87, 0xc4, 0x01, 0x31, 0xe0, 0x20, 0xa5, 0xcb, 0x07, 0xcc, 0x69, 0xd4, 0x2c, 0xdd,
    0x8e, 0xe5, 0xae, 0xe5, 0x6c, 0xe5, 0xc9, 0xe4, 0xc4, 0xdb, 0x69, 0xd4, 0xff, 0xff, 0xff, 0xff,
    0xff, 0xff, 0xff, 0xff, 0xff, 0xff, 0xff, 0xff, 0xff, 0xff, 0x8e, 0xbd, 0x68, 0xa4, 0x00, 0x00,
    0x00, 0x00, 0x00, 0x00, 0x00, 0x00, 0x00, 0x00, 0x00, 0x00, 0x00, 0x00, 0x00, 0x00, 0x00, 0x00,
    0x45, 0x8b, 0x26, 0xb4, 0x07, 0xdd, 0xe0, 0x20, 0xa5, 0xcb, 0x07, 0xcc, 0x69, 0xd4, 0x2c, 0xdd,
    0x8e, 0xe5, 0xae, 0xe5, 0x6c, 0xe5, 0xc9, 0xe4, 0xa4, 0xdb, 0x70, 0xdd, 0xff, 0xff, 0xff, 0xff,
    0xff, 0xff, 0xff, 0xff, 0xff, 0xff, 0xff, 0xff, 0xff, 0xff, 0x33, 0xce, 0x68, 0xa4, 0x28, 0x9c,
    0x00, 0x00, 0x00, 0x00, 0x00, 0x00, 0x00, 0x00, 0x00, 0x00, 0x00, 0x00, 0x00, 0x00, 0x00, 0x00,
    0x00, 0x00, 0x26, 0xb4, 0x07, 0xdd, 0xe0, 0x20, 0xa5, 0xcb, 0xe7, 0xcb, 0x69, 0xd4, 0x2c, 0xdd,
    0x8e, 0xe5, 0xae, 0xe5, 0x6c, 0xe5, 0xc9, 0xe4, 0xa3, 0xdb, 0x97, 0xee, 0xff, 0xff, 0xff, 0xff,
    0xff, 0xff, 0xff, 0xff, 0xff, 0xff, 0xff, 0xff, 0xff, 0xff, 0xd7, 0xbd, 0x00, 0x00, 0x00, 0x00,
    0x00, 0x00, 0x00, 0x00, 0x00, 0x00, 0x00, 0x00, 0x00, 0x00, 0x00, 0x00, 0x00, 0x00, 0x00, 0x00,
    0x00, 0x00, 0x00, 0x00, 0x07, 0xdd, 0xe0, 0x20, 0xa5, 0xcb, 0xe7, 0xcb, 0x49, 0xd4, 0x2c, 0xdd,
    0x8e, 0xe5, 0xae, 0xe5, 0x6c, 0xe5, 0xc9, 0xe4, 0xc5, 0xdb, 0x9d, 0xff, 0xff, 0xff, 0xff, 0xff,
    0xff, 0xff, 0xff, 0xff, 0xff, 0xff, 0xff, 0xff, 0xff, 0xff, 0x5d, 0xef, 0x41, 0x08, 0x00, 0x00,
    0x00, 0x00, 0x00, 0x00, 0x00, 0x00, 0x00, 0x00, 0x00, 0x00, 0x00, 0x00, 0x00, 0x00, 0x00, 0x00,
    0x00, 0x00, 0x00, 0x00, 0x01, 0x31, 0xe0, 0x20, 0xa5, 0xcb, 0xe7, 0xcb, 0x69, 0xd4, 0x2c, 0xdd,
    0x8e, 0xe5, 0xae, 0xe5, 0x6c, 0xe5, 0xc9, 0xe4, 0x49, 0xdc, 0xff, 0xff, 0xff, 0xff, 0xff, 0xff,
    0xff, 0xff, 0xff, 0xff, 0xff, 0xff, 0xff, 0xff, 0xff, 0xff, 0xff, 0xff, 0x65, 0x29, 0x00, 0x00,
    0x00, 0x00, 0x00, 0x00, 0x00, 0x00, 0x00, 0x00, 0x00, 0x00, 0x00, 0x00, 0x00, 0x00, 0x00, 0x00,
    0x00, 0x00, 0x20, 0x00, 0x01, 0x31, 0xe0, 0x20, 0x85, 0xcb, 0xe7, 0xcb, 0x49, 0xd4, 0x2c, 0xdd,
    0x8e, 0xe5, 0xae, 0xe5, 0x6c, 0xe5, 0xc9, 0xe4, 0x2e, 0xdd, 0xff, 0xff, 0xff, 0xff, 0xff, 0xff,
    0xff, 0xff, 0xff, 0xff, 0xff, 0xff, 0xff, 0xff, 0xff, 0xff, 0xff, 0xff, 0xeb, 0x5a, 0x00, 0x00,
    0x00, 0x00, 0x00, 0x00, 0x00, 0x00, 0x00, 0x00, 0x00, 0x00, 0x00, 0x00, 0x00, 0x00, 0x00, 0x00,
    0x64, 0x5a, 0x25, 0x73, 0x01, 0x29, 0xe0, 0x20, 0xa5, 0xcb, 0xe7, 0xcb, 0x69, 0xd4, 0x2c, 0xdd,
    0x8e, 0xe5, 0xae, 0xe5, 0x6c, 0xe5, 0xc9, 0xe4, 0xd2, 0xe5, 0xff, 0xff, 0xff, 0xff, 0xff, 0xff,
    0xff, 0xff, 0xff, 0xff, 0xff, 0xff, 0xff, 0xff, 0xff, 0xff, 0xff, 0xff, 0x30, 0x84, 0x00, 0x00,
    0x00, 0x00, 0x00, 0x00, 0x00, 0x00, 0x00, 0x00, 0x00, 0x00, 0x00, 0x00, 0x00, 0x00, 0x00, 0x00,
    0x85, 0x5a, 0x46, 0x7b, 0x40, 0x08, 0xe0, 0x20, 0xa5, 0xcb, 0xe7, 0xcb, 0x69, 0xd4, 0x2c, 0xdd,
    0x8e, 0xe5, 0xae, 0xe5, 0x6c, 0xe5, 0xe9, 0xe4, 0x35, 0xee, 0xff, 0xff, 0xff, 0xff, 0xff, 0xff,
    0xff, 0xff, 0xff, 0xff, 0xff, 0xff, 0xff, 0xff, 0xff, 0xff, 0xff, 0xff, 0xd3, 0x9c, 0x00, 0x00,
    0x00, 0x00, 0x00, 0x00, 0x00, 0x00, 0x00, 0x00, 0x00, 0x00, 0x00, 0x00, 0x00, 0x00, 0x00, 0x00,
    0x2c, 0xe6, 0x40, 0x08, 0x45, 0x73, 0xe0, 0x28, 0xa5, 0xcb, 0xe7, 0xcb, 0x69, 0xd4, 0x2c, 0xdd,
    0xae, 0xe5, 0xae, 0xe5, 0x6d, 0xe5, 0xea, 0xe4, 0x55, 0xee, 0xff, 0xff, 0xff, 0xff, 0xff, 0xff,
    0xff, 0xff, 0xff, 0xff, 0xff, 0xff, 0xff, 0xff, 0xff, 0xff, 0xff, 0xff, 0xf3, 0x9c, 0x00, 0x00,
    0x00, 0x00, 0x00, 0x00, 0x00, 0x00, 0x00, 0x00, 0x00, 0x00, 0x00, 0x00, 0x00, 0x00, 0x00, 0x00,
    0x2c, 0xe6, 0x8c, 0xf6, 0x80, 0x18, 0xe1, 0x28, 0xa5, 0xcb, 0xe7, 0xcb, 0x89, 0xd4, 0x4c, 0xdd,
    0xae, 0xe5, 0xae, 0xe5, 0x8d, 0xe5, 0xea, 0xe4, 0x14, 0xe6, 0xff, 0xff, 0xff, 0xff, 0xff, 0xff,
    0xff, 0xff, 0xff, 0xff, 0xff, 0xff, 0xff, 0xff, 0xff, 0xff, 0xff, 0xff, 0x72, 0x8c, 0x00, 0x00,
    0x00, 0x00, 0x00, 0x00, 0x00, 0x00, 0x00, 0x00, 0x00, 0x00, 0x00, 0x00, 0x00, 0x00, 0x00, 0x00,
    0x00, 0x00, 0xcd, 0xfe, 0x80, 0x18, 0xe1, 0x28, 0xa6, 0xcb, 0xe7, 0xcb, 0x8a, 0xd4, 0x4d, 0xdd,
    0xae, 0xe5, 0xce, 0xe5, 0x8d, 0xe5, 0x0a, 0xe5, 0x90, 0xe5, 0xff, 0xff, 0xff, 0xff, 0xff, 0xff,
    0xff, 0xff, 0xff, 0xff, 0xff, 0xff, 0xff, 0xff, 0xff, 0xff, 0xff, 0xff, 0x6d, 0x6b, 0x00, 0x00,
    0x00, 0x00, 0x00, 0x00, 0x00, 0x00, 0x00, 0x00, 0x00, 0x00, 0x00, 0x00, 0x00, 0x00, 0x00, 0x00,
    0x05, 0x6b, 0xa6, 0x8b, 0x8c, 0xf6, 0xe1, 0x28, 0xa6, 0xcb, 0x07, 0xcc, 0x8a, 0xd4, 0x4d, 0xdd,
    0xae, 0xe5, 0xce, 0xe5, 0x8d, 0xe5, 0x0a, 0xe5, 0xeb, 0xdc, 0xbd, 0xff, 0xff, 0xff, 0xff, 0xff,
    0xff, 0xff, 0xff, 0xff, 0xff, 0xff, 0xff, 0xff, 0xff, 0xff, 0x7d, 0xef, 0xe8, 0x39, 0x00, 0x00,
    0x00, 0x00, 0x00, 0x00, 0x00, 0x00, 0x00, 0x00, 0x00, 0x00, 0x00, 0x00, 0x00, 0x00, 0x00, 0x00,
    0x05, 0x73, 0xa6, 0x83, 0x80, 0x10, 0x01, 0x29, 0xa6, 0xcb, 0x07, 0xcc, 0xaa, 0xd4, 0x4d, 0xdd,
    0xae, 0xe5, 0xce, 0xe5, 0x8d, 0xe5, 0x0a, 0xe5, 0x67, 0xdc, 0xb8, 0xee, 0xff, 0xff, 0xff, 0xff,
    0xff, 0xff, 0xff, 0xff, 0xff, 0xff, 0xff, 0xff, 0xff, 0xff, 0xf7, 0xbd, 0x82, 0x10, 0x00, 0x00,
    0x00, 0x00, 0x00, 0x00, 0x00, 0x00, 0x00, 0x00, 0x00, 0x00, 0x00, 0x00, 0x00, 0x00, 0x00, 0x00,
    0x20, 0x00, 0xa6, 0x83, 0x80, 0x10, 0x01, 0x29, 0xc6, 0xcb, 0x07, 0xcc, 0xaa, 0xd4, 0x4d, 0xdd,
    0xae, 0xe5, 0xce, 0xe5, 0x8d, 0xe5, 0x2a, 0xe5, 0x25, 0xdc, 0x4f, 0xe5, 0xdf, 0xff, 0xff, 0xff,
    0xff, 0xff, 0xff, 0xff, 0xff, 0xff, 0xff, 0xff, 0xdf, 0xff, 0x8e, 0x73, 0x00, 0x00, 0x00, 0x00,
    0x00, 0x00, 0x00, 0x00, 0x00, 0x00, 0x00, 0x00, 0x00, 0x00, 0x00, 0x00, 0x00, 0x00, 0x00, 0x00,
    0x60, 0x00, 0x41, 0x31, 0x80, 0x10, 0x65, 0xcb, 0xc6, 0xcb, 0x07, 0xcc, 0xaa, 0xd4, 0x6d, 0xe5,
    0xae, 0xe5, 0xce, 0xe5, 0x8d, 0xe5, 0x2b, 0xe5, 0x26, 0xdc, 0x07, 0xdc, 0xf9, 0xf6, 0xff, 0xff,
    0xff, 0xff, 0xff, 0xff, 0xff, 0xff, 0xff, 0xff, 0x59, 0xce, 0x25, 0x21, 0x00, 0x00, 0x00, 0x00,
    0x00, 0x00, 0x00, 0x00, 0x00, 0x00, 0x00, 0x00, 0x00, 0x00, 0x00, 0x00, 0x00, 0x00, 0x00, 0x00,
    0x40, 0x00, 0x61, 0x31, 0x41, 0x31, 0x65, 0xcb, 0xc6, 0xcb, 0x07, 0xcc, 0xaa, 0xd4, 0x4d, 0xe5,
    0xae, 0xe5, 0xce, 0xe5, 0xad, 0xe5, 0x2b, 0xe5, 0x46, 0xdc, 0xa3, 0xd3, 0x91, 0xe5, 0xdf, 0xff,
    0xff, 0xff, 0xff, 0xff, 0xff, 0xff, 0xdf, 0xff, 0xd1, 0x9c, 0xe1, 0x20, 0x00, 0x00, 0x00, 0x00,
    0x00, 0x00, 0x00, 0x00, 0x00, 0x00, 0x00, 0x00, 0x00, 0x00, 0x00, 0x00, 0x00, 0x00, 0x00, 0x00,
    0x40, 0x00, 0x61, 0x31, 0x41, 0x31, 0x65, 0xcb, 0xc6, 0xcb, 0x07, 0xcc, 0xca, 0xd4, 0x6d, 0xe5,
    0xae, 0xe5, 0xce, 0xe5, 0xad, 0xe5, 0x2b, 0xe5, 0x46, 0xdc, 0xa3, 0xdb, 0x6a, 0xdc, 0x1a, 0xf7,
    0xff, 0xff, 0xff, 0xff, 0xff, 0xff, 0x7c, 0xf7, 0x4a, 0x6b, 0xe1, 0x20, 0x00, 0x00, 0x00, 0x00,
    0x00, 0x00, 0x00, 0x00, 0x00, 0x00, 0x00, 0x00, 0x00, 0x00, 0x00, 0x00, 0x00, 0x00, 0x00, 0x00,
    0x66, 0x7b, 0x07, 0x94, 0xa0, 0x18, 0x44, 0xc3, 0xc6, 0xcb, 0x48, 0xd4, 0x0b, 0xdd, 0x8e, 0xe5,
    0x30, 0xee, 0x71, 0xee, 0x0f, 0xee, 0xae, 0xe5, 0xbd, 0xff, 0xff, 0xff, 0xff, 0xff, 0xff, 0xff,
    0xff, 0xff, 0xff, 0xff, 0xff, 0xff, 0xff, 0xff, 0xff, 0xff, 0xff, 0xff, 0x3d, 0xe7, 0xe3, 0x18,
    0x00, 0x00, 0x00, 0x00, 0x00, 0x00, 0x00, 0x00, 0x00, 0x00, 0x00, 0x00, 0x00, 0x00, 0x00, 0x00,
    0x66, 0x7b, 0x07, 0x94, 0xa0, 0x18, 0x64, 0xc3, 0xc6, 0xcb, 0x48, 0xd4, 0x0b, 0xdd, 0xae, 0xe5,
    0x30, 0xee, 0x71, 0xee, 0x0f, 0xee, 0x6c, 0xdd, 0x5b, 0xf7, 0xff, 0xff, 0xff, 0xff, 0xff, 0xff,
    0xff, 0xff, 0xff, 0xff, 0xff, 0xff, 0xff, 0xff, 0xff, 0xff, 0xff, 0xff, 0x79, 0xce, 0x41, 0x08,
    0x00, 0x00, 0x00, 0x00, 0x00, 0x00, 0x00, 0x00, 0x00, 0x00, 0x00, 0x00, 0x00, 0x00, 0x00, 0x00,
    0x2c, 0xe6, 0x8c, 0xf6, 0xc0, 0x20, 0x64, 0xc3, 0xc6, 0xcb, 0x48, 0xd4, 0x0b, 0xdd, 0xae, 0xe5,
    0x30, 0xee, 0x71, 0xee, 0x0f, 0xee, 0x4b, 0xdd, 0xb7, 0xee, 0xff, 0xff, 0xff, 0xff, 0xff, 0xff,
    0xff, 0xff, 0xff, 0xff, 0xff, 0xff, 0xff, 0xff, 0xff, 0xff, 0xff, 0xff, 0x34, 0xa5, 0x00, 0x00,
    0x00, 0x00, 0x00, 0x00, 0x00, 0x00, 0x00, 0x00, 0x00, 0x00, 0x00, 0x00, 0x00, 0x00, 0x00, 0x00,
    0x2c, 0xe6, 0x8c, 0xf6, 0xc0, 0x20, 0x64, 0xcb, 0xc6, 0xcb, 0x48, 0xd4, 0x0b, 0xdd, 0xae, 0xe5,
    0x30, 0xee, 0x71, 0xee, 0x0f, 0xee, 0x6c, 0xe5, 0x13, 0xee, 0xff, 0xff, 0xff, 0xff, 0xff, 0xff,
    0xff, 0xff, 0xff, 0xff, 0xff, 0xff, 0xff, 0xff, 0xff, 0xff, 0xff, 0xff, 0xaf, 0x73, 0x00, 0x00,
    0x00, 0x00, 0x00, 0x00, 0x00, 0x00, 0x00, 0x00, 0x00, 0x00, 0x00, 0x00, 0x00, 0x00, 0x00, 0x00,
    0x46, 0x7b, 0x8c, 0xf6, 0xa0, 0x20, 0x64, 0xc3, 0xe6, 0xcb, 0x48, 0xd4, 0x0b, 0xdd, 0xae, 0xe5,
    0x30, 0xee, 0x71, 0xee, 0x0f, 0xee, 0x6c, 0xe5, 0x8e, 0xe5, 0xff, 0xff, 0xff, 0xff, 0xff, 0xff,
    0xff, 0xff, 0xff, 0xff, 0xff, 0xff, 0xff, 0xff, 0xff, 0xff, 0xff, 0xff, 0x49, 0x4a, 0x00, 0x00,
    0x00, 0x00, 0x00, 0x00, 0x00, 0x00, 0x00, 0x00, 0x00, 0x00, 0x00, 0x00, 0x00, 0x00, 0x00, 0x00,
    0x26, 0x73, 0xc7, 0x8b, 0x80, 0x10, 0x64, 0xcb, 0xe6, 0xcb, 0x48, 0xd4, 0x0b, 0xdd, 0xae, 0xe5,
    0x30, 0xee, 0x70, 0xee, 0x0f, 0xee, 0x6b, 0xe5, 0x0b, 0xe5, 0xdf, 0xff, 0xff, 0xff, 0xff, 0xff,
    0xff, 0xff, 0xff, 0xff, 0xff, 0xff, 0xff, 0xff, 0xff, 0xff, 0xdf, 0xff, 0x24, 0x21, 0x00, 0x00,
    0x41, 0x08, 0x00, 0x00, 0x00, 0x00, 0x00, 0x00, 0x00, 0x00, 0x00, 0x00, 0x00, 0x00, 0x00, 0x00,
    0x25, 0x6b, 0xc6, 0x8b, 0x80, 0x10, 0x44, 0xcb, 0xc6, 0xcb, 0x28, 0xd4, 0x0b, 0xdd, 0x8d, 0xe5,
    0x30, 0xee, 0x50, 0xee, 0x0f, 0xee, 0x6b, 0xe5, 0xa8, 0xe4, 0xbd, 0xff, 0xff, 0xff, 0xff, 0xff,
    0xff, 0xff, 0xff, 0xff, 0xff, 0xff, 0xff, 0xff, 0xff, 0xff, 0xbe, 0xf7, 0x61, 0x08, 0x00, 0x00,
    0xe3, 0x18, 0x20, 0x00, 0x00, 0x00, 0x00, 0x00, 0x00, 0x00, 0x00, 0x00, 0x00, 0x00, 0x00, 0x00,
    0x40, 0x00, 0xc0, 0x18, 0x80, 0x10, 0xe0, 0x20, 0xc6, 0xcb, 0x28, 0xd4, 0xeb, 0xdc, 0x8d, 0xe5,
    0x30, 0xee, 0x50, 0xee, 0x0f, 0xee, 0x4b, 0xe5, 0x87, 0xe4, 0x5c, 0xf7, 0xff, 0xff, 0xff, 0xff,
    0xff, 0xff, 0xff, 0xff, 0xff, 0xff, 0xff, 0xff, 0xff, 0xff, 0xfb, 0xde, 0x00, 0x00, 0x41, 0x08,
    0x25, 0x21, 0x61, 0x08, 0x00, 0x00, 0x00, 0x00, 0x00, 0x00, 0x00, 0x00, 0x00, 0x00, 0x00, 0x00,
    0x40, 0x00, 0x80, 0x10, 0x41, 0x39, 0xe0, 0x20, 0xc6, 0xcb, 0x27, 0xd4, 0xeb, 0xdc, 0x8d, 0xe5,
    0x30, 0xee, 0x50, 0xee, 0x0f, 0xee, 0x4b, 0xe5, 0x87, 0xe4, 0x1a, 0xf7, 0xff, 0xff, 0xff, 0xff,
    0xff, 0xff, 0xff, 0xff, 0xff, 0xff, 0xff, 0xff, 0xff, 0xff, 0x79, 0xce, 0x00, 0x00, 0x41, 0x08,
    0x24, 0x21, 0x41, 0x08, 0x00, 0x00, 0x00, 0x00, 0x00, 0x00, 0x00, 0x00, 0x00, 0x00, 0x00, 0x00,
    0x20, 0x00, 0x60, 0x10, 0x41, 0x39, 0xe0, 0x20, 0xc6, 0xcb, 0x27, 0xd4, 0xeb, 0xdc, 0x8d, 0xe5,
    0x30, 0xee, 0x50, 0xee, 0x0f, 0xee, 0x4b, 0xe5, 0x87, 0xe4, 0xd8, 0xf6, 0xff, 0xff, 0xff, 0xff,
    0xff, 0xff, 0xff, 0xff, 0xff, 0xff, 0xff, 0xff, 0xff, 0xff, 0xf7, 0xbd, 0x00, 0x00, 0x00, 0x00,
    0xa2, 0x10, 0x20, 0x00, 0x00, 0x00, 0x00, 0x00, 0x00, 0x00, 0x00, 0x00, 0x00, 0x00, 0x00, 0x00,
    0xe6, 0xab, 0x87, 0xc4, 0x41, 0x39, 0xe0, 0x20, 0xc6, 0xcb, 0x27, 0xd4, 0xea, 0xdc, 0x8d, 0xe5,
    0x30, 0xee, 0x50, 0xee, 0x0f, 0xee, 0x4b, 0xe5, 0x66, 0xe4, 0xb8, 0xee, 0xff, 0xff, 0xff, 0xff,
    0xff, 0xff, 0xff, 0xff, 0xff, 0xff, 0xff, 0xff, 0xff, 0xff, 0xd7, 0xbd, 0x00, 0x00, 0x00, 0x00,
    0x00, 0x00, 0x00, 0x00, 0x00, 0x00, 0x00, 0x00, 0x00, 0x00, 0x00, 0x00, 0x00, 0x00, 0x00, 0x00,
    0xe6, 0xab, 0x87, 0xc4, 0x28, 0xdd, 0xc0, 0x20, 0xc6, 0xcb, 0x27, 0xd4, 0xca, 0xdc, 0x8d, 0xe5,
    0x30, 0xee, 0x50, 0xee, 0x0f, 0xee, 0x2b, 0xe5, 0x66, 0xe4, 0xf9, 0xf6, 0xff, 0xff, 0xff, 0xff,
    0xff, 0xff, 0xff, 0xff, 0xff, 0xff, 0xff, 0xff, 0xff, 0xff, 0x18, 0xc6, 0x00, 0x00, 0x00, 0x00,
    0x00, 0x00, 0x00, 0x00, 0x00, 0x00, 0x00, 0x00, 0x00, 0x00, 0x00, 0x00, 0x00, 0x00, 0x00, 0x00,
    0xe6, 0xab, 0x87, 0xc4, 0x28, 0xdd, 0xc0, 0x20, 0xc5, 0xcb, 0x07, 0xd4, 0xca, 0xdc, 0x6d, 0xe5,
    0x10, 0xee, 0x50, 0xee, 0x0e, 0xee, 0x2a, 0xe5, 0x46, 0xe4, 0x5b, 0xf7, 0xff, 0xff, 0xff, 0xff,
    0xff, 0xff, 0xff, 0xff, 0xff, 0xff, 0xff, 0xff, 0xff, 0xff, 0xdb, 0xde, 0x00, 0x00, 0x00, 0x00,
    0x00, 0x00, 0x00, 0x00, 0x00, 0x00, 0x00, 0x00, 0x00, 0x00, 0x00, 0x00, 0x00, 0x00, 0x00, 0x00,
    0x00, 0x00, 0x40, 0x08, 0x28, 0xdd, 0xa0, 0x20, 0xa5, 0xcb, 0x07, 0xd4, 0xca, 0xd4, 0x6d, 0xdd,
    0x30, 0xee, 0x50, 0xee, 0xee, 0xed, 0x2a, 0xe5, 0x46, 0xdc, 0xde, 0xff, 0xff, 0xff, 0xff, 0xff,
    0xff, 0xff, 0xff, 0xff, 0xff, 0xff, 0xff, 0xff, 0xff, 0xff, 0xbe, 0xf7, 0x00, 0x00, 0x00, 0x00,
    0x00, 0x00, 0x00, 0x00, 0x00, 0x00, 0x00, 0x00, 0x00, 0x00, 0x00, 0x00, 0x00, 0x00, 0x00, 0x00,
    0x00, 0x00, 0x40, 0x08, 0x41, 0x39, 0xa0, 0x20, 0xa5, 0xcb, 0x07, 0xd4, 0xca, 0xd4, 0x6d, 0xdd,
    0x10, 0xee, 0x50, 0xee, 0xee, 0xed, 0x2a, 0xe5, 0x87, 0xdc, 0xff, 0xff, 0xff, 0xff, 0xff, 0xff,
    0xff, 0xff, 0xff, 0xff, 0xff, 0xff, 0xff, 0xff, 0xff, 0xff, 0xff, 0xff, 0x82, 0x10, 0x00, 0x00,
    0x00, 0x00, 0x00, 0x00, 0x00, 0x00, 0x00, 0x00, 0x00, 0x00, 0x00, 0x00, 0x00, 0x00, 0x00, 0x00,
    0x00, 0x00, 0x40, 0x08, 0x41, 0x39, 0xa0, 0x20, 0xa5, 0xcb, 0x07, 0xd4, 0xca, 0xd4, 0x6d, 0xdd,
    0x10, 0xee, 0x50, 0xee, 0xee, 0xed, 0x0a, 0xe5, 0x2c, 0xdd, 0xff, 0xff, 0xff, 0xff, 0xff, 0xff,
    0xff, 0xff, 0xff, 0xff, 0xff, 0xff, 0xff, 0xff, 0xff, 0xff, 0xff, 0xff, 0x2e, 0xb5, 0x07, 0x94,
    0x00, 0x00, 0x00, 0x00, 0x00, 0x00, 0x00, 0x00, 0x00, 0x00, 0x00, 0x00, 0x00, 0x00, 0x00, 0x00,
    0x44, 0x52, 0x05, 0x73, 0x41, 0x31, 0xa0, 0x20, 0xa5, 0xcb, 0x07, 0xd4, 0xaa, 0xd4, 0x6d, 0xdd,
    0x10, 0xee, 0x50, 0xee, 0xee, 0xed, 0x0a, 0xe5, 0x14, 0xe6, 0xff, 0xff, 0xff, 0xff, 0xff, 0xff,
    0xff, 0xff, 0xff, 0xff, 0xff, 0xff, 0xff, 0xff, 0xff, 0xff, 0xff, 0xff, 0x34, 0xce, 0x07, 0x94,
    0x00, 0x00, 0x00, 0x00, 0x00, 0x00, 0x00, 0x00, 0x00, 0x00, 0x00, 0x00, 0x00, 0x00, 0x00, 0x00,
    0x44, 0x52, 0x05, 0x73, 0x80, 0x10, 0xa0, 0x20, 0xa5, 0xcb, 0x07, 0xd4, 0xaa, 0xd4, 0x6d, 0xdd,
    0x10, 0xee, 0x50, 0xee, 0xee, 0xed, 0x2a, 0xe5, 0x3a, 0xf7, 0xff, 0xff, 0xff, 0xff, 0xff, 0xff,
    0xff, 0xff, 0xff, 0xff, 0xff, 0xff, 0xff, 0xff, 0xff, 0xff, 0xff, 0xff, 0x79, 0xce, 0x00, 0x00,
    0x00, 0x00, 0x00, 0x00, 0x00, 0x00, 0x00, 0x00, 0x00, 0x00, 0x00, 0x00, 0x00, 0x00, 0x00, 0x00,
    0x64, 0x5a, 0x25, 0x7b, 0x80, 0x10, 0xc0, 0x20, 0xa5, 0xcb, 0x07, 0xcc, 0xaa, 0xd4, 0x6d, 0xdd,
    0x10, 0xee, 0x50, 0xee, 0xee, 0xed, 0x4b, 0xe5, 0xde, 0xff, 0xff, 0xff, 0xff, 0xff, 0xff, 0xff,
    0xff, 0xff, 0xff, 0xff, 0xff, 0xff, 0xff, 0xff, 0xff, 0xff, 0xff, 0xff, 0x9e, 0xf7, 0x61, 0x08,
    0x00, 0x00, 0x00, 0x00, 0x00, 0x00, 0x00, 0x00, 0x00, 0x00, 0x00, 0x00, 0x00, 0x00, 0x00, 0x00,
    0x2c, 0xe6, 0x8c, 0xf6, 0xa0, 0x18, 0xc0, 0x20, 0xa5, 0xcb, 0x07, 0xcc, 0xaa, 0xd4, 0x6d, 0xdd,
    0x10, 0xee, 0x50, 0xee, 0xef, 0xed, 0x8e, 0xdd, 0xff, 0xff, 0xff, 0xff, 0xff, 0xff, 0xff, 0xff,
    0xff, 0xff, 0xff, 0xff, 0xff, 0xff, 0xff, 0xff, 0xff, 0xff, 0xff, 0xff, 0xff, 0xff, 0xa6, 0x31,
    0x00, 0x00, 0x00, 0x00, 0x00, 0x00, 0x00, 0x00, 0x00, 0x00, 0x00, 0x00, 0x00, 0x00, 0x00, 0x00,
    0x2c, 0xe6, 0x8c, 0xf6, 0xa0, 0x18, 0xe0, 0x20, 0xa5, 0xcb, 0x07, 0xcc, 0xca, 0xd4, 0x6d, 0xdd,
    0x10, 0xee, 0x50, 0xee, 0xef, 0xed, 0xf2, 0xe5, 0xff, 0xff, 0xff, 0xff, 0xff, 0xff, 0xff, 0xff,
    0xff, 0xff, 0xff, 0xff, 0xff, 0xff, 0xff, 0xff, 0xff, 0xff, 0xff, 0xff, 0xff, 0xff, 0xcb, 0x5a,
    0x00, 0x00, 0x00, 0x00, 0x00, 0x00, 0x00, 0x00, 0x00, 0x00, 0x00, 0x00, 0x00, 0x00, 0x00, 0x00,
    0xc5, 0x62, 0x8c, 0xf6, 0xa0, 0x18, 0xe0, 0x20, 0xa5, 0xcb, 0x07, 0xcc, 0xca, 0xd4, 0x6d, 0xdd,
    0x30, 0xee, 0x51, 0xee, 0x0f, 0xee, 0x34, 0xe6, 0xff, 0xff, 0xff, 0xff, 0xff, 0xff, 0xff, 0xff,
    0xff, 0xff, 0xff, 0xff, 0xff, 0xff, 0xff, 0xff, 0xff, 0xff, 0xff, 0xff, 0xff, 0xff, 0x8e, 0x73,
    0x00, 0x00, 0x00, 0x00, 0x00, 0x00, 0x00, 0x00, 0x00, 0x00, 0x00, 0x00, 0x00, 0x00, 0x00, 0x00,
    0xe5, 0x62, 0x86, 0x83, 0x80, 0x10, 0xe0, 0x20, 0xa5, 0xcb, 0x07, 0xcc, 0xcb, 0xdc, 0x8d, 0xe5,
    0x30, 0xee, 0x51, 0xee, 0x0f, 0xee, 0x54, 0xe6, 0xff, 0xff, 0xff, 0xff, 0xff, 0xff, 0xff, 0xff,
    0xff, 0xff, 0xff, 0xff, 0xff, 0xff, 0xff, 0xff, 0xff, 0xff, 0xff, 0xff, 0xff, 0xff, 0xaf, 0x73,
    0x00, 0x00, 0x00, 0x00, 0x00, 0x00, 0x00, 0x00, 0x00, 0x00, 0x00, 0x00, 0x00, 0x00, 0x00, 0x00,
    0x05, 0x6b, 0xa6, 0x8b, 0x80, 0x10, 0xe0, 0x20, 0xa6, 0xcb, 0x07, 0xcc, 0xeb, 0xdc, 0x8d, 0xe5,
    0x30, 0xee, 0x51, 0xee, 0x0f, 0xee, 0x33, 0xe6, 0xff, 0xff, 0xff, 0xff, 0xff, 0xff, 0xff, 0xff,
    0xff, 0xff, 0xff, 0xff, 0xff, 0xff, 0xff, 0xff, 0xff, 0xff, 0xff, 0xff, 0xff, 0xff, 0x4d, 0x6b,
    0x00, 0x00, 0x00, 0x00, 0x00, 0x00, 0x00, 0x00, 0x00, 0x00, 0x00, 0x00, 0x00, 0x00, 0x00, 0x00,
    0x40, 0x00, 0x01, 0x21, 0x80, 0x10, 0x24, 0xc3, 0xa6, 0xcb, 0x07, 0xcc, 0xeb, 0xdc, 0x8d, 0xe5,
    0x30, 0xee, 0x51, 0xee, 0x0f, 0xee, 0xd1, 0xe5, 0xff, 0xff, 0xff, 0xff, 0xff, 0xff, 0xff, 0xff,
    0xff, 0xff, 0xff, 0xff, 0xff, 0xff, 0xff, 0xff, 0xff, 0xff, 0xff, 0xff, 0xff, 0xff, 0x49, 0x4a,
    0x00, 0x00, 0x00, 0x00, 0x00, 0x00, 0x00, 0x00, 0x00, 0x00, 0x00, 0x00, 0x00, 0x00, 0x00, 0x00,
    0x40, 0x08, 0x21, 0x29, 0x41, 0x39, 0x44, 0xc3, 0xc6, 0xcb, 0x28, 0xd4, 0xeb, 0xdc, 0x8e, 0xe5,
    0x30, 0xee, 0x71, 0xee, 0x0f, 0xee, 0x8d, 0xdd, 0xdf, 0xff, 0xff, 0xff, 0xff, 0xff, 0xff, 0xff,
    0xff, 0xff, 0xff, 0xff, 0xff, 0xff, 0xff, 0xff, 0xff, 0xff, 0xff, 0xff, 0xbe, 0xf7, 0x24, 0x21,
    0x00, 0x00, 0x00, 0x00, 0x00, 0x00, 0x00, 0x00, 0x00, 0x00, 0x00, 0x00, 0x00, 0x00, 0x00, 0x00,
    0x40, 0x08, 0x41, 0x29, 0x41, 0x39, 0x44, 0xc3, 0xc6, 0xcb, 0x28, 0xd4, 0xeb, 0xdc, 0x8e, 0xe5,
    0x30, 0xee, 0x71, 0xee, 0x0f, 0xee, 0x4b, 0xdd, 0x5b, 0xf7, 0xff, 0xff, 0xff, 0xff, 0xff, 0xff,
    0xff, 0xff, 0xff, 0xff, 0xff, 0xff, 0xff, 0xff, 0xff, 0xff, 0xff, 0xff, 0x79, 0xce, 0x00, 0x00,
    0x00, 0x00, 0x00, 0x00, 0x00, 0x00, 0x00, 0x00, 0x00, 0x00, 0x00, 0x00, 0x00, 0x00, 0x00, 0x00,
    0x87, 0xc4, 0xe7, 0xd4, 0x61, 0x39, 0x44, 0xc3, 0xc6, 0xcb, 0x48, 0xd4, 0xeb, 0xdc, 0x8e, 0xe5,
    0x30, 0xee, 0x71, 0xee, 0x0f, 0xee, 0x6c, 0xe5, 0x54, 0xee, 0xff, 0xff, 0xff, 0xff, 0xff, 0xff,
    0xff, 0xff, 0xff, 0xff, 0xff, 0xff, 0xff, 0xff, 0xff, 0xff, 0xff, 0xff, 0x51, 0x8c, 0x00, 0x00,
    0x00, 0x00, 0x00, 0x00, 0x00, 0x00, 0x00, 0x00, 0x00, 0x00, 0x00, 0x00, 0x00, 0x00, 0x00, 0x00,
    0x87, 0xc4, 0xe7, 0xd4, 0x28, 0xdd, 0x44, 0xc3, 0xc6, 0xcb, 0x48, 0xd4, 0x0b, 0xdd, 0x8e, 0xe5,
    0x30, 0xee, 0x71, 0xee, 0x0f, 0xee, 0x6c, 0xe5, 0x4d, 0xe5, 0xff, 0xff, 0xff, 0xff, 0xff, 0xff,
    0xff, 0xff, 0xff, 0xff, 0xff, 0xff, 0xff, 0xff, 0xff, 0xff, 0xff, 0xff, 0xe8, 0x39, 0x00, 0x00,
    0x00, 0x00, 0x00, 0x00, 0x00, 0x00, 0x00, 0x00, 0x00, 0x00, 0x00, 0x00, 0x00, 0x00, 0x00, 0x00,
    0x87, 0xc4, 0xe7, 0xd4, 0x28, 0xdd, 0x44, 0xc3, 0xc6, 0xcb, 0x48, 0xd4, 0x0b, 0xdd, 0x8e, 0xe5,
    0x30, 0xee, 0x71, 0xee, 0x0f, 0xee, 0x6c, 0xe5, 0xc9, 0xe4, 0x9d, 0xff, 0xff, 0xff, 0xff, 0xff,
    0xff, 0xff, 0xff, 0xff, 0xff, 0xff, 0xff, 0xff, 0xff, 0xff, 0x5d, 0xef, 0x61, 0x08, 0x00, 0x00,
    0x00, 0x00, 0x00, 0x00, 0x00, 0x00, 0x00, 0x00, 0x00, 0x00, 0x00, 0x00, 0x00, 0x00, 0x00, 0x00,
    0x0b, 0xe6, 0x8c, 0xf6, 0xe0, 0x20, 0x44, 0xcb, 0xa5, 0xcb, 0x48, 0xd4, 0x0b, 0xdd, 0xae, 0xe5,
    0x50, 0xee, 0xf3, 0xf6, 0x50, 0xee, 0x5c, 0xef, 0xbe, 0xf7, 0xdf, 0xff, 0xbf, 0xf7, 0xbf, 0xf7,
    0xbe, 0xf7, 0xbf, 0xf7, 0xbf, 0xf7, 0xbe, 0xf7, 0x9e, 0xf7, 0xbf, 0xf7, 0x9e, 0xf7, 0xda, 0xde,
    0x20, 0x00, 0x00, 0x00, 0x00, 0x00, 0x00, 0x00, 0x00, 0x00, 0x00, 0x00, 0x00, 0x00, 0x00, 0x00,
    0x0b, 0xe6, 0x8c, 0xf6, 0xe0, 0x20, 0x44, 0xcb, 0xa5, 0xcb, 0x48, 0xd4, 0x0b, 0xdd, 0xae, 0xe5,
    0x50, 0xee, 0xf3, 0xf6, 0x50, 0xee, 0x3b, 0xef, 0xbf, 0xf7, 0xdf, 0xff, 0xdf, 0xff, 0xbf, 0xf7,
    0xbf, 0xf7, 0xbf, 0xf7, 0xbf, 0xf7, 0xbf, 0xf7, 0x9e, 0xf7, 0xbf, 0xf7, 0xbf, 0xf7, 0xf8, 0xbd,
    0x49, 0x4a, 0x66, 0x29, 0x00, 0x00, 0x00, 0x00, 0x00, 0x00, 0x00, 0x00, 0x00, 0x00, 0x00, 0x00,
    0x26, 0x73, 0x07, 0x9c, 0xe0, 0x20, 0x44, 0xcb, 0xa5, 0xcb, 0x48, 0xd4, 0x0b, 0xdd, 0xce, 0xe5,
    0x50, 0xee, 0xf3, 0xf6, 0x50, 0xee, 0xd8, 0xee, 0xbf, 0xf7, 0xdf, 0xff, 0xdf, 0xff, 0xbf, 0xf7,
    0xbf, 0xf7, 0xdf, 0xff, 0xbf, 0xf7, 0xbf, 0xf7, 0xbe, 0xf7, 0xbf, 0xf7, 0xbf, 0xf7, 0x18, 0xc6,
    0x55, 0xad, 0xf0, 0x7b, 0xa3, 0x10, 0x00, 0x00, 0x00, 0x00, 0x00, 0x00, 0x00, 0x00, 0x00, 0x00,
    0x25, 0x73, 0x07, 0x94, 0xc0, 0x20, 0x44, 0xcb, 0xa5, 0xcb, 0x48, 0xd4, 0x0b, 0xdd, 0xce, 0xe5,
    0x50, 0xee, 0xf3, 0xf6, 0x50, 0xee, 0x54, 0xe6, 0xbf, 0xf7, 0xdf, 0xff, 0xdf, 0xff, 0xdf, 0xff,
    0xbf, 0xf7, 0xdf, 0xff, 0xdf, 0xff, 0xbf, 0xf7, 0xbe, 0xf7, 0xbf, 0xf7, 0x7e, 0xef, 0xdb, 0xde,
    0x5d, 0xef, 0x39, 0xc6, 0xe8, 0x39, 0x00, 0x00, 0x00, 0x00, 0x00, 0x00, 0x00, 0x00, 0x00, 0x00,
    0x20, 0x00, 0x07, 0x94, 0xc0, 0x20, 0x44, 0xcb, 0xa5, 0xcb, 0x48, 0xd4, 0x0b, 0xdd, 0xae, 0xe5,
    0x50, 0xee, 0xf3, 0xf6, 0x50, 0xf6, 0xcf, 0xe5, 0xbf, 0xf7, 0xdf, 0xff, 0xdf, 0xff, 0xdf, 0xff,
    0xbf, 0xf7, 0xdf, 0xff, 0xdf, 0xff, 0xbf, 0xf7, 0xbe, 0xf7, 0xbf, 0xf7, 0x7e, 0xef, 0x7e, 0xef,
    0xdf, 0xff, 0x7e, 0xef, 0x4d, 0x6b, 0x00, 0x00, 0x00, 0x00, 0x00, 0x00, 0x00, 0x00, 0x00, 0x00,
    0x00, 0x00, 0x61, 0x29, 0x61, 0x39, 0x44, 0xcb, 0xa5, 0xcb, 0x48, 0xd4, 0x0b, 0xdd, 0xae, 0xe5,
    0x50, 0xee, 0xf3, 0xf6, 0x50, 0xf6, 0x8c, 0xe5, 0x9e, 0xf7, 0xdf, 0xff, 0xdf, 0xff, 0xdf, 0xff,
    0xbf, 0xf7, 0xdf, 0xff, 0xdf, 0xff, 0xbf, 0xf7, 0xbe, 0xf7, 0xbf, 0xf7, 0x7e, 0xef, 0xdf, 0xff,
    0xdf, 0xff, 0xdf, 0xff, 0x92, 0x94, 0x00, 0x00, 0x00, 0x00, 0x00, 0x00, 0x00, 0x00, 0x00, 0x00,
    0x00, 0x00, 0x21, 0x21, 0x61, 0x39, 0x44, 0xcb, 0xa5, 0xcb, 0x48, 0xd4, 0x0b, 0xdd, 0xae, 0xe5,
    0x50, 0xee, 0xf3, 0xf6, 0x4f, 0xf6, 0x6b, 0xed, 0x1a, 0xef, 0xdf, 0xff, 0xdf, 0xff, 0xbf, 0xf7,
    0xbf, 0xf7, 0xdf, 0xff, 0xbf, 0xf7, 0xbf, 0xf7, 0x9e, 0xf7, 0xbf, 0xf7, 0x3d, 0xe7, 0xdf, 0xff,
    0xdf, 0xff, 0xdf, 0xff, 0x76, 0xad, 0x00, 0x00, 0x00, 0x00, 0x00, 0x00, 0x00, 0x00, 0x00, 0x00,
    0x00, 0x00, 0x80, 0x10, 0x61, 0x39, 0x43, 0xcb, 0xa5, 0xcb, 0x27, 0xd4, 0x0b, 0xdd, 0xae, 0xe5,
    0x50, 0xee, 0xf3, 0xf6, 0x4f, 0xf6, 0x6b, 0xed, 0x34, 0xe6, 0xdf, 0xff, 0xbf, 0xf7, 0xbf, 0xf7,
    0xbf, 0xf7, 0xbf, 0xf7, 0xbf, 0xf7, 0xbe, 0xf7, 0x9e, 0xf7, 0xbf, 0xf7, 0xfc, 0xde, 0xdf, 0xff,
    0xdf, 0xff, 0xdf, 0xff, 0x18, 0xc6, 0x41, 0x08, 0x00, 0x00, 0x00, 0x00, 0x00, 0x00, 0x00, 0x00,
    0x26, 0xb4, 0xc7, 0xcc, 0x28, 0xdd, 0xe0, 0x28, 0xa5, 0xcb, 0x27, 0xd4, 0xeb, 0xdc, 0xae, 0xe5,
    0x50, 0xee, 0xf3, 0xf6, 0x4f, 0xf6, 0x6b, 0xed, 0x4e, 0xdd, 0xbf, 0xf7, 0xbf, 0xf7, 0xbf, 0xf7,
    0xbe, 0xf7, 0xbf, 0xf7, 0xbe, 0xf7, 0x9e, 0xf7, 0x9e, 0xf7, 0x9e, 0xf7, 0xdb, 0xde, 0xdf, 0xff,
    0xdf, 0xff, 0xdf, 0xff, 0x7a, 0xce, 0xa2, 0x10, 0x00, 0x00, 0x00, 0x00, 0x00, 0x00, 0x00, 0x00,
    0x26, 0xb4, 0xc7, 0xcc, 0x28, 0xdd, 0xe0, 0x28, 0xa5, 0xcb, 0x07, 0xd4, 0xeb, 0xdc, 0xad, 0xe5,
    0x30, 0xee, 0xf3, 0xf6, 0x2f, 0xee, 0x6b, 0xed, 0xca, 0xdc, 0xbf, 0xf7, 0xbf, 0xf7, 0xbf, 0xf7,
    0x9e, 0xf7, 0xbe, 0xf7, 0x9e, 0xf7, 0x9e, 0xf7, 0x7e, 0xef, 0x9e, 0xf7, 0x9a, 0xd6, 0xdf, 0xff,
    0xdf, 0xff, 0xdf, 0xff, 0x5a, 0xce, 0x04, 0x21, 0x00, 0x00, 0x00, 0x00, 0x00, 0x00, 0x00, 0x00,
    0x00, 0x00, 0x60, 0x10, 0x28, 0xdd, 0xe0, 0x20, 0x85, 0xcb, 0x07, 0xd4, 0xea, 0xdc, 0xad, 0xe5,
    0x30, 0xee, 0xf3, 0xf6, 0x2f, 0xee, 0x4b, 0xed, 0xa8, 0xdc, 0xbf, 0xf7, 0xbf, 0xf7, 0x9e, 0xf7,
    0x9e, 0xf7, 0x9e, 0xf7, 0x9e, 0xf7, 0x9e, 0xf7, 0x7e, 0xef, 0x7e, 0xef, 0xf8, 0xbd, 0xdf, 0xff,
    0xdf, 0xff, 0xdf, 0xff, 0xf8, 0xbd, 0x04, 0x21, 0x00, 0x00, 0x00, 0x00, 0x00, 0x00, 0x00, 0x00,
    0x00, 0x00, 0x60, 0x10, 0x61, 0x39, 0xe0, 0x20, 0x85, 0xcb, 0x07, 0xd4, 0xea, 0xdc, 0xad, 0xe5,
    0x30, 0xee, 0xf3, 0xf6, 0x2f, 0xee, 0x4b, 0xed, 0x66, 0xdc, 0xbf, 0xf7, 0xbe, 0xf7, 0x9e, 0xf7,
    0x9e, 0xf7, 0x9e, 0xf7, 0x7e, 0xef, 0x7e, 0xef, 0x7e, 0xef, 0x7e, 0xef, 0xf4, 0x9c, 0x5e, 0xef,
    0xbf, 0xf7, 0x7e, 0xef, 0xd3, 0x9c, 0xa2, 0x10, 0x00, 0x00, 0x00, 0x00, 0x00, 0x00, 0x00, 0x00,
    0x00, 0x00, 0x60, 0x10, 0x61, 0x39, 0xe0, 0x20, 0x85, 0xcb, 0x07, 0xd4, 0xca, 0xdc, 0x8d, 0xe5,
    0x30, 0xee, 0xf3, 0xf6, 0x2f, 0xee, 0x4a, 0xed, 0x87, 0xdc, 0x9e, 0xf7, 0x9e, 0xf7, 0x9e, 0xf7,
    0x9e, 0xf7, 0x9e, 0xf7, 0x7e, 0xef, 0x7e, 0xef, 0x7e, 0xef, 0x7e, 0xef, 0x6e, 0x6b, 0xf8, 0xbd,
    0xbb, 0xd6, 0xf8, 0xbd, 0x2d, 0x63, 0x20, 0x00, 0x00, 0x00, 0x00, 0x00, 0x00, 0x00, 0x00, 0x00,
    0x00, 0x00, 0x25, 0x73, 0x61, 0x39, 0xe0, 0x20, 0x85, 0xcb, 0x07, 0xd4, 0xca, 0xdc, 0x8d, 0xe5,
    0x30, 0xee, 0xf3, 0xf6, 0x2f, 0xee, 0x4a, 0xe5, 0xca, 0xd4, 0x9e, 0xf7, 0x9e, 0xf7, 0x9e, 0xf7,
    0x7e, 0xef, 0x7e, 0xef, 0x7e, 0xef, 0x7e, 0xef, 0x5e, 0xef, 0x7e, 0xef, 0x49, 0x4a, 0x4d, 0x6b,
    0x31, 0x84, 0x6e, 0x6b, 0x45, 0x29, 0x00, 0x00, 0x00, 0x00, 0x00, 0x00, 0x00, 0x00, 0x00, 0x00,
    0x24, 0x52, 0x25, 0x73, 0xa0, 0x18, 0xe0, 0x20, 0x84, 0xcb, 0x06, 0xd4, 0xca, 0xdc, 0x8d, 0xe5,
    0x30, 0xee, 0xf3, 0xf6, 0x2f, 0xee, 0x4a, 0xe5, 0x4f, 0xdd, 0x9e, 0xf7, 0x9e, 0xf7, 0x9e, 0xf7,
    0x7e, 0xef, 0x7e, 0xef, 0x7e, 0xef, 0x7e, 0xef, 0x5e, 0xef, 0x7e, 0xef, 0xcb, 0x5a, 0xe3, 0x18,
    0x45, 0x29, 0x04, 0x21, 0x00, 0x00, 0x00, 0x00, 0x00, 0x00, 0x00, 0x00, 0x00, 0x00, 0x00, 0x00,
    0x24, 0x52, 0x25, 0x73, 0xa0, 0x18, 0xe0, 0x20, 0x84, 0xcb, 0x06, 0xd4, 0xca, 0xdc, 0x8d, 0xe5,
    0x30, 0xee, 0xf3, 0xf6, 0x2f, 0xee, 0x2a, 0xe5, 0x56, 0xe6, 0x9e, 0xf7, 0x9e, 0xf7, 0x9e, 0xf7,
    0x7e, 0xef, 0x7e, 0xef, 0x5e, 0xef, 0x7e, 0xef, 0x5e, 0xef, 0x5e, 0xef, 0xd4, 0x9c, 0x00, 0x00,
    0x00, 0x00, 0x00, 0x00, 0x00, 0x00, 0x00, 0x00, 0x00, 0x00, 0x00, 0x00, 0x00, 0x00, 0x00, 0x00,
    0x0b, 0xe6, 0x8c, 0xf6, 0xa0, 0x18, 0xe0, 0x20, 0x84, 0xcb, 0xe6, 0xd3, 0xca, 0xdc, 0x8d, 0xe5,
    0x30, 0xee, 0xf3, 0xf6, 0x2f, 0xee, 0x2a, 0xe5, 0x3c, 0xef, 0x9e, 0xf7, 0x9e, 0xf7, 0x9e, 0xf7,
    0x7e, 0xef, 0x7e, 0xef, 0x5e, 0xef, 0x5e, 0xef, 0x5e, 0xef, 0x5e, 0xef, 0xbb, 0xd6, 0x00, 0x00,
    0x00, 0x00, 0x00, 0x00, 0x00, 0x00, 0x00, 0x00, 0x00, 0x00, 0x00, 0x00, 0x00, 0x00, 0x00, 0x00,
    0x0b, 0xe6, 0x8c, 0xf6, 0xa0, 0x18, 0xe0, 0x20, 0x84, 0xcb, 0xe6, 0xd3, 0xca, 0xdc, 0x8d, 0xe5,
    0x30, 0xee, 0xf3, 0xf6, 0x2f, 0xee, 0x4c, 0xe5, 0x7e, 0xef, 0x9e, 0xf7, 0x9e, 0xf7, 0x9e, 0xf7,
    0x7e, 0xef, 0x7e, 0xef, 0x5e, 0xef, 0x5e, 0xef, 0x5e, 0xef, 0x5e, 0xef, 0x5e, 0xef, 0x49, 0x9c,
    0x00, 0x00, 0x00, 0x00, 0x00, 0x00, 0x00, 0x00, 0x00, 0x00, 0x00, 0x00, 0x00, 0x00, 0x00, 0x00,
    0x0b, 0xe6, 0x8c, 0xf6, 0xa0, 0x18, 0xe0, 0x20, 0x64, 0xcb, 0xe6, 0xd3, 0xca, 0xdc, 0x8d, 0xe5,
    0x30, 0xee, 0xf3, 0xf6, 0x2f, 0xee, 0xd0, 0xdd, 0x7e, 0xef, 0x9e, 0xf7, 0x9e, 0xf7, 0x9e, 0xf7,
    0x7e, 0xef, 0x7e, 0xef, 0x5e, 0xef, 0x5e, 0xef, 0x5e, 0xef, 0x7e, 0xef, 0x5e, 0xef, 0x8a, 0x52,
    0x00, 0x00, 0x00, 0x00, 0x00, 0x00, 0x00, 0x00, 0x00, 0x00, 0x00, 0x00, 0x00, 0x00, 0x00, 0x00,
    0x64, 0x5a, 0x46, 0x7b, 0xa0, 0x18, 0xe0, 0x20, 0x64, 0xcb, 0xe6, 0xd3, 0xca, 0xdc, 0x8d, 0xe5,
    0x30, 0xee, 0xf3, 0xf6, 0x2f, 0xee, 0x76, 0xe6, 0x7e, 0xef, 0x9e, 0xf7, 0x9e, 0xf7, 0x9e, 0xf7,
    0x7e, 0xef, 0x7e, 0xef, 0x5e, 0xef, 0x5e, 0xef, 0x5e, 0xef, 0x7e, 0xef, 0x5e, 0xef, 0x52, 0x8c,
    0x00, 0x00, 0x00, 0x00, 0x00, 0x00, 0x00, 0x00, 0x00, 0x00, 0x00, 0x00, 0x00, 0x00, 0x00, 0x00,
    0x64, 0x5a, 0x66, 0x7b, 0xa0, 0x18, 0xe0, 0x20, 0x84, 0xcb, 0xe6, 0xd3, 0xca, 0xdc, 0x8d, 0xe5,
    0x30, 0xee, 0xf3, 0xf6, 0x2f, 0xee, 0xfa, 0xee, 0x7e, 0xef, 0x9e, 0xf7, 0x9e, 0xf7, 0x9e, 0xf7,
    0x7e, 0xef, 0x7e, 0xef, 0x5e, 0xef, 0x5e, 0xef, 0x5e, 0xef, 0x7e, 0xef, 0x5e, 0xef, 0xb7, 0xb5,
    0x00, 0x00, 0x00, 0x00, 0x00, 0x00, 0x00, 0x00, 0x00, 0x00, 0x00, 0x00, 0x00, 0x00, 0x00, 0x00,
    0x00, 0x00, 0x86, 0x83, 0xa0, 0x18, 0xe0, 0x28, 0x84, 0xcb, 0xe7, 0xd3, 0xca, 0xdc, 0x8d, 0xe5,
    0x30, 0xee, 0xf3, 0xf6, 0x2f, 0xee, 0x3c, 0xef, 0x9e, 0xf7, 0x9e, 0xf7, 0x9e, 0xf7, 0x9e, 0xf7,
    0x7e, 0xef, 0x7e, 0xef, 0x7e, 0xef, 0x7e, 0xef, 0x7e, 0xef, 0x7e, 0xef, 0x5e, 0xef, 0x7a, 0xce,
    0x00, 0x00, 0x00, 0x00, 0x00, 0x00, 0x00, 0x00, 0x00, 0x00, 0x00, 0x00, 0x00, 0x00, 0x00, 0x00,
    0x00, 0x00, 0xa0, 0x18, 0x61, 0x39, 0xe0, 0x28, 0x85, 0xcb, 0x07, 0xd4, 0xeb, 0xdc, 0xae, 0xe5,
    0x50, 0xee, 0xf3, 0xf6, 0x50, 0xee, 0x5d, 0xef, 0x9e, 0xf7, 0xbe, 0xf7, 0x9e, 0xf7, 0x9e, 0xf7,
    0x7e, 0xef, 0x7e, 0xef, 0x7e, 0xef, 0x7e, 0xef, 0x7e, 0xef, 0x7e, 0xef, 0x7e, 0xef, 0xbb, 0xd6,
    0x41, 0x08, 0x00, 0x00, 0x00, 0x00, 0x00, 0x00, 0x00, 0x00, 0x00, 0x00, 0x00, 0x00, 0x00, 0x00,
    0x00, 0x00, 0xe0, 0x18, 0x61, 0x39, 0x23, 0xc3, 0x85, 0xcb, 0x07, 0xd4, 0xeb, 0xdc, 0xae, 0xe5,
    0x50, 0xee, 0xf3, 0xf6, 0x50, 0xee, 0x5d, 0xef, 0x9e, 0xf7, 0xbf, 0xf7, 0x9e, 0xf7, 0x9e, 0xf7,
    0x7e, 0xef, 0x9e, 0xf7, 0x7e, 0xef, 0x7e, 0xef, 0x7e, 0xef, 0x9e, 0xf7, 0x7e, 0xef, 0xdb, 0xde,
    0x41, 0x08, 0x00, 0x00, 0x00, 0x00, 0x00, 0x00, 0x00, 0x00, 0x00, 0x00, 0x00, 0x00, 0x00, 0x00,
    0x00, 0x00, 0xa0, 0x10, 0x61, 0x39, 0x23, 0xc3, 0x85, 0xcb, 0x27, 0xd4, 0xeb, 0xdc, 0xae, 0xe5,
    0x50, 0xee, 0xf3, 0xf6, 0x50, 0xee, 0x3c, 0xef, 0x9e, 0xf7, 0xbf, 0xf7, 0xbf, 0xf7, 0x9e, 0xf7,
    0x9e, 0xf7, 0x9e, 0xf7, 0x7e, 0xef, 0x9e, 0xf7, 0x7e, 0xef, 0x9e, 0xf7, 0x7e, 0xef, 0x7a, 0xce,
    0x00, 0x00, 0x00, 0x00, 0x00, 0x00, 0x00, 0x00, 0x00, 0x00, 0x00, 0x00, 0x00, 0x00, 0x00, 0x00,
    0x46, 0xbc, 0xe7, 0xd4, 0x28, 0xdd, 0x23, 0xc3, 0x85, 0xcb, 0x27, 0xd4, 0x0b, 0xdd, 0xae, 0xe5,
    0x50, 0xee, 0xf3, 0xf6, 0x50, 0xee, 0xf9, 0xee, 0x9e, 0xf7, 0xbf, 0xf7, 0xbf, 0xf7, 0xbe, 0xf7,
    0x9e, 0xf7, 0x9e, 0xf7, 0x9e, 0xf7, 0x9e, 0xf7, 0x7e, 0xef, 0x9e, 0xf7, 0x9e, 0xf7, 0x96, 0xb5,
    0x00, 0x00, 0x00, 0x00, 0x00, 0x00, 0x00, 0x00, 0x00, 0x00, 0x00, 0x00, 0x00, 0x00, 0x00, 0x00,
    0x46, 0xbc, 0xe7, 0xd4, 0x28, 0xdd, 0x23, 0xc3, 0x85, 0xcb, 0x28, 0xd4, 0x0b, 0xdd, 0xae, 0xe5,
    0x50, 0xee, 0xf3, 0xf6, 0x50, 0xee, 0x96, 0xe6, 0xbe, 0xf7, 0xbf, 0xf7, 0xbf, 0xf7, 0xbf, 0xf7,
    0x9e, 0xf7, 0xbf, 0xf7, 0x9e, 0xf7, 0x9e, 0xf7, 0x9e, 0xf7, 0x9e, 0xf7, 0x9e, 0xf7, 0x10, 0x84,
    0x00, 0x00, 0x00, 0x00, 0x00, 0x00, 0x00, 0x00, 0x00, 0x00, 0x00, 0x00, 0x00, 0x00, 0x00, 0x00,
    0x00, 0x00, 0xe0, 0x20, 0x28, 0xdd, 0x43, 0xcb, 0x85, 0xcb, 0x48, 0xd4, 0x0b, 0xdd, 0xae, 0xe5,
    0x50, 0xee, 0xf3, 0xf6, 0x51, 0xee, 0x12, 0xe6, 0xbe, 0xf7, 0xdf, 0xff, 0xbf, 0xf7, 0xbf, 0xf7,
    0xbe, 0xf7, 0xbf, 0xf7, 0xbe, 0xf7, 0xbe, 0xf7, 0x9e, 0xf7, 0xbf, 0xf7, 0x9e, 0xf7, 0x08, 0x42,
    0x00, 0x00, 0x00, 0x00, 0x00, 0x00, 0x00, 0x00, 0x00, 0x00, 0x00, 0x00, 0x00, 0x00, 0x00, 0x00,
    0x00, 0x00, 0xa2, 0x41, 0x81, 0x39, 0x44, 0xcb, 0xa5, 0xcb, 0x48, 0xd4, 0x0b, 0xdd, 0xae, 0xe5,
    0x50, 0xee, 0xf3, 0xf6, 0x51, 0xee, 0xce, 0xe5, 0x9e, 0xf7, 0xdf, 0xff, 0xdf, 0xff, 0xbf, 0xf7,
    0xbf, 0xf7, 0xbf, 0xf7, 0xbf, 0xf7, 0xbf, 0xf7, 0x9e, 0xf7, 0xbf, 0xf7, 0x9e, 0xf7, 0x03, 0x19,
    0x86, 0x31, 0xc3, 0x18, 0x00, 0x00, 0x00, 0x00, 0x00, 0x00, 0x00, 0x00, 0x00, 0x00, 0x00, 0x00,
    0x20, 0x00, 0xc2, 0x41, 0x81, 0x39, 0x44, 0xcb, 0xa5, 0xcb, 0x48, 0xd4, 0x0b, 0xdd, 0xae, 0xe5,
    0x50, 0xee, 0xf3, 0xf6, 0x50, 0xee, 0xad, 0xed, 0x1a, 0xef, 0xdf, 0xff, 0xdf, 0xff, 0xbf, 0xf7,
    0xbf, 0xf7, 0xdf, 0xff, 0xbf, 0xf7, 0xbf, 0xf7, 0xbe, 0xf7, 0xbf, 0xf7, 0x59, 0xce, 0x0c, 0x63,
    0x72, 0x8c, 0x0c, 0x63, 0x20, 0x00, 0x00, 0x00, 0x00, 0x00, 0x00, 0x00, 0x00, 0x00, 0x00, 0x00,
    0x46, 0x73, 0xc6, 0x8b, 0xe0, 0x20, 0x03, 0xcb, 0x64, 0xcb, 0xe6, 0xd3, 0xea, 0xdc, 0x8d, 0xe5,
    0x95, 0xee, 0xff, 0xff, 0xbe, 0xf7, 0xfd, 0xde, 0xfd, 0xde, 0xfd, 0xde, 0x1d, 0xe7, 0xfc, 0xde,
    0xdc, 0xde, 0xbc, 0xd6, 0xdc, 0xde, 0xdc, 0xde, 0xbc, 0xd6, 0xbc, 0xd6, 0xdf, 0xff, 0xdf, 0xff,
    0xdf, 0xff, 0xdf, 0xff, 0xdf, 0xff, 0x0c, 0x63, 0x00, 0x00, 0x00, 0x00, 0x00, 0x00, 0x00, 0x00,
    0x46, 0x73, 0xc6, 0x8b, 0xe0, 0x20, 0x03, 0xcb, 0x84, 0xcb, 0xe6, 0xd3, 0xea, 0xdc, 0x8d, 0xe5,
    0xb6, 0xee, 0xff, 0xff, 0xde, 0xf7, 0xfc, 0xde, 0xfd, 0xde, 0xfd, 0xde, 0x1d, 0xe7, 0xfd, 0xde,
    0xdc, 0xde, 0xbc, 0xd6, 0xdc, 0xde, 0xdc, 0xde, 0xbc, 0xd6, 0xdc, 0xde, 0xdf, 0xff, 0xdf, 0xff,
    0xdf, 0xff, 0xdf, 0xff, 0xdf, 0xff, 0xf0, 0x7b, 0x00, 0x00, 0x00, 0x00, 0x00, 0x00, 0x00, 0x00,
    0x60, 0x08, 0x40, 0x29, 0xa1, 0x41, 0x23, 0xcb, 0x64, 0xcb, 0xe6, 0xd3, 0xea, 0xdc, 0x8d, 0xe5,
    0xb6, 0xee, 0xff, 0xff, 0xff, 0xff, 0xfd, 0xde, 0xfd, 0xde, 0xfd, 0xde, 0x1d, 0xe7, 0xfd, 0xde,
    0xdc, 0xde, 0xbc, 0xd6, 0xdc, 0xde, 0xdc, 0xde, 0xbc, 0xd6, 0x1d, 0xe7, 0xdf, 0xff, 0xdf, 0xff,
    0xdf, 0xff, 0xdf, 0xff, 0xdf, 0xff, 0x93, 0x94, 0x00, 0x00, 0x00, 0x00, 0x00, 0x00, 0x00, 0x00,
    0x20, 0x00, 0x41, 0x29, 0xa1, 0x41, 0x03, 0xcb, 0x84, 0xcb, 0xe6, 0xd3, 0xea, 0xdc, 0x8d, 0xe5,
    0xb6, 0xee, 0xff, 0xff, 0xff, 0xff, 0x1d, 0xe7, 0xfd, 0xde, 0xfd, 0xde, 0x1d, 0xe7, 0xfd, 0xde,
    0xdc, 0xde, 0xbc, 0xd6, 0xdc, 0xde, 0xbc, 0xd6, 0xbc, 0xd6, 0x1d, 0xe7, 0xdf, 0xff, 0xdf, 0xff,
    0xdf, 0xff, 0xdf, 0xff, 0xdf, 0xff, 0x14, 0xa5, 0x00, 0x00, 0x00, 0x00, 0x00, 0x00, 0x00, 0x00,
    0x00, 0x00, 0x00, 0x29, 0x28, 0xe5, 0x03, 0xcb, 0x84, 0xcb, 0xe6, 0xd3, 0xea, 0xdc, 0x8d, 0xe5,
    0x95, 0xee, 0xdf, 0xff, 0xff, 0xff, 0x5d, 0xe7, 0xfd, 0xde, 0xfd, 0xde, 0x1d, 0xe7, 0xfd, 0xde,
    0xdc, 0xde, 0xbc, 0xd6, 0xdc, 0xde, 0xbc, 0xd6, 0xbc, 0xd6, 0x3d, 0xe7, 0xdf, 0xff, 0xdf, 0xff,
    0xdf, 0xff, 0xdf, 0xff, 0xdf, 0xff, 0x96, 0xb5, 0x00, 0x00, 0x00, 0x00, 0x00, 0x00, 0x00, 0x00,
    0x66, 0xbc, 0xc7, 0xcc, 0x28, 0xe5, 0x02, 0xcb, 0x64, 0xcb, 0xe6, 0xd3, 0xea, 0xdc, 0x8d, 0xe5,
    0x53, 0xe6, 0xbd, 0xff, 0xff, 0xff, 0x9e, 0xef, 0xfd, 0xde, 0xfd, 0xde, 0x1d, 0xe7, 0xfd, 0xde,
    0xdc, 0xde, 0xbc, 0xd6, 0xdc, 0xde, 0xbc, 0xd6, 0xbc, 0xd6, 0x5e, 0xef, 0xdf, 0xff, 0xdf, 0xff,
    0xdf, 0xff, 0xdf, 0xff, 0xdf, 0xff, 0x18, 0xc6, 0x00, 0x00, 0x00, 0x00, 0x00, 0x00, 0x00, 0x00,
    0x66, 0xbc, 0xa7, 0xcc, 0x28, 0xe5, 0x02, 0xcb, 0x64, 0xcb, 0xe6, 0xd3, 0xca, 0xdc, 0x8d, 0xe5,
    0x30, 0xe6, 0x5b, 0xf7, 0xff, 0xff, 0xde, 0xf7, 0xfc, 0xde, 0xfd, 0xde, 0x1d, 0xe7, 0xfd, 0xde,
    0xdc, 0xde, 0xbc, 0xd6, 0xdc, 0xde, 0xbc, 0xd6, 0xbc, 0xd6, 0x7e, 0xef, 0xdf, 0xff, 0xdf, 0xff,
    0xdf, 0xff, 0xdf, 0xff, 0xdf, 0xff, 0xbb, 0xd6, 0x00, 0x00, 0x00, 0x00, 0x00, 0x00, 0x00, 0x00,
    0x26, 0xb4, 0xa7, 0xcc, 0x28, 0xe5, 0xe0, 0x28, 0x64, 0xcb, 0xc5, 0xcb, 0xca, 0xdc, 0x6c, 0xe5,
    0xee, 0xed, 0xf8, 0xee, 0xde, 0xff, 0xff, 0xff, 0xfc, 0xde, 0xfc, 0xde, 0x1d, 0xe7, 0xfd, 0xde,
    0xdc, 0xde, 0xbc, 0xd6, 0xdc, 0xde, 0xbc, 0xd6, 0x9b, 0xce, 0xbf, 0xf7, 0xdf, 0xff, 0xdf, 0xff,
    0xdf, 0xff, 0xdf, 0xff, 0xdf, 0xff, 0x5d, 0xef, 0x00, 0x00, 0x00, 0x00, 0x00, 0x00, 0x00, 0x00,
    0x00, 0x00, 0x40, 0x00, 0x81, 0x41, 0xe0, 0x28, 0x64, 0xcb, 0xc5, 0xcb, 0xc9, 0xdc, 0x6c, 0xe5,
    0xcd, 0xe5, 0x94, 0xe6, 0x7b, 0xf7, 0x9d, 0xff, 0xda, 0xe6, 0xfc, 0xde, 0x1d, 0xe7, 0xfd, 0xde,
    0xdc, 0xde, 0xbc, 0xd6, 0xdc, 0xde, 0xbc, 0xd6, 0xbc, 0xd6, 0xbf, 0xf7, 0xdf, 0xff, 0xdf, 0xff,
    0xdf, 0xff, 0xdf, 0xff, 0xdf, 0xff, 0xbf, 0xf7, 0x61, 0x08, 0x00, 0x00, 0x00, 0x00, 0x00, 0x00,
    0x00, 0x00, 0x00, 0x00, 0x61, 0x39, 0xe0, 0x28, 0x64, 0xcb, 0xc5, 0xd3, 0xa9, 0xdc, 0x6c, 0xe5,
    0xee, 0xed, 0x51, 0xe6, 0xf7, 0xee, 0xf9, 0xf6, 0x56, 0xe6, 0xfc, 0xde, 0x1d, 0xe7, 0xfd, 0xde,
    0xdc, 0xde, 0xbc, 0xd6, 0xdc, 0xde, 0xbc, 0xd6, 0x9c, 0xd6, 0xdf, 0xff, 0xdf, 0xff, 0xdf, 0xff,
    0xdf, 0xff, 0xdf, 0xff, 0xdf, 0xff, 0xdf, 0xff, 0x25, 0x21, 0x00, 0x00, 0x00, 0x00, 0x00, 0x00,
    0x00, 0x00, 0x20, 0x00, 0x61, 0x39, 0xe0, 0x28, 0x64, 0xcb, 0xc5, 0xcb, 0xa9, 0xdc, 0x6c, 0xe5,
    0xee, 0xed, 0x2f, 0xe6, 0x73, 0xee, 0x54, 0xee, 0x90, 0xdd, 0xfc, 0xde, 0x1d, 0xe7, 0xfd, 0xde,
    0xdc, 0xde, 0xbc, 0xd6, 0xdc, 0xde, 0xbc, 0xd6, 0xbc, 0xd6, 0xdf, 0xff, 0xdf, 0xff, 0xdf, 0xff,
    0xdf, 0xff, 0xdf, 0xff, 0xdf, 0xff, 0xdf, 0xff, 0x29, 0x42, 0x00, 0x00, 0x00, 0x00, 0x00, 0x00,
    0x64, 0x5a, 0x25, 0x73, 0xa0, 0x18, 0xe0, 0x28, 0x64, 0xcb, 0xc5, 0xcb, 0xa9, 0xdc, 0x6c, 0xe5,
    0xee, 0xed, 0x0e, 0xe6, 0x10, 0xee, 0xf0, 0xe5, 0x0c, 0xdd, 0xfc, 0xde, 0x1d, 0xe7, 0xfd, 0xde,
    0xdc, 0xde, 0xbc, 0xd6, 0xdc, 0xde, 0xbc, 0xd6, 0xdc, 0xd6, 0xdf, 0xff, 0xdf, 0xff, 0xdf, 0xff,
    0xdf, 0xff, 0xdf, 0xff, 0xdf, 0xff, 0xdf, 0xff, 0xec, 0x5a, 0x00, 0x00, 0x00, 0x00, 0x00, 0x00,
    0x44, 0x52, 0x05, 0x73, 0xa0, 0x18, 0xe0, 0x20, 0x43, 0xcb, 0xa5, 0xcb, 0x89, 0xdc, 0x4c, 0xe5,
    0xee, 0xed, 0x0f, 0xee, 0x0f, 0xee, 0x8e, 0xe5, 0xeb, 0xdc, 0xfc, 0xde, 0x1d, 0xe7, 0xfd, 0xde,
    0xdc, 0xde, 0xbc, 0xd6, 0xdc, 0xde, 0xbc, 0xd6, 0xdc, 0xde, 0xdf, 0xff, 0xdf, 0xff, 0xdf, 0xff,
    0xdf, 0xff, 0xdf, 0xff, 0xdf, 0xff, 0xdf, 0xff, 0x2d, 0x63, 0x00, 0x00, 0x00, 0x00, 0x00, 0x00,
    0x44, 0x52, 0x6c, 0xf6, 0xa0, 0x18, 0xe0, 0x20, 0x43, 0xcb, 0xa5, 0xcb, 0x88, 0xdc, 0x4c, 0xe5,
    0xee, 0xed, 0x0f, 0xee, 0xee, 0xed, 0x4c, 0xe5, 0x0d, 0xdd, 0xfc, 0xde, 0x1d, 0xe7, 0xfd, 0xde,
    0xdc, 0xde, 0xbc, 0xd6, 0xdc, 0xde, 0xbc, 0xd6, 0xbc, 0xd6, 0xbf, 0xf7, 0xdf, 0xff, 0xdf, 0xff,
    0xdf, 0xff, 0xdf, 0xff, 0xdf, 0xff, 0xdf, 0xff, 0xec, 0x5a, 0x00, 0x00, 0x00, 0x00, 0x00, 0x00,
    0x0b, 0xe6, 0x6c, 0xf6, 0xa0, 0x18, 0xe0, 0x20, 0x43, 0xcb, 0xa5, 0xcb, 0x88, 0xdc, 0x4c, 0xe5,
    0xee, 0xed, 0x0f, 0xee, 0xee, 0xed, 0x4c, 0xe5, 0xb2, 0xdd, 0xfc, 0xde, 0x1d, 0xe7, 0xfd, 0xde,
    0xdc, 0xde, 0xbc, 0xd6, 0xdc, 0xde, 0xbc, 0xd6, 0xbc, 0xd6, 0x9f, 0xf7, 0xdf, 0xff, 0xdf, 0xff,
    0xdf, 0xff, 0xdf, 0xff, 0xdf, 0xff, 0x3d, 0xe7, 0x08, 0x42, 0x00, 0x00, 0x00, 0x00, 0x00, 0x00,
    0x0b, 0xe6, 0x6c, 0xf6, 0xa0, 0x18, 0xe0, 0x20, 0x43, 0xcb, 0xa5, 0xcb, 0x88, 0xdc, 0x4c, 0xe5,
    0xee, 0xed, 0x0f, 0xee, 0xee, 0xed, 0x6d, 0xe5, 0x58, 0xde, 0xfc, 0xde, 0x1d, 0xe7, 0xfd, 0xde,
    0xdc, 0xde, 0xbc, 0xd6, 0xdc, 0xde, 0xbc, 0xd6, 0xbc, 0xd6, 0x3d, 0xe7, 0xdf, 0xff, 0xdf, 0xff,
    0xdf, 0xff, 0xdf, 0xff, 0xdf, 0xff, 0x96, 0xb5, 0xe3, 0x18, 0x00, 0x00, 0x00, 0x00, 0x00, 0x00,
    0x24, 0x52, 0xe5, 0x6a, 0xa0, 0x18, 0xe0, 0x20, 0x43, 0xcb, 0xa5, 0xcb, 0x88, 0xdc, 0x4c, 0xe5,
    0xce, 0xed, 0x0f, 0xee, 0x0f, 0xee, 0xaf, 0xdd, 0xdc, 0xde, 0xfd, 0xde, 0x1d, 0xe7, 0xfd, 0xde,
    0xdc, 0xde, 0xbc, 0xd6, 0xdc, 0xde, 0xbc, 0xd6, 0x9b, 0xce, 0xbc, 0xd6, 0x9f, 0xf7, 0xdf, 0xff,
    0xdf, 0xff, 0xbf, 0xf7, 0xdb, 0xde, 0x2d, 0x63, 0x00, 0x00, 0x00, 0x00, 0x00, 0x00, 0x00, 0x00,
    0x44, 0x52, 0xe5, 0x72, 0xa0, 0x18, 0xe0, 0x20, 0x43, 0xcb, 0xa5, 0xcb, 0x88, 0xdc, 0x4c, 0xe5,
    0xce, 0xed, 0x0f, 0xee, 0x31, 0xee, 0x34, 0xde, 0xfd, 0xde, 0xfd, 0xde, 0x1d, 0xe7, 0xfd, 0xde,
    0xdc, 0xde, 0xbc, 0xd6, 0xdc, 0xde, 0xbc, 0xd6, 0xbc, 0xd6, 0x9b, 0xd6, 0x1d, 0xe7, 0xbb, 0xd6,
    0x1c, 0xe7, 0x7a, 0xce, 0x51, 0x8c, 0x04, 0x21, 0x00, 0x00, 0x00, 0x00, 0x00, 0x00, 0x00, 0x00,
    0x44, 0x52, 0x05, 0x73, 0xa0, 0x18, 0xe0, 0x20, 0x43, 0xcb, 0xa5, 0xcb, 0x89, 0xdc, 0x4c, 0xe5,
    0xce, 0xed, 0xef, 0xe5, 0x95, 0xee, 0xd9, 0xe6, 0xfd, 0xde, 0xfd, 0xde, 0x1d, 0xe7, 0xfd, 0xde,
    0xdc, 0xde, 0xbc, 0xd6, 0xdc, 0xde, 0xbc, 0xd6, 0xbc, 0xd6, 0x7b, 0xce, 0xbc, 0xd6, 0x58, 0xce,
    0xb3, 0x94, 0xf0, 0x7b, 0xe7, 0x39, 0x00, 0x00, 0x00, 0x00, 0x00, 0x00, 0x00, 0x00, 0x00, 0x00,
    0x00, 0x00, 0x00, 0x00, 0x61, 0x39, 0xe0, 0x28, 0x43, 0xcb, 0xa5, 0xcb, 0x89, 0xdc, 0x4c, 0xe5,
    0xee, 0xed, 0x31, 0xee, 0x19, 0xf7, 0xfc, 0xde, 0xfd, 0xde, 0xfd, 0xde, 0x1d, 0xe7, 0xfd, 0xde,
    0xdc, 0xde, 0xbc, 0xd6, 0xdc, 0xde, 0xbc, 0xd6, 0xbc, 0xd6, 0x9c, 0xd6, 0xbc, 0xd6, 0x38, 0xce,
    0x8a, 0x52, 0xc7, 0x39, 0x82, 0x10, 0x00, 0x00, 0x00, 0x00, 0x00, 0x00, 0x00, 0x00, 0x00, 0x00,
    0x00, 0x00, 0x00, 0x00, 0x61, 0x39, 0xe0, 0x28, 0x43, 0xcb, 0xa5, 0xcb, 0x89, 0xdc, 0x4c, 0xe5,
    0xee, 0xed, 0x73, 0xe6, 0x9d, 0xff, 0xfd, 0xde, 0xfd, 0xde, 0xfd, 0xde, 0x1d, 0xe7, 0xfd, 0xde,
    0xdc, 0xde, 0xbc, 0xd6, 0xdc, 0xde, 0xbc, 0xd6, 0xbc, 0xd6, 0x9c, 0xd6, 0xbc, 0xd6, 0x19, 0xc6,
    0x65, 0x29, 0xe3, 0x18, 0x00, 0x00, 0x00, 0x00, 0x00, 0x00, 0x00, 0x00, 0x00, 0x00, 0x00, 0x00,
    0x00, 0x00, 0x00, 0x00, 0x61, 0x39, 0xe0, 0x28, 0x43, 0xcb, 0xa5, 0xcb, 0xa9, 0xdc, 0x6c, 0xe5,
    0xee, 0xed, 0xd7, 0xee, 0xde, 0xf7, 0xfc, 0xde, 0xfd, 0xde, 0xfd, 0xde, 0x1d, 0xe7, 0xfd, 0xde,
    0xdc, 0xde, 0xbc, 0xd6, 0xdc, 0xde, 0xdc, 0xde, 0xbc, 0xd6, 0x9c, 0xd6, 0xbc, 0xd6, 0x7b, 0xce,
    0x66, 0x29, 0x82, 0x10, 0x00, 0x00, 0x00, 0x00, 0x00, 0x00, 0x00, 0x00, 0x00, 0x00, 0x00, 0x00,
    0x00, 0x00, 0xa7, 0xc4, 0x28, 0xe5, 0xe0, 0x28, 0x43, 0xcb, 0xa5, 0xcb, 0xa9, 0xdc, 0x6c, 0xe5,
    0xee, 0xed, 0x5b, 0xf7, 0xbe, 0xf7, 0xfd, 0xde, 0xfd, 0xde, 0xfd, 0xde, 0x1d, 0xe7, 0xfc, 0xde,
    0xdc, 0xde, 0xbc, 0xd6, 0xdc, 0xde, 0xdc, 0xde, 0xbc, 0xd6, 0x9c, 0xd6, 0xbc, 0xd6, 0xbb, 0xd6,
    0x28, 0x42, 0xe3, 0x18, 0x00, 0x00, 0x00, 0x00, 0x00, 0x00, 0x00, 0x00, 0x00, 0x00, 0x00, 0x00,
    0x26, 0xb4, 0xa7, 0xc4, 0x28, 0xe5, 0xe0, 0x28, 0x44, 0xcb, 0xa5, 0xcb, 0xa9, 0xdc, 0x6c, 0xe5,
    0x10, 0xe6, 0xbd, 0xff, 0xbe, 0xf7, 0xfd, 0xde, 0xfd, 0xde, 0xfd, 0xde, 0x1d, 0xe7, 0xfc, 0xde,
    0xdc, 0xde, 0xbc, 0xd6, 0xdc, 0xde, 0xdc, 0xde, 0xbc, 0xd6, 0x9c, 0xd6, 0xbc, 0xd6, 0xbb, 0xd6,
    0x4d, 0x63, 0xc7, 0x39, 0x20, 0x00, 0x00, 0x00, 0x00, 0x00, 0x00, 0x00, 0x00, 0x00, 0x00, 0x00,
    0x66, 0xbc, 0xc7, 0xcc, 0x28, 0xe5, 0x02, 0xcb, 0x44, 0xcb, 0xc5, 0xcb, 0xaa, 0xdc, 0x6d, 0xe5,
    0x53, 0xe6, 0xdf, 0xff, 0xde, 0xf7, 0xfd, 0xde, 0xfd, 0xde, 0xfd, 0xde, 0x1d, 0xe7, 0xfc, 0xde,
    0xdc, 0xde, 0xbc, 0xd6, 0xdc, 0xde, 0xdc, 0xde, 0xbc, 0xd6, 0x9c, 0xd6, 0xdc, 0xd6, 0xdc, 0xde,
    0x35, 0xa5, 0xaf, 0x73, 0xe3, 0x18, 0x00, 0x00, 0x00, 0x00, 0x00, 0x00, 0x00, 0x00, 0x00, 0x00,
    0x00, 0x00, 0xe0, 0x20, 0xa1, 0x41, 0x02, 0xcb, 0x64, 0xcb, 0xc6, 0xcb, 0xca, 0xdc, 0x6d, 0xe5,
    0x96, 0xee, 0xff, 0xff, 0xdf, 0xff, 0xfd, 0xde, 0xfd, 0xde, 0xfd, 0xde, 0x1d, 0xe7, 0xfd, 0xde,
    0xdc, 0xde, 0xbc, 0xd6, 0xdc, 0xde, 0xdc, 0xde, 0xbc, 0xd6, 0x9c, 0xd6, 0xdc, 0xd6, 0x5e, 0xef,
    0x5d, 0xef, 0x39, 0xc6, 0x49, 0x4a, 0x00, 0x00, 0x00, 0x00, 0x00, 0x00, 0x00, 0x00, 0x00, 0x00,
    0x00, 0x00, 0x00, 0x29, 0xa1, 0x41, 0x02, 0xcb, 0x64, 0xcb, 0xc6, 0xcb, 0xca, 0xdc, 0x6d, 0xe5,
    0xd7, 0xee, 0xff, 0xff, 0xff, 0xff, 0x1d, 0xe7, 0xfd, 0xde, 0xfd, 0xde, 0x1d, 0xe7, 0xfd, 0xde,
    0xdc, 0xde, 0xbc, 0xd6, 0xdc, 0xde, 0xbc, 0xd6, 0xbc, 0xd6, 0x9c, 0xd6, 0x1d, 0xe7, 0xdf, 0xff,
    0xdf, 0xff, 0xbf, 0xf7, 0x72, 0x8c, 0x00, 0x00, 0x00, 0x00, 0x00, 0x00, 0x00, 0x00, 0x00, 0x00,
    0x40, 0x00, 0x00, 0x21, 0xa1, 0x41, 0x02, 0xcb, 0x64, 0xcb, 0xe6, 0xd3, 0xca, 0xdc, 0x8d, 0xe5,
    0x19, 0xef, 0xff, 0xff, 0xff, 0xff, 0x5d, 0xe7, 0xfd, 0xde, 0xfd, 0xde, 0x1d, 0xe7, 0xfd, 0xde,
    0xdc, 0xde, 0xbc, 0xd6, 0xdc, 0xde, 0xbc, 0xd6, 0xbc, 0xd6, 0x7b, 0xce, 0x9e, 0xf7, 0xdf, 0xff,
    0xdf, 0xff, 0xdf, 0xff, 0x9a, 0xd6, 0x41, 0x08, 0x00, 0x00, 0x00, 0x00, 0x00, 0x00, 0x00, 0x00,
    0x46, 0x73, 0xc6, 0x8b, 0xe0, 0x20, 0x03, 0xcb, 0x64, 0xcb, 0xe6, 0xd3, 0xca, 0xdc, 0x8d, 0xe5,
    0x19, 0xef, 0xff, 0xff, 0xff, 0xff, 0x9e, 0xef, 0xfd, 0xde, 0xfd, 0xde, 0x1d, 0xe7, 0xfd, 0xde,
    0xdc, 0xde, 0xbc, 0xd6, 0xdc, 0xde, 0xbc, 0xd6, 0xbc, 0xd6, 0x9b, 0xd6, 0xdf, 0xff, 0xdf, 0xff,
    0xdf, 0xff, 0xdf, 0xff, 0xbf, 0xf7, 0x45, 0x29, 0x00, 0x00, 0x00, 0x00, 0x00, 0x00, 0x00, 0x00,
    0x46, 0x73, 0xc6, 0x8b, 0xe0, 0x20, 0x03, 0xcb, 0x64, 0xcb, 0xe6, 0xd3, 0xea, 0xdc, 0x8d, 0xe5,
    0xf8, 0xee, 0xff, 0xff, 0xff, 0xff, 0xde, 0xf7, 0xfc, 0xde, 0xfd, 0xde, 0x1d, 0xe7, 0xfd, 0xde,
    0xdc, 0xde, 0xbc, 0xd6, 0xdc, 0xde, 0xbc, 0xd6, 0xbc, 0xd6, 0xbc, 0xd6, 0xdf, 0xff, 0xdf, 0xff,
    0xdf, 0xff, 0xdf, 0xff, 0xdf, 0xff, 0xeb, 0x5a, 0x00, 0x00, 0x00, 0x00, 0x00, 0x00, 0x00, 0x00,
    0x80, 0x08, 0x62, 0x31, 0x41, 0x31, 0xe2, 0xca, 0x22, 0xcb, 0x64, 0xcb, 0x27, 0xd4, 0x55, 0xee,
    0xff, 0xff, 0xff, 0xff, 0xde, 0xf7, 0xdc, 0xde, 0xbc, 0xd6, 0xbc, 0xd6, 0x9c, 0xd6, 0xbc, 0xd6,
    0xbc, 0xd6, 0x7b, 0xce, 0x7a, 0xce, 0x9c, 0xd6, 0x3e, 0xe7, 0xdf, 0xff, 0xdf, 0xff, 0xdf, 0xff,
    0xdf, 0xff, 0xdf, 0xff, 0xdf, 0xff, 0xdf, 0xff, 0x76, 0xad, 0x00, 0x00, 0x00, 0x00, 0x00, 0x00,
    0x80, 0x08, 0x61, 0x31, 0x07, 0xdd, 0xe2, 0xca, 0x22, 0xcb, 0x64, 0xcb, 0x47, 0xd4, 0xd8, 0xee,
    0xff, 0xff, 0xff, 0xff, 0xde, 0xf7, 0xfc, 0xde, 0xbc, 0xd6, 0xbc, 0xd6, 0x9c, 0xd6, 0xbc, 0xd6,
    0x9c, 0xd6, 0x9c, 0xd6, 0x9b, 0xd6, 0x9c, 0xd6, 0x1d, 0xe7, 0xdf, 0xff, 0xdf, 0xff, 0xdf, 0xff,
    0xdf, 0xff, 0xdf, 0xff, 0xdf, 0xff, 0xdf, 0xff, 0x72, 0x8c, 0x00, 0x00, 0x00, 0x00, 0x00, 0x00,
    0x40, 0x00, 0xc7, 0xd4, 0x27, 0xdd, 0xe2, 0xca, 0x23, 0xcb, 0x64, 0xcb, 0x47, 0xd4, 0x1a, 0xf7,
    0xff, 0xff, 0xff, 0xff, 0xff, 0xff, 0x1d, 0xe7, 0xbc, 0xd6, 0xbc, 0xd6, 0x9c, 0xd6, 0xbc, 0xd6,
    0x9c, 0xd6, 0x9c, 0xd6, 0x9b, 0xd6, 0x9c, 0xd6, 0xdc, 0xde, 0xdf, 0xff, 0xdf, 0xff, 0xdf, 0xff,
    0xdf, 0xff, 0xdf, 0xff, 0xdf, 0xff, 0xdf, 0xff, 0x4d, 0x6b, 0x00, 0x00, 0x00, 0x00, 0x00, 0x00,
    0x87, 0xc4, 0xc7, 0xcc, 0x27, 0xdd, 0xe2, 0xca, 0x22, 0xcb, 0x84, 0xcb, 0x27, 0xd4, 0x5b, 0xf7,
    0xff, 0xff, 0xff, 0xff, 0xff, 0xff, 0x5d, 0xe7, 0xbc, 0xd6, 0xbc, 0xd6, 0x9c, 0xd6, 0xbc, 0xd6,
    0x9c, 0xd6, 0x9c, 0xd6, 0x9b, 0xd6, 0x9c, 0xd6, 0xbc, 0xd6, 0xdf, 0xff, 0xdf, 0xff, 0xdf, 0xff,
    0xdf, 0xff, 0xdf, 0xff, 0xdf, 0xff, 0xdf, 0xff, 0x6a, 0x4a, 0x00, 0x00, 0x00, 0x00, 0x00, 0x00,
    0x66, 0xbc, 0xc7, 0xcc, 0x41, 0x31, 0x01, 0x29, 0x22, 0xcb, 0x84, 0xcb, 0x27, 0xd4, 0x5b, 0xf7,
    0xff, 0xff, 0xff, 0xff, 0xff, 0xff, 0x9e, 0xf7, 0xbc, 0xd6, 0xbc, 0xd6, 0x9c, 0xd6, 0xbc, 0xd6,
    0x9c, 0xd6, 0x9c, 0xd6, 0x9b, 0xd6, 0x9c, 0xd6, 0xbc, 0xd6, 0xdf, 0xff, 0xdf, 0xff, 0xdf, 0xff,
    0xdf, 0xff, 0xdf, 0xff, 0xdf, 0xff, 0xdf, 0xff, 0xe8, 0x39, 0x00, 0x00, 0x00, 0x00, 0x00, 0x00,
    0x20, 0x00, 0xe0, 0x20, 0x41, 0x31, 0x01, 0x29, 0x22, 0xcb, 0x84, 0xcb, 0x27, 0xd4, 0x5b, 0xf7,
    0xff, 0xff, 0xff, 0xff, 0xff, 0xff, 0xdf, 0xf7, 0xbc, 0xd6, 0xbc, 0xd6, 0x9c, 0xd6, 0xbc, 0xd6,
    0x9c, 0xd6, 0x9c, 0xd6, 0x9b, 0xd6, 0x9c, 0xd6, 0xbc, 0xd6, 0xdf, 0xff, 0xdf, 0xff, 0xdf, 0xff,
    0xdf, 0xff, 0xdf, 0xff, 0xdf, 0xff, 0xdf, 0xff, 0x08, 0x42, 0x00, 0x00, 0x00, 0x00, 0x00, 0x00,
    0x20, 0x00, 0xe1, 0x20, 0x41, 0x31, 0xe1, 0x28, 0x22, 0xcb, 0x64, 0xcb, 0x26, 0xd4, 0x19, 0xf7,
    0xff, 0xff, 0xff, 0xff, 0xff, 0xff, 0xff, 0xff, 0xdc, 0xde, 0xbc, 0xd6, 0x9c, 0xd6, 0xbc, 0xd6,
    0x9c, 0xd6, 0x9c, 0xd6, 0x9b, 0xd6, 0x9c, 0xd6, 0xbc, 0xd6, 0xdf, 0xff, 0xdf, 0xff, 0xdf, 0xff,
    0xdf, 0xff, 0xdf, 0xff, 0xdf, 0xff, 0xdf, 0xff, 0xaa, 0x52, 0x00, 0x00, 0x00, 0x00, 0x00, 0x00,
    0x00, 0x00, 0x80, 0x10, 0x01, 0x31, 0xe1, 0x28, 0x22, 0xcb, 0x63, 0xcb, 0x06, 0xd4, 0xb7, 0xee,
    0xff, 0xff, 0xff, 0xff, 0xff, 0xff, 0xff, 0xff, 0x1d, 0xe7, 0xbc, 0xd6, 0x9c, 0xd6, 0xbc, 0xd6,
    0xbc, 0xd6, 0x9c, 0xd6, 0x9b, 0xd6, 0x9c, 0xd6, 0xfd, 0xde, 0xdf, 0xff, 0xdf, 0xff, 0xdf, 0xff,
    0xdf, 0xff, 0xdf, 0xff, 0xdf, 0xff, 0xdf, 0xff, 0xf0, 0x7b, 0x00, 0x00, 0x00, 0x00, 0x00, 0x00,
    0x00, 0x00, 0x66, 0x83, 0x60, 0x10, 0xe1, 0x28, 0x23, 0xcb, 0x63, 0xcb, 0x06, 0xd4, 0x34, 0xee,
    0xff, 0xff, 0xff, 0xff, 0xff, 0xff, 0xff, 0xff, 0x7d, 0xef, 0xbc, 0xd6, 0xbc, 0xd6, 0xbc, 0xd6,
    0xbc, 0xd6, 0x9c, 0xd6, 0x9b, 0xd6, 0x9c, 0xd6, 0x5e, 0xef, 0xdf, 0xff, 0xdf, 0xff, 0xdf, 0xff,
    0xdf, 0xff, 0xdf, 0xff, 0xdf, 0xff, 0xdf, 0xff, 0x96, 0xb5, 0x00, 0x00, 0x00, 0x00, 0x00, 0x00,
    0xa5, 0x62, 0x66, 0x7b, 0x60, 0x08, 0xe0, 0x28, 0x22, 0xcb, 0x63, 0xcb, 0x06, 0xd4, 0xb0, 0xe5,
    0xff, 0xff, 0xff, 0xff, 0xff, 0xff, 0xff, 0xff, 0xbe, 0xf7, 0xbc, 0xd6, 0xbc, 0xd6, 0xbc, 0xd6,
    0xbc, 0xd6, 0x9c, 0xd6, 0x9b, 0xd6, 0x9c, 0xd6, 0xbf, 0xf7, 0xdf, 0xff, 0xdf, 0xff, 0xdf, 0xff,
    0xdf, 0xff, 0xdf, 0xff, 0xdf, 0xff, 0xdf, 0xff, 0x1c, 0xe7, 0x00, 0x00, 0x00, 0x00, 0x00, 0x00,
    0x85, 0x5a, 0x46, 0x7b, 0x4b, 0xee, 0xe0, 0x20, 0x23, 0xcb, 0x63, 0xcb, 0xe5, 0xd3, 0x2c, 0xdd,
    0xff, 0xff, 0xff, 0xff, 0xff, 0xff, 0xff, 0xff, 0xde, 0xf7, 0xbc, 0xd6, 0xbc, 0xd6, 0xbc, 0xd6,
    0xbc, 0xd6, 0x9c, 0xd6, 0x9b, 0xd6, 0x9c, 0xd6, 0xdf, 0xff, 0xdf, 0xff, 0xdf, 0xff, 0xdf, 0xff,
    0xdf, 0xff, 0xdf, 0xff, 0xdf, 0xff, 0xdf, 0xff, 0xdf, 0xff, 0x41, 0x08, 0x00, 0x00, 0x00, 0x00,
    0x00, 0x00, 0x2b, 0xe6, 0x6c, 0xf6, 0xe0, 0x20, 0x23, 0xcb, 0x63, 0xcb, 0xe5, 0xd3, 0xca, 0xdc,
    0xde, 0xff, 0xff, 0xff, 0xff, 0xff, 0xff, 0xff, 0xde, 0xf7, 0xbc, 0xd6, 0xbc, 0xd6, 0xbc, 0xd6,
    0xbc, 0xd6, 0x9c, 0xd6, 0x9b, 0xd6, 0xbc, 0xd6, 0xdf, 0xff, 0xdf, 0xff, 0xdf, 0xff, 0xdf, 0xff,
    0xdf, 0xff, 0xdf, 0xff, 0xdf, 0xff, 0xdf, 0xff, 0xdf, 0xff, 0x86, 0x31, 0x00, 0x00, 0x00, 0x00,
    0x2c, 0xe6, 0x8c, 0xf6, 0x60, 0x10, 0xe0, 0x20, 0x23, 0xcb, 0x43, 0xcb, 0xc5, 0xd3, 0xa8, 0xdc,
    0x9c, 0xff, 0xff, 0xff, 0xff, 0xff, 0xff, 0xff, 0xde, 0xf7, 0xbc, 0xd6, 0xbc, 0xd6, 0xbc, 0xd6,
    0xbc, 0xd6, 0x9c, 0xd6, 0x9b, 0xd6, 0xdc, 0xde, 0xdf, 0xff, 0xdf, 0xff, 0xdf, 0xff, 0xdf, 0xff,
    0xdf, 0xff, 0xdf, 0xff, 0xdf, 0xff, 0xdf, 0xff, 0xdf, 0xff, 0xec, 0x5a, 0x00, 0x00, 0x00, 0x00,
    0x2c, 0xe6, 0x40, 0x08, 0xe4, 0x6a, 0xe0, 0x20, 0x23, 0xcb, 0x43, 0xcb, 0xc5, 0xd3, 0xa8, 0xdc,
    0x3a, 0xf7, 0xff, 0xff, 0xff, 0xff, 0xff, 0xff, 0xbe, 0xf7, 0xbc, 0xd6, 0xbc, 0xd6, 0xbc, 0xd6,
    0xbc, 0xd6, 0x9c, 0xd6, 0x9c, 0xd6, 0xfd, 0xde, 0xdf, 0xff, 0xdf, 0xff, 0xdf, 0xff, 0xdf, 0xff,
    0xdf, 0xff, 0xdf, 0xff, 0xdf, 0xff, 0xdf, 0xff, 0xdf, 0xff, 0xf0, 0x7b, 0x00, 0x00, 0x00, 0x00,
    0x44, 0x52, 0xe5, 0x6a, 0x40, 0x08, 0xe0, 0x20, 0x23, 0xcb, 0x43, 0xcb, 0xc5, 0xd3, 0xa8, 0xdc,
    0xd8, 0xee, 0xff, 0xff, 0xff, 0xff, 0xff, 0xff, 0x5d, 0xef, 0xbc, 0xd6, 0xbc, 0xd6, 0xbc, 0xd6,
    0xbc, 0xd6, 0x9c, 0xd6, 0x9c, 0xd6, 0x1d, 0xe7, 0xdf, 0xff, 0xdf, 0xff, 0xdf, 0xff, 0xdf, 0xff,
    0xdf, 0xff, 0xdf, 0xff, 0xdf, 0xff, 0xdf, 0xff, 0xdf, 0xff, 0x72, 0x8c, 0x00, 0x00, 0x00, 0x00,
    0x44, 0x52, 0xe5, 0x6a, 0xe0, 0x28, 0xe0, 0x20, 0x23, 0xcb, 0x43, 0xcb, 0xc5, 0xd3, 0xa8, 0xdc,
    0xb7, 0xee, 0xff, 0xff, 0xff, 0xff, 0xff, 0xff, 0x1d, 0xdf, 0xbc, 0xd6, 0xbc, 0xd6, 0xbc, 0xd6,
    0xbc, 0xd6, 0x9c, 0xd6, 0x9c, 0xd6, 0x1d, 0xe7, 0xdf, 0xff, 0xdf, 0xff, 0xdf, 0xff, 0xdf, 0xff,
    0xdf, 0xff, 0xdf, 0xff, 0xdf, 0xff, 0xdf, 0xff, 0xdf, 0xff, 0x51, 0x8c, 0x00, 0x00, 0x00, 0x00,
    0x00, 0x00, 0x00, 0x00, 0x01, 0x31, 0xe0, 0x20, 0x22, 0xcb, 0x43, 0xcb, 0xc4, 0xd3, 0xa8, 0xdc,
    0xd7, 0xee, 0xff, 0xff, 0xff, 0xff, 0xff, 0xff, 0xdc, 0xd6, 0xbc, 0xd6, 0xbc, 0xd6, 0xbc, 0xd6,
    0xbc, 0xd6, 0x9c, 0xd6, 0x9c, 0xd6, 0xfd, 0xde, 0xdf, 0xff, 0xdf, 0xff, 0xdf, 0xff, 0xdf, 0xff,
    0xdf, 0xff, 0xdf, 0xff, 0xdf, 0xff, 0xdf, 0xff, 0xdf, 0xff, 0x8e, 0x73, 0x00, 0x00, 0x00, 0x00,
    0x00, 0x00, 0x00, 0x00, 0x01, 0x31, 0xe0, 0x20, 0x22, 0xcb, 0x43, 0xcb, 0xc5, 0xd3, 0x88, 0xdc,
    0xf8, 0xf6, 0xff, 0xff, 0xff, 0xff, 0xde, 0xf7, 0xbc, 0xd6, 0xbc, 0xd6, 0xbc, 0xd6, 0xbc, 0xd6,
    0xbc, 0xd6, 0x9c, 0xd6, 0x9c, 0xd6, 0xdc, 0xd6, 0xdf, 0xff, 0xdf, 0xff, 0xdf, 0xff, 0xdf, 0xff,
    0xdf, 0xff, 0xdf, 0xff, 0xdf, 0xff, 0xdf, 0xff, 0xdf, 0xff, 0x69, 0x4a, 0x00, 0x00, 0x00, 0x00,
    0x00, 0x00, 0x00, 0x00, 0x07, 0xdd, 0xe0, 0x20, 0x22, 0xcb, 0x43, 0xcb, 0xc5, 0xd3, 0xa8, 0xdc,
    0x3a, 0xf7, 0xff, 0xff, 0xff, 0xff, 0x7e, 0xef, 0xbc, 0xd6, 0xbc, 0xd6, 0xbc, 0xd6, 0xbc, 0xd6,
    0xbc, 0xd6, 0x9c, 0xd6, 0x9c, 0xd6, 0xbc, 0xd6, 0xbf, 0xf7, 0xdf, 0xff, 0xdf, 0xff, 0xdf, 0xff,
    0xdf, 0xff, 0xdf, 0xff, 0xdf, 0xff, 0xdf, 0xff, 0x5d, 0xef, 0x24, 0x21, 0x00, 0x00, 0x00, 0x00,
    0x00, 0x00, 0x87, 0xc4, 0x07, 0xdd, 0xe0, 0x20, 0x22, 0xcb, 0x43, 0xcb, 0xc5, 0xd3, 0xa8, 0xdc,
    0x9d, 0xff, 0xff, 0xff, 0xff, 0xff, 0x3d, 0xe7, 0xbc, 0xd6, 0xbc, 0xd6, 0xbc, 0xd6, 0xbc, 0xd6,
    0xbc, 0xd6, 0x9c, 0xd6, 0x9c, 0xd6, 0xbc, 0xd6, 0x7e, 0xef, 0xdf, 0xff, 0xdf, 0xff, 0xdf, 0xff,
    0xdf, 0xff, 0xdf, 0xff, 0xdf, 0xff, 0xdf, 0xff, 0x18, 0xc6, 0x20, 0x00, 0x00, 0x00, 0x00, 0x00,
    0xe6, 0xa3, 0x87, 0xc4, 0x07, 0xdd, 0xe0, 0x20, 0x02, 0xcb, 0x43, 0xcb, 0xc5, 0xd3, 0xa8, 0xdc,
    0xdf, 0xff, 0xff, 0xff, 0xff, 0xff, 0xfc, 0xde, 0xbc, 0xd6, 0xbc, 0xd6, 0xbc, 0xd6, 0xbc, 0xd6,
    0xbc, 0xd6, 0x9c, 0xd6, 0x9c, 0xd6, 0xbc, 0xd6, 0x1d, 0xe7, 0xdf, 0xff, 0xdf, 0xff, 0xdf, 0xff,
    0xdf, 0xff, 0xdf, 0xff, 0xdf, 0xff, 0xdf, 0xff, 0x72, 0x8c, 0x00, 0x00, 0x00, 0x00, 0x00, 0x00,
    0x26, 0xb4, 0xa7, 0xcc, 0x27, 0xdd, 0xe0, 0x28, 0x02, 0xcb, 0x43, 0xcb, 0xe5, 0xd3, 0xeb, 0xdc,
    0xff, 0xff, 0xff, 0xff, 0xde, 0xf7, 0xdc, 0xde, 0xbc, 0xd6, 0xbc, 0xd6, 0xbc, 0xd6, 0xbc, 0xd6,
    0xbc, 0xd6, 0x9c, 0xd6, 0x9c, 0xd6, 0xbc, 0xd6, 0xdc, 0xde, 0xdf, 0xff, 0xdf, 0xff, 0xdf, 0xff,
    0xdf, 0xff, 0xdf, 0xff, 0xdf, 0xff, 0xdf, 0xff, 0x0c, 0x63, 0x00, 0x00, 0x00, 0x00, 0x00, 0x00,
    0x26, 0xb4, 0x20, 0x00, 0x21, 0x31, 0xe1, 0x28, 0x02, 0xcb, 0x43, 0xcb, 0xe5, 0xd3, 0x4d, 0xdd,
    0xff, 0xff, 0xff, 0xff, 0xbe, 0xf7, 0xdc, 0xde, 0xbc, 0xd6, 0xbc, 0xd6, 0xbc, 0xd6, 0xbc, 0xd6,
    0xbc, 0xd6, 0x7b, 0xce, 0x7b, 0xce, 0xbc, 0xd6, 0xbc, 0xd6, 0xdf, 0xff, 0xdf, 0xff, 0xdf, 0xff,
    0xdf, 0xff, 0xdf, 0xff, 0xdf, 0xff, 0xdf, 0xff, 0x08, 0x42, 0x00, 0x00, 0x00, 0x00, 0x00, 0x00,
    0x00, 0x00, 0x80, 0x10, 0x21, 0x31, 0xe1, 0x28, 0x02, 0xcb, 0x43, 0xcb, 0xe6, 0xd3, 0xf1, 0xe5,
    0xff, 0xff, 0xff, 0xff, 0xbe, 0xf7, 0xdc, 0xde, 0xbc, 0xd6, 0xbc, 0xd6, 0xbc, 0xd6, 0xbc, 0xd6,
    0xbc, 0xd6, 0x9c, 0xd6, 0x9c, 0xd6, 0xbc, 0xd6, 0x9c, 0xd6, 0xdf, 0xff, 0xdf, 0xff, 0xdf, 0xff,
    0xdf, 0xff, 0xdf, 0xff, 0xdf, 0xff, 0xdf, 0xff, 0x45, 0x29, 0x00, 0x00, 0x00, 0x00, 0x00, 0x00,
    0x20, 0x00, 0xe1, 0x20, 0x41, 0x31, 0xe1, 0x28, 0x02, 0xcb, 0x43, 0xcb, 0x06, 0xd4, 0x76, 0xee,
    0xff, 0xff, 0xff, 0xff, 0xde, 0xf7, 0xdc, 0xde, 0xbc, 0xd6, 0xbc, 0xd6, 0xbc, 0xd6, 0xbc, 0xd6,
    0xbc, 0xd6, 0x9c, 0xd6, 0x9c, 0xd6, 0xdc, 0xd6, 0xbc, 0xd6, 0xdf, 0xff, 0xdf, 0xff, 0xdf, 0xff,
    0xdf, 0xff, 0xdf, 0xff, 0xdf, 0xff, 0xdf, 0xff, 0xc3, 0x18, 0x00, 0x00, 0x00, 0x00, 0x00, 0x00,
    0x20, 0x00, 0xa6, 0x83, 0x80, 0x10, 0x01, 0x29, 0x02, 0xcb, 0x63, 0xcb, 0x06, 0xd4, 0x19, 0xf7,
    0xff, 0xff, 0xff, 0xff, 0xff, 0xff, 0xfc, 0xde, 0xbc, 0xd6, 0xbc, 0xd6, 0x9c, 0xd6, 0xbc, 0xd6,
    0xbc, 0xd6, 0x9c, 0xd6, 0x9b, 0xd6, 0xbc, 0xd6, 0x9c, 0xd6, 0xdf, 0xff, 0xdf, 0xff, 0xdf, 0xff,
    0xdf, 0xff, 0xdf, 0xff, 0xdf, 0xff, 0xdf, 0xff, 0x61, 0x08, 0x00, 0x00, 0x00, 0x00, 0x00, 0x00,
    0x26, 0x73, 0xa6, 0x83, 0x80, 0x10, 0x01, 0x29, 0x02, 0xcb, 0x63, 0xcb, 0x26, 0xd4, 0x7c, 0xf7,
    0xff, 0xff, 0xff, 0xff, 0xff, 0xff, 0x3d, 0xe7, 0xbc, 0xd6, 0xbc, 0xd6, 0x9c, 0xd6, 0xbc, 0xd6,
    0xbc, 0xd6, 0x9c, 0xd6, 0x9b, 0xd6, 0x9c, 0xd6, 0x9c, 0xd6, 0xdf, 0xff, 0xdf, 0xff, 0xdf, 0xff,
    0xdf, 0xff, 0xdf, 0xff, 0xdf, 0xff, 0xdf, 0xff, 0x41, 0x08, 0x00, 0x00, 0x00, 0x00, 0x00, 0x00,
    0x46, 0x73, 0xe7, 0x93, 0x80, 0x10, 0xe2, 0xca, 0x02, 0xcb, 0x64, 0xcb, 0x06, 0xcc, 0xbd, 0xff,
    0xff, 0xff, 0xff, 0xff, 0xff, 0xff, 0x9e, 0xef, 0xbc, 0xd6, 0xbc, 0xd6, 0xbc, 0xd6, 0xbc, 0xd6,
    0xbc, 0xd6, 0x7b, 0xce, 0x7a, 0xce, 0x9c, 0xd6, 0x9c, 0xd6, 0xdf, 0xff, 0xdf, 0xff, 0xdf, 0xff,
    0xdf, 0xff, 0xdf, 0xff, 0xdf, 0xff, 0xdf, 0xff, 0x41, 0x08, 0x00, 0x00, 0x00, 0x00, 0x00, 0x00,
    0x40, 0x00, 0x2b, 0xe6, 0x8c, 0xf6, 0xe2, 0xca, 0x22, 0xcb, 0x64, 0xcb, 0x06, 0xcc, 0xbe, 0xff,
    0xff, 0xff, 0xff, 0xff, 0xff, 0xff, 0xde, 0xf7, 0xbc, 0xd6, 0xbc, 0xd6, 0x9c, 0xd6, 0xbc, 0xd6,
    0x9c, 0xd6, 0x9c, 0xd6, 0x9b, 0xd6, 0x9c, 0xd6, 0x9c, 0xd6, 0xdf, 0xff, 0xdf, 0xff, 0xdf, 0xff,
    0xdf, 0xff, 0xdf, 0xff, 0xdf, 0xff, 0xdf, 0xff, 0x82, 0x10, 0x00, 0x00, 0x00, 0x00, 0x00, 0x00,
    0x2c, 0xe6, 0x8c, 0xf6, 0xa0, 0x18, 0xe2, 0xca, 0x22, 0xcb, 0x64, 0xcb, 0x06, 0xcc, 0xbe, 0xff,
    0xff, 0xff, 0xff, 0xff, 0xff, 0xff, 0xff, 0xff, 0xdc, 0xde, 0xbc, 0xd6, 0x9c, 0xd6, 0xbc, 0xd6,
    0x9c, 0xd6, 0x9c, 0xd6, 0x9b, 0xd6, 0x9c, 0xd6, 0x9c, 0xd6, 0xdf, 0xff, 0xdf, 0xff, 0xdf, 0xff,
    0xdf, 0xff, 0xdf, 0xff, 0xdf, 0xff, 0xdf, 0xff, 0x25, 0x21, 0x00, 0x00, 0x00, 0x00, 0x00, 0x00,
    0x40, 0x00, 0xe7, 0xd4, 0x28, 0xdd, 0xc0, 0x20, 0x02, 0xcb, 0x22, 0xcb, 0x63, 0xcb, 0xbf, 0xf7,
    0xdf, 0xff, 0xdf, 0xff, 0xbf, 0xf7, 0x7e, 0xef, 0xbc, 0xd6, 0x9c, 0xd6, 0x9c, 0xd6, 0xfc, 0xde,
    0x9f, 0xf7, 0xbf, 0xf7, 0xbf, 0xf7, 0x9f, 0xf7, 0xbf, 0xf7, 0x5e, 0xef, 0x7e, 0xef, 0x7e, 0xef,
    0x7e, 0xef, 0x7e, 0xef, 0x7e, 0xef, 0x5e, 0xef, 0x7e, 0xef, 0x86, 0x31, 0x00, 0x00, 0x00, 0x00,
    0x87, 0xc4, 0xe7, 0xd4, 0xa0, 0x18, 0x61, 0x39, 0x02, 0xcb, 0x22, 0xcb, 0xe6, 0xd3, 0xbf, 0xf7,
    0xdf, 0xff, 0xdf, 0xff, 0xbf, 0xf7, 0x9e, 0xef, 0xdc, 0xde, 0x9c, 0xd6, 0x9c, 0xd6, 0xbb, 0xd6,
    0x5e, 0xef, 0x9f, 0xf7, 0x9f, 0xf7, 0x9f, 0xf7, 0x9f, 0xef, 0x3d, 0xe7, 0x5d, 0xe7, 0x7e, 0xef,
    0x7e, 0xef, 0x5e, 0xef, 0x5e, 0xef, 0x5e, 0xef, 0x5e, 0xef, 0x20, 0x00, 0x00, 0x00, 0x00, 0x00,
    0x87, 0xc4, 0x80, 0x18, 0x02, 0x52, 0xc0, 0x20, 0x02, 0xcb, 0x22, 0xcb, 0x69, 0xd4, 0xbf, 0xf7,
    0xdf, 0xff, 0xdf, 0xff, 0xbf, 0xf7, 0x9e, 0xef, 0xfd, 0xde, 0x9c, 0xd6, 0x7b, 0xce, 0x9b, 0xd6,
    0xfd, 0xde, 0x5e, 0xef, 0x7e, 0xef, 0x3e, 0xe7, 0x5e, 0xef, 0x3d, 0xe7, 0x5d, 0xe7, 0x7e, 0xef,
    0x5e, 0xef, 0x5e, 0xef, 0x5e, 0xef, 0x3e, 0xe7, 0x1d, 0xe7, 0x00, 0x00, 0x00, 0x00, 0x00, 0x00,
    0x20, 0x00, 0x80, 0x18, 0xe2, 0x49, 0xc0, 0x20, 0x02, 0xcb, 0x22, 0xcb, 0xcc, 0xd4, 0xbf, 0xf7,
    0xdf, 0xff, 0xdf, 0xff, 0xdf, 0xff, 0xbf, 0xf7, 0x1d, 0xe7, 0x9c, 0xd6, 0x9c, 0xd6, 0x9b, 0xd6,
    0xbc, 0xd6, 0xdc, 0xde, 0xdd, 0xde, 0xbc, 0xd6, 0x1d, 0xdf, 0x7e, 0xef, 0x7e, 0xef, 0x5e, 0xef,
    0x5e, 0xef, 0x5e, 0xef, 0x5e, 0xef, 0x3e, 0xe7, 0x5a, 0xce, 0x00, 0x00, 0x00, 0x00, 0x00, 0x00,
    0x20, 0x00, 0x21, 0x29, 0x80, 0x10, 0xc0, 0x20, 0x02, 0xcb, 0x42, 0xcb, 0x2f, 0xdd, 0xbf, 0xf7,
    0xdf, 0xff, 0xdf, 0xff, 0xdf, 0xff, 0xbf, 0xf7, 0x7e, 0xef, 0x9c, 0xd6, 0x9c, 0xd6, 0x9b, 0xd6,
    0x9c, 0xd6, 0x9c, 0xd6, 0x9c, 0xd6, 0x7b, 0xce, 0x1d, 0xe7, 0x7e, 0xef, 0x5e, 0xef, 0x5e, 0xef,
    0x5e, 0xef, 0x3e, 0xe7, 0x3e, 0xe7, 0x3d, 0xe7, 0x97, 0xb5, 0x00, 0x00, 0x00, 0x00, 0x00, 0x00,
    0x20, 0x00, 0x60, 0x10, 0xa6, 0x8b, 0xa0, 0x20, 0x22, 0xcb, 0x42, 0xcb, 0x50, 0xdd, 0xbf, 0xf7,
    0xdf, 0xff, 0xdf, 0xff, 0xdf, 0xff, 0xbf, 0xf7, 0x9e, 0xf7, 0x9c, 0xd6, 0x9c, 0xd6, 0x9b, 0xd6,
    0x9c, 0xd6, 0x9c, 0xd6, 0x9c, 0xd6, 0x9b, 0xd6, 0x1d, 0xe7, 0x7e, 0xef, 0x5e, 0xef, 0x5e, 0xef,
    0x3e, 0xe7, 0x3e, 0xe7, 0x3e, 0xe7, 0x3d, 0xe7, 0x76, 0xad, 0x00, 0x00, 0x00, 0x00, 0x00, 0x00,
    0x00, 0x00, 0x05, 0x73, 0xa5, 0x83, 0xa0, 0x20, 0x22, 0xcb, 0x42, 0xd3, 0x50, 0xdd, 0xdf, 0xff,
    0xdf, 0xff, 0xdf, 0xff, 0xdf, 0xff, 0xdf, 0xff, 0xbe, 0xf7, 0xbc, 0xd6, 0x9c, 0xd6, 0x9b, 0xd6,
    0x9c, 0xd6, 0x9c, 0xd6, 0x9c, 0xd6, 0x9b, 0xd6, 0x3d, 0xe7, 0x5e, 0xef, 0x5e, 0xef, 0x5e, 0xef,
    0x3e, 0xe7, 0x3e, 0xe7, 0x3e, 0xe7, 0x1d, 0xe7, 0xd8, 0xbd, 0x00, 0x00, 0x00, 0x00, 0x00, 0x00,
    0x24, 0x52, 0x05, 0x6b, 0xac, 0xf6, 0xa0, 0x18, 0x22, 0xcb, 0x43, 0xd3, 0x0e, 0xdd, 0xdf, 0xff,
    0xdf, 0xff, 0xdf, 0xff, 0xdf, 0xff, 0xdf, 0xff, 0xdf, 0xff, 0xbc, 0xd6, 0x9c, 0xd6, 0x9b, 0xd6,
    0x9c, 0xd6, 0x9c, 0xd6, 0x9c, 0xd6, 0x9b, 0xd6, 0x5e, 0xef, 0x5e, 0xef, 0x5e, 0xef, 0x5e, 0xef,
    0x3e, 0xe7, 0x3e, 0xe7, 0x3e, 0xe7, 0x1d, 0xe7, 0xbc, 0xd6, 0x00, 0x00, 0x00, 0x00, 0x00, 0x00,
    0x04, 0x4a, 0xe5, 0x6a, 0x8c, 0xf6, 0xa0, 0x18, 0x22, 0xcb, 0x43, 0xd3, 0xac, 0xd4, 0xdf, 0xff,
    0xff, 0xff, 0xdf, 0xff, 0xdf, 0xff, 0xdf, 0xff, 0xdf, 0xff, 0xdc, 0xde, 0x9c, 0xd6, 0x9b, 0xd6,
    0x9c, 0xd6, 0x9c, 0xd6, 0x9c, 0xd6, 0x7a, 0xce, 0x5e, 0xef, 0x5e, 0xef, 0x5e, 0xef, 0x5e, 0xef,
    0x3e, 0xe7, 0x3e, 0xe7, 0x3e, 0xe7, 0x3d, 0xe7, 0x3e, 0xe7, 0x00, 0x00, 0x00, 0x00, 0x00, 0x00,
    0x04, 0x4a, 0x2c, 0xe6, 0x8c, 0xf6, 0xa0, 0x18, 0x23, 0xcb, 0x43, 0xd3, 0x28, 0xd4, 0xdf, 0xff,
    0xff, 0xff, 0xff, 0xff, 0xdf, 0xff, 0xdf, 0xff, 0xff, 0xff, 0xdc, 0xde, 0x9c, 0xd6, 0x9b, 0xd6,
    0x9c, 0xd6, 0x9c, 0xd6, 0x9c, 0xd6, 0x9b, 0xd6, 0x7e, 0xef, 0x5e, 0xef, 0x5e, 0xef, 0x5e, 0xef,
    0x3e, 0xe7, 0x3e, 0xe7, 0x3e, 0xe7, 0x3d, 0xe7, 0x3e, 0xe7, 0xe3, 0x18, 0x00, 0x00, 0x00, 0x00,
    0xcb, 0xd5, 0x2c, 0xe6, 0x25, 0x73, 0xa0, 0x18, 0x21, 0x29, 0x43, 0xd3, 0xc5, 0xd3, 0xdf, 0xff,
    0xff, 0xff, 0xff, 0xff, 0xdf, 0xff, 0xdf, 0xff, 0xff, 0xff, 0xdc, 0xde, 0x9c, 0xd6, 0x9b, 0xd6,
    0x9c, 0xd6, 0x9c, 0xd6, 0x9c, 0xd6, 0x9b, 0xd6, 0x7e, 0xef, 0x7e, 0xef, 0x5e, 0xef, 0x5e, 0xef,
    0x5e, 0xef, 0x3e, 0xe7, 0x3e, 0xe7, 0x3d, 0xe7, 0x3e, 0xe7, 0xec, 0x5a, 0x00, 0x00, 0x00, 0x00,
    0xcb, 0xd5, 0x84, 0x5a, 0x24, 0x73, 0xa0, 0x18, 0x01, 0x29, 0x43, 0xd3, 0x63, 0xcb, 0xdf, 0xff,
    0xff, 0xff, 0xff, 0xff, 0xdf, 0xff, 0xdf, 0xff, 0xff, 0xff, 0xdc, 0xde, 0x9c, 0xd6, 0x9b, 0xd6,
    0x9c, 0xd6, 0x9c, 0xd6, 0x9c, 0xd6, 0xfc, 0xde, 0x7e, 0xef, 0x7e, 0xef, 0x5e, 0xef, 0x5e, 0xef,
    0x5e, 0xef, 0x3e, 0xe7, 0x3e, 0xe7, 0x3e, 0xe7, 0x5e, 0xef, 0x35, 0xa5, 0x00, 0x00, 0x00, 0x00,
    0xa3, 0x39, 0x64, 0x5a, 0x04, 0x6b, 0x41, 0x31, 0xe1, 0x28, 0x43, 0xd3, 0x63, 0xd3, 0x9e, 0xf7,
    0xff, 0xff, 0xff, 0xff, 0xff, 0xff, 0xdf, 0xff, 0xff, 0xff, 0xbc, 0xd6, 0x9c, 0xd6, 0x9b, 0xd6,
    0x9c, 0xd6, 0x9c, 0xd6, 0x7b, 0xce, 0x3e, 0xe7, 0x7e, 0xef, 0x7e, 0xef, 0x7e, 0xef, 0x5e, 0xef,
    0x5e, 0xef, 0x5e, 0xef, 0x5e, 0xef, 0x3e, 0xe7, 0x5e, 0xef, 0xbc, 0xd6, 0x00, 0x00, 0x00, 0x00,
    0xa3, 0x39, 0x64, 0x52, 0x01, 0x29, 0xa0, 0x18, 0xe1, 0x28, 0x43, 0xd3, 0x63, 0xd3, 0x3b, 0xf7,
    0xff, 0xff, 0xff, 0xff, 0xff, 0xff, 0xdf, 0xff, 0xff, 0xff, 0x9c, 0xd6, 0x9c, 0xd6, 0x9b, 0xd6,
    0x9c, 0xd6, 0x9c, 0xd6, 0x9c, 0xd6, 0x5e, 0xef, 0x7e, 0xef, 0x7e, 0xef, 0x7e, 0xef, 0x7e, 0xef,
    0x7e, 0xef, 0x5e, 0xef, 0x5e, 0xef, 0x5e, 0xef, 0x5e, 0xef, 0x3e, 0xe7, 0xa3, 0x10, 0x00, 0x00,
    0x00, 0x00, 0x20, 0x00, 0x01, 0x29, 0xa0, 0x18, 0xe1, 0x28, 0x43, 0xd3, 0x63, 0xd3, 0x97, 0xee,
    0xff, 0xff, 0xff, 0xff, 0xff, 0xff, 0xdf, 0xff, 0xde, 0xf7, 0x9c, 0xd6, 0x9c, 0xd6, 0x9b, 0xd6,
    0x9c, 0xd6, 0x9c, 0xd6, 0x9c, 0xd6, 0x7e, 0xef, 0x9f, 0xf7, 0x9e, 0xf7, 0x7e, 0xef, 0x7e, 0xef,
    0x7e, 0xef, 0x7e, 0xef, 0x7e, 0xef, 0x5e, 0xef, 0x7e, 0xef, 0x5e, 0xef, 0xa7, 0x31, 0x00, 0x00,
    0x00, 0x00, 0x20, 0x00, 0x60, 0x10, 0x27, 0xdd, 0xe1, 0x28, 0x43, 0xd3, 0x63, 0xd3, 0x14, 0xe6,
    0xff, 0xff, 0xff, 0xff, 0xff, 0xff, 0xdf, 0xff, 0x9e, 0xef, 0x9c, 0xd6, 0x9c, 0xd6, 0x9b, 0xd6,
    0x9c, 0xd6, 0x9c, 0xd6, 0x9c, 0xd6, 0x7e, 0xef, 0x9f, 0xf7, 0x9f, 0xf7, 0x9e, 0xf7, 0x7e, 0xef,
    0x9f, 0xf7, 0x7e, 0xef, 0x7e, 0xef, 0x7e, 0xef, 0x7e, 0xef, 0x7e, 0xef, 0x6a, 0x4a, 0x00, 0x00,
    0x00, 0x00, 0x20, 0x00, 0x48, 0xe5, 0xa0, 0x18, 0xe1, 0x28, 0x43, 0xd3, 0x63, 0xd3, 0xd2, 0xe5,
    0xff, 0xff, 0xff, 0xff, 0xdf, 0xff, 0xdf, 0xff, 0x3d, 0xe7, 0x9c, 0xd6, 0x9c, 0xd6, 0x9b, 0xd6,
    0x9c, 0xd6, 0x9c, 0xd6, 0xbc, 0xd6, 0x9e, 0xf7, 0x9f, 0xf7, 0x9f, 0xf7, 0x9f, 0xf7, 0x9e, 0xf7,
    0x9f, 0xf7, 0x9f, 0xf7, 0x9e, 0xf7, 0x7e, 0xef, 0x9f, 0xf7, 0x7e, 0xef, 0xab, 0x52, 0x00, 0x00,
    0x00, 0x00, 0x87, 0xc4, 0x28, 0xdd, 0xa0, 0x18, 0xe1, 0x28, 0x43, 0xcb, 0x63, 0xd3, 0xb2, 0xdd,
    0xff, 0xff, 0xff, 0xff, 0xdf, 0xff, 0xdf, 0xff, 0xdc, 0xde, 0x9c, 0xd6, 0x9c, 0xd6, 0x9b, 0xd6,
    0x9c, 0xd6, 0x9c, 0xd6, 0x7b, 0xce, 0x9f, 0xf7, 0xbf, 0xf7, 0xbf, 0xf7, 0x9f, 0xf7, 0x9f, 0xf7,
    0xbf, 0xf7, 0x9f, 0xf7, 0x9f, 0xf7, 0x9e, 0xf7, 0x9f, 0xf7, 0x9f, 0xf7, 0x49, 0x4a, 0x00, 0x00,
    0xe6, 0xab, 0x87, 0xc4, 0x60, 0x10, 0x41, 0x31, 0xe1, 0x28, 0x22, 0xcb, 0x42, 0xd3, 0xd3, 0xdd,
    0xff, 0xff, 0xff, 0xff, 0xdf, 0xff, 0x9e, 0xf7, 0xbc, 0xd6, 0x9c, 0xd6, 0x9c, 0xd6, 0x9b, 0xd6,
    0x9c, 0xd6, 0x9c, 0xd6, 0x9c, 0xd6, 0x5e, 0xef, 0xbf, 0xf7, 0xbf, 0xf7, 0xbf, 0xf7, 0x9f, 0xf7,
    0xbf, 0xf7, 0xbf, 0xf7, 0x9f, 0xf7, 0x9f, 0xf7, 0xbf, 0xf7, 0x9f, 0xf7, 0x86, 0x31, 0x00, 0x00,
    0xe6, 0xab, 0x40, 0x00, 0x01, 0x29, 0xa0, 0x18, 0x01, 0x29, 0x22, 0xcb, 0x43, 0xd3, 0x35, 0xe6,
    0xff, 0xff, 0xdf, 0xff, 0xdf, 0xff, 0x7e, 0xef, 0xbc, 0xd6, 0x9c, 0xd6, 0x9c, 0xd6, 0x7b, 0xce,
    0xbc, 0xd6, 0xdd, 0xde, 0xfd, 0xde, 0x3e, 0xe7, 0x7e, 0xef, 0xbf, 0xf7, 0xbf, 0xf7, 0xbf, 0xf7,
    0xbf, 0xf7, 0xbf, 0xf7, 0xbf, 0xf7, 0x9f, 0xf7, 0xbf, 0xf7, 0x9e, 0xf7, 0xa2, 0x10, 0x00, 0x00,
    0x00, 0x00, 0x40, 0x08, 0x01, 0x29, 0xa0, 0x18, 0x21, 0x29, 0x22, 0xcb, 0x42, 0xd3, 0xb8, 0xee,
    0xff, 0xff, 0xdf, 0xff, 0xdf, 0xff, 0x3d, 0xe7, 0xbc, 0xd6, 0x9c, 0xd6, 0x9c, 0xd6, 0x9b, 0xd6,
    0xfd, 0xde, 0x5e, 0xef, 0x7e, 0xef, 0x7e, 0xef, 0x7e, 0xef, 0x7e, 0xef, 0xbf, 0xf7, 0xbf, 0xf7,
    0xbf, 0xf7, 0xbf, 0xf7, 0xbf, 0xf7, 0x9f, 0xf7, 0xbf, 0xf7, 0xdb, 0xde, 0x00, 0x00, 0x00, 0x00,
    0x00, 0x00, 0x40, 0x08, 0x40, 0x08, 0xa0, 0x18, 0x02, 0xcb, 0x22, 0xcb, 0x42, 0xcb, 0x3c, 0xf7,
    0xdf, 0xff, 0xdf, 0xff, 0xdf, 0xff, 0x1d, 0xe7, 0x9c, 0xd6, 0x9c, 0xd6, 0x9c, 0xd6, 0xbb, 0xd6,
    0x5e, 0xef, 0x9f, 0xf7, 0x9f, 0xf7, 0x9f, 0xf7, 0x9f, 0xf7, 0x5e, 0xef, 0x9e, 0xef, 0xbf, 0xf7,
    0xbf, 0xf7, 0xbf, 0xf7, 0xbf, 0xf7, 0xbf, 0xf7, 0xbf, 0xf7, 0x14, 0xa5, 0x00, 0x00, 0x00, 0x00,
    0x00, 0x00, 0x40, 0x08, 0x65, 0x7b, 0xa0, 0x18, 0x02, 0xcb, 0x22, 0xcb, 0x42, 0xcb, 0x9e, 0xf7,
    0xdf, 0xff, 0xdf, 0xff, 0xdf, 0xff, 0x1d, 0xdf, 0x9c, 0xd6, 0x9c, 0xd6, 0x9c, 0xd6, 0xfc, 0xde,
    0x9f, 0xf7, 0xbf, 0xf7, 0xbf, 0xf7, 0x9f, 0xf7, 0xbf, 0xf7, 0x5e, 0xef, 0x9e, 0xef, 0xbf, 0xf7,
    0xbf, 0xf7, 0xbf, 0xf7, 0xbf, 0xf7, 0x9f, 0xf7, 0xbf, 0xf7, 0xec, 0x5a, 0x00, 0x00, 0x00, 0x00,
    0x00, 0x00, 0x05, 0x6b, 0x85, 0x7b, 0xa0, 0x18, 0x02, 0xcb, 0x22, 0xcb, 0x42, 0xcb, 0xbf, 0xf7,
    0xdf, 0xff, 0xdf, 0xff, 0xdf, 0xff, 0x1d, 0xe7, 0x9c, 0xd6, 0x9c, 0xd6, 0x9c, 0xd6, 0x1d, 0xe7,
    0xbf, 0xf7, 0xbf, 0xf7, 0xbf, 0xf7, 0x9f, 0xf7, 0xbf, 0xf7, 0x7e, 0xef, 0x7e, 0xef, 0xbf, 0xf7,
    0xbf, 0xf7, 0xbf, 0xf7, 0xbf, 0xf7, 0x9f, 0xf7, 0xbf, 0xf7, 0x04, 0x21, 0x00, 0x00, 0x00, 0x00,
    0x00, 0x00, 0x05, 0x73, 0x8b, 0xee, 0xa0, 0x20, 0x02, 0xcb, 0x22, 0xcb, 0xa4, 0xd3, 0xbf, 0xf7,
    0xdf, 0xff, 0xdf, 0xff, 0xdf, 0xff, 0x3d, 0xe7, 0x9c, 0xd6, 0x9c, 0xd6, 0x9c, 0xd6, 0x5e, 0xef,
    0xbf, 0xf7, 0xbf, 0xf7, 0xbf, 0xf7, 0x9f, 0xf7, 0xbf, 0xf7, 0x9f, 0xf7, 0x5e, 0xef, 0x9f, 0xf7,
    0xbf, 0xf7, 0xbf, 0xf7, 0x9f, 0xf7, 0x9f, 0xf7, 0x9f, 0xf7, 0x00, 0x00, 0x00, 0x00, 0x00, 0x00,
    0x64, 0x5a, 0x25, 0x7b, 0x8c, 0xf6, 0xa0, 0x20, 0x02, 0xcb, 0x22, 0xcb, 0x28, 0xd4, 0xbf, 0xf7,
    0xdf, 0xff, 0xdf, 0xff, 0xdf, 0xff, 0x7e, 0xef, 0xbc, 0xd6, 0x9c, 0xd6, 0x9c, 0xd6, 0x5e, 0xef,
    0xbf, 0xf7, 0xbf, 0xf7, 0xbf, 0xf7, 0x9f, 0xf7, 0xbf, 0xf7, 0x9f, 0xf7, 0x3e, 0xe7, 0x7e, 0xef,
    0xbf, 0xf7, 0x9f, 0xf7, 0x9f, 0xf7, 0x7e, 0xef, 0xfc, 0xde, 0x00, 0x00, 0x00, 0x00, 0x00, 0x00,
    0x84, 0x5a, 0x2c, 0xe6, 0x8c, 0xf6, 0xc0, 0x20, 0x02, 0xcb, 0x22, 0xcb, 0xac, 0xdc, 0xbf, 0xf7,
    0xdf, 0xff, 0xdf, 0xff, 0xbf, 0xf7, 0x9e, 0xef, 0xdc, 0xde, 0x9c, 0xd6, 0xbc, 0xd6, 0x5e, 0xef,
    0xbf, 0xf7, 0xbf, 0xf7, 0xbf, 0xf7, 0x9f, 0xf7, 0xbf, 0xf7, 0x9f, 0xf7, 0x3e, 0xe7, 0x7d, 0xef,
    0x9f, 0xf7, 0x9f, 0xf7, 0x7e, 0xef, 0x7e, 0xef, 0xd8, 0xbd, 0x00, 0x00, 0x00, 0x00, 0x00, 0x00,
    0xcb, 0xd5, 0x2c, 0xe6, 0x8c, 0xf6, 0xc0, 0x20, 0x02, 0xcb, 0x22, 0xcb, 0x2f, 0xdd, 0xbf, 0xf7,
    0xdf, 0xff, 0xdf, 0xff, 0xbf, 0xf7, 0xbf, 0xf7, 0x1d, 0xdf, 0x9c, 0xd6, 0x9c, 0xd6, 0x3e, 0xe7,
    0xbf, 0xf7, 0xbf, 0xf7, 0xbf, 0xf7, 0x9f, 0xf7, 0xbf, 0xf7, 0x7f, 0xef, 0x3d, 0xe7, 0x5d, 0xe7,
    0x9e, 0xf7, 0x7e, 0xef, 0x7e, 0xef, 0x5e, 0xef, 0x15, 0xa5, 0x00, 0x00, 0x00, 0x00, 0x00, 0x00,
    0xcb, 0xd5, 0x66, 0x7b, 0xe6, 0x8b, 0xc0, 0x20, 0x02, 0xcb, 0x22, 0xcb, 0x71, 0xdd, 0xbf, 0xf7,
    0xdf, 0xff, 0xdf, 0xff, 0xbf, 0xf7, 0xbf, 0xf7, 0x5e, 0xef, 0x9c, 0xd6, 0x9c, 0xd6, 0xfd, 0xde,
    0x9f, 0xf7, 0xbf, 0xf7, 0xbf, 0xf7, 0x9f, 0xf7, 0x9f, 0xf7, 0x5e, 0xef, 0x3d, 0xe7, 0x5d, 0xe7,
    0x7e, 0xef, 0x7e, 0xef, 0x5e, 0xef, 0x5e, 0xef, 0x14, 0xa5, 0x00, 0x00, 0x00, 0x00, 0x00, 0x00,
    0xc5, 0x62, 0x66, 0x7b, 0xe6, 0x8b, 0x61, 0x39, 0x02, 0xcb, 0x22, 0xcb, 0x91, 0xdd, 0xbf, 0xf7,
    0xdf, 0xff, 0xdf, 0xff, 0xbf, 0xf7, 0xbf, 0xf7, 0x9e, 0xef, 0xbc, 0xd6, 0xbc, 0xd6, 0xbc, 0xd6,
    0x3e, 0xe7, 0x7f, 0xef, 0x7f, 0xef, 0x7e, 0xef, 0x5e, 0xef, 0x3d, 0xe7, 0x7e, 0xef, 0x7e, 0xef,
    0x7e, 0xef, 0x5e, 0xef, 0x5e, 0xef, 0x3e, 0xe7, 0x97, 0xb5, 0x00, 0x00, 0x00, 0x00, 0x00, 0x00,
    0x26, 0xb4, 0xa7, 0xc4, 0xa2, 0x39, 0x41, 0x39, 0xe2, 0xca, 0x22, 0xd3, 0xc6, 0xd3, 0x3e, 0xe7,
    0x3d, 0xe7, 0x3e, 0xe7, 0x1d, 0xe7, 0x1d, 0xe7, 0xfd, 0xde, 0x1d, 0xdf, 0xbf, 0xf7, 0xbf, 0xf7,
    0x9f, 0xf7, 0xbf, 0xf7, 0xbf, 0xf7, 0xbf, 0xf7, 0x9f, 0xf7, 0xbf, 0xf7, 0xbf, 0xf7, 0xdc, 0xde,
    0x7b, 0xce, 0x7c, 0xce, 0x7b, 0xce, 0x5b, 0xce, 0x3b, 0xc6, 0x0d, 0x63, 0x00, 0x00, 0x00, 0x00,
    0x00, 0x00, 0xa0, 0x18, 0x82, 0x39, 0x80, 0x18, 0xe2, 0xca, 0x22, 0xd3, 0x6a, 0xd4, 0x3e, 0xe7,
    0x3e, 0xe7, 0x3e, 0xe7, 0x1d, 0xe7, 0x1d, 0xe7, 0xfd, 0xde, 0x1d, 0xdf, 0xbf, 0xf7, 0xbf, 0xf7,
    0x9f, 0xf7, 0xbf, 0xf7, 0xbf, 0xf7, 0xbf, 0xf7, 0x9f, 0xf7, 0xbf, 0xf7, 0xbf, 0xf7, 0xdc, 0xde,
    0x7b, 0xce, 0x7c, 0xce, 0x7b, 0xce, 0x5b, 0xce, 0x3b, 0xc6, 0xe4, 0x18, 0x00, 0x00, 0x00, 0x00,
    0x00, 0x00, 0xa0, 0x18, 0x07, 0x94, 0x80, 0x10, 0xe2, 0xca, 0x22, 0xd3, 0x0f, 0xd5, 0x3e, 0xe7,
    0x3e, 0xe7, 0x3e, 0xe7, 0x1d, 0xe7, 0x1d, 0xe7, 0xfd, 0xde, 0x1d, 0xe7, 0xbf, 0xf7, 0xbf, 0xf7,
    0x9f, 0xf7, 0xbf, 0xf7, 0xbf, 0xf7, 0xbf, 0xf7, 0x9f, 0xf7, 0xbf, 0xf7, 0xbf, 0xf7, 0xbc, 0xd6,
    0x7b, 0xce, 0x7c, 0xce, 0x7b, 0xce, 0x5b, 0xce, 0x3b, 0xc6, 0x00, 0x00, 0x00, 0x00, 0x00, 0x00,
    0x00, 0x00, 0x60, 0x10, 0xe7, 0x93, 0x80, 0x10, 0xe0, 0x20, 0x22, 0xcb, 0x93, 0xdd, 0x3e, 0xe7,
    0x3e, 0xe7, 0x3e, 0xe7, 0x1d, 0xe7, 0x1d, 0xe7, 0xfd, 0xde, 0x1d, 0xe7, 0x9f, 0xf7, 0xbf, 0xf7,
    0x9f, 0xf7, 0xbf, 0xf7, 0xbf, 0xf7, 0xbf, 0xf7, 0x9f, 0xf7, 0xbf, 0xf7, 0x9f, 0xf7, 0xbc, 0xd6,
    0x7b, 0xce, 0x7c, 0xce, 0x7b, 0xce, 0x5b, 0xce, 0x1a, 0xc6, 0x00, 0x00, 0x00, 0x00, 0x00, 0x00,
    0x00, 0x00, 0x46, 0x7b, 0xe7, 0x93, 0x8c, 0xf6, 0xe0, 0x20, 0x22, 0xd3, 0x16, 0xde, 0x3e, 0xe7,
    0x3e, 0xe7, 0x3e, 0xe7, 0x1d, 0xe7, 0x1d, 0xe7, 0xfd, 0xde, 0xfd, 0xde, 0x7e, 0xef, 0xbf, 0xf7,
    0x9f, 0xf7, 0xbf, 0xf7, 0xbf, 0xf7, 0xbf, 0xf7, 0x9f, 0xf7, 0xbf, 0xf7, 0x5e, 0xef, 0x9c, 0xd6,
    0x7b, 0xce, 0x7c, 0xce, 0x7b, 0xce, 0x5b, 0xce, 0xb9, 0xb5, 0x00, 0x00, 0x00, 0x00, 0x00, 0x00,
    0x44, 0x52, 0x26, 0x73, 0x8c, 0xf6, 0xa0, 0x18, 0xc0, 0x20, 0x22, 0xd3, 0x37, 0xde, 0x3e, 0xe7,
    0x3e, 0xe7, 0x3e, 0xe7, 0x1d, 0xe7, 0x1d, 0xe7, 0xfd, 0xde, 0xfd, 0xde, 0x1d, 0xdf, 0x9f, 0xf7,
    0x9f, 0xf7, 0xbf, 0xf7, 0xbf, 0xf7, 0xbf, 0xf7, 0x9f, 0xf7, 0xbf, 0xf7, 0x1d, 0xdf, 0x9b, 0xd6,
    0x7b, 0xce, 0x7c, 0xce, 0x7b, 0xce, 0x5b, 0xce, 0x98, 0xb5, 0x00, 0x00, 0x00, 0x00, 0x00, 0x00,
    0x24, 0x52, 0x2c, 0xe6, 0x8c, 0xf6, 0x80, 0x10, 0xc0, 0x20, 0x22, 0xd3, 0x58, 0xde, 0x3e, 0xe7,
    0x3e, 0xe7, 0x3e, 0xe7, 0x1d, 0xe7, 0x1d, 0xe7, 0xfd, 0xde, 0x1d, 0xe7, 0xdc, 0xd6, 0x3e, 0xe7,
    0x9f, 0xf7, 0xbf, 0xf7, 0xbf, 0xf7, 0xbf, 0xf7, 0x9f, 0xf7, 0x5e, 0xef, 0xdc, 0xd6, 0x9c, 0xd6,
    0x7b, 0xce, 0x7c, 0xce, 0x7b, 0xce, 0x5b, 0xce, 0xd9, 0xbd, 0x00, 0x00, 0x00, 0x00, 0x00, 0x00,
    0xaa, 0xd5, 0x2c, 0xe6, 0xa6, 0x8b, 0x80, 0x10, 0xc0, 0x20, 0x43, 0xd3, 0x37, 0xde, 0x3e, 0xe7,
    0x3e, 0xe7, 0x3e, 0xe7, 0x1d, 0xe7, 0x1d, 0xe7, 0xfd, 0xde, 0x1d, 0xe7, 0xbc, 0xd6, 0xbc, 0xd6,
    0x1d, 0xe7, 0x7f, 0xef, 0x9f, 0xf7, 0x7e, 0xef, 0x1d, 0xe7, 0xdc, 0xde, 0xbc, 0xd6, 0x9c, 0xd6,
    0x7b, 0xce, 0x7c, 0xce, 0x7b, 0xce, 0x5b, 0xce, 0x3b, 0xc6, 0x00, 0x00, 0x00, 0x00, 0x00, 0x00,
    0xaa, 0xd5, 0x6c, 0xee, 0x86, 0x83, 0x80, 0x10, 0xc0, 0x20, 0x43, 0xd3, 0xf5, 0xdd, 0x3e, 0xe7,
    0x3e, 0xe7, 0x3e, 0xe7, 0x1d, 0xe7, 0x1d, 0xe7, 0xfd, 0xde, 0x1d, 0xe7, 0xbc, 0xd6, 0x9c, 0xd6,
    0xbb, 0xd6, 0xfd, 0xde, 0xfd, 0xde, 0xdc, 0xde, 0xbc, 0xd6, 0xbc, 0xd6, 0xbc, 0xd6, 0x9c, 0xd6,
    0x7b, 0xce, 0x7c, 0xce, 0x7b, 0xce, 0x5b, 0xce, 0x3b, 0xc6, 0x20, 0x00, 0x00, 0x00, 0x00, 0x00,
    0xeb, 0xdd, 0xc5, 0x62, 0x66, 0x83, 0x41, 0x39, 0xa0, 0x20, 0x43, 0xd3, 0x72, 0xdd, 0x3e, 0xe7,
    0x3e, 0xe7, 0x3e, 0xe7, 0x1d, 0xe7, 0x1d, 0xe7, 0xfd, 0xde, 0x1d, 0xe7, 0xbc, 0xd6, 0x9c, 0xd6,
    0x7b, 0xce, 0xbc, 0xd6, 0xbc, 0xd6, 0x7b, 0xce, 0x7b, 0xce, 0xbc, 0xd6, 0xbc, 0xd6, 0x9c, 0xd6,
    0x7b, 0xce, 0x7c, 0xce, 0x7b, 0xce, 0x5b, 0xce, 0x3b, 0xc6, 0xa7, 0x31, 0x00, 0x00, 0x00, 0x00,
    0xc3, 0x41, 0xa5, 0x5a, 0x60, 0x10, 0x41, 0x39, 0xa0, 0x18, 0x43, 0xd3, 0xcd, 0xd4, 0x3e, 0xe7,
    0x3e, 0xe7, 0x3e, 0xe7, 0x1d, 0xe7, 0x1d, 0xe7, 0xfd, 0xde, 0x1d, 0xe7, 0x9c, 0xd6, 0x7b, 0xce,
    0x9b, 0xd6, 0x9c, 0xd6, 0x9c, 0xd6, 0x7b, 0xce, 0x9c, 0xd6, 0xbc, 0xd6, 0xbc, 0xd6, 0x9c, 0xd6,
    0x7b, 0xce, 0x7c, 0xce, 0x7b, 0xce, 0x5b, 0xce, 0x3b, 0xc6, 0xd0, 0x7b, 0x00, 0x00, 0x00, 0x00,
    0xa3, 0x39, 0x20, 0x00, 0x60, 0x10, 0x27, 0xdd, 0xa0, 0x18, 0x43, 0xd3, 0x29, 0xd4, 0x3e, 0xe7,
    0x3e, 0xe7, 0x3e, 0xe7, 0x1d, 0xe7, 0x1d, 0xe7, 0xfd, 0xde, 0x1d, 0xe7, 0x9c, 0xd6, 0x9c, 0xd6,
    0x7a, 0xce, 0xbc, 0xd6, 0x9c, 0xd6, 0x9c, 0xd6, 0x7b, 0xce, 0xbc, 0xd6, 0x9c, 0xd6, 0x9c, 0xd6,
    0x7b, 0xce, 0x7c, 0xce, 0x7b, 0xce, 0x5b, 0xce, 0x3b, 0xc6, 0x98, 0xb5, 0x00, 0x00, 0x00, 0x00,
    0x00, 0x00, 0x20, 0x00, 0x60, 0x10, 0x28, 0xdd, 0xa0, 0x18, 0x21, 0x29, 0x85, 0xd3, 0x3e, 0xe7,
    0x3d, 0xe7, 0x3e, 0xe7, 0x1d, 0xe7, 0x1d, 0xe7, 0xfd, 0xde, 0xfd, 0xde, 0x9c, 0xd6, 0x7b, 0xce,
    0x9b, 0xd6, 0x9c, 0xd6, 0x7b, 0xce, 0x9b, 0xd6, 0x9c, 0xd6, 0xbc, 0xd6, 0x9c, 0xd6, 0x9c, 0xd6,
    0x7b, 0xce, 0x7c, 0xce, 0x7b, 0xce, 0x5b, 0xce, 0x5b, 0xce, 0x5b, 0xce, 0x41, 0x08, 0x00, 0x00,
    0x00, 0x00, 0x00, 0x00, 0x87, 0xc4, 0x28, 0xdd, 0xa0, 0x18, 0x21, 0x29, 0x43, 0xd3, 0x3e, 0xe7,
    0x3d, 0xe7, 0x3e, 0xe7, 0x3d, 0xe7, 0x1d, 0xe7, 0xfd, 0xde, 0xfc, 0xde, 0x9c, 0xd6, 0x9c, 0xd6,
    0x7b, 0xce, 0xbc, 0xd6, 0x9b, 0xd6, 0x9c, 0xd6, 0x7b, 0xce, 0xbc, 0xd6, 0x9c, 0xd6, 0x9c, 0xd6,
    0x7b, 0xce, 0x7c, 0xce, 0x7b, 0xce, 0x5b, 0xce, 0x5b, 0xce, 0x5b, 0xce, 0xa7, 0x31, 0x00, 0x00,
    0x00, 0x00, 0x00, 0x00, 0x46, 0xb4, 0x28, 0xdd, 0xa0, 0x18, 0x01, 0x29, 0x43, 0xd3, 0x1d, 0xe7,
    0x3d, 0xe7, 0x3e, 0xe7, 0x3d, 0xe7, 0x1d, 0xe7, 0xfd, 0xde, 0xdc, 0xde, 0x9c, 0xd6, 0x9c, 0xd6,
    0xbb, 0xd6, 0xfd, 0xde, 0xfd, 0xde, 0xfd, 0xde, 0xbc, 0xd6, 0xbc, 0xd6, 0x9c, 0xd6, 0x9c, 0xd6,
    0x7b, 0xce, 0x7c, 0xce, 0x7b, 0xce, 0x5b, 0xce, 0x5b, 0xce, 0x5b, 0xce, 0x0d, 0x63, 0x00, 0x00,
    0x00, 0x00, 0x45, 0x8b, 0x46, 0xb4, 0x41, 0x31, 0xa0, 0x18, 0x01, 0x29, 0x43, 0xd3, 0xfc, 0xe6,
    0x3d, 0xe7, 0x5e, 0xef, 0x3d, 0xe7, 0x1d, 0xe7, 0xfd, 0xde, 0xbc, 0xd6, 0xbc, 0xd6, 0xbc, 0xd6,
    0x1d, 0xe7, 0x7f, 0xef, 0x9f, 0xf7, 0x7f, 0xef, 0x1d, 0xe7, 0xdc, 0xde, 0xbc, 0xd6, 0x9c, 0xd6,
    0x7b, 0xce, 0x7c, 0xce, 0x7b, 0xce, 0x5b, 0xce, 0x5b, 0xce, 0x5b, 0xce, 0xf1, 0x7b, 0x00, 0x00,
    0x00, 0x00, 0x45, 0x8b, 0x40, 0x08, 0x41, 0x31, 0xa0, 0x18, 0x01, 0x29, 0x43, 0xd3, 0xdb, 0xe6,
    0x3d, 0xe7, 0x5e, 0xef, 0x3d, 0xe7, 0x1d, 0xe7, 0xdc, 0xd6, 0xbc, 0xd6, 0x9c, 0xd6, 0x3e, 0xe7,
    0x9f, 0xf7, 0xbf, 0xf7, 0xbf, 0xf7, 0xbf, 0xf7, 0x9f, 0xf7, 0x3e, 0xe7, 0x9c, 0xd6, 0x7b, 0xce,
    0x7b, 0xce, 0x7c, 0xce, 0x7b, 0xce, 0x5b, 0xce, 0x5b, 0xce, 0x5b, 0xce, 0x52, 0x8c, 0x00, 0x00,
    0x24, 0x8b, 0xe6, 0xab, 0x40, 0x08, 0x41, 0x31, 0xa0, 0x18, 0x21, 0x29, 0x43, 0xd3, 0xbb, 0xe6,
    0x3d, 0xe7, 0x5e, 0xef, 0x3d, 0xe7, 0x1d, 0xe7, 0xdc, 0xd6, 0x9c, 0xd6, 0xdd, 0xde, 0x9f, 0xf7,
    0x9f, 0xf7, 0xbf, 0xf7, 0xbf, 0xf7, 0xbf, 0xf7, 0x9f, 0xf7, 0x9f, 0xf7, 0xdd, 0xde, 0x9c, 0xd6,
    0x7b, 0xce, 0x7c, 0xce, 0x7b, 0xce, 0x5b, 0xce, 0x5b, 0xce, 0x5b, 0xce, 0x52, 0x8c, 0x00, 0x00,
    0x00, 0x00, 0x20, 0x00, 0x60, 0x10, 0x60, 0x08, 0xa0, 0x18, 0x21, 0x29, 0x43, 0xd3, 0xdb, 0xe6,
    0x3d, 0xe7, 0x5e, 0xef, 0x3d, 0xe7, 0x1d, 0xe7, 0xbc, 0xd6, 0x9c, 0xd6, 0x3e, 0xe7, 0xbf, 0xf7,
    0x9f, 0xf7, 0xbf, 0xf7, 0xbf, 0xf7, 0xbf, 0xf7, 0x9f, 0xf7, 0xbf, 0xf7, 0x3e, 0xe7, 0x9b, 0xd6,
    0x7b, 0xce, 0x7c, 0xce, 0x7b, 0xce, 0x5b, 0xce, 0x5b, 0xce, 0x5b, 0xce, 0xb0, 0x73, 0x00, 0x00,
    0x00, 0x00, 0x20, 0x00, 0x46, 0x7b, 0x60, 0x10, 0xa0, 0x18, 0x22, 0xd3, 0x42, 0xd3, 0xfc, 0xe6,
    0x3d, 0xe7, 0x5e, 0xef, 0x3d, 0xe7, 0x1d, 0xe7, 0xbc, 0xd6, 0x9c, 0xd6, 0x7f, 0xef, 0xbf, 0xf7,
    0x9f, 0xf7, 0xbf, 0xf7, 0xbf, 0xf7, 0xbf, 0xf7, 0x9f, 0xf7, 0xbf, 0xf7, 0x7f, 0xef, 0x9c, 0xd6,
    0x7b, 0xce, 0x7c, 0xce, 0x7b, 0xce, 0x5b, 0xce, 0x5b, 0xce, 0x5b, 0xce, 0xab, 0x52, 0x00, 0x00,
    0x00, 0x00, 0x20, 0x00, 0x66, 0x7b, 0x80, 0x10, 0xa0, 0x18, 0x22, 0xcb, 0x42, 0xd3, 0x1d, 0xe7,
    0x3d, 0xe7, 0x3e, 0xe7, 0x3d, 0xe7, 0x1d, 0xe7, 0x9c, 0xd6, 0xbc, 0xd6, 0x9f, 0xf7, 0xbf, 0xf7,
    0x9f, 0xf7, 0xbf, 0xf7, 0xbf, 0xf7, 0xbf, 0xf7, 0x9f, 0xf7, 0xbf, 0xf7, 0x9f, 0xf7, 0x9c, 0xd6,
    0x7b, 0xce, 0x7c, 0xce, 0x7b, 0xce, 0x5b, 0xce, 0x5b, 0xce, 0x5b, 0xce, 0x45, 0x29, 0x00, 0x00,
    0x00, 0x00, 0xc5, 0x62, 0x66, 0x83, 0x8c, 0xf6, 0xa0, 0x20, 0x22, 0xcb, 0x42, 0xd3, 0x3e, 0xe7,
    0x3d, 0xe7, 0x3e, 0xe7, 0x3d, 0xe7, 0xfc, 0xde, 0x9c, 0xd6, 0xbc, 0xd6, 0xbf, 0xf7, 0xbf, 0xf7,
    0x9f, 0xf7, 0xbf, 0xf7, 0xbf, 0xf7, 0xbf, 0xf7, 0x9f, 0xf7, 0xbf, 0xf7, 0xbf, 0xf7, 0xbc, 0xd6,
    0x7b, 0xce, 0x7c, 0xce, 0x7b, 0xce, 0x5b, 0xce, 0x5b, 0xce, 0x3b, 0xc6, 0x00, 0x00, 0x00, 0x00,
    0x03, 0x4a, 0xe5, 0x62, 0x8c, 0xf6, 0xa0, 0x18, 0xc0, 0x20, 0x22, 0xd3, 0x22, 0xd3, 0x3e, 0xe7,
    0x3d, 0xe7, 0x3e, 0xe7, 0x3d, 0xe7, 0xfc, 0xde, 0x9c, 0xd6, 0xdd, 0xde, 0xbf, 0xf7, 0xbf, 0xf7,
    0x9f, 0xf7, 0xbf, 0xf7, 0xbf, 0xf7, 0xbf, 0xf7, 0x9f, 0xf7, 0xbf, 0xf7, 0xbf, 0xf7, 0xdc, 0xde,
    0x7b, 0xce, 0x7c, 0xce, 0x7b, 0xce, 0x5b, 0xce, 0x3b, 0xc6, 0x36, 0xa5, 0x00, 0x00, 0x00, 0x00,
    0x24, 0x4a, 0x2c, 0xe6, 0x8c, 0xf6, 0x80, 0x10, 0xc0, 0x20, 0x22, 0xcb, 0xa5, 0xd3, 0x3e, 0xe7,
    0x3d, 0xe7, 0x3e, 0xe7, 0x1d, 0xe7, 0x1d, 0xe7, 0x9b, 0xce, 0xfd, 0xde, 0xbf, 0xf7, 0xbf, 0xf7,
    0x9f, 0xf7, 0xbf, 0xf7, 0xbf, 0xf7, 0xbf, 0xf7, 0x9f, 0xf7, 0xbf, 0xf7, 0xbf, 0xf7, 0xfd, 0xde,
    0x5a, 0xc6, 0x7c, 0xce, 0x7b, 0xce, 0x5b, 0xce, 0x3b, 0xc6, 0x2d, 0x63, 0x00, 0x00, 0x00, 0x00,
    0xea, 0xdd, 0x2c, 0xe6, 0xc6, 0x8b, 0x80, 0x10, 0xc0, 0x20, 0x22, 0xcb, 0x4a, 0xd4, 0x3e, 0xe7,
    0x3e, 0xe7, 0x3e, 0xe7, 0x1d, 0xe7, 0x1d, 0xe7, 0x9b, 0xce, 0x3e, 0xe7, 0xbf, 0xf7, 0xbf, 0xf7,
    0x9f, 0xf7, 0xbf, 0xf7, 0xbf, 0xf7, 0xbf, 0xf7, 0x9f, 0xf7, 0xbf, 0xf7, 0xbf, 0xf7, 0x1d, 0xe7,
    0x5a, 0xc6, 0x7c, 0xce, 0x7b, 0xce, 0x5b, 0xce, 0x3b, 0xc6, 0x04, 0x21, 0x00, 0x00, 0x00, 0x00,
    0xaa, 0xd5, 0x8c, 0xf6, 0xc7, 0x8b, 0x80, 0x10, 0xc0, 0x20, 0x22, 0xcb, 0xef, 0xd4, 0x3e, 0xe7,
    0x3e, 0xe7, 0x3e, 0xe7, 0x1d, 0xe7, 0x1d, 0xe7, 0xdc, 0xd6, 0x5e, 0xef, 0xbf, 0xf7, 0xbf, 0xf7,
    0x9f, 0xf7, 0xbf, 0xf7, 0xbf, 0xf7, 0xbf, 0xf7, 0x9f, 0xf7, 0xbf, 0xf7, 0xbf, 0xf7, 0x5e, 0xef,
    0x7b, 0xce, 0x7c, 0xce, 0x7b, 0xce, 0x5b, 0xce, 0x3b, 0xc6, 0x00, 0x00, 0x00, 0x00, 0x00, 0x00,
    0xaa, 0xd5, 0x46, 0x7b, 0xe7, 0x93, 0x41, 0x39, 0xe0, 0x20, 0x22, 0xcb, 0x93, 0xdd, 0x3e, 0xe7,
    0x3e, 0xe7, 0x3e, 0xe7, 0x1d, 0xe7, 0x1d, 0xe7, 0xdc, 0xd6, 0x7f, 0xef, 0xbf, 0xf7, 0xbf, 0xf7,
    0x9f, 0xf7, 0xbf, 0xf7, 0xbf, 0xf7, 0xbf, 0xf7, 0x9f, 0xf7, 0xbf, 0xf7, 0xbf, 0xf7, 0x7e, 0xef,
    0x7b, 0xce, 0x7c, 0xce, 0x7b, 0xce, 0x5b, 0xce, 0x1a, 0xc6, 0x00, 0x00, 0x00, 0x00, 0x00, 0x00,
    0x64, 0x5a, 0x46, 0x7b, 0x61, 0x31, 0x41, 0x39, 0xe0, 0x20, 0x22, 0xcb, 0xf5, 0xdd, 0x3e, 0xe7,
    0x3e, 0xe7, 0x3e, 0xe7, 0x1d, 0xe7, 0x1d, 0xe7, 0xdc, 0xd6, 0x9f, 0xf7, 0xbf, 0xf7, 0xbf, 0xf7,
    0x9f, 0xf7, 0xbf, 0xf7, 0xbf, 0xf7, 0xbf, 0xf7, 0x9f, 0xf7, 0xbf, 0xf7, 0xbf, 0xf7, 0x7f, 0xef,
    0x7b, 0xce, 0x7c, 0xce, 0x7b, 0xce, 0x5b, 0xce, 0xb9, 0xb5, 0x00, 0x00, 0x00, 0x00, 0x00, 0x00,
    0x64, 0x5a, 0xa0, 0x18, 0x82, 0x39, 0x27, 0xdd, 0xe2, 0xca, 0x22, 0xd3, 0x37, 0xde, 0x3e, 0xe7,
    0x3e, 0xe7, 0x3e, 0xe7, 0x1d, 0xe7, 0x1d, 0xe7, 0xdc, 0xd6, 0x9f, 0xf7, 0xbf, 0xf7, 0xbf, 0xf7,
    0x9f, 0xf7, 0xbf, 0xf7, 0xbf, 0xf7, 0xbf, 0xf7, 0x9f, 0xf7, 0xbf, 0xf7, 0xbf, 0xf7, 0x7f, 0xef,
    0x7b, 0xce, 0x7c, 0xce, 0x7b, 0xce, 0x5b, 0xce, 0x98, 0xb5, 0x00, 0x00, 0x00, 0x00, 0x00, 0x00,
    0x00, 0x00, 0xa0, 0x18, 0x82, 0x39, 0x28, 0xdd, 0xe2, 0xca, 0x22, 0xd3, 0x57, 0xde, 0x3e, 0xe7,
    0x3e, 0xe7, 0x3e, 0xe7, 0x1d, 0xe7, 0x1d, 0xe7, 0xdc, 0xd6, 0x9f, 0xf7, 0xbf, 0xf7, 0xbf, 0xf7,
    0x9f, 0xf7, 0xbf, 0xf7, 0xbf, 0xf7, 0xbf, 0xf7, 0x9f, 0xf7, 0xbf, 0xf7, 0xbf, 0xf7, 0x7f, 0xef,
    0x7b, 0xce, 0x7c, 0xce, 0x7b, 0xce, 0x5b, 0xce, 0xd9, 0xbd, 0x00, 0x00, 0x00, 0x00, 0x00, 0x00,
    0x00, 0x00, 0x40, 0x08, 0x80, 0x10, 0x07, 0x9c, 0xc0, 0x20, 0xe2, 0xca, 0x42, 0xd3, 0xfd, 0xde,
    0xfd, 0xde, 0xfd, 0xde, 0xfd, 0xde, 0xfd, 0xde, 0xfd, 0xde, 0x9f, 0xf7, 0xbf, 0xf7, 0xbf, 0xf7,
    0xbf, 0xf7, 0x9f, 0xf7, 0xbf, 0xf7, 0xbf, 0xf7, 0xbf, 0xf7, 0x9f, 0xf7, 0xbf, 0xf7, 0xbf, 0xf7,
    0xbc, 0xd6, 0x3b, 0xc6, 0x5b, 0xce, 0x5b, 0xce, 0x3b, 0xc6, 0x66, 0x29, 0x00, 0x00, 0x00, 0x00,
    0x00, 0x00, 0x00, 0x00, 0x86, 0x83, 0xac, 0xfe, 0xc0, 0x20, 0xe2, 0xca, 0xa5, 0xd3, 0xfd, 0xde,
    0xfd, 0xde, 0xfd, 0xde, 0xfd, 0xde, 0xfd, 0xde, 0xfd, 0xde, 0x9f, 0xf7, 0xbf, 0xf7, 0xbf, 0xf7,
    0xbf, 0xf7, 0x9f, 0xf7, 0xbf, 0xf7, 0xbf, 0xf7, 0xbf, 0xf7, 0x9f, 0xf7, 0xbf, 0xf7, 0xbf, 0xf7,
    0xdc, 0xde, 0x3b, 0xc6, 0x5b, 0xce, 0x5b, 0xce, 0x3b, 0xc6, 0x00, 0x00, 0x00, 0x00, 0x00, 0x00,
    0x00, 0x00, 0x64, 0x5a, 0x66, 0x83, 0x8c, 0xf6, 0xa0, 0x18, 0x02, 0xcb, 0x08, 0xd4, 0xfd, 0xde,
    0xfd, 0xde, 0xfd, 0xde, 0xfd, 0xde, 0xfd, 0xde, 0x1d, 0xe7, 0x9f, 0xf7, 0xbf, 0xf7, 0xbf, 0xf7,
    0xbf, 0xf7, 0x9f, 0xf7, 0xbf, 0xf7, 0xbf, 0xf7, 0xbf, 0xf7, 0x9f, 0xf7, 0xbf, 0xf7, 0xbf, 0xf7,
    0xfd, 0xde, 0x1a, 0xbe, 0x5b, 0xce, 0x5b, 0xce, 0x1a, 0xc6, 0x00, 0x00, 0x00, 0x00, 0x00, 0x00,
    0x00, 0x00, 0x47, 0xa4, 0x2c, 0xe6, 0x8c, 0xf6, 0xa0, 0x18, 0xe0, 0x20, 0xac, 0xd4, 0xfd, 0xde,
    0xfd, 0xde, 0xfd, 0xde, 0xfd, 0xde, 0xfd, 0xde, 0x3e, 0xe7, 0x9f, 0xf7, 0xbf, 0xf7, 0xbf, 0xf7,
    0xbf, 0xf7, 0x9f, 0xf7, 0xbf, 0xf7, 0xbf, 0xf7, 0xbf, 0xf7, 0x9f, 0xf7, 0xbf, 0xf7, 0xbf, 0xf7,
    0x1d, 0xe7, 0x1a, 0xbe, 0x5b, 0xce, 0x5b, 0xce, 0x77, 0xad, 0x00, 0x00, 0x00, 0x00, 0x00, 0x00,
    0x66, 0x83, 0x00, 0x00, 0x2c, 0xe6, 0xe7, 0x93, 0x41, 0x39, 0xe0, 0x20, 0xee, 0xd4, 0xfd, 0xde,
    0xfd, 0xde, 0xfd, 0xde, 0xfd, 0xde, 0xfd, 0xde, 0x5e, 0xef, 0x9f, 0xf7, 0xbf, 0xf7, 0xbf, 0xf7,
    0xbf, 0xf7, 0x9f, 0xf7, 0xbf, 0xf7, 0xbf, 0xf7, 0xbf, 0xf7, 0x9f, 0xf7, 0xbf, 0xf7, 0xbf, 0xf7,
    0x3e, 0xe7, 0x3b, 0xc6, 0x5b, 0xce, 0x5b, 0xce, 0xf5, 0x9c, 0x00, 0x00, 0x00, 0x00, 0x00, 0x00,
    0x00, 0x00, 0xaa, 0xd5, 0x8c, 0xf6, 0xc7, 0x93, 0x41, 0x39, 0xc0, 0x20, 0x0f, 0xd5, 0xfd, 0xde,
    0xfd, 0xde, 0xdd, 0xde, 0xfd, 0xde, 0xfd, 0xde, 0x5e, 0xef, 0x9f, 0xf7, 0xbf, 0xf7, 0xbf, 0xf7,
    0xbf, 0xf7, 0x9f, 0xf7, 0xbf, 0xf7, 0xbf, 0xf7, 0xbf, 0xf7, 0x9f, 0xf7, 0xbf, 0xf7, 0xbf, 0xf7,
    0x5e, 0xef, 0x5b, 0xc6, 0x5b, 0xce, 0x5b, 0xce, 0xd4, 0x9c, 0x00, 0x00, 0x00, 0x00, 0x00, 0x00,
    0x8c, 0xf6, 0x00, 0x00, 0x25, 0x73, 0xc6, 0x8b, 0x41, 0x39, 0xc0, 0x20, 0x0f, 0xd5, 0xfd, 0xde,
    0xfd, 0xde, 0xdd, 0xde, 0xfd, 0xde, 0xdc, 0xde, 0x5e, 0xef, 0x9f, 0xf7, 0xbf, 0xf7, 0xbf, 0xf7,
    0xbf, 0xf7, 0x9f, 0xf7, 0xbf, 0xf7, 0xbf, 0xf7, 0xbf, 0xf7, 0x9f, 0xf7, 0xbf, 0xf7, 0xbf, 0xf7,
    0x3e, 0xe7, 0x3b, 0xc6, 0x5b, 0xce, 0x5b, 0xce, 0x36, 0xa5, 0x00, 0x00, 0x00, 0x00, 0x00, 0x00,
    0x00, 0x00, 0x24, 0x4a, 0x05, 0x73, 0xc0, 0x18, 0x27, 0xdd, 0xc0, 0x20, 0xce, 0xd4, 0xfd, 0xde,
    0xfd, 0xde, 0xdd, 0xde, 0xfd, 0xde, 0xfd, 0xde, 0x5e, 0xef, 0x9f, 0xf7, 0xbf, 0xf7, 0xbf, 0xf7,
    0xbf, 0xf7, 0x9f, 0xf7, 0xbf, 0xf7, 0xbf, 0xf7, 0xbf, 0xf7, 0x9f, 0xf7, 0xbf, 0xf7, 0xbf, 0xf7,
    0x3e, 0xe7, 0x5b, 0xc6, 0x5b, 0xce, 0x5b, 0xce, 0xd9, 0xbd, 0x00, 0x00, 0x00, 0x00, 0x00, 0x00,
    0xe4, 0x6a, 0x00, 0x00, 0x40, 0x08, 0x61, 0x31, 0x28, 0xdd, 0xc0, 0x20, 0x8c, 0xd4, 0xfd, 0xde,
    0xfd, 0xde, 0xdd, 0xde, 0xfd, 0xde, 0xfd, 0xde, 0x3e, 0xe7, 0x9f, 0xf7, 0xbf, 0xf7, 0xbf, 0xf7,
    0xbf, 0xf7, 0x9f, 0xf7, 0xbf, 0xf7, 0xbf, 0xf7, 0xbf, 0xf7, 0x9f, 0xf7, 0xbf, 0xf7, 0xbf, 0xf7,
    0x1d, 0xe7, 0x5b, 0xc6, 0x5b, 0xce, 0x5b, 0xce, 0x3b, 0xc6, 0x00, 0x00, 0x00, 0x00, 0x00, 0x00,
    0x00, 0x00, 0x00, 0x00, 0x40, 0x08, 0x60, 0x10, 0x28, 0xdd, 0xa0, 0x20, 0x08, 0xd4, 0xfd, 0xde,
    0xfd, 0xde, 0xdd, 0xde, 0xfd, 0xde, 0xfd, 0xde, 0x1d, 0xe7, 0x9f, 0xf7, 0xbf, 0xf7, 0xbf, 0xf7,
    0xbf, 0xf7, 0x9f, 0xf7, 0xbf, 0xf7, 0xbf, 0xf7, 0xbf, 0xf7, 0x9f, 0xf7, 0xbf, 0xf7, 0xbf, 0xf7,
    0xdd, 0xde, 0x3b, 0xc6, 0x5b, 0xce, 0x5b, 0xce, 0x3b, 0xc6, 0xa3, 0x10, 0x00, 0x00, 0x00, 0x00,
    0x00, 0x00, 0x00, 0x00, 0x40, 0x08, 0x87, 0xc4, 0x28, 0xe5, 0xa0, 0x18, 0xa3, 0x39, 0xfd, 0xde,
    0xfd, 0xde, 0xdd, 0xde, 0xfd, 0xde, 0xfd, 0xde, 0xfd, 0xde, 0x9f, 0xf7, 0xbf, 0xf7, 0xbf, 0xf7,
    0xbf, 0xf7, 0x9f, 0xf7, 0xbf, 0xf7, 0xbf, 0xf7, 0xbf, 0xf7, 0x9f, 0xf7, 0xbf, 0xf7, 0xbf, 0xf7,
    0xbc, 0xd6, 0x3b, 0xc6, 0x5b, 0xce, 0x5b, 0xce, 0x3b, 0xc6, 0xab, 0x52, 0x00, 0x00, 0x00, 0x00,
    0x00, 0x00, 0x00, 0x00, 0x40, 0x08, 0x87, 0xc4, 0x41, 0x39, 0xa0, 0x18, 0x01, 0x29, 0xfd, 0xde,
    0xfd, 0xde, 0xdd, 0xde, 0xfd, 0xde, 0xfd, 0xde, 0xfd, 0xde, 0x9f, 0xf7, 0xbf, 0xf7, 0xbf, 0xf7,
    0xbf, 0xf7, 0x9f, 0xf7, 0xbf, 0xf7, 0xbf, 0xf7, 0xbf, 0xf7, 0x9f, 0xf7, 0xbf, 0xf7, 0x9f, 0xf7,
    0xbc, 0xd6, 0x1a, 0xc6, 0x5b, 0xce, 0x5b, 0xce, 0x3b, 0xc6, 0x94, 0x94, 0x00, 0x00, 0x00, 0x00,
    0x00, 0x00, 0x00, 0x00, 0x28, 0xdd, 0x60, 0x10, 0x41, 0x39, 0xa0, 0x18, 0xe1, 0x28, 0xbc, 0xde,
    0xfd, 0xde, 0xdd, 0xde, 0xfd, 0xde, 0xfd, 0xde, 0xfd, 0xde, 0x9f, 0xf7, 0xbf, 0xf7, 0xbf, 0xf7,
    0xbf, 0xf7, 0x9f, 0xf7, 0xbf, 0xf7, 0xbf, 0xf7, 0xbf, 0xf7, 0x9f, 0xf7, 0xbf, 0xf7, 0x9f, 0xf7,
    0xbc, 0xd6, 0x1a, 0xbe, 0x5b, 0xce, 0x5b, 0xce, 0x3b, 0xc6, 0xd9, 0xbd, 0x00, 0x00, 0x00, 0x00,
    0x00, 0x00, 0xc5, 0xa3, 0x40, 0x00, 0x60, 0x10, 0x41, 0x39, 0xa0, 0x18, 0xe1, 0x28, 0x79, 0xde,
    0xfd, 0xde, 0xdd, 0xde, 0xfd, 0xde, 0xfd, 0xde, 0xfd, 0xde, 0x9f, 0xf7, 0xbf, 0xf7, 0xbf, 0xf7,
    0xbf, 0xf7, 0x9f, 0xf7, 0xbf, 0xf7, 0xbf, 0xf7, 0xbf, 0xf7, 0x9f, 0xf7, 0xbf, 0xf7, 0xbf, 0xf7,
    0xbc, 0xd6, 0x1a, 0xbe, 0x5b, 0xce, 0x5b, 0xce, 0x3b, 0xc6, 0x3b, 0xc6, 0xa3, 0x10, 0x00, 0x00,
    0x00, 0x00, 0x24, 0x8b, 0x40, 0x00, 0x21, 0x31, 0x80, 0x10, 0xa0, 0x18, 0xe1, 0x28, 0xf6, 0xdd,
    0xfd, 0xde, 0xdd, 0xde, 0xfd, 0xde, 0xfd, 0xde, 0xfd, 0xde, 0x9f, 0xf7, 0xbf, 0xf7, 0xbf, 0xf7,
    0xbf, 0xf7, 0x9f, 0xf7, 0xbf, 0xf7, 0xbf, 0xf7, 0xbf, 0xf7, 0x9f, 0xf7, 0xbf, 0xf7, 0xbf, 0xf7,
    0xbc, 0xd6, 0x1a, 0xbe, 0x5b, 0xce, 0x5b, 0xce, 0x3b, 0xc6, 0x3b, 0xc6, 0xa7, 0x31, 0x00, 0x00,
    0x00, 0x00, 0x00, 0x00, 0x40, 0x00, 0x05, 0x73, 0x80, 0x10, 0xa0, 0x18, 0xe1, 0x28, 0x93, 0xd5,
    0xfd, 0xde, 0xdd, 0xde, 0xfd, 0xde, 0xfd, 0xde, 0xfd, 0xde, 0x9f, 0xf7, 0xbf, 0xf7, 0xbf, 0xf7,
    0xbf, 0xf7, 0x9f, 0xf7, 0xbf, 0xf7, 0xbf, 0xf7, 0xbf, 0xf7, 0x9f, 0xf7, 0xbf, 0xf7, 0xbf, 0xf7,
    0xdc, 0xde, 0x1a, 0xbe, 0x5b, 0xce, 0x5b, 0xce, 0x3b, 0xc6, 0x3b, 0xc6, 0x49, 0x4a, 0x00, 0x00,
    0x00, 0x00, 0x00, 0x00, 0x40, 0x00, 0x25, 0x73, 0xa0, 0x18, 0xa0, 0x18, 0xe1, 0x28, 0x51, 0xd5,
    0xfd, 0xde, 0xdd, 0xde, 0xfd, 0xde, 0xfd, 0xde, 0xfd, 0xde, 0x9f, 0xf7, 0xbf, 0xf7, 0xbf, 0xf7,
    0xbf, 0xf7, 0x9f, 0xf7, 0xbf, 0xf7, 0xbf, 0xf7, 0xbf, 0xf7, 0x9f, 0xf7, 0xbf, 0xf7, 0xbf, 0xf7,
    0xdc, 0xde, 0x1a, 0xbe, 0x5b, 0xce, 0x5b, 0xce, 0x3b, 0xc6, 0x3b, 0xc6, 0x6a, 0x4a, 0x00, 0x00,
    0x00, 0x00, 0x00, 0x00, 0x40, 0x00, 0x25, 0x73, 0xa0, 0x18, 0xa0, 0x18, 0xe1, 0x28, 0x30, 0xd5,
    0xfd, 0xde, 0xdd, 0xde, 0xfd, 0xde, 0xfd, 0xde, 0xfd, 0xde, 0x9f, 0xf7, 0xbf, 0xf7, 0xbf, 0xf7,
    0xbf, 0xf7, 0x9f, 0xf7, 0xbf, 0xf7, 0xbf, 0xf7, 0xbf, 0xf7, 0x9f, 0xf7, 0xbf, 0xf7, 0xbf, 0xf7,
    0xbc, 0xd6, 0x1a, 0xbe, 0x5b, 0xce, 0x5b, 0xce, 0x3b, 0xc6, 0x3b, 0xc6, 0x29, 0x42, 0x00, 0x00,
    0x00, 0x00, 0x00, 0x00, 0x84, 0x5a, 0xac, 0xf6, 0xa0, 0x18, 0xa0, 0x18, 0xe1, 0x28, 0x51, 0xd5,
    0xfd, 0xde, 0xdd, 0xde, 0xfd, 0xde, 0xfd, 0xde, 0xfd, 0xde, 0x9f, 0xf7, 0xbf, 0xf7, 0xbf, 0xf7,
    0xbf, 0xf7, 0x9f, 0xf7, 0xbf, 0xf7, 0xbf, 0xf7, 0xbf, 0xf7, 0x9f, 0xf7, 0xbf, 0xf7, 0xbf, 0xf7,
    0x9c, 0xd6, 0x3b, 0xc6, 0x5b, 0xce, 0x5b, 0xce, 0x3b, 0xc6, 0x3b, 0xc6, 0x86, 0x31, 0x00, 0x00,
    0x00, 0x00, 0x00, 0x00, 0xa4, 0x62, 0x8c, 0xf6, 0x80, 0x10, 0xa0, 0x18, 0x01, 0x29, 0x93, 0xd5,
    0xfd, 0xde, 0xdd, 0xde, 0xfd, 0xde, 0xfd, 0xde, 0xdd, 0xde, 0x9f, 0xf7, 0xbf, 0xf7, 0xbf, 0xf7,
    0xbf, 0xf7, 0x9f, 0xf7, 0xbf, 0xf7, 0xbf, 0xf7, 0xbf, 0xf7, 0x9f, 0xf7, 0xbf, 0xf7, 0xbf, 0xf7,
    0x9c, 0xce, 0x3b, 0xc6, 0x5b, 0xce, 0x5b, 0xce, 0x3b, 0xc6, 0x1a, 0xc6, 0x82, 0x10, 0x00, 0x00,
    0x00, 0x00, 0x86, 0x83, 0x2c, 0xe6, 0x8c, 0xf6, 0x80, 0x10, 0xa0, 0x18, 0x21, 0x29, 0x16, 0xde,
    0xfd, 0xde, 0xdd, 0xde, 0xfd, 0xde, 0xfd, 0xde, 0xdd, 0xde, 0x9f, 0xf7, 0xbf, 0xf7, 0xbf, 0xf7,
    0xbf, 0xf7, 0x9f, 0xf7, 0xbf, 0xf7, 0xbf, 0xf7, 0xbf, 0xf7, 0x9f, 0xf7, 0xbf, 0xf7, 0xbf, 0xf7,
    0x7c, 0xce, 0x3b, 0xc6, 0x5b, 0xce, 0x5b, 0xce, 0x3b, 0xc6, 0x98, 0xb5, 0x00, 0x00, 0x00, 0x00,
    0xa4, 0x62, 0x00, 0x00, 0x2c, 0xe6, 0x66, 0x83, 0x41, 0x39, 0xa0, 0x20, 0x22, 0xd3, 0x7a, 0xde,
    0xfd, 0xde, 0xdd, 0xde, 0xfd, 0xde, 0xfd, 0xde, 0xdd, 0xde, 0x9f, 0xf7, 0xbf, 0xf7, 0xbf, 0xf7,
    0xbf, 0xf7, 0x9f, 0xf7, 0xbf, 0xf7, 0xbf, 0xf7, 0xbf, 0xf7, 0x9f, 0xf7, 0xbf, 0xf7, 0xbf, 0xf7,
    0x7c, 0xce, 0x3b, 0xc6, 0x5b, 0xce, 0x5b, 0xce, 0x3b, 0xc6, 0x52, 0x8c, 0x00, 0x00, 0x00, 0x00,
    0x00, 0x00, 0xaa, 0xd5, 0x2c, 0xe6, 0xa6, 0x83, 0x41, 0x39, 0xc0, 0x20, 0x22, 0xd3, 0xdc, 0xde,
    0xfd, 0xde, 0xdd, 0xde, 0xfd, 0xde, 0xfd, 0xde, 0xdd, 0xde, 0x9f, 0xf7, 0xbf, 0xf7, 0xbf, 0xf7,
    0xbf, 0xf7, 0x9f, 0xf7, 0xbf, 0xf7, 0xbf, 0xf7, 0xbf, 0xf7, 0x9f, 0xf7, 0xbf, 0xf7, 0xbf, 0xf7,
    0x9c, 0xce, 0x3b, 0xc6, 0x5b, 0xce, 0x5b, 0xce, 0x3b, 0xc6, 0x8a, 0x52, 0x00, 0x00, 0x00, 0x00,
    0x8c, 0xf6, 0x00, 0x00, 0x05, 0x73, 0xa6, 0x8b, 0x41, 0x39, 0xc0, 0x20, 0x22, 0xd3, 0xfd, 0xde,
    0xfd, 0xde, 0xfd, 0xde, 0xfd, 0xde, 0xfd, 0xde, 0xfd, 0xde, 0x9f, 0xf7, 0xbf, 0xf7, 0xbf, 0xf7,
    0xbf, 0xf7, 0x9f, 0xf7, 0xbf, 0xf7, 0xbf, 0xf7, 0xbf, 0xf7, 0x9f, 0xf7, 0xbf, 0xf7, 0xbf, 0xf7,
    0xbc, 0xd6, 0x3b, 0xc6, 0x5b, 0xce, 0x5b, 0xce, 0x3b, 0xc6, 0xc3, 0x18, 0x00, 0x00, 0x00, 0x00,
    0x00, 0x00, 0x24, 0x52, 0x25, 0x73, 0x01, 0x21, 0x27, 0xdd, 0xc0, 0x20, 0x85, 0xd3, 0xfd, 0xde,
    0xfd, 0xde, 0xfd, 0xde, 0xfd, 0xde, 0xfd, 0xde, 0x1d, 0xe7, 0x9f, 0xf7, 0xbf, 0xf7, 0xbf, 0xf7,
    0xbf, 0xf7, 0x9f, 0xf7, 0xbf, 0xf7, 0xbf, 0xf7, 0xbf, 0xf7, 0x9f, 0xf7, 0xbf, 0xf7, 0xbf, 0xf7,
    0xfd, 0xde, 0x3b, 0xc6, 0x5b, 0xce, 0x5b, 0xce, 0x3b, 0xc6, 0x00, 0x00, 0x00, 0x00, 0x00, 0x00,
    0x46, 0x7b, 0x00, 0x00, 0x60, 0x10, 0xc2, 0x49, 0x28, 0xdd, 0xc0, 0x20, 0x08, 0xd4, 0xfd, 0xde,
    0xfd, 0xde, 0xfd, 0xde, 0xfd, 0xde, 0xfd, 0xde, 0x5e, 0xef, 0x9f, 0xf7, 0xbf, 0xf7, 0xbf, 0xf7,
    0xbf, 0xf7, 0x9f, 0xf7, 0xbf, 0xf7, 0xbf, 0xf7, 0xbf, 0xf7, 0x9f, 0xf7, 0xbf, 0xf7, 0xbf, 0xf7,
    0x3e, 0xe7, 0x1a, 0xbe, 0x5b, 0xce, 0x5b, 0xce, 0xb9, 0xb5, 0x00, 0x00, 0x00, 0x00, 0x00, 0x00,
    0x64, 0x5a, 0x00, 0x00, 0x41, 0x29, 0xa0, 0x18, 0x28, 0xdd, 0xe0, 0x20, 0x8c, 0xd4, 0xfd, 0xde,
    0xfd, 0xde, 0xfd, 0xde, 0xfd, 0xde, 0xfd, 0xde, 0x7f, 0xef, 0x9f, 0xf7, 0xbf, 0xf7, 0xbf, 0xf7,
    0xbf, 0xf7, 0x9f, 0xf7, 0xbf, 0xf7, 0xbf, 0xf7, 0xbf, 0xf7, 0x9f, 0xf7, 0xbf, 0xf7, 0xbf, 0xf7,
    0x7f, 0xef, 0x5b, 0xc6, 0x5b, 0xce, 0x5b, 0xce, 0xf5, 0x9c, 0x00, 0x00, 0x00, 0x00, 0x00, 0x00,
    0x00, 0x00, 0x00, 0x00, 0xa0, 0x18, 0xe7, 0xd4, 0x28, 0xe5, 0xe0, 0x20, 0xee, 0xd4, 0xfd, 0xde,
    0xfd, 0xde, 0xfd, 0xde, 0xfd, 0xde, 0xdc, 0xde, 0x9f, 0xf7, 0x9f, 0xf7, 0xbf, 0xf7, 0xbf, 0xf7,
    0xbf, 0xf7, 0x9f, 0xf7, 0xbf, 0xf7, 0xbf, 0xf7, 0xbf, 0xf7, 0x9f, 0xf7, 0xbf, 0xf7, 0xbf, 0xf7,
    0x9f, 0xf7, 0x5b, 0xc6, 0x5b, 0xce, 0x5b, 0xce, 0x73, 0x8c, 0x00, 0x00, 0x00, 0x00, 0x00, 0x00,
    0x00, 0x00, 0x00, 0x00, 0x60, 0x10, 0xe7, 0xd4, 0x61, 0x39, 0xe2, 0xca, 0x30, 0xd5, 0xfd, 0xde,
    0xfd, 0xde, 0xfd, 0xde, 0xfd, 0xde, 0xfd, 0xde, 0xbf, 0xf7, 0x9f, 0xf7, 0xbf, 0xf7, 0xbf, 0xf7,
    0xbf, 0xf7, 0x9f, 0xf7, 0xbf, 0xf7, 0xbf, 0xf7, 0xbf, 0xf7, 0x9f, 0xf7, 0xbf, 0xf7, 0xbf, 0xf7,
    0xbf, 0xf7, 0x7b, 0xce, 0x5b, 0xce, 0x5b, 0xce, 0x73, 0x8c, 0x00, 0x00, 0x00, 0x00, 0x00, 0x00,
    0x00, 0x00, 0x00, 0x00, 0x68, 0xe5, 0xa0, 0x18, 0x61, 0x39, 0xe2, 0xca, 0x30, 0xd5, 0xfd, 0xde,
    0xfd, 0xde, 0xfd, 0xde, 0xfd, 0xde, 0x1d, 0xdf, 0xbf, 0xf7, 0x9f, 0xf7, 0xbf, 0xf7, 0xbf, 0xf7,
    0xbf, 0xf7, 0x9f, 0xf7, 0xbf, 0xf7, 0xbf, 0xf7, 0xbf, 0xf7, 0x9f, 0xf7, 0xbf, 0xf7, 0xbf, 0xf7,
    0xbf, 0xf7, 0x9c, 0xd6, 0x5b, 0xce, 0x5b, 0xce, 0xd5, 0x9c, 0x00, 0x00, 0x00, 0x00, 0x00, 0x00,
    0x00, 0x00, 0x63, 0x52, 0x26, 0x73, 0xcd, 0xfe, 0x07, 0x9c, 0x41, 0x39, 0xc0, 0x20, 0x30, 0xd5,
    0xfd, 0xde, 0xdd, 0xde, 0xdd, 0xde, 0xfd, 0xde, 0x1d, 0xe7, 0x3e, 0xe7, 0x3e, 0xe7, 0x3e, 0xe7,
    0x3e, 0xe7, 0x1d, 0xe7, 0xfd, 0xde, 0x1d, 0xe7, 0x1d, 0xe7, 0x1d, 0xe7, 0xfd, 0xde, 0x1d, 0xe7,
    0xdd, 0xde, 0x3b, 0xc6, 0x3b, 0xc6, 0x5b, 0xce, 0x73, 0x8c, 0x00, 0x00, 0x00, 0x00, 0x00, 0x00,
    0x00, 0x00, 0x84, 0x5a, 0x0b, 0xe6, 0x80, 0x10, 0x07, 0x94, 0x41, 0x39, 0xc0, 0x20, 0xb4, 0xdd,
    0xfd, 0xde, 0xdd, 0xde, 0xdd, 0xde, 0xdc, 0xd6, 0x3e, 0xe7, 0x3e, 0xe7, 0x3e, 0xe7, 0x5e, 0xef,
    0x3e, 0xe7, 0x1d, 0xe7, 0xfd, 0xde, 0x1d, 0xe7, 0x1d, 0xe7, 0x1d, 0xe7, 0xfd, 0xde, 0x1d, 0xe7,
    0xfd, 0xde, 0x3a, 0xc6, 0x3b, 0xc6, 0x5b, 0xce, 0xd0, 0x7b, 0x00, 0x00, 0x00, 0x00, 0x00, 0x00,
    0xc3, 0x41, 0xab, 0xd5, 0x0b, 0xe6, 0x66, 0x83, 0x07, 0x94, 0x41, 0x39, 0x27, 0xdd, 0xf6, 0xdd,
    0xfd, 0xde, 0xdd, 0xde, 0xdd, 0xde, 0xdc, 0xd6, 0x3e, 0xe7, 0x3e, 0xe7, 0x3e, 0xe7, 0x5e, 0xef,
    0x3e, 0xe7, 0x3e, 0xe7, 0x1d, 0xe7, 0x1d, 0xe7, 0x1d, 0xe7, 0x1d, 0xe7, 0x1d, 0xe7, 0x1e, 0xe7,
    0x1d, 0xe7, 0x3b, 0xc6, 0x3b, 0xc6, 0x5b, 0xce, 0xec, 0x5a, 0x00, 0x00, 0x00, 0x00, 0x00, 0x00,
    0xc3, 0x41, 0xab, 0xd5, 0x00, 0x00, 0x4a, 0xc5, 0x02, 0x52, 0x28, 0xdd, 0xc0, 0x20, 0x38, 0xde,
    0xfd, 0xde, 0xdd, 0xde, 0xdd, 0xde, 0xdc, 0xde, 0x5e, 0xef, 0x5e, 0xef, 0x3e, 0xe7, 0x5e, 0xef,
    0x5e, 0xef, 0x3e, 0xe7, 0x1d, 0xe7, 0x3e, 0xe7, 0x3e, 0xe7, 0x3e, 0xe7, 0x1d, 0xe7, 0x3e, 0xe7,
    0x1d, 0xe7, 0x7b, 0xce, 0x3b, 0xc6, 0x5b, 0xce, 0x29, 0x42, 0x00, 0x00, 0x00, 0x00, 0x00, 0x00,
    0x4a, 0xc5, 0x0b, 0xe6, 0x05, 0x73, 0x60, 0x10, 0x61, 0x31, 0x28, 0xdd, 0xc0, 0x20, 0xd8, 0xbd,
    0xfd, 0xde, 0xdd, 0xde, 0xbc, 0xd6, 0x1d, 0xdf, 0x5e, 0xef, 0x5e, 0xef, 0x5e, 0xef, 0x5e, 0xef,
    0x5e, 0xef, 0x5e, 0xef, 0x3e, 0xe7, 0x3e, 0xe7, 0x3e, 0xe7, 0x3e, 0xe7, 0x3e, 0xe7, 0x3e, 0xe7,
    0x3e, 0xe7, 0xbc, 0xd6, 0x1a, 0xbe, 0x5b, 0xce, 0xc7, 0x39, 0x00, 0x00, 0x00, 0x00, 0x00, 0x00,
    0x4a, 0xc5, 0x44, 0x52, 0x00, 0x00, 0x21, 0x29, 0x80, 0x18, 0x28, 0xdd, 0x41, 0x39, 0xb7, 0xbd,
    0xfd, 0xde, 0xdd, 0xde, 0xbc, 0xd6, 0x3e, 0xe7, 0x5e, 0xef, 0x5e, 0xef, 0x5e, 0xef, 0x7e, 0xef,
    0x5e, 0xef, 0x5e, 0xef, 0x3e, 0xe7, 0x5e, 0xef, 0x5e, 0xef, 0x5e, 0xef, 0x3e, 0xe7, 0x5e, 0xef,
    0x3e, 0xe7, 0xfd, 0xde, 0x3b, 0xc6, 0x5b, 0xce, 0xc7, 0x39, 0x00, 0x00, 0x00, 0x00, 0x00, 0x00,
    0x83, 0x39, 0x44, 0x52, 0x00, 0x00, 0x01, 0x21, 0xc7, 0xcc, 0x28, 0xe5, 0xa0, 0x20, 0x56, 0xad,
    0xfd, 0xde, 0xdd, 0xde, 0xbc, 0xd6, 0x5e, 0xef, 0x7e, 0xef, 0x7e, 0xef, 0x5e, 0xef, 0x7f, 0xef,
    0x7f, 0xef, 0x5e, 0xef, 0x5e, 0xef, 0x7f, 0xef, 0x5e, 0xef, 0x5e, 0xef, 0x5e, 0xef, 0x5e, 0xef,
    0x5e, 0xef, 0x3e, 0xe7, 0x3a, 0xc6, 0x5b, 0xce, 0x4a, 0x4a, 0x00, 0x00, 0x00, 0x00, 0x00, 0x00,
    0x62, 0x31, 0x00, 0x00, 0x00, 0x00, 0x60, 0x10, 0xc7, 0xcc, 0x41, 0x39, 0xa0, 0x18, 0xd3, 0x9c,
    0xfd, 0xde, 0xdd, 0xde, 0xbc, 0xd6, 0x7f, 0xef, 0x7f, 0xef, 0x7f, 0xef, 0x7e, 0xef, 0x7f, 0xef,
    0x7f, 0xef, 0x7f, 0xef, 0x7e, 0xef, 0x7f, 0xef, 0x7f, 0xef, 0x7e, 0xef, 0x5e, 0xef, 0x7f, 0xef,
    0x5e, 0xef, 0x5e, 0xef, 0x5b, 0xc6, 0x5b, 0xce, 0x4e, 0x6b, 0x00, 0x00, 0x00, 0x00, 0x00, 0x00,
    0x00, 0x00, 0x00, 0x00, 0x00, 0x00, 0xc7, 0xcc, 0x80, 0x10, 0x41, 0x39, 0xa0, 0x18, 0xef, 0x83,
    0xfd, 0xde, 0xdd, 0xde, 0xbc, 0xd6, 0x7f, 0xef, 0x7f, 0xef, 0x7f, 0xef, 0x7f, 0xef, 0x9f, 0xf7,
    0x7f, 0xef, 0x7f, 0xef, 0x7f, 0xef, 0x9f, 0xf7, 0x7f, 0xef, 0x7f, 0xef, 0x7e, 0xef, 0x7f, 0xef,
    0x7f, 0xef, 0x5e, 0xef, 0x5b, 0xce, 0x5b, 0xce, 0xb4, 0x94, 0x00, 0x00, 0x00, 0x00, 0x00, 0x00,
    0x00, 0x00, 0x00, 0x00, 0x05, 0xac, 0xc7, 0xcc, 0x21, 0x31, 0x80, 0x10, 0xa0, 0x18, 0xea, 0x62,
    0xfd, 0xde, 0xdd, 0xde, 0xdc, 0xde, 0x9f, 0xf7, 0x9f, 0xf7, 0x9f, 0xf7, 0x7f, 0xef, 0x9f, 0xf7,
    0x9f, 0xf7, 0x7f, 0xef, 0x7f, 0xef, 0x9f, 0xf7, 0x9f, 0xf7, 0x7f, 0xef, 0x7f, 0xef, 0x9f, 0xf7,
    0x7f, 0xef, 0x7f, 0xef, 0x7b, 0xce, 0x5b, 0xce, 0xb9, 0xb5, 0x00, 0x00, 0x00, 0x00, 0x00, 0x00,
    0x00, 0x00, 0x00, 0x00, 0xc5, 0xa3, 0x40, 0x08, 0x60, 0x10, 0x80, 0x10, 0xa0, 0x18, 0x05, 0x42,
    0xdd, 0xde, 0xdd, 0xde, 0xdc, 0xde, 0x9f, 0xf7, 0x9f, 0xf7, 0x9f, 0xf7, 0x7f, 0xef, 0x9f, 0xf7,
    0x9f, 0xf7, 0x9f, 0xf7, 0x7f, 0xef, 0x9f, 0xf7, 0x9f, 0xf7, 0x7f, 0xef, 0x7f, 0xef, 0x9f, 0xf7,
    0x9f, 0xf7, 0x7f, 0xef, 0x7b, 0xce, 0x5b, 0xce, 0x3b, 0xc6, 0x41, 0x08, 0x00, 0x00, 0x00, 0x00,
    0x00, 0x00, 0x25, 0x8b, 0xc5, 0xa3, 0x40, 0x08, 0x46, 0x7b, 0x60, 0x10, 0xa0, 0x18, 0x41, 0x29,
    0x9b, 0xd6, 0xdd, 0xde, 0xdc, 0xde, 0x9f, 0xf7, 0x9f, 0xf7, 0x9f, 0xf7, 0x9f, 0xf7, 0x9f, 0xf7,
    0x9f, 0xf7, 0x9f, 0xf7, 0x7f, 0xef, 0x9f, 0xf7, 0x9f, 0xf7, 0x9f, 0xf7, 0x7f, 0xef, 0x9f, 0xf7,
    0x9f, 0xf7, 0x7f, 0xef, 0x7b, 0xce, 0x5b, 0xce, 0x5b, 0xce, 0x45, 0x29, 0x00, 0x00, 0x00, 0x00,
    0x00, 0x00, 0x25, 0x8b, 0x00, 0x00, 0x40, 0x08, 0x25, 0x7b, 0x80, 0x10, 0xa0, 0x18, 0xe0, 0x20,
    0x19, 0xc6, 0xdd, 0xde, 0xbc, 0xd6, 0x9f, 0xf7, 0x9f, 0xf7, 0x9f, 0xf7, 0x7f, 0xef, 0x9f, 0xf7,
    0x9f, 0xf7, 0x9f, 0xf7, 0x7f, 0xef, 0x9f, 0xf7, 0x9f, 0xf7, 0x7f, 0xef, 0x7f, 0xef, 0x9f, 0xf7,
    0x9f, 0xf7, 0x7f, 0xef, 0x5b, 0xce, 0x5b, 0xce, 0x5b, 0xce, 0x8b, 0x52, 0x00, 0x00, 0x00, 0x00,
    0x45, 0x8b, 0x00, 0x00, 0x00, 0x00, 0x40, 0x08, 0x25, 0x73, 0x8c, 0xf6, 0xa0, 0x18, 0xe0, 0x20,
    0x76, 0xad, 0xdd, 0xde, 0xbc, 0xd6, 0x9f, 0xf7, 0x9f, 0xf7, 0x9f, 0xf7, 0x7f, 0xef, 0x9f, 0xf7,
    0x9f, 0xf7, 0x7f, 0xef, 0x7f, 0xef, 0x9f, 0xf7, 0x9f, 0xf7, 0x7f, 0xef, 0x7f, 0xef, 0x9f, 0xf7,
    0x7f, 0xef, 0x7e, 0xef, 0x5b, 0xc6, 0x5b, 0xce, 0x5b, 0xce, 0x6e, 0x6b, 0x00, 0x00, 0x00, 0x00,
    0x00, 0x00, 0x00, 0x00, 0x00, 0x00, 0x64, 0x5a, 0xac, 0xf6, 0x60, 0x08, 0xa0, 0x18, 0xe0, 0x20,
    0x14, 0xa5, 0xdd, 0xde, 0xbc, 0xd6, 0x7f, 0xef, 0x7f, 0xef, 0x7f, 0xef, 0x7f, 0xef, 0x9f, 0xf7,
    0x7f, 0xef, 0x7f, 0xef, 0x7f, 0xef, 0x9f, 0xf7, 0x7f, 0xef, 0x7f, 0xef, 0x7e, 0xef, 0x7f, 0xef,
    0x7f, 0xef, 0x3e, 0xe7, 0x3b, 0xc6, 0x5b, 0xce, 0x5b, 0xce, 0xd0, 0x7b, 0x00, 0x00, 0x00, 0x00,
    0x00, 0x00, 0x00, 0x00, 0x00, 0x00, 0x64, 0x5a, 0x8c, 0xf6, 0x60, 0x08, 0xa0, 0x18, 0xe0, 0x20,
    0xd2, 0x9c, 0xdd, 0xde, 0xbc, 0xd6, 0x5e, 0xe7, 0x7f, 0xef, 0x7f, 0xef, 0x7e, 0xef, 0x7f, 0xef,
    0x7f, 0xef, 0x7f, 0xef, 0x5e, 0xef, 0x7f, 0xef, 0x7f, 0xef, 0x5e, 0xef, 0x5e, 0xef, 0x7f, 0xef,
    0x5e, 0xef, 0xfd, 0xde, 0x3b, 0xc6, 0x5b, 0xce, 0x5b, 0xce, 0xaf, 0x73, 0x00, 0x00, 0x00, 0x00,
    0x00, 0x00, 0x00, 0x00, 0x24, 0x52, 0x40, 0x08, 0xad, 0xf6, 0x60, 0x08, 0x41, 0x31, 0xe0, 0x20,
    0xd3, 0x9c, 0xdd, 0xde, 0xbc, 0xd6, 0x1d, 0xe7, 0x7e, 0xef, 0x7e, 0xef, 0x5e, 0xef, 0x7f, 0xef,
    0x7e, 0xef, 0x5e, 0xef, 0x5e, 0xef, 0x7e, 0xef, 0x5e, 0xef, 0x5e, 0xef, 0x5e, 0xef, 0x5e, 0xef,
    0x5e, 0xef, 0xbc, 0xd6, 0x1a, 0xbe, 0x5b, 0xce, 0x5b, 0xce, 0x0d, 0x63, 0x00, 0x00, 0x00, 0x00,
    0x00, 0x00, 0x62, 0x31, 0x44, 0x52, 0xcd, 0xfe, 0x25, 0x73, 0x41, 0x31, 0xa0, 0x18, 0xe0, 0x20,
    0x14, 0xa5, 0xdd, 0xde, 0xdd, 0xde, 0xfd, 0xde, 0x5e, 0xef, 0x5e, 0xef, 0x5e, 0xef, 0x7e, 0xef,
    0x5e, 0xef, 0x5e, 0xef, 0x3e, 0xe7, 0x5e, 0xef, 0x5e, 0xef, 0x3e, 0xe7, 0x3e, 0xe7, 0x5e, 0xef,
    0x3e, 0xe7, 0x7b, 0xce, 0x3b, 0xc6, 0x5b, 0xce, 0x3b, 0xc6, 0x29, 0x42, 0x00, 0x00, 0x00, 0x00,
    0x00, 0x00, 0xa3, 0x39, 0x00, 0x00, 0x2c, 0xe6, 0x25, 0x7b, 0x41, 0x31, 0xa0, 0x18, 0xe0, 0x20,
    0x97, 0xb5, 0xdd, 0xde, 0xdd, 0xde, 0xdc, 0xd6, 0x5e, 0xef, 0x5e, 0xef, 0x5e, 0xef, 0x5e, 0xef,
    0x5e, 0xef, 0x5e, 0xef, 0x3e, 0xe7, 0x3e, 0xe7, 0x3e, 0xe7, 0x3e, 0xe7, 0x3e, 0xe7, 0x3e, 0xe7,
    0x1e, 0xe7, 0x3b, 0xc6, 0x3b, 0xc6, 0x5b, 0xce, 0xd9, 0xbd, 0x04, 0x21, 0x00, 0x00, 0x00, 0x00,
    0xe1, 0x20, 0xeb, 0xdd, 0x0b, 0xe6, 0xa4, 0x62, 0x46, 0x7b, 0x41, 0x39, 0x27, 0xdd, 0xe0, 0x20,
    0x3a, 0xc6, 0xdd, 0xde, 0xdd, 0xde, 0xdc, 0xd6, 0x3e, 0xe7, 0x3e, 0xe7, 0x3e, 0xe7, 0x5e, 0xef,
    0x5e, 0xef, 0x3e, 0xe7, 0x1d, 0xe7, 0x3e, 0xe7, 0x3e, 0xe7, 0x3e, 0xe7, 0x1d, 0xe7, 0x3e, 0xe7,
    0x1d, 0xe7, 0x3b, 0xc6, 0x3b, 0xc6, 0x5b, 0xce, 0xf5, 0x9c, 0x20, 0x00, 0x00, 0x00, 0x00, 0x00,
    0x02, 0x21, 0xab, 0xd5, 0x00, 0x00, 0xa8, 0xac, 0x60, 0x10, 0x27, 0xdd, 0xa0, 0x18, 0xe0, 0x20,
    0xbc, 0xd6, 0xdd, 0xde, 0xdd, 0xde, 0xfd, 0xde, 0x3e, 0xe7, 0x3e, 0xe7, 0x3e, 0xe7, 0x5e, 0xef,
    0x3e, 0xe7, 0x3e, 0xe7, 0x1d, 0xe7, 0x1d, 0xe7, 0x1e, 0xe7, 0x1d, 0xe7, 0x1d, 0xe7, 0x1d, 0xe7,
    0xfd, 0xde, 0x3b, 0xc6, 0x3b, 0xc6, 0x5b, 0xce, 0xd0, 0x7b, 0x00, 0x00, 0x00, 0x00, 0x00, 0x00,
    0x4a, 0xc5, 0x0b, 0xde, 0x84, 0x62, 0x40, 0x08, 0x60, 0x10, 0x28, 0xdd, 0xa0, 0x18, 0x62, 0x31,
    0xfd, 0xde, 0xdd, 0xde, 0xdd, 0xde, 0xfd, 0xde, 0x1d, 0xe7, 0x3e, 0xe7, 0x3e, 0xe7, 0x5e, 0xef,
    0x3e, 0xe7, 0x1d, 0xe7, 0xfd, 0xde, 0x1d, 0xe7, 0x1d, 0xe7, 0x1d, 0xe7, 0xfd, 0xde, 0x1d, 0xe7,
    0xdd, 0xde, 0x3b, 0xc6, 0x3b, 0xc6, 0x5b, 0xce, 0xab, 0x52, 0x00, 0x00, 0x00, 0x00, 0x00, 0x00,
    0x4a, 0xc5, 0x03, 0x4a, 0xa5, 0x62, 0x80, 0x18, 0x80, 0x10, 0x28, 0xdd, 0x41, 0x31, 0x47, 0x52,
    0xfd, 0xde, 0xdd, 0xde, 0xdd, 0xde, 0xfd, 0xde, 0x1d, 0xe7, 0x3e, 0xe7, 0x3e, 0xe7, 0x3e, 0xe7,
    0x3e, 0xe7, 0x1d, 0xe7, 0xfd, 0xde, 0x1d, 0xe7, 0x1d, 0xe7, 0x1d, 0xe7, 0xfd, 0xde, 0x1d, 0xe7,
    0xdd, 0xde, 0x3b, 0xc6, 0x3b, 0xc6, 0x5b, 0xce, 0xc7, 0x39, 0x00, 0x00, 0x00, 0x00, 0x00, 0x00,
    0x62, 0x31, 0x24, 0x52, 0x00, 0x00, 0xc0, 0x18, 0xc7, 0xcc, 0x28, 0xe5, 0xa0, 0x18, 0x6c, 0x73,
    0xfd, 0xde, 0xdd, 0xde, 0xdd, 0xde, 0xfd, 0xde, 0x1d, 0xe7, 0x3e, 0xe7, 0x3d, 0xe7, 0x3e, 0xe7,
    0x3e, 0xe7, 0x1d, 0xe7, 0xfd, 0xde, 0x1d, 0xe7, 0xfd, 0xde, 0x1d, 0xe7, 0xfd, 0xde, 0xfd, 0xde,
    0xdd, 0xde, 0x3b, 0xc6, 0x3b, 0xc6, 0x3b, 0xc6, 0x24, 0x21, 0x00, 0x00, 0x00, 0x00, 0x00, 0x00,
    0x83, 0x39, 0x00, 0x00, 0x00, 0x00, 0x80, 0x10, 0xc7, 0xcc, 0x41, 0x39, 0xa0, 0x20, 0x71, 0x94,
    0xfd, 0xde, 0xdd, 0xde, 0xdd, 0xde, 0xdc, 0xd6, 0x1d, 0xe7, 0x3e, 0xe7, 0x1d, 0xe7, 0x3e, 0xe7,
    0x3e, 0xe7, 0x1d, 0xe7, 0xfd, 0xde, 0x1d, 0xe7, 0xfd, 0xde, 0x1d, 0xe7, 0xfd, 0xde, 0xfd, 0xde,
    0xdd, 0xde, 0x3a, 0xc6, 0x3b, 0xc6, 0x3b, 0xc6, 0xa2, 0x10, 0x00, 0x00, 0x00, 0x00, 0x00, 0x00,
    0x00, 0x00, 0x00, 0x00, 0x00, 0x00, 0xc7, 0xd4, 0x80, 0x18, 0x41, 0x39, 0xa0, 0x20, 0x76, 0xad,
    0xfd, 0xde, 0xdd, 0xde, 0xdd, 0xde, 0xdc, 0xd6, 0x3e, 0xe7, 0x3e, 0xe7, 0x1d, 0xe7, 0x3e, 0xe7,
    0x3e, 0xe7, 0x1d, 0xe7, 0xfd, 0xde, 0x1d, 0xe7, 0xfd, 0xde, 0x1d, 0xe7, 0xfd, 0xde, 0xfd, 0xde,
    0xfd, 0xde, 0x3b, 0xc6, 0x3b, 0xc6, 0x5b, 0xce, 0x61, 0x08, 0x00, 0x00, 0x00, 0x00, 0x00, 0x00,
    0x00, 0x00, 0x00, 0x00, 0x25, 0xb4, 0xc7, 0xd4, 0x61, 0x31, 0x41, 0x31, 0xc0, 0x20, 0xf8, 0xbd,
    0xfd, 0xde, 0xdd, 0xde, 0xdd, 0xde, 0xdc, 0xde, 0x3e, 0xe7, 0x3e, 0xe7, 0x3d, 0xe7, 0x3e, 0xe7,
    0x3e, 0xe7, 0x1d, 0xe7, 0xfd, 0xde, 0x1d, 0xe7, 0xfd, 0xde, 0x1d, 0xe7, 0xfd, 0xde, 0x1d, 0xe7,
    0xfd, 0xde, 0x7b, 0xce, 0x3b, 0xc6, 0x5b, 0xce, 0x21, 0x00, 0x00, 0x00, 0x00, 0x00, 0x00, 0x00,
    0x00, 0x00, 0x00, 0x00, 0x66, 0xc4, 0xc0, 0x18, 0x61, 0x39, 0x80, 0x10, 0xa0, 0x18, 0x7a, 0xde,
    0xfd, 0xde, 0xdd, 0xde, 0xbc, 0xd6, 0xfd, 0xde, 0x3e, 0xe7, 0x3e, 0xe7, 0x3e, 0xe7, 0x3e, 0xe7,
    0x3e, 0xe7, 0x1d, 0xe7, 0xfd, 0xde, 0x1d, 0xe7, 0x1d, 0xe7, 0x1d, 0xe7, 0xfd, 0xde, 0x1d, 0xe7,
    0xfd, 0xde, 0x9c, 0xd6, 0x1a, 0xbe, 0x5b, 0xce, 0x21, 0x00, 0x00, 0x00, 0x00, 0x00, 0x00, 0x00,
    0x00, 0x00, 0x26, 0xb4, 0x66, 0xc4, 0x82, 0x39, 0x07, 0x94, 0x80, 0x10, 0xa0, 0x18, 0x9b, 0xde,
    0xfd, 0xde, 0xdd, 0xde, 0xbc, 0xd6, 0x3e, 0xe7, 0x3e, 0xe7, 0x3e, 0xe7, 0x3e, 0xe7, 0x3e, 0xe7,
    0x3e, 0xe7, 0x1d, 0xe7, 0xfd, 0xde, 0x1d, 0xe7, 0x1d, 0xe7, 0x1d, 0xe7, 0x1d, 0xe7, 0x1d, 0xe7,
    0xfd, 0xde, 0xdd, 0xde, 0x3b, 0xc6, 0x5b, 0xce, 0x62, 0x08, 0x00, 0x00, 0x00, 0x00, 0x00, 0x00,
    0x00, 0x00, 0x26, 0xb4, 0x00, 0x00, 0xe2, 0x41, 0x07, 0x94, 0xa0, 0x20, 0xa0, 0x18, 0x9b, 0xde,
    0xfd, 0xde, 0xdd, 0xde, 0xbc, 0xd6, 0x3e, 0xe7, 0x3e, 0xe7, 0x3e, 0xe7, 0x3e, 0xe7, 0x5e, 0xef,
    0x3e, 0xe7, 0x3d, 0xe7, 0x1d, 0xe7, 0x1d, 0xe7, 0x1d, 0xe7, 0x1d, 0xe7, 0x1d, 0xe7, 0x1e, 0xe7,
    0x1d, 0xe7, 0xfd, 0xde, 0x3a, 0xc6, 0x5b, 0xce, 0x04, 0x21, 0x00, 0x00, 0x00, 0x00, 0x00, 0x00,
    0x00, 0x00, 0xc3, 0x41, 0xab, 0xd5, 0x26, 0x73, 0x80, 0x10, 0xa2, 0x39, 0x28, 0xdd, 0x41, 0x31,
    0x6c, 0x6b, 0xfd, 0xde, 0xdd, 0xde, 0x9c, 0xd6, 0x7b, 0xce, 0x7b, 0xce, 0x7b, 0xce, 0x5b, 0xce,
    0x5b, 0xce, 0x5b, 0xce, 0x3a, 0xc6, 0x1a, 0xc6, 0x3a, 0xc6, 0x1a, 0xc6, 0x1a, 0xc6, 0xfa, 0xbd,
    0xfa, 0xbd, 0x3a, 0xc6, 0x3b, 0xc6, 0x8b, 0x52, 0x00, 0x00, 0x00, 0x00, 0x00, 0x00, 0x00, 0x00,
    0x84, 0x5a, 0x4a, 0xc5, 0x0b, 0xe6, 0x26, 0x73, 0xc0, 0x18, 0x82, 0x39, 0x48, 0xe5, 0x41, 0x31,
    0xcd, 0x7b, 0xfd, 0xde, 0xdd, 0xde, 0x7b, 0xce, 0x7b, 0xce, 0x7b, 0xce, 0x7b, 0xce, 0x5b, 0xce,
    0x5b, 0xce, 0x5b, 0xce, 0x3a, 0xc6, 0x1a, 0xc6, 0x3a, 0xc6, 0x1a, 0xc6, 0x1a, 0xc6, 0xfa, 0xbd,
    0xfa, 0xbd, 0x3a, 0xc6, 0x3b, 0xc6, 0x4e, 0x6b, 0x00, 0x00, 0x00, 0x00, 0x00, 0x00, 0x00, 0x00,
    0x00, 0x00, 0x4a, 0xc5, 0x84, 0x5a, 0x00, 0x00, 0xa2, 0x41, 0xe7, 0xd4, 0xa0, 0x18, 0x21, 0x31,
    0xce, 0x7b, 0xfd, 0xde, 0xdd, 0xde, 0x7b, 0xce, 0x7b, 0xce, 0x7b, 0xce, 0x7b, 0xce, 0x5b, 0xce,
    0x5b, 0xce, 0x5b, 0xce, 0x3a, 0xc6, 0x1a, 0xc6, 0x3a, 0xc6, 0x1a, 0xc6, 0x1a, 0xc6, 0xfa, 0xbd,
    0xfa, 0xbd, 0x1a, 0xc6, 0x3b, 0xc6, 0xd0, 0x7b, 0x00, 0x00, 0x00, 0x00, 0x00, 0x00, 0x00, 0x00,
    0x6c, 0xee, 0xc3, 0x41, 0x64, 0x5a, 0x00, 0x00, 0xa0, 0x18, 0xe7, 0xd4, 0xe2, 0x49, 0x80, 0x10,
    0xad, 0x7b, 0xdd, 0xde, 0xbc, 0xd6, 0x5b, 0xce, 0x7b, 0xce, 0x7b, 0xce, 0x7b, 0xce, 0x5b, 0xce,
    0x5b, 0xce, 0x5b, 0xce, 0x3a, 0xc6, 0x1a, 0xc6, 0x3b, 0xc6, 0x1a, 0xc6, 0x1a, 0xc6, 0xfa, 0xbd,
    0xfa, 0xbd, 0x1a, 0xc6, 0x1a, 0xbe, 0x32, 0x84, 0x00, 0x00, 0x00, 0x00, 0x00, 0x00, 0x00, 0x00,
    0xc1, 0x18, 0xa3, 0x39, 0x00, 0x00, 0x00, 0x00, 0x60, 0x10, 0xc7, 0xcc, 0xe2, 0x49, 0xc6, 0x8b,
    0x4b, 0x6b, 0xbc, 0xd6, 0xbc, 0xd6, 0x5b, 0xce, 0x7b, 0xce, 0x7b, 0xce, 0x7b, 0xce, 0x5b, 0xce,
    0x5b, 0xce, 0x5b, 0xce, 0x3a, 0xc6, 0x1a, 0xc6, 0x3b, 0xc6, 0x3a, 0xc6, 0x1a, 0xc6, 0xfa, 0xbd,
    0x1a, 0xc6, 0xfa, 0xbd, 0x1a, 0xbe, 0x93, 0x94, 0x00, 0x00, 0x00, 0x00, 0x00, 0x00, 0x00, 0x00,
    0xa3, 0x39, 0x00, 0x00, 0x00, 0x00, 0x00, 0x00, 0x48, 0xe5, 0x21, 0x29, 0xa6, 0x8b, 0xa0, 0x18,
    0xa8, 0x5a, 0x5a, 0xce, 0x9c, 0xd6, 0x5b, 0xce, 0x7b, 0xce, 0x7b, 0xce, 0x7b, 0xce, 0x5b, 0xce,
    0x5b, 0xce, 0x5b, 0xce, 0x3a, 0xc6, 0x1a, 0xc6, 0x3b, 0xc6, 0x3a, 0xc6, 0x1a, 0xc6, 0xfa, 0xbd,
    0x1a, 0xc6, 0xfa, 0xbd, 0x1a, 0xbe, 0xf5, 0x9c, 0x00, 0x00, 0x00, 0x00, 0x00, 0x00, 0x00, 0x00,
    0x00, 0x00, 0x00, 0x00, 0x00, 0x00, 0x25, 0xb4, 0x60, 0x10, 0x01, 0x21, 0xa5, 0x83, 0xa0, 0x18,
    0xe5, 0x41, 0xb6, 0xb5, 0x7b, 0xce, 0x5b, 0xce, 0x7b, 0xce, 0x7b, 0xce, 0x7b, 0xce, 0x5b, 0xce,
    0x5b, 0xce, 0x5b, 0xce, 0x3a, 0xc6, 0x1a, 0xc6, 0x3b, 0xc6, 0x3a, 0xc6, 0x1a, 0xc6, 0xfa, 0xbd,
    0x1a, 0xc6, 0xfa, 0xbd, 0x1a, 0xbe, 0x77, 0xad, 0x00, 0x00, 0x00, 0x00, 0x00, 0x00, 0x00, 0x00,
    0x00, 0x00, 0x00, 0x00, 0x00, 0x00, 0x26, 0xb4, 0x60, 0x10, 0xc0, 0x18, 0x85, 0x7b, 0x6c, 0xf6,
    0x01, 0x29, 0xb1, 0x9c, 0x5a, 0xce, 0x5b, 0xce, 0x7b, 0xce, 0x7b, 0xce, 0x7b, 0xce, 0x5b, 0xce,
    0x5b, 0xce, 0x5b, 0xce, 0x3a, 0xc6, 0x1a, 0xc6, 0x3b, 0xc6, 0x3a, 0xc6, 0x1a, 0xc6, 0xfa, 0xbd,
    0x1a, 0xc6, 0xfa, 0xbd, 0xfa, 0xbd, 0xb8, 0xb5, 0x00, 0x00, 0x00, 0x00, 0x00, 0x00, 0x00, 0x00,
    0x00, 0x00, 0x00, 0x00, 0xa5, 0x9b, 0x26, 0xb4, 0x60, 0x10, 0x86, 0x83, 0x8c, 0xf6, 0x60, 0x10,
    0x81, 0x41, 0xd0, 0xd5, 0x1a, 0xc6, 0x5b, 0xce, 0x7b, 0xce, 0x7b, 0xce, 0x7b, 0xce, 0x5b, 0xce,
    0x5b, 0xce, 0x5b, 0xce, 0x3a, 0xc6, 0x1a, 0xc6, 0x3b, 0xc6, 0x3a, 0xc6, 0x1a, 0xc6, 0xfa, 0xbd,
    0x1a, 0xc6, 0xfa, 0xbd, 0xfa, 0xbd, 0xf9, 0xbd, 0x61, 0x08, 0x00, 0x00, 0x00, 0x00, 0x00, 0x00,
    0x00, 0x00, 0x00, 0x00, 0xa5, 0x9b, 0x00, 0x00, 0x40, 0x08, 0x66, 0x83, 0x8c, 0xf6, 0x60, 0x08,
    0x61, 0x39, 0x6d, 0xd5, 0x19, 0xc6, 0x5b, 0xce, 0x7b, 0xce, 0x7b, 0xce, 0x7b, 0xce, 0x5b, 0xce,
    0x5b, 0xce, 0x5b, 0xce, 0x3a, 0xc6, 0x1a, 0xc6, 0x3b, 0xc6, 0x3a, 0xc6, 0x1a, 0xc6, 0xfa, 0xbd,
    0x1a, 0xc6, 0xfa, 0xbd, 0xfa, 0xbd, 0x1a, 0xbe, 0x25, 0x21, 0x00, 0x00, 0x00, 0x00, 0x00, 0x00,
    0x00, 0x00, 0x45, 0x8b, 0x00, 0x00, 0x00, 0x00, 0xa5, 0x62, 0x66, 0x7b, 0xad, 0xf6, 0x40, 0x08,
    0x61, 0x39, 0x4b, 0xd5, 0xf9, 0xc5, 0x5b, 0xce, 0x7b, 0xce, 0x7b, 0xce, 0x7b, 0xce, 0x5b, 0xce,
    0x5b, 0xce, 0x5b, 0xce, 0x3a, 0xc6, 0x1a, 0xc6, 0x3b, 0xc6, 0x3a, 0xc6, 0x1a, 0xc6, 0xfa, 0xbd,
    0x1a, 0xc6, 0xfa, 0xbd, 0xfa, 0xbd, 0x1a, 0xbe, 0x08, 0x42, 0x00, 0x00, 0x00, 0x00, 0x00, 0x00,
    0x00, 0x00, 0x00, 0x00, 0x00, 0x00, 0x00, 0x00, 0xa4, 0x62, 0x8c, 0xf6, 0x24, 0x73, 0x01, 0x31,
    0x28, 0xe5, 0x04, 0x4a, 0xd8, 0xbd, 0x5b, 0xce, 0x7b, 0xce, 0x7b, 0xce, 0x7b, 0xce, 0x5b, 0xce,
    0x5b, 0xce, 0x5b, 0xce, 0x3a, 0xc6, 0x1a, 0xc6, 0x3b, 0xc6, 0x3a, 0xc6, 0x1a, 0xc6, 0xfa, 0xbd,
    0x1a, 0xc6, 0xfa, 0xbd, 0xfa, 0xbd, 0x1a, 0xbe, 0xab, 0x52, 0x00, 0x00, 0x00, 0x00, 0x00, 0x00,
    0x00, 0x00, 0x00, 0x00, 0x00, 0x00, 0x00, 0x00, 0x6c, 0xee, 0x8c, 0xf6, 0x04, 0x6b, 0x01, 0x31,
    0x28, 0xe5, 0xc3, 0x41, 0x77, 0xad, 0x5b, 0xce, 0x7b, 0xce, 0x7b, 0xce, 0x7b, 0xce, 0x5b, 0xce,
    0x5b, 0xce, 0x5b, 0xce, 0x3a, 0xc6, 0x1a, 0xc6, 0x3b, 0xc6, 0x3a, 0xc6, 0x1a, 0xc6, 0xfa, 0xbd,
    0x1a, 0xc6, 0xfa, 0xbd, 0xfa, 0xbd, 0x1a, 0xbe, 0xec, 0x5a, 0x00, 0x00, 0x00, 0x00, 0x00, 0x00,
    0x00, 0x00, 0x00, 0x00, 0x00, 0x00, 0x44, 0x52, 0x2c, 0xe6, 0x05, 0x73, 0x40, 0x08, 0x01, 0x31,
    0x28, 0xe5, 0x61, 0x39, 0xd3, 0x9c, 0x5b, 0xce, 0x7b, 0xce, 0x7b, 0xce, 0x7b, 0xce, 0x5b, 0xce,
    0x5b, 0xce, 0x5b, 0xce, 0x3a, 0xc6, 0x1a, 0xc6, 0x3b, 0xc6, 0x3a, 0xc6, 0x1a, 0xc6, 0xfa, 0xbd,
    0x1a, 0xc6, 0xfa, 0xbd, 0xfa, 0xbd, 0x1a, 0xbe, 0x8b, 0x52, 0x00, 0x00, 0x00, 0x00, 0x00, 0x00,
    0x00, 0x00, 0x00, 0x00, 0x61, 0x31, 0x00, 0x00, 0x2c, 0xe6, 0x05, 0x73, 0x01, 0x29, 0x07, 0xdd,
    0x61, 0x39, 0xa0, 0x18, 0xcf, 0x7b, 0x5b, 0xce, 0x7b, 0xce, 0x7b, 0xce, 0x7b, 0xce, 0x5b, 0xce,
    0x5b, 0xce, 0x5b, 0xce, 0x3a, 0xc6, 0x1a, 0xc6, 0x3b, 0xc6, 0x3a, 0xc6, 0x1a, 0xc6, 0xfa, 0xbd,
    0x1a, 0xc6, 0xfa, 0xbd, 0x1a, 0xbe, 0xb9, 0xb5, 0xc8, 0x39, 0x00, 0x00, 0x00, 0x00, 0x00, 0x00,
    0x00, 0x00, 0x00, 0x00, 0x82, 0x39, 0x0b, 0xe6, 0x64, 0x52, 0x05, 0x73, 0x01, 0x29, 0x07, 0xdd,
    0x61, 0x39, 0xa0, 0x18, 0xca, 0x5a, 0x5b, 0xce, 0x7b, 0xce, 0x7b, 0xce, 0x7b, 0xce, 0x5b, 0xce,
    0x5b, 0xce, 0x5b, 0xce, 0x3a, 0xc6, 0x1a, 0xc6, 0x3b, 0xc6, 0x3a, 0xc6, 0x1a, 0xc6, 0x1a, 0xc6,
    0x1a, 0xc6, 0xfa, 0xbd, 0x1a, 0xbe, 0x93, 0x94, 0xc3, 0x18, 0x00, 0x00, 0x00, 0x00, 0x00, 0x00,
    0x00, 0x00, 0xa1, 0x18, 0xeb, 0xdd, 0x0b, 0xe6, 0x64, 0x52, 0x40, 0x08, 0x60, 0x10, 0x07, 0xdd,
    0x61, 0x39, 0xa0, 0x18, 0xe6, 0x39, 0x19, 0xc6, 0x7b, 0xce, 0x7b, 0xce, 0x7b, 0xce, 0x5b, 0xce,
    0x5b, 0xce, 0x5b, 0xce, 0x3a, 0xc6, 0x1a, 0xc6, 0x3b, 0xc6, 0x3a, 0xc6, 0x1a, 0xc6, 0xfa, 0xbd,
    0x1a, 0xc6, 0xfa, 0xbd, 0x78, 0xad, 0xcc, 0x5a, 0x00, 0x00, 0x00, 0x00, 0x00, 0x00, 0x00, 0x00,
    0x00, 0x00, 0xc1, 0x18, 0xab, 0xd5, 0x44, 0x52, 0x40, 0x00, 0x40, 0x08, 0x28, 0xdd, 0x01, 0x31,
    0xa0, 0x18, 0xa0, 0x18, 0x27, 0x42, 0xb7, 0xb5, 0x7b, 0xce, 0x7b, 0xce, 0x7b, 0xce, 0x5b, 0xce,
    0x5b, 0xce, 0x5b, 0xce, 0x3a, 0xc6, 0x1a, 0xc6, 0x3b, 0xc6, 0x1a, 0xc6, 0x1a, 0xc6, 0xfa, 0xbd,
    0x1a, 0xc6, 0xd9, 0xbd, 0x8e, 0x6b, 0xe4, 0x18, 0x00, 0x00, 0x00, 0x00, 0x00, 0x00, 0x00, 0x00,
    0xe1, 0x20, 0x4a, 0xc5, 0xeb, 0xdd, 0x44, 0x52, 0x40, 0x00, 0x60, 0x10, 0x48, 0xe5, 0x01, 0x31,
    0xa0, 0x18, 0xc0, 0x18, 0x6d, 0x6b, 0x18, 0xce, 0x7b, 0xce, 0x7b, 0xce, 0x7b, 0xce, 0x5b, 0xce,
    0x5b, 0xce, 0x5b, 0xce, 0x3a, 0xc6, 0x1a, 0xc6, 0x3a, 0xc6, 0x1a, 0xc6, 0x1a, 0xc6, 0xfa, 0xbd,
    0xfa, 0xbd, 0xf5, 0x9c, 0xa7, 0x31, 0x00, 0x00, 0x00, 0x00, 0x00, 0x00, 0x00, 0x00, 0x00, 0x00,
    0x00, 0x00, 0x4a, 0xc5, 0xa3, 0x41, 0x00, 0x00, 0x40, 0x08, 0x87, 0xc4, 0x60, 0x10, 0x01, 0x29,
    0xa0, 0x18, 0x84, 0x31, 0x13, 0xa5, 0x39, 0xce, 0x7b, 0xce, 0x7b, 0xce, 0x7b, 0xce, 0x5b, 0xce,
    0x5b, 0xce, 0x5b, 0xce, 0x3a, 0xc6, 0x1a, 0xc6, 0x3a, 0xc6, 0x1a, 0xc6, 0x1a, 0xc6, 0xfa, 0xbd,
    0xfa, 0xbd, 0x4e, 0x63, 0x41, 0x08, 0x00, 0x00, 0x00, 0x00, 0x00, 0x00, 0x00, 0x00, 0x00, 0x00,
    0x6c, 0xee, 0x02, 0x21, 0xc3, 0x41, 0x00, 0x00, 0x40, 0x08, 0x87, 0xc4, 0x01, 0x29, 0x40, 0x08,
    0xa0, 0x18, 0xa9, 0x5a, 0x19, 0xc6, 0x7b, 0xd6, 0x7b, 0xce, 0x7b, 0xce, 0x7b, 0xce, 0x5b, 0xce,
    0x5b, 0xce, 0x5b, 0xce, 0x3a, 0xc6, 0x1a, 0xc6, 0x3a, 0xc6, 0x1a, 0xc6, 0x1a, 0xc6, 0xfa, 0xbd,
    0xfa, 0xbd, 0x08, 0x42, 0x00, 0x00, 0x00, 0x00, 0x00, 0x00, 0x00, 0x00, 0x00, 0x00, 0x00, 0x00,
    0x00, 0x00, 0x22, 0x29, 0x00, 0x00, 0x00, 0x00, 0x40, 0x08, 0xa7, 0xcc, 0x01, 0x29, 0x45, 0x73,
    0xa0, 0x18, 0x10, 0x84, 0xbc, 0xd6, 0x9c, 0xd6, 0x7b, 0xce, 0x7b, 0xce, 0x7b, 0xce, 0x5b, 0xce,
    0x5b, 0xce, 0x5b, 0xce, 0x3a, 0xc6, 0x1a, 0xc6, 0x3a, 0xc6, 0x1a, 0xc6, 0x1a, 0xc6, 0xfa, 0xbd,
    0xfa, 0xbd, 0x66, 0x29, 0x00, 0x00, 0x00, 0x00, 0x00, 0x00, 0x00, 0x00, 0x00, 0x00, 0x00, 0x00,
    0x82, 0x39, 0x00, 0x00, 0x00, 0x00, 0x00, 0x00, 0x48, 0xe5, 0x80, 0x10, 0x65, 0x7b, 0x80, 0x18,
    0x01, 0x29, 0x96, 0xb5, 0xdd, 0xde, 0x9c, 0xd6, 0x7b, 0xce, 0x7b, 0xce, 0x7b, 0xce, 0x5b, 0xce,
    0x5b, 0xce, 0x5b, 0xce, 0x3a, 0xc6, 0x1a, 0xc6, 0x3a, 0xc6, 0x1a, 0xc6, 0x1a, 0xc6, 0xfa, 0xbd,
    0xfa, 0xbd, 0x86, 0x31, 0x00, 0x00, 0x00, 0x00, 0x00, 0x00, 0x00, 0x00, 0x00, 0x00, 0x00, 0x00,
    0x00, 0x00, 0x00, 0x00, 0x00, 0x00, 0x05, 0xac, 0x60, 0x10, 0xc0, 0x18, 0x85, 0x7b, 0x80, 0x18,
    0xc5, 0x41, 0x5a, 0xce, 0xdd, 0xde, 0x9c, 0xd6, 0x7b, 0xce, 0x7b, 0xce, 0x7b, 0xce, 0x5b, 0xce,
    0x5b, 0xce, 0x5b, 0xce, 0x3a, 0xc6, 0x1a, 0xc6, 0x3a, 0xc6, 0x1a, 0xc6, 0x1a, 0xc6, 0xfa, 0xbd,
    0xfa, 0xbd, 0x8b, 0x4a, 0x00, 0x00, 0x00, 0x00, 0x00, 0x00, 0x00, 0x00, 0x00, 0x00, 0x00, 0x00,
    0x00, 0x00, 0x00, 0x00, 0x00, 0x00, 0x46, 0xbc, 0x80, 0x10, 0x01, 0x21, 0xa5, 0x83, 0x8c, 0xf6,
    0xe9, 0x5a, 0xbc, 0xd6, 0xdd, 0xde, 0x7b, 0xce, 0x7b, 0xce, 0x7b, 0xce, 0x7b, 0xce, 0x5b, 0xce,
    0x5b, 0xce, 0x5b, 0xce, 0x3a, 0xc6, 0x1a, 0xc6, 0x3a, 0xc6, 0x1a, 0xc6, 0x1a, 0xc6, 0xfa, 0xbd,
    0xfa, 0xbd, 0x12, 0x84, 0xa2, 0x10, 0x00, 0x00, 0x00, 0x00, 0x00, 0x00, 0x00, 0x00, 0x00, 0x00,
    0x00, 0x00, 0x00, 0x00, 0xe6, 0xab, 0x46, 0xbc, 0x21, 0x29, 0xc7, 0x8b, 0x8c, 0xf6, 0x80, 0x10,
    0x2e, 0x8c, 0xdd, 0xde, 0xdd, 0xde, 0x7b, 0xce, 0x7b, 0xce, 0x7b, 0xce, 0x7b, 0xce, 0x5b, 0xce,
    0x5b, 0xce, 0x5b, 0xce, 0x3a, 0xc6, 0x1a, 0xc6, 0x3a, 0xc6, 0x1a, 0xc6, 0x1a, 0xc6, 0xfa, 0xbd,
    0xfa, 0xbd, 0x98, 0xb5, 0xe8, 0x39, 0x00, 0x00, 0x00, 0x00, 0x00, 0x00, 0x00, 0x00, 0x00, 0x00,
    0x00, 0x00, 0x00, 0x00, 0xe6, 0xab, 0x00, 0x00, 0x60, 0x10, 0xe7, 0x93, 0x8c, 0xf6, 0x80, 0x10,
    0xb1, 0x9c, 0xfd, 0xde, 0xbc, 0xd6, 0x5b, 0xce, 0x7b, 0xce, 0x7b, 0xce, 0x7b, 0xce, 0x5b, 0xce,
    0x5b, 0xce, 0x5b, 0xce, 0x3a, 0xc6, 0x1a, 0xc6, 0x3b, 0xc6, 0x1a, 0xc6, 0x1a, 0xc6, 0xfa, 0xbd,
    0xfa, 0xbd, 0x1a, 0xbe, 0x8f, 0x6b, 0x00, 0x00, 0x00, 0x00, 0x00, 0x00, 0x00, 0x00, 0x00, 0x00,
    0x00, 0x00, 0x07, 0xdd, 0x00, 0x00, 0x00, 0x00, 0x66, 0x7b, 0xe7, 0x93, 0xad, 0xfe, 0x80, 0x10,
    0xf3, 0xa4, 0xfd, 0xde, 0xbc, 0xd6, 0x5b, 0xce, 0x7b, 0xce, 0x7b, 0xce, 0x7b, 0xce, 0x5b, 0xce,
    0x5b, 0xce, 0x5b, 0xce, 0x3a, 0xc6, 0x1a, 0xc6, 0x3b, 0xc6, 0x1a, 0xc6, 0x1a, 0xc6, 0xfa, 0xbd,
    0x1a, 0xc6, 0xfa, 0xbd, 0x36, 0xa5, 0x20, 0x00, 0x00, 0x00, 0x00, 0x00, 0x00, 0x00, 0x00, 0x00,
    0xe6, 0xab, 0x00, 0x00, 0x00, 0x00, 0x20, 0x00, 0x66, 0x83, 0x8c, 0xf6, 0xe6, 0x8b, 0x20, 0x29,
    0x55, 0xde, 0xfd, 0xde, 0x9c, 0xd6, 0x5b, 0xce, 0x7b, 0xce, 0x7b, 0xce, 0x7b, 0xce, 0x5b, 0xce,
    0x5b, 0xce, 0x5b, 0xce, 0x3a, 0xc6, 0x1a, 0xc6, 0x3b, 0xc6, 0x3a, 0xc6, 0x1a, 0xc6, 0xfa, 0xbd,
    0x1a, 0xc6, 0xfa, 0xbd, 0x1a, 0xbe, 0x04, 0x21, 0x00, 0x00, 0x00, 0x00, 0x00, 0x00, 0x00, 0x00,
    0xe6, 0xab, 0x00, 0x00, 0x00, 0x00, 0x00, 0x00, 0x8c, 0xee, 0x8c, 0xf6, 0xe6, 0x8b, 0x41, 0x31,
    0x35, 0xde, 0xfd, 0xde, 0x7b, 0xce, 0x5b, 0xce, 0x7b, 0xce, 0x7b, 0xce, 0x7b, 0xce, 0x5b, 0xce,
    0x5b, 0xce, 0x5b, 0xce, 0x3a, 0xc6, 0x1a, 0xc6, 0x3b, 0xc6, 0x3a, 0xc6, 0x1a, 0xc6, 0x1a, 0xc6,
    0x1a, 0xc6, 0xfa, 0xbd, 0x1a, 0xbe, 0x6a, 0x4a, 0x00, 0x00, 0x00, 0x00, 0x00, 0x00, 0x00, 0x00,
    0xe1, 0x20, 0x6c, 0xee, 0xc3, 0x41, 0x84, 0x5a, 0x40, 0x08, 0xa7, 0xc4, 0xe7, 0xd4, 0x62, 0x31,
    0xc6, 0x8b, 0x8c, 0xf6, 0x28, 0x94, 0x67, 0x52, 0xf9, 0xbd, 0x3a, 0xc6, 0x3a, 0xc6, 0x1a, 0xc6,
    0x1a, 0xc6, 0x1a, 0xc6, 0x1a, 0xc6, 0xfa, 0xbd, 0xfa, 0xbd, 0xfa, 0xbd, 0xfa, 0xbd, 0xfa, 0xbd,
    0xb9, 0xb5, 0x82, 0x10, 0x00, 0x00, 0x00, 0x00, 0x00, 0x00, 0x00, 0x00, 0x00, 0x00, 0x00, 0x00,
    0xc9, 0xb4, 0x00, 0x00, 0xc3, 0x41, 0x00, 0x00, 0x00, 0x00, 0xa7, 0xc4, 0x80, 0x18, 0x20, 0x29,
    0xe7, 0x93, 0x8c, 0xf6, 0x28, 0x94, 0xa8, 0x52, 0xfa, 0xbd, 0x3a, 0xc6, 0x3a, 0xc6, 0x1a, 0xc6,
    0x1a, 0xc6, 0x1a, 0xc6, 0x1a, 0xc6, 0xfa, 0xbd, 0xfa, 0xbd, 0xfa, 0xbd, 0xfa, 0xbd, 0xfa, 0xbd,
    0xd9, 0xbd, 0x29, 0x42, 0x00, 0x00, 0x00, 0x00, 0x00, 0x00, 0x00, 0x00, 0x00, 0x00, 0x00, 0x00,
    0xc9, 0xb4, 0x64, 0x5a, 0x00, 0x00, 0x00, 0x00, 0x00, 0x00, 0xa7, 0xc4, 0x62, 0x39, 0xc6, 0x8b,
    0x6c, 0xf6, 0x07, 0x9c, 0xa2, 0x39, 0x2e, 0xcd, 0x1a, 0xc6, 0x3a, 0xc6, 0x1a, 0xc6, 0x1a, 0xc6,
    0xfa, 0xbd, 0x1a, 0xc6, 0x1a, 0xc6, 0xfa, 0xbd, 0xfa, 0xbd, 0xfa, 0xbd, 0xfa, 0xbd, 0xfa, 0xbd,
    0xfa, 0xbd, 0x52, 0x84, 0x82, 0x10, 0x00, 0x00, 0x00, 0x00, 0x00, 0x00, 0x00, 0x00, 0x00, 0x00,
    0xc1, 0x18, 0x00, 0x00, 0x00, 0x00, 0x00, 0x00, 0x66, 0xc4, 0x40, 0x10, 0xa0, 0x18, 0xc6, 0x8b,
    0x6c, 0xf6, 0x07, 0x94, 0x81, 0x39, 0x71, 0xc5, 0x1a, 0xc6, 0x3a, 0xc6, 0x1a, 0xc6, 0x1a, 0xc6,
    0xfa, 0xbd, 0x1a, 0xc6, 0x1a, 0xc6, 0xfa, 0xbd, 0xfa, 0xbd, 0xfa, 0xbd, 0xfa, 0xbd, 0xfa, 0xbd,
    0xfa, 0xbd, 0x98, 0xb5, 0xc7, 0x39, 0x00, 0x00, 0x00, 0x00, 0x00, 0x00, 0x00, 0x00, 0x00, 0x00,
    0x00, 0x00, 0x00, 0x00, 0x00, 0x00, 0x00, 0x00, 0x46, 0xbc, 0x40, 0x08, 0x46, 0x7b, 0x60, 0x10,
    0x6c, 0xf6, 0x07, 0x94, 0x41, 0x29, 0xb4, 0xc5, 0x1a, 0xc6, 0x3a, 0xc6, 0x1a, 0xc6, 0x1a, 0xc6,
    0xfa, 0xbd, 0x1a, 0xc6, 0x1a, 0xc6, 0xfa, 0xbd, 0xfa, 0xbd, 0xfa, 0xbd, 0xfa, 0xbd, 0xfa, 0xbd,
    0xfa, 0xbd, 0x1a, 0xc6, 0xec, 0x5a, 0x00, 0x00, 0x00, 0x00, 0x00, 0x00, 0x00, 0x00, 0x00, 0x00,
    0x00, 0x00, 0x00, 0x00, 0x00, 0x00, 0xe6, 0xab, 0x00, 0x00, 0x40, 0x08, 0x25, 0x7b, 0x8c, 0xf6,
    0x85, 0x83, 0x61, 0x29, 0xc8, 0xc4, 0x56, 0xad, 0x1a, 0xc6, 0x1a, 0xc6, 0x1a, 0xc6, 0x1a, 0xc6,
    0xfa, 0xbd, 0x1a, 0xc6, 0x1a, 0xc6, 0xfa, 0xbd, 0xfa, 0xbd, 0xfa, 0xbd, 0xfa, 0xbd, 0xfa, 0xbd,
    0xfa, 0xbd, 0x1a, 0xc6, 0xf0, 0x7b, 0x00, 0x00, 0x00, 0x00, 0x00, 0x00, 0x00, 0x00, 0x00, 0x00,
    0x00, 0x00, 0x00, 0x00, 0x00, 0x00, 0xe6, 0xab, 0x00, 0x00, 0x40, 0x08, 0x05, 0x73, 0xcd, 0xfe,
    0x85, 0x83, 0x21, 0x21, 0x0b, 0xc5, 0xb9, 0xb5, 0xfa, 0xbd, 0x1a, 0xc6, 0x1a, 0xc6, 0x1a, 0xc6,
    0xfa, 0xbd, 0x1a, 0xc6, 0xfa, 0xbd, 0xfa, 0xbd, 0xfa, 0xbd, 0xfa, 0xbd, 0xfa, 0xbd, 0xfa, 0xbd,
    0xfa, 0xbd, 0xfa, 0xbd, 0xd4, 0x9c, 0x00, 0x00, 0x00, 0x00, 0x00, 0x00, 0x00, 0x00, 0x00, 0x00,
    0x00, 0x00, 0x00, 0x00, 0xa7, 0xcc, 0x00, 0x00, 0x00, 0x00, 0x05, 0x6b, 0x2c, 0xe6, 0x86, 0x83,
    0xa0, 0x18, 0x80, 0x10, 0x2d, 0xc5, 0xfa, 0xbd, 0xfa, 0xbd, 0x1a, 0xc6, 0x1a, 0xc6, 0xfa, 0xbd,
    0xfa, 0xbd, 0x1a, 0xc6, 0xfa, 0xbd, 0xfa, 0xbd, 0xfa, 0xbd, 0xfa, 0xbd, 0xfa, 0xbd, 0xfa, 0xbd,
    0xfa, 0xbd, 0xfa, 0xbd, 0x56, 0xa5, 0x20, 0x00, 0x00, 0x00, 0x00, 0x00, 0x00, 0x00, 0x00, 0x00,
    0x00, 0x00, 0x45, 0x8b, 0x00, 0x00, 0x00, 0x00, 0x00, 0x00, 0xe5, 0x62, 0x2c, 0xe6, 0x66, 0x83,
    0x40, 0x00, 0xc7, 0xcc, 0xeb, 0x5a, 0xfa, 0xbd, 0xfa, 0xbd, 0x1a, 0xc6, 0x1a, 0xc6, 0xfa, 0xbd,
    0xfa, 0xbd, 0x1a, 0xc6, 0xfa, 0xbd, 0xfa, 0xbd, 0xfa, 0xbd, 0xfa, 0xbd, 0xfa, 0xbd, 0xfa, 0xbd,
    0xfa, 0xbd, 0xfa, 0xbd, 0x97, 0xad, 0x82, 0x10, 0x00, 0x00, 0x00, 0x00, 0x00, 0x00, 0x00, 0x00,
    0x00, 0x00, 0x45, 0x8b, 0x00, 0x00, 0x00, 0x00, 0x00, 0x00, 0x6c, 0xee, 0xc5, 0x62, 0x66, 0x7b,
    0x00, 0x00, 0xc7, 0xcc, 0x2d, 0x6b, 0xfa, 0xbd, 0xfa, 0xbd, 0x1a, 0xc6, 0x1a, 0xc6, 0xfa, 0xbd,
    0xfa, 0xbd, 0x1a, 0xc6, 0xfa, 0xbd, 0xfa, 0xbd, 0xfa, 0xbd, 0xfa, 0xbd, 0xfa, 0xbd, 0xfa, 0xbd,
    0xfa, 0xbd, 0xfa, 0xbd, 0x98, 0xb5, 0xc3, 0x18, 0x00, 0x00, 0x00, 0x00, 0x00, 0x00, 0x00, 0x00,
    0x00, 0x00, 0x00, 0x00, 0x00, 0x00, 0x00, 0x00, 0xc3, 0x41, 0x2c, 0xe6, 0xa5, 0x62, 0x00, 0x00,
    0x86, 0xc4, 0x60, 0x10, 0x4d, 0x6b, 0xfa, 0xbd, 0xfa, 0xbd, 0x1a, 0xc6, 0x1a, 0xc6, 0xfa, 0xbd,
    0xfa, 0xbd, 0x1a, 0xc6, 0xfa, 0xbd, 0xfa, 0xbd, 0xfa, 0xbd, 0xfa, 0xbd, 0xfa, 0xbd, 0xfa, 0xbd,
    0xfa, 0xbd, 0xfa, 0xbd, 0x77, 0xad, 0xc3, 0x18, 0x00, 0x00, 0x00, 0x00, 0x00, 0x00, 0x00, 0x00,
    0x00, 0x00, 0x00, 0x00, 0x00, 0x00, 0xa3, 0x41, 0x00, 0x00, 0x2c, 0xe6, 0x84, 0x5a, 0x00, 0x00,
    0x86, 0xc4, 0x60, 0x10, 0x8f, 0x9c, 0xfa, 0xbd, 0xfa, 0xbd, 0x1a, 0xc6, 0xfa, 0xbd, 0xfa, 0xbd,
    0xfa, 0xbd, 0x1a, 0xc6, 0xfa, 0xbd, 0xfa, 0xbd, 0xfa, 0xbd, 0xfa, 0xbd, 0xfa, 0xbd, 0xfa, 0xbd,
    0xfa, 0xbd, 0xfa, 0xbd, 0xf5, 0x9c, 0x82, 0x10, 0x00, 0x00, 0x00, 0x00, 0x00, 0x00, 0x00, 0x00,
    0x00, 0x00, 0x00, 0x00, 0x00, 0x00, 0xa3, 0x39, 0xaa, 0xd5, 0x64, 0x5a, 0x20, 0x00, 0x00, 0x00,
    0x86, 0xc4, 0x60, 0x10, 0x4d, 0x94, 0xfa, 0xbd, 0xfa, 0xbd, 0x1a, 0xc6, 0x1a, 0xc6, 0xfa, 0xbd,
    0xfa, 0xbd, 0x1a, 0xc6, 0xfa, 0xbd, 0xfa, 0xbd, 0xfa, 0xbd, 0xfa, 0xbd, 0xfa, 0xbd, 0xfa, 0xbd,
    0xfa, 0xbd, 0xfa, 0xbd, 0x32, 0x84, 0x20, 0x00, 0x00, 0x00, 0x00, 0x00, 0x00, 0x00, 0x00, 0x00,
    0x00, 0x00, 0x00, 0x00, 0xc1, 0x18, 0xeb, 0xdd, 0x00, 0x00, 0x44, 0x52, 0x20, 0x00, 0x87, 0xc4,
    0x00, 0x00, 0x25, 0x73, 0x50, 0xe6, 0xd9, 0xbd, 0xfa, 0xbd, 0x1a, 0xc6, 0x1a, 0xc6, 0xfa, 0xbd,
    0xfa, 0xbd, 0x1a, 0xc6, 0xfa, 0xbd, 0xfa, 0xbd, 0xfa, 0xbd, 0xfa, 0xbd, 0xfa, 0xbd, 0xfa, 0xbd,
    0xfa, 0xbd, 0xfa, 0xbd, 0xab, 0x52, 0x00, 0x00, 0x00, 0x00, 0x00, 0x00, 0x00, 0x00, 0x00, 0x00,
    0x00, 0x00, 0x00, 0x00, 0xa1, 0x18, 0xab, 0xd5, 0x62, 0x31, 0x44, 0x52, 0x20, 0x00, 0x26, 0xb4,
    0x00, 0x00, 0x25, 0x73, 0x6e, 0xe6, 0xd8, 0xbd, 0xfa, 0xbd, 0x1a, 0xc6, 0x1a, 0xc6, 0xfa, 0xbd,
    0xfa, 0xbd, 0x1a, 0xc6, 0xfa, 0xbd, 0xfa, 0xbd, 0xfa, 0xbd, 0xfa, 0xbd, 0xfa, 0xbd, 0xfa, 0xbd,
    0xfa, 0xbd, 0xb8, 0xb5, 0x25, 0x21, 0x00, 0x00, 0x00, 0x00, 0x00, 0x00, 0x00, 0x00, 0x00, 0x00,
    0x00, 0x00, 0xa1, 0x18, 0x4a, 0xc5, 0xab, 0xd5, 0x62, 0x31, 0x00, 0x00, 0x20, 0x00, 0x26, 0xb4,
    0x00, 0x00, 0x25, 0x73, 0x6d, 0xee, 0x77, 0xb5, 0xfa, 0xbd, 0x1a, 0xc6, 0x1a, 0xc6, 0xfa, 0xbd,
    0xfa, 0xbd, 0x1a, 0xc6, 0xfa, 0xbd, 0xfa, 0xbd, 0xfa, 0xbd, 0xfa, 0xbd, 0xfa, 0xbd, 0xfa, 0xbd,
    0xfa, 0xbd, 0x16, 0xa5, 0x62, 0x08, 0x00, 0x00, 0x00, 0x00, 0x00, 0x00, 0x00, 0x00, 0x00, 0x00,
    0x00, 0x00, 0x00, 0x00, 0x4a, 0xc5, 0x82, 0x39, 0x00, 0x00, 0x00, 0x00, 0x26, 0xb4, 0x00, 0x00,
    0xe5, 0x6a, 0x8c, 0xf6, 0x05, 0x73, 0x32, 0x84, 0xfa, 0xbd, 0x1a, 0xc6, 0x1a, 0xc6, 0x1a, 0xc6,
    0xfa, 0xbd, 0x1a, 0xc6, 0xfa, 0xbd, 0xfa, 0xbd, 0xfa, 0xbd, 0xfa, 0xbd, 0xfa, 0xbd, 0xfa, 0xbd,
    0xfa, 0xbd, 0x52, 0x8c, 0x00, 0x00, 0x00, 0x00, 0x00, 0x00, 0x00, 0x00, 0x00, 0x00, 0x00, 0x00,
    0x00, 0x00, 0x6c, 0xee, 0xc1, 0x18, 0x83, 0x39, 0x00, 0x00, 0x00, 0x00, 0x87, 0xc4, 0x00, 0x00,
    0xe5, 0x72, 0x8c, 0xf6, 0x05, 0x73, 0x2d, 0x63, 0xfa, 0xbd, 0x1a, 0xc6, 0x1a, 0xc6, 0x1a, 0xc6,
    0xfa, 0xbd, 0x1a, 0xc6, 0x1a, 0xc6, 0xfa, 0xbd, 0xfa, 0xbd, 0xfa, 0xbd, 0xfa, 0xbd, 0xfa, 0xbd,
    0xfa, 0xbd, 0x2e, 0x63, 0x00, 0x00, 0x00, 0x00, 0x00, 0x00, 0x00, 0x00, 0x00, 0x00, 0x00, 0x00,
    0xc9, 0xb4, 0x00, 0x00, 0xc1, 0x18, 0x00, 0x00, 0x00, 0x00, 0xe6, 0xab, 0x20, 0x00, 0x20, 0x00,
    0x05, 0x73, 0x8c, 0xf6, 0x25, 0x7b, 0x08, 0x42, 0xfa, 0xbd, 0x3a, 0xc6, 0x1a, 0xc6, 0x1a, 0xc6,
    0xfa, 0xbd, 0x1a, 0xc6, 0x1a, 0xc6, 0xfa, 0xbd, 0xfa, 0xbd, 0xfa, 0xbd, 0xfa, 0xbd, 0xfa, 0xbd,
    0xfa, 0xbd, 0x09, 0x42, 0x00, 0x00, 0x00, 0x00, 0x00, 0x00, 0x00, 0x00, 0x00, 0x00, 0x00, 0x00,
    0xc9, 0xb4, 0xe1, 0x20, 0x00, 0x00, 0x00, 0x00, 0x00, 0x00, 0xe6, 0xab, 0x40, 0x00, 0x25, 0x73,
    0x6c, 0xf6, 0x46, 0x7b, 0x60, 0x10, 0xca, 0xbc, 0xfa, 0xbd, 0x3a, 0xc6, 0x1a, 0xc6, 0x1a, 0xc6,
    0x1a, 0xc6, 0x1a, 0xc6, 0x1a, 0xc6, 0xfa, 0xbd, 0xfa, 0xbd, 0xfa, 0xbd, 0xfa, 0xbd, 0xfa, 0xbd,
    0xd9, 0xbd, 0x25, 0x21, 0x00, 0x00, 0x00, 0x00, 0x00, 0x00, 0x00, 0x00, 0x00, 0x00, 0x00, 0x00,
    0x00, 0x00, 0x00, 0x00, 0x00, 0x00, 0x00, 0x00, 0xc5, 0xa3, 0x20, 0x00, 0x40, 0x08, 0x46, 0x7b,
    0x6c, 0xf6, 0x66, 0x7b, 0x60, 0x10, 0x88, 0xbc, 0xd9, 0xbd, 0x3a, 0xc6, 0x1a, 0xc6, 0x1a, 0xc6,
    0x1a, 0xc6, 0x1a, 0xc6, 0x1a, 0xc6, 0xfa, 0xbd, 0xfa, 0xbd, 0xfa, 0xbd, 0xfa, 0xbd, 0xfa, 0xbd,
    0xb8, 0xb5, 0xa2, 0x10, 0x00, 0x00, 0x00, 0x00, 0x00, 0x00, 0x00, 0x00, 0x00, 0x00, 0x00, 0x00,
    0x20, 0x00, 0x00, 0x00, 0x00, 0x00, 0x00, 0x00, 0x26, 0xb4, 0x40, 0x00, 0xc5, 0x62, 0x40, 0x08,
    0x6c, 0xf6, 0x86, 0x83, 0x60, 0x10, 0xa8, 0xc4, 0x98, 0xb5, 0x3a, 0xc6, 0x3a, 0xc6, 0x1a, 0xc6,
    0x1a, 0xc6, 0x1a, 0xc6, 0x1a, 0xc6, 0xfa, 0xbd, 0xfa, 0xbd, 0xfa, 0xbd, 0xfa, 0xbd, 0xfa, 0xbd,
    0x78, 0xad, 0x61, 0x08, 0x00, 0x00, 0x00, 0x00, 0x00, 0x00, 0x00, 0x00, 0x00, 0x00, 0x00, 0x00,
    0x00, 0x00, 0x00, 0x00, 0x00, 0x00, 0xa5, 0x9b, 0x00, 0x00, 0x40, 0x00, 0xe5, 0x6a, 0x8c, 0xf6,
    0x66, 0x7b, 0xa0, 0x18, 0xa7, 0xcc, 0x61, 0x08, 0x98, 0xb5, 0x3a, 0xc6, 0x3a, 0xc6, 0x1a, 0xc6,
    0x1a, 0xc6, 0x1a, 0xc6, 0x1a, 0xc6, 0xfa, 0xbd, 0xfa, 0xbd, 0xfa, 0xbd, 0xfa, 0xbd, 0xfa, 0xbd,
    0x78, 0xad, 0x61, 0x08, 0x00, 0x00, 0x00, 0x00, 0x00, 0x00, 0x00, 0x00, 0x00, 0x00, 0x00, 0x00,
    0x00, 0x00, 0x00, 0x00, 0x00, 0x00, 0xa5, 0x9b, 0x00, 0x00, 0x40, 0x08, 0x05, 0x6b, 0xcd, 0xfe,
    0x86, 0x83, 0xe0, 0x18, 0xa7, 0xcc, 0x02, 0x21, 0xf9, 0xbd, 0x3a, 0xc6, 0x3a, 0xc6, 0x1a, 0xc6,
    0x1a, 0xc6, 0x1a, 0xc6, 0x1a, 0xc6, 0xfa, 0xbd, 0xfa, 0xbd, 0xfa, 0xbd, 0xfa, 0xbd, 0xfa, 0xbd,
    0xb9, 0xb5, 0x82, 0x10, 0x00, 0x00, 0x00, 0x00, 0x00, 0x00, 0x00, 0x00, 0x00, 0x00, 0x00, 0x00,
    0x00, 0x00, 0x00, 0x00, 0xe7, 0xd4, 0x00, 0x00, 0x00, 0x00, 0x25, 0x73, 0x2c, 0xe6, 0xa6, 0x8b,
    0xa0, 0x18, 0xa0, 0x10, 0xc7, 0xcc, 0xc5, 0x39, 0xfa, 0xbd, 0x3a, 0xc6, 0x3a, 0xc6, 0x1a, 0xc6,
    0x1a, 0xc6, 0x1a, 0xc6, 0x1a, 0xc6, 0xfa, 0xbd, 0xfa, 0xbd, 0xfa, 0xbd, 0xfa, 0xbd, 0xfa, 0xbd,
    0xd9, 0xbd, 0x25, 0x21, 0x00, 0x00, 0x00, 0x00, 0x00, 0x00, 0x00, 0x00, 0x00, 0x00, 0x00, 0x00,
    0x00, 0x00, 0xa5, 0x9b, 0x00, 0x00, 0x00, 0x00, 0x00, 0x00, 0x26, 0x73, 0x2c, 0xe6, 0xa6, 0x83,
    0xe0, 0x20, 0xe7, 0xd4, 0x21, 0x29, 0x8d, 0x94, 0x1a, 0xc6, 0x3a, 0xc6, 0x3a, 0xc6, 0x1a, 0xc6,
    0x1a, 0xc6, 0x1a, 0xc6, 0x1a, 0xc6, 0xfa, 0xbd, 0xfa, 0xbd, 0xfa, 0xbd, 0xfa, 0xbd, 0xfa, 0xbd,
    0xfa, 0xbd, 0x29, 0x42, 0x00, 0x00, 0x00, 0x00, 0x00, 0x00, 0x00, 0x00, 0x00, 0x00, 0x00, 0x00,
    0x03, 0x83, 0xa5, 0x9b, 0x00, 0x00, 0x00, 0x00, 0x00, 0x00, 0x6c, 0xee, 0x46, 0x7b, 0xa6, 0x83,
    0x00, 0x29, 0xe7, 0xd4, 0x82, 0x31, 0x32, 0xad, 0x1a, 0xc6, 0x3a, 0xc6, 0x3a, 0xc6, 0x1a, 0xc6,
    0x1a, 0xc6, 0x1a, 0xc6, 0x1a, 0xc6, 0xfa, 0xbd, 0xfa, 0xbd, 0xfa, 0xbd, 0xfa, 0xbd, 0xfa, 0xbd,
    0xfa, 0xbd, 0x6f, 0x6b, 0x00, 0x00, 0x00, 0x00, 0x00, 0x00, 0x00, 0x00, 0x00, 0x00, 0x00, 0x00,
    0x85, 0x9b, 0x00, 0x00, 0x00, 0x00, 0x00, 0x00, 0x64, 0x5a, 0x2c, 0xe6, 0x46, 0x7b, 0x41, 0x31,
    0xc7, 0xcc, 0xe0, 0x20, 0xc3, 0x39, 0x96, 0xb5, 0x1a, 0xc6, 0x3a, 0xc6, 0x3a, 0xc6, 0x1a, 0xc6,
    0x1a, 0xc6, 0x1a, 0xc6, 0x1a, 0xc6, 0xfa, 0xbd, 0xfa, 0xbd, 0xfa, 0xbd, 0xfa, 0xbd, 0xfa, 0xbd,
    0xfa, 0xbd, 0xb4, 0x94, 0x00, 0x00, 0x00, 0x00, 0x00, 0x00, 0x00, 0x00, 0x00, 0x00, 0x00, 0x00,
    0x00, 0x00, 0x00, 0x00, 0x00, 0x00, 0x63, 0x52, 0x00, 0x00, 0x2c, 0xe6, 0x66, 0x7b, 0x61, 0x31,
    0xc7, 0xcc, 0xa2, 0x41, 0x4a, 0x94, 0x19, 0xc6, 0x1a, 0xc6, 0x3a, 0xc6, 0x3a, 0xc6, 0x1a, 0xc6,
    0xfa, 0xbd, 0x1a, 0xc6, 0x1a, 0xc6, 0xfa, 0xbd, 0xfa, 0xbd, 0xfa, 0xbd, 0xfa, 0xbd, 0xfa, 0xbd,
    0xfa, 0xbd, 0x98, 0xb5, 0xc3, 0x18, 0x00, 0x00, 0x00, 0x00, 0x00, 0x00, 0x00, 0x00, 0x00, 0x00,
    0x00, 0x00, 0x00, 0x00, 0x00, 0x00, 0x84, 0x5a, 0xaa, 0xd5, 0x66, 0x83, 0x60, 0x10, 0x61, 0x31,
    0xc7, 0xcc, 0xc2, 0x41, 0xad, 0x9c, 0x1a, 0xc6, 0x1a, 0xc6, 0x3a, 0xc6, 0x1a, 0xc6, 0x1a, 0xc6,
    0xfa, 0xbd, 0x1a, 0xc6, 0x1a, 0xc6, 0xfa, 0xbd, 0xfa, 0xbd, 0xfa, 0xbd, 0xfa, 0xbd, 0xfa, 0xbd,
    0xfa, 0xbd, 0xfa, 0xbd, 0xe8, 0x39, 0x00, 0x00, 0x00, 0x00, 0x00, 0x00, 0x00, 0x00, 0x00, 0x00,
    0x68, 0xa4, 0xe1, 0x20, 0x00, 0x00, 0x00, 0x00, 0x00, 0x00, 0x26, 0xb4, 0x40, 0x00, 0x80, 0x08,
    0x46, 0x73, 0x0b, 0xe6, 0x66, 0x7b, 0x80, 0x08, 0x2e, 0x63, 0xfa, 0xbd, 0x1a, 0xc6, 0xfa, 0xbd,
    0xfa, 0xbd, 0xfa, 0xbd, 0xfa, 0xbd, 0xfa, 0xbd, 0xfa, 0xbd, 0xfa, 0xbd, 0xfa, 0xbd, 0xfa, 0xbd,
    0x2e, 0x63, 0x00, 0x00, 0x00, 0x00, 0x00, 0x00, 0x00, 0x00, 0x00, 0x00, 0x00, 0x00, 0x00, 0x00,
    0x68, 0xa4, 0xe1, 0x20, 0x00, 0x00, 0x00, 0x00, 0x00, 0x00, 0x26, 0xb4, 0x40, 0x00, 0x80, 0x08,
    0x46, 0x73, 0x0b, 0xe6, 0x66, 0x7b, 0x80, 0x08, 0x52, 0xbd, 0xfa, 0xbd, 0x1a, 0xc6, 0xfa, 0xbd,
    0xfa, 0xbd, 0xfa, 0xbd, 0xfa, 0xbd, 0xfa, 0xbd, 0xfa, 0xbd, 0xfa, 0xbd, 0xfa, 0xbd, 0xfa, 0xbd,
    0x8f, 0x73, 0x00, 0x00, 0x00, 0x00, 0x00, 0x00, 0x00, 0x00, 0x00, 0x00, 0x00, 0x00, 0x00, 0x00,
    0x00, 0x00, 0x00, 0x00, 0x00, 0x00, 0x00, 0x00, 0x26, 0xb4, 0x00, 0x00, 0x80, 0x08, 0x46, 0x73,
    0x2b, 0xe6, 0x26, 0x73, 0x80, 0x10, 0x40, 0x00, 0x73, 0xbd, 0xfa, 0xbd, 0xfa, 0xbd, 0xfa, 0xbd,
    0xfa, 0xbd, 0xfa, 0xbd, 0xfa, 0xbd, 0xfa, 0xbd, 0xfa, 0xbd, 0xfa, 0xbd, 0xfa, 0xbd, 0xfa, 0xbd,
    0x11, 0x84, 0x00, 0x00, 0x00, 0x00, 0x00, 0x00, 0x00, 0x00, 0x00, 0x00, 0x00, 0x00, 0x00, 0x00,
    0x00, 0x00, 0x00, 0x00, 0x00, 0x00, 0x00, 0x00, 0x26, 0xb4, 0x00, 0x00, 0x20, 0x00, 0x46, 0x73,
    0x0b, 0xe6, 0x25, 0x73, 0x60, 0x08, 0x87, 0xbc, 0x73, 0x8c, 0xfa, 0xbd, 0xfa, 0xbd, 0xfa, 0xbd,
    0xfa, 0xbd, 0xfa, 0xbd, 0xfa, 0xbd, 0xfa, 0xbd, 0xfa, 0xbd, 0xfa, 0xbd, 0xfa, 0xbd, 0xfa, 0xbd,
    0x73, 0x8c, 0x00, 0x00, 0x00, 0x00, 0x00, 0x00, 0x00, 0x00, 0x00, 0x00, 0x00, 0x00, 0x00, 0x00,
    0x00, 0x00, 0x00, 0x00, 0x00, 0x00, 0xe7, 0xd4, 0x00, 0x00, 0x00, 0x00, 0x84, 0x5a, 0x2c, 0xe6,
    0x25, 0x73, 0x20, 0x00, 0x40, 0x08, 0x87, 0xbc, 0xb5, 0x94, 0xfa, 0xbd, 0xfa, 0xbd, 0xfa, 0xbd,
    0xfa, 0xbd, 0xfa, 0xbd, 0xfa, 0xbd, 0xfa, 0xbd, 0xfa, 0xbd, 0xfa, 0xbd, 0xfa, 0xbd, 0xfa, 0xbd,
    0xb5, 0x94, 0x61, 0x08, 0x00, 0x00, 0x00, 0x00, 0x00, 0x00, 0x00, 0x00, 0x00, 0x00, 0x00, 0x00,
    0x00, 0x00, 0x00, 0x00, 0xa5, 0x9b, 0x00, 0x00, 0x00, 0x00, 0x00, 0x00, 0x64, 0x5a, 0x2c, 0xe6,
    0x05, 0x6b, 0x00, 0x00, 0x67, 0xc4, 0xe3, 0x18, 0xf5, 0x9c, 0xfa, 0xbd, 0xfa, 0xbd, 0xfa, 0xbd,
    0xfa, 0xbd, 0xfa, 0xbd, 0xfa, 0xbd, 0xfa, 0xbd, 0xfa, 0xbd, 0xfa, 0xbd, 0xfa, 0xbd, 0xfa, 0xbd,
    0xf5, 0x9c, 0xa3, 0x10, 0x00, 0x00, 0x00, 0x00, 0x00, 0x00, 0x00, 0x00, 0x00, 0x00, 0x00, 0x00,
    0x00, 0x00, 0x00, 0x00, 0xa5, 0x9b, 0x00, 0x00, 0x00, 0x00, 0x24, 0x52, 0xcb, 0xd5, 0x20, 0x00,
    0xe5, 0x6a, 0x00, 0x00, 0x67, 0xbc, 0x04, 0x19, 0xd5, 0x9c, 0xfa, 0xbd, 0xfa, 0xbd, 0xfa, 0xbd,
    0xfa, 0xbd, 0xfa, 0xbd, 0xfa, 0xbd, 0xfa, 0xbd, 0xfa, 0xbd, 0xfa, 0xbd, 0xfa, 0xbd, 0xfa, 0xbd,
    0xf5, 0x9c, 0xe3, 0x18, 0x00, 0x00, 0x00, 0x00, 0x00, 0x00, 0x00, 0x00, 0x00, 0x00, 0x00, 0x00,
    0x00, 0x00, 0x00, 0x00, 0x00, 0x00, 0x00, 0x00, 0x00, 0x00, 0x24, 0x4a, 0xcb, 0xd5, 0xc5, 0x6a,
    0x00, 0x00, 0x00, 0x00, 0x46, 0xb4, 0xe3, 0x18, 0x15, 0xa5, 0xfa, 0xbd, 0xfa, 0xbd, 0xfa, 0xbd,
    0xfa, 0xbd, 0xfa, 0xbd, 0xfa, 0xbd, 0xfa, 0xbd, 0xfa, 0xbd, 0xfa, 0xbd, 0xfa, 0xbd, 0xfa, 0xbd,
    0xd5, 0x9c, 0xe4, 0x18, 0x00, 0x00, 0x00, 0x00, 0x00, 0x00, 0x00, 0x00, 0x00, 0x00, 0x00, 0x00,
    0x00, 0x00, 0x00, 0x00, 0x00, 0x00, 0x00, 0x00, 0x00, 0x00, 0xea, 0xdd, 0x00, 0x00, 0xc5, 0x62,
    0x00, 0x00, 0x26, 0xb4, 0x40, 0x00, 0xa3, 0x10, 0xd3, 0x9c, 0xfa, 0xbd, 0xfa, 0xbd, 0xfa, 0xbd,
    0xfa, 0xbd, 0xfa, 0xbd, 0xfa, 0xbd, 0xfa, 0xbd, 0xfa, 0xbd, 0xfa, 0xbd, 0xfa, 0xbd, 0xfa, 0xbd,
    0x73, 0x8c, 0xc3, 0x10, 0x00, 0x00, 0x00, 0x00, 0x00, 0x00, 0x00, 0x00, 0x00, 0x00, 0x00, 0x00,
    0x00, 0x00, 0x00, 0x00, 0x00, 0x00, 0x00, 0x00, 0xa4, 0x62, 0xaa, 0xd5, 0x04, 0x4a, 0x00, 0x00,
    0x00, 0x00, 0x26, 0xb4, 0x20, 0x00, 0xe6, 0x6a, 0x71, 0x94, 0xd9, 0xbd, 0xfa, 0xbd, 0xfa, 0xbd,
    0xfa, 0xbd, 0xfa, 0xbd, 0xfa, 0xbd, 0xfa, 0xbd, 0xfa, 0xbd, 0xfa, 0xbd, 0xfa, 0xbd, 0xfa, 0xbd,
    0xf1, 0x7b, 0x62, 0x08, 0x00, 0x00, 0x00, 0x00, 0x00, 0x00, 0x00, 0x00, 0x00, 0x00, 0x00, 0x00,
    0x00, 0x00, 0x00, 0x00, 0x00, 0x00, 0x02, 0x21, 0x00, 0x00, 0xaa, 0xd5, 0xe3, 0x41, 0x00, 0x00,
    0xc6, 0xa3, 0x00, 0x00, 0x20, 0x00, 0xa6, 0x5a, 0xd3, 0xc5, 0xd9, 0xbd, 0xfa, 0xbd, 0xfa, 0xbd,
    0xfa, 0xbd, 0xfa, 0xbd, 0xfa, 0xbd, 0xfa, 0xbd, 0xfa, 0xbd, 0xfa, 0xbd, 0xfa, 0xbd, 0xd9, 0xbd,
    0x6f, 0x6b, 0x41, 0x08, 0x00, 0x00, 0x00, 0x00, 0x00, 0x00, 0x00, 0x00, 0x00, 0x00, 0x00, 0x00,
    0x00, 0x00, 0x00, 0x00, 0x00, 0x00, 0xe1, 0x20, 0x8c, 0xf6, 0xa3, 0x39, 0x00, 0x00, 0x00, 0x00,
    0xc6, 0xa3, 0x00, 0x00, 0x64, 0x5a, 0x21, 0x00, 0xd3, 0xc5, 0xd9, 0xbd, 0xfa, 0xbd, 0xfa, 0xbd,
    0xfa, 0xbd, 0xfa, 0xbd, 0xfa, 0xbd, 0xfa, 0xbd, 0xfa, 0xbd, 0xfa, 0xbd, 0xfa, 0xbd, 0xd9, 0xbd,
    0x2e, 0x63, 0x20, 0x00, 0x00, 0x00, 0x00, 0x00, 0x00, 0x00, 0x00, 0x00, 0x00, 0x00, 0x00, 0x00,
    0x00, 0x00, 0x00, 0x00, 0xe1, 0x20, 0x4a, 0xc5, 0x00, 0x00, 0x83, 0x39, 0x00, 0x00, 0x00, 0x00,
    0xc6, 0xa3, 0x00, 0x00, 0x64, 0x5a, 0x0c, 0xde, 0xef, 0x7b, 0xb9, 0xb5, 0xfa, 0xbd, 0xfa, 0xbd,
    0xfa, 0xbd, 0xfa, 0xbd, 0xfa, 0xbd, 0xfa, 0xbd, 0xfa, 0xbd, 0xfa, 0xbd, 0xfa, 0xbd, 0xd9, 0xbd,
    0x2d, 0x63, 0x00, 0x00, 0x00, 0x00, 0x00, 0x00, 0x00, 0x00, 0x00, 0x00, 0x00, 0x00, 0x00, 0x00,
    0x00, 0x00, 0x00, 0x00, 0x00, 0x00, 0x4a, 0xc5, 0x04, 0x4a, 0x00, 0x00, 0x00, 0x00, 0xe6, 0xa3,
    0x00, 0x00, 0x00, 0x00, 0x44, 0x52, 0x0c, 0xde, 0xef, 0x83, 0xd9, 0xbd, 0xfa, 0xbd, 0xfa, 0xbd,
    0xfa, 0xbd, 0xfa, 0xbd, 0xfa, 0xbd, 0xfa, 0xbd, 0xfa, 0xbd, 0xfa, 0xbd, 0xfa, 0xbd, 0xd9, 0xbd,
    0x4e, 0x6b, 0x00, 0x00, 0x00, 0x00, 0x00, 0x00, 0x00, 0x00, 0x00, 0x00, 0x00, 0x00, 0x00, 0x00,
    0x00, 0x00, 0x00, 0x00, 0xe9, 0xb4, 0x6a, 0xcd, 0x00, 0x00, 0x00, 0x00, 0x00, 0x00, 0x45, 0x8b,
    0x00, 0x00, 0x24, 0x52, 0x2c, 0xe6, 0x44, 0x52, 0x6f, 0x6b, 0xd9, 0xbd, 0xfa, 0xbd, 0xfa, 0xbd,
    0xfa, 0xbd, 0xfa, 0xbd, 0xfa, 0xbd, 0xfa, 0xbd, 0xfa, 0xbd, 0xfa, 0xbd, 0xfa, 0xbd, 0xfa, 0xbd,
    0x6f, 0x6b, 0x00, 0x00, 0x00, 0x00, 0x00, 0x00, 0x00, 0x00, 0x00, 0x00, 0x00, 0x00, 0x00, 0x00,
    0x00, 0x00, 0xc9, 0xb4, 0x00, 0x00, 0xa1, 0x18, 0x00, 0x00, 0x00, 0x00, 0x45, 0x8b, 0x00, 0x00,
    0x00, 0x00, 0x24, 0x52, 0x2c, 0xe6, 0x44, 0x52, 0x8f, 0x73, 0xfa, 0xbd, 0xfa, 0xbd, 0xfa, 0xbd,
    0xfa, 0xbd, 0xfa, 0xbd, 0xfa, 0xbd, 0xfa, 0xbd, 0xfa, 0xbd, 0xfa, 0xbd, 0xfa, 0xbd, 0xfa, 0xbd,
    0x8f, 0x73, 0x00, 0x00, 0x00, 0x00, 0x00, 0x00, 0x00, 0x00, 0x00, 0x00, 0x00, 0x00, 0x00, 0x00,
    0x47, 0x9c, 0xc9, 0xb4, 0xc1, 0x18, 0x00, 0x00, 0x00, 0x00, 0x00, 0x00, 0x45, 0x8b, 0x00, 0x00,
    0x24, 0x52, 0x0b, 0xe6, 0x44, 0x52, 0x00, 0x00, 0x8f, 0x73, 0xfa, 0xbd, 0xfa, 0xbd, 0xfa, 0xbd,
    0xfa, 0xbd, 0xfa, 0xbd, 0xfa, 0xbd, 0xfa, 0xbd, 0xfa, 0xbd, 0xfa, 0xbd, 0xfa, 0xbd, 0xfa, 0xbd,
    0x8f, 0x73, 0x00, 0x00, 0x00, 0x00, 0x00, 0x00, 0x00, 0x00, 0x00, 0x00, 0x00, 0x00, 0x00, 0x00,
    0x68, 0xa4, 0x00, 0x00, 0x00, 0x00, 0x00, 0x00, 0x00, 0x00, 0xa6, 0xcc, 0x00, 0x00, 0x00, 0x00,
    0x44, 0x52, 0x0b, 0xe6, 0x44, 0x52, 0x00, 0x00, 0x6f, 0x6b, 0xfa, 0xbd, 0xfa, 0xbd, 0xfa, 0xbd,
    0xfa, 0xbd, 0xfa, 0xbd, 0xfa, 0xbd, 0xfa, 0xbd, 0xfa, 0xbd, 0xfa, 0xbd, 0xfa, 0xbd, 0xfa, 0xbd,
    0x6f, 0x6b, 0x00, 0x00, 0x00, 0x00, 0x00, 0x00, 0x00, 0x00, 0x00, 0x00, 0x00, 0x00, 0x00, 0x00,
    0x68, 0xa4, 0x00, 0x00, 0x00, 0x00, 0x00, 0x00, 0x00, 0x00, 0x24, 0x8b, 0x00, 0x00, 0x00, 0x00,
    0x44, 0x52, 0x0b, 0xe6, 0x64, 0x5a, 0x00, 0x00, 0xf0, 0xb4, 0xfa, 0xbd, 0xfa, 0xbd, 0xfa, 0xbd,
    0xfa, 0xbd, 0xfa, 0xbd, 0xfa, 0xbd, 0xfa, 0xbd, 0xfa, 0xbd, 0xfa, 0xbd, 0xfa, 0xbd, 0xfa, 0xbd,
    0x2e, 0x63, 0x00, 0x00, 0x00, 0x00, 0x00, 0x00, 0x00, 0x00, 0x00, 0x00, 0x00, 0x00, 0x00, 0x00,
    0x00, 0x00, 0x00, 0x00, 0x00, 0x00, 0x00, 0x00, 0x25, 0x8b, 0x00, 0x00, 0x00, 0x00, 0x64, 0x5a,
    0x0b, 0xe6, 0x64, 0x5a, 0x00, 0x00, 0x00, 0x00, 0xcf, 0xac, 0xfa, 0xbd, 0xfa, 0xbd, 0xfa, 0xbd,
    0xfa, 0xbd, 0xfa, 0xbd, 0xfa, 0xbd, 0xfa, 0xbd, 0xfa, 0xbd, 0xfa, 0xbd, 0xfa, 0xbd, 0xfa, 0xbd,
    0xec, 0x5a, 0x00, 0x00, 0x00, 0x00, 0x00, 0x00, 0x00, 0x00, 0x00, 0x00, 0x00, 0x00, 0x00, 0x00,
    0x00, 0x00, 0x00, 0x00, 0x00, 0x00, 0x00, 0x00, 0x25, 0x8b, 0x00, 0x00, 0x00, 0x00, 0x85, 0x5a,
    0x0b, 0xe6, 0x64, 0x5a, 0x20, 0x00, 0xe6, 0xa3, 0xab, 0x52, 0xfa, 0xbd, 0xfa, 0xbd, 0xfa, 0xbd,
    0xfa, 0xbd, 0xfa, 0xbd, 0xfa, 0xbd, 0xfa, 0xbd, 0xfa, 0xbd, 0xfa, 0xbd, 0xfa, 0xbd, 0xfa, 0xbd,
    0xab, 0x52, 0x00, 0x00, 0x00, 0x00, 0x00, 0x00, 0x00, 0x00, 0x00, 0x00, 0x00, 0x00, 0x00, 0x00,
    0x00, 0x00, 0x00, 0x00, 0x00, 0x00, 0xa7, 0xcc, 0x00, 0x00, 0x00, 0x00, 0x04, 0x4a, 0x2c, 0xe6,
    0xa5, 0x62, 0x00, 0x00, 0x20, 0x00, 0x26, 0xb4, 0xab, 0x52, 0xfa, 0xbd, 0x1a, 0xc6, 0xfa, 0xbd,
    0xfa, 0xbd, 0xfa, 0xbd, 0xfa, 0xbd, 0xfa, 0xbd, 0xfa, 0xbd, 0xfa, 0xbd, 0xfa, 0xbd, 0xfa, 0xbd,
    0xab, 0x52, 0x00, 0x00, 0x00, 0x00, 0x00, 0x00, 0x00, 0x00, 0x00, 0x00, 0x00, 0x00, 0x00, 0x00,
    0x00, 0x00, 0x00, 0x00, 0x45, 0x8b, 0x00, 0x00, 0x00, 0x00, 0x00, 0x00, 0x04, 0x4a, 0x2c, 0xe6,
    0xa5, 0x62, 0x00, 0x00, 0x40, 0x00, 0x26, 0xb4, 0xec, 0x5a, 0xfa, 0xbd, 0x1a, 0xc6, 0xfa, 0xbd,
    0xfa, 0xbd, 0xfa, 0xbd, 0xfa, 0xbd, 0xfa, 0xbd, 0xfa, 0xbd, 0xfa, 0xbd, 0xfa, 0xbd, 0xfa, 0xbd,
    0xec, 0x5a, 0x00, 0x00, 0x00, 0x00, 0x00, 0x00, 0x00, 0x00, 0x00, 0x00, 0x00, 0x00, 0x00, 0x00,
    0x00, 0x00, 0x00, 0x00, 0x45, 0x8b, 0x00, 0x00, 0x00, 0x00, 0x24, 0x4a, 0xcb, 0xd5, 0x00, 0x00,
    0xc5, 0x6a, 0x00, 0x00, 0x46, 0xb4, 0x00, 0x00, 0x6e, 0x6b, 0xfa, 0xbd, 0x1a, 0xc6, 0xfa, 0xbd,
    0xfa, 0xbd, 0xfa, 0xbd, 0xfa, 0xbd, 0xfa, 0xbd, 0xfa, 0xbd, 0xfa, 0xbd, 0xfa, 0xbd, 0xfa, 0xbd,
    0x6e, 0x6b, 0x00, 0x00, 0x00, 0x00, 0x00, 0x00, 0x00, 0x00, 0x00, 0x00, 0x00, 0x00, 0x00, 0x00,
    0x00, 0x00, 0x24, 0x8b, 0x00, 0x00, 0x00, 0x00, 0x00, 0x00, 0x24, 0x52, 0xcb, 0xd5, 0x05, 0x6b,
    0x00, 0x00, 0x00, 0x00, 0x67, 0xbc, 0x20, 0x00, 0x11, 0x84, 0xfa, 0xbd, 0x1a, 0xc6, 0xfa, 0xbd,
    0xfa, 0xbd, 0xfa, 0xbd, 0xfa, 0xbd, 0xfa, 0xbd, 0xfa, 0xbd, 0xfa, 0xbd, 0xfa, 0xbd, 0xfa, 0xbd,
    0x11, 0x84, 0x00, 0x00, 0x00, 0x00, 0x00, 0x00, 0x00, 0x00, 0x00, 0x00, 0x00, 0x00, 0x00, 0x00,
    0x00, 0x00, 0x24, 0x8b, 0x00, 0x00, 0x00, 0x00, 0x00, 0x00, 0xea, 0xdd, 0x20, 0x00, 0x05, 0x73,
    0x00, 0x00, 0x46, 0xbc, 0x40, 0x08, 0x40, 0x00, 0x35, 0xad, 0xfa, 0xbd, 0x1a, 0xc6, 0xfa, 0xbd,
    0xfa, 0xbd, 0xfa, 0xbd, 0xfa, 0xbd, 0xfa, 0xbd, 0xfa, 0xbd, 0xfa, 0xbd, 0xfa, 0xbd, 0xfa, 0xbd,
    0xd5, 0x9c, 0x20, 0x00, 0x00, 0x00, 0x00, 0x00, 0x00, 0x00, 0x00, 0x00, 0x00, 0x00, 0x00, 0x00,
    0x00, 0x00, 0x00, 0x00, 0x00, 0x00, 0x00, 0x00, 0x66, 0x83, 0xaa, 0xd5, 0x84, 0x5a, 0x20, 0x00,
    0x00, 0x00, 0x46, 0xbc, 0x40, 0x08, 0x88, 0x7b, 0x98, 0xb5, 0xfa, 0xbd, 0x1a, 0xc6, 0xfa, 0xbd,
    0xfa, 0xbd, 0xfa, 0xbd, 0xfa, 0xbd, 0xfa, 0xbd, 0xfa, 0xbd, 0xfa, 0xbd, 0xfa, 0xbd, 0xfa, 0xbd,
    0x78, 0xad, 0xc3, 0x18, 0x00, 0x00, 0x00, 0x00, 0x00, 0x00, 0x00, 0x00, 0x00, 0x00, 0x00, 0x00,
    0x00, 0x00, 0x00, 0x00, 0x00, 0x00, 0xc3, 0x41, 0x00, 0x00, 0xaa, 0xd5, 0x85, 0x5a, 0x60, 0x00,
    0x87, 0xc4, 0x00, 0x00, 0x60, 0x08, 0x0b, 0x84, 0xf9, 0xbd, 0xfa, 0xbd, 0x1a, 0xc6, 0xfa, 0xbd,
    0xfa, 0xbd, 0xfa, 0xbd, 0xfa, 0xbd, 0xfa, 0xbd, 0xfa, 0xbd, 0xfa, 0xbd, 0xfa, 0xbd, 0xfa, 0xbd,
    0xd9, 0xbd, 0xa7, 0x31, 0x00, 0x00, 0x00, 0x00, 0x00, 0x00, 0x00, 0x00, 0x00, 0x00, 0x00, 0x00,
    0x00, 0x00, 0x00, 0x00, 0x00, 0x00, 0xc3, 0x41, 0x8c, 0xf6, 0x64, 0x5a, 0x80, 0x08, 0x40, 0x00,
    0x87, 0xc4, 0x00, 0x00, 0x66, 0x7b, 0xcb, 0x52, 0xfa, 0xbd, 0xfa, 0xbd, 0x1a, 0xc6, 0xfa, 0xbd,
    0xfa, 0xbd, 0xfa, 0xbd, 0xfa, 0xbd, 0xfa, 0xbd, 0xfa, 0xbd, 0xfa, 0xbd, 0xfa, 0xbd, 0xfa, 0xbd,
    0xfa, 0xbd, 0x8b, 0x52, 0x00, 0x00, 0x00, 0x00, 0x00, 0x00, 0x00, 0x00, 0x00, 0x00, 0x00, 0x00,
    0x00, 0x00, 0x00, 0x00, 0xe3, 0x41, 0x4a, 0xc5, 0x00, 0x00, 0x84, 0x5a, 0x80, 0x08, 0x40, 0x00,
    0x87, 0xc4, 0x20, 0x00, 0x66, 0x7b, 0x14, 0xce, 0xfa, 0xbd, 0xfa, 0xbd, 0xfa, 0xbd, 0xfa, 0xbd,
    0xfa, 0xbd, 0xfa, 0xbd, 0xfa, 0xbd, 0xfa, 0xbd, 0xfa, 0xbd, 0xfa, 0xbd, 0xfa, 0xbd, 0xfa, 0xbd,
    0xfa, 0xbd, 0x4e, 0x6b, 0x00, 0x00, 0x00, 0x00, 0x00, 0x00, 0x00, 0x00, 0x00, 0x00, 0x00, 0x00,
    0x00, 0x00, 0x00, 0x00, 0x00, 0x00, 0x00, 0x00, 0x00, 0x00, 0xc6, 0xa3, 0x00, 0x00, 0x00, 0x00,
    0x85, 0x5a, 0xab, 0xd5, 0x84, 0x5a, 0x00, 0x00, 0x00, 0x00, 0xf1, 0xb4, 0xfa, 0xbd, 0xfa, 0xbd,
    0xfa, 0xbd, 0xfa, 0xbd, 0xfa, 0xbd, 0xfa, 0xbd, 0xfa, 0xbd, 0xfa, 0xbd, 0xfa, 0xbd, 0x6e, 0x6b,
    0x00, 0x00, 0x00, 0x00, 0x00, 0x00, 0x00, 0x00, 0x00, 0x00, 0x00, 0x00, 0x00, 0x00, 0x00, 0x00,
    0x00, 0x00, 0x00, 0x00, 0x00, 0x00, 0x00, 0x00, 0xe6, 0xa3, 0x00, 0x00, 0x00, 0x00, 0x00, 0x00,
    0x85, 0x5a, 0xab, 0xd5, 0x84, 0x5a, 0x00, 0x00, 0x26, 0xb4, 0x2d, 0x63, 0xfa, 0xbd, 0xfa, 0xbd,
    0xfa, 0xbd, 0xfa, 0xbd, 0xfa, 0xbd, 0xfa, 0xbd, 0xfa, 0xbd, 0xfa, 0xbd, 0xfa, 0xbd, 0x2e, 0x63,
    0x00, 0x00, 0x00, 0x00, 0x00, 0x00, 0x00, 0x00, 0x00, 0x00, 0x00, 0x00, 0x00, 0x00, 0x00, 0x00,
    0x00, 0x00, 0x00, 0x00, 0x00, 0x00, 0x00, 0x00, 0xe6, 0xa3, 0x00, 0x00, 0x00, 0x00, 0x85, 0x5a,
    0xab, 0xd5, 0x84, 0x5a, 0x00, 0x00, 0x00, 0x00, 0x26, 0xb4, 0xec, 0x5a, 0xd9, 0xbd, 0xfa, 0xbd,
    0xfa, 0xbd, 0xfa, 0xbd, 0xfa, 0xbd, 0xfa, 0xbd, 0xfa, 0xbd, 0xfa, 0xbd, 0xd9, 0xbd, 0xec, 0x5a,
    0x00, 0x00, 0x00, 0x00, 0x00, 0x00, 0x00, 0x00, 0x00, 0x00, 0x00, 0x00, 0x00, 0x00, 0x00, 0x00,
    0x00, 0x00, 0x00, 0x00, 0x00, 0x00, 0xe6, 0xab, 0x00, 0x00, 0x00, 0x00, 0x00, 0x00, 0x85, 0x5a,
    0xab, 0xd5, 0x64, 0x5a, 0x00, 0x00, 0x00, 0x00, 0x26, 0xb4, 0x6a, 0x4a, 0x98, 0xb5, 0xfa, 0xbd,
    0xfa, 0xbd, 0xfa, 0xbd, 0xfa, 0xbd, 0xfa, 0xbd, 0xfa, 0xbd, 0xfa, 0xbd, 0x98, 0xb5, 0x8b, 0x52,
    0x00, 0x00, 0x00, 0x00, 0x00, 0x00, 0x00, 0x00, 0x00, 0x00, 0x00, 0x00, 0x00, 0x00, 0x00, 0x00,
    0x00, 0x00, 0x00, 0x00, 0x03, 0x83, 0x00, 0x00, 0x00, 0x00, 0x00, 0x00, 0xa3, 0x39, 0xcb, 0xd5,
    0x64, 0x5a, 0x00, 0x00, 0x00, 0x00, 0x06, 0xac, 0x00, 0x00, 0xc7, 0x39, 0xf5, 0x9c, 0xfa, 0xbd,
    0xfa, 0xbd, 0xfa, 0xbd, 0xfa, 0xbd, 0xfa, 0xbd, 0xfa, 0xbd, 0xfa, 0xbd, 0xf5, 0x9c, 0xe8, 0x39,
    0x00, 0x00, 0x00, 0x00, 0x00, 0x00, 0x00, 0x00, 0x00, 0x00, 0x00, 0x00, 0x00, 0x00, 0x00, 0x00,
    0x00, 0x00, 0x00, 0x00, 0x24, 0x8b, 0x00, 0x00, 0x00, 0x00, 0x00, 0x00, 0x82, 0x39, 0xcb, 0xd5,
    0x64, 0x5a, 0x00, 0x00, 0x00, 0x00, 0x06, 0xac, 0x00, 0x00, 0xe4, 0x18, 0x71, 0x8c, 0xf9, 0xbd,
    0xfa, 0xbd, 0xfa, 0xbd, 0xfa, 0xbd, 0xfa, 0xbd, 0xfa, 0xbd, 0xb9, 0xb5, 0xf1, 0x7b, 0x04, 0x21,
    0x00, 0x00, 0x00, 0x00, 0x00, 0x00, 0x00, 0x00, 0x00, 0x00, 0x00, 0x00, 0x00, 0x00, 0x00, 0x00,
    0x00, 0x00, 0x25, 0x8b, 0x00, 0x00, 0x00, 0x00, 0x00, 0x00, 0x82, 0x31, 0x4a, 0xc5, 0x44, 0x52,
    0x00, 0x00, 0x00, 0x00, 0xe6, 0xab, 0x00, 0x00, 0x00, 0x00, 0x81, 0x29, 0x6a, 0x4a, 0xb6, 0xbd,
    0xd9, 0xbd, 0xfa, 0xbd, 0xfa, 0xbd, 0xfa, 0xbd, 0xd9, 0xbd, 0xb4, 0x94, 0x6a, 0x4a, 0x41, 0x08,
    0x00, 0x00, 0x00, 0x00, 0x00, 0x00, 0x00, 0x00, 0x00, 0x00, 0x00, 0x00, 0x00, 0x00, 0x00, 0x00,
    0x00, 0x00, 0x00, 0x00, 0x00, 0x00, 0x00, 0x00, 0x00, 0x00, 0x62, 0x31, 0x4a, 0xc5, 0x24, 0x52,
    0x00, 0x00, 0x00, 0x00, 0xa5, 0x9b, 0x00, 0x00, 0x00, 0x00, 0x62, 0x31, 0x4c, 0xbd, 0x2d, 0x63,
    0x73, 0x8c, 0x37, 0xa5, 0x77, 0xad, 0x57, 0xad, 0x73, 0x8c, 0xec, 0x5a, 0xe4, 0x18, 0x00, 0x00,
    0x00, 0x00, 0x00, 0x00, 0x00, 0x00, 0x00, 0x00, 0x00, 0x00, 0x00, 0x00, 0x00, 0x00, 0x00, 0x00,
    0x00, 0x00, 0x00, 0x00, 0x00, 0x00, 0x00, 0x00, 0x42, 0x31, 0x4a, 0xc5, 0xc4, 0x6a, 0x00, 0x00,
    0x00, 0x00, 0xa5, 0x9b, 0x00, 0x00, 0x00, 0x00, 0x42, 0x31, 0x4a, 0xc5, 0x00, 0x00, 0x85, 0x31,
    0xab, 0x52, 0x8f, 0x73, 0xd0, 0x7b, 0x8f, 0x73, 0xab, 0x52, 0x45, 0x29, 0x00, 0x00, 0x00, 0x00,
    0x00, 0x00, 0x00, 0x00, 0x00, 0x00, 0x00, 0x00, 0x00, 0x00, 0x00, 0x00, 0x00, 0x00, 0x00, 0x00,
    0x00, 0x00, 0x00, 0x00, 0x00, 0x00, 0x20, 0x08, 0x00, 0x00, 0x4a, 0xc5, 0x02, 0x29, 0x00, 0x00,
    0x00, 0x00, 0xa5, 0x9b, 0x00, 0x00, 0x00, 0x00, 0x22, 0x29, 0x4a, 0xc5, 0x02, 0x29, 0x41, 0x08,
    0x25, 0x21, 0xe8, 0x39, 0x29, 0x42, 0xe8, 0x39, 0x25, 0x21, 0x21, 0x00, 0x00, 0x00, 0x00, 0x00,
    0x00, 0x00, 0x00, 0x00, 0x00, 0x00, 0x00, 0x00, 0x00, 0x00, 0x00, 0x00, 0x00, 0x00, 0x00, 0x00,
    0x00, 0x00, 0x00, 0x00, 0x00, 0x00, 0x00, 0x00, 0x4a, 0xc5, 0x01, 0x21, 0x00, 0x00, 0x00, 0x00,
    0x45, 0x8b, 0x00, 0x00, 0x00, 0x00, 0xe3, 0x41, 0x4a, 0xc5, 0x01, 0x21, 0x00, 0x00, 0x00, 0x00,
    0x61, 0x08, 0xe4, 0x18, 0x25, 0x21, 0x04, 0x21, 0x61, 0x08, 0x00, 0x00, 0x00, 0x00, 0x00, 0x00,
    0x00, 0x00, 0x00, 0x00, 0x00, 0x00, 0x00, 0x00, 0x00, 0x00, 0x00, 0x00, 0x00, 0x00, 0x00, 0x00,
    0x00, 0x00, 0x00, 0x00, 0x00, 0x00, 0xe9, 0xb4, 0x00, 0x00, 0xe1, 0x20, 0x00, 0x00, 0x00, 0x00,
    0x45, 0x8b, 0x00, 0x00, 0x00, 0x00, 0xc3, 0x41, 0x4a, 0xc5, 0xe1, 0x20, 0x00, 0x00, 0x00, 0x00,
    0x41, 0x08, 0xa3, 0x10, 0xe3, 0x18, 0xc3, 0x18, 0x41, 0x08, 0x00, 0x00, 0x00, 0x00, 0x00, 0x00,
    0x00, 0x00, 0x00, 0x00, 0x00, 0x00, 0x00, 0x00, 0x00, 0x00, 0x00, 0x00, 0x00, 0x00, 0x00, 0x00,
    0x00, 0x00, 0x00, 0x00, 0x00, 0x00, 0xe9, 0xb4, 0xc1, 0x18, 0x00, 0x00, 0x00, 0x00, 0x45, 0x8b,
    0x00, 0x00, 0x00, 0x00, 0x83, 0x39, 0xcb, 0xd5, 0xc1, 0x18, 0x00, 0x00, 0x00, 0x00, 0x00, 0x00,
    0x62, 0x08, 0x04, 0x21, 0x25, 0x21, 0x04, 0x21, 0x62, 0x08, 0x00, 0x00, 0x00, 0x00, 0x00, 0x00,
    0x00, 0x00, 0x00, 0x00, 0x00, 0x00, 0x00, 0x00, 0x00, 0x00, 0x00, 0x00, 0x00, 0x00, 0x00, 0x00,
    0x00, 0x00, 0x00, 0x00, 0xc9, 0xb4, 0x00, 0x00, 0x00, 0x00, 0x00, 0x00, 0x00, 0x00, 0x45, 0x8b,
    0x00, 0x00, 0x00, 0x00, 0x82, 0x39, 0xcb, 0xd5, 0xc1, 0x18, 0x00, 0x00, 0x00, 0x00, 0x41, 0x08,
    0x25, 0x21, 0x08, 0x42, 0x49, 0x4a, 0x09, 0x42, 0x25, 0x21, 0x21, 0x00, 0x00, 0x00, 0x00, 0x00,
    0x00, 0x00, 0x00, 0x00, 0x00, 0x00, 0x00, 0x00, 0x00, 0x00, 0x00, 0x00, 0x00, 0x00, 0x00, 0x00,
    0x00, 0x00, 0x47, 0x9c, 0x00, 0x00, 0x00, 0x00, 0x00, 0x00, 0x00, 0x00, 0x00, 0x00, 0x00, 0x00,
    0x00, 0x00, 0x82, 0x39, 0xaa, 0xd5, 0x83, 0x39, 0x00, 0x00, 0x00, 0x00, 0x00, 0x00, 0x45, 0x29,
    0xab, 0x52, 0xaf, 0x73, 0xf1, 0x7b, 0xb0, 0x73, 0xab, 0x52, 0x25, 0x21, 0x00, 0x00, 0x00, 0x00,
    0x00, 0x00, 0x00, 0x00, 0x00, 0x00, 0x00, 0x00, 0x00, 0x00, 0x00, 0x00, 0x00, 0x00, 0x00, 0x00,
    0x00, 0x00, 0x68, 0xa4, 0x00, 0x00, 0x00, 0x00, 0x00, 0x00, 0x00, 0x00, 0x00, 0x00, 0x00, 0x00,
    0x00, 0x00, 0x82, 0x39, 0xaa, 0xd5, 0x83, 0x39, 0x00, 0x00, 0x00, 0x00, 0xa2, 0x10, 0xcc, 0x5a,
    0x93, 0x94, 0x57, 0xad, 0x78, 0xad, 0x57, 0xad, 0x93, 0x94, 0xcc, 0x5a, 0xa2, 0x10, 0x00, 0x00,
    0x00, 0x00, 0x00, 0x00, 0x00, 0x00, 0x00, 0x00, 0x00, 0x00, 0x00, 0x00, 0x00, 0x00, 0x00, 0x00,
    0x28, 0x9c, 0x00, 0x00, 0x00, 0x00, 0x00, 0x00, 0x00, 0x00, 0x00, 0x00, 0x00, 0x00, 0x00, 0x00,
    0x83, 0x39, 0xab, 0xd5, 0x62, 0x31, 0x00, 0x00, 0x00, 0x00, 0x00, 0x00, 0xe8, 0x39, 0x94, 0x94,
    0xd9, 0xbd, 0xfa, 0xbd, 0xfa, 0xbd, 0xfa, 0xbd, 0xd9, 0xbd, 0x73, 0x8c, 0xe8, 0x39, 0x00, 0x00,
    0x00, 0x00, 0x00, 0x00, 0x00, 0x00, 0x00, 0x00, 0x00, 0x00, 0x00, 0x00, 0x00, 0x00, 0x00, 0x00,
    0x00, 0x00, 0x00, 0x00, 0x00, 0x00, 0x00, 0x00, 0x00, 0x00, 0x00, 0x00, 0x00, 0x00, 0x00, 0x00,
    0x83, 0x39, 0xab, 0xd5, 0x82, 0x39, 0x00, 0x00, 0x00, 0x00, 0x41, 0x08, 0x4e, 0x6b, 0xb9, 0xb5,
    0xfa, 0xbd, 0xfa, 0xbd, 0xfa, 0xbd, 0xfa, 0xbd, 0xfa, 0xbd, 0xb8, 0xb5, 0x4e, 0x6b, 0x61, 0x08,
    0x00, 0x00, 0x00, 0x00, 0x00, 0x00, 0x00, 0x00, 0x00, 0x00, 0x00, 0x00, 0x00, 0x00, 0x00, 0x00,
    0x00, 0x00, 0x00, 0x00, 0x00, 0x00, 0x00, 0x00, 0x00, 0x00, 0x00, 0x00, 0x00, 0x00, 0x00, 0x00,
    0xa3, 0x39, 0xab, 0xd5, 0x83, 0x39, 0x00, 0x00, 0x45, 0x8b, 0xe4, 0x18, 0x73, 0x8c, 0xfa, 0xbd,
    0xfa, 0xbd, 0xfa, 0xbd, 0xfa, 0xbd, 0xfa, 0xbd, 0xfa, 0xbd, 0xfa, 0xbd, 0x73, 0x8c, 0x04, 0x21,
    0x00, 0x00, 0x00, 0x00, 0x00, 0x00, 0x00, 0x00, 0x00, 0x00, 0x00, 0x00, 0x00, 0x00, 0x00, 0x00,
    0x00, 0x00, 0x00, 0x00, 0x00, 0x00, 0x00, 0x00, 0x00, 0x00, 0x00, 0x00, 0x00, 0x00, 0xc3, 0x41,
    0xab, 0xd5, 0xa3, 0x41, 0x00, 0x00, 0x00, 0x00, 0x45, 0x8b, 0x86, 0x31, 0x36, 0xa5, 0xfa, 0xbd,
    0xfa, 0xbd, 0xfa, 0xbd, 0xfa, 0xbd, 0xfa, 0xbd, 0xfa, 0xbd, 0xfa, 0xbd, 0x36, 0xa5, 0x86, 0x31,
    0x00, 0x00, 0x00, 0x00, 0x00, 0x00, 0x00, 0x00, 0x00, 0x00, 0x00, 0x00, 0x00, 0x00, 0x00, 0x00,
    0x00, 0x00, 0x00, 0x00, 0x00, 0x00, 0x00, 0x00, 0x00, 0x00, 0x00, 0x00, 0x00, 0x00, 0xe3, 0x41,
    0xab, 0xd5, 0xc3, 0x41, 0x00, 0x00, 0x00, 0x00, 0x45, 0x8b, 0x09, 0x42, 0xb8, 0xb5, 0xfa, 0xbd,
    0xfa, 0xbd, 0xfa, 0xbd, 0xfa, 0xbd, 0xfa, 0xbd, 0xfa, 0xbd, 0xfa, 0xbd, 0xb8, 0xb5, 0x09, 0x42,
    0x00, 0x00, 0x00, 0x00, 0x00, 0x00, 0x00, 0x00, 0x00, 0x00, 0x00, 0x00, 0x00, 0x00, 0x00, 0x00,
    0x00, 0x00, 0x00, 0x00, 0x00, 0x00, 0x00, 0x00, 0x00, 0x00, 0x00, 0x00, 0x02, 0x29, 0xcb, 0xd5,
    0xe3, 0x49, 0x00, 0x00, 0x00, 0x00, 0xc6, 0xa3, 0x00, 0x00, 0x8b, 0x52, 0xd9, 0xbd, 0xfa, 0xbd,
    0xfa, 0xbd, 0xfa, 0xbd, 0xfa, 0xbd, 0xfa, 0xbd, 0xfa, 0xbd, 0xfa, 0xbd, 0xd9, 0xbd, 0xab, 0x52,
    0x00, 0x00, 0x00, 0x00, 0x00, 0x00, 0x00, 0x00, 0x00, 0x00, 0x00, 0x00, 0x00, 0x00, 0x00, 0x00,
    0x00, 0x00, 0x00, 0x00, 0x00, 0x00, 0x00, 0x00, 0x00, 0x00, 0x00, 0x00, 0x22, 0x29, 0xcb, 0xd5,
    0x04, 0x4a, 0x00, 0x00, 0x00, 0x00, 0xc6, 0xa3, 0x00, 0x00, 0x2d, 0x63, 0xfa, 0xbd, 0xfa, 0xbd,
    0xfa, 0xbd, 0xfa, 0xbd, 0xfa, 0xbd, 0xfa, 0xbd, 0xfa, 0xbd, 0xfa, 0xbd, 0xfa, 0xbd, 0x2d, 0x63,
    0x00, 0x00, 0x00, 0x00, 0x00, 0x00, 0x00, 0x00, 0x00, 0x00, 0x00, 0x00, 0x00, 0x00, 0x00, 0x00,
    0x00, 0x00, 0x00, 0x00, 0x00, 0x00, 0x00, 0x00, 0x00, 0x00, 0x62, 0x31, 0x4a, 0xc5, 0x24, 0x52,
    0x00, 0x00, 0x00, 0x00, 0xa5, 0x9b, 0x00, 0x00, 0x00, 0x00, 0x30, 0x84, 0xfa, 0xbd, 0xfa, 0xbd,
    0xfa, 0xbd, 0xfa, 0xbd, 0xfa, 0xbd, 0xfa, 0xbd, 0xfa, 0xbd, 0xfa, 0xbd, 0xfa, 0xbd, 0xd0, 0x7b,
    0x00, 0x00, 0x00, 0x00, 0x00, 0x00, 0x00, 0x00, 0x00, 0x00, 0x00, 0x00, 0x00, 0x00, 0x00, 0x00,
    0x00, 0x00, 0x00, 0x00, 0x00, 0x00, 0x00, 0x00, 0x00, 0x00, 0x82, 0x31, 0x4a, 0xc5, 0x44, 0x52,
    0x00, 0x00, 0x00, 0x00, 0xe6, 0xab, 0x00, 0x00, 0x20, 0x00, 0xb3, 0x94, 0xfa, 0xbd, 0xfa, 0xbd,
    0xfa, 0xbd, 0xfa, 0xbd, 0xfa, 0xbd, 0xfa, 0xbd, 0xfa, 0xbd, 0xfa, 0xbd, 0xfa, 0xbd, 0x53, 0x8c,
    0x20, 0x00, 0x00, 0x00, 0x00, 0x00, 0x00, 0x00, 0x00, 0x00, 0x00, 0x00, 0x00, 0x00, 0x00, 0x00,
    0x00, 0x00, 0x00, 0x00, 0x00, 0x00, 0x00, 0x00, 0xa3, 0x39, 0x4a, 0xc5, 0x45, 0x73, 0x00, 0x00,
    0x00, 0x00, 0xe6, 0xab, 0x00, 0x00, 0x00, 0x00, 0x05, 0x42, 0xd7, 0xbd, 0xfa, 0xbd, 0xfa, 0xbd,
    0xfa, 0xbd, 0xfa, 0xbd, 0xfa, 0xbd, 0xfa, 0xbd, 0xfa, 0xbd, 0xfa, 0xbd, 0xfa, 0xbd, 0xd5, 0x9c,
    0x82, 0x10, 0x00, 0x00, 0x00, 0x00, 0x00, 0x00, 0x00, 0x00, 0x00, 0x00, 0x00, 0x00, 0x00, 0x00,
    0x00, 0x00, 0x00, 0x00, 0x00, 0x00, 0xc1, 0x18, 0x00, 0x00, 0x4a, 0xc5, 0xa3, 0x39, 0x00, 0x00,
    0x00, 0x00, 0xe6, 0xab, 0x00, 0x00, 0x00, 0x00, 0x67, 0x52, 0xd8, 0xbd, 0xfa, 0xbd, 0xfa, 0xbd,
    0xfa, 0xbd, 0xfa, 0xbd, 0xfa, 0xbd, 0xfa, 0xbd, 0xfa, 0xbd, 0xfa, 0xbd, 0xfa, 0xbd, 0x57, 0xad,
    0x25, 0x21, 0x00, 0x00, 0x00, 0x00, 0x00, 0x00, 0x00, 0x00, 0x00, 0x00, 0x00, 0x00, 0x00, 0x00,
    0x00, 0x00, 0x00, 0x00, 0x00, 0x00, 0xe1, 0x20, 0x4a, 0xc5, 0xa3, 0x41, 0x00, 0x00, 0x00, 0x00,
    0x26, 0xb4, 0x00, 0x00, 0x00, 0x00, 0x85, 0x5a, 0x6e, 0xc5, 0x98, 0xb5, 0xfa, 0xbd, 0xfa, 0xbd,
    0xfa, 0xbd, 0xfa, 0xbd, 0xfa, 0xbd, 0xfa, 0xbd, 0xfa, 0xbd, 0xfa, 0xbd, 0xfa, 0xbd, 0x78, 0xad,
    0xa7, 0x31, 0x00, 0x00, 0x00, 0x00, 0x00, 0x00, 0x00, 0x00, 0x00, 0x00, 0x00, 0x00, 0x00, 0x00,
    0x00, 0x00, 0x00, 0x00, 0xc1, 0x20, 0xe9, 0xb4, 0x00, 0x00, 0xc3, 0x41, 0x00, 0x00, 0x00, 0x00,
    0x26, 0xb4, 0x00, 0x00, 0x00, 0x00, 0x85, 0x5a, 0x8f, 0xc5, 0x98, 0xb5, 0xfa, 0xbd, 0xfa, 0xbd,
    0xfa, 0xbd, 0xfa, 0xbd, 0xfa, 0xbd, 0xfa, 0xbd, 0xfa, 0xbd, 0xfa, 0xbd, 0xfa, 0xbd, 0x98, 0xb5,
    0xe8, 0x39, 0x00, 0x00, 0x00, 0x00, 0x00, 0x00, 0x00, 0x00, 0x00, 0x00, 0x00, 0x00, 0x00, 0x00,
    0x00, 0x00, 0x00, 0x00, 0xe1, 0x20, 0xe9, 0xb4, 0xc3, 0x41, 0x00, 0x00, 0x00, 0x00, 0x26, 0xb4,
    0x00, 0x00, 0x00, 0x00, 0x84, 0x5a, 0xcb, 0xd5, 0x2a, 0x6b, 0x57, 0xad, 0xfa, 0xbd, 0xfa, 0xbd,
    0xfa, 0xbd, 0xfa, 0xbd, 0xfa, 0xbd, 0xfa, 0xbd, 0xfa, 0xbd, 0xfa, 0xbd, 0xfa, 0xbd, 0x57, 0xad,
    0xe8, 0x39, 0x00, 0x00, 0x00, 0x00, 0x00, 0x00, 0x00, 0x00, 0x00, 0x00, 0x00, 0x00, 0x00, 0x00,
    0x00, 0x00, 0x00, 0x00, 0x00, 0x00, 0x00, 0x00, 0x85, 0x9b, 0x00, 0x00, 0x00, 0x00, 0x00, 0x00,
    0xe3, 0x41, 0x4a, 0xc5, 0xc3, 0x41, 0x00, 0x00, 0x00, 0x00, 0x00, 0x00, 0xc7, 0x9b, 0xb0, 0x73,
    0xb9, 0xb5, 0xfa, 0xbd, 0xfa, 0xbd, 0xfa, 0xbd, 0xb9, 0xb5, 0xd0, 0x7b, 0xa3, 0x10, 0x00, 0x00,
    0x00, 0x00, 0x00, 0x00, 0x00, 0x00, 0x00, 0x00, 0x00, 0x00, 0x00, 0x00, 0x00, 0x00, 0x00, 0x00,
    0x00, 0x00, 0x00, 0x00, 0x00, 0x00, 0x00, 0x00, 0x85, 0x9b, 0x00, 0x00, 0x00, 0x00, 0x00, 0x00,
    0xe3, 0x41, 0x4a, 0xc5, 0xc3, 0x41, 0x00, 0x00, 0x00, 0x00, 0xe7, 0xd4, 0x41, 0x08, 0xcc, 0x5a,
    0xf6, 0x9c, 0xd9, 0xbd, 0xfa, 0xbd, 0xb9, 0xb5, 0xf6, 0x9c, 0xcc, 0x5a, 0x41, 0x08, 0x00, 0x00,
    0x00, 0x00, 0x00, 0x00, 0x00, 0x00, 0x00, 0x00, 0x00, 0x00, 0x00, 0x00, 0x00, 0x00, 0x00, 0x00,
    0x00, 0x00, 0x00, 0x00, 0x00, 0x00, 0x85, 0x9b, 0x00, 0x00, 0x00, 0x00, 0x00, 0x00, 0xc3, 0x41,
    0x4a, 0xc5, 0xc3, 0x41, 0x00, 0x00, 0x00, 0x00, 0xe6, 0xab, 0x00, 0x00, 0x00, 0x00, 0x86, 0x31,
    0xb0, 0x73, 0xd5, 0x9c, 0xb7, 0xbd, 0xd5, 0x9c, 0xb0, 0x73, 0xa7, 0x31, 0x00, 0x00, 0x00, 0x00,
    0x00, 0x00, 0x00, 0x00, 0x00, 0x00, 0x00, 0x00, 0x00, 0x00, 0x00, 0x00, 0x00, 0x00, 0x00, 0x00,
    0x00, 0x00, 0x00, 0x00, 0x25, 0x8b, 0x85, 0x9b, 0x00, 0x00, 0x00, 0x00, 0x00, 0x00, 0xa3, 0x39,
    0x4a, 0xc5, 0xc3, 0x41, 0x00, 0x00, 0x00, 0x00, 0xe6, 0xab, 0x00, 0x00, 0x00, 0x00, 0x41, 0x08,
    0xe8, 0x39, 0x11, 0xad, 0x6f, 0x6b, 0x0d, 0x63, 0xe8, 0x39, 0x61, 0x08, 0x00, 0x00, 0x00, 0x00,
    0x00, 0x00, 0x00, 0x00, 0x00, 0x00, 0x00, 0x00, 0x00, 0x00, 0x00, 0x00, 0x00, 0x00, 0x00, 0x00,
    0x00, 0x00, 0x00, 0x00, 0x00, 0x00, 0x00, 0x00, 0x00, 0x00, 0x00, 0x00, 0xc1, 0x18, 0x4a, 0xc5,
    0xa3, 0x41, 0x00, 0x00, 0x00, 0x00, 0x85, 0x9b, 0x00, 0x00, 0x00, 0x00, 0x00, 0x00, 0x00, 0x00,
    0x89, 0xac, 0x6a, 0x9c, 0x25, 0x21, 0xe3, 0x18, 0x41, 0x08, 0x00, 0x00, 0x00, 0x00, 0x00, 0x00,
    0x00, 0x00, 0x00, 0x00, 0x00, 0x00, 0x00, 0x00, 0x00, 0x00, 0x00, 0x00, 0x00, 0x00, 0x00, 0x00,
    0x00, 0x00, 0x00, 0x00, 0x00, 0x00, 0x00, 0x00, 0x00, 0x00, 0xa1, 0x18, 0xe9, 0xb4, 0x4a, 0xc5,
    0xa3, 0x39, 0x00, 0x00, 0x00, 0x00, 0x85, 0x9b, 0x00, 0x00, 0x00, 0x00, 0x80, 0x10, 0x00, 0x00,
    0x89, 0xac, 0x00, 0x00, 0x00, 0x00, 0x00, 0x00, 0x00, 0x00, 0x00, 0x00, 0x00, 0x00, 0x00, 0x00,
    0x00, 0x00, 0x00, 0x00, 0x00, 0x00, 0x00, 0x00, 0x00, 0x00, 0x00, 0x00, 0x00, 0x00, 0x00, 0x00,
    0x00, 0x00, 0x00, 0x00, 0x00, 0x00, 0x00, 0x00, 0x00, 0x00, 0x81, 0x10, 0xe9, 0xb4, 0x62, 0x31,
    0x00, 0x00, 0x00, 0x00, 0x85, 0x9b, 0x00, 0x00, 0x00, 0x00, 0x00, 0x00, 0x81, 0x10, 0x68, 0xa4,
    0x00, 0x00, 0x00, 0x00, 0x00, 0x00, 0x00, 0x00, 0x00, 0x00, 0x00, 0x00, 0x00, 0x00, 0x00, 0x00,
    0x00, 0x00, 0x00, 0x00, 0x00, 0x00, 0x00, 0x00, 0x00, 0x00, 0x00, 0x00, 0x00, 0x00, 0x00, 0x00,
    0x00, 0x00, 0x00, 0x00, 0x00, 0x00, 0x00, 0x00, 0x81, 0x10, 0xe9, 0xb4, 0x00, 0x00, 0x42, 0x31,
    0x00, 0x00, 0x00, 0x00, 0x25, 0x8b, 0x00, 0x00, 0x00, 0x00, 0x60, 0x10, 0xe9, 0xb4, 0x68, 0xa4,
    0x00, 0x00, 0x00, 0x00, 0x00, 0x00, 0x00, 0x00, 0x00, 0x00, 0x00, 0x00, 0x00, 0x00, 0x00, 0x00,
    0x00, 0x00, 0x00, 0x00, 0x00, 0x00, 0x00, 0x00, 0x00, 0x00, 0x00, 0x00, 0x00, 0x00, 0x00, 0x00,
    0x00, 0x00, 0x00, 0x00, 0x00, 0x00, 0x00, 0x00, 0x60, 0x08, 0xe9, 0xb4, 0x40, 0x08, 0x00, 0x00,
    0x00, 0x00, 0x45, 0x8b, 0x00, 0x00, 0x00, 0x00, 0x00, 0x00, 0x40, 0x08, 0xe9, 0xb4, 0x00, 0x00,
    0x00, 0x00, 0x00, 0x00, 0x00, 0x00, 0x00, 0x00, 0x00, 0x00, 0x00, 0x00, 0x00, 0x00, 0x00, 0x00,
    0x00, 0x00, 0x00, 0x00, 0x00, 0x00, 0x00, 0x00, 0x00, 0x00, 0x00, 0x00, 0x00, 0x00, 0x00, 0x00,
    0x00, 0x00, 0x00, 0x00, 0x00, 0x00, 0x00, 0x00, 0xe9, 0xb4, 0x20, 0x00, 0x00, 0x00, 0x00, 0x00,
    0x00, 0x00, 0x45, 0x8b, 0x00, 0x00, 0x00, 0x00, 0x20, 0x08, 0xe9, 0xb4, 0x20, 0x00, 0x00, 0x00,
    0x00, 0x00, 0x00, 0x00, 0x00, 0x00, 0x00, 0x00, 0x00, 0x00, 0x00, 0x00, 0x00, 0x00, 0x00, 0x00,
    0x00, 0x00, 0x00, 0x00, 0x00, 0x00, 0x00, 0x00, 0x00, 0x00, 0x00, 0x00, 0x00, 0x00, 0x00, 0x00,
    0x00, 0x00, 0x00, 0x00, 0x00, 0x00, 0x68, 0xa4, 0xe9, 0xb4, 0x00, 0x00, 0x00, 0x00, 0x00, 0x00,
    0x00, 0x00, 0x00, 0x00, 0x00, 0x00, 0xc0, 0x18, 0x00, 0x00, 0xe9, 0xb4, 0x00, 0x00, 0x00, 0x00,
    0x00, 0x00, 0x00, 0x00, 0x00, 0x00, 0x00, 0x00, 0x00, 0x00, 0x00, 0x00, 0x00, 0x00, 0x00, 0x00,
    0x00, 0x00, 0x00, 0x00, 0x00, 0x00, 0x00, 0x00, 0x00, 0x00, 0x00, 0x00, 0x00, 0x00, 0x00, 0x00,
    0x00, 0x00, 0x00, 0x00, 0x00, 0x00, 0x68, 0xa4, 0x00, 0x00, 0x00, 0x00, 0x00, 0x00, 0x00, 0x00,
    0x00, 0x00, 0x00, 0x00, 0x00, 0x00, 0xe1, 0x20, 0xe9, 0xb4, 0x00, 0x00, 0x00, 0x00, 0x00, 0x00,
    0x00, 0x00, 0x00, 0x00, 0x00, 0x00, 0x00, 0x00, 0x00, 0x00, 0x00, 0x00, 0x00, 0x00, 0x00, 0x00,
    0x00, 0x00, 0x00, 0x00, 0x00, 0x00, 0x00, 0x00, 0x00, 0x00, 0x00, 0x00, 0x00, 0x00, 0x00, 0x00,
    0x00, 0x00, 0x00, 0x00, 0x68, 0xa4, 0x00, 0x00, 0x00, 0x00, 0x00, 0x00, 0x00, 0x00, 0x00, 0x00,
    0x00, 0x00, 0x00, 0x00, 0x00, 0x00, 0x6a, 0xc5, 0xe9, 0xb4, 0x00, 0x00, 0x00, 0x00, 0x00, 0x00,
    0x00, 0x00, 0x00, 0x00, 0x00, 0x00, 0x00, 0x00, 0x00, 0x00, 0x00, 0x00, 0x00, 0x00, 0x00, 0x00,
    0x00, 0x00, 0x00, 0x00, 0x00, 0x00, 0x00, 0x00, 0x00, 0x00, 0x00, 0x00, 0x00, 0x00, 0x00, 0x00,
    0x00, 0x00, 0x28, 0x9c, 0x68, 0xa4, 0x00, 0x00, 0x00, 0x00, 0x00, 0x00, 0x00, 0x00, 0x00, 0x00,
    0x00, 0x00, 0x00, 0x00, 0xa1, 0x18, 0x4a, 0xc5, 0x00, 0x00, 0x00, 0x00, 0x00, 0x00, 0x00, 0x00,
    0x00, 0x00, 0x00, 0x00, 0x00, 0x00, 0x00, 0x00, 0x00, 0x00, 0x00, 0x00, 0x00, 0x00, 0x00, 0x00,
    0x00, 0x00, 0x00, 0x00, 0x00, 0x00, 0x00, 0x00, 0x00, 0x00, 0x00, 0x00, 0x00, 0x00, 0x00, 0x00,
    0x00, 0x00, 0x28, 0x9c, 0x00, 0x00, 0x00, 0x00, 0x00, 0x00, 0x00, 0x00, 0x00, 0x00, 0x00, 0x00,
    0x00, 0x00, 0x00, 0x00, 0xa1, 0x18, 0x4a, 0xc5, 0xc1, 0x18, 0x00, 0x00, 0x00, 0x00, 0x00, 0x00,
    0x00, 0x00, 0x00, 0x00, 0x00, 0x00, 0x00, 0x00, 0x00, 0x00, 0x00, 0x00, 0x00, 0x00, 0x00, 0x00,
    0x00, 0x00, 0x00, 0x00, 0x00, 0x00, 0x00, 0x00, 0x00, 0x00, 0x00, 0x00, 0x00, 0x00, 0x00, 0x00,
    0x28, 0x9c, 0x00, 0x00, 0x00, 0x00, 0x00, 0x00, 0x00, 0x00, 0x00, 0x00, 0x00, 0x00, 0x00, 0x00,
    0x00, 0x00, 0xa1, 0x18, 0x4a, 0xc5, 0xa1, 0x18, 0x00, 0x00, 0x00, 0x00, 0x00, 0x00, 0x00, 0x00,
    0x00, 0x00, 0x00, 0x00, 0x00, 0x00, 0x00, 0x00, 0x00, 0x00, 0x00, 0x00, 0x00, 0x00, 0x00, 0x00,
    0x00, 0x00, 0x00, 0x00, 0x00, 0x00, 0x00, 0x00, 0x00, 0x00, 0x00, 0x00, 0x00, 0x00, 0x00, 0x00,
    0x00, 0x00, 0x00, 0x00, 0x00, 0x00, 0x00, 0x00, 0x00, 0x00, 0x00, 0x00, 0x00, 0x00, 0x00, 0x00,
    0x00, 0x00, 0xa1, 0x18, 0x4a, 0xc5, 0xa1, 0x18, 0x00, 0x00, 0x00, 0x00, 0x00, 0x00, 0x00, 0x00,
    0x00, 0x00, 0x00, 0x00, 0x00, 0x00, 0x00, 0x00, 0x00, 0x00, 0x00, 0x00, 0x00, 0x00, 0x00, 0x00,
    0x00, 0x00, 0x00, 0x00, 0x00, 0x00, 0x00, 0x00, 0x00, 0x00, 0x00, 0x00, 0x00, 0x00, 0x00, 0x00,
    0x00, 0x00, 0x00, 0x00, 0x00, 0x00, 0x00, 0x00, 0x00, 0x00, 0x00, 0x00, 0x00, 0x00, 0x00, 0x00,
    0xc1, 0x18, 0x4a, 0xc5, 0xa1, 0x18, 0x00, 0x00, 0x00, 0x00, 0x00, 0x00, 0x00, 0x00, 0x00, 0x00,
    0x00, 0x00, 0x00, 0x00, 0x00, 0x00, 0x00, 0x00, 0x00, 0x00, 0x00, 0x00, 0x00, 0x00, 0x00, 0x00,
    0x00, 0x00, 0x00, 0x00, 0x00, 0x00, 0x00, 0x00, 0x00, 0x00, 0x00, 0x00, 0x00, 0x00, 0x00, 0x00,
    0x00, 0x00, 0x00, 0x00, 0x00, 0x00, 0x00, 0x00, 0x00, 0x00, 0x00, 0x00, 0x00, 0x00, 0x00, 0x00,
    0xe1, 0x20, 0x4a, 0xc5, 0xc1, 0x18, 0x00, 0x00, 0x00, 0x00, 0x00, 0x00, 0x00, 0x00, 0x00, 0x00,
    0x41, 0x08, 0x04, 0x21, 0x66, 0x29, 0x04, 0x21, 0x41, 0x08, 0x00, 0x00, 0x00, 0x00, 0x00, 0x00,
    0x00, 0x00, 0x00, 0x00, 0x00, 0x00, 0x00, 0x00, 0x00, 0x00, 0x00, 0x00, 0x00, 0x00, 0x00, 0x00,
    0x00, 0x00, 0x00, 0x00, 0x00, 0x00, 0x00, 0x00, 0x00, 0x00, 0x00, 0x00, 0x00, 0x00, 0xe1, 0x20,
    0x4a, 0xc5, 0xe1, 0x20, 0x00, 0x00, 0x00, 0x00, 0x00, 0x00, 0x00, 0x00, 0x00, 0x00, 0x21, 0x00,
    0xe8, 0x39, 0x2e, 0x63, 0x32, 0xad, 0x2d, 0x63, 0xe8, 0x39, 0x41, 0x08, 0x00, 0x00, 0x00, 0x00,
    0x00, 0x00, 0x00, 0x00, 0x00, 0x00, 0x00, 0x00, 0x00, 0x00, 0x00, 0x00, 0x00, 0x00, 0x00, 0x00,
    0x00, 0x00, 0x00, 0x00, 0x00, 0x00, 0x00, 0x00, 0x00, 0x00, 0x00, 0x00, 0x00, 0x00, 0xe1, 0x20,
    0x4a, 0xc5, 0x02, 0x21, 0x00, 0x00, 0x00, 0x00, 0x00, 0x00, 0x00, 0x00, 0x00, 0x00, 0x66, 0x29,
    0xb0, 0x73, 0xb7, 0xb5, 0x57, 0xad, 0xf5, 0x9c, 0xb0, 0x73, 0x66, 0x29, 0x00, 0x00, 0x00, 0x00,
    0x00, 0x00, 0x00, 0x00, 0x00, 0x00, 0x00, 0x00, 0x00, 0x00, 0x00, 0x00, 0x00, 0x00, 0x00, 0x00,
    0x00, 0x00, 0x00, 0x00, 0x00, 0x00, 0x00, 0x00, 0x00, 0x00, 0x00, 0x00, 0x20, 0x00, 0x4a, 0xc5,
    0x22, 0x29, 0x00, 0x00, 0x00, 0x00, 0x24, 0x8b, 0x00, 0x00, 0x00, 0x00, 0x20, 0x00, 0xab, 0x52,
    0xb7, 0xbd, 0xf9, 0xbd, 0xfa, 0xbd, 0xd9, 0xbd, 0xf6, 0x9c, 0xab, 0x52, 0x20, 0x00, 0x00, 0x00,
    0x00, 0x00, 0x00, 0x00, 0x00, 0x00, 0x00, 0x00, 0x00, 0x00, 0x00, 0x00, 0x00, 0x00, 0x00, 0x00,
    0x00, 0x00, 0x00, 0x00, 0x00, 0x00, 0x00, 0x00, 0x00, 0x00, 0x40, 0x08, 0xe9, 0xb4, 0x4a, 0xc5,
    0x42, 0x31, 0x00, 0x00, 0x00, 0x00, 0x24, 0x8b, 0x00, 0x00, 0x00, 0x00, 0xc3, 0x10, 0xb0, 0x73,
    0xf9, 0xbd, 0xfa, 0xbd, 0xfa, 0xbd, 0xfa, 0xbd, 0xb9, 0xb5, 0xb0, 0x73, 0xa3, 0x10, 0x00, 0x00,
    0x00, 0x00, 0x00, 0x00, 0x00, 0x00, 0x00, 0x00, 0x00, 0x00, 0x00, 0x00, 0x00, 0x00, 0x00, 0x00,
    0x00, 0x00, 0x00, 0x00, 0x00, 0x00, 0x00, 0x00, 0x00, 0x00, 0x60, 0x10, 0xe9, 0xb4, 0x42, 0x31,
    0x00, 0x00, 0x00, 0x00, 0x25, 0x8b, 0x00, 0x00, 0x00, 0x00, 0x00, 0x00, 0x85, 0x31, 0x95, 0xb5,
    0xfa, 0xbd, 0xfa, 0xbd, 0xfa, 0xbd, 0xfa, 0xbd, 0xfa, 0xbd, 0x73, 0x8c, 0x45, 0x29, 0x00, 0x00,
    0x00, 0x00, 0x00, 0x00, 0x00, 0x00, 0x00, 0x00, 0x00, 0x00, 0x00, 0x00, 0x00, 0x00, 0x00, 0x00,
    0x00, 0x00, 0x00, 0x00, 0x00, 0x00, 0x00, 0x00, 0xa1, 0x10, 0xe9, 0xb4, 0x00, 0x00, 0x62, 0x31,
    0x00, 0x00, 0x00, 0x00, 0x85, 0x9b, 0x00, 0x00, 0x00, 0x00, 0x81, 0x10, 0x2e, 0xb5, 0x96, 0xb5,
    0xfa, 0xbd, 0xfa, 0xbd, 0xfa, 0xbd, 0xfa, 0xbd, 0xfa, 0xbd, 0xf5, 0x9c, 0xc8, 0x39, 0x00, 0x00,
    0x00, 0x00, 0x00, 0x00, 0x00, 0x00, 0x00, 0x00, 0x00, 0x00, 0x00, 0x00, 0x00, 0x00, 0x00, 0x00,
    0x00, 0x00, 0x00, 0x00, 0x00, 0x00, 0x00, 0x00, 0xa1, 0x18, 0xe9, 0xb4, 0xa1, 0x18, 0x00, 0x00,
    0x00, 0x00, 0xa5, 0x9b, 0x00, 0x00, 0x00, 0x00, 0x00, 0x00, 0xa1, 0x18, 0x4f, 0xb5, 0x16, 0xa5,
    0xfa, 0xbd, 0xfa, 0xbd, 0xfa, 0xbd, 0xfa, 0xbd, 0xfa, 0xbd, 0x16, 0xa5, 0x29, 0x42, 0x00, 0x00,
    0x00, 0x00, 0x00, 0x00, 0x00, 0x00, 0x00, 0x00, 0x00, 0x00, 0x00, 0x00, 0x00, 0x00, 0x00, 0x00,
    0x00, 0x00, 0x00, 0x00, 0x00, 0x00, 0x00, 0x00, 0xe9, 0xb4, 0xc1, 0x18, 0x00, 0x00, 0x00, 0x00,
    0x00, 0x00, 0xa5, 0x9b, 0x00, 0x00, 0x00, 0x00, 0xc1, 0x18, 0xe9, 0xb4, 0xca, 0x5a, 0xf6, 0x9c,
    0xfa, 0xbd, 0xfa, 0xbd, 0xfa, 0xbd, 0xfa, 0xbd, 0xfa, 0xbd, 0x16, 0xa5, 0x4a, 0x4a, 0x00, 0x00,
    0x00, 0x00, 0x00, 0x00, 0x00, 0x00, 0x00, 0x00, 0x00, 0x00, 0x00, 0x00, 0x00, 0x00, 0x00, 0x00,
    0x00, 0x00, 0x00, 0x00, 0x00, 0x00, 0x68, 0xa4, 0xe9, 0xb4, 0xe1, 0x20, 0x00, 0x00, 0x00, 0x00,
    0xe6, 0xab, 0x00, 0x00, 0x00, 0x00, 0x00, 0x00, 0x64, 0x5a, 0xe9, 0xb4, 0xaa, 0x52, 0xb4, 0x94,
    0xfa, 0xbd, 0xfa, 0xbd, 0xfa, 0xbd, 0xfa, 0xbd, 0xfa, 0xbd, 0xb4, 0x94, 0x29, 0x42, 0x00, 0x00,
    0x00, 0x00, 0x00, 0x00, 0x00, 0x00, 0x00, 0x00, 0x00, 0x00, 0x00, 0x00, 0x00, 0x00, 0x00, 0x00,
    0x00, 0x00, 0x00, 0x00, 0x00, 0x00, 0x68, 0xa4, 0xe1, 0x20, 0x00, 0x00, 0x00, 0x00, 0x00, 0x00,
    0xe6, 0xab, 0x00, 0x00, 0x00, 0x00, 0xc3, 0x41, 0xe9, 0xb4, 0xe1, 0x20, 0xa7, 0x31, 0xf1, 0x7b,
    0x98, 0xb5, 0xfa, 0xbd, 0xfa, 0xbd, 0xd9, 0xbd, 0x98, 0xb5, 0x11, 0x84, 0xa7, 0x31, 0x00, 0x00,
    0x00, 0x00, 0x00, 0x00, 0x00, 0x00, 0x00, 0x00, 0x00, 0x00, 0x00, 0x00, 0x00, 0x00, 0x00, 0x00,
    0x00, 0x00, 0x00, 0x00, 0x68, 0xa4, 0x00, 0x00, 0xe2, 0x20, 0x00, 0x00, 0x00, 0x00, 0xc5, 0xa3,
    0x00, 0x00, 0x00, 0x00, 0x00, 0x00, 0xc3, 0x41, 0x6c, 0xee, 0xe1, 0x20, 0xc3, 0x18, 0xcc, 0x5a,
    0x93, 0x94, 0xb7, 0xbd, 0x78, 0xad, 0x37, 0xa5, 0x93, 0x94, 0xec, 0x5a, 0xc3, 0x18, 0x00, 0x00,
    0x00, 0x00, 0x00, 0x00, 0x00, 0x00, 0x00, 0x00, 0x00, 0x00, 0x00, 0x00, 0x00, 0x00, 0x00, 0x00,
    0x00, 0x00, 0x00, 0x00, 0x00, 0x00, 0x00, 0x00, 0x24, 0x8b, 0x00, 0x00, 0x00, 0x00, 0x00, 0x00,
    0xe1, 0x20, 0xe9, 0xb4, 0xe1, 0x20, 0x00, 0x00, 0x00, 0x00, 0x00, 0x00, 0x45, 0x8b, 0x00, 0x00,
    0x00, 0x00, 0x00, 0x00, 0x00, 0x00, 0x00, 0x00, 0x00, 0x00, 0x00, 0x00, 0x00, 0x00, 0x00, 0x00,
    0x00, 0x00, 0x00, 0x00, 0x00, 0x00, 0x00, 0x00, 0x00, 0x00, 0x00, 0x00, 0x00, 0x00, 0x00, 0x00,
    0x00, 0x00, 0x00, 0x00, 0x00, 0x00, 0x25, 0x8b, 0x00, 0x00, 0x00, 0x00, 0x00, 0x00, 0xe1, 0x20,
    0xc9, 0xb4, 0xe2, 0x20, 0x00, 0x00, 0x00, 0x00, 0x00, 0x00, 0x45, 0x8b, 0x00, 0x00, 0x00, 0x00,
    0x00, 0x00, 0x00, 0x00, 0x00, 0x00, 0x00, 0x00, 0x00, 0x00, 0x00, 0x00, 0x00, 0x00, 0x00, 0x00,
    0x00, 0x00, 0x00, 0x00, 0x00, 0x00, 0x00, 0x00, 0x00, 0x00, 0x00, 0x00, 0x00, 0x00, 0x00, 0x00,
    0x00, 0x00, 0x00, 0x00, 0x00, 0x00, 0x25, 0x8b, 0x00, 0x00, 0x00, 0x00, 0x00, 0x00, 0xe1, 0x20,
    0xc9, 0xb4, 0xe1, 0x20, 0x00, 0x00, 0x00, 0x00, 0x00, 0x00, 0x85, 0x9b, 0x00, 0x00, 0x00, 0x00,
    0x00, 0x00, 0x00, 0x00, 0x00, 0x00, 0x00, 0x00, 0x00, 0x00, 0x00, 0x00, 0x00, 0x00, 0x00, 0x00,
    0x00, 0x00, 0x00, 0x00, 0x00, 0x00, 0x00, 0x00, 0x00, 0x00, 0x00, 0x00, 0x00, 0x00, 0x00, 0x00,
    0x00, 0x00, 0x00, 0x00, 0x00, 0x00, 0x00, 0x00, 0x00, 0x00, 0x00, 0x00, 0xe1, 0x20, 0xe9, 0xb4,
    0xc1, 0x18, 0x00, 0x00, 0x00, 0x00, 0x00, 0x00, 0x85, 0x9b, 0x00, 0x00, 0x00, 0x00, 0x00, 0x00,
    0x00, 0x00, 0x00, 0x00, 0x00, 0x00, 0x00, 0x00, 0x00, 0x00, 0x00, 0x00, 0x00, 0x00, 0x00, 0x00,
    0x00, 0x00, 0x00, 0x00, 0x00, 0x00, 0x00, 0x00, 0x00, 0x00, 0x00, 0x00, 0x00, 0x00, 0x00, 0x00,
    0x00, 0x00, 0x00, 0x00, 0x00, 0x00, 0x00, 0x00, 0x00, 0x00, 0x00, 0x00, 0x00, 0x00, 0xe9, 0xb4,
    0xa1, 0x18, 0x00, 0x00, 0x00, 0x00, 0x00, 0x00, 0x24, 0x8b, 0x00, 0x00, 0x00, 0x00, 0x00, 0x00,
    0x00, 0x00, 0x00, 0x00, 0x00, 0x00, 0x00, 0x00, 0x00, 0x00, 0x00, 0x00, 0x00, 0x00, 0x00, 0x00,
    0x00, 0x00, 0x00, 0x00, 0x00, 0x00, 0x00, 0x00, 0x00, 0x00, 0x00, 0x00, 0x00, 0x00, 0x00, 0x00,
    0x00, 0x00, 0x00, 0x00, 0x00, 0x00, 0x00, 0x00, 0x00, 0x00, 0x00, 0x00, 0x88, 0xa4, 0xa1, 0x18,
    0x00, 0x00, 0x00, 0x00, 0x00, 0x00, 0x25, 0x8b, 0x00, 0x00, 0x00, 0x00, 0x00, 0x00, 0x00, 0x00,
    0x07, 0x94, 0x00, 0x00, 0x00, 0x00, 0x00, 0x00, 0x00, 0x00, 0x00, 0x00, 0x00, 0x00, 0x00, 0x00,
    0x00, 0x00, 0x00, 0x00, 0x00, 0x00, 0x00, 0x00, 0x00, 0x00, 0x00, 0x00, 0x00, 0x00, 0x00, 0x00,
    0x00, 0x00, 0x00, 0x00, 0x00, 0x00, 0x00, 0x00, 0x00, 0x00, 0x00, 0x00, 0x88, 0xa4, 0x81, 0x10,
    0x00, 0x00, 0x00, 0x00, 0x45, 0x8b, 0x00, 0x00, 0x00, 0x00, 0x00, 0x00, 0x00, 0x00, 0x00, 0x00,
    0x07, 0x94, 0x00, 0x00, 0x00, 0x00, 0x00, 0x00, 0x00, 0x00, 0x00, 0x00, 0x00, 0x00, 0x00, 0x00,
    0x00, 0x00, 0x00, 0x00, 0x00, 0x00, 0x00, 0x00, 0x00, 0x00, 0x00, 0x00, 0x00, 0x00, 0x00, 0x00,
    0x00, 0x00, 0x00, 0x00, 0x00, 0x00, 0x00, 0x00, 0x00, 0x00, 0x89, 0xac, 0x60, 0x10, 0x00, 0x00,
    0x00, 0x00, 0x00, 0x00, 0x00, 0x00, 0x00, 0x00, 0x00, 0x00, 0x00, 0x00, 0x00, 0x00, 0x07, 0x9c,
    0x00, 0x00, 0x00, 0x00, 0x00, 0x00, 0x00, 0x00, 0x00, 0x00, 0x00, 0x00, 0x00, 0x00, 0x00, 0x00,
    0x00, 0x00, 0x00, 0x00, 0x00, 0x00, 0x00, 0x00, 0x00, 0x00, 0x00, 0x00, 0x00, 0x00, 0x00, 0x00,
    0x00, 0x00, 0x00, 0x00, 0x00, 0x00, 0x00, 0x00, 0x68, 0xa4, 0x00, 0x00, 0x00, 0x00, 0x00, 0x00,
    0x00, 0x00, 0x00, 0x00, 0x00, 0x00, 0x00, 0x00, 0x00, 0x00, 0x00, 0x00, 0x88, 0xa4, 0x00, 0x00,
    0x00, 0x00, 0x00, 0x00, 0x00, 0x00, 0x00, 0x00, 0x00, 0x00, 0x00, 0x00, 0x00, 0x00, 0x00, 0x00,
    0x00, 0x00, 0x00, 0x00, 0x00, 0x00, 0x00, 0x00, 0x00, 0x00, 0x00, 0x00, 0x00, 0x00, 0x00, 0x00,
    0x00, 0x00, 0x00, 0x00, 0x00, 0x00, 0x00, 0x00, 0x68, 0xa4, 0x00, 0x00, 0x00, 0x00, 0x00, 0x00,
    0x00, 0x00, 0x00, 0x00, 0x00, 0x00, 0x00, 0x00, 0x00, 0x00, 0x00, 0x00, 0x88, 0xa4, 0x00, 0x00,
    0x00, 0x00, 0x00, 0x00, 0x00, 0x00, 0x00, 0x00, 0x00, 0x00, 0x00, 0x00, 0x00, 0x00, 0x00, 0x00,
    0x00, 0x00, 0x00, 0x00, 0x00, 0x00, 0x00, 0x00, 0x00, 0x00, 0x00, 0x00, 0x00, 0x00, 0x00, 0x00,
    0x00, 0x00, 0x00, 0x00, 0x00, 0x00, 0x07, 0x9c, 0x00, 0x00, 0x00, 0x00, 0x00, 0x00, 0x00, 0x00,
    0x00, 0x00, 0x00, 0x00, 0x00, 0x00, 0x00, 0x00, 0x00, 0x00, 0x89, 0xac, 0x00, 0x00, 0x00, 0x00,
    0x00, 0x00, 0x00, 0x00, 0x00, 0x00, 0x00, 0x00, 0x00, 0x00, 0x00, 0x00, 0x00, 0x00, 0x00, 0x00,
    0x00, 0x00, 0x00, 0x00, 0x00, 0x00, 0x00, 0x00, 0x00, 0x00, 0x00, 0x00, 0x00, 0x00, 0x00, 0x00,
    0x00, 0x00, 0x00, 0x00, 0x28, 0x9c, 0x00, 0x00, 0x00, 0x00, 0x00, 0x00, 0x00, 0x00, 0x00, 0x00,
    0x00, 0x00, 0x00, 0x00, 0x00, 0x00, 0x00, 0x00, 0x00, 0x00, 0x89, 0xac, 0x00, 0x00, 0x00, 0x00,
    0x00, 0x00, 0x00, 0x00, 0x00, 0x00, 0x00, 0x00, 0x00, 0x00, 0x00, 0x00, 0x00, 0x00, 0x00, 0x00,
    0x00, 0x00, 0x00, 0x00, 0x00, 0x00, 0x00, 0x00, 0x00, 0x00, 0x00, 0x00, 0x00, 0x00, 0x00, 0x00,
    0x00, 0x00, 0x00, 0x00, 0x28, 0x9c, 0x00, 0x00, 0x00, 0x00, 0x00, 0x00, 0x00, 0x00, 0x00, 0x00,
    0x00, 0x00, 0x00, 0x00, 0x00, 0x00, 0x00, 0x00, 0x68, 0xa4, 0x00, 0x00, 0x00, 0x00, 0x00, 0x00,
    0x00, 0x00, 0x00, 0x00, 0x00, 0x00, 0x00, 0x00, 0x00, 0x00, 0x00, 0x00, 0x00, 0x00, 0x00, 0x00,
    0x00, 0x00, 0x00, 0x00, 0x00, 0x00, 0x00, 0x00, 0x00, 0x00, 0x00, 0x00, 0x00, 0x00, 0x00, 0x00,
    0x00, 0x00, 0x00, 0x00, 0x00, 0x00, 0x00, 0x00, 0x00, 0x00, 0x00, 0x00, 0x00, 0x00, 0x00, 0x00,
    0x00, 0x00, 0x00, 0x00, 0x00, 0x00, 0xe9, 0xb4, 0x00, 0x00, 0x00, 0x00, 0x00, 0x00, 0x00, 0x00,
    0x00, 0x00, 0x00, 0x00, 0x00, 0x00, 0x00, 0x00, 0x00, 0x00, 0x00, 0x00, 0x00, 0x00, 0x00, 0x00,
    0x00, 0x00, 0x00, 0x00, 0x00, 0x00, 0x00, 0x00, 0x00, 0x00, 0x00, 0x00, 0x00, 0x00, 0x00, 0x00,
    0x00, 0x00, 0x00, 0x00, 0x00, 0x00, 0x00, 0x00, 0x00, 0x00, 0x00, 0x00, 0x00, 0x00, 0x00, 0x00,
    0x00, 0x00, 0x00, 0x00, 0x00, 0x00, 0xe9, 0xb4, 0x00, 0x00, 0x00, 0x00, 0x00, 0x00, 0x00, 0x00,
    0x00, 0x00, 0x00, 0x00, 0x00, 0x00, 0x00, 0x00, 0x00, 0x00, 0x00, 0x00, 0x00, 0x00, 0x00, 0x00,
    0x00, 0x00, 0x00, 0x00, 0x00, 0x00, 0x00, 0x00, 0x00, 0x00, 0x00, 0x00, 0x00, 0x00, 0x00, 0x00,
    0x00, 0x00, 0x00, 0x00, 0x00, 0x00, 0x00, 0x00, 0x00, 0x00, 0x00, 0x00, 0x00, 0x00, 0x00, 0x00,
    0x00, 0x00, 0x00, 0x00, 0xe9, 0xb4, 0x00, 0x00, 0x00, 0x00, 0x00, 0x00, 0x00, 0x00, 0x00, 0x00,
    0x00, 0x00, 0x00, 0x00, 0x00, 0x00, 0x00, 0x00, 0x00, 0x00, 0x00, 0x00, 0x00, 0x00, 0x00, 0x00,
    0x00, 0x00, 0x00, 0x00, 0x00, 0x00, 0x00, 0x00, 0x00, 0x00, 0x00, 0x00, 0x00, 0x00, 0x00, 0x00,
    0x00, 0x00, 0x00, 0x00, 0x00, 0x00, 0x00, 0x00, 0x00, 0x00, 0x00, 0x00, 0x00, 0x00, 0x00, 0x00,
    0x00, 0x00, 0x00, 0x00, 0xe9, 0xb4, 0x00, 0x00, 0x00, 0x00, 0x00, 0x00, 0x00, 0x00, 0x00, 0x00,
    0x00, 0x00, 0x00, 0x00, 0x00, 0x00, 0x00, 0x00, 0x00, 0x00, 0x00, 0x00, 0x00, 0x00, 0x00, 0x00,
    0x00, 0x00, 0x00, 0x00, 0x00, 0x00, 0x00, 0x00, 0x00, 0x00, 0x00, 0x00, 0x00, 0x00, 0x00, 0x00,
    0x00, 0x00, 0x00, 0x00, 0x00, 0x00, 0x00, 0x00, 0x00, 0x00, 0x00, 0x00, 0x00, 0x00, 0x00, 0x00,
    0x00, 0x00, 0xe9, 0xb4, 0x00, 0x00, 0x00, 0x00, 0x00, 0x00, 0x00, 0x00, 0x00, 0x00, 0x00, 0x00,
    0x00, 0x00, 0x00, 0x00, 0x00, 0x00, 0x00, 0x00, 0x00, 0x00, 0x00, 0x00, 0x00, 0x00, 0x00, 0x00,
    0x00, 0x00, 0x00, 0x00, 0x00, 0x00, 0x00, 0x00, 0x00, 0x00, 0x00, 0x00, 0x00, 0x00, 0x00, 0x00,
    0x00, 0x00, 0x00, 0x00, 0x00, 0x00, 0x00, 0x00, 0x00, 0x00, 0x00, 0x00, 0x00, 0x00, 0x00, 0x00,
    0xc9, 0xb4, 0x00, 0x00, 0x00, 0x00, 0x00, 0x00, 0x00, 0x00, 0x00, 0x00, 0x00, 0x00, 0x00, 0x00,
    0x00, 0x00, 0x00, 0x00, 0x00, 0x00, 0x00, 0x00, 0x00, 0x00, 0x00, 0x00, 0x00, 0x00, 0x00, 0x00,
    0x00, 0x00, 0x00, 0x00, 0x00, 0x00, 0x00, 0x00, 0x00, 0x00, 0x00, 0x00, 0x00, 0x00, 0x00, 0x00,
    0x00, 0x00, 0x00, 0x00, 0x00, 0x00, 0x00, 0x00, 0x00, 0x00, 0x00, 0x00, 0x00, 0x00, 0x00, 0x00,
    0xc9, 0xb4, 0x00, 0x00, 0x00, 0x00, 0x00, 0x00, 0x00, 0x00, 0x00, 0x00, 0x00, 0x00, 0x00, 0x00,
    0x00, 0x00, 0x00, 0x00, 0x00, 0x00, 0x00, 0x00, 0x00, 0x00, 0x00, 0x00, 0x00, 0x00, 0x00, 0x00,
    0x00, 0x00, 0x00, 0x00, 0x00, 0x00, 0x00, 0x00, 0x00, 0x00, 0x00, 0x00, 0x00, 0x00, 0x00, 0x00,
    0x00, 0x00, 0x00, 0x00, 0x00, 0x00, 0x00, 0x00, 0x00, 0x00, 0x00, 0x00, 0x00, 0x00, 0xe9, 0xb4,
    0x00, 0x00, 0x00, 0x00, 0x00, 0x00, 0x00, 0x00, 0x00, 0x00, 0x00, 0x00, 0x00, 0x00, 0x00, 0x00,
    0x00, 0x00, 0x00, 0x00, 0x00, 0x00, 0x00, 0x00, 0x00, 0x00, 0x00, 0x00, 0x00, 0x00, 0x00, 0x00,
    0x00, 0x00, 0x00, 0x00, 0x00, 0x00, 0x00, 0x00, 0x00, 0x00, 0x00, 0x00, 0x00, 0x00, 0x00, 0x00,
    0x00, 0x00, 0x00, 0x00, 0x00, 0x00, 0x00, 0x00, 0x00, 0x00, 0x00, 0x00, 0x00, 0x00, 0xe9, 0xb4,
    0x20, 0x00, 0x00, 0x00, 0x00, 0x00, 0x00, 0x00, 0x00, 0x00, 0x00, 0x00, 0x00, 0x00, 0x00, 0x00,
    0x00, 0x00, 0x00, 0x00, 0x00, 0x00, 0x00, 0x00, 0x00, 0x00, 0x00, 0x00, 0x00, 0x00, 0x00, 0x00,
    0x00, 0x00, 0x00, 0x00, 0x00, 0x00, 0x00, 0x00, 0x00, 0x00, 0x00, 0x00, 0x00, 0x00, 0x00, 0x00,
    0x00, 0x00, 0x00, 0x00, 0x00, 0x00, 0x00, 0x00, 0x00, 0x00, 0x00, 0x00, 0x88, 0xa4, 0x40, 0x08,
    0x00, 0x00, 0x00, 0x00, 0x00, 0x00, 0x00, 0x00, 0x00, 0x00, 0x00, 0x00, 0x00, 0x00, 0x00, 0x00,
    0x07, 0x94, 0x00, 0x00, 0x00, 0x00, 0x00, 0x00, 0x00, 0x00, 0x00, 0x00, 0x00, 0x00, 0x00, 0x00,
    0x00, 0x00, 0x00, 0x00, 0x00, 0x00, 0x00, 0x00, 0x00, 0x00, 0x00, 0x00, 0x00, 0x00, 0x00, 0x00,
    0x00, 0x00, 0x00, 0x00, 0x00, 0x00, 0x00, 0x00, 0x00, 0x00, 0x00, 0x00, 0x88, 0xa4, 0x60, 0x10,
    0x00, 0x00, 0x00, 0x00, 0x00, 0x00, 0x00, 0x00, 0x00, 0x00, 0x00, 0x00, 0x00, 0x00, 0x00, 0x00,
    0x07, 0x94, 0x41, 0x08, 0x82, 0x10, 0x41, 0x08, 0x00, 0x00, 0x00, 0x00, 0x00, 0x00, 0x00, 0x00,
    0x00, 0x00, 0x00, 0x00, 0x00, 0x00, 0x00, 0x00, 0x00, 0x00, 0x00, 0x00, 0x00, 0x00, 0x00, 0x00,
    0x00, 0x00, 0x00, 0x00, 0x00, 0x00, 0x00, 0x00, 0x00, 0x00, 0x89, 0xac, 0x81, 0x10, 0x00, 0x00,
    0x00, 0x00, 0x00, 0x00, 0x45, 0x8b, 0x00, 0x00, 0x00, 0x00, 0x00, 0x00, 0x00, 0x00, 0x07, 0x9c,
    0x00, 0x00, 0x82, 0x10, 0xc3, 0x18, 0x82, 0x10, 0x00, 0x00, 0x00, 0x00, 0x00, 0x00, 0x00, 0x00,
    0x00, 0x00, 0x00, 0x00, 0x00, 0x00, 0x00, 0x00, 0x00, 0x00, 0x00, 0x00, 0x00, 0x00, 0x00, 0x00,
    0x00, 0x00, 0x00, 0x00, 0x00, 0x00, 0x00, 0x00, 0x68, 0xa4, 0x00, 0x00, 0x00, 0x00, 0x00, 0x00,
    0x00, 0x00, 0x45, 0x8b, 0x00, 0x00, 0x00, 0x00, 0x00, 0x00, 0x00, 0x00, 0x88, 0xa4, 0x00, 0x00,
    0x00, 0x00, 0xa2, 0x10, 0xe3, 0x18, 0x82, 0x10, 0x00, 0x00, 0x00, 0x00, 0x00, 0x00, 0x00, 0x00,
    0x00, 0x00, 0x00, 0x00, 0x00, 0x00, 0x00, 0x00, 0x00, 0x00, 0x00, 0x00, 0x00, 0x00, 0x00, 0x00,
    0x00, 0x00, 0x00, 0x00, 0x00, 0x00, 0x00, 0x00, 0x68, 0xa4, 0x00, 0x00, 0x00, 0x00, 0x00, 0x00,
    0x00, 0x00, 0x45, 0x8b, 0x00, 0x00, 0x00, 0x00, 0x00, 0x00, 0x00, 0x00, 0x88, 0xa4, 0x00, 0x00,
    0x00, 0x00, 0x61, 0x08, 0x82, 0x10, 0x41, 0x08, 0x00, 0x00, 0x00, 0x00, 0x00, 0x00, 0x00, 0x00,
    0x00, 0x00, 0x00, 0x00, 0x00, 0x00, 0x00, 0x00, 0x00, 0x00, 0x00, 0x00, 0x00, 0x00, 0x00, 0x00,
    0x00, 0x00, 0x00, 0x00, 0x00, 0x00, 0x07, 0x9c, 0x00, 0x00, 0x00, 0x00, 0x00, 0x00, 0x00, 0x00,
    0x85, 0x9b, 0x00, 0x00, 0x00, 0x00, 0x00, 0x00, 0x00, 0x00, 0x89, 0xac, 0x00, 0x00, 0x00, 0x00,
    0x00, 0x00, 0x00, 0x00, 0x20, 0x00, 0x00, 0x00, 0x00, 0x00, 0x00, 0x00, 0x00, 0x00, 0x00, 0x00,
    0x00, 0x00, 0x00, 0x00, 0x00, 0x00, 0x00, 0x00, 0x00, 0x00, 0x00, 0x00, 0x00, 0x00, 0x00, 0x00,
    0x00, 0x00, 0x00, 0x00, 0x28, 0x9c, 0x00, 0x00, 0x00, 0x00, 0x00, 0x00, 0x00, 0x00, 0x00, 0x00,
    0x85, 0x9b, 0x00, 0x00, 0x00, 0x00, 0xe1, 0x20, 0x00, 0x00, 0x89, 0xac, 0x00, 0x00, 0x00, 0x00,
    0x00, 0x00, 0x00, 0x00, 0x00, 0x00, 0x00, 0x00, 0x00, 0x00, 0x00, 0x00, 0x00, 0x00, 0x00, 0x00,
    0x00, 0x00, 0x00, 0x00, 0x00, 0x00, 0x00, 0x00, 0x00, 0x00, 0x00, 0x00, 0x00, 0x00, 0x00, 0x00,
    0x00, 0x00, 0x00, 0x00, 0x28, 0x9c, 0x00, 0x00, 0x00, 0x00, 0x00, 0x00, 0x00, 0x00, 0x85, 0x9b,
    0x00, 0x00, 0x00, 0x00, 0x00, 0x00, 0xe1, 0x20, 0x68, 0xa4, 0x00, 0x00, 0x00, 0x00, 0x00, 0x00,
    0x00, 0x00, 0x00, 0x00, 0x00, 0x00, 0x00, 0x00, 0x00, 0x00, 0x00, 0x00, 0x00, 0x00, 0x00, 0x00,
    0x00, 0x00, 0x00, 0x00, 0x00, 0x00, 0x00, 0x00, 0x00, 0x00, 0x00, 0x00, 0x00, 0x00, 0x00, 0x00,
    0x00, 0x00, 0x00, 0x00, 0x00, 0x00, 0x00, 0x00, 0x00, 0x00, 0x00, 0x00, 0x00, 0x00, 0x00, 0x00,
    0x00, 0x00, 0x68, 0xa4, 0x00, 0x00, 0x00, 0x00, 0x00, 0x00, 0x00, 0x00, 0x00, 0x00, 0x00, 0x00,
    0x00, 0x00, 0x00, 0x00, 0x00, 0x00, 0x00, 0x00, 0x00, 0x00, 0x00, 0x00, 0x00, 0x00, 0x00, 0x00,
    0x00, 0x00, 0x00, 0x00, 0x00, 0x00, 0x00, 0x00, 0x00, 0x00, 0x00, 0x00, 0x00, 0x00, 0x00, 0x00,
    0x00, 0x00, 0x00, 0x00, 0x00, 0x00, 0x00, 0x00, 0x00, 0x00, 0x00, 0x00, 0x00, 0x00, 0x00, 0x00,
    0x68, 0xa4, 0x00, 0x00, 0x00, 0x00, 0x00, 0x00, 0x00, 0x00, 0x00, 0x00, 0x00, 0x00, 0x00, 0x00,
    0x00, 0x00, 0x00, 0x00, 0x00, 0x00, 0x00, 0x00, 0x00, 0x00, 0x00, 0x00, 0x00, 0x00, 0x00, 0x00,
    0x00, 0x00, 0x00, 0x00, 0x00, 0x00, 0x00, 0x00, 0x00, 0x00, 0x00, 0x00, 0x00, 0x00, 0x00, 0x00,
    0x00, 0x00, 0x00, 0x00, 0x00, 0x00, 0x00, 0x00, 0x00, 0x00, 0x00, 0x00, 0x00, 0x00, 0x00, 0x00,
    0x68, 0xa4, 0x00, 0x00, 0x00, 0x00, 0x00, 0x00, 0x00, 0x00, 0x24, 0x8b, 0x00, 0x00, 0x00, 0x00,
    0x00, 0x00, 0x00, 0x00, 0x00, 0x00, 0x00, 0x00, 0x00, 0x00, 0x00, 0x00, 0x00, 0x00, 0x00, 0x00,
    0x00, 0x00, 0x00, 0x00, 0x00, 0x00, 0x00, 0x00, 0x00, 0x00, 0x00, 0x00, 0x00, 0x00, 0x00, 0x00,
    0x00, 0x00, 0x00, 0x00, 0x00, 0x00, 0x00, 0x00, 0x00, 0x00, 0x00, 0x00, 0x00, 0x00, 0x88, 0xa4,
    0x00, 0x00, 0x00, 0x00, 0x00, 0x00, 0x00, 0x00, 0x25, 0x8b, 0x00, 0x00, 0x00, 0x00, 0x00, 0x00,
    0x00, 0x00, 0x00, 0x00, 0x00, 0x00, 0x00, 0x00, 0x00, 0x00, 0x00, 0x00, 0x00, 0x00, 0x00, 0x00,
    0x00, 0x00, 0x00, 0x00, 0x00, 0x00, 0x00, 0x00, 0x00, 0x00, 0x00, 0x00, 0x00, 0x00, 0x00, 0x00,
    0x00, 0x00, 0x00, 0x00, 0x00, 0x00, 0x00, 0x00, 0x00, 0x00, 0x00, 0x00, 0x00, 0x00, 0x88, 0xa4,
    0x00, 0x00, 0x00, 0x00, 0x00, 0x00, 0x00, 0x00, 0x00, 0x00, 0x00, 0x00, 0x00, 0x00, 0x00, 0x00,
    0x00, 0x00, 0x00, 0x00, 0x00, 0x00, 0x00, 0x00, 0x00, 0x00, 0x00, 0x00, 0x00, 0x00, 0x00, 0x00,
    0x00, 0x00, 0x00, 0x00, 0x00, 0x00, 0x00, 0x00, 0x00, 0x00, 0x00, 0x00, 0x00, 0x00, 0x00, 0x00,
    0x00, 0x00, 0x00, 0x00, 0x00, 0x00, 0x00, 0x00, 0x00, 0x00, 0x00, 0x00, 0x28, 0x9c, 0x00, 0x00,
    0x00, 0x00, 0x00, 0x00, 0x00, 0x00, 0x00, 0x00, 0x00, 0x00, 0x00, 0x00, 0x00, 0x00, 0x00, 0x00,
    0x00, 0x00, 0x00, 0x00, 0x00, 0x00, 0x00, 0x00, 0x00, 0x00, 0x00, 0x00, 0x00, 0x00, 0x00, 0x00,
    0x00, 0x00, 0x00, 0x00, 0x00, 0x00, 0x00, 0x00, 0x00, 0x00, 0x00, 0x00, 0x00, 0x00, 0x00, 0x00,
    0x00, 0x00, 0x00, 0x00, 0x00, 0x00, 0x00, 0x00, 0x00, 0x00, 0x07, 0x94, 0x00, 0x00, 0x00, 0x00,
    0x00, 0x00, 0x00, 0x00, 0x00, 0x00, 0x00, 0x00, 0x00, 0x00, 0x00, 0x00, 0x00, 0x00, 0x00, 0x00,
    0x00, 0x00, 0x00, 0x00, 0x00, 0x00, 0x00, 0x00, 0x00, 0x00, 0x00, 0x00, 0x00, 0x00, 0x00, 0x00,
    0x00, 0x00, 0x00, 0x00, 0x00, 0x00, 0x00, 0x00, 0x00, 0x00, 0x00, 0x00, 0x00, 0x00, 0x00, 0x00,
    0x00, 0x00, 0x00, 0x00, 0x00, 0x00, 0x00, 0x00, 0x00, 0x00, 0x07, 0x94, 0x00, 0x00, 0x00, 0x00,
    0x00, 0x00, 0x00, 0x00, 0x00, 0x00, 0x00, 0x00, 0x00, 0x00, 0x00, 0x00, 0x00, 0x00, 0x00, 0x00,
    0x00, 0x00, 0x00, 0x00, 0x00, 0x00, 0x00, 0x00, 0x00, 0x00, 0x00, 0x00, 0x00, 0x00, 0x00, 0x00,
    0x00, 0x00, 0x00, 0x00, 0x00, 0x00, 0x00, 0x00, 0x00, 0x00, 0x00, 0x00, 0x00, 0x00, 0x00, 0x00,
    0x00, 0x00, 0x00, 0x00, 0x00, 0x00, 0x00, 0x00, 0x07, 0x9c, 0x00, 0x00, 0x00, 0x00, 0x00, 0x00,
    0x00, 0x00, 0x00, 0x00, 0x00, 0x00, 0x00, 0x00, 0x00, 0x00, 0x00, 0x00, 0x00, 0x00, 0x28, 0x9c,
    0x00, 0x00, 0x00, 0x00, 0x00, 0x00, 0x00, 0x00, 0x00, 0x00, 0x00, 0x00, 0x00, 0x00, 0x00, 0x00,
    0x00, 0x00, 0x00, 0x00, 0x00, 0x00, 0x00, 0x00, 0x00, 0x00, 0x00, 0x00, 0x00, 0x00, 0x00, 0x00,
    0x00, 0x00, 0x00, 0x00, 0x00, 0x00, 0x28, 0x9c, 0x00, 0x00, 0x00, 0x00, 0x00, 0x00, 0x00, 0x00,
    0x00, 0x00, 0x00, 0x00, 0x00, 0x00, 0x00, 0x00, 0x00, 0x00, 0x00, 0x00, 0x28, 0x9c, 0x00, 0x00,
    0x00, 0x00, 0x00, 0x00, 0x00, 0x00, 0x00, 0x00, 0x00, 0x00, 0x00, 0x00, 0x00, 0x00, 0x00, 0x00,
    0x00, 0x00, 0x00, 0x00, 0x00, 0x00, 0x00, 0x00, 0x00, 0x00, 0x00, 0x00, 0x00, 0x00, 0x00, 0x00,
    0x00, 0x00, 0x00, 0x00, 0x00, 0x00, 0x00, 0x00, 0x00, 0x00, 0x00, 0x00, 0x00, 0x00, 0x00, 0x00,
    0x00, 0x00, 0x00, 0x00, 0x00, 0x00, 0x00, 0x00, 0x00, 0x00, 0x07, 0x94, 0x00, 0x00, 0x00, 0x00,
    0x00, 0x00, 0x00, 0x00, 0x00, 0x00, 0x00, 0x00, 0x00, 0x00, 0x00, 0x00, 0x00, 0x00, 0x00, 0x00,
    0x00, 0x00, 0x00, 0x00, 0x00, 0x00, 0x00, 0x00, 0x00, 0x00, 0x00, 0x00, 0x00, 0x00, 0x00, 0x00,
    0x00, 0x00, 0x00, 0x00, 0x00, 0x00, 0x00, 0x00, 0x00, 0x00, 0x00, 0x00, 0x00, 0x00, 0x00, 0x00,
    0x00, 0x00, 0x00, 0x00, 0x00, 0x00, 0x00, 0x00, 0x00, 0x00, 0x07, 0x94, 0x00, 0x00, 0x00, 0x00,
    0x00, 0x00, 0x00, 0x00, 0x00, 0x00, 0x00, 0x00, 0x00, 0x00, 0x00, 0x00, 0x00, 0x00, 0x00, 0x00,
    0x00, 0x00, 0x00, 0x00, 0x00, 0x00, 0x00, 0x00, 0x00, 0x00, 0x00, 0x00, 0x00, 0x00, 0x00, 0x00,
    0x00, 0x00, 0x00, 0x00, 0x00, 0x00, 0x00, 0x00, 0x00, 0x00, 0x00, 0x00, 0x00, 0x00, 0x00, 0x00,
    0x00, 0x00, 0x00, 0x00, 0x00, 0x00, 0x00, 0x00, 0x07, 0x9c, 0x00, 0x00, 0x00, 0x00, 0x00, 0x00,
    0x00, 0x00, 0x00, 0x00, 0x00, 0x00, 0x00, 0x00, 0x00, 0x00, 0x00, 0x00, 0x00, 0x00, 0x00, 0x00,
    0x00, 0x00, 0x00, 0x00, 0x00, 0x00, 0x00, 0x00, 0x00, 0x00, 0x00, 0x00, 0x00, 0x00, 0x00, 0x00,
    0x00, 0x00, 0x00, 0x00, 0x00, 0x00, 0x00, 0x00, 0x00, 0x00, 0x00, 0x00, 0x00, 0x00, 0x00, 0x00,
    0x00, 0x00, 0x00, 0x00, 0x00, 0x00, 0x88, 0xa4, 0x00, 0x00, 0x00, 0x00, 0x00, 0x00, 0x00, 0x00,
    0x00, 0x00, 0x00, 0x00, 0x00, 0x00, 0x00, 0x00, 0x00, 0x00, 0x00, 0x00, 0x00, 0x00, 0x00, 0x00,
    0x00, 0x00, 0x00, 0x00, 0x00, 0x00, 0x00, 0x00, 0x00, 0x00, 0x00, 0x00, 0x00, 0x00, 0x00, 0x00,
    0x00, 0x00, 0x00, 0x00, 0x00, 0x00, 0x00, 0x00, 0x00, 0x00, 0x00, 0x00, 0x00, 0x00, 0x00, 0x00,
    0x00, 0x00, 0x00, 0x00, 0x00, 0x00, 0x88, 0xa4, 0x00, 0x00, 0x00, 0x00, 0x00, 0x00, 0x00, 0x00,
    0x00, 0x00, 0x00, 0x00, 0x00, 0x00, 0x00, 0x00, 0x00, 0x00, 0x00, 0x00, 0x00, 0x00, 0x00, 0x00,
    0x00, 0x00, 0x00, 0x00, 0x00, 0x00, 0x00, 0x00, 0x00, 0x00, 0x00, 0x00, 0x00, 0x00, 0x00, 0x00,
    0x00, 0x00, 0x00, 0x00, 0x00, 0x00, 0x00, 0x00, 0x00, 0x00, 0x00, 0x00, 0x00, 0x00, 0x00, 0x00,
    0x00, 0x00, 0x00, 0x00, 0x89, 0xac, 0x00, 0x00, 0x00, 0x00, 0x00, 0x00, 0x00, 0x00, 0x00, 0x00,
    0x00, 0x00, 0x00, 0x00, 0x00, 0x00, 0x00, 0x00, 0x00, 0x00, 0x00, 0x00, 0x00, 0x00, 0x00, 0x00,
    0x00, 0x00, 0x00, 0x00, 0x00, 0x00, 0x00, 0x00, 0x00, 0x00, 0x00, 0x00, 0x00, 0x00, 0x00, 0x00,
    0x00, 0x00, 0x00, 0x00, 0x00, 0x00, 0x00, 0x00, 0x00, 0x00, 0x00, 0x00, 0x00, 0x00, 0x00, 0x00,
    0x00, 0x00, 0x00, 0x00, 0x89, 0xac, 0x00, 0x00, 0x00, 0x00, 0x00, 0x00, 0x00, 0x00, 0x00, 0x00,
    0x00, 0x00, 0x00, 0x00, 0x00, 0x00, 0x00, 0x00, 0x00, 0x00, 0x00, 0x00, 0x00, 0x00, 0x00, 0x00,
    0x00, 0x00, 0x00, 0x00, 0x00, 0x00, 0x00, 0x00, 0x00, 0x00, 0x00, 0x00, 0x00, 0x00, 0x00, 0x00,
    0x00, 0x00, 0x00, 0x00, 0x00, 0x00, 0x00, 0x00, 0x00, 0x00, 0x00, 0x00, 0x00, 0x00, 0x00, 0x00,
    0x00, 0x00, 0x68, 0xa4, 0x00, 0x00, 0x00, 0x00, 0x00, 0x00, 0x00, 0x00, 0x00, 0x00, 0x00, 0x00,
    0x00, 0x00, 0x00, 0x00, 0x00, 0x00, 0x00, 0x00, 0x00, 0x00, 0x00, 0x00, 0x00, 0x00, 0x00, 0x00,
    0x00, 0x00, 0x00, 0x00, 0x00, 0x00, 0x00, 0x00, 0x00, 0x00, 0x00, 0x00, 0x00, 0x00, 0x00, 0x00,
    0x00, 0x00, 0x00, 0x00, 0x00, 0x00, 0x00, 0x00, 0x00, 0x00, 0x00, 0x00, 0x00, 0x00, 0x00, 0x00,
    0x68, 0xa4, 0x00, 0x00, 0x00, 0x00, 0x00, 0x00, 0x00, 0x00, 0x00, 0x00, 0x00, 0x00, 0x00, 0x00,
    0x00, 0x00, 0x00, 0x00, 0x00, 0x00, 0x00, 0x00, 0x00, 0x00, 0x00, 0x00, 0x00, 0x00, 0x00, 0x00,
    0x00, 0x00, 0x00, 0x00, 0x00, 0x00, 0x00, 0x00, 0x00, 0x00, 0x00, 0x00, 0x00, 0x00, 0x00, 0x00,
    0x00, 0x00, 0x00, 0x00, 0x00, 0x00, 0x00, 0x00, 0x00, 0x00, 0x00, 0x00, 0x00, 0x00, 0x00, 0x00,
    0x68, 0xa4, 0x00, 0x00, 0x00, 0x00, 0x00, 0x00, 0x00, 0x00, 0x00, 0x00, 0x00, 0x00, 0x00, 0x00,
    0x00, 0x00, 0x00, 0x00, 0x00, 0x00, 0x00, 0x00, 0x00, 0x00, 0x00, 0x00, 0x00, 0x00, 0x00, 0x00,
    0x00, 0x00, 0x00, 0x00, 0x00, 0x00, 0x00, 0x00, 0x00, 0x00, 0x00, 0x00, 0x00, 0x00, 0x00, 0x00,
    0x00, 0x00, 0x00, 0x00, 0x00, 0x00, 0x00, 0x00, 0x00, 0x00, 0x00, 0x00, 0x00, 0x00, 0x88, 0xa4,
    0x00, 0x00, 0x00, 0x00, 0x00, 0x00, 0x00, 0x00, 0x00, 0x00, 0x00, 0x00, 0x00, 0x00, 0x00, 0x00,
    0x00, 0x00, 0x00, 0x00, 0x00, 0x00, 0x00, 0x00, 0x00, 0x00, 0x00, 0x00, 0x00, 0x00, 0x00, 0x00,
    0x00, 0x00, 0x00, 0x00, 0x00, 0x00, 0x00, 0x00, 0x00, 0x00, 0x00, 0x00, 0x00, 0x00, 0x00, 0x00,
    0x00, 0x00, 0x00, 0x00, 0x00, 0x00, 0x00, 0x00, 0x00, 0x00, 0x00, 0x00, 0x00, 0x00, 0x88, 0xa4,
    0x00, 0x00, 0x00, 0x00, 0x00, 0x00, 0x00, 0x00, 0x00, 0x00, 0x00, 0x00, 0x00, 0x00, 0x00, 0x00,
    0x00, 0x00, 0x00, 0x00, 0x00, 0x00, 0x00, 0x00, 0x00, 0x00, 0x00, 0x00, 0x00, 0x00, 0x00, 0x00,
    0x00, 0x00, 0x00, 0x00, 0x00, 0x00, 0x00, 0x00, 0x00, 0x00, 0x00, 0x00, 0x00, 0x00, 0x00, 0x00,
    0x00, 0x00, 0x00, 0x00, 0x00, 0x00, 0x00, 0x00, 0x00, 0x00, 0x00, 0x00, 0x28, 0x9c, 0x00, 0x00,
    0x00, 0x00, 0x00, 0x00, 0x00, 0x00, 0x00, 0x00, 0x00, 0x00, 0x00, 0x00, 0x00, 0x00, 0x00, 0x00,
    0x00, 0x00, 0x00, 0x00, 0x00, 0x00, 0x00, 0x00, 0x00, 0x00, 0x00, 0x00, 0x00, 0x00, 0x00, 0x00,
    0x00, 0x00, 0x00, 0x00, 0x00, 0x00, 0x00, 0x00, 0x00, 0x00, 0x00, 0x00, 0x00, 0x00, 0x00, 0x00,
    0x00, 0x00, 0x00, 0x00, 0x00, 0x00, 0x00, 0x00, 0x00, 0x00, 0x07, 0x94, 0x00, 0x00, 0x00, 0x00,
    0x00, 0x00, 0x00, 0x00, 0x00, 0x00, 0x00, 0x00, 0x00, 0x00, 0x00, 0x00, 0x00, 0x00, 0x00, 0x00,
    0x00, 0x00, 0x00, 0x00, 0x00, 0x00, 0x00, 0x00, 0x00, 0x00, 0x00, 0x00, 0x00, 0x00, 0x00, 0x00,
    0x00, 0x00, 0x00, 0x00, 0x00, 0x00, 0x00, 0x00, 0x00, 0x00, 0x00, 0x00, 0x00, 0x00, 0x00, 0x00,
    0x00, 0x00, 0x00, 0x00, 0x00, 0x00, 0x00, 0x00, 0x00, 0x00, 0x07, 0x94, 0x00, 0x00, 0x00, 0x00,
    0x00, 0x00, 0x00, 0x00, 0x00, 0x00, 0x00, 0x00, 0x00, 0x00, 0x00, 0x00, 0x00, 0x00, 0x00, 0x00,
    0x00, 0x00, 0x00, 0x00, 0x00, 0x00, 0x00, 0x00, 0x00, 0x00, 0x00, 0x00, 0x00, 0x00, 0x00, 0x00,
    0x00, 0x00, 0x00, 0x00, 0x00, 0x00, 0x00, 0x00, 0x00, 0x00, 0x00, 0x00, 0x00, 0x00, 0x00, 0x00,
    0x00, 0x00, 0x00, 0x00, 0x00, 0x00, 0x00, 0x00, 0x07, 0x9c, 0x00, 0x00, 0x00, 0x00, 0x00, 0x00,
    0x00, 0x00, 0x00, 0x00, 0x00, 0x00, 0x00, 0x00, 0x00, 0x00, 0x00, 0x00, 0x00, 0x00, 0x28, 0x9c,
    0x00, 0x00, 0x00, 0x00, 0x00, 0x00, 0x00, 0x00, 0x00, 0x00, 0x00, 0x00, 0x00, 0x00, 0x00, 0x00,
    0x00, 0x00, 0x00, 0x00, 0x00, 0x00, 0x00, 0x00, 0x00, 0x00, 0x00, 0x00, 0x00, 0x00, 0x00, 0x00,
    0x00, 0x00, 0x00, 0x00, 0x00, 0x00, 0x28, 0x9c, 0x00, 0x00, 0x00, 0x00, 0x00, 0x00, 0x00, 0x00,
    0x00, 0x00, 0x00, 0x00, 0x00, 0x00, 0x00, 0x00, 0x00, 0x00, 0x00, 0x00, 0x28, 0x9c, 0x00, 0x00,
    0x00, 0x00, 0x00, 0x00, 0x00, 0x00, 0x00, 0x00, 0x00, 0x00, 0x00, 0x00, 0x00, 0x00, 0x00, 0x00,
    0x00, 0x00, 0x00, 0x00, 0x00, 0x00, 0x00, 0x00, 0x00, 0x00, 0x00, 0x00, 0x00, 0x00, 0x00, 0x00,
    0x00, 0x00, 0x00, 0x00, 0x00, 0x00, 0x00, 0x00, 0x00, 0x00, 0x00, 0x00, 0x00, 0x00, 0x00, 0x00,
    0x25, 0x8b, 0x00, 0x00, 0x00, 0x00, 0x00, 0x00, 0x00, 0x00, 0x07, 0x94, 0x00, 0x00, 0x00, 0x00,
    0x00, 0x00, 0x00, 0x00, 0x00, 0x00, 0x00, 0x00, 0x00, 0x00, 0x00, 0x00, 0x00, 0x00, 0x00, 0x00,
    0x00, 0x00, 0x00, 0x00, 0x00, 0x00, 0x00, 0x00, 0x00, 0x00, 0x00, 0x00, 0x00, 0x00, 0x00, 0x00,
    0x00, 0x00, 0x00, 0x00, 0x00, 0x00, 0x00, 0x00, 0x00, 0x00, 0x00, 0x00, 0x00, 0x00, 0x00, 0x00,
    0x25, 0x8b, 0x00, 0x00, 0x00, 0x00, 0x00, 0x00, 0x00, 0x00, 0x07, 0x94, 0x00, 0x00, 0x00, 0x00,
    0x00, 0x00, 0x00, 0x00, 0x00, 0x00, 0x00, 0x00, 0x00, 0x00, 0x00, 0x00, 0x00, 0x00, 0x00, 0x00,
    0x00, 0x00, 0x00, 0x00, 0x00, 0x00, 0x00, 0x00, 0x00, 0x00, 0x00, 0x00, 0x00, 0x00, 0x00, 0x00,
    0x00, 0x00, 0x00, 0x00, 0x00, 0x00, 0x00, 0x00, 0x00, 0x00, 0x00, 0x00, 0x00, 0x00, 0x45, 0x8b,
    0x00, 0x00, 0x00, 0x00, 0x00, 0x00, 0x00, 0x00, 0x07, 0x9c, 0x00, 0x00, 0x00, 0x00, 0x00, 0x00,
    0x00, 0x00, 0x00, 0x00, 0x00, 0x00, 0x00, 0x00, 0x00, 0x00, 0x00, 0x00, 0x00, 0x00, 0x00, 0x00,
    0x00, 0x00, 0x00, 0x00, 0x00, 0x00, 0x00, 0x00, 0x00, 0x00, 0x00, 0x00, 0x00, 0x00, 0x00, 0x00,
    0x00, 0x00, 0x00, 0x00, 0x00, 0x00, 0x00, 0x00, 0x00, 0x00, 0x00, 0x00, 0x00, 0x00, 0x00, 0x00,
    0x00, 0x00, 0x07, 0x9c, 0x00, 0x00, 0x00, 0x00, 0x00, 0x00, 0x00, 0x00, 0x00, 0x00, 0x00, 0x00,
    0x00, 0x00, 0x00, 0x00, 0x00, 0x00, 0x00, 0x00, 0x00, 0x00, 0x00, 0x00, 0x00, 0x00, 0x00, 0x00,
    0x00, 0x00, 0x00, 0x00, 0x00, 0x00, 0x00, 0x00, 0x00, 0x00, 0x00, 0x00, 0x00, 0x00, 0x00, 0x00,
    0x00, 0x00, 0x00, 0x00, 0x00, 0x00, 0x00, 0x00, 0x00, 0x00, 0x00, 0x00, 0x00, 0x00, 0x00, 0x00,
    0x28, 0x9c, 0x00, 0x00, 0x00, 0x00, 0x00, 0x00, 0x00, 0x00, 0x00, 0x00, 0x00, 0x00, 0x00, 0x00,
    0x00, 0x00, 0x00, 0x00, 0x00, 0x00, 0x00, 0x00, 0x00, 0x00, 0x00, 0x00, 0x00, 0x00, 0x00, 0x00,
    0x00, 0x00, 0x00, 0x00, 0x00, 0x00, 0x00, 0x00, 0x00, 0x00, 0x00, 0x00, 0x00, 0x00, 0x00, 0x00,
    0x00, 0x00, 0x00, 0x00, 0x00, 0x00, 0x00, 0x00, 0x00, 0x00, 0x00, 0x00, 0x00, 0x00, 0x00, 0x00,
    0x28, 0x9c, 0x00, 0x00, 0x00, 0x00, 0x00, 0x00, 0x00, 0x00, 0x00, 0x00, 0x00, 0x00, 0x00, 0x00,
    0x00, 0x00, 0x00, 0x00, 0x00, 0x00, 0x00, 0x00, 0x00, 0x00, 0x00, 0x00, 0x00, 0x00, 0x00, 0x00,
    0x00, 0x00, 0x00, 0x00, 0x00, 0x00, 0x00, 0x00, 0x00, 0x00, 0x00, 0x00, 0x00, 0x00, 0x00, 0x00,
    0x00, 0x00, 0x00, 0x00, 0x00, 0x00, 0x00, 0x00, 0x00, 0x00, 0x00, 0x00, 0x00, 0x00, 0x28, 0x9c,
    0x00, 0x00, 0x00, 0x00, 0x00, 0x00, 0x00, 0x00, 0x00, 0x00, 0x00, 0x00, 0x00, 0x00, 0x00, 0x00,
    0x00, 0x00, 0x00, 0x00, 0x00, 0x00, 0x00, 0x00, 0x00, 0x00, 0x00, 0x00, 0x00, 0x00, 0x00, 0x00,
    0x00, 0x00, 0x00, 0x00, 0x00, 0x00, 0x00, 0x00, 0x00, 0x00, 0x00, 0x00, 0x00, 0x00, 0x00, 0x00,
    0x00, 0x00, 0x00, 0x00, 0x00, 0x00, 0x00, 0x00, 0x00, 0x00, 0x00, 0x00, 0x07, 0x94, 0x00, 0x00,
    0x00, 0x00, 0x00, 0x00, 0x00, 0x00, 0x00, 0x00, 0x00, 0x00, 0x00, 0x00, 0x00, 0x00, 0x00, 0x00,
    0x00, 0x00, 0x00, 0x00, 0x00, 0x00, 0x00, 0x00, 0x00, 0x00, 0x00, 0x00, 0x00, 0x00, 0x00, 0x00,
    0x00, 0x00, 0x00, 0x00, 0x00, 0x00, 0x00, 0x00, 0x00, 0x00, 0x00, 0x00, 0x00, 0x00, 0x00, 0x00,
    0x00, 0x00, 0x00, 0x00, 0x00, 0x00, 0x00, 0x00, 0x00, 0x00, 0x00, 0x00, 0x00, 0x00, 0x00, 0x00,
    0x00, 0x00, 0x00, 0x00, 0x00, 0x00, 0x00, 0x00, 0x00, 0x00, 0x00, 0x00, 0x00, 0x00, 0x00, 0x00,
    0x00, 0x00, 0x00, 0x00, 0x00, 0x00, 0x00, 0x00, 0x00, 0x00, 0x00, 0x00, 0x00, 0x00, 0x00, 0x00,
    0x00, 0x00, 0x00, 0x00, 0x00, 0x00, 0x00, 0x00, 0x00, 0x00, 0x00, 0x00, 0x00, 0x00, 0x00, 0x00,
    0x00, 0x00, 0x00, 0x00, 0x00, 0x00, 0x00, 0x00, 0x00, 0x00, 0x00, 0x00, 0x00, 0x00, 0x00, 0x00,
    0x00, 0x00, 0x00, 0x00, 0x00, 0x00, 0x00, 0x00, 0x00, 0x00, 0x00, 0x00, 0x00, 0x00, 0x00, 0x00,
    0x00, 0x00, 0x00, 0x00, 0x00, 0x00, 0x00, 0x00, 0x00, 0x00, 0x00, 0x00, 0x00, 0x00, 0x00, 0x00,
    0x00, 0x00, 0x00, 0x00, 0x00, 0x00, 0x00, 0x00, 0x00, 0x00, 0x00, 0x00, 0x00, 0x00, 0x00, 0x00,
    0x00, 0x00, 0x00, 0x00, 0x00, 0x00, 0x00, 0x00, 0x00, 0x00, 0x00, 0x00, 0x00, 0x00, 0x00, 0x00,
    0x00, 0x00, 0x00, 0x00, 0x00, 0x00, 0x00, 0x00, 0x00, 0x00, 0x00, 0x00, 0x00, 0x00, 0x00, 0x00,
    0x00, 0x00, 0x00, 0x00, 0x00, 0x00, 0x00, 0x00, 0x00, 0x00, 0x00, 0x00, 0x00, 0x00, 0x00, 0x00,
    0x00, 0x00, 0x00, 0x00, 0x00, 0x00, 0x00, 0x00, 0x00, 0x00, 0x00, 0x00, 0x00, 0x00, 0x00, 0x00,
    0x00, 0x00, 0x00, 0x00, 0x00, 0x00, 0x00, 0x00, 0x00, 0x00, 0x00, 0x00, 0x00, 0x00, 0x00, 0x00,
    0x00, 0x00, 0x00, 0x00, 0x00, 0x00, 0x00, 0x00, 0x00, 0x00, 0x00, 0x00, 0x00, 0x00, 0x00, 0x00,
    0x00, 0x00, 0x00, 0x00, 0x00, 0x00, 0x00, 0x00, 0x00, 0x00, 0x00, 0x00, 0x00, 0x00, 0x00, 0x00,
    0x00, 0x00, 0x00, 0x00, 0x00, 0x00, 0x00, 0x00, 0x00, 0x00, 0x00, 0x00, 0x00, 0x00, 0x00, 0x00,
    0x00, 0x00, 0x00, 0x00, 0x00, 0x00, 0x00, 0x00, 0x00, 0x00, 0x00, 0x00, 0x00, 0x00, 0x00, 0x00,
    0x00, 0x00, 0x00, 0x00, 0x00, 0x00, 0x00, 0x00, 0x00, 0x00, 0x00, 0x00, 0x00, 0x00, 0x00, 0x00,
    0x00, 0x00, 0x00, 0x00, 0x00, 0x00, 0x00, 0x00, 0x00, 0x00, 0x00, 0x00, 0x00, 0x00, 0x00, 0x00,
    0x00, 0x00, 0x00, 0x00, 0x00, 0x00, 0x00, 0x00, 0x00, 0x00, 0x00, 0x00, 0x00, 0x00, 0x00, 0x00,
    0x00, 0x00, 0x00, 0x00, 0x00, 0x00, 0x00, 0x00, 0x00, 0x00, 0x00, 0x00, 0x00, 0x00, 0x00, 0x00,
    0x00, 0x00, 0x00, 0x00, 0x00, 0x00, 0x00, 0x00, 0x00, 0x00, 0x00, 0x00, 0x00, 0x00, 0x00, 0x00,
    0x00, 0x00, 0x00, 0x00, 0x00, 0x00, 0x00, 0x00, 0x00, 0x00, 0x00, 0x00, 0x00, 0x00, 0x00, 0x00,
    0x00, 0x00, 0x00, 0x00, 0x00, 0x00, 0x00, 0x00, 0x00, 0x00, 0x00, 0x00, 0x00, 0x00, 0x00, 0x00,
    0x00, 0x00, 0x00, 0x00, 0x00, 0x00, 0x00, 0x00, 0x00, 0x00, 0x00, 0x00, 0x00, 0x00, 0x00, 0x00,
    0x00, 0x00, 0x00, 0x00, 0x00, 0x00, 0x00, 0x00, 0x00, 0x00, 0x00, 0x00, 0x00, 0x00, 0x00, 0x00,
    0x00, 0x00, 0x00, 0x00, 0x00, 0x00, 0x00, 0x00, 0x00, 0x00, 0x00, 0x00, 0x00, 0x00, 0x00, 0x00,
    0x00, 0x00, 0x00, 0x00, 0x00, 0x00, 0x00, 0x00, 0x00, 0x00, 0x00, 0x00, 0x00, 0x00, 0x00, 0x00,
    0x00, 0x00, 0x00, 0x00, 0x00, 0x00, 0x00, 0x00, 0x00, 0x00, 0x00, 0x00, 0x00, 0x00, 0x00, 0x00,
    0x00, 0x00, 0x00, 0x00, 0x00, 0x00, 0x00, 0x00, 0x00, 0x00, 0x00, 0x00, 0x00, 0x00, 0x00, 0x00,
    0x00, 0x00, 0x00, 0x00, 0x00, 0x00, 0x00, 0x00, 0x00, 0x00, 0x00, 0x00, 0x00, 0x00, 0x00, 0x00,
    0x00, 0x00, 0x00, 0x00, 0x00, 0x00, 0x00, 0x00, 0x00, 0x00, 0x00, 0x00, 0x00, 0x00, 0x00, 0x00,
    0x00, 0x00, 0x00, 0x00, 0x00, 0x00, 0x00, 0x00, 0x00, 0x00, 0x00, 0x00, 0x00, 0x00, 0x00, 0x00,
    0x00, 0x00, 0x00, 0x00, 0x00, 0x00, 0x00, 0x00, 0x28, 0x9c, 0x00, 0x00, 0x00, 0x00, 0x00, 0x00,
    0x00, 0x00, 0x00, 0x00, 0x00, 0x00, 0x00, 0x00, 0x00, 0x00, 0x00, 0x00, 0x00, 0x00, 0x00, 0x00,
    0x00, 0x00, 0x00, 0x00, 0x00, 0x00, 0x00, 0x00, 0x00, 0x00, 0x00, 0x00, 0x00, 0x00, 0x00, 0x00,
    0x00, 0x00, 0x00, 0x00, 0x00, 0x00, 0x00, 0x00, 0x00, 0x00, 0x00, 0x00, 0x00, 0x00, 0x00, 0x00,
    0x00, 0x00, 0x00, 0x00, 0x00, 0x00, 0x28, 0x9c, 0x00, 0x00, 0x00, 0x00, 0x00, 0x00, 0x00, 0x00,
    0x00, 0x00, 0x00, 0x00, 0x00, 0x00, 0x00, 0x00, 0x00, 0x00, 0x00, 0x00, 0x00, 0x00, 0x00, 0x00,
    0x00, 0x00, 0x00, 0x00, 0x00, 0x00, 0x00, 0x00, 0x00, 0x00, 0x00, 0x00, 0x00, 0x00, 0x00, 0x00,
    0x00, 0x00, 0x00, 0x00, 0x00, 0x00, 0x00, 0x00, 0x00, 0x00, 0x00, 0x00, 0x00, 0x00, 0x00, 0x00,
    0x00, 0x00, 0x00, 0x00, 0x07, 0x94, 0x00, 0x00, 0x00, 0x00, 0x00, 0x00, 0x00, 0x00, 0x00, 0x00,
    0x00, 0x00, 0x00, 0x00, 0x00, 0x00, 0x00, 0x00, 0x00, 0x00, 0x00, 0x00, 0x00, 0x00, 0x00, 0x00,
    0x00, 0x00, 0x00, 0x00, 0x00, 0x00, 0x00, 0x00, 0x00, 0x00, 0x00, 0x00, 0x00, 0x00, 0x00, 0x00,
    0x00, 0x00, 0x00, 0x00, 0x00, 0x00, 0x00, 0x00, 0x00, 0x00, 0x00, 0x00, 0x00, 0x00, 0x00, 0x00,
    0x00, 0x00, 0x00, 0x00, 0x07, 0x94, 0x00, 0x00, 0x00, 0x00, 0x00, 0x00, 0x00, 0x00, 0x00, 0x00,
    0x00, 0x00, 0x00, 0x00, 0x00, 0x00, 0x00, 0x00, 0x00, 0x00, 0x00, 0x00, 0x00, 0x00, 0x00, 0x00,
    0x00, 0x00, 0x00, 0x00, 0x00, 0x00, 0x00, 0x00, 0x00, 0x00, 0x00, 0x00, 0x00, 0x00, 0x00, 0x00,
    0x00, 0x00, 0x00, 0x00, 0x00, 0x00, 0x00, 0x00, 0x00, 0x00, 0x00, 0x00, 0x00, 0x00, 0x00, 0x00,
    0x00, 0x00, 0x07, 0x9c, 0x00, 0x00, 0x00, 0x00, 0x00, 0x00, 0x00, 0x00, 0x00, 0x00, 0x00, 0x00,
    0x00, 0x00, 0x00, 0x00, 0x00, 0x00, 0x00, 0x00, 0x00, 0x00, 0x00, 0x00, 0x00, 0x00, 0x00, 0x00,
    0x00, 0x00, 0x00, 0x00, 0x00, 0x00, 0x00, 0x00, 0x00, 0x00, 0x00, 0x00, 0x00, 0x00, 0x00, 0x00,
    0x00, 0x00, 0x00, 0x00, 0x00, 0x00, 0x00, 0x00, 0x00, 0x00, 0x00, 0x00, 0x00, 0x00, 0x00, 0x00,
    0x28, 0x9c, 0x00, 0x00, 0x00, 0x00, 0x00, 0x00, 0x00, 0x00, 0x00, 0x00, 0x00, 0x00, 0x00, 0x00,
    0x00, 0x00, 0x00, 0x00, 0x00, 0x00, 0x00, 0x00, 0x00, 0x00, 0x00, 0x00, 0x00, 0x00, 0x00, 0x00,
    0x00, 0x00, 0x00, 0x00, 0x00, 0x00, 0x00, 0x00, 0x00, 0x00, 0x00, 0x00, 0x00, 0x00, 0x00, 0x00,
    0x00, 0x00, 0x00, 0x00, 0x00, 0x00, 0x00, 0x00, 0x00, 0x00, 0x00, 0x00, 0x00, 0x00, 0x00, 0x00,
    0x28, 0x9c, 0x00, 0x00, 0x00, 0x00, 0x00, 0x00, 0x00, 0x00, 0x00, 0x00, 0x00, 0x00, 0x00, 0x00,
    0x00, 0x00, 0x00, 0x00, 0x00, 0x00, 0x00, 0x00, 0x00, 0x00, 0x00, 0x00, 0x00, 0x00, 0x00, 0x00,
    0x00, 0x00, 0x00, 0x00, 0x00, 0x00, 0x00, 0x00, 0x00, 0x00, 0x00, 0x00, 0x00, 0x00, 0x00, 0x00,
    0x00, 0x00, 0x00, 0x00, 0x00, 0x00, 0x00, 0x00, 0x00, 0x00, 0x00, 0x00, 0x00, 0x00, 0x28, 0x9c,
    0x00, 0x00, 0x00, 0x00, 0x00, 0x00, 0x00, 0x00, 0x00, 0x00, 0x00, 0x00, 0x00, 0x00, 0x00, 0x00,
    0x00, 0x00, 0x00, 0x00, 0x00, 0x00, 0x00, 0x00, 0x00, 0x00, 0x00, 0x00, 0x00, 0x00, 0x00, 0x00,
    0x00, 0x00, 0x00, 0x00, 0x00, 0x00, 0x00, 0x00, 0x00, 0x00, 0x00, 0x00, 0x00, 0x00, 0x00, 0x00,
    0x00, 0x00, 0x00, 0x00, 0x00, 0x00, 0x00, 0x00, 0x00, 0x00, 0x00, 0x00, 0x07, 0x94, 0x00, 0x00,
    0x00, 0x00, 0x00, 0x00, 0x00, 0x00, 0x00, 0x00, 0x00, 0x00, 0x00, 0x00, 0x00, 0x00, 0x00, 0x00,
    0x00, 0x00, 0x00, 0x00, 0x00, 0x00, 0x00, 0x00, 0x00, 0x00, 0x00, 0x00, 0x00, 0x00, 0x00, 0x00,
    0x00, 0x00, 0x00, 0x00, 0x00, 0x00, 0x00, 0x00, 0x00, 0x00, 0x00, 0x00, 0x00, 0x00, 0x00, 0x00,
    0x00, 0x00, 0x00, 0x00, 0x00, 0x00, 0x00, 0x00, 0x00, 0x00, 0x00, 0x00, 0x00, 0x00, 0x00, 0x00,
    0x00, 0x00, 0x00, 0x00, 0x00, 0x00, 0x00, 0x00, 0x00, 0x00, 0x00, 0x00, 0x00, 0x00, 0x00, 0x00,
    0x00, 0x00, 0x00, 0x00, 0x00, 0x00, 0x00, 0x00, 0x00, 0x00, 0x00, 0x00, 0x00, 0x00, 0x00, 0x00,
    0x00, 0x00, 0x00, 0x00, 0x00, 0x00, 0x00, 0x00, 0x00, 0x00, 0x00, 0x00, 0x00, 0x00, 0x00, 0x00,
    0x00, 0x00, 0x00, 0x00, 0x00, 0x00, 0x00, 0x00, 0x00, 0x00, 0x00, 0x00, 0x00, 0x00, 0x00, 0x00,
    0x00, 0x00, 0x00, 0x00, 0x00, 0x00, 0x00, 0x00, 0x00, 0x00, 0x00, 0x00, 0x00, 0x00, 0x00, 0x00,
    0x00, 0x00, 0x00, 0x00, 0x00, 0x00, 0x00, 0x00, 0x00, 0x00, 0x00, 0x00, 0x00, 0x00, 0x00, 0x00,
    0x00, 0x00, 0x00, 0x00, 0x00, 0x00, 0x00, 0x00, 0x00, 0x00, 0x00, 0x00, 0x00, 0x00, 0x00, 0x00,
    0x00, 0x00, 0x00, 0x00, 0x00, 0x00, 0x00, 0x00, 0x00, 0x00, 0x00, 0x00, 0x00, 0x00, 0x00, 0x00,
    0x00, 0x00, 0x00, 0x00, 0x00, 0x00, 0x00, 0x00, 0x00, 0x00, 0x00, 0x00, 0x00, 0x00, 0x00, 0x00,
    0x00, 0x00, 0x00, 0x00, 0x00, 0x00, 0x00, 0x00, 0x00, 0x00, 0x00, 0x00, 0x00, 0x00, 0x00, 0x00,
    0x00, 0x00, 0x00, 0x00, 0x00, 0x00, 0x00, 0x00, 0x00, 0x00, 0x00, 0x00, 0x00, 0x00, 0x00, 0x00,
    0x00, 0x00, 0x00, 0x00, 0x00, 0x00, 0x00, 0x00, 0x00, 0x00, 0x00, 0x00, 0x00, 0x00, 0x00, 0x00,
    0x00, 0x00, 0x00, 0x00, 0x00, 0x00, 0x00, 0x00, 0x00, 0x00, 0x00, 0x00, 0x00, 0x00, 0x00, 0x00,
    0x00, 0x00, 0x00, 0x00, 0x00, 0x00, 0x00, 0x00, 0x00, 0x00, 0x00, 0x00, 0x00, 0x00, 0x00, 0x00,
    0x00, 0x00, 0x00, 0x00, 0x00, 0x00, 0x00, 0x00, 0x00, 0x00, 0x00, 0x00, 0x00, 0x00, 0x00, 0x00,
    0x00, 0x00, 0x00, 0x00, 0x00, 0x00, 0x00, 0x00, 0x00, 0x00, 0x00, 0x00, 0x00, 0x00, 0x00, 0x00,
    0x00, 0x00, 0x00, 0x00, 0x00, 0x00, 0x00, 0x00, 0x00, 0x00, 0x00, 0x00, 0x00, 0x00, 0x00, 0x00,
    0x00, 0x00, 0x00, 0x00, 0x00, 0x00, 0x00, 0x00, 0x00, 0x00, 0x00, 0x00, 0x00, 0x00, 0x00, 0x00,
    0x00, 0x00, 0x00, 0x00, 0x00, 0x00, 0x00, 0x00, 0x00, 0x00, 0x00, 0x00, 0x00, 0x00, 0x00, 0x00,
    0x00, 0x00, 0x00, 0x00, 0x00, 0x00, 0x00, 0x00, 0x00, 0x00, 0x00, 0x00, 0x00, 0x00, 0x00, 0x00,
    0x00, 0x00, 0x00, 0x00, 0x00, 0x00, 0x00, 0x00, 0x00, 0x00, 0x00, 0x00, 0x00, 0x00, 0x00, 0x00,
    0x00, 0x00, 0x00, 0x00, 0x00, 0x00, 0x00, 0x00, 0x00, 0x00, 0x00, 0x00, 0x00, 0x00, 0x00, 0x00,
    0x00, 0x00, 0x00, 0x00, 0x00, 0x00, 0x00, 0x00, 0x00, 0x00, 0x00, 0x00, 0x00, 0x00, 0x00, 0x00,
    0x00, 0x00, 0x00, 0x00, 0x00, 0x00, 0x00, 0x00, 0x00, 0x00, 0x00, 0x00, 0x00, 0x00, 0x00, 0x00,
    0x00, 0x00, 0x00, 0x00, 0x00, 0x00, 0x00, 0x00, 0x00, 0x00, 0x00, 0x00, 0x00, 0x00, 0x00, 0x00,
    0x00, 0x00, 0x00, 0x00, 0x00, 0x00, 0x00, 0x00, 0x00, 0x00, 0x00, 0x00, 0x00, 0x00, 0x00, 0x00,
    0x00, 0x00, 0x00, 0x00, 0x00, 0x00, 0x00, 0x00, 0x00, 0x00, 0x00, 0x00, 0x00, 0x00, 0x00, 0x00,
    0x00, 0x00, 0x00, 0x00, 0x00, 0x00, 0x00, 0x00, 0x00, 0x00, 0x00, 0x00, 0x00, 0x00, 0x00, 0x00,
    0x00, 0x00, 0x00, 0x00, 0x00, 0x00, 0x00, 0x00, 0x00, 0x00, 0x00, 0x00, 0x00, 0x00, 0x00, 0x00,
    0x00, 0x00, 0x00, 0x00, 0x00, 0x00, 0x00, 0x00, 0x00, 0x00, 0x00, 0x00, 0x00, 0x00, 0x00, 0x00,
    0x00, 0x00, 0x00, 0x00, 0x00, 0x00, 0x00, 0x00, 0x00, 0x00, 0x00, 0x00, 0x00, 0x00, 0x00, 0x00,
    0x00, 0x00, 0x00, 0x00, 0x00, 0x00, 0x00, 0x00, 0x00, 0x00, 0x00, 0x00, 0x00, 0x00, 0x00, 0x00,
    0x00, 0x00, 0x00, 0x00, 0x00, 0x00, 0x00, 0x00, 0x00, 0x00, 0x00, 0x00, 0x00, 0x00, 0x00, 0x00,
    0x00, 0x00, 0x00, 0x00, 0x00, 0x00, 0x00, 0x00, 0x00, 0x00, 0x00, 0x00, 0x00, 0x00, 0x00, 0x00,
    0x00, 0x00, 0x00, 0x00, 0x00, 0x00, 0x00, 0x00, 0x00, 0x00, 0x00, 0x00, 0x00, 0x00, 0x00, 0x00,
    0x00, 0x00, 0x00, 0x00, 0x00, 0x00, 0x00, 0x00, 0x00, 0x00, 0x00, 0x00, 0x00, 0x00, 0x00, 0x00,
    0x00, 0x00, 0x00, 0x00, 0x00, 0x00, 0x00, 0x00, 0x00, 0x00, 0x00, 0x00, 0x00, 0x00, 0x00, 0x00,
    0x00, 0x00, 0x00, 0x00, 0x00, 0x00, 0x00, 0x00, 0x00, 0x00, 0x00, 0x00, 0x00, 0x00, 0x00, 0x00,
    0x00, 0x00, 0x00, 0x00, 0x00, 0x00, 0x00, 0x00, 0x00, 0x00, 0x00, 0x00, 0x00, 0x00, 0x00, 0x00,
    0x00, 0x00, 0x00, 0x00, 0x00, 0x00, 0x00, 0x00, 0x00, 0x00, 0x00, 0x00, 0x00, 0x00, 0x00, 0x00,
    0x00, 0x00, 0x00, 0x00, 0x00, 0x00, 0x00, 0x00, 0x00, 0x00, 0x00, 0x00, 0x00, 0x00, 0x00, 0x00,
    0x00, 0x00, 0x00, 0x00, 0x00, 0x00, 0x00, 0x00, 0x00, 0x00, 0x00, 0x00, 0x00, 0x00, 0x00, 0x00,
    0x00, 0x00, 0x00, 0x00, 0x00, 0x00, 0x00, 0x00, 0x00, 0x00, 0x00, 0x00, 0x00, 0x00, 0x00, 0x00,
    0x00, 0x00, 0x00, 0x00, 0x00, 0x00, 0x00, 0x00, 0x00, 0x00, 0x00, 0x00, 0x00, 0x00, 0x00, 0x00,
    0x00, 0x00, 0x00, 0x00, 0x00, 0x00, 0x00, 0x00, 0x00, 0x00, 0x00, 0x00, 0x00, 0x00, 0x00, 0x00,
    0x00, 0x00, 0x00, 0x00, 0x00, 0x00, 0x00, 0x00, 0x00, 0x00, 0x00, 0x00, 0x00, 0x00, 0x00, 0x00,
    0x00, 0x00, 0x00, 0x00, 0x00, 0x00, 0x00, 0x00, 0x00, 0x00, 0x00, 0x00, 0x00, 0x00, 0x00, 0x00,
    0x00, 0x00, 0x00, 0x00, 0x00, 0x00, 0x00, 0x00, 0x00, 0x00, 0x00, 0x00, 0x00, 0x00, 0x00, 0x00,
    0x00, 0x00, 0x00, 0x00, 0x00, 0x00, 0x00, 0x00, 0x00, 0x00, 0x00, 0x00, 0x00, 0x00, 0x00, 0x00,
    0x00, 0x00, 0x00, 0x00, 0x00, 0x00, 0x00, 0x00, 0x00, 0x00, 0x00, 0x00, 0x00, 0x00, 0x00, 0x00,
    0x00, 0x00, 0x00, 0x00, 0x00, 0x00, 0x00, 0x00, 0x00, 0x00, 0x00, 0x00, 0x00, 0x00, 0x00, 0x00,
    0x00, 0x00, 0x00, 0x00, 0x00, 0x00, 0x00, 0x00, 0x00, 0x00, 0x00, 0x00, 0x00, 0x00, 0x00, 0x00,
    0x00, 0x00, 0x00, 0x00, 0x00, 0x00, 0x00, 0x00, 0x00, 0x00, 0x00, 0x00, 0x00, 0x00, 0x00, 0x00,
    0x00, 0x00, 0x00, 0x00, 0x00, 0x00, 0x00, 0x00, 0x00, 0x00, 0x00, 0x00, 0x00, 0x00, 0x00, 0x00,
    0x00, 0x00, 0x00, 0x00, 0x00, 0x00, 0x00, 0x00, 0x00, 0x00, 0x00, 0x00, 0x00, 0x00, 0x00, 0x00,
    0x00, 0x00, 0x00, 0x00, 0x00, 0x00, 0x00, 0x00, 0x00, 0x00, 0x00, 0x00, 0x00, 0x00, 0x00, 0x00,
    0x00, 0x00, 0x00, 0x00, 0x00, 0x00, 0x00, 0x00, 0x00, 0x00, 0x00, 0x00, 0x00, 0x00, 0x00, 0x00,
    0x00, 0x00, 0x00, 0x00, 0x00, 0x00, 0x00, 0x00, 0x00, 0x00, 0x00, 0x00, 0x00, 0x00, 0x00, 0x00,
    0x00, 0x00, 0x00, 0x00, 0x00, 0x00, 0x00, 0x00, 0x00, 0x00, 0x00, 0x00, 0x00, 0x00, 0x00, 0x00,
    0x00, 0x00, 0x00, 0x00, 0x00, 0x00, 0x00, 0x00, 0x00, 0x00, 0x00, 0x00, 0x00, 0x00, 0x00, 0x00,
    0x00, 0x00, 0x00, 0x00, 0x00, 0x00, 0x00, 0x00, 0x00, 0x00, 0x00, 0x00, 0x00, 0x00, 0x00, 0x00,
    0x00, 0x00, 0x00, 0x00, 0x00, 0x00, 0x00, 0x00, 0x00, 0x00, 0x00, 0x00, 0x00, 0x00, 0x00, 0x00,
    0x00, 0x00, 0x00, 0x00, 0x00, 0x00, 0x00, 0x00, 0x00, 0x00, 0x00, 0x00, 0x00, 0x00, 0x00, 0x00,
    0x00, 0x00, 0x00, 0x00, 0x00, 0x00, 0x00, 0x00, 0x00, 0x00, 0x00, 0x00, 0x00, 0x00, 0x00, 0x00,
    0x00, 0x00, 0x00, 0x00, 0x00, 0x00, 0x00, 0x00, 0x00, 0x00, 0x00, 0x00, 0x00, 0x00, 0x00, 0x00,
    0x00, 0x00, 0x00, 0x00, 0x00, 0x00, 0x00, 0x00, 0x00, 0x00, 0x00, 0x00, 0x00, 0x00, 0x00, 0x00,
    0x00, 0x00, 0x00, 0x00, 0x00, 0x00, 0x00, 0x00, 0x00, 0x00, 0x00, 0x00, 0x00, 0x00, 0x00, 0x00,
    0x00, 0x00, 0x00, 0x00, 0x00, 0x00, 0x00, 0x00, 0x00, 0x00, 0x00, 0x00, 0x00, 0x00, 0x00, 0x00,
    0x00, 0x00, 0x00, 0x00, 0x00, 0x00, 0x00, 0x00, 0x00, 0x00, 0x00, 0x00, 0x00, 0x00, 0x00, 0x00,
    0x00, 0x00, 0x00, 0x00, 0x00, 0x00, 0x00, 0x00, 0x00, 0x00, 0x00, 0x00, 0x00, 0x00, 0x00, 0x00,
    0x00, 0x00, 0x00, 0x00, 0x00, 0x00, 0x00, 0x00, 0x00, 0x00, 0x00, 0x00, 0x00, 0x00, 0x00, 0x00,
    0x00, 0x00, 0x00, 0x00, 0x00, 0x00, 0x00, 0x00, 0x00, 0x00, 0x00, 0x00, 0x00, 0x00, 0x00, 0x00,
    0x00, 0x00, 0x00, 0x00, 0x00, 0x00, 0x00, 0x00, 0x00, 0x00, 0x00, 0x00, 0x00, 0x00, 0x00, 0x00,
    0x00, 0x00, 0x00, 0x00, 0x00, 0x00, 0x00, 0x00, 0x00, 0x00, 0x00, 0x00, 0x00, 0x00, 0x00, 0x00,
    0x00, 0x00, 0x00, 0x00, 0x00, 0x00, 0x00, 0x00, 0x00, 0x00, 0x00, 0x00, 0x00, 0x00, 0x00, 0x00,
    0x00, 0x00, 0x00, 0x00, 0x00, 0x00, 0x00, 0x00, 0x00, 0x00, 0x00, 0x00, 0x00, 0x00, 0x00, 0x00,
    0x00, 0x00, 0x00, 0x00, 0x00, 0x00, 0x00, 0x00, 0x00, 0x00, 0x00, 0x00, 0x00, 0x00, 0x00, 0x00,
    0x00, 0x00, 0x00, 0x00, 0x00, 0x00, 0x00, 0x00, 0x00, 0x00, 0x00, 0x00, 0x00, 0x00, 0x00, 0x00,
    0x00, 0x00, 0x00, 0x00, 0x00, 0x00, 0x00, 0x00, 0x00, 0x00, 0x00, 0x00, 0x00, 0x00, 0x00, 0x00,
    0x00, 0x00, 0x00, 0x00, 0x00, 0x00, 0x00, 0x00, 0x00, 0x00, 0x00, 0x00, 0x00, 0x00, 0x00, 0x00,
    0x00, 0x00, 0x00, 0x00, 0x00, 0x00, 0x00, 0x00, 0x00, 0x00, 0x00, 0x00, 0x00, 0x00, 0x00, 0x00,
    0x00, 0x00, 0x00, 0x00, 0x00, 0x00, 0x00, 0x00, 0x00, 0x00, 0x00, 0x00, 0x00, 0x00, 0x00, 0x00,
    0x00, 0x00, 0x00, 0x00, 0x00, 0x00, 0x00, 0x00, 0x00, 0x00, 0x00, 0x00, 0x00, 0x00, 0x00, 0x00,
    0x00, 0x00, 0x00, 0x00, 0x00, 0x00, 0x00, 0x00, 0x00, 0x00, 0x00, 0x00, 0x00, 0x00, 0x00, 0x00,
    0x00, 0x00, 0x00, 0x00, 0x00, 0x00, 0x00, 0x00, 0x00, 0x00, 0x00, 0x00, 0x00, 0x00, 0x00, 0x00,
    0x00, 0x00, 0x00, 0x00, 0x00, 0x00, 0x00, 0x00, 0x00, 0x00, 0x00, 0x00, 0x00, 0x00, 0x00, 0x00,
    0x00, 0x00, 0x00, 0x00, 0x00, 0x00, 0x00, 0x00, 0x00, 0x00, 0x00, 0x00, 0x00, 0x00, 0x00, 0x00,
    0x00, 0x00, 0x00, 0x00, 0x00, 0x00, 0x00, 0x00, 0x00, 0x00, 0x00, 0x00, 0x00, 0x00, 0x00, 0x00,
    0x00, 0x00, 0x00, 0x00, 0x00, 0x00, 0x00, 0x00, 0x00, 0x00, 0x00, 0x00, 0x00, 0x00, 0x00, 0x00,
    0x00, 0x00, 0x00, 0x00, 0x00, 0x00, 0x00, 0x00, 0x00, 0x00, 0x00, 0x00, 0x00, 0x00, 0x00, 0x00,
    0x00, 0x00, 0x00, 0x00, 0x00, 0x00, 0x00, 0x00, 0x00, 0x00, 0x00, 0x00, 0x00, 0x00, 0x00, 0x00,
    0x00, 0x00, 0x00, 0x00, 0x00, 0x00, 0x00, 0x00, 0x00, 0x00, 0x00, 0x00, 0x00, 0x00, 0x00, 0x00,
    0x00, 0x00, 0x00, 0x00, 0x00, 0x00, 0x00, 0x00, 0x00, 0x00, 0x00, 0x00, 0x00, 0x00, 0x00, 0x00,
    0x00, 0x00, 0x00, 0x00, 0x00, 0x00, 0x00, 0x00, 0x00, 0x00, 0x00, 0x00, 0x00, 0x00, 0x00, 0x00,
    0x00, 0x00, 0x00, 0x00, 0x00, 0x00, 0x00, 0x00, 0x00, 0x00, 0x00, 0x00, 0x00, 0x00, 0x00, 0x00,
    0x00, 0x00, 0x00, 0x00, 0x00, 0x00, 0x00, 0x00, 0x00, 0x00, 0x00, 0x00, 0x00, 0x00, 0x00, 0x00,
    0x00, 0x00, 0x00, 0x00, 0x00, 0x00, 0x00, 0x00, 0x00, 0x00, 0x00, 0x00, 0x00, 0x00, 0x00, 0x00,
    0x00, 0x00, 0x00, 0x00, 0x00, 0x00, 0x00, 0x00, 0x00, 0x00, 0x00, 0x00, 0x00, 0x00, 0x00, 0x00,
    0x00, 0x00, 0x00, 0x00, 0x00, 0x00, 0x00, 0x00, 0x00, 0x00, 0x00, 0x00, 0x00, 0x00, 0x00, 0x00,
    0x00, 0x00, 0x00, 0x00, 0x00, 0x00, 0x00, 0x00, 0x00, 0x00, 0x00, 0x00, 0x00, 0x00, 0x00, 0x00,
    0x00, 0x00, 0x00, 0x00, 0x00, 0x00, 0x00, 0x00, 0x00, 0x00, 0x00, 0x00, 0x00, 0x00, 0x00, 0x00,
    0x00, 0x00, 0x00, 0x00, 0x00, 0x00, 0x00, 0x00, 0x00, 0x00, 0x00, 0x00, 0x00, 0x00, 0x00, 0x00,
    0x00, 0x00, 0x00, 0x00, 0x00, 0x00, 0x00, 0x00, 0x00, 0x00, 0x00, 0x00, 0x00, 0x00, 0x00, 0x00,
    0x00, 0x00, 0x00, 0x00, 0x00, 0x00, 0x00, 0x00, 0x00, 0x00, 0x00, 0x00, 0x00, 0x00, 0x00, 0x00,
    0x00, 0x00, 0x00, 0x00, 0x00, 0x00, 0x00, 0x00, 0x00, 0x00, 0x00, 0x00, 0x00, 0x00, 0x00, 0x00,
    0x00, 0x00, 0x00, 0x00, 0x00, 0x00, 0x00, 0x00, 0x00, 0x00, 0x00, 0x00, 0x00, 0x00, 0x00, 0x00,
    0x00, 0x00, 0x00, 0x00, 0x00, 0x00, 0x00, 0x00, 0x00, 0x00, 0x00, 0x00, 0x00, 0x00, 0x00, 0x00,
    0x00, 0x00, 0x00, 0x00, 0x00, 0x00, 0x00, 0x00, 0x00, 0x00, 0x00, 0x00, 0x00, 0x00, 0x00, 0x00,
    0x00, 0x00, 0x00, 0x00, 0x00, 0x00, 0x00, 0x00, 0x00, 0x00, 0x00, 0x00, 0x00, 0x00, 0x00, 0x00,
    0x00, 0x00, 0x00, 0x00, 0x00, 0x00, 0x00, 0x00, 0x00, 0x00, 0x00, 0x00, 0x00, 0x00, 0x00, 0x00,
    0x00, 0x00, 0x00, 0x00, 0x00, 0x00, 0x00, 0x00, 0x00, 0x00, 0x00, 0x00, 0x00, 0x00, 0x00, 0x00,
    0x00, 0x00, 0x00, 0x00, 0x00, 0x00, 0x00, 0x00, 0x00, 0x00, 0x00, 0x00, 0x00, 0x00, 0x00, 0x00,
    0x00, 0x00, 0x00, 0x00, 0x00, 0x00, 0x00, 0x00, 0x00, 0x00, 0x00, 0x00, 0x00, 0x00, 0x00, 0x00,
    0x00, 0x00, 0x00, 0x00, 0x00, 0x00, 0x00, 0x00, 0x00, 0x00, 0x00, 0x00, 0x00, 0x00, 0x00, 0x00,
    0x00, 0x00, 0x00, 0x00, 0x00, 0x00, 0x00, 0x00, 0x00, 0x00, 0x00, 0x00, 0x00, 0x00, 0x00, 0x00,
    0x00, 0x00, 0x00, 0x00, 0x00, 0x00, 0x00, 0x00, 0x00, 0x00, 0x00, 0x00, 0x00, 0x00, 0x00, 0x00,
    0x00, 0x00, 0x00, 0x00, 0x00, 0x00, 0x00, 0x00, 0x00, 0x00, 0x00, 0x00, 0x00, 0x00, 0x00, 0x00,
    0x00, 0x00, 0x00, 0x00, 0x00, 0x00, 0x00, 0x00, 0x00, 0x00, 0x00, 0x00, 0x00, 0x00, 0x00, 0x00,
    0x00, 0x00, 0x00, 0x00, 0x00, 0x00, 0x00, 0x00, 0x00, 0x00, 0x00, 0x00, 0x00, 0x00, 0x00, 0x00,
    0x00, 0x00, 0x00, 0x00, 0x00, 0x00, 0x00, 0x00, 0x00, 0x00, 0x00, 0x00, 0x00, 0x00, 0x00, 0x00,
    0x00, 0x00, 0x00, 0x00, 0x00, 0x00, 0x00, 0x00, 0x00, 0x00, 0x00, 0x00, 0x00, 0x00, 0x00, 0x00,
    0x00, 0x00, 0x00, 0x00, 0x00, 0x00, 0x00, 0x00, 0x00, 0x00, 0x00, 0x00, 0x00, 0x00, 0x00, 0x00,
    0x00, 0x00, 0x00, 0x00, 0x00, 0x00, 0x00, 0x00, 0x00, 0x00, 0x00, 0x00, 0x00, 0x00, 0x00, 0x00,
    0x00, 0x00, 0x00, 0x00, 0x00, 0x00, 0x00, 0x00, 0x00, 0x00, 0x00, 0x00, 0x00, 0x00, 0x00, 0x00,
    0x00, 0x00, 0x00, 0x00, 0x00, 0x00, 0x00, 0x00, 0x00, 0x00, 0x00, 0x00, 0x00, 0x00, 0x00, 0x00,
    0x00, 0x00, 0x00, 0x00, 0x00, 0x00, 0x00, 0x00, 0x00, 0x00, 0x00, 0x00, 0x00, 0x00, 0x00, 0x00,
    0x00, 0x00, 0x00, 0x00, 0x00, 0x00, 0x00, 0x00, 0x00, 0x00, 0x00, 0x00, 0x00, 0x00, 0x00, 0x00,
    0x00, 0x00, 0x00, 0x00, 0x00, 0x00, 0x00, 0x00, 0x00, 0x00, 0x00, 0x00, 0x00, 0x00, 0x00, 0x00,
    0x00, 0x00, 0x00, 0x00, 0x00, 0x00, 0x00, 0x00, 0x00, 0x00, 0x00, 0x00, 0x00, 0x00, 0x00, 0x00,
    0x00, 0x00, 0x00, 0x00, 0x00, 0x00, 0x00, 0x00, 0x00, 0x00, 0x00, 0x00, 0x00, 0x00, 0x00, 0x00,
    0x00, 0x00, 0x00, 0x00, 0x00, 0x00, 0x00, 0x00, 0x00, 0x00, 0x00, 0x00, 0x00, 0x00, 0x00, 0x00,
    0x00, 0x00, 0x00, 0x00, 0x00, 0x00, 0x00, 0x00, 0x00, 0x00, 0x00, 0x00, 0x00, 0x00, 0x00, 0x00,
    0x00, 0x00, 0x00, 0x00, 0x00, 0x00, 0x00, 0x00, 0x00, 0x00, 0x00, 0x00, 0x00, 0x00, 0x00, 0x00,
    0x00, 0x00, 0x00, 0x00, 0x00, 0x00, 0x00, 0x00, 0x00, 0x00, 0x00, 0x00, 0x00, 0x00, 0x00, 0x00,
    0x00, 0x00, 0x00, 0x00, 0x00, 0x00, 0x00, 0x00, 0x00, 0x00, 0x00, 0x00, 0x00, 0x00, 0x00, 0x00,
    0x00, 0x00, 0x00, 0x00, 0x00, 0x00, 0x00, 0x00, 0x00, 0x00, 0x00, 0x00, 0x00, 0x00, 0x00, 0x00,
    0x00, 0x00, 0x00, 0x00, 0x00, 0x00, 0x00, 0x00, 0x00, 0x00, 0x00, 0x00, 0x00, 0x00, 0x00, 0x00,
    0x00, 0x00, 0x00, 0x00, 0x00, 0x00, 0x00, 0x00, 0x00, 0x00, 0x00, 0x00, 0x00, 0x00, 0x00, 0x00,
    0x00, 0x00, 0x00, 0x00, 0x00, 0x00, 0x00, 0x00, 0x00, 0x00, 0x00, 0x00, 0x00, 0x00, 0x00, 0x00,
    0x00, 0x00, 0x00, 0x00, 0x00, 0x00, 0x00, 0x00, 0x00, 0x00, 0x00, 0x00, 0x00, 0x00, 0x00, 0x00,
    0x00, 0x00, 0x00, 0x00, 0x00, 0x00, 0x00, 0x00, 0x00, 0x00, 0x00, 0x00, 0x00, 0x00, 0x00, 0x00,
    0x00, 0x00, 0x00, 0x00, 0x00, 0x00, 0x00, 0x00, 0x00, 0x00, 0x00, 0x00, 0x00, 0x00, 0x00, 0x00,
    0x00, 0x00, 0x00, 0x00, 0x00, 0x00, 0x00, 0x00, 0x00, 0x00, 0x00, 0x00, 0x00, 0x00, 0x00, 0x00,
    0x00, 0x00, 0x00, 0x00, 0x00, 0x00, 0x00, 0x00, 0x00, 0x00, 0x00, 0x00, 0x00, 0x00, 0x00, 0x00,
    0x00, 0x00, 0x00, 0x00, 0x00, 0x00, 0x00, 0x00, 0x00, 0x00, 0x00, 0x00, 0x00, 0x00, 0x00, 0x00,
    0x00, 0x00, 0x00, 0x00, 0x00, 0x00, 0x00, 0x00, 0x00, 0x00, 0x00, 0x00, 0x00, 0x00, 0x00, 0x00,
    0x00, 0x00, 0x00, 0x00, 0x00, 0x00, 0x00, 0x00, 0x00, 0x00, 0x00, 0x00, 0x00, 0x00, 0x00, 0x00,
    0x00, 0x00, 0x00, 0x00, 0x00, 0x00, 0x00, 0x00, 0x00, 0x00, 0x00, 0x00, 0x00, 0x00, 0x00, 0x00,
    0x00, 0x00, 0x00, 0x00, 0x00, 0x00, 0x00, 0x00, 0x00, 0x00, 0x00, 0x00, 0x00, 0x00, 0x00, 0x00,
    0x00, 0x00, 0x00, 0x00, 0x00, 0x00, 0x00, 0x00, 0x00, 0x00, 0x00, 0x00, 0x00, 0x00, 0x00, 0x00,
    0x00, 0x00, 0x00, 0x00, 0x00, 0x00, 0x00, 0x00, 0x00, 0x00, 0x00, 0x00, 0x00, 0x00, 0x00, 0x00,
    0x00, 0x00, 0x00, 0x00, 0x00, 0x00, 0x00, 0x00, 0x00, 0x00, 0x00, 0x00, 0x00, 0x00, 0x00, 0x00,
    0x00, 0x00, 0x00, 0x00, 0x00, 0x00, 0x00, 0x00, 0x00, 0x00, 0x00, 0x00, 0x00, 0x00, 0x00, 0x00,
    0x00, 0x00, 0x00, 0x00, 0x00, 0x00, 0x00, 0x00, 0x00, 0x00, 0x00, 0x00, 0x00, 0x00, 0x00, 0x00,
    0x00, 0x00, 0x00, 0x00, 0x00, 0x00, 0x00, 0x00, 0x00, 0x00, 0x00, 0x00, 0x00, 0x00, 0x00, 0x00,
    0x00, 0x00, 0x00, 0x00, 0x00, 0x00, 0x00, 0x00, 0x00, 0x00, 0x00, 0x00, 0x00, 0x00, 0x00, 0x00,
    0x00, 0x00, 0x00, 0x00, 0x00, 0x00, 0x00, 0x00, 0x00, 0x00, 0x00, 0x00, 0x00, 0x00, 0x00, 0x00,
    0x00, 0x00, 0x00, 0x00, 0x00, 0x00, 0x00, 0x00, 0x00, 0x00, 0x00, 0x00, 0x00, 0x00, 0x00, 0x00,
    0x00, 0x00, 0x00, 0x00, 0x00, 0x00, 0x00, 0x00, 0x00, 0x00, 0x00, 0x00, 0x00, 0x00, 0x00, 0x00,
    0x00, 0x00, 0x00, 0x00, 0x00, 0x00, 0x00, 0x00, 0x00, 0x00, 0x00, 0x00, 0x00, 0x00, 0x00, 0x00,
    0x00, 0x00, 0x00, 0x00, 0x00, 0x00, 0x00, 0x00, 0x00, 0x00, 0x00, 0x00, 0x00, 0x00, 0x00, 0x00,
    0x00, 0x00, 0x00, 0x00, 0x00, 0x00, 0x00, 0x00, 0x00, 0x00, 0x00, 0x00, 0x00, 0x00, 0x00, 0x00,
    0x00, 0x00, 0x00, 0x00, 0x00, 0x00, 0x00, 0x00, 0x00, 0x00, 0x00, 0x00, 0x00, 0x00, 0x00, 0x00,
    0x00, 0x00, 0x00, 0x00, 0x00, 0x00, 0x00, 0x00, 0x00, 0x00, 0x00, 0x00, 0x00, 0x00, 0x00, 0x00,
    0x00, 0x00, 0x00, 0x00, 0x00, 0x00, 0x00, 0x00, 0x00, 0x00, 0x00, 0x00, 0x00, 0x00, 0x00, 0x00,
    0x00, 0x00, 0x00, 0x00, 0x00, 0x00, 0x00, 0x00, 0x00, 0x00, 0x00, 0x00, 0x00, 0x00, 0x00, 0x00,
    0x00, 0x00, 0x00, 0x00, 0x00, 0x00, 0x00, 0x00, 0x00, 0x00, 0x00, 0x00, 0x00, 0x00, 0x00, 0x00,
    0x00, 0x00, 0x00, 0x00, 0x00, 0x00, 0x00, 0x00, 0x00, 0x00, 0x00, 0x00, 0x00, 0x00, 0x00, 0x00,
    0x00, 0x00, 0x00, 0x00, 0x00, 0x00, 0x00, 0x00, 0x00, 0x00, 0x00, 0x00, 0x00, 0x00, 0x00, 0x00,
    0x00, 0x00, 0x00, 0x00, 0x00, 0x00, 0x00, 0x00, 0x00, 0x00, 0x00, 0x00, 0x00, 0x00, 0x00, 0x00,
    0x00, 0x00, 0x00, 0x00, 0x00, 0x00, 0x00, 0x00, 0x00, 0x00, 0x00, 0x00, 0x00, 0x00, 0x00, 0x00,
    0x00, 0x00, 0x00, 0x00, 0x00, 0x00, 0x00, 0x00, 0x00, 0x00, 0x00, 0x00, 0x00, 0x00, 0x00, 0x00,
    0x00, 0x00, 0x00, 0x00, 0x00, 0x00, 0x00, 0x00, 0x00, 0x00, 0x00, 0x00, 0x00, 0x00, 0x00, 0x00,
    0x00, 0x00, 0x00, 0x00, 0x00, 0x00, 0x00, 0x00, 0x00, 0x00, 0x00, 0x00, 0x00, 0x00, 0x00, 0x00,
    0x00, 0x00, 0x00, 0x00, 0x00, 0x00, 0x00, 0x00, 0x00, 0x00, 0x00, 0x00, 0x00, 0x00, 0x00, 0x00,
    0x00, 0x00, 0x00, 0x00, 0x00, 0x00, 0x00, 0x00, 0x00, 0x00, 0x00, 0x00, 0x00, 0x00, 0x00, 0x00,
    0x00, 0x00, 0x00, 0x00, 0x00, 0x00, 0x00, 0x00, 0x00, 0x00, 0x00, 0x00, 0x00, 0x00, 0x00, 0x00,
    0x00, 0x00, 0x00, 0x00, 0x00, 0x00, 0x00, 0x00, 0x00, 0x00, 0x00, 0x00, 0x00, 0x00, 0x00, 0x00,
    0x00, 0x00, 0x00, 0x00, 0x00, 0x00, 0x00, 0x00, 0x00, 0x00, 0x00, 0x00, 0x00, 0x00, 0x00, 0x00,
    0x00, 0x00, 0x00, 0x00, 0x00, 0x00, 0x00, 0x00, 0x00, 0x00, 0x00, 0x00, 0x00, 0x00, 0x00, 0x00,
    0x00, 0x00, 0x00, 0x00, 0x00, 0x00, 0x00, 0x00, 0x00, 0x00, 0x00, 0x00, 0x00, 0x00, 0x00, 0x00,
    0x00, 0x00, 0x00, 0x00, 0x00, 0x00, 0x00, 0x00, 0x00, 0x00, 0x00, 0x00, 0x00, 0x00, 0x00, 0x00,
    0x00, 0x00, 0x00, 0x00, 0x00, 0x00, 0x00, 0x00, 0x00, 0x00, 0x00, 0x00, 0x00, 0x00, 0x00, 0x00,
    0x00, 0x00, 0x00, 0x00, 0x00, 0x00, 0x00, 0x00, 0x00, 0x00, 0x00, 0x00, 0x00, 0x00, 0x00, 0x00,
    0x00, 0x00, 0x00, 0x00, 0x00, 0x00, 0x00, 0x00, 0x00, 0x00, 0x00, 0x00, 0x00, 0x00, 0x00, 0x00,
    0x00, 0x00, 0x00, 0x00, 0x00, 0x00, 0x00, 0x00, 0x00, 0x00, 0x00, 0x00, 0x00, 0x00, 0x00, 0x00,
    0x00, 0x00, 0x00, 0x00, 0x00, 0x00, 0x00, 0x00, 0x00, 0x00, 0x00, 0x00, 0x00, 0x00, 0x00, 0x00,
    0x00, 0x00, 0x00, 0x00, 0x00, 0x00, 0x00, 0x00, 0x00, 0x00, 0x00, 0x00, 0x00, 0x00, 0x00, 0x00,
    0x00, 0x00, 0x00, 0x00, 0x00, 0x00, 0x00, 0x00, 0x00, 0x00, 0x00, 0x00, 0x00, 0x00, 0x00, 0x00,
    0x00, 0x00, 0x00, 0x00, 0x00, 0x00, 0x00, 0x00, 0x00, 0x00, 0x00, 0x00, 0x00, 0x00, 0x00, 0x00,
    0x00, 0x00, 0x00, 0x00, 0x00, 0x00, 0x00, 0x00, 0x00, 0x00, 0x00, 0x00, 0x00, 0x00, 0x00, 0x00,
    0x00, 0x00, 0x00, 0x00, 0x00, 0x00, 0x00, 0x00, 0x00, 0x00, 0x00, 0x00, 0x00, 0x00, 0x00, 0x00,
    0x00, 0x00, 0x00, 0x00, 0x00, 0x00, 0x00, 0x00, 0x00, 0x00, 0x00, 0x00, 0x00, 0x00, 0x00, 0x00,
    0x00, 0x00, 0x00, 0x00, 0x00, 0x00, 0x00, 0x00, 0x00, 0x00, 0x00, 0x00, 0x00, 0x00, 0x00, 0x00,
    0x00, 0x00, 0x00, 0x00, 0x00, 0x00, 0x00, 0x00, 0x00, 0x00, 0x00, 0x00, 0x00, 0x00, 0x00, 0x00,
    0x00, 0x00, 0x00, 0x00, 0x00, 0x00, 0x00, 0x00, 0x00, 0x00, 0x00, 0x00, 0x00, 0x00, 0x00, 0x00,
    0x00, 0x00, 0x00, 0x00, 0x00, 0x00, 0x00, 0x00, 0x00, 0x00, 0x00, 0x00, 0x00, 0x00, 0x00, 0x00,
    0x00, 0x00, 0x00, 0x00, 0x00, 0x00, 0x00, 0x00, 0x00, 0x00, 0x00, 0x00, 0x00, 0x00, 0x00, 0x00,
    0x00, 0x00, 0x00, 0x00, 0x00, 0x00, 0x00, 0x00, 0x00, 0x00, 0x00, 0x00, 0x00, 0x00, 0x00, 0x00,
    0x00, 0x00, 0x00, 0x00, 0x00, 0x00, 0x00, 0x00, 0x00, 0x00, 0x00, 0x00, 0x00, 0x00, 0x00, 0x00,
    0x00, 0x00, 0x00, 0x00, 0x00, 0x00, 0x00, 0x00, 0x00, 0x00, 0x00, 0x00, 0x00, 0x00, 0x00, 0x00,
    0x00, 0x00, 0x00, 0x00, 0x00, 0x00, 0x00, 0x00, 0x00, 0x00, 0x00, 0x00, 0x00, 0x00, 0x00, 0x00,
    0x00, 0x00, 0x00, 0x00, 0x00, 0x00, 0x00, 0x00, 0x00, 0x00, 0x00, 0x00, 0x00, 0x00, 0x00, 0x00,
    0x00, 0x00, 0x00, 0x00, 0x00, 0x00, 0x00, 0x00, 0x00, 0x00, 0x00, 0x00, 0x00, 0x00, 0x00, 0x00,
    0x00, 0x00, 0x00, 0x00, 0x00, 0x00, 0x00, 0x00, 0x00, 0x00, 0x00, 0x00, 0x00, 0x00, 0x00, 0x00,
    0x00, 0x00, 0x00, 0x00, 0x00, 0x00, 0x00, 0x00, 0x00, 0x00, 0x00, 0x00, 0x00, 0x00, 0x00, 0x00,
    0x00, 0x00, 0x00, 0x00, 0x00, 0x00, 0x00, 0x00, 0x00, 0x00, 0x00, 0x00, 0x00, 0x00, 0x00, 0x00,
    0x00, 0x00, 0x00, 0x00, 0x00, 0x00, 0x00, 0x00, 0x00, 0x00, 0x00, 0x00, 0x00, 0x00, 0x00, 0x00,
    0x00, 0x00, 0x00, 0x00, 0x00, 0x00, 0x00, 0x00, 0x00, 0x00, 0x00, 0x00, 0x00, 0x00, 0x00, 0x00,
    0x00, 0x00, 0x00, 0x00, 0x00, 0x00, 0x00, 0x00, 0x00, 0x00, 0x00, 0x00, 0x00, 0x00, 0x00, 0x00,
    0x00, 0x00, 0x00, 0x00, 0x00, 0x00, 0x00, 0x00, 0x00, 0x00, 0x00, 0x00, 0x00, 0x00, 0x00, 0x00,
    0x00, 0x00, 0x00, 0x00, 0x00, 0x00, 0x00, 0x00, 0x00, 0x00, 0x00, 0x00, 0x00, 0x00, 0x00, 0x00,
    0x00, 0x00, 0x00, 0x00, 0x00, 0x00, 0x00, 0x00, 0x00, 0x00, 0x00, 0x00, 0x00, 0x00, 0x00, 0x00,
    0x00, 0x00, 0x00, 0x00, 0x00, 0x00, 0x00, 0x00, 0x00, 0x00, 0x00, 0x00, 0x00, 0x00, 0x00, 0x00,
    0x00, 0x00, 0x00, 0x00, 0x00, 0x00, 0x00, 0x00, 0x00, 0x00, 0x00, 0x00, 0x00, 0x00, 0x00, 0x00,
    0x00, 0x00, 0x00, 0x00, 0x00, 0x00, 0x00, 0x00, 0x00, 0x00, 0x00, 0x00, 0x00, 0x00, 0x00, 0x00,
    0x00, 0x00, 0x00, 0x00, 0x00, 0x00, 0x00, 0x00, 0x00, 0x00, 0x00, 0x00, 0x00, 0x00, 0x00, 0x00,
    0x00, 0x00, 0x00, 0x00, 0x00, 0x00, 0x00, 0x00, 0x00, 0x00, 0x00, 0x00, 0x00, 0x00, 0x00, 0x00,
    0x00, 0x00, 0x00, 0x00, 0x00, 0x00, 0x00, 0x00, 0x00, 0x00, 0x00, 0x00, 0x00, 0x00, 0x00, 0x00,
    0x00, 0x00, 0x00, 0x00, 0x00, 0x00, 0x00, 0x00, 0x00, 0x00, 0x00, 0x00, 0x00, 0x00, 0x00, 0x00,
    0x00, 0x00, 0x00, 0x00, 0x00, 0x00, 0x00, 0x00, 0x00, 0x00, 0x00, 0x00, 0x00, 0x00, 0x00, 0x00,
    0x00, 0x00, 0x00, 0x00, 0x00, 0x00, 0x00, 0x00, 0x00, 0x00, 0x00, 0x00, 0x00, 0x00, 0x00, 0x00,
    0x00, 0x00, 0x00, 0x00, 0x00, 0x00, 0x00, 0x00, 0x00, 0x00, 0x00, 0x00, 0x00, 0x00, 0x00, 0x00,
    0x00, 0x00, 0x00, 0x00, 0x00, 0x00, 0x00, 0x00, 0x00, 0x00, 0x00, 0x00, 0x00, 0x00, 0x00, 0x00,
    0x00, 0x00, 0x00, 0x00, 0x00, 0x00, 0x00, 0x00, 0x00, 0x00, 0x00, 0x00, 0x00, 0x00, 0x00, 0x00,
    0x00, 0x00, 0x00, 0x00, 0x00, 0x00, 0x00, 0x00, 0x00, 0x00, 0x00, 0x00, 0x00, 0x00, 0x00, 0x00,
    0x00, 0x00, 0x00, 0x00, 0x00, 0x00, 0x00, 0x00, 0x00, 0x00, 0x00, 0x00, 0x00, 0x00, 0x00, 0x00,
    0x00, 0x00, 0x00, 0x00, 0x00, 0x00, 0x00, 0x00, 0x00, 0x00, 0x00, 0x00, 0x00, 0x00, 0x00, 0x00,
    0x00, 0x00, 0x00, 0x00, 0x00, 0x00, 0x00, 0x00, 0x00, 0x00, 0x00, 0x00, 0x00, 0x00, 0x00, 0x00,
    0x00, 0x00, 0x00, 0x00, 0x00, 0x00, 0x00, 0x00, 0x00, 0x00, 0x00, 0x00, 0x00, 0x00, 0x00, 0x00,
    0x00, 0x00, 0x00, 0x00, 0x00, 0x00, 0x00, 0x00, 0x00, 0x00, 0x00, 0x00, 0x00, 0x00, 0x00, 0x00,
    0x00, 0x00, 0x00, 0x00, 0x00, 0x00, 0x00, 0x00, 0x00, 0x00, 0x00, 0x00, 0x00, 0x00, 0x00, 0x00,
    0x00, 0x00, 0x00, 0x00, 0x00, 0x00, 0x00, 0x00, 0x00, 0x00, 0x00, 0x00, 0x00, 0x00, 0x00, 0x00,
    0x00, 0x00, 0x00, 0x00, 0x00, 0x00, 0x00, 0x00, 0x00, 0x00, 0x00, 0x00, 0x00, 0x00, 0x00, 0x00,
    0x00, 0x00, 0x00, 0x00, 0x00, 0x00, 0x00, 0x00, 0x00, 0x00, 0x00, 0x00, 0x00, 0x00, 0x00, 0x00,
    0x00, 0x00, 0x00, 0x00, 0x00, 0x00, 0x00, 0x00, 0x00, 0x00, 0x00, 0x00, 0x00, 0x00, 0x00, 0x00,
    0x00, 0x00, 0x00, 0x00, 0x00, 0x00, 0x00, 0x00, 0x00, 0x00, 0x00, 0x00, 0x00, 0x00, 0x00, 0x00,
    0x00, 0x00, 0x00, 0x00, 0x00, 0x00, 0x00, 0x00, 0x00, 0x00, 0x00, 0x00, 0x00, 0x00, 0x00, 0x00,
    0x00, 0x00, 0x00, 0x00, 0x00, 0x00, 0x00, 0x00, 0x00, 0x00, 0x00, 0x00, 0x00, 0x00, 0x00, 0x00,
    0x00, 0x00, 0x00, 0x00, 0x00, 0x00, 0x00, 0x00, 0x00, 0x00, 0x00, 0x00, 0x00, 0x00, 0x00, 0x00,
    0x00, 0x00, 0x00, 0x00, 0x00, 0x00, 0x00, 0x00, 0x00, 0x00, 0x00, 0x00, 0x00, 0x00, 0x00, 0x00,
    0x00, 0x00, 0x00, 0x00, 0x00, 0x00, 0x00, 0x00, 0x00, 0x00, 0x00, 0x00, 0x00, 0x00, 0x00, 0x00,
    0x00, 0x00, 0x00, 0x00, 0x00, 0x00, 0x00, 0x00, 0x00, 0x00, 0x00, 0x00, 0x00, 0x00, 0x00, 0x00,
    0x00, 0x00, 0x00, 0x00, 0x00, 0x00, 0x00, 0x00, 0x00, 0x00, 0x00, 0x00, 0x00, 0x00, 0x00, 0x00,
    0x00, 0x00, 0x00, 0x00, 0x00, 0x00, 0x00, 0x00, 0x00, 0x00, 0x00, 0x00, 0x00, 0x00, 0x00, 0x00,
    0x00, 0x00, 0x00, 0x00, 0x00, 0x00, 0x00, 0x00, 0x00, 0x00, 0x00, 0x00, 0x00, 0x00, 0x00, 0x00,
    0x00, 0x00, 0x00, 0x00, 0x00, 0x00, 0x00, 0x00, 0x00, 0x00, 0x00, 0x00, 0x00, 0x00, 0x00, 0x00,
    0x00, 0x00, 0x00, 0x00, 0x00, 0x00, 0x00, 0x00, 0x00, 0x00, 0x00, 0x00, 0x00, 0x00, 0x00, 0x00,
    0x00, 0x00, 0x00, 0x00, 0x00, 0x00, 0x00, 0x00, 0x00, 0x00, 0x00, 0x00, 0x00, 0x00, 0x00, 0x00,
    0x00, 0x00, 0x00, 0x00, 0x00, 0x00, 0x00, 0x00, 0x00, 0x00, 0x00, 0x00, 0x00, 0x00, 0x00, 0x00,
    0x00, 0x00, 0x00, 0x00, 0x00, 0x00, 0x00, 0x00, 0x00, 0x00, 0x00, 0x00, 0x00, 0x00, 0x00, 0x00,
    0x00, 0x00, 0x00, 0x00, 0x00, 0x00, 0x00, 0x00, 0x00, 0x00, 0x00, 0x00, 0x00, 0x00, 0x00, 0x00,
    0x00, 0x00, 0x00, 0x00, 0x00, 0x00, 0x00, 0x00, 0x00, 0x00, 0x00, 0x00, 0x00, 0x00, 0x00, 0x00,
    0x00, 0x00, 0x00, 0x00, 0x00, 0x00, 0x00, 0x00, 0x00, 0x00, 0x00, 0x00, 0x00, 0x00, 0x00, 0x00,
    0x00, 0x00, 0x00, 0x00, 0x00, 0x00, 0x00, 0x00, 0x00, 0x00, 0x00, 0x00, 0x00, 0x00, 0x00, 0x00,
    0x00, 0x00, 0x00, 0x00, 0x00, 0x00, 0x00, 0x00, 0x00, 0x00, 0x00, 0x00, 0x00, 0x00, 0x00, 0x00,
    0x00, 0x00, 0x00, 0x00, 0x00, 0x00, 0x00, 0x00, 0x00, 0x00, 0x00, 0x00, 0x00, 0x00, 0x00, 0x00,
    0x00, 0x00, 0x00, 0x00, 0x00, 0x00, 0x00, 0x00, 0x00, 0x00, 0x00, 0x00, 0x00, 0x00, 0x00, 0x00,
    0x00, 0x00, 0x00, 0x00, 0x00, 0x00, 0x00, 0x00, 0x00, 0x00, 0x00, 0x00, 0x00, 0x00, 0x00, 0x00,
    0x00, 0x00, 0x00, 0x00, 0x00, 0x00, 0x00, 0x00, 0x00, 0x00, 0x00, 0x00, 0x00, 0x00, 0x00, 0x00,
    0x00, 0x00, 0x00, 0x00, 0x00, 0x00, 0x00, 0x00, 0x00, 0x00, 0x00, 0x00, 0x00, 0x00, 0x00, 0x00,
    0x00, 0x00, 0x00, 0x00, 0x00, 0x00, 0x00, 0x00, 0x00, 0x00, 0x00, 0x00, 0x00, 0x00, 0x00, 0x00,
    0x00, 0x00, 0x00, 0x00, 0x00, 0x00, 0x00, 0x00, 0x00, 0x00, 0x00, 0x00, 0x00, 0x00, 0x00, 0x00,
    0x00, 0x00, 0x00, 0x00, 0x00, 0x00, 0x00, 0x00, 0x00, 0x00, 0x00, 0x00, 0x00, 0x00, 0x00, 0x00,
    0x00, 0x00, 0x00, 0x00, 0x00, 0x00, 0x00, 0x00, 0x00, 0x00, 0x00, 0x00, 0x00, 0x00, 0x00, 0x00,
    0x00, 0x00, 0x00, 0x00, 0x00, 0x00, 0x00, 0x00, 0x00, 0x00, 0x00, 0x00, 0x00, 0x00, 0x00, 0x00,
    0x00, 0x00, 0x00, 0x00, 0x00, 0x00, 0x00, 0x00, 0x00, 0x00, 0x00, 0x00, 0x00, 0x00, 0x00, 0x00,
    0x00, 0x00, 0x00, 0x00, 0x00, 0x00, 0x00, 0x00, 0x00, 0x00, 0x00, 0x00, 0x00, 0x00, 0x00, 0x00,
    0x00, 0x00, 0x00, 0x00, 0x00, 0x00, 0x00, 0x00, 0x00, 0x00, 0x00, 0x00, 0x00, 0x00, 0x00, 0x00,
    0x00, 0x00, 0x00, 0x00, 0x00, 0x00, 0x00, 0x00, 0x00, 0x00, 0x00, 0x00, 0x00, 0x00, 0x00, 0x00,
    0x00, 0x00, 0x00, 0x00, 0x00, 0x00, 0x00, 0x00, 0x00, 0x00, 0x00, 0x00, 0x00, 0x00, 0x00, 0x00,
    0x00, 0x00, 0x00, 0x00, 0x00, 0x00, 0x00, 0x00, 0x00, 0x00, 0x00, 0x00, 0x00, 0x00, 0x00, 0x00,
    0x00, 0x00, 0x00, 0x00, 0x00, 0x00, 0x00, 0x00, 0x00, 0x00, 0x00, 0x00, 0x00, 0x00, 0x00, 0x00,
    0x00, 0x00, 0x00, 0x00, 0x00, 0x00, 0x00, 0x00, 0x00, 0x00, 0x00, 0x00, 0x00, 0x00, 0x00, 0x00,
    0x00, 0x00, 0x00, 0x00, 0x00, 0x00, 0x00, 0x00, 0x00, 0x00, 0x00, 0x00, 0x00, 0x00, 0x00, 0x00,
    0x00, 0x00, 0x00, 0x00, 0x00, 0x00, 0x00, 0x00, 0x00, 0x00, 0x00, 0x00, 0x00, 0x00, 0x00, 0x00,
    0x00, 0x00, 0x00, 0x00, 0x00, 0x00, 0x00, 0x00, 0x00, 0x00, 0x00, 0x00, 0x00, 0x00, 0x00, 0x00,
    0x00, 0x00, 0x00, 0x00, 0x00, 0x00, 0x00, 0x00, 0x00, 0x00, 0x00, 0x00, 0x00, 0x00, 0x00, 0x00,
    0x00, 0x00, 0x00, 0x00, 0x00, 0x00, 0x00, 0x00, 0x00, 0x00, 0x00, 0x00, 0x00, 0x00, 0x00, 0x00,
    0x00, 0x00, 0x00, 0x00, 0x00, 0x00, 0x00, 0x00, 0x00, 0x00, 0x00, 0x00, 0x00, 0x00, 0x00, 0x00,
    0x00, 0x00, 0x00, 0x00, 0x00, 0x00, 0x00, 0x00, 0x00, 0x00, 0x00, 0x00, 0x00, 0x00, 0x00, 0x00,
    0x00, 0x00, 0x00, 0x00, 0x00, 0x00, 0x00, 0x00, 0x00, 0x00, 0x00, 0x00, 0x00, 0x00, 0x00, 0x00,
    0x00, 0x00, 0x00, 0x00, 0x00, 0x00, 0x00, 0x00, 0x00, 0x00, 0x00, 0x00, 0x00, 0x00, 0x00, 0x00,
    0x00, 0x00, 0x00, 0x00, 0x00, 0x00, 0x00, 0x00, 0x00, 0x00, 0x00, 0x00, 0x00, 0x00, 0x00, 0x00,
    0x00, 0x00, 0x00, 0x00, 0x00, 0x00, 0x00, 0x00, 0x00, 0x00, 0x00, 0x00, 0x00, 0x00, 0x00, 0x00,
    0x00, 0x00, 0x00, 0x00, 0x00, 0x00, 0x00, 0x00, 0x00, 0x00, 0x00, 0x00, 0x00, 0x00, 0x00, 0x00,
    0x00, 0x00, 0x00, 0x00, 0x00, 0x00, 0x00, 0x00, 0x00, 0x00, 0x00, 0x00, 0x00, 0x00, 0x00, 0x00,
    0x00, 0x00, 0x00, 0x00, 0x00, 0x00, 0x00, 0x00, 0x00, 0x00, 0x00, 0x00, 0x00, 0x00, 0x00, 0x00,
    0x00, 0x00, 0x00, 0x00, 0x00, 0x00, 0x00, 0x00, 0x00, 0x00, 0x00, 0x00, 0x00, 0x00, 0x00, 0x00,
    0x00, 0x00, 0x00, 0x00, 0x00, 0x00, 0x00, 0x00, 0x00, 0x00, 0x00, 0x00, 0x00, 0x00, 0x00, 0x00,
    0x00, 0x00, 0x00, 0x00, 0x00, 0x00, 0x00, 0x00, 0x00, 0x00, 0x00, 0x00, 0x00, 0x00, 0x00, 0x00,
    0x00, 0x00, 0x00, 0x00, 0x00, 0x00, 0x00, 0x00, 0x00, 0x00, 0x00, 0x00, 0x00, 0x00, 0x00, 0x00,
    0x00, 0x00, 0x00, 0x00, 0x00, 0x00, 0x00, 0x00, 0x00, 0x00, 0x00, 0x00, 0x00, 0x00, 0x00, 0x00,
    0x00, 0x00, 0x00, 0x00, 0x00, 0x00, 0x00, 0x00, 0x00, 0x00, 0x00, 0x00, 0x00, 0x00, 0x00, 0x00,
    0x00, 0x00, 0x00, 0x00, 0x00, 0x00, 0x00, 0x00, 0x00, 0x00, 0x00, 0x00, 0x00, 0x00, 0x00, 0x00,
    0x00, 0x00, 0x00, 0x00, 0x00, 0x00, 0x00, 0x00, 0x00, 0x00, 0x00, 0x00, 0x00, 0x00, 0x00, 0x00,
    0x00, 0x00, 0x00, 0x00, 0x00, 0x00, 0x00, 0x00, 0x00, 0x00, 0x00, 0x00, 0x00, 0x00, 0x00, 0x00,
    0x00, 0x00, 0x00, 0x00, 0x00, 0x00, 0x00, 0x00, 0x00, 0x00, 0x00, 0x00, 0x00, 0x00, 0x00, 0x00,
    0x00, 0x00, 0x00, 0x00, 0x00, 0x00, 0x00, 0x00, 0x00, 0x00, 0x00, 0x00, 0x00, 0x00, 0x00, 0x00,
    0x00, 0x00, 0x00, 0x00, 0x00, 0x00, 0x00, 0x00, 0x00, 0x00, 0x00, 0x00, 0x00, 0x00, 0x00, 0x00,
    0x00, 0x00, 0x00, 0x00, 0x00, 0x00, 0x00, 0x00, 0x00, 0x00, 0x00, 0x00, 0x00, 0x00, 0x00, 0x00,
    0x00, 0x00, 0x00, 0x00, 0x00, 0x00, 0x00, 0x00, 0x00, 0x00, 0x00, 0x00, 0x00, 0x00, 0x00, 0x00,
    0x00, 0x00, 0x00, 0x00, 0x00, 0x00, 0x00, 0x00, 0x00, 0x00, 0x00, 0x00, 0x00, 0x00, 0x00, 0x00,
    0x00, 0x00, 0x00, 0x00, 0x00, 0x00, 0x00, 0x00, 0x00, 0x00, 0x00, 0x00, 0x00, 0x00, 0x00, 0x00,
    0x00, 0x00, 0x00, 0x00, 0x00, 0x00, 0x00, 0x00, 0x00, 0x00, 0x00, 0x00, 0x00, 0x00, 0x00, 0x00,
    0x00, 0x00, 0x00, 0x00, 0x00, 0x00, 0x00, 0x00, 0x00, 0x00, 0x00, 0x00, 0x00, 0x00, 0x00, 0x00,
    0x00, 0x00, 0x00, 0x00, 0x00, 0x00, 0x00, 0x00, 0x00, 0x00, 0x00, 0x00, 0x00, 0x00, 0x00, 0x00,
    0x00, 0x00, 0x00, 0x00, 0x00, 0x00, 0x00, 0x00, 0x00, 0x00, 0x00, 0x00, 0x00, 0x00, 0x00, 0x00,
    0x00, 0x00, 0x00, 0x00, 0x00, 0x00, 0x00, 0x00, 0x00, 0x00, 0x00, 0x00, 0x00, 0x00, 0x00, 0x00,
    0x00, 0x00, 0x00, 0x00, 0x00, 0x00, 0x00, 0x00, 0x00, 0x00, 0x00, 0x00, 0x00, 0x00, 0x00, 0x00,
    0x00, 0x00, 0x00, 0x00, 0x00, 0x00, 0x00, 0x00, 0x00, 0x00, 0x00, 0x00, 0x00, 0x00, 0x00, 0x00,
    0x00, 0x00, 0x00, 0x00, 0x00, 0x00, 0x00, 0x00, 0x00, 0x00, 0x00, 0x00, 0x00, 0x00, 0x00, 0x00,
    0x00, 0x00, 0x00, 0x00, 0x00, 0x00, 0x00, 0x00, 0x00, 0x00, 0x00, 0x00, 0x00, 0x00, 0x00, 0x00,
    0x00, 0x00, 0x00, 0x00, 0x00, 0x00, 0x00, 0x00, 0x00, 0x00, 0x00, 0x00, 0x00, 0x00, 0x00, 0x00,
    0x00, 0x00, 0x00, 0x00, 0x00, 0x00, 0x00, 0x00, 0x00, 0x00, 0x00, 0x00, 0x00, 0x00, 0x00, 0x00,
    0x00, 0x00, 0x00, 0x00, 0x00, 0x00, 0x00, 0x00, 0x00, 0x00, 0x00, 0x00, 0x00, 0x00, 0x00, 0x00,
    0x00, 0x00, 0x00, 0x00, 0x00, 0x00, 0x00, 0x00, 0x00, 0x00, 0x00, 0x00, 0x00, 0x00, 0x00, 0x00,
    0x00, 0x00, 0x00, 0x00, 0x00, 0x00, 0x00, 0x00, 0x00, 0x00, 0x00, 0x00, 0x00, 0x00, 0x00, 0x00,
    0x00, 0x00, 0x00, 0x00, 0x00, 0x00, 0x00, 0x00, 0x00, 0x00, 0x00, 0x00, 0x00, 0x00, 0x00, 0x00,
    0x00, 0x00, 0x00, 0x00, 0x00, 0x00, 0x00, 0x00, 0x00, 0x00, 0x00, 0x00, 0x00, 0x00, 0x00, 0x00,
    0x00, 0x00, 0x00, 0x00, 0x00, 0x00, 0x00, 0x00, 0x00, 0x00, 0x00, 0x00, 0x00, 0x00, 0x00, 0x00,
    0x00, 0x00, 0x00, 0x00, 0x00, 0x00, 0x00, 0x00, 0x00, 0x00, 0x00, 0x00, 0x00, 0x00, 0x00, 0x00,
    0x00, 0x00, 0x00, 0x00, 0x00, 0x00, 0x00, 0x00, 0x00, 0x00, 0x00, 0x00, 0x00, 0x00, 0x00, 0x00,
    0x00, 0x00, 0x00, 0x00, 0x00, 0x00, 0x00, 0x00, 0x00, 0x00, 0x00, 0x00, 0x00, 0x00, 0x00, 0x00,
    0x00, 0x00, 0x00, 0x00, 0x00, 0x00, 0x00, 0x00, 0x00, 0x00, 0x00, 0x00, 0x00, 0x00, 0x00, 0x00,
    0x00, 0x00, 0x00, 0x00, 0x00, 0x00, 0x00, 0x00, 0x00, 0x00, 0x00, 0x00, 0x00, 0x00, 0x00, 0x00,
    0x00, 0x00, 0x00, 0x00, 0x00, 0x00, 0x00, 0x00, 0x00, 0x00, 0x00, 0x00, 0x00, 0x00, 0x00, 0x00,
    0x00, 0x00, 0x00, 0x00, 0x00, 0x00, 0x00, 0x00, 0x00, 0x00, 0x00, 0x00, 0x00, 0x00, 0x00, 0x00,
    0x00, 0x00, 0x00, 0x00, 0x00, 0x00, 0x00, 0x00, 0x00, 0x00, 0x00, 0x00, 0x00, 0x00, 0x00, 0x00,
    0x00, 0x00, 0x00, 0x00, 0x00, 0x00, 0x00, 0x00, 0x00, 0x00, 0x00, 0x00, 0x00, 0x00, 0x00, 0x00,
    0x00, 0x00, 0x00, 0x00, 0x00, 0x00, 0x00, 0x00, 0x00, 0x00, 0x00, 0x00, 0x00, 0x00, 0x00, 0x00,
    0x00, 0x00, 0x00, 0x00, 0x00, 0x00, 0x00, 0x00, 0x00, 0x00, 0x00, 0x00, 0x00, 0x00, 0x00, 0x00,
    0x00, 0x00, 0x00, 0x00, 0x00, 0x00, 0x00, 0x00, 0x00, 0x00, 0x00, 0x00, 0x00, 0x00, 0x00, 0x00,
    0x00, 0x00, 0x00, 0x00, 0x00, 0x00, 0x00, 0x00, 0x00, 0x00, 0x00, 0x00, 0x00, 0x00, 0x00, 0x00,
    0x00, 0x00, 0x00, 0x00, 0x00, 0x00, 0x00, 0x00, 0x00, 0x00, 0x00, 0x00, 0x00, 0x00, 0x00, 0x00,
    0x00, 0x00, 0x00, 0x00, 0x00, 0x00, 0x00, 0x00, 0x00, 0x00, 0x00, 0x00, 0x00, 0x00, 0x00, 0x00,
    0x00, 0x00, 0x00, 0x00, 0x00, 0x00, 0x00, 0x00, 0x00, 0x00, 0x00, 0x00, 0x00, 0x00, 0x00, 0x00,
    0x00, 0x00, 0x00, 0x00, 0x00, 0x00, 0x00, 0x00, 0x00, 0x00, 0x00, 0x00, 0x00, 0x00, 0x00, 0x00,
    0x00, 0x00, 0x00, 0x00, 0x00, 0x00, 0x00, 0x00, 0x00, 0x00, 0x00, 0x00, 0x00, 0x00, 0x00, 0x00,
    0x00, 0x00, 0x00, 0x00, 0x00, 0x00, 0x00, 0x00, 0x00, 0x00, 0x00, 0x00, 0x00, 0x00, 0x00, 0x00,
    0x00, 0x00, 0x00, 0x00, 0x00, 0x00, 0x00, 0x00, 0x00, 0x00, 0x00, 0x00, 0x00, 0x00, 0x00, 0x00,
    0x00, 0x00, 0x00, 0x00, 0x00, 0x00, 0x00, 0x00, 0x00, 0x00, 0x00, 0x00, 0x00, 0x00, 0x00, 0x00,
    0x00, 0x00, 0x00, 0x00, 0x00, 0x00, 0x00, 0x00, 0x00, 0x00, 0x00, 0x00, 0x00, 0x00, 0x00, 0x00,
    0x00, 0x00, 0x00, 0x00, 0x00, 0x00, 0x00, 0x00, 0x00, 0x00, 0x00, 0x00, 0x00, 0x00, 0x00, 0x00,
    0x00, 0x00, 0x00, 0x00, 0x00, 0x00, 0x00, 0x00, 0x00, 0x00, 0x00, 0x00, 0x00, 0x00, 0x00, 0x00,
    0x00, 0x00, 0x00, 0x00, 0x00, 0x00, 0x00, 0x00, 0x00, 0x00, 0x00, 0x00, 0x00, 0x00, 0x00, 0x00,
    0x00, 0x00, 0x00, 0x00, 0x00, 0x00, 0x00, 0x00, 0x00, 0x00, 0x00, 0x00, 0x00, 0x00, 0x00, 0x00,
    0x00, 0x00, 0x00, 0x00, 0x00, 0x00, 0x00, 0x00, 0x00, 0x00, 0x00, 0x00, 0x00, 0x00, 0x00, 0x00,
    0x00, 0x00, 0x00, 0x00, 0x00, 0x00, 0x00, 0x00, 0x00, 0x00, 0x00, 0x00, 0x00, 0x00, 0x00, 0x00,
    0x00, 0x00, 0x00, 0x00, 0x00, 0x00, 0x00, 0x00, 0x00, 0x00, 0x00, 0x00, 0x00, 0x00, 0x00, 0x00,
    0x00, 0x00, 0x00, 0x00, 0x00, 0x00, 0x00, 0x00, 0x00, 0x00, 0x00, 0x00, 0x00, 0x00, 0x00, 0x00,
    0x00, 0x00, 0x00, 0x00, 0x00, 0x00, 0x00, 0x00, 0x00, 0x00, 0x00, 0x00, 0x00, 0x00, 0x00, 0x00,
    0x00, 0x00, 0x00, 0x00, 0x00, 0x00, 0x00, 0x00, 0x00, 0x00, 0x00, 0x00, 0x00, 0x00, 0x00, 0x00,
    0x00, 0x00, 0x00, 0x00, 0x00, 0x00, 0x00, 0x00, 0x00, 0x00, 0x00, 0x00, 0x00, 0x00, 0x00, 0x00,
    0x00, 0x00, 0x00, 0x00, 0x00, 0x00, 0x00, 0x00, 0x00, 0x00, 0x00, 0x00, 0x00, 0x00, 0x00, 0x00,
    0x00, 0x00, 0x00, 0x00, 0x00, 0x00, 0x00, 0x00, 0x00, 0x00, 0x00, 0x00, 0x00, 0x00, 0x00, 0x00,
    0x00, 0x00, 0x00, 0x00, 0x00, 0x00, 0x00, 0x00, 0x00, 0x00, 0x00, 0x00, 0x00, 0x00, 0x00, 0x00,
    0x00, 0x00, 0x00, 0x00, 0x00, 0x00, 0x00, 0x00, 0x00, 0x00, 0x00, 0x00, 0x00, 0x00, 0x00, 0x00,
    0x00, 0x00, 0x00, 0x00, 0x00, 0x00, 0x00, 0x00, 0x00, 0x00, 0x00, 0x00, 0x00, 0x00, 0x00, 0x00,
    0x00, 0x00, 0x00, 0x00, 0x00, 0x00, 0x00, 0x00, 0x00, 0x00, 0x00, 0x00, 0x00, 0x00, 0x00, 0x00,
    0x00, 0x00, 0x00, 0x00, 0x00, 0x00, 0x00, 0x00, 0x00, 0x00, 0x00, 0x00, 0x00, 0x00, 0x00, 0x00,
    0x00, 0x00, 0x00, 0x00, 0x00, 0x00, 0x00, 0x00, 0x00, 0x00, 0x00, 0x00, 0x00, 0x00, 0x00, 0x00,
    0x00, 0x00, 0x00, 0x00, 0x00, 0x00, 0x00, 0x00, 0x00, 0x00, 0x00, 0x00, 0x00, 0x00, 0x00, 0x00,
    0x00, 0x00, 0x00, 0x00, 0x00, 0x00, 0x00, 0x00, 0x00, 0x00, 0x00, 0x00, 0x00, 0x00, 0x00, 0x00,
    0x00, 0x00, 0x00, 0x00, 0x00, 0x00, 0x00, 0x00, 0x00, 0x00, 0x00, 0x00, 0x00, 0x00, 0x00, 0x00,
    0x00, 0x00, 0x00, 0x00, 0x00, 0x00, 0x00, 0x00, 0x00, 0x00, 0x00, 0x00, 0x00, 0x00, 0x00, 0x00,
    0x00, 0x00, 0x00, 0x00, 0x00, 0x00, 0x00, 0x00, 0x00, 0x00, 0x00, 0x00, 0x00, 0x00, 0x00, 0x00,
    0x00, 0x00, 0x00, 0x00, 0x00, 0x00, 0x00, 0x00, 0x00, 0x00, 0x00, 0x00, 0x00, 0x00, 0x00, 0x00,
    0x00, 0x00, 0x00, 0x00, 0x00, 0x00, 0x00, 0x00, 0x00, 0x00, 0x00, 0x00, 0x00, 0x00, 0x00, 0x00,
    0x00, 0x00, 0x00, 0x00, 0x00, 0x00, 0x00, 0x00, 0x00, 0x00, 0x00, 0x00, 0x00, 0x00, 0x00, 0x00,
    0x00, 0x00, 0x00, 0x00, 0x00, 0x00, 0x00, 0x00, 0x00, 0x00, 0x00, 0x00, 0x00, 0x00, 0x00, 0x00,
    0x00, 0x00, 0x00, 0x00, 0x00, 0x00, 0x00, 0x00, 0x00, 0x00, 0x00, 0x00, 0x00, 0x00, 0x00, 0x00,
    0x00, 0x00, 0x00, 0x00, 0x00, 0x00, 0x00, 0x00, 0x00, 0x00, 0x00, 0x00, 0x00, 0x00, 0x00, 0x00,
    0x00, 0x00, 0x00, 0x00, 0x00, 0x00, 0x00, 0x00, 0x00, 0x00, 0x00, 0x00, 0x00, 0x00, 0x00, 0x00,
    0x00, 0x00, 0x00, 0x00, 0x00, 0x00, 0x00, 0x00, 0x00, 0x00, 0x00, 0x00, 0x00, 0x00, 0x00, 0x00,
    0x00, 0x00, 0x00, 0x00, 0x00, 0x00, 0x00, 0x00, 0x00, 0x00, 0x00, 0x00, 0x00, 0x00, 0x00, 0x00,
    0x00, 0x00, 0x00, 0x00, 0x00, 0x00, 0x00, 0x00, 0x00, 0x00, 0x00, 0x00, 0x00, 0x00, 0x00, 0x00,
    0x00, 0x00, 0x00, 0x00, 0x00, 0x00, 0x00, 0x00, 0x00, 0x00, 0x00, 0x00, 0x00, 0x00, 0x00, 0x00,
    0x00, 0x00, 0x00, 0x00, 0x00, 0x00, 0x00, 0x00, 0x00, 0x00, 0x00, 0x00, 0x00, 0x00, 0x00, 0x00,
    0x00, 0x00, 0x00, 0x00, 0x00, 0x00, 0x00, 0x00, 0x00, 0x00, 0x00, 0x00, 0x00, 0x00, 0x00, 0x00,
    0x00, 0x00, 0x00, 0x00, 0x00, 0x00, 0x00, 0x00, 0x00, 0x00, 0x00, 0x00, 0x00, 0x00, 0x00, 0x00,
    0x00, 0x00, 0x00, 0x00, 0x00, 0x00, 0x00, 0x00, 0x00, 0x00, 0x00, 0x00, 0x00, 0x00, 0x00, 0x00,
    0x00, 0x00, 0x00, 0x00, 0x00, 0x00, 0x00, 0x00, 0x00, 0x00, 0x00, 0x00, 0x00, 0x00, 0x00, 0x00,
    0x00, 0x00, 0x00, 0x00, 0x00, 0x00, 0x00, 0x00, 0x00, 0x00, 0x00, 0x00, 0x00, 0x00, 0x00, 0x00,
    0x00, 0x00, 0x00, 0x00, 0x00, 0x00, 0x00, 0x00, 0x00, 0x00, 0x00, 0x00, 0x00, 0x00, 0x00, 0x00,
    0x00, 0x00, 0x00, 0x00, 0x00, 0x00, 0x00, 0x00, 0x00, 0x00, 0x00, 0x00, 0x00, 0x00, 0x00, 0x00,
    0x00, 0x00, 0x00, 0x00, 0x00, 0x00, 0x00, 0x00, 0x00, 0x00, 0x00, 0x00, 0x00, 0x00, 0x00, 0x00,
    0x00, 0x00, 0x00, 0x00, 0x00, 0x00, 0x00, 0x00, 0x00, 0x00, 0x00, 0x00, 0x00, 0x00, 0x00, 0x00,
    0x00, 0x00, 0x00, 0x00, 0x00, 0x00, 0x00, 0x00, 0x00, 0x00, 0x00, 0x00, 0x00, 0x00, 0x00, 0x00,
    0x00, 0x00, 0x00, 0x00, 0x00, 0x00, 0x00, 0x00, 0x00, 0x00, 0x00, 0x00, 0x00, 0x00, 0x00, 0x00,
    0x00, 0x00, 0x00, 0x00, 0x00, 0x00, 0x00, 0x00, 0x00, 0x00, 0x00, 0x00, 0x00, 0x00, 0x00, 0x00,
    0x00, 0x00, 0x00, 0x00, 0x00, 0x00, 0x00, 0x00, 0x00, 0x00, 0x00, 0x00, 0x00, 0x00, 0x00, 0x00,
    0x00, 0x00, 0x00, 0x00, 0x00, 0x00, 0x00, 0x00, 0x00, 0x00, 0x00, 0x00, 0x00, 0x00, 0x00, 0x00,
    0x00, 0x00, 0x00, 0x00, 0x00, 0x00, 0x00, 0x00, 0x00, 0x00, 0x00, 0x00, 0x00, 0x00, 0x00, 0x00,
    0x00, 0x00, 0x00, 0x00, 0x00, 0x00, 0x00, 0x00, 0x00, 0x00, 0x00, 0x00, 0x00, 0x00, 0x00, 0x00,
    0x00, 0x00, 0x00, 0x00, 0x00, 0x00, 0x00, 0x00, 0x00, 0x00, 0x00, 0x00, 0x00, 0x00, 0x00, 0x00,
    0x00, 0x00, 0x00, 0x00, 0x00, 0x00, 0x00, 0x00, 0x00, 0x00, 0x00, 0x00, 0x00, 0x00, 0x00, 0x00,
    0x00, 0x00, 0x00, 0x00, 0x00, 0x00, 0x00, 0x00, 0x00, 0x00, 0x00, 0x00, 0x00, 0x00, 0x00, 0x00,
    0x00, 0x00, 0x00, 0x00, 0x00, 0x00, 0x00, 0x00, 0x00, 0x00, 0x00, 0x00, 0x00, 0x00, 0x00, 0x00,
    0x00, 0x00, 0x00, 0x00, 0x00, 0x00, 0x00, 0x00, 0x00, 0x00, 0x00, 0x00, 0x00, 0x00, 0x00, 0x00,
    0x00, 0x00, 0x00, 0x00, 0x00, 0x00, 0x00, 0x00, 0x00, 0x00, 0x00, 0x00, 0x00, 0x00, 0x00, 0x00,
    0x00, 0x00, 0x00, 0x00, 0x00, 0x00, 0x00, 0x00, 0x00, 0x00, 0x00, 0x00, 0x00, 0x00, 0x00, 0x00,
    0x00, 0x00, 0x00, 0x00, 0x00, 0x00, 0x00, 0x00, 0x00, 0x00, 0x00, 0x00, 0x00, 0x00, 0x00, 0x00,
    0x00, 0x00, 0x00, 0x00, 0x00, 0x00, 0x00, 0x00, 0x00, 0x00, 0x00, 0x00, 0x00, 0x00, 0x00, 0x00,
    0x00, 0x00, 0x00, 0x00, 0x00, 0x00, 0x00, 0x00, 0x00, 0x00, 0x00, 0x00, 0x00, 0x00, 0x00, 0x00,
    0x00, 0x00, 0x00, 0x00, 0x00, 0x00, 0x00, 0x00, 0x00, 0x00, 0x00, 0x00, 0x00, 0x00, 0x00, 0x00,
    0x00, 0x00, 0x00, 0x00, 0x00, 0x00, 0x00, 0x00, 0x00, 0x00, 0x00, 0x00, 0x00, 0x00, 0x00, 0x00,
    0x00, 0x00, 0x00, 0x00, 0x00, 0x00, 0x00, 0x00, 0x00, 0x00, 0x00, 0x00, 0x00, 0x00, 0x00, 0x00,
    0x00, 0x00, 0x00, 0x00, 0x00, 0x00, 0x00, 0x00, 0x00, 0x00, 0x00, 0x00, 0x00, 0x00, 0x00, 0x00,
    0x00, 0x00, 0x00, 0x00, 0x00, 0x00, 0x00, 0x00, 0x00, 0x00, 0x00, 0x00, 0x00, 0x00, 0x00, 0x00,
    0x00, 0x00, 0x00, 0x00, 0x00, 0x00, 0x00, 0x00, 0x00, 0x00, 0x00, 0x00, 0x00, 0x00, 0x00, 0x00,
    0x00, 0x00, 0x00, 0x00, 0x00, 0x00, 0x00, 0x00, 0x00, 0x00, 0x00, 0x00, 0x00, 0x00, 0x00, 0x00,
    0x00, 0x00, 0x00, 0x00, 0x00, 0x00, 0x00, 0x00, 0x00, 0x00, 0x00, 0x00, 0x00, 0x00, 0x00, 0x00,
    0x00, 0x00, 0x00, 0x00, 0x00, 0x00, 0x00, 0x00, 0x00, 0x00, 0x00, 0x00, 0x00, 0x00, 0x00, 0x00,
    0x00, 0x00, 0x00, 0x00, 0x00, 0x00, 0x00, 0x00, 0x00, 0x00, 0x00, 0x00, 0x00, 0x00, 0x00, 0x00,
    0x00, 0x00, 0x00, 0x00, 0x00, 0x00, 0x00, 0x00, 0x00, 0x00, 0x00, 0x00, 0x00, 0x00, 0x00, 0x00,
    0x00, 0x00, 0x00, 0x00, 0x00, 0x00, 0x00, 0x00, 0x00, 0x00, 0x00, 0x00, 0x00, 0x00, 0x00, 0x00,
    0x00, 0x00, 0x00, 0x00, 0x00, 0x00, 0x00, 0x00, 0x00, 0x00, 0x00, 0x00, 0x00, 0x00, 0x00, 0x00,
    0x00, 0x00, 0x00, 0x00, 0x00, 0x00, 0x00, 0x00, 0x00, 0x00, 0x00, 0x00, 0x00, 0x00, 0x00, 0x00,
    0x00, 0x00, 0x00, 0x00, 0x00, 0x00, 0x00, 0x00, 0x00, 0x00, 0x00, 0x00, 0x00, 0x00, 0x00, 0x00,
    0x00, 0x00, 0x00, 0x00, 0x00, 0x00, 0x00, 0x00, 0x00, 0x00, 0x00, 0x00, 0x00, 0x00, 0x00, 0x00,
    0x00, 0x00, 0x00, 0x00, 0x00, 0x00, 0x00, 0x00, 0x00, 0x00, 0x00, 0x00, 0x00, 0x00, 0x00, 0x00,
    0x00, 0x00, 0x00, 0x00, 0x00, 0x00, 0x00, 0x00, 0x00, 0x00, 0x00, 0x00, 0x00, 0x00, 0x00, 0x00,
    0x00, 0x00, 0x00, 0x00, 0x00, 0x00, 0x00, 0x00, 0x00, 0x00, 0x00, 0x00, 0x00, 0x00, 0x00, 0x00,
    0x00, 0x00, 0x00, 0x00, 0x00, 0x00, 0x00, 0x00, 0x00, 0x00, 0x00, 0x00, 0x00, 0x00, 0x00, 0x00,
    0x00, 0x00, 0x00, 0x00, 0x00, 0x00, 0x00, 0x00, 0x00, 0x00, 0x00, 0x00, 0x00, 0x00, 0x00, 0x00,
    0x00, 0x00, 0x00, 0x00, 0x00, 0x00, 0x00, 0x00, 0x00, 0x00, 0x00, 0x00, 0x00, 0x00, 0x00, 0x00,
    0x00, 0x00, 0x00, 0x00, 0x00, 0x00, 0x00, 0x00, 0x00, 0x00, 0x00, 0x00, 0x00, 0x00, 0x00, 0x00,
    0x00, 0x00, 0x00, 0x00, 0x00, 0x00, 0x00, 0x00, 0x00, 0x00, 0x00, 0x00, 0x00, 0x00, 0x00, 0x00,
    0x00, 0x00, 0x00, 0x00, 0x00, 0x00, 0x00, 0x00, 0x00, 0x00, 0x00, 0x00, 0x00, 0x00, 0x00, 0x00,
    0x00, 0x00, 0x00, 0x00, 0x00, 0x00, 0x00, 0x00, 0x00, 0x00, 0x00, 0x00, 0x00, 0x00, 0x00, 0x00,
    0x00, 0x00, 0x00, 0x00, 0x00, 0x00, 0x00, 0x00, 0x00, 0x00, 0x00, 0x00, 0x00, 0x00, 0x00, 0x00,
    0x00, 0x00, 0x00, 0x00, 0x00, 0x00, 0x00, 0x00, 0x00, 0x00, 0x00, 0x00, 0x00, 0x00, 0x00, 0x00,
    0x00, 0x00, 0x00, 0x00, 0x00, 0x00, 0x00, 0x00, 0x00, 0x00, 0x00, 0x00, 0x00, 0x00, 0x00, 0x00,
    0x00, 0x00, 0x00, 0x00, 0x00, 0x00, 0x00, 0x00, 0x00, 0x00, 0x00, 0x00, 0x00, 0x00, 0x00, 0x00,
    0x00, 0x00, 0x00, 0x00, 0x00, 0x00, 0x00, 0x00, 0x00, 0x00, 0x00, 0x00, 0x00, 0x00, 0x00, 0x00,
    0x00, 0x00, 0x00, 0x00, 0x00, 0x00, 0x00, 0x00, 0x00, 0x00, 0x00, 0x00, 0x00, 0x00, 0x00, 0x00,
    0x00, 0x00, 0x00, 0x00, 0x00, 0x00, 0x00, 0x00, 0x00, 0x00, 0x00, 0x00, 0x00, 0x00, 0x00, 0x00,
    0x00, 0x00, 0x00, 0x00, 0x00, 0x00, 0x00, 0x00, 0x00, 0x00, 0x00, 0x00, 0x00, 0x00, 0x00, 0x00,
    0x00, 0x00, 0x00, 0x00, 0x00, 0x00, 0x00, 0x00, 0x00, 0x00, 0x00, 0x00, 0x00, 0x00, 0x00, 0x00,
    0x00, 0x00, 0x00, 0x00, 0x00, 0x00, 0x00, 0x00, 0x00, 0x00, 0x00, 0x00, 0x00, 0x00, 0x00, 0x00,
    0x00, 0x00, 0x00, 0x00, 0x00, 0x00, 0x00, 0x00, 0x00, 0x00, 0x00, 0x00, 0x00, 0x00, 0x00, 0x00,
    0x00, 0x00, 0x00, 0x00, 0x00, 0x00, 0x00, 0x00, 0x00, 0x00, 0x00, 0x00, 0x00, 0x00, 0x00, 0x00,
    0x00, 0x00, 0x00, 0x00, 0x00, 0x00, 0x00, 0x00, 0x00, 0x00, 0x00, 0x00, 0x00, 0x00, 0x00, 0x00,
    0x00, 0x00, 0x00, 0x00, 0x00, 0x00, 0x00, 0x00, 0x00, 0x00, 0x00, 0x00, 0x00, 0x00, 0x00, 0x00,
    0x00, 0x00, 0x00, 0x00, 0x00, 0x00, 0x00, 0x00, 0x00, 0x00, 0x00, 0x00, 0x00, 0x00, 0x00, 0x00,
    0x00, 0x00, 0x00, 0x00, 0x00, 0x00, 0x00, 0x00, 0x00, 0x00, 0x00, 0x00, 0x00, 0x00, 0x00, 0x00,
    0x00, 0x00, 0x00, 0x00, 0x00, 0x00, 0x00, 0x00, 0x00, 0x00, 0x00, 0x00, 0x00, 0x00, 0x00, 0x00,
    0x00, 0x00, 0x00, 0x00, 0x00, 0x00, 0x00, 0x00, 0x00, 0x00, 0x00, 0x00, 0x00, 0x00, 0x00, 0x00,
    0x00, 0x00, 0x00, 0x00, 0x00, 0x00, 0x00, 0x00, 0x00, 0x00, 0x00, 0x00, 0x00, 0x00, 0x00, 0x00,
    0x00, 0x00, 0x00, 0x00, 0x00, 0x00, 0x00, 0x00, 0x00, 0x00, 0x00, 0x00, 0x00, 0x00, 0x00, 0x00,
    0x00, 0x00, 0x00, 0x00, 0x00, 0x00, 0x00, 0x00, 0x00, 0x00, 0x00, 0x00, 0x00, 0x00, 0x00, 0x00,
    0x00, 0x00, 0x00, 0x00, 0x00, 0x00, 0x00, 0x00, 0x00, 0x00, 0x00, 0x00, 0x00, 0x00, 0x00, 0x00,
    0x00, 0x00, 0x00, 0x00, 0x00, 0x00, 0x00, 0x00, 0x00, 0x00, 0x00, 0x00, 0x00, 0x00, 0x00, 0x00,
    0x00, 0x00, 0x00, 0x00, 0x00, 0x00, 0x00, 0x00, 0x00, 0x00, 0x00, 0x00, 0x00, 0x00, 0x00, 0x00,
    0x00, 0x00, 0x00, 0x00, 0x00, 0x00, 0x00, 0x00, 0x00, 0x00, 0x00, 0x00, 0x00, 0x00, 0x00, 0x00,
    0x00, 0x00, 0x00, 0x00, 0x00, 0x00, 0x00, 0x00, 0x00, 0x00, 0x00, 0x00, 0x00, 0x00, 0x00, 0x00,
    0x00, 0x00, 0x00, 0x00, 0x00, 0x00, 0x00, 0x00, 0x00, 0x00, 0x00, 0x00, 0x00, 0x00, 0x00, 0x00,
    0x00, 0x00, 0x00, 0x00, 0x00, 0x00, 0x00, 0x00, 0x00, 0x00, 0x00, 0x00, 0x00, 0x00, 0x00, 0x00,
    0x00, 0x00, 0x00, 0x00, 0x00, 0x00, 0x00, 0x00, 0x00, 0x00, 0x00, 0x00, 0x00, 0x00, 0x00, 0x00,
    0x00, 0x00, 0x00, 0x00, 0x00, 0x00, 0x00, 0x00, 0x00, 0x00, 0x00, 0x00, 0x00, 0x00, 0x00, 0x00,
    0x00, 0x00, 0x00, 0x00, 0x00, 0x00, 0x00, 0x00, 0x00, 0x00, 0x00, 0x00, 0x00, 0x00, 0x00, 0x00,
    0x00, 0x00, 0x00, 0x00, 0x00, 0x00, 0x00, 0x00, 0x00, 0x00, 0x00, 0x00, 0x00, 0x00, 0x00, 0x00,
    0x00, 0x00, 0x00, 0x00, 0x00, 0x00, 0x00, 0x00, 0x00, 0x00, 0x00, 0x00, 0x00, 0x00, 0x00, 0x00,
    0x00, 0x00, 0x00, 0x00, 0x00, 0x00, 0x00, 0x00, 0x00, 0x00, 0x00, 0x00, 0x00, 0x00, 0x00, 0x00,
    0x00, 0x00, 0x00, 0x00, 0x00, 0x00, 0x00, 0x00, 0x00, 0x00, 0x00, 0x00, 0x00, 0x00, 0x00, 0x00,
    0x00, 0x00, 0x00, 0x00, 0x00, 0x00, 0x00, 0x00, 0x00, 0x00, 0x00, 0x00, 0x00, 0x00, 0x00, 0x00,
    0x00, 0x00, 0x00, 0x00, 0x00, 0x00, 0x00, 0x00, 0x00, 0x00, 0x00, 0x00, 0x00, 0x00, 0x00, 0x00,
    0x00, 0x00, 0x00, 0x00, 0x00, 0x00, 0x00, 0x00, 0x00, 0x00, 0x00, 0x00, 0x00, 0x00, 0x00, 0x00,
    0x00, 0x00, 0x00, 0x00, 0x00, 0x00, 0x00, 0x00, 0x00, 0x00, 0x00, 0x00, 0x00, 0x00, 0x00, 0x00,
    0x00, 0x00, 0x00, 0x00, 0x00, 0x00, 0x00, 0x00, 0x00, 0x00, 0x00, 0x00, 0x00, 0x00, 0x00, 0x00,
    0x00, 0x00, 0x00, 0x00, 0x00, 0x00, 0x00, 0x00, 0x00, 0x00, 0x00, 0x00, 0x00, 0x00, 0x00, 0x00,
    0x00, 0x00, 0x00, 0x00, 0x00, 0x00, 0x00, 0x00, 0x00, 0x00, 0x00, 0x00, 0x00, 0x00, 0x00, 0x00,
    0x00, 0x00, 0x00, 0x00, 0x00, 0x00, 0x00, 0x00, 0x00, 0x00, 0x00, 0x00, 0x00, 0x00, 0x00, 0x00,
    0x00, 0x00, 0x00, 0x00, 0x00, 0x00, 0x00, 0x00, 0x00, 0x00, 0x00, 0x00, 0x00, 0x00, 0x00, 0x00,
    0x00, 0x00, 0x00, 0x00, 0x00, 0x00, 0x00, 0x00, 0x00, 0x00, 0x00, 0x00, 0x00, 0x00, 0x00, 0x00,
    0x00, 0x00, 0x00, 0x00, 0x00, 0x00, 0x00, 0x00, 0x00, 0x00, 0x00, 0x00, 0x00, 0x00, 0x00, 0x00,
    0x00, 0x00, 0x00, 0x00, 0x00, 0x00, 0x00, 0x00, 0x00, 0x00, 0x00, 0x00, 0x00, 0x00, 0x00, 0x00,
    0x00, 0x00, 0x00, 0x00, 0x00, 0x00, 0x00, 0x00, 0x00, 0x00, 0x00, 0x00, 0x00, 0x00, 0x00, 0x00,
    0x00, 0x00, 0x00, 0x00, 0x00, 0x00, 0x00, 0x00, 0x00, 0x00, 0x00, 0x00, 0x00, 0x00, 0x00, 0x00,
    0x00, 0x00, 0x00, 0x00, 0x00, 0x00, 0x00, 0x00, 0x00, 0x00, 0x00, 0x00, 0x00, 0x00, 0x00, 0x00,
    0x00, 0x00, 0x00, 0x00, 0x00, 0x00, 0x00, 0x00, 0x00, 0x00, 0x00, 0x00, 0x00, 0x00, 0x00, 0x00,
    0x00, 0x00, 0x00, 0x00, 0x00, 0x00, 0x00, 0x00, 0x00, 0x00, 0x00, 0x00, 0x00, 0x00, 0x00, 0x00,
    0x00, 0x00, 0x00, 0x00, 0x00, 0x00, 0x00, 0x00, 0x00, 0x00, 0x00, 0x00, 0x00, 0x00, 0x00, 0x00,
    0x00, 0x00, 0x00, 0x00, 0x00, 0x00, 0x00, 0x00, 0x00, 0x00, 0x00, 0x00, 0x00, 0x00, 0x00, 0x00,
    0x00, 0x00, 0x00, 0x00, 0x00, 0x00, 0x00, 0x00, 0x00, 0x00, 0x00, 0x00, 0x00, 0x00, 0x00, 0x00,
    0x00, 0x00, 0x00, 0x00, 0x00, 0x00, 0x00, 0x00, 0x00, 0x00, 0x00, 0x00, 0x00, 0x00, 0x00, 0x00,
    0x00, 0x00, 0x00, 0x00, 0x00, 0x00, 0x00, 0x00, 0x00, 0x00, 0x00, 0x00, 0x00, 0x00, 0x00, 0x00,
    0x00, 0x00, 0x00, 0x00, 0x00, 0x00, 0x00, 0x00, 0x00, 0x00, 0x00, 0x00, 0x00, 0x00, 0x00, 0x00,
    0x00, 0x00, 0x00, 0x00, 0x00, 0x00, 0x00, 0x00, 0x00, 0x00, 0x00, 0x00, 0x00, 0x00, 0x00, 0x00,
    0x00, 0x00, 0x00, 0x00, 0x00, 0x00, 0x00, 0x00, 0x00, 0x00, 0x00, 0x00, 0x00, 0x00, 0x00, 0x00,
    0x00, 0x00, 0x00, 0x00, 0x00, 0x00, 0x00, 0x00, 0x00, 0x00, 0x00, 0x00, 0x00, 0x00, 0x00, 0x00,
    0x00, 0x00, 0x00, 0x00, 0x00, 0x00, 0x00, 0x00, 0x00, 0x00, 0x00, 0x00, 0x00, 0x00, 0x00, 0x00,
    0x00, 0x00, 0x00, 0x00, 0x00, 0x00, 0x00, 0x00, 0x00, 0x00, 0x00, 0x00, 0x00, 0x00, 0x00, 0x00,
    0x00, 0x00, 0x00, 0x00, 0x00, 0x00, 0x00, 0x00, 0x00, 0x00, 0x00, 0x00, 0x00, 0x00, 0x00, 0x00,
    0x00, 0x00, 0x00, 0x00, 0x00, 0x00, 0x00, 0x00, 0x00, 0x00, 0x00, 0x00, 0x00, 0x00, 0x00, 0x00,
    0x00, 0x00, 0x00, 0x00, 0x00, 0x00, 0x00, 0x00, 0x00, 0x00, 0x00, 0x00, 0x00, 0x00, 0x00, 0x00,
    0x00, 0x00, 0x00, 0x00, 0x00, 0x00, 0x00, 0x00, 0x00, 0x00, 0x00, 0x00, 0x00, 0x00, 0x00, 0x00,
    0x00, 0x00, 0x00, 0x00, 0x00, 0x00, 0x00, 0x00, 0x00, 0x00, 0x00, 0x00, 0x00, 0x00, 0x00, 0x00,
    0x00, 0x00, 0x00, 0x00, 0x00, 0x00, 0x00, 0x00, 0x00, 0x00, 0x00, 0x00, 0x00, 0x00, 0x00, 0x00,
    0x00, 0x00, 0x00, 0x00, 0x00, 0x00, 0x00, 0x00, 0x00, 0x00, 0x00, 0x00, 0x00, 0x00, 0x00, 0x00,
    0x00, 0x00, 0x00, 0x00, 0x00, 0x00, 0x00, 0x00, 0x00, 0x00, 0x00, 0x00, 0x00, 0x00, 0x00, 0x00,
    0x00, 0x00, 0x00, 0x00, 0x00, 0x00, 0x00, 0x00, 0x00, 0x00, 0x00, 0x00, 0x00, 0x00, 0x00, 0x00,
    0x00, 0x00, 0x00, 0x00, 0x00, 0x00, 0x00, 0x00, 0x00, 0x00, 0x00, 0x00, 0x00, 0x00, 0x00, 0x00,
    0x00, 0x00, 0x00, 0x00, 0x00, 0x00, 0x00, 0x00, 0x00, 0x00, 0x00, 0x00, 0x00, 0x00, 0x00, 0x00,
    0x00, 0x00, 0x00, 0x00, 0x00, 0x00, 0x00, 0x00, 0x00, 0x00, 0x00, 0x00, 0x00, 0x00, 0x00, 0x00,
    0x00, 0x00, 0x00, 0x00, 0x00, 0x00, 0x00, 0x00, 0x00, 0x00, 0x00, 0x00, 0x00, 0x00, 0x00, 0x00,
    0x00, 0x00, 0x00, 0x00, 0x00, 0x00, 0x00, 0x00, 0x00, 0x00, 0x00, 0x00, 0x00, 0x00, 0x00, 0x00,
    0x00, 0x00, 0x00, 0x00, 0x00, 0x00, 0x00, 0x00, 0x00, 0x00, 0x00, 0x00, 0x00, 0x00, 0x00, 0x00,
    0x00, 0x00, 0x00, 0x00, 0x00, 0x00, 0x00, 0x00, 0x00, 0x00, 0x00, 0x00, 0x00, 0x00, 0x00, 0x00,
    0x00, 0x00, 0x00, 0x00, 0x00, 0x00, 0x00, 0x00, 0x00, 0x00, 0x00, 0x00, 0x00, 0x00, 0x00, 0x00,
    0x00, 0x00, 0x00, 0x00, 0x00, 0x00, 0x00, 0x00, 0x00, 0x00, 0x00, 0x00, 0x00, 0x00, 0x00, 0x00,
    0x00, 0x00, 0x00, 0x00, 0x00, 0x00, 0x00, 0x00, 0x00, 0x00, 0x00, 0x00, 0x00, 0x00, 0x00, 0x00,
    0x00, 0x00, 0x00, 0x00, 0x00, 0x00, 0x00, 0x00, 0x00, 0x00, 0x00, 0x00, 0x00, 0x00, 0x00, 0x00,
    0x00, 0x00, 0x00, 0x00, 0x00, 0x00, 0x00, 0x00, 0x00, 0x00, 0x00, 0x00, 0x00, 0x00, 0x00, 0x00,
    0x00, 0x00, 0x00, 0x00, 0x00, 0x00, 0x00, 0x00, 0x00, 0x00, 0x00, 0x00, 0x00, 0x00, 0x00, 0x00,
    0x00, 0x00, 0x00, 0x00, 0x00, 0x00, 0x00, 0x00, 0x00, 0x00, 0x00, 0x00, 0x00, 0x00, 0x00, 0x00,
    0x00, 0x00, 0x00, 0x00, 0x00, 0x00, 0x00, 0x00, 0x00, 0x00, 0x00, 0x00, 0x00, 0x00, 0x00, 0x00,
    0x00, 0x00, 0x00, 0x00, 0x00, 0x00, 0x00, 0x00, 0x00, 0x00, 0x00, 0x00, 0x00, 0x00, 0x00, 0x00,
    0x00, 0x00, 0x00, 0x00, 0x00, 0x00, 0x00, 0x00, 0x00, 0x00, 0x00, 0x00, 0x00, 0x00, 0x00, 0x00,
    0x00, 0x00, 0x00, 0x00, 0x00, 0x00, 0x00, 0x00, 0x00, 0x00, 0x00, 0x00, 0x00, 0x00, 0x00, 0x00,
    0x00, 0x00, 0x00, 0x00, 0x00, 0x00, 0x00, 0x00, 0x00, 0x00, 0x00, 0x00, 0x00, 0x00, 0x00, 0x00,
    0x00, 0x00, 0x00, 0x00, 0x00, 0x00, 0x00, 0x00, 0x00, 0x00, 0x00, 0x00, 0x00, 0x00, 0x00, 0x00,
    0x00, 0x00, 0x00, 0x00, 0x00, 0x00, 0x00, 0x00, 0x00, 0x00, 0x00, 0x00, 0x00, 0x00, 0x00, 0x00,
    0x00, 0x00, 0x00, 0x00, 0x00, 0x00, 0x00, 0x00, 0x00, 0x00, 0x00, 0x00, 0x00, 0x00, 0x00, 0x00,
    0x00, 0x00, 0x00, 0x00, 0x00, 0x00, 0x00, 0x00, 0x00, 0x00, 0x00, 0x00, 0x00, 0x00, 0x00, 0x00,
    0x00, 0x00, 0x00, 0x00, 0x00, 0x00, 0x00, 0x00, 0x00, 0x00, 0x00, 0x00, 0x00, 0x00, 0x00, 0x00,
    0x00, 0x00, 0x00, 0x00, 0x00, 0x00, 0x00, 0x00, 0x00, 0x00, 0x00, 0x00, 0x00, 0x00, 0x00, 0x00,
    0x00, 0x00, 0x00, 0x00, 0x00, 0x00, 0x00, 0x00, 0x00, 0x00, 0x00, 0x00, 0x00, 0x00, 0x00, 0x00,
    0x00, 0x00, 0x00, 0x00, 0x00, 0x00, 0x00, 0x00, 0x00, 0x00, 0x00, 0x00, 0x00, 0x00, 0x00, 0x00,
    0x00, 0x00, 0x00, 0x00, 0x00, 0x00, 0x00, 0x00, 0x00, 0x00, 0x00, 0x00, 0x00, 0x00, 0x00, 0x00,
    0x00, 0x00, 0x00, 0x00, 0x00, 0x00, 0x00, 0x00, 0x00, 0x00, 0x00, 0x00, 0x00, 0x00, 0x00, 0x00,
    0x00, 0x00, 0x00, 0x00, 0x00, 0x00, 0x00, 0x00, 0x00, 0x00, 0x00, 0x00, 0x00, 0x00, 0x00, 0x00,
    0x00, 0x00, 0x00, 0x00, 0x00, 0x00, 0x00, 0x00, 0x00, 0x00, 0x00, 0x00, 0x00, 0x00, 0x00, 0x00,
    0x00, 0x00, 0x00, 0x00, 0x00, 0x00, 0x00, 0x00, 0x00, 0x00, 0x00, 0x00, 0x00, 0x00, 0x00, 0x00,
    0x00, 0x00, 0x00, 0x00, 0x00, 0x00, 0x00, 0x00, 0x00, 0x00, 0x00, 0x00, 0x00, 0x00, 0x00, 0x00,
    0x00, 0x00, 0x00, 0x00, 0x00, 0x00, 0x00, 0x00, 0x00, 0x00, 0x00, 0x00, 0x00, 0x00, 0x00, 0x00,
    0x00, 0x00, 0x00, 0x00, 0x00, 0x00, 0x00, 0x00, 0x00, 0x00, 0x00, 0x00, 0x00, 0x00, 0x00, 0x00,
    0x00, 0x00, 0x00, 0x00, 0x00, 0x00, 0x00, 0x00, 0x00, 0x00, 0x00, 0x00, 0x00, 0x00, 0x00, 0x00,
    0x00, 0x00, 0x00, 0x00, 0x00, 0x00, 0x00, 0x00, 0x00, 0x00, 0x00, 0x00, 0x00, 0x00, 0x00, 0x00,
    0x00, 0x00, 0x00, 0x00, 0x00, 0x00, 0x00, 0x00, 0x00, 0x00, 0x00, 0x00, 0x00, 0x00, 0x00, 0x00,
    0x00, 0x00, 0x00, 0x00, 0x00, 0x00, 0x00, 0x00, 0x00, 0x00, 0x00, 0x00, 0x00, 0x00, 0x00, 0x00,
    0x00, 0x00, 0x00, 0x00, 0x00, 0x00, 0x00, 0x00, 0x00, 0x00, 0x00, 0x00, 0x00, 0x00, 0x00, 0x00,
    0x00, 0x00, 0x00, 0x00, 0x00, 0x00, 0x00, 0x00, 0x00, 0x00, 0x00, 0x00, 0x00, 0x00, 0x00, 0x00,
    0x00, 0x00, 0x00, 0x00, 0x00, 0x00, 0x00, 0x00, 0x00, 0x00, 0x00, 0x00, 0x00, 0x00, 0x00, 0x00,
    0x00, 0x00, 0x00, 0x00, 0x00, 0x00, 0x00, 0x00, 0x00, 0x00, 0x00, 0x00, 0x00, 0x00, 0x00, 0x00,
    0x00, 0x00, 0x00, 0x00, 0x00, 0x00, 0x00, 0x00, 0x00, 0x00, 0x00, 0x00, 0x00, 0x00, 0x00, 0x00,
    0x00, 0x00, 0x00, 0x00, 0x00, 0x00, 0x00, 0x00, 0x00, 0x00, 0x00, 0x00, 0x00, 0x00, 0x00, 0x00,
    0x00, 0x00, 0x00, 0x00, 0x00, 0x00, 0x00, 0x00, 0x00, 0x00, 0x00, 0x00, 0x00, 0x00, 0x00, 0x00,
    0x00, 0x00, 0x00, 0x00, 0x00, 0x00, 0x00, 0x00, 0x00, 0x00, 0x00, 0x00, 0x00, 0x00, 0x00, 0x00,
    0x00, 0x00, 0x00, 0x00, 0x00, 0x00, 0x00, 0x00, 0x00, 0x00, 0x00, 0x00, 0x00, 0x00, 0x00, 0x00,
    0x00, 0x00, 0x00, 0x00, 0x00, 0x00, 0x00, 0x00, 0x00, 0x00, 0x00, 0x00, 0x00, 0x00, 0x00, 0x00,
    0x00, 0x00, 0x00, 0x00, 0x00, 0x00, 0x00, 0x00, 0x00, 0x00, 0x00, 0x00, 0x00, 0x00, 0x00, 0x00,
    0x00, 0x00, 0x00, 0x00, 0x00, 0x00, 0x00, 0x00, 0x00, 0x00, 0x00, 0x00, 0x00, 0x00, 0x00, 0x00,
    0x00, 0x00, 0x00, 0x00, 0x00, 0x00, 0x00, 0x00, 0x00, 0x00, 0x00, 0x00, 0x00, 0x00, 0x00, 0x00,
    0x00, 0x00, 0x00, 0x00, 0x00, 0x00, 0x00, 0x00, 0x00, 0x00, 0x00, 0x00, 0x00, 0x00, 0x00, 0x00,
    0x00, 0x00, 0x00, 0x00, 0x00, 0x00, 0x00, 0x00, 0x00, 0x00, 0x00, 0x00, 0x00, 0x00, 0x00, 0x00,
    0x00, 0x00, 0x00, 0x00, 0x00, 0x00, 0x00, 0x00, 0x00, 0x00, 0x00, 0x00, 0x00, 0x00, 0x00, 0x00,
    0x00, 0x00, 0x00, 0x00, 0x00, 0x00, 0x00, 0x00, 0x00, 0x00, 0x00, 0x00, 0x00, 0x00, 0x00, 0x00,
    0x00, 0x00, 0x00, 0x00, 0x00, 0x00, 0x00, 0x00, 0x00, 0x00, 0x00, 0x00, 0x00, 0x00, 0x00, 0x00,
    0x00, 0x00, 0x00, 0x00, 0x00, 0x00, 0x00, 0x00, 0x00, 0x00, 0x00, 0x00, 0x00, 0x00, 0x00, 0x00,
    0x00, 0x00, 0x00, 0x00, 0x00, 0x00, 0x00, 0x00, 0x00, 0x00, 0x00, 0x00, 0x00, 0x00, 0x00, 0x00,
    0x00, 0x00, 0x00, 0x00, 0x00, 0x00, 0x00, 0x00, 0x00, 0x00, 0x00, 0x00, 0x00, 0x00, 0x00, 0x00,
    0x00, 0x00, 0x00, 0x00, 0x00, 0x00, 0x00, 0x00, 0x00, 0x00, 0x00, 0x00, 0x00, 0x00, 0x00, 0x00,
    0x00, 0x00, 0x00, 0x00, 0x00, 0x00, 0x00, 0x00, 0x00, 0x00, 0x00, 0x00, 0x00, 0x00, 0x00, 0x00,
    0x00, 0x00, 0x00, 0x00, 0x00, 0x00, 0x00, 0x00, 0x00, 0x00, 0x00, 0x00, 0x00, 0x00, 0x00, 0x00,
    0x00, 0x00, 0x00, 0x00, 0x00, 0x00, 0x00, 0x00, 0x00, 0x00, 0x00, 0x00, 0x00, 0x00, 0x00, 0x00,
    0x00, 0x00, 0x00, 0x00, 0x00, 0x00, 0x00, 0x00, 0x00, 0x00, 0x00, 0x00, 0x00, 0x00, 0x00, 0x00,
    0x00, 0x00, 0x00, 0x00, 0x00, 0x00, 0x00, 0x00, 0x00, 0x00, 0x00, 0x00, 0x00, 0x00, 0x00, 0x00,
    0x00, 0x00, 0x00, 0x00, 0x00, 0x00, 0x00, 0x00, 0x00, 0x00, 0x00, 0x00, 0x00, 0x00, 0x00, 0x00,
    0x00, 0x00, 0x00, 0x00, 0x00, 0x00, 0x00, 0x00, 0x00, 0x00, 0x00, 0x00, 0x00, 0x00, 0x00, 0x00,
    0x00, 0x00, 0x00, 0x00, 0x00, 0x00, 0x00, 0x00, 0x00, 0x00, 0x00, 0x00, 0x00, 0x00, 0x00, 0x00,
    0x00, 0x00, 0x00, 0x00, 0x00, 0x00, 0x00, 0x00, 0x00, 0x00, 0x00, 0x00, 0x00, 0x00, 0x00, 0x00,
    0x00, 0x00, 0x00, 0x00, 0x00, 0x00, 0x00, 0x00, 0x00, 0x00, 0x00, 0x00, 0x00, 0x00, 0x00, 0x00,
    0x00, 0x00, 0x00, 0x00, 0x00, 0x00, 0x00, 0x00, 0x00, 0x00, 0x00, 0x00, 0x00, 0x00, 0x00, 0x00,
    0x00, 0x00, 0x00, 0x00, 0x00, 0x00, 0x00, 0x00, 0x00, 0x00, 0x00, 0x00, 0x00, 0x00, 0x00, 0x00,
    0x00, 0x00, 0x00, 0x00, 0x00, 0x00, 0x00, 0x00, 0x00, 0x00, 0x00, 0x00, 0x00, 0x00, 0x00, 0x00,
    0x00, 0x00, 0x00, 0x00, 0x00, 0x00, 0x00, 0x00, 0x00, 0x00, 0x00, 0x00, 0x00, 0x00, 0x00, 0x00,
    0x00, 0x00, 0x00, 0x00, 0x00, 0x00, 0x00, 0x00, 0x00, 0x00, 0x00, 0x00, 0x00, 0x00, 0x00, 0x00,
    0x00, 0x00, 0x00, 0x00, 0x00, 0x00, 0x00, 0x00, 0x00, 0x00, 0x00, 0x00, 0x00, 0x00, 0x00, 0x00,
    0x00, 0x00, 0x00, 0x00, 0x00, 0x00, 0x00, 0x00, 0x00, 0x00, 0x00, 0x00, 0x00, 0x00, 0x00, 0x00,
    0x00, 0x00, 0x00, 0x00, 0x00, 0x00, 0x00, 0x00, 0x00, 0x00, 0x00, 0x00, 0x00, 0x00, 0x00, 0x00,
    0x00, 0x00, 0x00, 0x00, 0x00, 0x00, 0x00, 0x00, 0x00, 0x00, 0x00, 0x00, 0x00, 0x00, 0x00, 0x00,
    0x00, 0x00, 0x00, 0x00, 0x00, 0x00, 0x00, 0x00, 0x00, 0x00, 0x00, 0x00, 0x00, 0x00, 0x00, 0x00,
    0x00, 0x00, 0x00, 0x00, 0x00, 0x00, 0x00, 0x00, 0x00, 0x00, 0x00, 0x00, 0x00, 0x00, 0x00, 0x00,
    0x00, 0x00, 0x00, 0x00, 0x00, 0x00, 0x00, 0x00, 0x00, 0x00, 0x00, 0x00, 0x00, 0x00, 0x00, 0x00,
    0x00, 0x00, 0x00, 0x00, 0x00, 0x00, 0x00, 0x00, 0x00, 0x00, 0x00, 0x00, 0x00, 0x00, 0x00, 0x00,
    0x00, 0x00, 0x00, 0x00, 0x00, 0x00, 0x00, 0x00, 0x00, 0x00, 0x00, 0x00, 0x00, 0x00, 0x00, 0x00,
    0x00, 0x00, 0x00, 0x00, 0x00, 0x00, 0x00, 0x00, 0x00, 0x00, 0x00, 0x00, 0x00, 0x00, 0x00, 0x00,
    0x00, 0x00, 0x00, 0x00, 0x00, 0x00, 0x00, 0x00, 0x00, 0x00, 0x00, 0x00, 0x00, 0x00, 0x00, 0x00,
    0x00, 0x00, 0x00, 0x00, 0x00, 0x00, 0x00, 0x00, 0x00, 0x00, 0x00, 0x00, 0x00, 0x00, 0x00, 0x00,
    0x00, 0x00, 0x00, 0x00, 0x00, 0x00, 0x00, 0x00, 0x00, 0x00, 0x00, 0x00, 0x00, 0x00, 0x00, 0x00,
    0x00, 0x00, 0x00, 0x00, 0x00, 0x00, 0x00, 0x00, 0x00, 0x00, 0x00, 0x00, 0x00, 0x00, 0x00, 0x00,
    0x00, 0x00, 0x00, 0x00, 0x00, 0x00, 0x00, 0x00, 0x00, 0x00, 0x00, 0x00, 0x00, 0x00, 0x00, 0x00,
    0x00, 0x00, 0x00, 0x00, 0x00, 0x00, 0x00, 0x00, 0x00, 0x00, 0x00, 0x00, 0x00, 0x00, 0x00, 0x00,
    0x00, 0x00, 0x00, 0x00, 0x00, 0x00, 0x00, 0x00, 0x00, 0x00, 0x00, 0x00, 0x00, 0x00, 0x00, 0x00,
    0x00, 0x00, 0x00, 0x00, 0x00, 0x00, 0x00, 0x00, 0x00, 0x00, 0x00, 0x00, 0x00, 0x00, 0x00, 0x00,
    0x00, 0x00, 0x00, 0x00, 0x00, 0x00, 0x00, 0x00, 0x00, 0x00, 0x00, 0x00, 0x00, 0x00, 0x00, 0x00,
    0x00, 0x00, 0x00, 0x00, 0x00, 0x00, 0x00, 0x00, 0x00, 0x00, 0x00, 0x00, 0x00, 0x00, 0x00, 0x00,
    0x00, 0x00, 0x00, 0x00, 0x00, 0x00, 0x00, 0x00, 0x00, 0x00, 0x00, 0x00, 0x00, 0x00, 0x00, 0x00,
    0x00, 0x00, 0x00, 0x00, 0x00, 0x00, 0x00, 0x00, 0x00, 0x00, 0x00, 0x00, 0x00, 0x00, 0x00, 0x00,
    0x00, 0x00, 0x00, 0x00, 0x00, 0x00, 0x00, 0x00, 0x00, 0x00, 0x00, 0x00, 0x00, 0x00, 0x00, 0x00,
    0x00, 0x00, 0x00, 0x00, 0x00, 0x00, 0x00, 0x00, 0x00, 0x00, 0x00, 0x00, 0x00, 0x00, 0x00, 0x00,
    0x00, 0x00, 0x00, 0x00, 0x00, 0x00, 0x00, 0x00, 0x00, 0x00, 0x00, 0x00, 0x00, 0x00, 0x00, 0x00,
    0x00, 0x00, 0x00, 0x00, 0x00, 0x00, 0x00, 0x00, 0x00, 0x00, 0x00, 0x00, 0x00, 0x00, 0x00, 0x00,
    0x00, 0x00, 0x00, 0x00, 0x00, 0x00, 0x00, 0x00, 0x00, 0x00, 0x00, 0x00, 0x00, 0x00, 0x00, 0x00,
    0x00, 0x00, 0x00, 0x00, 0x00, 0x00, 0x00, 0x00, 0x00, 0x00, 0x00, 0x00, 0x00, 0x00, 0x00, 0x00,
    0x00, 0x00, 0x00, 0x00, 0x00, 0x00, 0x00, 0x00, 0x00, 0x00, 0x00, 0x00, 0x00, 0x00, 0x00, 0x00,
    0x00, 0x00, 0x00, 0x00, 0x00, 0x00, 0x00, 0x00, 0x00, 0x00, 0x00, 0x00, 0x00, 0x00, 0x00, 0x00,
    0x00, 0x00, 0x00, 0x00, 0x00, 0x00, 0x00, 0x00, 0x00, 0x00, 0x00, 0x00, 0x00, 0x00, 0x00, 0x00,
    0x00, 0x00, 0x00, 0x00, 0x00, 0x00, 0x00, 0x00, 0x00, 0x00, 0x00, 0x00, 0x00, 0x00, 0x00, 0x00,
    0x00, 0x00, 0x00, 0x00, 0x00, 0x00, 0x00, 0x00, 0x00, 0x00, 0x00, 0x00, 0x00, 0x00, 0x00, 0x00,
    0x00, 0x00, 0x00, 0x00, 0x00, 0x00, 0x00, 0x00, 0x00, 0x00, 0x00, 0x00, 0x00, 0x00, 0x00, 0x00,
    0x00, 0x00, 0x00, 0x00, 0x00, 0x00, 0x00, 0x00, 0x00, 0x00, 0x00, 0x00, 0x00, 0x00, 0x00, 0x00,
    0x00, 0x00, 0x00, 0x00, 0x00, 0x00, 0x00, 0x00, 0x00, 0x00, 0x00, 0x00, 0x00, 0x00, 0x00, 0x00,
    0x00, 0x00, 0x00, 0x00, 0x00, 0x00, 0x00, 0x00, 0x00, 0x00, 0x00, 0x00, 0x00, 0x00, 0x00, 0x00,
    0x00, 0x00, 0x00, 0x00, 0x00, 0x00, 0x00, 0x00, 0x00, 0x00, 0x00, 0x00, 0x00, 0x00, 0x00, 0x00,
    0x00, 0x00, 0x00, 0x00, 0x00, 0x00, 0x00, 0x00, 0x00, 0x00, 0x00, 0x00, 0x00, 0x00, 0x00, 0x00,
    0x00, 0x00, 0x00, 0x00, 0x00, 0x00, 0x00, 0x00, 0x00, 0x00, 0x00, 0x00, 0x00, 0x00, 0x00, 0x00,
    0x00, 0x00, 0x00, 0x00, 0x00, 0x00, 0x00, 0x00, 0x00, 0x00, 0x00, 0x00, 0x00, 0x00, 0x00, 0x00,
    0x00, 0x00, 0x00, 0x00, 0x00, 0x00, 0x00, 0x00, 0x00, 0x00, 0x00, 0x00, 0x00, 0x00, 0x00, 0x00,
    0x00, 0x00, 0x00, 0x00, 0x00, 0x00, 0x00, 0x00, 0x00, 0x00, 0x00, 0x00, 0x00, 0x00, 0x00, 0x00,
    0x00, 0x00, 0x00, 0x00, 0x00, 0x00, 0x00, 0x00, 0x00, 0x00, 0x00, 0x00, 0x00, 0x00, 0x00, 0x00,
    0x00, 0x00, 0x00, 0x00, 0x00, 0x00, 0x00, 0x00, 0x00, 0x00, 0x00, 0x00, 0x00, 0x00, 0x00, 0x00,
    0x00, 0x00, 0x00, 0x00, 0x00, 0x00, 0x00, 0x00, 0x00, 0x00, 0x00, 0x00, 0x00, 0x00, 0x00, 0x00,
    0x00, 0x00, 0x00, 0x00, 0x00, 0x00, 0x00, 0x00, 0x00, 0x00, 0x00, 0x00, 0x00, 0x00, 0x00, 0x00,
    0x00, 0x00, 0x00, 0x00, 0x00, 0x00, 0x00, 0x00, 0x00, 0x00, 0x00, 0x00, 0x00, 0x00, 0x00, 0x00,
    0x00, 0x00, 0x00, 0x00, 0x00, 0x00, 0x00, 0x00, 0x00, 0x00, 0x00, 0x00, 0x00, 0x00, 0x00, 0x00,
    0x00, 0x00, 0x00, 0x00, 0x00, 0x00, 0x00, 0x00, 0x00, 0x00, 0x00, 0x00, 0x00, 0x00, 0x00, 0x00,
    0x00, 0x00, 0x00, 0x00, 0x00, 0x00, 0x00, 0x00, 0x00, 0x00, 0x00, 0x00, 0x00, 0x00, 0x00, 0x00,
    0x00, 0x00, 0x00, 0x00, 0x00, 0x00, 0x00, 0x00, 0x00, 0x00, 0x00, 0x00, 0x00, 0x00, 0x00, 0x00,
    0x00, 0x00, 0x00, 0x00, 0x00, 0x00, 0x00, 0x00, 0x00, 0x00, 0x00, 0x00, 0x00, 0x00, 0x00, 0x00,
    0x00, 0x00, 0x00, 0x00, 0x00, 0x00, 0x00, 0x00, 0x00, 0x00, 0x00, 0x00, 0x00, 0x00, 0x00, 0x00,
    0x00, 0x00, 0x00, 0x00, 0x00, 0x00, 0x00, 0x00, 0x00, 0x00, 0x00, 0x00, 0x00, 0x00, 0x00, 0x00,
    0x00, 0x00, 0x00, 0x00, 0x00, 0x00, 0x00, 0x00, 0x00, 0x00, 0x00, 0x00, 0x00, 0x00, 0x00, 0x00,
    0x00, 0x00, 0x00, 0x00, 0x00, 0x00, 0x00, 0x00, 0x00, 0x00, 0x00, 0x00, 0x00, 0x00, 0x00, 0x00,
    0x00, 0x00, 0x00, 0x00, 0x00, 0x00, 0x00, 0x00, 0x00, 0x00, 0x00, 0x00, 0x00, 0x00, 0x00, 0x00,
    0x00, 0x00, 0x00, 0x00, 0x00, 0x00, 0x00, 0x00, 0x00, 0x00, 0x00, 0x00, 0x00, 0x00, 0x00, 0x00,
    0x00, 0x00, 0x00, 0x00, 0x00, 0x00, 0x00, 0x00, 0x00, 0x00, 0x00, 0x00, 0x00, 0x00, 0x00, 0x00,
    0x00, 0x00, 0x00, 0x00, 0x00, 0x00, 0x00, 0x00, 0x00, 0x00, 0x00, 0x00, 0x00, 0x00, 0x00, 0x00,
    0x00, 0x00, 0x00, 0x00, 0x00, 0x00, 0x00, 0x00, 0x00, 0x00, 0x00, 0x00, 0x00, 0x00, 0x00, 0x00,
    0x00, 0x00, 0x00, 0x00, 0x00, 0x00, 0x00, 0x00, 0x00, 0x00, 0x00, 0x00, 0x00, 0x00, 0x00, 0x00,
    0x00, 0x00, 0x00, 0x00, 0x00, 0x00, 0x00, 0x00, 0x00, 0x00, 0x00, 0x00, 0x00, 0x00, 0x00, 0x00,
    0x00, 0x00, 0x00, 0x00, 0x00, 0x00, 0x00, 0x00, 0x00, 0x00, 0x00, 0x00, 0x00, 0x00, 0x00, 0x00,
    0x00, 0x00, 0x00, 0x00, 0x00, 0x00, 0x00, 0x00, 0x00, 0x00, 0x00, 0x00, 0x00, 0x00, 0x00, 0x00,
    0x00, 0x00, 0x00, 0x00, 0x00, 0x00, 0x00, 0x00, 0x00, 0x00, 0x00, 0x00, 0x00, 0x00, 0x00, 0x00,
    0x00, 0x00, 0x00, 0x00, 0x00, 0x00, 0x00, 0x00, 0x00, 0x00, 0x00, 0x00, 0x00, 0x00, 0x00, 0x00,
    0x00, 0x00, 0x00, 0x00, 0x00, 0x00, 0x00, 0x00, 0x00, 0x00, 0x00, 0x00, 0x00, 0x00, 0x00, 0x00,
    0x00, 0x00, 0x00, 0x00, 0x00, 0x00, 0x00, 0x00, 0x00, 0x00, 0x00, 0x00, 0x00, 0x00, 0x00, 0x00,
    0x00, 0x00, 0x00, 0x00, 0x00, 0x00, 0x00, 0x00, 0x00, 0x00, 0x00, 0x00, 0x00, 0x00, 0x00, 0x00,
    0x00, 0x00, 0x00, 0x00, 0x00, 0x00, 0x00, 0x00, 0x00, 0x00, 0x00, 0x00, 0x00, 0x00, 0x00, 0x00,
    0x00, 0x00, 0x00, 0x00, 0x00, 0x00, 0x00, 0x00, 0x00, 0x00, 0x00, 0x00, 0x00, 0x00, 0x00, 0x00,
    0x00, 0x00, 0x00, 0x00, 0x00, 0x00, 0x00, 0x00, 0x00, 0x00, 0x00, 0x00, 0x00, 0x00, 0x00, 0x00,
    0x00, 0x00, 0x00, 0x00, 0x00, 0x00, 0x00, 0x00, 0x00, 0x00, 0x00, 0x00, 0x00, 0x00, 0x00, 0x00,
    0x00, 0x00, 0x00, 0x00, 0x00, 0x00, 0x00, 0x00, 0x00, 0x00, 0x00, 0x00, 0x00, 0x00, 0x00, 0x00,
    0x00, 0x00, 0x00, 0x00, 0x00, 0x00, 0x00, 0x00, 0x00, 0x00, 0x00, 0x00, 0x00, 0x00, 0x00, 0x00,
    0x00, 0x00, 0x00, 0x00, 0x00, 0x00, 0x00, 0x00, 0x00, 0x00, 0x00, 0x00, 0x00, 0x00, 0x00, 0x00,
    0x00, 0x00, 0x00, 0x00, 0x00, 0x00, 0x00, 0x00, 0x00, 0x00, 0x00, 0x00, 0x00, 0x00, 0x00, 0x00,
    0x00, 0x00, 0x00, 0x00, 0x00, 0x00, 0x00, 0x00, 0x00, 0x00, 0x00, 0x00, 0x00, 0x00, 0x00, 0x00,
    0x00, 0x00, 0x00, 0x00, 0x00, 0x00, 0x00, 0x00, 0x00, 0x00, 0x00, 0x00, 0x00, 0x00, 0x00, 0x00,
    0x00, 0x00, 0x00, 0x00, 0x00, 0x00, 0x00, 0x00, 0x00, 0x00, 0x00, 0x00, 0x00, 0x00, 0x00, 0x00,
    0x00, 0x00, 0x00, 0x00, 0x00, 0x00, 0x00, 0x00, 0x00, 0x00, 0x00, 0x00, 0x00, 0x00, 0x00, 0x00,
    0x00, 0x00, 0x00, 0x00, 0x00, 0x00, 0x00, 0x00, 0x00, 0x00, 0x00, 0x00, 0x00, 0x00, 0x00, 0x00,
    0x00, 0x00, 0x00, 0x00, 0x00, 0x00, 0x00, 0x00, 0x00, 0x00, 0x00, 0x00, 0x00, 0x00, 0x00, 0x00,
    0x00, 0x00, 0x00, 0x00, 0x00, 0x00, 0x00, 0x00, 0x00, 0x00, 0x00, 0x00, 0x00, 0x00, 0x00, 0x00,
    0x00, 0x00, 0x00, 0x00, 0x00, 0x00, 0x00, 0x00, 0x00, 0x00, 0x00, 0x00, 0x00, 0x00, 0x00, 0x00,
    0x00, 0x00, 0x00, 0x00, 0x00, 0x00, 0x00, 0x00, 0x00, 0x00, 0x00, 0x00, 0x00, 0x00, 0x00, 0x00,
    0x00, 0x00, 0x00, 0x00, 0x00, 0x00, 0x00, 0x00, 0x00, 0x00, 0x00, 0x00, 0x00, 0x00, 0x00, 0x00,
    0x00, 0x00, 0x00, 0x00, 0x00, 0x00, 0x00, 0x00, 0x00, 0x00, 0x00, 0x00, 0x00, 0x00, 0x00, 0x00,
    0x00, 0x00, 0x00, 0x00, 0x00, 0x00, 0x00, 0x00, 0x00, 0x00, 0x00, 0x00, 0x00, 0x00, 0x00, 0x00,
    0x00, 0x00, 0x00, 0x00, 0x00, 0x00, 0x00, 0x00, 0x00, 0x00, 0x00, 0x00, 0x00, 0x00, 0x00, 0x00,
    0x00, 0x00, 0x00, 0x00, 0x00, 0x00, 0x00, 0x00, 0x00, 0x00, 0x00, 0x00, 0x00, 0x00, 0x00, 0x00,
    0x00, 0x00, 0x00, 0x00, 0x00, 0x00, 0x00, 0x00, 0x00, 0x00, 0x00, 0x00, 0x00, 0x00, 0x00, 0x00,
    0x00, 0x00, 0x00, 0x00, 0x00, 0x00, 0x00, 0x00, 0x00, 0x00, 0x00, 0x00, 0x00, 0x00, 0x00, 0x00,
    0x00, 0x00, 0x00, 0x00, 0x00, 0x00, 0x00, 0x00, 0x00, 0x00, 0x00, 0x00, 0x00, 0x00, 0x00, 0x00,
    0x00, 0x00, 0x00, 0x00, 0x00, 0x00, 0x00, 0x00, 0x00, 0x00, 0x00, 0x00, 0x00, 0x00, 0x00, 0x00,
    0x00, 0x00, 0x00, 0x00, 0x00, 0x00, 0x00, 0x00, 0x00, 0x00, 0x00, 0x00, 0x00, 0x00, 0x00, 0x00,
    0x00, 0x00, 0x00, 0x00, 0x00, 0x00, 0x00, 0x00, 0x00, 0x00, 0x00, 0x00, 0x00, 0x00, 0x00, 0x00,
    0x00, 0x00, 0x00, 0x00, 0x00, 0x00, 0x00, 0x00, 0x00, 0x00, 0x00, 0x00, 0x00, 0x00, 0x00, 0x00,
    0x00, 0x00, 0x00, 0x00, 0x00, 0x00, 0x00, 0x00, 0x00, 0x00, 0x00, 0x00, 0x00, 0x00, 0x00, 0x00,
    0x00, 0x00, 0x00, 0x00, 0x00, 0x00, 0x00, 0x00, 0x00, 0x00, 0x00, 0x00, 0x00, 0x00, 0x00, 0x00,
    0x00, 0x00, 0x00, 0x00, 0x00, 0x00, 0x00, 0x00, 0x00, 0x00, 0x00, 0x00, 0x00, 0x00, 0x00, 0x00,
    0x00, 0x00, 0x00, 0x00, 0x00, 0x00, 0x00, 0x00, 0x00, 0x00, 0x00, 0x00, 0x00, 0x00, 0x00, 0x00,
    0x00, 0x00, 0x00, 0x00, 0x00, 0x00, 0x00, 0x00, 0x00, 0x00, 0x00, 0x00, 0x00, 0x00, 0x00, 0x00,
    0x00, 0x00, 0x00, 0x00, 0x00, 0x00, 0x00, 0x00, 0x00, 0x00, 0x00, 0x00, 0x00, 0x00, 0x00, 0x00,
    0x00, 0x00, 0x00, 0x00, 0x00, 0x00, 0x00, 0x00, 0x00, 0x00, 0x00, 0x00, 0x00, 0x00, 0x00, 0x00,
    0x00, 0x00, 0x00, 0x00, 0x00, 0x00, 0x00, 0x00, 0x00, 0x00, 0x00, 0x00, 0x00, 0x00, 0x00, 0x00,
    0x00, 0x00, 0x00, 0x00, 0x00, 0x00, 0x00, 0x00, 0x00, 0x00, 0x00, 0x00, 0x00, 0x00, 0x00, 0x00,
    0x00, 0x00, 0x00, 0x00, 0x00, 0x00, 0x00, 0x00, 0x00, 0x00, 0x00, 0x00, 0x00, 0x00, 0x00, 0x00,
    0x00, 0x00, 0x00, 0x00, 0x00, 0x00, 0x00, 0x00, 0x00, 0x00, 0x00, 0x00, 0x00, 0x00, 0x00, 0x00,
    0x00, 0x00, 0x00, 0x00, 0x00, 0x00, 0x00, 0x00, 0x00, 0x00, 0x00, 0x00, 0x00, 0x00, 0x00, 0x00,
    0x00, 0x00, 0x00, 0x00, 0x00, 0x00, 0x00, 0x00, 0x00, 0x00, 0x00, 0x00, 0x00, 0x00, 0x00, 0x00,
    0x00, 0x00, 0x00, 0x00, 0x00, 0x00, 0x00, 0x00, 0x00, 0x00, 0x00, 0x00, 0x00, 0x00, 0x00, 0x00,
    0x00, 0x00, 0x00, 0x00, 0x00, 0x00, 0x00, 0x00, 0x00, 0x00, 0x00, 0x00, 0x00, 0x00, 0x00, 0x00,
    0x00, 0x00, 0x00, 0x00, 0x00, 0x00, 0x00, 0x00, 0x00, 0x00, 0x00, 0x00, 0x00, 0x00, 0x00, 0x00,
    0x00, 0x00, 0x00, 0x00, 0x00, 0x00, 0x00, 0x00, 0x00, 0x00, 0x00, 0x00, 0x00, 0x00, 0x00, 0x00,
    0x00, 0x00, 0x00, 0x00, 0x00, 0x00, 0x00, 0x00, 0x00, 0x00, 0x00, 0x00, 0x00, 0x00, 0x00, 0x00,
    0x00, 0x00, 0x00, 0x00, 0x00, 0x00, 0x00, 0x00, 0x00, 0x00, 0x00, 0x00, 0x00, 0x00, 0x00, 0x00,
    0x00, 0x00, 0x00, 0x00, 0x00, 0x00, 0x00, 0x00, 0x00, 0x00, 0x00, 0x00, 0x00, 0x00, 0x00, 0x00,
    0x00, 0x00, 0x00, 0x00, 0x00, 0x00, 0x00, 0x00, 0x00, 0x00, 0x00, 0x00, 0x00, 0x00, 0x00, 0x00,
    0x00, 0x00, 0x00, 0x00, 0x00, 0x00, 0x00, 0x00, 0x00, 0x00, 0x00, 0x00, 0x00, 0x00, 0x00, 0x00,
    0x00, 0x00, 0x00, 0x00, 0x00, 0x00, 0x00, 0x00, 0x00, 0x00, 0x00, 0x00, 0x00, 0x00, 0x00, 0x00,
    0x00, 0x00, 0x00, 0x00, 0x00, 0x00, 0x00, 0x00, 0x00, 0x00, 0x00, 0x00, 0x00, 0x00, 0x00, 0x00,
    0x00, 0x00, 0x00, 0x00, 0x00, 0x00, 0x00, 0x00, 0x00, 0x00, 0x00, 0x00, 0x00, 0x00, 0x00, 0x00,
    0x00, 0x00, 0x00, 0x00, 0x00, 0x00, 0x00, 0x00, 0x00, 0x00, 0x00, 0x00, 0x00, 0x00, 0x00, 0x00,
    0x00, 0x00, 0x00, 0x00, 0x00, 0x00, 0x00, 0x00, 0x00, 0x00, 0x00, 0x00, 0x00, 0x00, 0x00, 0x00,
    0x00, 0x00, 0x00, 0x00, 0x00, 0x00, 0x00, 0x00, 0x00, 0x00, 0x00, 0x00, 0x00, 0x00, 0x00, 0x00,
    0x00, 0x00, 0x00, 0x00, 0x00, 0x00, 0x00, 0x00, 0x00, 0x00, 0x00, 0x00, 0x00, 0x00, 0x00, 0x00,
    0x00, 0x00, 0x00, 0x00, 0x00, 0x00, 0x00, 0x00, 0x00, 0x00, 0x00, 0x00, 0x00, 0x00, 0x00, 0x00,
    0x00, 0x00, 0x00, 0x00, 0x00, 0x00, 0x00, 0x00, 0x00, 0x00, 0x00, 0x00, 0x00, 0x00, 0x00, 0x00,
    0x00, 0x00, 0x00, 0x00, 0x00, 0x00, 0x00, 0x00, 0x00, 0x00, 0x00, 0x00, 0x00, 0x00, 0x00, 0x00,
    0x00, 0x00, 0x00, 0x00, 0x00, 0x00, 0x00, 0x00, 0x00, 0x00, 0x00, 0x00, 0x00, 0x00, 0x00, 0x00,
    0x00, 0x00, 0x00, 0x00, 0x00, 0x00, 0x00, 0x00, 0x00, 0x00, 0x00, 0x00, 0x00, 0x00, 0x00, 0x00,
    0x00, 0x00, 0x00, 0x00, 0x00, 0x00, 0x00, 0x00, 0x00, 0x00, 0x00, 0x00, 0x00, 0x00, 0x00, 0x00,
    0x00, 0x00, 0x00, 0x00, 0x00, 0x00, 0x00, 0x00, 0x00, 0x00, 0x00, 0x00, 0x00, 0x00, 0x00, 0x00,
    0x00, 0x00, 0x00, 0x00, 0x00, 0x00, 0x00, 0x00, 0x00, 0x00, 0x00, 0x00, 0x00, 0x00, 0x00, 0x00,
    0x00, 0x00, 0x00, 0x00, 0x00, 0x00, 0x00, 0x00, 0x00, 0x00, 0x00, 0x00, 0x00, 0x00, 0x00, 0x00,
    0x00, 0x00, 0x00, 0x00, 0x00, 0x00, 0x00, 0x00, 0x00, 0x00, 0x00, 0x00, 0x00, 0x00, 0x00, 0x00,
    0x00, 0x00, 0x00, 0x00, 0x00, 0x00, 0x00, 0x00, 0x00, 0x00, 0x00, 0x00, 0x00, 0x00, 0x00, 0x00,
    0x00, 0x00, 0x00, 0x00, 0x00, 0x00, 0x00, 0x00, 0x00, 0x00, 0x00, 0x00, 0x00, 0x00, 0x00, 0x00,
    0x00, 0x00, 0x00, 0x00, 0x00, 0x00, 0x00, 0x00, 0x00, 0x00, 0x00, 0x00, 0x00, 0x00, 0x00, 0x00,
    0x00, 0x00, 0x00, 0x00, 0x00, 0x00, 0x00, 0x00, 0x00, 0x00, 0x00, 0x00, 0x00, 0x00, 0x00, 0x00,
    0x00, 0x00, 0x00, 0x00, 0x00, 0x00, 0x00, 0x00, 0x00, 0x00, 0x00, 0x00, 0x00, 0x00, 0x00, 0x00,
    0x00, 0x00, 0x00, 0x00, 0x00, 0x00, 0x00, 0x00, 0x00, 0x00, 0x00, 0x00, 0x00, 0x00, 0x00, 0x00,
    0x00, 0x00, 0x00, 0x00, 0x00, 0x00, 0x00, 0x00, 0x00, 0x00, 0x00, 0x00, 0x00, 0x00, 0x00, 0x00,
    0x00, 0x00, 0x00, 0x00, 0x00, 0x00, 0x00, 0x00, 0x00, 0x00, 0x00, 0x00, 0x00, 0x00, 0x00, 0x00,
    0x00, 0x00, 0x00, 0x00, 0x00, 0x00, 0x00, 0x00, 0x00, 0x00, 0x00, 0x00, 0x00, 0x00, 0x00, 0x00,
    0x00, 0x00, 0x00, 0x00, 0x00, 0x00, 0x00, 0x00, 0x00, 0x00, 0x00, 0x00, 0x00, 0x00, 0x00, 0x00,
    0x00, 0x00, 0x00, 0x00, 0x00, 0x00, 0x00, 0x00, 0x00, 0x00, 0x00, 0x00, 0x00, 0x00, 0x00, 0x00,
    0x00, 0x00, 0x00, 0x00, 0x00, 0x00, 0x00, 0x00, 0x00, 0x00, 0x00, 0x00, 0x00, 0x00, 0x00, 0x00,
    0x00, 0x00, 0x00, 0x00, 0x00, 0x00, 0x00, 0x00, 0x00, 0x00, 0x00, 0x00, 0x00, 0x00, 0x00, 0x00,
    0x00, 0x00, 0x00, 0x00, 0x00, 0x00, 0x00, 0x00, 0x00, 0x00, 0x00, 0x00, 0x00, 0x00, 0x00, 0x00,
    0x00, 0x00, 0x00, 0x00, 0x00, 0x00, 0x00, 0x00, 0x00, 0x00, 0x00, 0x00, 0x00, 0x00, 0x00, 0x00,
    0x00, 0x00, 0x00, 0x00, 0x00, 0x00, 0x00, 0x00, 0x00, 0x00, 0x00, 0x00, 0x00, 0x00, 0x00, 0x00,
    0x00, 0x00, 0x00, 0x00, 0x00, 0x00, 0x00, 0x00, 0x00, 0x00, 0x00, 0x00, 0x00, 0x00, 0x00, 0x00,
    0x00, 0x00, 0x00, 0x00, 0x00, 0x00, 0x00, 0x00, 0x00, 0x00, 0x00, 0x00, 0x00, 0x00, 0x00, 0x00,
    0x00, 0x00, 0x00, 0x00, 0x00, 0x00, 0x00, 0x00, 0x00, 0x00, 0x00, 0x00, 0x00, 0x00, 0x00, 0x00,
    0x00, 0x00, 0x00, 0x00, 0x00, 0x00, 0x00, 0x00, 0x00, 0x00, 0x00, 0x00, 0x00, 0x00, 0x00, 0x00,
    0x00, 0x00, 0x00, 0x00, 0x00, 0x00, 0x00, 0x00, 0x00, 0x00, 0x00, 0x00, 0x00, 0x00, 0x00, 0x00,
    0x00, 0x00, 0x00, 0x00, 0x00, 0x00, 0x00, 0x00, 0x00, 0x00, 0x00, 0x00, 0x00, 0x00, 0x00, 0x00,
    0x00, 0x00, 0x00, 0x00, 0x00, 0x00, 0x00, 0x00, 0x00, 0x00, 0x00, 0x00, 0x00, 0x00, 0x00, 0x00,
    0x00, 0x00, 0x00, 0x00, 0x00, 0x00, 0x00, 0x00, 0x00, 0x00, 0x00, 0x00, 0x00, 0x00, 0x00, 0x00,
    0x00, 0x00, 0x00, 0x00, 0x00, 0x00, 0x00, 0x00, 0x00, 0x00, 0x00, 0x00, 0x00, 0x00, 0x00, 0x00,
    0x00, 0x00, 0x00, 0x00, 0x00, 0x00, 0x00, 0x00, 0x00, 0x00, 0x00, 0x00, 0x00, 0x00, 0x00, 0x00,
    0x00, 0x00, 0x00, 0x00, 0x00, 0x00, 0x00, 0x00, 0x00, 0x00, 0x00, 0x00, 0x00, 0x00, 0x00, 0x00,
    0x00, 0x00, 0x00, 0x00, 0x00, 0x00, 0x00, 0x00, 0x00, 0x00, 0x00, 0x00, 0x00, 0x00, 0x00, 0x00,
    0x00, 0x00, 0x00, 0x00, 0x00, 0x00, 0x00, 0x00, 0x00, 0x00, 0x00, 0x00, 0x00, 0x00, 0x00, 0x00,
    0x00, 0x00, 0x00, 0x00, 0x00, 0x00, 0x00, 0x00, 0x00, 0x00, 0x00, 0x00, 0x00, 0x00, 0x00, 0x00,
    0x00, 0x00, 0x00, 0x00, 0x00, 0x00, 0x00, 0x00, 0x00, 0x00, 0x00, 0x00, 0x00, 0x00, 0x00, 0x00,
    0x00, 0x00, 0x00, 0x00, 0x00, 0x00, 0x00, 0x00, 0x00, 0x00, 0x00, 0x00, 0x00, 0x00, 0x00, 0x00,
    0x00, 0x00, 0x00, 0x00, 0x00, 0x00, 0x00, 0x00, 0x00, 0x00, 0x00, 0x00, 0x00, 0x00, 0x00, 0x00,
    0x00, 0x00, 0x00, 0x00, 0x00, 0x00, 0x00, 0x00, 0x00, 0x00, 0x00, 0x00, 0x00, 0x00, 0x00, 0x00,
    0x00, 0x00, 0x00, 0x00, 0x00, 0x00, 0x00, 0x00, 0x00, 0x00, 0x00, 0x00, 0x00, 0x00, 0x00, 0x00,
    0x00, 0x00, 0x00, 0x00, 0x00, 0x00, 0x00, 0x00, 0x00, 0x00, 0x00, 0x00, 0x00, 0x00, 0x00, 0x00,
    0x00, 0x00, 0x00, 0x00, 0x00, 0x00, 0x00, 0x00, 0x00, 0x00, 0x00, 0x00, 0x00, 0x00, 0x00, 0x00,
    0x00, 0x00, 0x00, 0x00, 0x00, 0x00, 0x00, 0x00, 0x00, 0x00, 0x00, 0x00, 0x00, 0x00, 0x00, 0x00,
    0x00, 0x00, 0x00, 0x00, 0x00, 0x00, 0x00, 0x00, 0x00, 0x00, 0x00, 0x00, 0x00, 0x00, 0x00, 0x00,
    0x00, 0x00, 0x00, 0x00, 0x00, 0x00, 0x00, 0x00, 0x00, 0x00, 0x00, 0x00, 0x00, 0x00, 0x00, 0x00,
    0x00, 0x00, 0x00, 0x00, 0x00, 0x00, 0x00, 0x00, 0x00, 0x00, 0x00, 0x00, 0x00, 0x00, 0x00, 0x00,
    0x00, 0x00, 0x00, 0x00, 0x00, 0x00, 0x00, 0x00, 0x00, 0x00, 0x00, 0x00, 0x00, 0x00, 0x00, 0x00,
    0x00, 0x00, 0x00, 0x00, 0x00, 0x00, 0x00, 0x00, 0x00, 0x00, 0x00, 0x00, 0x00, 0x00, 0x00, 0x00,
    0x00, 0x00, 0x00, 0x00, 0x00, 0x00, 0x00, 0x00, 0x00, 0x00, 0x00, 0x00, 0x00, 0x00, 0x00, 0x00,
    0x00, 0x00, 0x00, 0x00, 0x00, 0x00, 0x00, 0x00, 0x00, 0x00, 0x00, 0x00, 0x00, 0x00, 0x00, 0x00,
    0x00, 0x00, 0x00, 0x00, 0x00, 0x00, 0x00, 0x00, 0x00, 0x00, 0x00, 0x00, 0x00, 0x00, 0x00, 0x00,
    0x00, 0x00, 0x00, 0x00, 0x00, 0x00, 0x00, 0x00, 0x00, 0x00, 0x00, 0x00, 0x00, 0x00, 0x00, 0x00,
    0x00, 0x00, 0x00, 0x00, 0x00, 0x00, 0x00, 0x00, 0x00, 0x00, 0x00, 0x00, 0x00, 0x00, 0x00, 0x00,
    0x00, 0x00, 0x00, 0x00, 0x00, 0x00, 0x00, 0x00, 0x00, 0x00, 0x00, 0x00, 0x00, 0x00, 0x00, 0x00,
    0x00, 0x00, 0x00, 0x00, 0x00, 0x00, 0x00, 0x00, 0x00, 0x00, 0x00, 0x00, 0x00, 0x00, 0x00, 0x00,
    0x00, 0x00, 0x00, 0x00, 0x00, 0x00, 0x00, 0x00, 0x00, 0x00, 0x00, 0x00, 0x00, 0x00, 0x00, 0x00,
    0x00, 0x00, 0x00, 0x00, 0x00, 0x00, 0x00, 0x00, 0x00, 0x00, 0x00, 0x00, 0x00, 0x00, 0x00, 0x00,
    0x00, 0x00, 0x00, 0x00, 0x00, 0x00, 0x00, 0x00, 0x00, 0x00, 0x00, 0x00, 0x00, 0x00, 0x00, 0x00,
    0x00, 0x00, 0x00, 0x00, 0x00, 0x00, 0x00, 0x00, 0x00, 0x00, 0x00, 0x00, 0x00, 0x00, 0x00, 0x00,
    0x00, 0x00, 0x00, 0x00, 0x00, 0x00, 0x00, 0x00, 0x00, 0x00, 0x00, 0x00, 0x00, 0x00, 0x00, 0x00,
    0x00, 0x00, 0x00, 0x00, 0x00, 0x00, 0x00, 0x00, 0x00, 0x00, 0x00, 0x00, 0x00, 0x00, 0x00, 0x00,
    0x00, 0x00, 0x00, 0x00, 0x00, 0x00, 0x00, 0x00, 0x00, 0x00, 0x00, 0x00, 0x00, 0x00, 0x00, 0x00,
    0x00, 0x00, 0x00, 0x00, 0x00, 0x00, 0x00, 0x00, 0x00, 0x00, 0x00, 0x00, 0x00, 0x00, 0x00, 0x00,
    0x00, 0x00, 0x00, 0x00, 0x00, 0x00, 0x00, 0x00, 0x00, 0x00, 0x00, 0x00, 0x00, 0x00, 0x00, 0x00,
    0x00, 0x00, 0x00, 0x00, 0x00, 0x00, 0x00, 0x00, 0x00, 0x00, 0x00, 0x00, 0x00, 0x00, 0x00, 0x00,
    0x00, 0x00, 0x00, 0x00, 0x00, 0x00, 0x00, 0x00, 0x00, 0x00, 0x00, 0x00, 0x00, 0x00, 0x00, 0x00,
    0x00, 0x00, 0x00, 0x00, 0x00, 0x00, 0x00, 0x00, 0x00, 0x00, 0x00, 0x00, 0x00, 0x00, 0x00, 0x00,
    0x00, 0x00, 0x00, 0x00, 0x00, 0x00, 0x00, 0x00, 0x00, 0x00, 0x00, 0x00, 0x00, 0x00, 0x00, 0x00,
    0x00, 0x00, 0x00, 0x00, 0x00, 0x00, 0x00, 0x00, 0x00, 0x00, 0x00, 0x00, 0x00, 0x00, 0x00, 0x00,
    0x00, 0x00, 0x00, 0x00, 0x00, 0x00, 0x00, 0x00, 0x00, 0x00, 0x00, 0x00, 0x00, 0x00, 0x00, 0x00,
    0x00, 0x00, 0x00, 0x00, 0x00, 0x00, 0x00, 0x00, 0x00, 0x00, 0x00, 0x00, 0x00, 0x00, 0x00, 0x00,
    0x00, 0x00, 0x00, 0x00, 0x00, 0x00, 0x00, 0x00, 0x00, 0x00, 0x00, 0x00, 0x00, 0x00, 0x00, 0x00,
    0x00, 0x00, 0x00, 0x00, 0x00, 0x00, 0x00, 0x00, 0x00, 0x00, 0x00, 0x00, 0x00, 0x00, 0x00, 0x00,
    0x00, 0x00, 0x00, 0x00, 0x00, 0x00, 0x00, 0x00, 0x00, 0x00, 0x00, 0x00, 0x00, 0x00, 0x00, 0x00,
    0x00, 0x00, 0x00, 0x00, 0x00, 0x00, 0x00, 0x00, 0x00, 0x00, 0x00, 0x00, 0x00, 0x00, 0x00, 0x00,
    0x00, 0x00, 0x00, 0x00, 0x00, 0x00, 0x00, 0x00, 0x00, 0x00, 0x00, 0x00, 0x00, 0x00, 0x00, 0x00,
    0x00, 0x00, 0x00, 0x00, 0x00, 0x00, 0x00, 0x00, 0x00, 0x00, 0x00, 0x00, 0x00, 0x00, 0x00, 0x00,
    0x00, 0x00, 0x00, 0x00, 0x00, 0x00, 0x00, 0x00, 0x00, 0x00, 0x00, 0x00, 0x00, 0x00, 0x00, 0x00,
    0x00, 0x00, 0x00, 0x00, 0x00, 0x00, 0x00, 0x00, 0x00, 0x00, 0x00, 0x00, 0x00, 0x00, 0x00, 0x00,
    0x00, 0x00, 0x00, 0x00, 0x00, 0x00, 0x00, 0x00, 0x00, 0x00, 0x00, 0x00, 0x00, 0x00, 0x00, 0x00,
    0x00, 0x00, 0x00, 0x00, 0x00, 0x00, 0x00, 0x00, 0x00, 0x00, 0x00, 0x00, 0x00, 0x00, 0x00, 0x00,
    0x00, 0x00, 0x00, 0x00, 0x00, 0x00, 0x00, 0x00, 0x00, 0x00, 0x00, 0x00, 0x00, 0x00, 0x00, 0x00,
    0x00, 0x00, 0x00, 0x00, 0x00, 0x00, 0x00, 0x00, 0x00, 0x00, 0x00, 0x00, 0x00, 0x00, 0x00, 0x00,
    0x00, 0x00, 0x00, 0x00, 0x00, 0x00, 0x00, 0x00, 0x00, 0x00, 0x00, 0x00, 0x00, 0x00, 0x00, 0x00,
    0x00, 0x00, 0x00, 0x00, 0x00, 0x00, 0x00, 0x00, 0x00, 0x00, 0x00, 0x00, 0x00, 0x00, 0x00, 0x00,
    0x00, 0x00, 0x00, 0x00, 0x00, 0x00, 0x00, 0x00, 0x00, 0x00, 0x00, 0x00, 0x00, 0x00, 0x00, 0x00,
    0x00, 0x00, 0x00, 0x00, 0x00, 0x00, 0x00, 0x00, 0x00, 0x00, 0x00, 0x00, 0x00, 0x00, 0x00, 0x00,
    0x00, 0x00, 0x00, 0x00, 0x00, 0x00, 0x00, 0x00, 0x00, 0x00, 0x00, 0x00, 0x00, 0x00, 0x00, 0x00,
    0x00, 0x00, 0x00, 0x00, 0x00, 0x00, 0x00, 0x00, 0x00, 0x00, 0x00, 0x00, 0x00, 0x00, 0x00, 0x00,
    0x00, 0x00, 0x00, 0x00, 0x00, 0x00, 0x00, 0x00, 0x00, 0x00, 0x00, 0x00, 0x00, 0x00, 0x00, 0x00,
    0x00, 0x00, 0x00, 0x00, 0x00, 0x00, 0x00, 0x00, 0x00, 0x00, 0x00, 0x00, 0x00, 0x00, 0x00, 0x00,
    0x00, 0x00, 0x00, 0x00, 0x00, 0x00, 0x00, 0x00, 0x00, 0x00, 0x00, 0x00, 0x00, 0x00, 0x00, 0x00,
    0x00, 0x00, 0x00, 0x00, 0x00, 0x00, 0x00, 0x00, 0x00, 0x00, 0x00, 0x00, 0x00, 0x00, 0x00, 0x00,
    0x00, 0x00, 0x00, 0x00, 0x00, 0x00, 0x00, 0x00, 0x00, 0x00, 0x00, 0x00, 0x00, 0x00, 0x00, 0x00,
    0x00, 0x00, 0x00, 0x00, 0x00, 0x00, 0x00, 0x00, 0x00, 0x00, 0x00, 0x00, 0x00, 0x00, 0x00, 0x00,
    0x00, 0x00, 0x00, 0x00, 0x00, 0x00, 0x00, 0x00, 0x00, 0x00, 0x00, 0x00, 0x00, 0x00, 0x00, 0x00,
    0x00, 0x00, 0x00, 0x00, 0x00, 0x00, 0x00, 0x00, 0x00, 0x00, 0x00, 0x00, 0x00, 0x00, 0x00, 0x00,
    0x00, 0x00, 0x00, 0x00, 0x00, 0x00, 0x00, 0x00, 0x00, 0x00, 0x00, 0x00, 0x00, 0x00, 0x00, 0x00,
    0x00, 0x00, 0x00, 0x00, 0x00, 0x00, 0x00, 0x00, 0x00, 0x00, 0x00, 0x00, 0x00, 0x00, 0x00, 0x00,
    0x00, 0x00, 0x00, 0x00, 0x00, 0x00, 0x00, 0x00, 0x00, 0x00, 0x00, 0x00, 0x00, 0x00, 0x00, 0x00,
    0x00, 0x00, 0x00, 0x00, 0x00, 0x00, 0x00, 0x00, 0x00, 0x00, 0x00, 0x00, 0x00, 0x00, 0x00, 0x00,
    0x00, 0x00, 0x00, 0x00, 0x00, 0x00, 0x00, 0x00, 0x00, 0x00, 0x00, 0x00, 0x00, 0x00, 0x00, 0x00,
    0x00, 0x00, 0x00, 0x00, 0x00, 0x00, 0x00, 0x00, 0x00, 0x00, 0x00, 0x00, 0x00, 0x00, 0x00, 0x00,
    0x00, 0x00, 0x00, 0x00, 0x00, 0x00, 0x00, 0x00, 0x00, 0x00, 0x00, 0x00, 0x00, 0x00, 0x00, 0x00,
    0x00, 0x00, 0x00, 0x00, 0x00, 0x00, 0x00, 0x00, 0x00, 0x00, 0x00, 0x00, 0x00, 0x00, 0x00, 0x00,
    0x00, 0x00, 0x00, 0x00, 0x00, 0x00, 0x00, 0x00, 0x00, 0x00, 0x00, 0x00, 0x00, 0x00, 0x00, 0x00,
    0x00, 0x00, 0x00, 0x00, 0x00, 0x00, 0x00, 0x00, 0x00, 0x00, 0x00, 0x00, 0x00, 0x00, 0x00, 0x00,
    0x00, 0x00, 0x00, 0x00, 0x00, 0x00, 0x00, 0x00, 0x00, 0x00, 0x00, 0x00, 0x00, 0x00, 0x00, 0x00,
    0x00, 0x00, 0x00, 0x00, 0x00, 0x00, 0x00, 0x00, 0x00, 0x00, 0x00, 0x00, 0x00, 0x00, 0x00, 0x00,
    0x00, 0x00, 0x00, 0x00, 0x00, 0x00, 0x00, 0x00, 0x00, 0x00, 0x00, 0x00, 0x00, 0x00, 0x00, 0x00,
    0x00, 0x00, 0x00, 0x00, 0x00, 0x00, 0x00, 0x00, 0x00, 0x00, 0x00, 0x00, 0x00, 0x00, 0x00, 0x00,
    0x00, 0x00, 0x00, 0x00, 0x00, 0x00, 0x00, 0x00, 0x00, 0x00, 0x00, 0x00, 0x00, 0x00, 0x00, 0x00,
    0x00, 0x00, 0x00, 0x00, 0x00, 0x00, 0x00, 0x00, 0x00, 0x00, 0x00, 0x00, 0x00, 0x00, 0x00, 0x00,
    0x00, 0x00, 0x00, 0x00, 0x00, 0x00, 0x00, 0x00, 0x00, 0x00, 0x00, 0x00, 0x00, 0x00, 0x00, 0x00,
    0x00, 0x00, 0x00, 0x00, 0x00, 0x00, 0x00, 0x00, 0x00, 0x00, 0x00, 0x00, 0x00, 0x00, 0x00, 0x00,
    0x00, 0x00, 0x00, 0x00, 0x00, 0x00, 0x00, 0x00, 0x00, 0x00, 0x00, 0x00, 0x00, 0x00, 0x00, 0x00,
    0x00, 0x00, 0x00, 0x00, 0x00, 0x00, 0x00, 0x00, 0x00, 0x00, 0x00, 0x00, 0x00, 0x00, 0x00, 0x00,
    0x00, 0x00, 0x00, 0x00, 0x00, 0x00, 0x00, 0x00, 0x00, 0x00, 0x00, 0x00, 0x00, 0x00, 0x00, 0x00,
    0x00, 0x00, 0x00, 0x00, 0x00, 0x00, 0x00, 0x00, 0x00, 0x00, 0x00, 0x00, 0x00, 0x00, 0x00, 0x00,
    0x00, 0x00, 0x00, 0x00, 0x00, 0x00, 0x00, 0x00, 0x00, 0x00, 0x00, 0x00, 0x00, 0x00, 0x00, 0x00,
    0x00, 0x00, 0x00, 0x00, 0x00, 0x00, 0x00, 0x00, 0x00, 0x00, 0x00, 0x00, 0x00, 0x00, 0x00, 0x00,
    0x00, 0x00, 0x00, 0x00, 0x00, 0x00, 0x00, 0x00, 0x00, 0x00, 0x00, 0x00, 0x00, 0x00, 0x00, 0x00,
    0x00, 0x00, 0x00, 0x00, 0x00, 0x00, 0x00, 0x00, 0x00, 0x00, 0x00, 0x00, 0x00, 0x00, 0x00, 0x00,
    0x00, 0x00, 0x00, 0x00, 0x00, 0x00, 0x00, 0x00, 0x00, 0x00, 0x00, 0x00, 0x00, 0x00, 0x00, 0x00,
    0x00, 0x00, 0x00, 0x00, 0x00, 0x00, 0x00, 0x00, 0x00, 0x00, 0x00, 0x00, 0x00, 0x00, 0x00, 0x00,
    0x00, 0x00, 0x00, 0x00, 0x00, 0x00, 0x00, 0x00, 0x00, 0x00, 0x00, 0x00, 0x00, 0x00, 0x00, 0x00,
    0x00, 0x00, 0x00, 0x00, 0x00, 0x00, 0x00, 0x00, 0x00, 0x00, 0x00, 0x00, 0x00, 0x00, 0x00, 0x00,
    0x00, 0x00, 0x00, 0x00, 0x00, 0x00, 0x00, 0x00, 0x00, 0x00, 0x00, 0x00, 0x00, 0x00, 0x00, 0x00,
    0x00, 0x00, 0x00, 0x00, 0x00, 0x00, 0x00, 0x00, 0x00, 0x00, 0x00, 0x00, 0x00, 0x00, 0x00, 0x00,
    0x00, 0x00, 0x00, 0x00, 0x00, 0x00, 0x00, 0x00, 0x00, 0x00, 0x00, 0x00, 0x00, 0x00, 0x00, 0x00,
    0x00, 0x00, 0x00, 0x00, 0x00, 0x00, 0x00, 0x00, 0x00, 0x00, 0x00, 0x00, 0x00, 0x00, 0x00, 0x00,
    0x00, 0x00, 0x00, 0x00, 0x00, 0x00, 0x00, 0x00, 0x00, 0x00, 0x00, 0x00, 0x00, 0x00, 0x00, 0x00,
    0x00, 0x00, 0x00, 0x00, 0x00, 0x00, 0x00, 0x00, 0x00, 0x00, 0x00, 0x00, 0x00, 0x00, 0x00, 0x00,
    0x00, 0x00, 0x00, 0x00, 0x00, 0x00, 0x00, 0x00, 0x00, 0x00, 0x00, 0x00, 0x00, 0x00, 0x00, 0x00,
    0x00, 0x00, 0x00, 0x00, 0x00, 0x00, 0x00, 0x00, 0x00, 0x00, 0x00, 0x00, 0x00, 0x00, 0x00, 0x00,
    0x00, 0x00, 0x00, 0x00, 0x00, 0x00, 0x00, 0x00, 0x00, 0x00, 0x00, 0x00, 0x00, 0x00, 0x00, 0x00,
    0x00, 0x00, 0x00, 0x00, 0x00, 0x00, 0x00, 0x00, 0x00, 0x00, 0x00, 0x00, 0x00, 0x00, 0x00, 0x00,
    0x00, 0x00, 0x00, 0x00, 0x00, 0x00, 0x00, 0x00, 0x00, 0x00, 0x00, 0x00, 0x00, 0x00, 0x00, 0x00,
    0x00, 0x00, 0x00, 0x00, 0x00, 0x00, 0x00, 0x00, 0x00, 0x00, 0x00, 0x00, 0x00, 0x00, 0x00, 0x00,
    0x00, 0x00, 0x00, 0x00, 0x00, 0x00, 0x00, 0x00, 0x00, 0x00, 0x00, 0x00, 0x00, 0x00, 0x00, 0x00,
    0x00, 0x00, 0x00, 0x00, 0x00, 0x00, 0x00, 0x00, 0x00, 0x00, 0x00, 0x00, 0x00, 0x00, 0x00, 0x00,
    0x00, 0x00, 0x00, 0x00, 0x00, 0x00, 0x00, 0x00, 0x00, 0x00, 0x00, 0x00, 0x00, 0x00, 0x00, 0x00,
    0x00, 0x00, 0x00, 0x00, 0x00, 0x00, 0x00, 0x00, 0x00, 0x00, 0x00, 0x00, 0x00, 0x00, 0x00, 0x00,
    0x00, 0x00, 0x00, 0x00, 0x00, 0x00, 0x00, 0x00, 0x00, 0x00, 0x00, 0x00, 0x00, 0x00, 0x00, 0x00,
    0x00, 0x00, 0x00, 0x00, 0x00, 0x00, 0x00, 0x00, 0x00, 0x00, 0x00, 0x00, 0x00, 0x00, 0x00, 0x00,
    0x00, 0x00, 0x00, 0x00, 0x00, 0x00, 0x00, 0x00, 0x00, 0x00, 0x00, 0x00, 0x00, 0x00, 0x00, 0x00,
    0x00, 0x00, 0x00, 0x00, 0x00, 0x00, 0x00, 0x00, 0x00, 0x00, 0x00, 0x00, 0x00, 0x00, 0x00, 0x00,
    0x00, 0x00, 0x00, 0x00, 0x00, 0x00, 0x00, 0x00, 0x00, 0x00, 0x00, 0x00, 0x00, 0x00, 0x00, 0x00,
    0x00, 0x00, 0x00, 0x00, 0x00, 0x00, 0x00, 0x00, 0x00, 0x00, 0x00, 0x00, 0x00, 0x00, 0x00, 0x00,
    0x00, 0x00, 0x00, 0x00, 0x00, 0x00, 0x00, 0x00, 0x00, 0x00, 0x00, 0x00, 0x00, 0x00, 0x00, 0x00,
    0x00, 0x00, 0x00, 0x00, 0x00, 0x00, 0x00, 0x00, 0x00, 0x00, 0x00, 0x00, 0x00, 0x00, 0x00, 0x00,
    0x00, 0x00, 0x00, 0x00, 0x00, 0x00, 0x00, 0x00, 0x00, 0x00, 0x00, 0x00, 0x00, 0x00, 0x00, 0x00,
    0x00, 0x00, 0x00, 0x00, 0x00, 0x00, 0x00, 0x00, 0x00, 0x00, 0x00, 0x00, 0x00, 0x00, 0x00, 0x00,
    0x00, 0x00, 0x00, 0x00, 0x00, 0x00, 0x00, 0x00, 0x00, 0x00, 0x00, 0x00, 0x00, 0x00, 0x00, 0x00,
    0x00, 0x00, 0x00, 0x00, 0x00, 0x00, 0x00, 0x00, 0x00, 0x00, 0x00, 0x00, 0x00, 0x00, 0x00, 0x00,
    0x00, 0x00, 0x00, 0x00, 0x00, 0x00, 0x00, 0x00, 0x00, 0x00, 0x00, 0x00, 0x00, 0x00, 0x00, 0x00,
    0x00, 0x00, 0x00, 0x00, 0x00, 0x00, 0x00, 0x00, 0x00, 0x00, 0x00, 0x00, 0x00, 0x00, 0x00, 0x00,
    0x00, 0x00, 0x00, 0x00, 0x00, 0x00, 0x00, 0x00, 0x00, 0x00, 0x00, 0x00, 0x00, 0x00, 0x00, 0x00,
    0x00, 0x00, 0x00, 0x00, 0x00, 0x00, 0x00, 0x00, 0x00, 0x00, 0x00, 0x00, 0x00, 0x00, 0x00, 0x00,
    0x00, 0x00, 0x00, 0x00, 0x00, 0x00, 0x00, 0x00, 0x00, 0x00, 0x00, 0x00, 0x00, 0x00, 0x00, 0x00,
    0x00, 0x00, 0x00, 0x00, 0x00, 0x00, 0x00, 0x00, 0x00, 0x00, 0x00, 0x00, 0x00, 0x00, 0x00, 0x00,
    0x00, 0x00, 0x00, 0x00, 0x00, 0x00, 0x00, 0x00, 0x00, 0x00, 0x00, 0x00, 0x00, 0x00, 0x00, 0x00,
    0x00, 0x00, 0x00, 0x00, 0x00, 0x00, 0x00, 0x00, 0x00, 0x00, 0x00, 0x00, 0x00, 0x00, 0x00, 0x00,
    0x00, 0x00, 0x00, 0x00, 0x00, 0x00, 0x00, 0x00, 0x00, 0x00, 0x00, 0x00, 0x00, 0x00, 0x00, 0x00,
    0x00, 0x00, 0x00, 0x00, 0x00, 0x00, 0x00, 0x00, 0x00, 0x00, 0x00, 0x00, 0x00, 0x00, 0x00, 0x00,
    0x00, 0x00, 0x00, 0x00, 0x00, 0x00, 0x00, 0x00, 0x00, 0x00, 0x00, 0x00, 0x00, 0x00, 0x00, 0x00,
    0x00, 0x00, 0x00, 0x00, 0x00, 0x00, 0x00, 0x00, 0x00, 0x00, 0x00, 0x00, 0x00, 0x00, 0x00, 0x00,
    0x00, 0x00, 0x00, 0x00, 0x00, 0x00, 0x00, 0x00, 0x00, 0x00, 0x00, 0x00, 0x00, 0x00, 0x00, 0x00,
    0x00, 0x00, 0x00, 0x00, 0x00, 0x00, 0x00, 0x00, 0x00, 0x00, 0x00, 0x00, 0x00, 0x00, 0x00, 0x00,
    0x00, 0x00, 0x00, 0x00, 0x00, 0x00, 0x00, 0x00, 0x00, 0x00, 0x00, 0x00, 0x00, 0x00, 0x00, 0x00,
    0x00, 0x00, 0x00, 0x00, 0x00, 0x00, 0x00, 0x00, 0x00, 0x00, 0x00, 0x00, 0x00, 0x00, 0x00, 0x00,
    0x00, 0x00, 0x00, 0x00, 0x00, 0x00, 0x00, 0x00, 0x00, 0x00, 0x00, 0x00, 0x00, 0x00, 0x00, 0x00,
    0x00, 0x00, 0x00, 0x00, 0x00, 0x00, 0x00, 0x00, 0x00, 0x00, 0x00, 0x00, 0x00, 0x00, 0x00, 0x00,
    0x00, 0x00, 0x00, 0x00, 0x00, 0x00, 0x00, 0x00, 0x00, 0x00, 0x00, 0x00, 0x00, 0x00, 0x00, 0x00,
    0x00, 0x00, 0x00, 0x00, 0x00, 0x00, 0x00, 0x00, 0x00, 0x00, 0x00, 0x00, 0x00, 0x00, 0x00, 0x00,
    0x00, 0x00, 0x00, 0x00, 0x00, 0x00, 0x00, 0x00, 0x00, 0x00, 0x00, 0x00, 0x00, 0x00, 0x00, 0x00,
    0x00, 0x00, 0x00, 0x00, 0x00, 0x00, 0x00, 0x00, 0x00, 0x00, 0x00, 0x00, 0x00, 0x00, 0x00, 0x00,
    0x00, 0x00, 0x00, 0x00, 0x00, 0x00, 0x00, 0x00, 0x00, 0x00, 0x00, 0x00, 0x00, 0x00, 0x00, 0x00,
    0x00, 0x00, 0x00, 0x00, 0x00, 0x00, 0x00, 0x00, 0x00, 0x00, 0x00, 0x00, 0x00, 0x00, 0x00, 0x00,
    0x00, 0x00, 0x00, 0x00, 0x00, 0x00, 0x00, 0x00, 0x00, 0x00, 0x00, 0x00, 0x00, 0x00, 0x00, 0x00,
    0x00, 0x00, 0x00, 0x00, 0x00, 0x00, 0x00, 0x00, 0x00, 0x00, 0x00, 0x00, 0x00, 0x00, 0x00, 0x00,
    0x00, 0x00, 0x00, 0x00, 0x00, 0x00, 0x00, 0x00, 0x00, 0x00, 0x00, 0x00, 0x00, 0x00, 0x00, 0x00,
    0x00, 0x00, 0x00, 0x00, 0x00, 0x00, 0x00, 0x00, 0x00, 0x00, 0x00, 0x00, 0x00, 0x00, 0x00, 0x00,
    0x00, 0x00, 0x00, 0x00, 0x00, 0x00, 0x00, 0x00, 0x00, 0x00, 0x00, 0x00, 0x00, 0x00, 0x00, 0x00,
    0x00, 0x00, 0x00, 0x00, 0x00, 0x00, 0x00, 0x00, 0x00, 0x00, 0x00, 0x00, 0x00, 0x00, 0x00, 0x00,
    0x00, 0x00, 0x00, 0x00, 0x00, 0x00, 0x00, 0x00, 0x00, 0x00, 0x00, 0x00, 0x00, 0x00, 0x00, 0x00,
    0x00, 0x00, 0x00, 0x00, 0x00, 0x00, 0x00, 0x00, 0x00, 0x00, 0x00, 0x00, 0x00, 0x00, 0x00, 0x00,
    0x00, 0x00, 0x00, 0x00, 0x00, 0x00, 0x00, 0x00, 0x00, 0x00, 0x00, 0x00, 0x00, 0x00, 0x00, 0x00,
    0x00, 0x00, 0x00, 0x00, 0x00, 0x00, 0x00, 0x00, 0x00, 0x00, 0x00, 0x00, 0x00, 0x00, 0x00, 0x00,
    0x00, 0x00, 0x00, 0x00, 0x00, 0x00, 0x00, 0x00, 0x00, 0x00, 0x00, 0x00, 0x00, 0x00, 0x00, 0x00,
    0x00, 0x00, 0x00, 0x00, 0x00, 0x00, 0x00, 0x00, 0x00, 0x00, 0x00, 0x00, 0x00, 0x00, 0x00, 0x00,
    0x00, 0x00, 0x00, 0x00, 0x00, 0x00, 0x00, 0x00, 0x00, 0x00, 0x00, 0x00, 0x00, 0x00, 0x00, 0x00,
    0x00, 0x00, 0x00, 0x00, 0x00, 0x00, 0x00, 0x00, 0x00, 0x00, 0x00, 0x00, 0x00, 0x00, 0x00, 0x00,
    0x00, 0x00, 0x00, 0x00, 0x00, 0x00, 0x00, 0x00, 0x00, 0x00, 0x00, 0x00, 0x00, 0x00, 0x00, 0x00,
    0x00, 0x00, 0x00, 0x00, 0x00, 0x00, 0x00, 0x00, 0x00, 0x00, 0x00, 0x00, 0x00, 0x00, 0x00, 0x00,
    0x00, 0x00, 0x00, 0x00, 0x00, 0x00, 0x00, 0x00, 0x00, 0x00, 0x00, 0x00, 0x00, 0x00, 0x00, 0x00,
    0x00, 0x00, 0x00, 0x00, 0x00, 0x00, 0x00, 0x00, 0x00, 0x00, 0x00, 0x00, 0x00, 0x00, 0x00, 0x00,
    0x00, 0x00, 0x00, 0x00, 0x00, 0x00, 0x00, 0x00, 0x00, 0x00, 0x00, 0x00, 0x00, 0x00, 0x00, 0x00,
    0x00, 0x00, 0x00, 0x00, 0x00, 0x00, 0x00, 0x00, 0x00, 0x00, 0x00, 0x00, 0x00, 0x00, 0x00, 0x00,
    0x00, 0x00, 0x00, 0x00, 0x00, 0x00, 0x00, 0x00, 0x00, 0x00, 0x00, 0x00, 0x00, 0x00, 0x00, 0x00,
    0x00, 0x00, 0x00, 0x00, 0x00, 0x00, 0x00, 0x00, 0x00, 0x00, 0x00, 0x00, 0x00, 0x00, 0x00, 0x00,
    0x00, 0x00, 0x00, 0x00, 0x00, 0x00, 0x00, 0x00, 0x00, 0x00, 0x00, 0x00, 0x00, 0x00, 0x00, 0x00,
    0x00, 0x00, 0x00, 0x00, 0x00, 0x00, 0x00, 0x00, 0x00, 0x00, 0x00, 0x00, 0x00, 0x00, 0x00, 0x00,
    0x00, 0x00, 0x00, 0x00, 0x00, 0x00, 0x00, 0x00, 0x00, 0x00, 0x00, 0x00, 0x00, 0x00, 0x00, 0x00,
    0x00, 0x00, 0x00, 0x00, 0x00, 0x00, 0x00, 0x00, 0x00, 0x00, 0x00, 0x00, 0x00, 0x00, 0x00, 0x00,
    0x00, 0x00, 0x00, 0x00, 0x00, 0x00, 0x00, 0x00, 0x00, 0x00, 0x00, 0x00, 0x00, 0x00, 0x00, 0x00,
    0x00, 0x00, 0x00, 0x00, 0x00, 0x00, 0x00, 0x00, 0x00, 0x00, 0x00, 0x00, 0x00, 0x00, 0x00, 0x00,
    0x00, 0x00, 0x00, 0x00, 0x00, 0x00, 0x00, 0x00, 0x00, 0x00, 0x00, 0x00, 0x00, 0x00, 0x00, 0x00,
    0x00, 0x00, 0x00, 0x00, 0x00, 0x00, 0x00, 0x00, 0x00, 0x00, 0x00, 0x00, 0x00, 0x00, 0x00, 0x00,
    0x00, 0x00, 0x00, 0x00, 0x00, 0x00, 0x00, 0x00, 0x00, 0x00, 0x00, 0x00, 0x00, 0x00, 0x00, 0x00,
    0x00, 0x00, 0x00, 0x00, 0x00, 0x00, 0x00, 0x00, 0x00, 0x00, 0x00, 0x00, 0x00, 0x00, 0x00, 0x00,
    0x00, 0x00, 0x00, 0x00, 0x00, 0x00, 0x00, 0x00, 0x00, 0x00, 0x00, 0x00, 0x00, 0x00, 0x00, 0x00,
    0x00, 0x00, 0x00, 0x00, 0x00, 0x00, 0x00, 0x00, 0x00, 0x00, 0x00, 0x00, 0x00, 0x00, 0x00, 0x00,
    0x00, 0x00, 0x00, 0x00, 0x00, 0x00, 0x00, 0x00, 0x00, 0x00, 0x00, 0x00, 0x00, 0x00, 0x00, 0x00,
    0x00, 0x00, 0x00, 0x00, 0x00, 0x00, 0x00, 0x00, 0x00, 0x00, 0x00, 0x00, 0x00, 0x00, 0x00, 0x00,
    0x00, 0x00, 0x00, 0x00, 0x00, 0x00, 0x00, 0x00, 0x00, 0x00, 0x00, 0x00, 0x00, 0x00, 0x00, 0x00,
    0x00, 0x00, 0x00, 0x00, 0x00, 0x00, 0x00, 0x00, 0x00, 0x00, 0x00, 0x00, 0x00, 0x00, 0x00, 0x00,
    0x00, 0x00, 0x00, 0x00, 0x00, 0x00, 0x00, 0x00, 0x00, 0x00, 0x00, 0x00, 0x00, 0x00, 0x00, 0x00,
    0x00, 0x00, 0x00, 0x00, 0x00, 0x00, 0x00, 0x00, 0x00, 0x00, 0x00, 0x00, 0x00, 0x00, 0x00, 0x00,
    0x00, 0x00, 0x00, 0x00, 0x00, 0x00, 0x00, 0x00, 0x00, 0x00, 0x00, 0x00, 0x00, 0x00, 0x00, 0x00,
    0x00, 0x00, 0x00, 0x00, 0x00, 0x00, 0x00, 0x00, 0x00, 0x00, 0x00, 0x00, 0x00, 0x00, 0x00, 0x00,
    0x00, 0x00, 0x00, 0x00, 0x00, 0x00, 0x00, 0x00, 0x00, 0x00, 0x00, 0x00, 0x00, 0x00, 0x00, 0x00,
    0x00, 0x00, 0x00, 0x00, 0x00, 0x00, 0x00, 0x00, 0x00, 0x00, 0x00, 0x00, 0x00, 0x00, 0x00, 0x00,
    0x00, 0x00, 0x00, 0x00, 0x00, 0x00, 0x00, 0x00, 0x00, 0x00, 0x00, 0x00, 0x00, 0x00, 0x00, 0x00,
    0x00, 0x00, 0x00, 0x00, 0x00, 0x00, 0x00, 0x00, 0x00, 0x00, 0x00, 0x00, 0x00, 0x00, 0x00, 0x00,
    0x00, 0x00, 0x00, 0x00, 0x00, 0x00, 0x00, 0x00, 0x00, 0x00, 0x00, 0x00, 0x00, 0x00, 0x00, 0x00,
    0x00, 0x00, 0x00, 0x00, 0x00, 0x00, 0x00, 0x00, 0x00, 0x00, 0x00, 0x00, 0x00, 0x00, 0x00, 0x00,
    0x00, 0x00, 0x00, 0x00, 0x00, 0x00, 0x00, 0x00, 0x00, 0x00, 0x00, 0x00, 0x00, 0x00, 0x00, 0x00,
    0x00, 0x00, 0x00, 0x00, 0x00, 0x00, 0x00, 0x00, 0x00, 0x00, 0x00, 0x00, 0x00, 0x00, 0x00, 0x00,
    0x00, 0x00, 0x00, 0x00, 0x00, 0x00, 0x00, 0x00, 0x00, 0x00, 0x00, 0x00, 0x00, 0x00, 0x00, 0x00,
    0x00, 0x00, 0x00, 0x00, 0x00, 0x00, 0x00, 0x00, 0x00, 0x00, 0x00, 0x00, 0x00, 0x00, 0x00, 0x00,
    0x00, 0x00, 0x00, 0x00, 0x00, 0x00, 0x00, 0x00, 0x00, 0x00, 0x00, 0x00, 0x00, 0x00, 0x00, 0x00,
    0x00, 0x00, 0x00, 0x00, 0x00, 0x00, 0x00, 0x00, 0x00, 0x00, 0x00, 0x00, 0x00, 0x00, 0x00, 0x00,
    0x00, 0x00, 0x00, 0x00, 0x00, 0x00, 0x00, 0x00, 0x00, 0x00, 0x00, 0x00, 0x00, 0x00, 0x00, 0x00,
    0x00, 0x00, 0x00, 0x00, 0x00, 0x00, 0x00, 0x00, 0x00, 0x00, 0x00, 0x00, 0x00, 0x00, 0x00, 0x00,
    0x00, 0x00, 0x00, 0x00, 0x00, 0x00, 0x00, 0x00, 0x00, 0x00, 0x00, 0x00, 0x00, 0x00, 0x00, 0x00,
    0x00, 0x00, 0x00, 0x00, 0x00, 0x00, 0x00, 0x00, 0x00, 0x00, 0x00, 0x00, 0x00, 0x00, 0x00, 0x00,
    0x00, 0x00, 0x00, 0x00, 0x00, 0x00, 0x00, 0x00, 0x00, 0x00, 0x00, 0x00, 0x00, 0x00, 0x00, 0x00,
    0x00, 0x00, 0x00, 0x00, 0x00, 0x00, 0x00, 0x00, 0x00, 0x00, 0x00, 0x00, 0x00, 0x00, 0x00, 0x00,
    0x00, 0x00, 0x00, 0x00, 0x00, 0x00, 0x00, 0x00, 0x00, 0x00, 0x00, 0x00, 0x00, 0x00, 0x00, 0x00,
    0x00, 0x00, 0x00, 0x00, 0x00, 0x00, 0x00, 0x00, 0x00, 0x00, 0x00, 0x00, 0x00, 0x00, 0x00, 0x00,
    0x00, 0x00, 0x00, 0x00, 0x00, 0x00, 0x00, 0x00, 0x00, 0x00, 0x00, 0x00, 0x00, 0x00, 0x00, 0x00,
    0x00, 0x00, 0x00, 0x00, 0x00, 0x00, 0x00, 0x00, 0x00, 0x00, 0x00, 0x00, 0x00, 0x00, 0x00, 0x00,
    0x00, 0x00, 0x00, 0x00, 0x00, 0x00, 0x00, 0x00, 0x00, 0x00, 0x00, 0x00, 0x00, 0x00, 0x00, 0x00,
    0x00, 0x00, 0x00, 0x00, 0x00, 0x00, 0x00, 0x00, 0x00, 0x00, 0x00, 0x00, 0x00, 0x00, 0x00, 0x00,
    0x00, 0x00, 0x00, 0x00, 0x00, 0x00, 0x00, 0x00, 0x00, 0x00, 0x00, 0x00, 0x00, 0x00, 0x00, 0x00,
    0x00, 0x00, 0x00, 0x00, 0x00, 0x00, 0x00, 0x00, 0x00, 0x00, 0x00, 0x00, 0x00, 0x00, 0x00, 0x00,
    0x00, 0x00, 0x00, 0x00, 0x00, 0x00, 0x00, 0x00, 0x00, 0x00, 0x00, 0x00, 0x00, 0x00, 0x00, 0x00,
    0x00, 0x00, 0x00, 0x00, 0x00, 0x00, 0x00, 0x00, 0x00, 0x00, 0x00, 0x00, 0x00, 0x00, 0x00, 0x00,
    0x00, 0x00, 0x00, 0x00, 0x00, 0x00, 0x00, 0x00, 0x00, 0x00, 0x00, 0x00, 0x00, 0x00, 0x00, 0x00,
    0x00, 0x00, 0x00, 0x00, 0x00, 0x00, 0x00, 0x00, 0x00, 0x00, 0x00, 0x00, 0x00, 0x00, 0x00, 0x00,
    0x00, 0x00, 0x00, 0x00, 0x00, 0x00, 0x00, 0x00, 0x00, 0x00, 0x00, 0x00, 0x00, 0x00, 0x00, 0x00,
    0x00, 0x00, 0x00, 0x00, 0x00, 0x00, 0x00, 0x00, 0x00, 0x00, 0x00, 0x00, 0x00, 0x00, 0x00, 0x00,
    0x00, 0x00, 0x00, 0x00, 0x00, 0x00, 0x00, 0x00, 0x00, 0x00, 0x00, 0x00, 0x00, 0x00, 0x00, 0x00,
    0x00, 0x00, 0x00, 0x00, 0x00, 0x00, 0x00, 0x00, 0x00, 0x00, 0x00, 0x00, 0x00, 0x00, 0x00, 0x00,
    0x00, 0x00, 0x00, 0x00, 0x00, 0x00, 0x00, 0x00, 0x00, 0x00, 0x00, 0x00, 0x00, 0x00, 0x00, 0x00,
    0x00, 0x00, 0x00, 0x00, 0x00, 0x00, 0x00, 0x00, 0x00, 0x00, 0x00, 0x00, 0x00, 0x00, 0x00, 0x00,
    0x00, 0x00, 0x00, 0x00, 0x00, 0x00, 0x00, 0x00, 0x00, 0x00, 0x00, 0x00, 0x00, 0x00, 0x00, 0x00,
    0x00, 0x00, 0x00, 0x00, 0x00, 0x00, 0x00, 0x00, 0x00, 0x00, 0x00, 0x00, 0x00, 0x00, 0x00, 0x00,
    0x00, 0x00, 0x00, 0x00, 0x00, 0x00, 0x00, 0x00, 0x00, 0x00, 0x00, 0x00, 0x00, 0x00, 0x00, 0x00,
    0x00, 0x00, 0x00, 0x00, 0x00, 0x00, 0x00, 0x00, 0x00, 0x00, 0x00, 0x00, 0x00, 0x00, 0x00, 0x00,
    0x00, 0x00, 0x00, 0x00, 0x00, 0x00, 0x00, 0x00, 0x00, 0x00, 0x00, 0x00, 0x00, 0x00, 0x00, 0x00,
    0x00, 0x00, 0x00, 0x00, 0x00, 0x00, 0x00, 0x00, 0x00, 0x00, 0x00, 0x00, 0x00, 0x00, 0x00, 0x00,
    0x00, 0x00, 0x00, 0x00, 0x00, 0x00, 0x00, 0x00, 0x00, 0x00, 0x00, 0x00, 0x00, 0x00, 0x00, 0x00,
    0x00, 0x00, 0x00, 0x00, 0x00, 0x00, 0x00, 0x00, 0x00, 0x00, 0x00, 0x00, 0x00, 0x00, 0x00, 0x00,
    0x00, 0x00, 0x00, 0x00, 0x00, 0x00, 0x00, 0x00, 0x00, 0x00, 0x00, 0x00, 0x00, 0x00, 0x00, 0x00,
    0x00, 0x00, 0x00, 0x00, 0x00, 0x00, 0x00, 0x00, 0x00, 0x00, 0x00, 0x00, 0x00, 0x00, 0x00, 0x00,
    0x00, 0x00, 0x00, 0x00, 0x00, 0x00, 0x00, 0x00, 0x00, 0x00, 0x00, 0x00, 0x00, 0x00, 0x00, 0x00,
    0x00, 0x00, 0x00, 0x00, 0x00, 0x00, 0x00, 0x00, 0x00, 0x00, 0x00, 0x00, 0x00, 0x00, 0x00, 0x00,
    0x00, 0x00, 0x00, 0x00, 0x00, 0x00, 0x00, 0x00, 0x00, 0x00, 0x00, 0x00, 0x00, 0x00, 0x00, 0x00,
    0x00, 0x00, 0x00, 0x00, 0x00, 0x00, 0x00, 0x00, 0x00, 0x00, 0x00, 0x00, 0x00, 0x00, 0x00, 0x00,
    0x00, 0x00, 0x00, 0x00, 0x00, 0x00, 0x00, 0x00, 0x00, 0x00, 0x00, 0x00, 0x00, 0x00, 0x00, 0x00,
    0x00, 0x00, 0x00, 0x00, 0x00, 0x00, 0x00, 0x00, 0x00, 0x00, 0x00, 0x00, 0x00, 0x00, 0x00, 0x00,
    0x00, 0x00, 0x00, 0x00, 0x00, 0x00, 0x00, 0x00, 0x00, 0x00, 0x00, 0x00, 0x00, 0x00, 0x00, 0x00,
    0x00, 0x00, 0x00, 0x00, 0x00, 0x00, 0x00, 0x00, 0x00, 0x00, 0x00, 0x00, 0x00, 0x00, 0x00, 0x00,
    0x00, 0x00, 0x00, 0x00, 0x00, 0x00, 0x00, 0x00, 0x00, 0x00, 0x00, 0x00, 0x00, 0x00, 0x00, 0x00,
    0x00, 0x00, 0x00, 0x00, 0x00, 0x00, 0x00, 0x00, 0x00, 0x00, 0x00, 0x00, 0x00, 0x00, 0x00, 0x00,
    0x00, 0x00, 0x00, 0x00, 0x00, 0x00, 0x00, 0x00, 0x00, 0x00, 0x00, 0x00, 0x00, 0x00, 0x00, 0x00,
    0x00, 0x00, 0x00, 0x00, 0x00, 0x00, 0x00, 0x00, 0x00, 0x00, 0x00, 0x00, 0x00, 0x00, 0x00, 0x00,
    0x00, 0x00, 0x00, 0x00, 0x00, 0x00, 0x00, 0x00, 0x00, 0x00, 0x00, 0x00, 0x00, 0x00, 0x00, 0x00,
    0x00, 0x00, 0x00, 0x00, 0x00, 0x00, 0x00, 0x00, 0x00, 0x00, 0x00, 0x00, 0x00, 0x00, 0x00, 0x00,
    0x00, 0x00, 0x00, 0x00, 0x00, 0x00, 0x00, 0x00, 0x00, 0x00, 0x00, 0x00, 0x00, 0x00, 0x00, 0x00,
    0x00, 0x00, 0x00, 0x00, 0x00, 0x00, 0x00, 0x00, 0x00, 0x00, 0x00, 0x00, 0x00, 0x00, 0x00, 0x00,
    0x00, 0x00, 0x00, 0x00, 0x00, 0x00, 0x00, 0x00, 0x00, 0x00, 0x00, 0x00, 0x00, 0x00, 0x00, 0x00,
    0x00, 0x00, 0x00, 0x00, 0x00, 0x00, 0x00, 0x00, 0x00, 0x00, 0x00, 0x00, 0x00, 0x00, 0x00, 0x00,
    0x00, 0x00, 0x00, 0x00, 0x00, 0x00, 0x00, 0x00, 0x00, 0x00, 0x00, 0x00, 0x00, 0x00, 0x00, 0x00,
    0x00, 0x00, 0x00, 0x00, 0x00, 0x00, 0x00, 0x00, 0x00, 0x00, 0x00, 0x00, 0x00, 0x00, 0x00, 0x00,
    0x00, 0x00, 0x00, 0x00, 0x00, 0x00, 0x00, 0x00, 0x00, 0x00, 0x00, 0x00, 0x00, 0x00, 0x00, 0x00,
    0x00, 0x00, 0x00, 0x00, 0x00, 0x00, 0x00, 0x00, 0x00, 0x00, 0x00, 0x00, 0x00, 0x00, 0x00, 0x00,
    0x00, 0x00, 0x00, 0x00, 0x00, 0x00, 0x00, 0x00, 0x00, 0x00, 0x00, 0x00, 0x00, 0x00, 0x00, 0x00,
    0x00, 0x00, 0x00, 0x00, 0x00, 0x00, 0x00, 0x00, 0x00, 0x00, 0x00, 0x00, 0x00, 0x00, 0x00, 0x00,
    0x00, 0x00, 0x00, 0x00, 0x00, 0x00, 0x00, 0x00, 0x00, 0x00, 0x00, 0x00, 0x00, 0x00, 0x00, 0x00,
    0x00, 0x00, 0x00, 0x00, 0x00, 0x00, 0x00, 0x00, 0x00, 0x00, 0x00, 0x00, 0x00, 0x00, 0x00, 0x00,
    0x00, 0x00, 0x00, 0x00, 0x00, 0x00, 0x00, 0x00, 0x00, 0x00, 0x00, 0x00, 0x00, 0x00, 0x00, 0x00,
    0x00, 0x00, 0x00, 0x00, 0x00, 0x00, 0x00, 0x00, 0x00, 0x00, 0x00, 0x00, 0x00, 0x00, 0x00, 0x00,
    0x00, 0x00, 0x00, 0x00, 0x00, 0x00, 0x00, 0x00, 0x00, 0x00, 0x00, 0x00, 0x00, 0x00, 0x00, 0x00,
    0x00, 0x00, 0x00, 0x00, 0x00, 0x00, 0x00, 0x00, 0x00, 0x00, 0x00, 0x00, 0x00, 0x00, 0x00, 0x00,
    0x00, 0x00, 0x00, 0x00, 0x00, 0x00, 0x00, 0x00, 0x00, 0x00, 0x00, 0x00, 0x00, 0x00, 0x00, 0x00,
    0x00, 0x00, 0x00, 0x00, 0x00, 0x00, 0x00, 0x00, 0x00, 0x00, 0x00, 0x00, 0x00, 0x00, 0x00, 0x00,
    0x00, 0x00, 0x00, 0x00, 0x00, 0x00, 0x00, 0x00, 0x00, 0x00, 0x00, 0x00, 0x00, 0x00, 0x00, 0x00,
    0x00, 0x00, 0x00, 0x00, 0x00, 0x00, 0x00, 0x00, 0x00, 0x00, 0x00, 0x00, 0x00, 0x00, 0x00, 0x00,
    0x00, 0x00, 0x00, 0x00, 0x00, 0x00, 0x00, 0x00, 0x00, 0x00, 0x00, 0x00, 0x00, 0x00, 0x00, 0x00,
    0x00, 0x00, 0x00, 0x00, 0x00, 0x00, 0x00, 0x00, 0x00, 0x00, 0x00, 0x00, 0x00, 0x00, 0x00, 0x00,
    0x00, 0x00, 0x00, 0x00, 0x00, 0x00, 0x00, 0x00, 0x00, 0x00, 0x00, 0x00, 0x00, 0x00, 0x00, 0x00,
    0x00, 0x00, 0x00, 0x00, 0x00, 0x00, 0x00, 0x00, 0x00, 0x00, 0x00, 0x00, 0x00, 0x00, 0x00, 0x00,
    0x00, 0x00, 0x00, 0x00, 0x00, 0x00, 0x00, 0x00, 0x00, 0x00, 0x00, 0x00, 0x00, 0x00, 0x00, 0x00,
    0x00, 0x00, 0x00, 0x00, 0x00, 0x00, 0x00, 0x00, 0x00, 0x00, 0x00, 0x00, 0x00, 0x00, 0x00, 0x00,
    0x00, 0x00, 0x00, 0x00, 0x00, 0x00, 0x00, 0x00, 0x00, 0x00, 0x00, 0x00, 0x00, 0x00, 0x00, 0x00,
    0x00, 0x00, 0x00, 0x00, 0x00, 0x00, 0x00, 0x00, 0x00, 0x00, 0x00, 0x00, 0x00, 0x00, 0x00, 0x00,
    0x00, 0x00, 0x00, 0x00, 0x00, 0x00, 0x00, 0x00, 0x00, 0x00, 0x00, 0x00, 0x00, 0x00, 0x00, 0x00,
    0x00, 0x00, 0x00, 0x00, 0x00, 0x00, 0x00, 0x00, 0x00, 0x00, 0x00, 0x00, 0x00, 0x00, 0x00, 0x00,
    0x00, 0x00, 0x00, 0x00, 0x00, 0x00, 0x00, 0x00, 0x00, 0x00, 0x00, 0x00, 0x00, 0x00, 0x00, 0x00,
    0x00, 0x00, 0x00, 0x00, 0x00, 0x00, 0x00, 0x00, 0x00, 0x00, 0x00, 0x00, 0x00, 0x00, 0x00, 0x00,
    0x00, 0x00, 0x00, 0x00, 0x00, 0x00, 0x00, 0x00, 0x00, 0x00, 0x00, 0x00, 0x00, 0x00, 0x00, 0x00,
    0x00, 0x00, 0x00, 0x00, 0x00, 0x00, 0x00, 0x00, 0x00, 0x00, 0x00, 0x00, 0x00, 0x00, 0x00, 0x00,
    0x00, 0x00, 0x00, 0x00, 0x00, 0x00, 0x00, 0x00, 0x00, 0x00, 0x00, 0x00, 0x00, 0x00, 0x00, 0x00,
    0x00, 0x00, 0x00, 0x00, 0x00, 0x00, 0x00, 0x00, 0x00, 0x00, 0x00, 0x00, 0x00, 0x00, 0x00, 0x00,
    0x00, 0x00, 0x00, 0x00, 0x00, 0x00, 0x00, 0x00, 0x00, 0x00, 0x00, 0x00, 0x00, 0x00, 0x00, 0x00,
    0x00, 0x00, 0x00, 0x00, 0x00, 0x00, 0x00, 0x00, 0x00, 0x00, 0x00, 0x00, 0x00, 0x00, 0x00, 0x00,
    0x00, 0x00, 0x00, 0x00, 0x00, 0x00, 0x00, 0x00, 0x00, 0x00, 0x00, 0x00, 0x00, 0x00, 0x00, 0x00,
    0x00, 0x00, 0x00, 0x00, 0x00, 0x00, 0x00, 0x00, 0x00, 0x00, 0x00, 0x00, 0x00, 0x00, 0x00, 0x00,
    0x00, 0x00, 0x00, 0x00, 0x00, 0x00, 0x00, 0x00, 0x00, 0x00, 0x00, 0x00, 0x00, 0x00, 0x00, 0x00,
    0x00, 0x00, 0x00, 0x00, 0x00, 0x00, 0x00, 0x00, 0x00, 0x00, 0x00, 0x00, 0x00, 0x00, 0x00, 0x00,
    0x00, 0x00, 0x00, 0x00, 0x00, 0x00, 0x00, 0x00, 0x00, 0x00, 0x00, 0x00, 0x00, 0x00, 0x00, 0x00,
    0x00, 0x00, 0x00, 0x00, 0x00, 0x00, 0x00, 0x00, 0x00, 0x00, 0x00, 0x00, 0x00, 0x00, 0x00, 0x00,
    0x00, 0x00, 0x00, 0x00, 0x00, 0x00, 0x00, 0x00, 0x00, 0x00, 0x00, 0x00, 0x00, 0x00, 0x00, 0x00,
    0x00, 0x00, 0x00, 0x00, 0x00, 0x00, 0x00, 0x00, 0x00, 0x00, 0x00, 0x00, 0x00, 0x00, 0x00, 0x00,
    0x00, 0x00, 0x00, 0x00, 0x00, 0x00, 0x00, 0x00, 0x00, 0x00, 0x00, 0x00, 0x00, 0x00, 0x00, 0x00,
    0x00, 0x00, 0x00, 0x00, 0x00, 0x00, 0x00, 0x00, 0x00, 0x00, 0x00, 0x00, 0x00, 0x00, 0x00, 0x00,
    0x00, 0x00, 0x00, 0x00, 0x00, 0x00, 0x00, 0x00, 0x00, 0x00, 0x00, 0x00, 0x00, 0x00, 0x00, 0x00,
    0x00, 0x00, 0x00, 0x00, 0x00, 0x00, 0x00, 0x00, 0x00, 0x00, 0x00, 0x00, 0x00, 0x00, 0x00, 0x00,
    0x00, 0x00, 0x00, 0x00, 0x00, 0x00, 0x00, 0x00, 0x00, 0x00, 0x00, 0x00, 0x00, 0x00, 0x00, 0x00,
    0x00, 0x00, 0x00, 0x00, 0x00, 0x00, 0x00, 0x00, 0x00, 0x00, 0x00, 0x00, 0x00, 0x00, 0x00, 0x00,
    0x00, 0x00, 0x00, 0x00, 0x00, 0x00, 0x00, 0x00, 0x00, 0x00, 0x00, 0x00, 0x00, 0x00, 0x00, 0x00,
    0x00, 0x00, 0x00, 0x00, 0x00, 0x00, 0x00, 0x00, 0x00, 0x00, 0x00, 0x00, 0x00, 0x00, 0x00, 0x00,
    0x00, 0x00, 0x00, 0x00, 0x00, 0x00, 0x00, 0x00, 0x00, 0x00, 0x00, 0x00, 0x00, 0x00, 0x00, 0x00,
    0x00, 0x00, 0x00, 0x00, 0x00, 0x00, 0x00, 0x00, 0x00, 0x00, 0x00, 0x00, 0x00, 0x00, 0x00, 0x00,
    0x00, 0x00, 0x00, 0x00, 0x00, 0x00, 0x00, 0x00, 0x00, 0x00, 0x00, 0x00, 0x00, 0x00, 0x00, 0x00,
    0x00, 0x00, 0x00, 0x00, 0x00, 0x00, 0x00, 0x00, 0x00, 0x00, 0x00, 0x00, 0x00, 0x00, 0x00, 0x00,
    0x00, 0x00, 0x00, 0x00, 0x00, 0x00, 0x00, 0x00, 0x00, 0x00, 0x00, 0x00, 0x00, 0x00, 0x00, 0x00,
    0x00, 0x00, 0x00, 0x00, 0x00, 0x00, 0x00, 0x00, 0x00, 0x00, 0x00, 0x00, 0x00, 0x00, 0x00, 0x00,
    0x00, 0x00, 0x00, 0x00, 0x00, 0x00, 0x00, 0x00, 0x00, 0x00, 0x00, 0x00, 0x00, 0x00, 0x00, 0x00,
    0x00, 0x00, 0x00, 0x00, 0x00, 0x00, 0x00, 0x00, 0x00, 0x00, 0x00, 0x00, 0x00, 0x00, 0x00, 0x00,
    0x00, 0x00, 0x00, 0x00, 0x00, 0x00, 0x00, 0x00, 0x00, 0x00, 0x00, 0x00, 0x00, 0x00, 0x00, 0x00,
    0x00, 0x00, 0x00, 0x00, 0x00, 0x00, 0x00, 0x00, 0x00, 0x00, 0x00, 0x00, 0x00, 0x00, 0x00, 0x00,
    0x00, 0x00, 0x00, 0x00, 0x00, 0x00, 0x00, 0x00, 0x00, 0x00, 0x00, 0x00, 0x00, 0x00, 0x00, 0x00,
    0x00, 0x00, 0x00, 0x00, 0x00, 0x00, 0x00, 0x00, 0x00, 0x00, 0x00, 0x00, 0x00, 0x00, 0x00, 0x00,
    0x00, 0x00, 0x00, 0x00, 0x00, 0x00, 0x00, 0x00, 0x00, 0x00, 0x00, 0x00, 0x00, 0x00, 0x00, 0x00,
    0x00, 0x00, 0x00, 0x00, 0x00, 0x00, 0x00, 0x00, 0x00, 0x00, 0x00, 0x00, 0x00, 0x00, 0x00, 0x00,
    0x00, 0x00, 0x00, 0x00, 0x00, 0x00, 0x00, 0x00, 0x00, 0x00, 0x00, 0x00, 0x00, 0x00, 0x00, 0x00,
    0x00, 0x00, 0x00, 0x00, 0x00, 0x00, 0x00, 0x00, 0x00, 0x00, 0x00, 0x00, 0x00, 0x00, 0x00, 0x00,
    0x00, 0x00, 0x00, 0x00, 0x00, 0x00, 0x00, 0x00, 0x00, 0x00, 0x00, 0x00, 0x00, 0x00, 0x00, 0x00,
    0x00, 0x00, 0x00, 0x00, 0x00, 0x00, 0x00, 0x00, 0x00, 0x00, 0x00, 0x00, 0x00, 0x00, 0x00, 0x00,
    0x00, 0x00, 0x00, 0x00, 0x00, 0x00, 0x00, 0x00, 0x00, 0x00, 0x00, 0x00, 0x00, 0x00, 0x00, 0x00,
    0x00, 0x00, 0x00, 0x00, 0x00, 0x00, 0x00, 0x00, 0x00, 0x00, 0x00, 0x00, 0x00, 0x00, 0x00, 0x00,
    0x00, 0x00, 0x00, 0x00, 0x00, 0x00, 0x00, 0x00, 0x00, 0x00, 0x00, 0x00, 0x00, 0x00, 0x00, 0x00,
    0x00, 0x00, 0x00, 0x00, 0x00, 0x00, 0x00, 0x00, 0x00, 0x00, 0x00, 0x00, 0x00, 0x00, 0x00, 0x00,
    0x00, 0x00, 0x00, 0x00, 0x00, 0x00, 0x00, 0x00, 0x00, 0x00, 0x00, 0x00, 0x00, 0x00, 0x00, 0x00,
    0x00, 0x00, 0x00, 0x00, 0x00, 0x00, 0x00, 0x00, 0x00, 0x00, 0x00, 0x00, 0x00, 0x00, 0x00, 0x00,
    0x00, 0x00, 0x00, 0x00, 0x00, 0x00, 0x00, 0x00, 0x00, 0x00, 0x00, 0x00, 0x00, 0x00, 0x00, 0x00,
    0x00, 0x00, 0x00, 0x00, 0x00, 0x00, 0x00, 0x00, 0x00, 0x00, 0x00, 0x00, 0x00, 0x00, 0x00, 0x00,
    0x00, 0x00, 0x00, 0x00, 0x00, 0x00, 0x00, 0x00, 0x00, 0x00, 0x00, 0x00, 0x00, 0x00, 0x00, 0x00,
    0x00, 0x00, 0x00, 0x00, 0x00, 0x00, 0x00, 0x00, 0x00, 0x00, 0x00, 0x00, 0x00, 0x00, 0x00, 0x00,
    0x00, 0x00, 0x00, 0x00, 0x00, 0x00, 0x00, 0x00, 0x00, 0x00, 0x00, 0x00, 0x00, 0x00, 0x00, 0x00,
    0x00, 0x00, 0x00, 0x00, 0x00, 0x00, 0x00, 0x00, 0x00, 0x00, 0x00, 0x00, 0x00, 0x00, 0x00, 0x00,
    0x00, 0x00, 0x00, 0x00, 0x00, 0x00, 0x00, 0x00, 0x00, 0x00, 0x00, 0x00, 0x00, 0x00, 0x00, 0x00,
    0x00, 0x00, 0x00, 0x00, 0x00, 0x00, 0x00, 0x00, 0x00, 0x00, 0x00, 0x00, 0x00, 0x00, 0x00, 0x00,
    0x00, 0x00, 0x00, 0x00, 0x00, 0x00, 0x00, 0x00, 0x00, 0x00, 0x00, 0x00, 0x00, 0x00, 0x00, 0x00,
    0x00, 0x00, 0x00, 0x00, 0x00, 0x00, 0x00, 0x00, 0x00, 0x00, 0x00, 0x00, 0x00, 0x00, 0x00, 0x00,
    0x00, 0x00, 0x00, 0x00, 0x00, 0x00, 0x00, 0x00, 0x00, 0x00, 0x00, 0x00, 0x00, 0x00, 0x00, 0x00,
    0x00, 0x00, 0x00, 0x00, 0x00, 0x00, 0x00, 0x00, 0x00, 0x00, 0x00, 0x00, 0x00, 0x00, 0x00, 0x00,
    0x00, 0x00, 0x00, 0x00, 0x00, 0x00, 0x00, 0x00, 0x00, 0x00, 0x00, 0x00, 0x00, 0x00, 0x00, 0x00,
    0x00, 0x00, 0x00, 0x00, 0x00, 0x00, 0x00, 0x00, 0x00, 0x00, 0x00, 0x00, 0x00, 0x00, 0x00, 0x00,
    0x00, 0x00, 0x00, 0x00, 0x00, 0x00, 0x00, 0x00, 0x00, 0x00, 0x00, 0x00, 0x00, 0x00, 0x00, 0x00,
    0x00, 0x00, 0x00, 0x00, 0x00, 0x00, 0x00, 0x00, 0x00, 0x00, 0x00, 0x00, 0x00, 0x00, 0x00, 0x00,
    0x00, 0x00, 0x00, 0x00, 0x00, 0x00, 0x00, 0x00, 0x00, 0x00, 0x00, 0x00, 0x00, 0x00, 0x00, 0x00,
    0x00, 0x00, 0x00, 0x00, 0x00, 0x00, 0x00, 0x00, 0x00, 0x00, 0x00, 0x00, 0x00, 0x00, 0x00, 0x00,
    0x00, 0x00, 0x00, 0x00, 0x00, 0x00, 0x00, 0x00, 0x00, 0x00, 0x00, 0x00, 0x00, 0x00, 0x00, 0x00,
    0x00, 0x00, 0x00, 0x00, 0x00, 0x00, 0x00, 0x00, 0x00, 0x00, 0x00, 0x00, 0x00, 0x00, 0x00, 0x00,
    0x00, 0x00, 0x00, 0x00, 0x00, 0x00, 0x00, 0x00, 0x00, 0x00, 0x00, 0x00, 0x00, 0x00, 0x00, 0x00,
    0x00, 0x00, 0x00, 0x00, 0x00, 0x00, 0x00, 0x00, 0x00, 0x00, 0x00, 0x00, 0x00, 0x00, 0x00, 0x00,
    0x00, 0x00, 0x00, 0x00, 0x00, 0x00, 0x00, 0x00, 0x00, 0x00, 0x00, 0x00, 0x00, 0x00, 0x00, 0x00,
    0x00, 0x00, 0x00, 0x00, 0x00, 0x00, 0x00, 0x00, 0x00, 0x00, 0x00, 0x00, 0x00, 0x00, 0x00, 0x00,
    0x00, 0x00, 0x00, 0x00, 0x00, 0x00, 0x00, 0x00, 0x00, 0x00, 0x00, 0x00, 0x00, 0x00, 0x00, 0x00,
    0x00, 0x00, 0x00, 0x00, 0x00, 0x00, 0x00, 0x00, 0x00, 0x00, 0x00, 0x00, 0x00, 0x00, 0x00, 0x00,
    0x00, 0x00, 0x00, 0x00, 0x00, 0x00, 0x00, 0x00, 0x00, 0x00, 0x00, 0x00, 0x00, 0x00, 0x00, 0x00,
    0x00, 0x00, 0x00, 0x00, 0x00, 0x00, 0x00, 0x00, 0x00, 0x00, 0x00, 0x00, 0x00, 0x00, 0x00, 0x00,
    0x00, 0x00, 0x00, 0x00, 0x00, 0x00, 0x00, 0x00, 0x00, 0x00, 0x00, 0x00, 0x00, 0x00, 0x00, 0x00,
    0x00, 0x00, 0x00, 0x00, 0x00, 0x00, 0x00, 0x00, 0x00, 0x00, 0x00, 0x00, 0x00, 0x00, 0x00, 0x00,
    0x00, 0x00, 0x00, 0x00, 0x00, 0x00, 0x00, 0x00, 0x00, 0x00, 0x00, 0x00, 0x00, 0x00, 0x00, 0x00,
    0x00, 0x00, 0x00, 0x00, 0x00, 0x00, 0x00, 0x00, 0x00, 0x00, 0x00, 0x00, 0x00, 0x00, 0x00, 0x00,
    0x00, 0x00, 0x00, 0x00, 0x00, 0x00, 0x00, 0x00, 0x00, 0x00, 0x00, 0x00, 0x00, 0x00, 0x00, 0x00,
    0x00, 0x00, 0x00, 0x00, 0x00, 0x00, 0x00, 0x00, 0x00, 0x00, 0x00, 0x00, 0x00, 0x00, 0x00, 0x00,
    0x00, 0x00, 0x00, 0x00, 0x00, 0x00, 0x00, 0x00, 0x00, 0x00, 0x00, 0x00, 0x00, 0x00, 0x00, 0x00,
    0x00, 0x00, 0x00, 0x00, 0x00, 0x00, 0x00, 0x00, 0x00, 0x00, 0x00, 0x00, 0x00, 0x00, 0x00, 0x00,
    0x00, 0x00, 0x00, 0x00, 0x00, 0x00, 0x00, 0x00, 0x00, 0x00, 0x00, 0x00, 0x00, 0x00, 0x00, 0x00,
    0x00, 0x00, 0x00, 0x00, 0x00, 0x00, 0x00, 0x00, 0x00, 0x00, 0x00, 0x00, 0x00, 0x00, 0x00, 0x00,
    0x00, 0x00, 0x00, 0x00, 0x00, 0x00, 0x00, 0x00, 0x00, 0x00, 0x00, 0x00, 0x00, 0x00, 0x00, 0x00,
};

const frixos_sprite_asset_t sprite_fair = {
  .image = {
    .header.cf = LV_COLOR_FORMAT_RGB565,
    .header.w = 960,
    .header.h = 32,
    .data_size = 61440,
    .data = sprite_fair_map,
  },
  .fps = FRIXOS_SPRITE_DEFAULT_FPS,
};
