/*
 * AUTO-GENERATED FILE - DO NOT EDIT MANUALLY
 * Enhanced with Lambertian 3D Shading & Sub-pixel AA
 */

#include "f-sprite.h"

const uint8_t sprite_partlycloudy_night_map[] = {
    0x00, 0x00, 0x00, 0x00, 0x00, 0x00, 0x00, 0x00, 0x00, 0x00, 0x00, 0x00, 0x40, 0x00, 0x40, 0x00,
    0x40, 0x00, 0x82, 0x10, 0x82, 0x10, 0x61, 0x08, 0x40, 0x00, 0x61, 0x08, 0x40, 0x00, 0x00, 0x00,
    0x00, 0x00, 0x00, 0x00, 0x00, 0x00, 0x00, 0x00, 0x00, 0x00, 0x00, 0x00, 0x00, 0x00, 0x00, 0x00,
    0x00, 0x00, 0x00, 0x00, 0x00, 0x00, 0x00, 0x00, 0x00, 0x00, 0x00, 0x00, 0x00, 0x00, 0x00, 0x00,
    0x00, 0x00, 0x00, 0x00, 0x00, 0x00, 0x00, 0x00, 0x00, 0x00, 0x00, 0x00, 0x40, 0x00, 0x40, 0x00,
    0x40, 0x00, 0x82, 0x10, 0x82, 0x10, 0x61, 0x08, 0x40, 0x00, 0x61, 0x08, 0x40, 0x00, 0x00, 0x00,
    0x00, 0x00, 0x00, 0x00, 0x00, 0x00, 0x00, 0x00, 0x00, 0x00, 0x00, 0x00, 0x00, 0x00, 0x00, 0x00,
    0x00, 0x00, 0x00, 0x00, 0x00, 0x00, 0x00, 0x00, 0x00, 0x00, 0x00, 0x00, 0x00, 0x00, 0x00, 0x00,
    0x00, 0x00, 0x00, 0x00, 0x00, 0x00, 0x00, 0x00, 0x00, 0x00, 0x00, 0x00, 0x40, 0x00, 0x40, 0x00,
    0x40, 0x00, 0x82, 0x10, 0x82, 0x10, 0x61, 0x08, 0x40, 0x00, 0x61, 0x08, 0x40, 0x00, 0x00, 0x00,
    0x00, 0x00, 0x00, 0x00, 0x00, 0x00, 0x00, 0x00, 0x00, 0x00, 0x00, 0x00, 0x00, 0x00, 0x00, 0x00,
    0x00, 0x00, 0x00, 0x00, 0x00, 0x00, 0x00, 0x00, 0x00, 0x00, 0x00, 0x00, 0x00, 0x00, 0x00, 0x00,
    0x00, 0x00, 0x00, 0x00, 0x00, 0x00, 0x00, 0x00, 0x00, 0x00, 0x00, 0x00, 0x40, 0x00, 0x40, 0x00,
    0x40, 0x00, 0x82, 0x10, 0x82, 0x10, 0x61, 0x08, 0x40, 0x00, 0x61, 0x08, 0x40, 0x00, 0x00, 0x00,
    0x00, 0x00, 0x00, 0x00, 0x00, 0x00, 0x00, 0x00, 0x00, 0x00, 0x00, 0x00, 0x00, 0x00, 0x00, 0x00,
    0x00, 0x00, 0x00, 0x00, 0x00, 0x00, 0x00, 0x00, 0x00, 0x00, 0x00, 0x00, 0x00, 0x00, 0x00, 0x00,
    0x00, 0x00, 0x00, 0x00, 0x00, 0x00, 0x00, 0x00, 0x00, 0x00, 0x00, 0x00, 0x40, 0x00, 0x40, 0x00,
    0x40, 0x00, 0x82, 0x10, 0x82, 0x10, 0x61, 0x08, 0x40, 0x00, 0x61, 0x08, 0x40, 0x00, 0x00, 0x00,
    0x00, 0x00, 0x00, 0x00, 0x00, 0x00, 0x00, 0x00, 0x00, 0x00, 0x00, 0x00, 0x00, 0x00, 0x00, 0x00,
    0x00, 0x00, 0x00, 0x00, 0x00, 0x00, 0x00, 0x00, 0x00, 0x00, 0x00, 0x00, 0x00, 0x00, 0x00, 0x00,
    0x00, 0x00, 0x00, 0x00, 0x00, 0x00, 0x00, 0x00, 0x00, 0x00, 0x00, 0x00, 0x40, 0x00, 0x40, 0x00,
    0x40, 0x00, 0x82, 0x10, 0x82, 0x10, 0x61, 0x08, 0x40, 0x00, 0x61, 0x08, 0x40, 0x00, 0x00, 0x00,
    0x00, 0x00, 0x00, 0x00, 0x00, 0x00, 0x00, 0x00, 0x00, 0x00, 0x00, 0x00, 0x00, 0x00, 0x00, 0x00,
    0x00, 0x00, 0x00, 0x00, 0x00, 0x00, 0x00, 0x00, 0x00, 0x00, 0x00, 0x00, 0x00, 0x00, 0x00, 0x00,
    0x00, 0x00, 0x00, 0x00, 0x00, 0x00, 0x00, 0x00, 0x00, 0x00, 0x00, 0x00, 0x40, 0x00, 0x40, 0x00,
    0x40, 0x00, 0x82, 0x10, 0x82, 0x10, 0x61, 0x08, 0x40, 0x00, 0x61, 0x08, 0x40, 0x00, 0x00, 0x00,
    0x00, 0x00, 0x00, 0x00, 0x00, 0x00, 0x00, 0x00, 0x00, 0x00, 0x00, 0x00, 0x00, 0x00, 0x00, 0x00,
    0x00, 0x00, 0x00, 0x00, 0x00, 0x00, 0x00, 0x00, 0x00, 0x00, 0x00, 0x00, 0x00, 0x00, 0x00, 0x00,
    0x00, 0x00, 0x00, 0x00, 0x00, 0x00, 0x00, 0x00, 0x00, 0x00, 0x00, 0x00, 0x40, 0x00, 0x40, 0x00,
    0x40, 0x00, 0x82, 0x10, 0x82, 0x10, 0x61, 0x08, 0x40, 0x00, 0x61, 0x08, 0x40, 0x00, 0x00, 0x00,
    0x00, 0x00, 0x00, 0x00, 0x00, 0x00, 0x00, 0x00, 0x00, 0x00, 0x00, 0x00, 0x00, 0x00, 0x00, 0x00,
    0x00, 0x00, 0x00, 0x00, 0x00, 0x00, 0x00, 0x00, 0x00, 0x00, 0x00, 0x00, 0x00, 0x00, 0x00, 0x00,
    0x00, 0x00, 0x00, 0x00, 0x00, 0x00, 0x00, 0x00, 0x00, 0x00, 0x00, 0x00, 0x40, 0x00, 0x40, 0x00,
    0x40, 0x00, 0x82, 0x10, 0x82, 0x10, 0x61, 0x08, 0x40, 0x00, 0x61, 0x08, 0x40, 0x00, 0x00, 0x00,
    0x00, 0x00, 0x00, 0x00, 0x00, 0x00, 0x00, 0x00, 0x00, 0x00, 0x00, 0x00, 0x00, 0x00, 0x00, 0x00,
    0x00, 0x00, 0x00, 0x00, 0x00, 0x00, 0x00, 0x00, 0x00, 0x00, 0x00, 0x00, 0x00, 0x00, 0x00, 0x00,
    0x00, 0x00, 0x00, 0x00, 0x00, 0x00, 0x00, 0x00, 0x00, 0x00, 0x00, 0x00, 0x40, 0x00, 0x40, 0x00,
    0x40, 0x00, 0x82, 0x10, 0x82, 0x10, 0x61, 0x08, 0x40, 0x00, 0x61, 0x08, 0x40, 0x00, 0x00, 0x00,
    0x00, 0x00, 0x00, 0x00, 0x00, 0x00, 0x00, 0x00, 0x00, 0x00, 0x00, 0x00, 0x00, 0x00, 0x00, 0x00,
    0x00, 0x00, 0x00, 0x00, 0x00, 0x00, 0x00, 0x00, 0x00, 0x00, 0x00, 0x00, 0x00, 0x00, 0x00, 0x00,
    0x00, 0x00, 0x00, 0x00, 0x00, 0x00, 0x00, 0x00, 0x00, 0x00, 0x40, 0x00, 0x82, 0x10, 0xa2, 0x10,
    0x04, 0x21, 0x0c, 0x5b, 0xef, 0x7b, 0x0c, 0x5b, 0x04, 0x21, 0x82, 0x10, 0x82, 0x10, 0x40, 0x00,
    0x00, 0x00, 0x00, 0x00, 0x00, 0x00, 0x00, 0x00, 0x00, 0x00, 0x00, 0x00, 0x00, 0x00, 0x00, 0x00,
    0x00, 0x00, 0x00, 0x00, 0x00, 0x00, 0x00, 0x00, 0x00, 0x00, 0x00, 0x00, 0x00, 0x00, 0x00, 0x00,
    0x00, 0x00, 0x00, 0x00, 0x00, 0x00, 0x00, 0x00, 0x00, 0x00, 0x40, 0x00, 0x82, 0x10, 0xa2, 0x10,
    0x04, 0x21, 0x0c, 0x5b, 0xef, 0x7b, 0x0c, 0x5b, 0x04, 0x21, 0x82, 0x10, 0x82, 0x10, 0x40, 0x00,
    0x00, 0x00, 0x00, 0x00, 0x00, 0x00, 0x00, 0x00, 0x00, 0x00, 0x00, 0x00, 0x00, 0x00, 0x00, 0x00,
    0x00, 0x00, 0x00, 0x00, 0x00, 0x00, 0x00, 0x00, 0x00, 0x00, 0x00, 0x00, 0x00, 0x00, 0x00, 0x00,
    0x00, 0x00, 0x00, 0x00, 0x00, 0x00, 0x00, 0x00, 0x00, 0x00, 0x40, 0x00, 0x82, 0x10, 0xa2, 0x10,
    0x04, 0x21, 0x0c, 0x5b, 0xef, 0x7b, 0x0c, 0x5b, 0x04, 0x21, 0x82, 0x10, 0x82, 0x10, 0x40, 0x00,
    0x00, 0x00, 0x00, 0x00, 0x00, 0x00, 0x00, 0x00, 0x00, 0x00, 0x00, 0x00, 0x00, 0x00, 0x00, 0x00,
    0x00, 0x00, 0x00, 0x00, 0x00, 0x00, 0x00, 0x00, 0x00, 0x00, 0x00, 0x00, 0x00, 0x00, 0x00, 0x00,
    0x00, 0x00, 0x00, 0x00, 0x00, 0x00, 0x00, 0x00, 0x00, 0x00, 0x40, 0x00, 0x82, 0x10, 0xa2, 0x10,
    0x04, 0x21, 0x0c, 0x5b, 0xef, 0x7b, 0x0c, 0x5b, 0x04, 0x21, 0x82, 0x10, 0x82, 0x10, 0x40, 0x00,
    0x00, 0x00, 0x00, 0x00, 0x00, 0x00, 0x00, 0x00, 0x00, 0x00, 0x00, 0x00, 0x00, 0x00, 0x00, 0x00,
    0x00, 0x00, 0x00, 0x00, 0x00, 0x00, 0x00, 0x00, 0x00, 0x00, 0x00, 0x00, 0x00, 0x00, 0x00, 0x00,
    0x00, 0x00, 0x00, 0x00, 0x00, 0x00, 0x00, 0x00, 0x00, 0x00, 0x40, 0x00, 0x82, 0x10, 0xa2, 0x10,
    0x04, 0x21, 0x0c, 0x5b, 0xef, 0x7b, 0x0c, 0x5b, 0x04, 0x21, 0x82, 0x10, 0x82, 0x10, 0x40, 0x00,
    0x00, 0x00, 0x00, 0x00, 0x00, 0x00, 0x00, 0x00, 0x00, 0x00, 0x00, 0x00, 0x00, 0x00, 0x00, 0x00,
    0x00, 0x00, 0x00, 0x00, 0x00, 0x00, 0x00, 0x00, 0x00, 0x00, 0x00, 0x00, 0x00, 0x00, 0x00, 0x00,
    0x00, 0x00, 0x00, 0x00, 0x00, 0x00, 0x00, 0x00, 0x00, 0x00, 0x40, 0x00, 0x82, 0x10, 0xa2, 0x10,
    0x04, 0x21, 0x0c, 0x5b, 0xef, 0x7b, 0x0c, 0x5b, 0x04, 0x21, 0x82, 0x10, 0x82, 0x10, 0x40, 0x00,
    0x00, 0x00, 0x00, 0x00, 0x00, 0x00, 0x00, 0x00, 0x00, 0x00, 0x00, 0x00, 0x00, 0x00, 0x00, 0x00,
    0x00, 0x00, 0x00, 0x00, 0x00, 0x00, 0x00, 0x00, 0x00, 0x00, 0x00, 0x00, 0x00, 0x00, 0x00, 0x00,
    0x00, 0x00, 0x00, 0x00, 0x00, 0x00, 0x00, 0x00, 0x00, 0x00, 0x40, 0x00, 0x82, 0x10, 0xa2, 0x10,
    0x04, 0x21, 0x0c, 0x5b, 0xef, 0x7b, 0x0c, 0x5b, 0x04, 0x21, 0x82, 0x10, 0x82, 0x10, 0x40, 0x00,
    0x00, 0x00, 0x00, 0x00, 0x00, 0x00, 0x00, 0x00, 0x00, 0x00, 0x00, 0x00, 0x00, 0x00, 0x00, 0x00,
    0x00, 0x00, 0x00, 0x00, 0x00, 0x00, 0x00, 0x00, 0x00, 0x00, 0x00, 0x00, 0x00, 0x00, 0x00, 0x00,
    0x00, 0x00, 0x00, 0x00, 0x00, 0x00, 0x00, 0x00, 0x00, 0x00, 0x40, 0x00, 0x82, 0x10, 0xa2, 0x10,
    0x04, 0x21, 0x0c, 0x5b, 0xef, 0x7b, 0x0c, 0x5b, 0x04, 0x21, 0x82, 0x10, 0x82, 0x10, 0x40, 0x00,
    0x00, 0x00, 0x00, 0x00, 0x00, 0x00, 0x00, 0x00, 0x00, 0x00, 0x00, 0x00, 0x00, 0x00, 0x00, 0x00,
    0x00, 0x00, 0x00, 0x00, 0x00, 0x00, 0x00, 0x00, 0x00, 0x00, 0x00, 0x00, 0x00, 0x00, 0x00, 0x00,
    0x00, 0x00, 0x00, 0x00, 0x00, 0x00, 0x00, 0x00, 0x00, 0x00, 0x40, 0x00, 0x82, 0x10, 0xa2, 0x10,
    0x04, 0x21, 0x0c, 0x5b, 0xef, 0x7b, 0x0c, 0x5b, 0x04, 0x21, 0x82, 0x10, 0x82, 0x10, 0x40, 0x00,
    0x00, 0x00, 0x00, 0x00, 0x00, 0x00, 0x00, 0x00, 0x00, 0x00, 0x00, 0x00, 0x00, 0x00, 0x00, 0x00,
    0x00, 0x00, 0x00, 0x00, 0x00, 0x00, 0x00, 0x00, 0x00, 0x00, 0x00, 0x00, 0x00, 0x00, 0x00, 0x00,
    0x00, 0x00, 0x00, 0x00, 0x00, 0x00, 0x00, 0x00, 0x00, 0x00, 0x40, 0x00, 0x82, 0x10, 0xa2, 0x10,
    0x04, 0x21, 0x0c, 0x5b, 0xef, 0x7b, 0x0c, 0x5b, 0x04, 0x21, 0x82, 0x10, 0x82, 0x10, 0x40, 0x00,
    0x00, 0x00, 0x00, 0x00, 0x00, 0x00, 0x00, 0x00, 0x00, 0x00, 0x00, 0x00, 0x00, 0x00, 0x00, 0x00,
    0x00, 0x00, 0x00, 0x00, 0x00, 0x00, 0x00, 0x00, 0x00, 0x00, 0x00, 0x00, 0x00, 0x00, 0x00, 0x00,
    0x00, 0x00, 0x00, 0x00, 0x00, 0x00, 0x40, 0x00, 0x41, 0x00, 0x82, 0x10, 0xa6, 0x31, 0xdb, 0xd6,
    0xbf, 0xf7, 0x9f, 0xf7, 0x9e, 0xef, 0x9f, 0xf7, 0x9e, 0xef, 0x9b, 0xce, 0x86, 0x31, 0x65, 0x21,
    0x25, 0x19, 0x62, 0x08, 0x00, 0x00, 0x00, 0x00, 0x00, 0x00, 0x00, 0x00, 0x00, 0x00, 0x00, 0x00,
    0x00, 0x00, 0x00, 0x00, 0x00, 0x00, 0x00, 0x00, 0x00, 0x00, 0x00, 0x00, 0x00, 0x00, 0x00, 0x00,
    0x00, 0x00, 0x00, 0x00, 0x00, 0x00, 0x40, 0x00, 0x41, 0x00, 0x82, 0x10, 0xa6, 0x31, 0xdb, 0xd6,
    0xbf, 0xf7, 0x9f, 0xf7, 0x9e, 0xef, 0x9f, 0xf7, 0x9e, 0xef, 0x9b, 0xce, 0x86, 0x31, 0x45, 0x21,
    0xe4, 0x10, 0x62, 0x08, 0x00, 0x00, 0x00, 0x00, 0x00, 0x00, 0x00, 0x00, 0x00, 0x00, 0x00, 0x00,
    0x00, 0x00, 0x00, 0x00, 0x00, 0x00, 0x00, 0x00, 0x00, 0x00, 0x00, 0x00, 0x00, 0x00, 0x00, 0x00,
    0x00, 0x00, 0x00, 0x00, 0x00, 0x00, 0x40, 0x00, 0x41, 0x00, 0x82, 0x10, 0xa6, 0x31, 0xdb, 0xd6,
    0xbf, 0xf7, 0x9f, 0xf7, 0x9e, 0xef, 0x9f, 0xf7, 0x9e, 0xef, 0x9b, 0xce, 0x65, 0x29, 0x04, 0x19,
    0xc3, 0x10, 0x41, 0x00, 0x00, 0x00, 0x00, 0x00, 0x00, 0x00, 0x00, 0x00, 0x00, 0x00, 0x00, 0x00,
    0x00, 0x00, 0x00, 0x00, 0x00, 0x00, 0x00, 0x00, 0x00, 0x00, 0x00, 0x00, 0x00, 0x00, 0x00, 0x00,
    0x00, 0x00, 0x00, 0x00, 0x00, 0x00, 0x40, 0x00, 0x41, 0x00, 0x82, 0x10, 0xa6, 0x31, 0xdb, 0xd6,
    0xbf, 0xf7, 0x9f, 0xf7, 0x9e, 0xef, 0x9f, 0xf7, 0x9e, 0xef, 0x9b, 0xce, 0x65, 0x29, 0xe3, 0x18,
    0xa3, 0x08, 0x21, 0x00, 0x00, 0x00, 0x00, 0x00, 0x00, 0x00, 0x00, 0x00, 0x00, 0x00, 0x00, 0x00,
    0x00, 0x00, 0x00, 0x00, 0x00, 0x00, 0x00, 0x00, 0x00, 0x00, 0x00, 0x00, 0x00, 0x00, 0x00, 0x00,
    0x00, 0x00, 0x00, 0x00, 0x00, 0x00, 0x40, 0x00, 0x41, 0x00, 0x82, 0x10, 0xa6, 0x31, 0xdb, 0xd6,
    0xbf, 0xf7, 0x9f, 0xf7, 0x9e, 0xef, 0x9f, 0xf7, 0x9e, 0xef, 0x9b, 0xce, 0x65, 0x29, 0xe3, 0x18,
    0xa2, 0x08, 0x20, 0x00, 0x00, 0x00, 0x00, 0x00, 0x00, 0x00, 0x00, 0x00, 0x00, 0x00, 0x00, 0x00,
    0x00, 0x00, 0x00, 0x00, 0x00, 0x00, 0x00, 0x00, 0x00, 0x00, 0x00, 0x00, 0x00, 0x00, 0x00, 0x00,
    0x00, 0x00, 0x00, 0x00, 0x00, 0x00, 0x40, 0x00, 0x41, 0x00, 0x82, 0x10, 0xa6, 0x31, 0xdb, 0xd6,
    0xbf, 0xf7, 0x9f, 0xf7, 0x9e, 0xef, 0x9f, 0xf7, 0x9e, 0xef, 0x9b, 0xce, 0x65, 0x29, 0xe3, 0x18,
    0xa3, 0x08, 0x21, 0x00, 0x00, 0x00, 0x00, 0x00, 0x00, 0x00, 0x00, 0x00, 0x00, 0x00, 0x00, 0x00,
    0x00, 0x00, 0x00, 0x00, 0x00, 0x00, 0x00, 0x00, 0x00, 0x00, 0x00, 0x00, 0x00, 0x00, 0x00, 0x00,
    0x00, 0x00, 0x00, 0x00, 0x00, 0x00, 0x40, 0x00, 0x41, 0x00, 0x82, 0x10, 0xa6, 0x31, 0xdb, 0xd6,
    0xbf, 0xf7, 0x9f, 0xf7, 0x9e, 0xef, 0x9f, 0xf7, 0x9e, 0xef, 0x9b, 0xce, 0x65, 0x29, 0x04, 0x19,
    0xc3, 0x10, 0x41, 0x00, 0x00, 0x00, 0x00, 0x00, 0x00, 0x00, 0x00, 0x00, 0x00, 0x00, 0x00, 0x00,
    0x00, 0x00, 0x00, 0x00, 0x00, 0x00, 0x00, 0x00, 0x00, 0x00, 0x00, 0x00, 0x00, 0x00, 0x00, 0x00,
    0x00, 0x00, 0x00, 0x00, 0x00, 0x00, 0x40, 0x00, 0x41, 0x00, 0x82, 0x10, 0xa6, 0x31, 0xdb, 0xd6,
    0xbf, 0xf7, 0x9f, 0xf7, 0x9e, 0xef, 0x9f, 0xf7, 0x9e, 0xef, 0x9b, 0xce, 0x86, 0x31, 0x24, 0x21,
    0xe4, 0x10, 0x42, 0x08, 0x00, 0x00, 0x00, 0x00, 0x00, 0x00, 0x00, 0x00, 0x00, 0x00, 0x00, 0x00,
    0x00, 0x00, 0x00, 0x00, 0x00, 0x00, 0x00, 0x00, 0x00, 0x00, 0x00, 0x00, 0x00, 0x00, 0x00, 0x00,
    0x00, 0x00, 0x00, 0x00, 0x00, 0x00, 0x40, 0x00, 0x41, 0x00, 0x82, 0x10, 0xa6, 0x31, 0xdb, 0xd6,
    0xbf, 0xf7, 0x9f, 0xf7, 0x9e, 0xef, 0x9f, 0xf7, 0x9e, 0xef, 0x9b, 0xce, 0x86, 0x31, 0x65, 0x21,
    0x25, 0x19, 0x62, 0x08, 0x00, 0x00, 0x00, 0x00, 0x00, 0x00, 0x00, 0x00, 0x00, 0x00, 0x00, 0x00,
    0x00, 0x00, 0x00, 0x00, 0x00, 0x00, 0x00, 0x00, 0x00, 0x00, 0x00, 0x00, 0x00, 0x00, 0x00, 0x00,
    0x00, 0x00, 0x00, 0x00, 0x00, 0x00, 0x40, 0x00, 0x41, 0x00, 0x82, 0x10, 0xa6, 0x31, 0xdb, 0xd6,
    0xbf, 0xf7, 0x9f, 0xf7, 0x9e, 0xef, 0x9f, 0xf7, 0x9e, 0xef, 0x9b, 0xce, 0xa6, 0x31, 0x66, 0x29,
    0x25, 0x19, 0x83, 0x08, 0x00, 0x00, 0x00, 0x00, 0x00, 0x00, 0x00, 0x00, 0x00, 0x00, 0x00, 0x00,
    0x00, 0x00, 0x00, 0x00, 0x00, 0x00, 0x00, 0x00, 0x00, 0x00, 0x00, 0x00, 0x00, 0x00, 0x00, 0x00,
    0x00, 0x00, 0x00, 0x00, 0x00, 0x00, 0x40, 0x00, 0xa2, 0x10, 0x2c, 0x63, 0x9f, 0xf7, 0xbf, 0xf7,
    0xdf, 0xf7, 0xbf, 0xf7, 0xbf, 0xf7, 0x7e, 0xef, 0x9f, 0xef, 0x5e, 0xe7, 0x1e, 0xdf, 0x9c, 0xc6,
    0xdb, 0xad, 0xb7, 0x8c, 0xf5, 0x6b, 0x51, 0x5b, 0x88, 0x29, 0x00, 0x00, 0x00, 0x00, 0x00, 0x00,
    0x00, 0x00, 0x00, 0x00, 0x00, 0x00, 0x00, 0x00, 0x00, 0x00, 0x00, 0x00, 0x00, 0x00, 0x00, 0x00,
    0x00, 0x00, 0x00, 0x00, 0x00, 0x00, 0x40, 0x00, 0xa2, 0x10, 0x2c, 0x63, 0x9f, 0xf7, 0xbf, 0xf7,
    0xdf, 0xf7, 0xbf, 0xf7, 0xbf, 0xf7, 0x7e, 0xef, 0x9f, 0xef, 0x5e, 0xe7, 0x1e, 0xdf, 0x7c, 0xc6,
    0xdb, 0xad, 0xb7, 0x8c, 0xf5, 0x6b, 0x31, 0x5b, 0x68, 0x21, 0x00, 0x00, 0x00, 0x00, 0x00, 0x00,
    0x00, 0x00, 0x00, 0x00, 0x00, 0x00, 0x00, 0x00, 0x00, 0x00, 0x00, 0x00, 0x00, 0x00, 0x00, 0x00,
    0x00, 0x00, 0x00, 0x00, 0x00, 0x00, 0x40, 0x00, 0xa2, 0x10, 0x2c, 0x63, 0x9f, 0xf7, 0xbf, 0xf7,
    0xdf, 0xf7, 0xbf, 0xf7, 0xbf, 0xf7, 0x7e, 0xef, 0x9f, 0xef, 0x5e, 0xe7, 0x1e, 0xdf, 0x7c, 0xc6,
    0xda, 0xad, 0xb7, 0x84, 0xf5, 0x6b, 0x11, 0x53, 0x47, 0x21, 0x00, 0x00, 0x00, 0x00, 0x00, 0x00,
    0x00, 0x00, 0x00, 0x00, 0x00, 0x00, 0x00, 0x00, 0x00, 0x00, 0x00, 0x00, 0x00, 0x00, 0x00, 0x00,
    0x00, 0x00, 0x00, 0x00, 0x00, 0x00, 0x40, 0x00, 0xa2, 0x10, 0x2c, 0x63, 0x9f, 0xf7, 0xbf, 0xf7,
    0xdf, 0xf7, 0xbf, 0xf7, 0xbf, 0xf7, 0x7e, 0xef, 0x9f, 0xef, 0x5e, 0xe7, 0x1d, 0xdf, 0x7c, 0xc6,
    0xda, 0xad, 0xb7, 0x84, 0xf5, 0x6b, 0xf0, 0x52, 0x26, 0x21, 0x00, 0x00, 0x00, 0x00, 0x00, 0x00,
    0x00, 0x00, 0x00, 0x00, 0x00, 0x00, 0x00, 0x00, 0x00, 0x00, 0x00, 0x00, 0x00, 0x00, 0x00, 0x00,
    0x00, 0x00, 0x00, 0x00, 0x00, 0x00, 0x40, 0x00, 0xa2, 0x10, 0x2c, 0x63, 0x9f, 0xf7, 0xbf, 0xf7,
    0xdf, 0xf7, 0xbf, 0xf7, 0xbf, 0xf7, 0x7e, 0xef, 0x9f, 0xef, 0x5e, 0xe7, 0x1d, 0xdf, 0x7c, 0xc6,
    0xda, 0xad, 0xb7, 0x84, 0xf5, 0x6b, 0xf0, 0x52, 0x06, 0x19, 0x00, 0x00, 0x00, 0x00, 0x00, 0x00,
    0x00, 0x00, 0x00, 0x00, 0x00, 0x00, 0x00, 0x00, 0x00, 0x00, 0x00, 0x00, 0x00, 0x00, 0x00, 0x00,
    0x00, 0x00, 0x00, 0x00, 0x00, 0x00, 0x40, 0x00, 0xa2, 0x10, 0x2c, 0x63, 0x9f, 0xf7, 0xbf, 0xf7,
    0xdf, 0xf7, 0xbf, 0xf7, 0xbf, 0xf7, 0x9f, 0xf7, 0x9f, 0xef, 0x5e, 0xe7, 0x1d, 0xdf, 0x7c, 0xc6,
    0xda, 0xad, 0xb7, 0x84, 0xf5, 0x6b, 0xf0, 0x52, 0x06, 0x19, 0x00, 0x00, 0x00, 0x00, 0x00, 0x00,
    0x00, 0x00, 0x00, 0x00, 0x00, 0x00, 0x00, 0x00, 0x00, 0x00, 0x00, 0x00, 0x00, 0x00, 0x00, 0x00,
    0x00, 0x00, 0x00, 0x00, 0x00, 0x00, 0x40, 0x00, 0xa2, 0x10, 0x2c, 0x63, 0x9f, 0xf7, 0xbf, 0xf7,
    0xdf, 0xf7, 0xbf, 0xf7, 0xbf, 0xf7, 0x7e, 0xef, 0x9f, 0xef, 0x5e, 0xe7, 0x1e, 0xdf, 0x7c, 0xc6,
    0xda, 0xad, 0xb7, 0x84, 0xf5, 0x6b, 0xf0, 0x52, 0x26, 0x19, 0x00, 0x00, 0x00, 0x00, 0x00, 0x00,
    0x00, 0x00, 0x00, 0x00, 0x00, 0x00, 0x00, 0x00, 0x00, 0x00, 0x00, 0x00, 0x00, 0x00, 0x00, 0x00,
    0x00, 0x00, 0x00, 0x00, 0x00, 0x00, 0x40, 0x00, 0xa2, 0x10, 0x2c, 0x63, 0x9f, 0xf7, 0xbf, 0xf7,
    0xdf, 0xf7, 0xbf, 0xf7, 0xbf, 0xf7, 0x7e, 0xef, 0x9f, 0xef, 0x5e, 0xe7, 0x1e, 0xdf, 0x9c, 0xc6,
    0xdb, 0xad, 0xb7, 0x84, 0xf5, 0x6b, 0x11, 0x53, 0x47, 0x21, 0x00, 0x00, 0x00, 0x00, 0x00, 0x00,
    0x00, 0x00, 0x00, 0x00, 0x00, 0x00, 0x00, 0x00, 0x00, 0x00, 0x00, 0x00, 0x00, 0x00, 0x00, 0x00,
    0x00, 0x00, 0x00, 0x00, 0x00, 0x00, 0x40, 0x00, 0xa2, 0x10, 0x2c, 0x63, 0x9f, 0xf7, 0xbf, 0xf7,
    0xdf, 0xf7, 0xbf, 0xf7, 0xbf, 0xf7, 0x7e, 0xef, 0x9f, 0xef, 0x7e, 0xe7, 0x1e, 0xdf, 0x9c, 0xc6,
    0xdb, 0xad, 0xb7, 0x84, 0xf5, 0x6b, 0x31, 0x5b, 0x68, 0x21, 0x00, 0x00, 0x00, 0x00, 0x00, 0x00,
    0x00, 0x00, 0x00, 0x00, 0x00, 0x00, 0x00, 0x00, 0x00, 0x00, 0x00, 0x00, 0x00, 0x00, 0x00, 0x00,
    0x00, 0x00, 0x00, 0x00, 0x00, 0x00, 0x40, 0x00, 0xa2, 0x10, 0x2c, 0x63, 0x9f, 0xf7, 0xbf, 0xf7,
    0xdf, 0xf7, 0xbf, 0xf7, 0xbf, 0xf7, 0x7e, 0xef, 0x9f, 0xef, 0x7e, 0xe7, 0x1e, 0xdf, 0x9c, 0xc6,
    0xdb, 0xad, 0xb7, 0x8c, 0xf5, 0x6b, 0x52, 0x5b, 0x88, 0x29, 0x00, 0x00, 0x00, 0x00, 0x00, 0x00,
    0x00, 0x00, 0x00, 0x00, 0x00, 0x00, 0x00, 0x00, 0x00, 0x00, 0x00, 0x00, 0x00, 0x00, 0x00, 0x00,
    0x00, 0x00, 0x00, 0x00, 0x40, 0x00, 0x61, 0x08, 0xa6, 0x31, 0xbf, 0xf7, 0xbf, 0xf7, 0xbf, 0xf7,
    0xbf, 0xf7, 0xdf, 0xf7, 0x9e, 0xef, 0x7f, 0xef, 0x7f, 0xef, 0x9f, 0xef, 0x5e, 0xe7, 0xdd, 0xd6,
    0x1b, 0xb6, 0x18, 0x95, 0x15, 0x74, 0xd4, 0x6b, 0x72, 0x5b, 0xaf, 0x4a, 0x62, 0x08, 0x00, 0x00,
    0x00, 0x00, 0x00, 0x00, 0x00, 0x00, 0x00, 0x00, 0x00, 0x00, 0x00, 0x00, 0x00, 0x00, 0x00, 0x00,
    0x00, 0x00, 0x00, 0x00, 0x40, 0x00, 0x61, 0x08, 0xa6, 0x31, 0xbf, 0xf7, 0xbf, 0xf7, 0xbf, 0xf7,
    0xbf, 0xf7, 0xdf, 0xf7, 0x9e, 0xef, 0x7f, 0xef, 0x7f, 0xef, 0x9f, 0xef, 0x5e, 0xe7, 0xdd, 0xd6,
    0x1b, 0xb6, 0x18, 0x95, 0x15, 0x74, 0xd4, 0x6b, 0x72, 0x5b, 0xaf, 0x4a, 0x62, 0x08, 0x00, 0x00,
    0x00, 0x00, 0x00, 0x00, 0x00, 0x00, 0x00, 0x00, 0x00, 0x00, 0x00, 0x00, 0x00, 0x00, 0x00, 0x00,
    0x00, 0x00, 0x00, 0x00, 0x40, 0x00, 0x61, 0x08, 0xa6, 0x31, 0xbf, 0xf7, 0xbf, 0xf7, 0xbf, 0xf7,
    0xbf, 0xf7, 0xdf, 0xf7, 0x9e, 0xef, 0x7f, 0xef, 0x7f, 0xef, 0x9f, 0xef, 0x5e, 0xe7, 0xdd, 0xd6,
    0x1b, 0xb6, 0x18, 0x95, 0x15, 0x74, 0xd4, 0x6b, 0x72, 0x5b, 0xaf, 0x4a, 0x62, 0x08, 0x00, 0x00,
    0x00, 0x00, 0x00, 0x00, 0x00, 0x00, 0x00, 0x00, 0x00, 0x00, 0x00, 0x00, 0x00, 0x00, 0x00, 0x00,
    0x00, 0x00, 0x00, 0x00, 0x40, 0x00, 0x61, 0x08, 0xa6, 0x31, 0xbf, 0xf7, 0xbf, 0xf7, 0xbf, 0xf7,
    0xbf, 0xf7, 0xdf, 0xf7, 0x9e, 0xef, 0x7f, 0xef, 0x7f, 0xef, 0x9f, 0xef, 0x5e, 0xe7, 0xdd, 0xd6,
    0x1b, 0xb6, 0x18, 0x95, 0x15, 0x74, 0xd4, 0x6b, 0x52, 0x5b, 0x8e, 0x42, 0x42, 0x08, 0x00, 0x00,
    0x00, 0x00, 0x00, 0x00, 0x00, 0x00, 0x00, 0x00, 0x00, 0x00, 0x00, 0x00, 0x00, 0x00, 0x00, 0x00,
    0x00, 0x00, 0x00, 0x00, 0x40, 0x00, 0x61, 0x08, 0xa6, 0x31, 0xbf, 0xf7, 0xbf, 0xf7, 0xbf, 0xf7,
    0xbf, 0xf7, 0xdf, 0xf7, 0x9e, 0xef, 0x7f, 0xef, 0x7f, 0xef, 0x9f, 0xef, 0x5e, 0xe7, 0xdd, 0xd6,
    0x1b, 0xb6, 0x18, 0x95, 0x15, 0x74, 0xd4, 0x6b, 0x52, 0x5b, 0x6e, 0x42, 0x41, 0x00, 0x00, 0x00,
    0x00, 0x00, 0x00, 0x00, 0x00, 0x00, 0x00, 0x00, 0x00, 0x00, 0x00, 0x00, 0x00, 0x00, 0x00, 0x00,
    0x00, 0x00, 0x00, 0x00, 0x40, 0x00, 0x61, 0x08, 0xa6, 0x31, 0xbf, 0xf7, 0xbf, 0xf7, 0xbf, 0xf7,
    0xbf, 0xf7, 0xdf, 0xf7, 0x9e, 0xef, 0x7f, 0xef, 0x7f, 0xef, 0x9f, 0xef, 0x5e, 0xe7, 0xdd, 0xd6,
    0x1b, 0xb6, 0x18, 0x95, 0x15, 0x74, 0xd4, 0x6b, 0x52, 0x5b, 0x6e, 0x42, 0x21, 0x00, 0x00, 0x00,
    0x00, 0x00, 0x00, 0x00, 0x00, 0x00, 0x00, 0x00, 0x00, 0x00, 0x00, 0x00, 0x00, 0x00, 0x00, 0x00,
    0x00, 0x00, 0x00, 0x00, 0x40, 0x00, 0x61, 0x08, 0xa6, 0x31, 0xbf, 0xf7, 0xbf, 0xf7, 0xbf, 0xf7,
    0xbf, 0xf7, 0xdf, 0xf7, 0x9e, 0xef, 0x7f, 0xef, 0x7f, 0xef, 0x9f, 0xef, 0x5e, 0xe7, 0xdd, 0xd6,
    0x1b, 0xb6, 0x18, 0x95, 0x15, 0x74, 0xd4, 0x6b, 0x52, 0x5b, 0x6d, 0x42, 0x21, 0x00, 0x00, 0x00,
    0x00, 0x00, 0x00, 0x00, 0x00, 0x00, 0x00, 0x00, 0x00, 0x00, 0x00, 0x00, 0x00, 0x00, 0x00, 0x00,
    0x00, 0x00, 0x00, 0x00, 0x40, 0x00, 0x61, 0x08, 0xa6, 0x31, 0xbf, 0xf7, 0xbf, 0xf7, 0xbf, 0xf7,
    0xbf, 0xf7, 0xdf, 0xf7, 0x9e, 0xef, 0x7f, 0xef, 0x7f, 0xef, 0x9f, 0xef, 0x5e, 0xe7, 0xdd, 0xd6,
    0x1b, 0xb6, 0x18, 0x95, 0x15, 0x74, 0xd4, 0x6b, 0x52, 0x5b, 0x6e, 0x42, 0x41, 0x00, 0x00, 0x00,
    0x00, 0x00, 0x00, 0x00, 0x00, 0x00, 0x00, 0x00, 0x00, 0x00, 0x00, 0x00, 0x00, 0x00, 0x00, 0x00,
    0x00, 0x00, 0x00, 0x00, 0x40, 0x00, 0x61, 0x08, 0xa6, 0x31, 0xbf, 0xf7, 0xbf, 0xf7, 0xbf, 0xf7,
    0xbf, 0xf7, 0xdf, 0xf7, 0x9e, 0xef, 0x7f, 0xef, 0x7f, 0xef, 0x9f, 0xef, 0x5e, 0xe7, 0xdd, 0xd6,
    0x1b, 0xb6, 0x18, 0x95, 0x15, 0x74, 0xd4, 0x6b, 0x52, 0x5b, 0x8e, 0x42, 0x42, 0x08, 0x00, 0x00,
    0x00, 0x00, 0x00, 0x00, 0x00, 0x00, 0x00, 0x00, 0x00, 0x00, 0x00, 0x00, 0x00, 0x00, 0x00, 0x00,
    0x00, 0x00, 0x00, 0x00, 0x40, 0x00, 0x61, 0x08, 0xa6, 0x31, 0xbf, 0xf7, 0xbf, 0xf7, 0xbf, 0xf7,
    0xbf, 0xf7, 0xdf, 0xf7, 0x9e, 0xef, 0x7f, 0xef, 0x7f, 0xef, 0x9f, 0xef, 0x5e, 0xe7, 0xdd, 0xd6,
    0x1b, 0xb6, 0x18, 0x95, 0x15, 0x74, 0xd4, 0x6b, 0x52, 0x5b, 0xaf, 0x4a, 0x62, 0x08, 0x00, 0x00,
    0x00, 0x00, 0x00, 0x00, 0x00, 0x00, 0x00, 0x00, 0x00, 0x00, 0x00, 0x00, 0x00, 0x00, 0x00, 0x00,
    0x00, 0x00, 0x00, 0x00, 0x61, 0x08, 0xa2, 0x10, 0xbb, 0xd6, 0xbf, 0xf7, 0xbf, 0xf7, 0xbf, 0xf7,
    0xbf, 0xf7, 0x7e, 0xef, 0x5e, 0xe7, 0x7f, 0xef, 0x7f, 0xef, 0x3d, 0xdf, 0x1d, 0xd7, 0x7c, 0xc6,
    0x99, 0xa5, 0x76, 0x7c, 0xf4, 0x73, 0x93, 0x5b, 0x52, 0x5b, 0xf1, 0x4a, 0x4d, 0x3a, 0x21, 0x00,
    0x00, 0x00, 0x00, 0x00, 0x00, 0x00, 0x00, 0x00, 0x00, 0x00, 0x00, 0x00, 0x00, 0x00, 0x00, 0x00,
    0x00, 0x00, 0x00, 0x00, 0x61, 0x08, 0xa2, 0x10, 0xbb, 0xd6, 0xbf, 0xf7, 0xbf, 0xf7, 0xbf, 0xf7,
    0xbf, 0xf7, 0x7e, 0xef, 0x5e, 0xe7, 0x7f, 0xef, 0x7f, 0xef, 0x3d, 0xdf, 0x1d, 0xd7, 0x7c, 0xc6,
    0x99, 0xa5, 0x76, 0x84, 0xf4, 0x6b, 0x93, 0x5b, 0x52, 0x5b, 0xf1, 0x52, 0x4e, 0x3a, 0x41, 0x00,
    0x00, 0x00, 0x00, 0x00, 0x00, 0x00, 0x00, 0x00, 0x00, 0x00, 0x00, 0x00, 0x00, 0x00, 0x00, 0x00,
    0x00, 0x00, 0x00, 0x00, 0x61, 0x08, 0xa2, 0x10, 0xbb, 0xd6, 0xbf, 0xf7, 0xbf, 0xf7, 0xbf, 0xf7,
    0xbf, 0xf7, 0x7e, 0xef, 0x5e, 0xe7, 0x7f, 0xef, 0x7f, 0xef, 0x5d, 0xdf, 0x1d, 0xd7, 0x5c, 0xc6,
    0x99, 0xa5, 0x76, 0x84, 0xf4, 0x6b, 0x93, 0x5b, 0x52, 0x5b, 0xf1, 0x52, 0x4d, 0x3a, 0x21, 0x00,
    0x00, 0x00, 0x00, 0x00, 0x00, 0x00, 0x00, 0x00, 0x00, 0x00, 0x00, 0x00, 0x00, 0x00, 0x00, 0x00,
    0x00, 0x00, 0x00, 0x00, 0x61, 0x08, 0xa2, 0x10, 0xbb, 0xd6, 0xbf, 0xf7, 0xbf, 0xf7, 0xbf, 0xf7,
    0xbf, 0xf7, 0x7e, 0xef, 0x5e, 0xe7, 0x7f, 0xef, 0x7f, 0xef, 0x5d, 0xdf, 0x1d, 0xd7, 0x7c, 0xc6,
    0x99, 0xa5, 0x76, 0x84, 0xf4, 0x6b, 0x93, 0x5b, 0x52, 0x5b, 0xf1, 0x4a, 0x4d, 0x3a, 0x21, 0x00,
    0x00, 0x00, 0x00, 0x00, 0x00, 0x00, 0x00, 0x00, 0x00, 0x00, 0x00, 0x00, 0x00, 0x00, 0x00, 0x00,
    0x00, 0x00, 0x00, 0x00, 0x61, 0x08, 0xa2, 0x10, 0xbb, 0xd6, 0xbf, 0xf7, 0xbf, 0xf7, 0xbf, 0xf7,
    0xbf, 0xf7, 0x7e, 0xef, 0x5e, 0xe7, 0x7f, 0xef, 0x7f, 0xef, 0x5d, 0xdf, 0x1d, 0xd7, 0x7c, 0xc6,
    0x99, 0xa5, 0x76, 0x84, 0xf4, 0x6b, 0x93, 0x5b, 0x52, 0x5b, 0xf0, 0x4a, 0x2d, 0x3a, 0x20, 0x00,
    0x00, 0x00, 0x00, 0x00, 0x00, 0x00, 0x00, 0x00, 0x00, 0x00, 0x00, 0x00, 0x00, 0x00, 0x00, 0x00,
    0x00, 0x00, 0x00, 0x00, 0x61, 0x08, 0xa2, 0x10, 0xbb, 0xd6, 0xbf, 0xf7, 0xbf, 0xf7, 0xbf, 0xf7,
    0xbf, 0xf7, 0x9e, 0xef, 0x5e, 0xe7, 0x7f, 0xef, 0x7f, 0xef, 0x5d, 0xdf, 0x1d, 0xd7, 0x7c, 0xc6,
    0x99, 0xa5, 0x76, 0x7c, 0xf4, 0x6b, 0x93, 0x5b, 0x52, 0x5b, 0xf0, 0x4a, 0x0c, 0x3a, 0x00, 0x00,
    0x00, 0x00, 0x00, 0x00, 0x00, 0x00, 0x00, 0x00, 0x00, 0x00, 0x00, 0x00, 0x00, 0x00, 0x00, 0x00,
    0x00, 0x00, 0x00, 0x00, 0x61, 0x08, 0xa2, 0x10, 0xbb, 0xd6, 0xbf, 0xf7, 0xbf, 0xf7, 0xbf, 0xf7,
    0xbf, 0xf7, 0x9e, 0xef, 0x5e, 0xe7, 0x7f, 0xef, 0x7f, 0xef, 0x5d, 0xdf, 0x1d, 0xd7, 0x7c, 0xc6,
    0x99, 0xa5, 0x76, 0x7c, 0xf4, 0x6b, 0x93, 0x5b, 0x52, 0x5b, 0xf0, 0x4a, 0x0c, 0x32, 0x00, 0x00,
    0x00, 0x00, 0x00, 0x00, 0x00, 0x00, 0x00, 0x00, 0x00, 0x00, 0x00, 0x00, 0x00, 0x00, 0x00, 0x00,
    0x00, 0x00, 0x00, 0x00, 0x61, 0x08, 0xa2, 0x10, 0xbb, 0xd6, 0xbf, 0xf7, 0xbf, 0xf7, 0xbf, 0xf7,
    0xbf, 0xf7, 0x9e, 0xef, 0x5e, 0xe7, 0x7f, 0xef, 0x7f, 0xef, 0x5d, 0xdf, 0x1d, 0xd7, 0x7c, 0xc6,
    0x99, 0xa5, 0x76, 0x7c, 0xf4, 0x6b, 0x93, 0x5b, 0x52, 0x5b, 0xf0, 0x4a, 0x0c, 0x32, 0x00, 0x00,
    0x00, 0x00, 0x00, 0x00, 0x00, 0x00, 0x00, 0x00, 0x00, 0x00, 0x00, 0x00, 0x00, 0x00, 0x00, 0x00,
    0x00, 0x00, 0x00, 0x00, 0x61, 0x08, 0xa2, 0x10, 0xbb, 0xd6, 0xbf, 0xf7, 0xbf, 0xf7, 0xbf, 0xf7,
    0xbf, 0xf7, 0x7e, 0xef, 0x5e, 0xe7, 0x7f, 0xef, 0x7f, 0xef, 0x5d, 0xdf, 0x1d, 0xd7, 0x5c, 0xc6,
    0x99, 0xa5, 0x76, 0x7c, 0xf4, 0x73, 0x93, 0x5b, 0x52, 0x5b, 0xf0, 0x4a, 0x2d, 0x3a, 0x20, 0x00,
    0x00, 0x00, 0x00, 0x00, 0x00, 0x00, 0x00, 0x00, 0x00, 0x00, 0x00, 0x00, 0x00, 0x00, 0x00, 0x00,
    0x00, 0x00, 0x00, 0x00, 0x61, 0x08, 0xa2, 0x10, 0xbb, 0xd6, 0xbf, 0xf7, 0xbf, 0xf7, 0xbf, 0xf7,
    0xbf, 0xf7, 0x7e, 0xef, 0x5e, 0xe7, 0x7f, 0xef, 0x7f, 0xef, 0x3d, 0xdf, 0x1d, 0xd7, 0x7c, 0xc6,
    0x99, 0xa5, 0x96, 0x7c, 0xf4, 0x73, 0x93, 0x5b, 0x52, 0x5b, 0xf0, 0x4a, 0x4d, 0x3a, 0x21, 0x00,
    0x00, 0x00, 0x00, 0x00, 0x00, 0x00, 0x00, 0x00, 0x00, 0x00, 0x00, 0x00, 0x00, 0x00, 0x00, 0x00,
    0x00, 0x00, 0x00, 0x00, 0x40, 0x00, 0x44, 0x21, 0xbf, 0xf7, 0xbf, 0xf7, 0xbf, 0xf7, 0xdf, 0xf7,
    0xbf, 0xf7, 0xbc, 0xce, 0x7c, 0xc6, 0xdd, 0xce, 0xbc, 0xce, 0x9c, 0xc6, 0x1b, 0xb6, 0x99, 0xad,
    0xb6, 0x84, 0x93, 0x63, 0x72, 0x5b, 0x93, 0x63, 0x11, 0x4b, 0xaf, 0x42, 0x6e, 0x3a, 0x06, 0x19,
    0x00, 0x00, 0x00, 0x00, 0x00, 0x00, 0x00, 0x00, 0x00, 0x00, 0x00, 0x00, 0x00, 0x00, 0x00, 0x00,
    0x00, 0x00, 0x00, 0x00, 0x40, 0x00, 0x44, 0x21, 0xbf, 0xf7, 0xbf, 0xf7, 0xbf, 0xf7, 0xdf, 0xf7,
    0xbf, 0xf7, 0xbc, 0xce, 0x7c, 0xc6, 0xdd, 0xce, 0xbc, 0xce, 0x9c, 0xc6, 0x1a, 0xb6, 0x99, 0xad,
    0xb6, 0x84, 0x93, 0x63, 0x72, 0x5b, 0x92, 0x63, 0x11, 0x4b, 0xaf, 0x42, 0x6e, 0x3a, 0x07, 0x19,
    0x00, 0x00, 0x00, 0x00, 0x00, 0x00, 0x00, 0x00, 0x00, 0x00, 0x00, 0x00, 0x00, 0x00, 0x00, 0x00,
    0x00, 0x00, 0x00, 0x00, 0x40, 0x00, 0x44, 0x21, 0xbf, 0xf7, 0xbf, 0xf7, 0xbf, 0xf7, 0xdf, 0xf7,
    0xbf, 0xf7, 0xbc, 0xce, 0x7c, 0xc6, 0xdd, 0xce, 0xbc, 0xce, 0x7c, 0xc6, 0x1a, 0xb6, 0x99, 0xad,
    0xb6, 0x84, 0x93, 0x63, 0x72, 0x5b, 0x72, 0x5b, 0x11, 0x4b, 0xaf, 0x42, 0x6e, 0x3a, 0x07, 0x19,
    0x00, 0x00, 0x00, 0x00, 0x00, 0x00, 0x00, 0x00, 0x00, 0x00, 0x00, 0x00, 0x00, 0x00, 0x00, 0x00,
    0x00, 0x00, 0x00, 0x00, 0x40, 0x00, 0x44, 0x21, 0xbf, 0xf7, 0xbf, 0xf7, 0xbf, 0xf7, 0xdf, 0xf7,
    0xbf, 0xf7, 0xbc, 0xd6, 0x7c, 0xc6, 0xdc, 0xce, 0xbc, 0xce, 0x7c, 0xc6, 0x1a, 0xb6, 0x99, 0xad,
    0x96, 0x84, 0x93, 0x63, 0x72, 0x5b, 0x72, 0x5b, 0x11, 0x4b, 0xaf, 0x42, 0x6e, 0x3a, 0x06, 0x19,
    0x00, 0x00, 0x00, 0x00, 0x00, 0x00, 0x00, 0x00, 0x00, 0x00, 0x00, 0x00, 0x00, 0x00, 0x00, 0x00,
    0x00, 0x00, 0x00, 0x00, 0x40, 0x00, 0x44, 0x21, 0xbf, 0xf7, 0xbf, 0xf7, 0xbf, 0xf7, 0xdf, 0xf7,
    0xbf, 0xf7, 0xdc, 0xd6, 0x7c, 0xc6, 0xdc, 0xce, 0xbc, 0xce, 0x7b, 0xc6, 0x1a, 0xb6, 0x99, 0xad,
    0x96, 0x84, 0x93, 0x63, 0x52, 0x5b, 0x72, 0x5b, 0x11, 0x4b, 0xaf, 0x42, 0x4e, 0x3a, 0xe6, 0x18,
    0x00, 0x00, 0x00, 0x00, 0x00, 0x00, 0x00, 0x00, 0x00, 0x00, 0x00, 0x00, 0x00, 0x00, 0x00, 0x00,
    0x00, 0x00, 0x00, 0x00, 0x40, 0x00, 0x44, 0x21, 0xbf, 0xf7, 0xbf, 0xf7, 0xbf, 0xf7, 0xdf, 0xf7,
    0xbf, 0xf7, 0xdc, 0xd6, 0x7c, 0xc6, 0xdc, 0xce, 0xbc, 0xce, 0x7b, 0xc6, 0x1a, 0xb6, 0xb9, 0xad,
    0x96, 0x84, 0x93, 0x63, 0x72, 0x5b, 0x72, 0x5b, 0x11, 0x4b, 0xaf, 0x42, 0x4e, 0x3a, 0xc5, 0x10,
    0x00, 0x00, 0x00, 0x00, 0x00, 0x00, 0x00, 0x00, 0x00, 0x00, 0x00, 0x00, 0x00, 0x00, 0x00, 0x00,
    0x00, 0x00, 0x00, 0x00, 0x40, 0x00, 0x44, 0x21, 0xbf, 0xf7, 0xbf, 0xf7, 0xbf, 0xf7, 0xdf, 0xf7,
    0xbf, 0xf7, 0xdd, 0xd6, 0x7c, 0xc6, 0xdc, 0xce, 0xbc, 0xce, 0x7b, 0xc6, 0x1a, 0xb6, 0x99, 0xad,
    0x96, 0x84, 0x93, 0x63, 0x72, 0x5b, 0x72, 0x63, 0x11, 0x4b, 0xaf, 0x42, 0x4e, 0x3a, 0xc5, 0x10,
    0x00, 0x00, 0x00, 0x00, 0x00, 0x00, 0x00, 0x00, 0x00, 0x00, 0x00, 0x00, 0x00, 0x00, 0x00, 0x00,
    0x00, 0x00, 0x00, 0x00, 0x40, 0x00, 0x44, 0x21, 0xbf, 0xf7, 0xbf, 0xf7, 0xbf, 0xf7, 0xdf, 0xf7,
    0xbf, 0xf7, 0xdc, 0xd6, 0x7c, 0xc6, 0xdc, 0xce, 0xbc, 0xce, 0x7c, 0xc6, 0x1a, 0xb6, 0x99, 0xad,
    0x96, 0x84, 0x93, 0x63, 0x72, 0x5b, 0x92, 0x63, 0x11, 0x4b, 0xaf, 0x42, 0x4e, 0x3a, 0xc5, 0x10,
    0x00, 0x00, 0x00, 0x00, 0x00, 0x00, 0x00, 0x00, 0x00, 0x00, 0x00, 0x00, 0x00, 0x00, 0x00, 0x00,
    0x00, 0x00, 0x00, 0x00, 0x40, 0x00, 0x44, 0x21, 0xbf, 0xf7, 0xbf, 0xf7, 0xbf, 0xf7, 0xdf, 0xf7,
    0xbf, 0xf7, 0xdc, 0xd6, 0x7c, 0xc6, 0xdc, 0xce, 0xbc, 0xce, 0x7c, 0xc6, 0x1a, 0xb6, 0x99, 0xad,
    0xb6, 0x84, 0x93, 0x63, 0x72, 0x5b, 0x93, 0x63, 0x11, 0x4b, 0xaf, 0x42, 0x4e, 0x3a, 0xe5, 0x10,
    0x00, 0x00, 0x00, 0x00, 0x00, 0x00, 0x00, 0x00, 0x00, 0x00, 0x00, 0x00, 0x00, 0x00, 0x00, 0x00,
    0x00, 0x00, 0x00, 0x00, 0x40, 0x00, 0x44, 0x21, 0xbf, 0xf7, 0xbf, 0xf7, 0xbf, 0xf7, 0xdf, 0xf7,
    0xbf, 0xf7, 0xbc, 0xd6, 0x7c, 0xc6, 0xdc, 0xce, 0xbc, 0xce, 0x7c, 0xc6, 0x1a, 0xb6, 0x99, 0xad,
    0xb6, 0x84, 0x93, 0x63, 0x72, 0x5b, 0x93, 0x63, 0x11, 0x4b, 0xaf, 0x42, 0x4e, 0x3a, 0x06, 0x19,
    0x00, 0x00, 0x00, 0x00, 0x00, 0x00, 0x00, 0x00, 0x00, 0x00, 0x00, 0x00, 0x00, 0x00, 0x00, 0x00,
    0x00, 0x00, 0x20, 0x00, 0x61, 0x08, 0xec, 0x5a, 0xbf, 0xf7, 0xbf, 0xf7, 0xbf, 0xf7, 0x9e, 0xef,
    0x9e, 0xef, 0x58, 0x9d, 0x17, 0x95, 0x58, 0x9d, 0x79, 0xa5, 0x58, 0x9d, 0xd6, 0x8c, 0x14, 0x74,
    0x92, 0x63, 0x52, 0x5b, 0x31, 0x53, 0xcf, 0x42, 0x95, 0x84, 0x1a, 0xbe, 0x1a, 0xb6, 0x38, 0x95,
    0xd4, 0x6b, 0x4c, 0x3a, 0x21, 0x00, 0x00, 0x00, 0x00, 0x00, 0x00, 0x00, 0x00, 0x00, 0x00, 0x00,
    0x00, 0x00, 0x20, 0x00, 0x61, 0x08, 0xec, 0x5a, 0xbf, 0xf7, 0xbf, 0xf7, 0xbf, 0xf7, 0xbf, 0xf7,
    0x9e, 0xef, 0x38, 0x9d, 0x17, 0x95, 0x58, 0x9d, 0x99, 0xa5, 0x58, 0x9d, 0xd6, 0x8c, 0x14, 0x74,
    0x72, 0x63, 0x52, 0x53, 0x11, 0x53, 0xf0, 0x4a, 0x74, 0x7c, 0xda, 0xb5, 0x1a, 0xb6, 0x18, 0x95,
    0xb3, 0x63, 0x0b, 0x3a, 0x21, 0x00, 0x00, 0x00, 0x00, 0x00, 0x00, 0x00, 0x00, 0x00, 0x00, 0x00,
    0x00, 0x00, 0x20, 0x00, 0x61, 0x08, 0xec, 0x5a, 0xbf, 0xf7, 0xbf, 0xf7, 0xbf, 0xf7, 0xbf, 0xf7,
    0x9e, 0xef, 0x58, 0x9d, 0x17, 0x95, 0x58, 0x9d, 0x79, 0xa5, 0x58, 0x9d, 0xd6, 0x8c, 0xf3, 0x73,
    0x72, 0x5b, 0x32, 0x53, 0x11, 0x53, 0xcf, 0x4a, 0x33, 0x74, 0xb9, 0xad, 0xfa, 0xb5, 0x18, 0x95,
    0x93, 0x63, 0xea, 0x31, 0x00, 0x00, 0x00, 0x00, 0x00, 0x00, 0x00, 0x00, 0x00, 0x00, 0x00, 0x00,
    0x00, 0x00, 0x20, 0x00, 0x61, 0x08, 0xec, 0x5a, 0xbf, 0xf7, 0xbf, 0xf7, 0xbf, 0xf7, 0xbf, 0xf7,
    0xbe, 0xef, 0x58, 0x9d, 0x17, 0x95, 0x58, 0x9d, 0x79, 0xa5, 0x58, 0x9d, 0xb6, 0x8c, 0xf3, 0x6b,
    0x52, 0x5b, 0x32, 0x53, 0x10, 0x53, 0xcf, 0x42, 0x13, 0x6c, 0xb9, 0xad, 0xfa, 0xad, 0xf8, 0x94,
    0x93, 0x63, 0xca, 0x31, 0x00, 0x00, 0x00, 0x00, 0x00, 0x00, 0x00, 0x00, 0x00, 0x00, 0x00, 0x00,
    0x00, 0x00, 0x20, 0x00, 0x61, 0x08, 0xec, 0x5a, 0xbf, 0xf7, 0xbf, 0xf7, 0xbf, 0xf7, 0xbf, 0xf7,
    0xbe, 0xef, 0x79, 0xa5, 0x17, 0x95, 0x58, 0x9d, 0x79, 0xa5, 0x58, 0x9d, 0xb6, 0x8c, 0xd3, 0x6b,
    0x52, 0x5b, 0x31, 0x53, 0xf0, 0x4a, 0xcf, 0x42, 0x13, 0x74, 0xb9, 0xad, 0xfa, 0xb5, 0x18, 0x95,
    0x93, 0x63, 0xca, 0x31, 0x00, 0x00, 0x00, 0x00, 0x00, 0x00, 0x00, 0x00, 0x00, 0x00, 0x00, 0x00,
    0x00, 0x00, 0x20, 0x00, 0x61, 0x08, 0xec, 0x5a, 0xbf, 0xf7, 0xbf, 0xf7, 0xbf, 0xf7, 0xbf, 0xf7,
    0xbf, 0xef, 0x99, 0xa5, 0x17, 0x8d, 0x58, 0x9d, 0x79, 0xa5, 0x38, 0x95, 0x96, 0x84, 0xd3, 0x6b,
    0x51, 0x5b, 0x31, 0x53, 0xf0, 0x52, 0xcf, 0x42, 0x34, 0x74, 0xfa, 0xb5, 0x1a, 0xb6, 0x18, 0x95,
    0xb3, 0x63, 0xea, 0x31, 0x00, 0x00, 0x00, 0x00, 0x00, 0x00, 0x00, 0x00, 0x00, 0x00, 0x00, 0x00,
    0x00, 0x00, 0x20, 0x00, 0x61, 0x08, 0xec, 0x5a, 0xbf, 0xf7, 0xbf, 0xf7, 0xbf, 0xf7, 0xbf, 0xf7,
    0xbf, 0xef, 0xb9, 0xa5, 0xf7, 0x8c, 0x58, 0x9d, 0x79, 0xa5, 0x38, 0x95, 0xb6, 0x8c, 0xd3, 0x6b,
    0x52, 0x5b, 0x32, 0x53, 0x10, 0x53, 0xcf, 0x4a, 0x74, 0x7c, 0x1a, 0xbe, 0x3b, 0xb6, 0x18, 0x95,
    0xd4, 0x6b, 0x2c, 0x3a, 0x21, 0x00, 0x00, 0x00, 0x00, 0x00, 0x00, 0x00, 0x00, 0x00, 0x00, 0x00,
    0x00, 0x00, 0x20, 0x00, 0x61, 0x08, 0xec, 0x5a, 0xbf, 0xf7, 0xbf, 0xf7, 0xbf, 0xf7, 0xbf, 0xf7,
    0xbe, 0xef, 0xb9, 0xa5, 0xf7, 0x8c, 0x58, 0x9d, 0x79, 0xa5, 0x58, 0x9d, 0xb6, 0x8c, 0xf3, 0x6b,
    0x72, 0x5b, 0x32, 0x53, 0x11, 0x53, 0xcf, 0x42, 0xb5, 0x84, 0x3b, 0xbe, 0x3b, 0xb6, 0x39, 0x9d,
    0xf5, 0x6b, 0x4d, 0x42, 0x41, 0x00, 0x00, 0x00, 0x00, 0x00, 0x00, 0x00, 0x00, 0x00, 0x00, 0x00,
    0x00, 0x00, 0x20, 0x00, 0x61, 0x08, 0xec, 0x5a, 0xbf, 0xf7, 0xbf, 0xf7, 0xbf, 0xf7, 0xbf, 0xf7,
    0xbe, 0xef, 0x98, 0xa5, 0x17, 0x95, 0x58, 0x9d, 0x79, 0xa5, 0x58, 0x9d, 0xb6, 0x8c, 0xf3, 0x73,
    0x72, 0x5b, 0x52, 0x53, 0x31, 0x53, 0xcf, 0x42, 0xd6, 0x8c, 0x5b, 0xc6, 0x3b, 0xbe, 0x39, 0x9d,
    0xf5, 0x6b, 0x6d, 0x42, 0x41, 0x08, 0x00, 0x00, 0x00, 0x00, 0x00, 0x00, 0x00, 0x00, 0x00, 0x00,
    0x00, 0x00, 0x20, 0x00, 0x61, 0x08, 0xec, 0x5a, 0xbf, 0xf7, 0xbf, 0xf7, 0xbf, 0xf7, 0xbf, 0xf7,
    0x9e, 0xef, 0x58, 0x9d, 0x17, 0x95, 0x58, 0x9d, 0x79, 0xa5, 0x58, 0x9d, 0xd6, 0x8c, 0x14, 0x74,
    0x92, 0x63, 0x52, 0x5b, 0x31, 0x53, 0xcf, 0x42, 0xd6, 0x8c, 0x5b, 0xc6, 0x3b, 0xb6, 0x39, 0x9d,
    0xf5, 0x6b, 0x6d, 0x42, 0x42, 0x08, 0x00, 0x00, 0x00, 0x00, 0x00, 0x00, 0x00, 0x00, 0x00, 0x00,
    0x00, 0x00, 0x40, 0x00, 0x82, 0x10, 0xcf, 0x73, 0x9e, 0xef, 0xbf, 0xf7, 0x9f, 0xef, 0x7e, 0xe7,
    0xfd, 0xd6, 0x96, 0x84, 0x72, 0x5b, 0x93, 0x5b, 0xb3, 0x63, 0xb3, 0x63, 0x92, 0x63, 0x52, 0x5b,
    0x51, 0x53, 0x31, 0x5b, 0xf3, 0x73, 0xfc, 0xde, 0xfd, 0xde, 0x1e, 0xd7, 0x7c, 0xc6, 0xba, 0xad,
    0x36, 0x74, 0xf5, 0x6b, 0x72, 0x5b, 0xaa, 0x29, 0x00, 0x00, 0x00, 0x00, 0x00, 0x00, 0x00, 0x00,
    0x00, 0x00, 0x40, 0x00, 0x82, 0x10, 0xcf, 0x73, 0x9e, 0xef, 0xbf, 0xf7, 0x9f, 0xef, 0x5e, 0xe7,
    0xfd, 0xd6, 0x96, 0x84, 0x72, 0x5b, 0x93, 0x5b, 0xb3, 0x63, 0xb3, 0x6b, 0x92, 0x63, 0x52, 0x5b,
    0x31, 0x53, 0x31, 0x53, 0xd3, 0x6b, 0xfc, 0xd6, 0xfd, 0xde, 0x1e, 0xd7, 0x7c, 0xc6, 0xba, 0xad,
    0x36, 0x74, 0xf5, 0x6b, 0x72, 0x5b, 0x89, 0x29, 0x00, 0x00, 0x00, 0x00, 0x00, 0x00, 0x00, 0x00,
    0x00, 0x00, 0x40, 0x00, 0x82, 0x10, 0xcf, 0x73, 0x9e, 0xef, 0xbf, 0xf7, 0x9f, 0xef, 0x5e, 0xe7,
    0xdd, 0xd6, 0x96, 0x84, 0x72, 0x5b, 0x93, 0x5b, 0xb3, 0x63, 0xb3, 0x63, 0x72, 0x63, 0x51, 0x5b,
    0x30, 0x53, 0x11, 0x53, 0x92, 0x63, 0xdc, 0xce, 0xdd, 0xd6, 0x1d, 0xd7, 0x7c, 0xc6, 0xba, 0xad,
    0x36, 0x74, 0xd4, 0x6b, 0x72, 0x5b, 0x68, 0x21, 0x00, 0x00, 0x00, 0x00, 0x00, 0x00, 0x00, 0x00,
    0x00, 0x00, 0x40, 0x00, 0x82, 0x10, 0xcf, 0x73, 0x9e, 0xef, 0xbf, 0xf7, 0x9f, 0xef, 0x5e, 0xe7,
    0xdd, 0xd6, 0xb6, 0x8c, 0x72, 0x5b, 0x93, 0x5b, 0x93, 0x63, 0x93, 0x63, 0x72, 0x5b, 0x31, 0x53,
    0x10, 0x4b, 0xf0, 0x52, 0x52, 0x63, 0xbc, 0xce, 0xdd, 0xd6, 0x1d, 0xd7, 0x7c, 0xc6, 0xba, 0xad,
    0x36, 0x74, 0xd4, 0x6b, 0x52, 0x5b, 0x47, 0x21, 0x00, 0x00, 0x00, 0x00, 0x00, 0x00, 0x00, 0x00,
    0x00, 0x00, 0x40, 0x00, 0x82, 0x10, 0xcf, 0x73, 0x9e, 0xef, 0xbf, 0xf7, 0x9f, 0xef, 0x5e, 0xe7,
    0xdd, 0xd6, 0xd6, 0x8c, 0x72, 0x5b, 0x93, 0x5b, 0x93, 0x5b, 0x93, 0x63, 0x52, 0x5b, 0x11, 0x53,
    0xf0, 0x4a, 0xf0, 0x4a, 0x51, 0x5b, 0x9c, 0xce, 0xdd, 0xd6, 0x1d, 0xd7, 0x7c, 0xc6, 0xba, 0xad,
    0x36, 0x74, 0xd4, 0x6b, 0x52, 0x5b, 0x47, 0x21, 0x00, 0x00, 0x00, 0x00, 0x00, 0x00, 0x00, 0x00,
    0x00, 0x00, 0x40, 0x00, 0x82, 0x10, 0xcf, 0x73, 0x9e, 0xef, 0xbf, 0xf7, 0x9f, 0xef, 0x5e, 0xe7,
    0xdd, 0xd6, 0xf7, 0x8c, 0x72, 0x5b, 0x93, 0x5b, 0x93, 0x5b, 0x72, 0x63, 0x51, 0x5b, 0x10, 0x53,
    0xf0, 0x4a, 0xf0, 0x4a, 0x51, 0x5b, 0xbc, 0xce, 0xdd, 0xd6, 0x1d, 0xd7, 0x7c, 0xce, 0xba, 0xad,
    0x36, 0x74, 0xd4, 0x6b, 0x52, 0x5b, 0x47, 0x21, 0x00, 0x00, 0x00, 0x00, 0x00, 0x00, 0x00, 0x00,
    0x00, 0x00, 0x40, 0x00, 0x82, 0x10, 0xcf, 0x73, 0x9e, 0xef, 0xbf, 0xf7, 0x9f, 0xef, 0x5e, 0xe7,
    0xdd, 0xd6, 0xf7, 0x94, 0x72, 0x5b, 0x93, 0x5b, 0x73, 0x5b, 0x72, 0x63, 0x51, 0x5b, 0x11, 0x53,
    0xf0, 0x4a, 0xf0, 0x4a, 0x72, 0x63, 0xbc, 0xce, 0xfd, 0xd6, 0x1d, 0xd7, 0x7c, 0xce, 0xba, 0xad,
    0x36, 0x74, 0xd4, 0x6b, 0x52, 0x5b, 0x68, 0x21, 0x00, 0x00, 0x00, 0x00, 0x00, 0x00, 0x00, 0x00,
    0x00, 0x00, 0x40, 0x00, 0x82, 0x10, 0xcf, 0x73, 0x9e, 0xef, 0xbf, 0xf7, 0x9f, 0xef, 0x5e, 0xe7,
    0xdd, 0xd6, 0xf7, 0x94, 0x72, 0x5b, 0x93, 0x5b, 0x93, 0x5b, 0x92, 0x63, 0x52, 0x5b, 0x31, 0x53,
    0x10, 0x4b, 0x10, 0x53, 0x93, 0x6b, 0xfc, 0xd6, 0xfd, 0xde, 0x1e, 0xd7, 0x7c, 0xc6, 0xba, 0xad,
    0x36, 0x74, 0xd4, 0x6b, 0x52, 0x5b, 0x89, 0x29, 0x00, 0x00, 0x00, 0x00, 0x00, 0x00, 0x00, 0x00,
    0x00, 0x00, 0x40, 0x00, 0x82, 0x10, 0xcf, 0x73, 0x9e, 0xef, 0xbf, 0xf7, 0x9f, 0xef, 0x5e, 0xe7,
    0xfd, 0xd6, 0xd7, 0x8c, 0x72, 0x5b, 0x93, 0x5b, 0x93, 0x5b, 0x93, 0x63, 0x72, 0x5b, 0x31, 0x5b,
    0x30, 0x53, 0x31, 0x53, 0xf3, 0x6b, 0xfd, 0xde, 0xfd, 0xde, 0x1e, 0xd7, 0x7c, 0xc6, 0xba, 0xad,
    0x36, 0x74, 0xd4, 0x6b, 0x72, 0x5b, 0xa9, 0x29, 0x00, 0x00, 0x00, 0x00, 0x00, 0x00, 0x00, 0x00,
    0x00, 0x00, 0x40, 0x00, 0x82, 0x10, 0xcf, 0x73, 0x9e, 0xef, 0xbf, 0xf7, 0x9f, 0xef, 0x7e, 0xe7,
    0xfd, 0xd6, 0xb6, 0x8c, 0x72, 0x5b, 0x93, 0x5b, 0x93, 0x63, 0xb3, 0x63, 0x72, 0x63, 0x51, 0x5b,
    0x31, 0x53, 0x31, 0x5b, 0x14, 0x74, 0x1d, 0xdf, 0xfd, 0xde, 0x1e, 0xd7, 0x7c, 0xc6, 0xba, 0xad,
    0x36, 0x74, 0xf5, 0x6b, 0x72, 0x5b, 0xaa, 0x29, 0x00, 0x00, 0x00, 0x00, 0x00, 0x00, 0x00, 0x00,
    0x00, 0x00, 0x00, 0x00, 0x82, 0x10, 0x0c, 0x5b, 0x5d, 0xe7, 0x7f, 0xef, 0x9f, 0xef, 0x9f, 0xef,
    0x1e, 0xdf, 0x78, 0x9d, 0x31, 0x53, 0x31, 0x53, 0x52, 0x53, 0x51, 0x5b, 0x72, 0x5b, 0x51, 0x5b,
    0x30, 0x53, 0x51, 0x5b, 0xfd, 0xd6, 0x1d, 0xdf, 0xfc, 0xd6, 0xbc, 0xce, 0x3b, 0xbe, 0x58, 0x95,
    0x15, 0x74, 0xb4, 0x63, 0x52, 0x5b, 0xd0, 0x4a, 0x27, 0x19, 0x00, 0x00, 0x00, 0x00, 0x00, 0x00,
    0x00, 0x00, 0x00, 0x00, 0x82, 0x10, 0x0c, 0x5b, 0x5d, 0xe7, 0x7f, 0xef, 0x9f, 0xef, 0x7f, 0xef,
    0x1e, 0xdf, 0x78, 0x9d, 0x31, 0x53, 0x31, 0x53, 0x52, 0x53, 0x51, 0x5b, 0x72, 0x5b, 0x51, 0x5b,
    0x30, 0x53, 0x31, 0x53, 0xdd, 0xd6, 0xfd, 0xde, 0xfc, 0xd6, 0x9c, 0xce, 0x3b, 0xbe, 0x58, 0x9d,
    0x15, 0x74, 0xb4, 0x63, 0x52, 0x5b, 0xd0, 0x4a, 0x06, 0x19, 0x00, 0x00, 0x00, 0x00, 0x00, 0x00,
    0x00, 0x00, 0x00, 0x00, 0x82, 0x10, 0x0c, 0x5b, 0x7d, 0xe7, 0x7f, 0xef, 0x9f, 0xef, 0x7f, 0xef,
    0x1e, 0xdf, 0x78, 0x9d, 0x31, 0x53, 0x31, 0x53, 0x52, 0x53, 0x51, 0x5b, 0x72, 0x5b, 0x31, 0x53,
    0x10, 0x4b, 0xf0, 0x52, 0xbc, 0xce, 0xfd, 0xd6, 0xfc, 0xd6, 0x9c, 0xce, 0x3b, 0xbe, 0x58, 0x9d,
    0x15, 0x74, 0xb4, 0x63, 0x52, 0x5b, 0xd0, 0x4a, 0xe6, 0x18, 0x00, 0x00, 0x00, 0x00, 0x00, 0x00,
    0x00, 0x00, 0x00, 0x00, 0x82, 0x10, 0x0c, 0x5b, 0x7d, 0xe7, 0x7f, 0xef, 0x9f, 0xef, 0x7f, 0xef,
    0x1e, 0xdf, 0x98, 0xa5, 0x31, 0x53, 0x31, 0x53, 0x32, 0x53, 0x51, 0x53, 0x51, 0x5b, 0x10, 0x53,
    0xef, 0x4a, 0xcf, 0x4a, 0x9c, 0xce, 0xdd, 0xd6, 0xdd, 0xd6, 0x9c, 0xce, 0x3b, 0xbe, 0x58, 0x9d,
    0x15, 0x74, 0xb4, 0x63, 0x52, 0x5b, 0xd0, 0x4a, 0xc5, 0x10, 0x00, 0x00, 0x00, 0x00, 0x00, 0x00,
    0x00, 0x00, 0x00, 0x00, 0x82, 0x10, 0x0c, 0x5b, 0x7d, 0xe7, 0x7f, 0xef, 0x9f, 0xef, 0x9f, 0xef,
    0x1e, 0xdf, 0xb8, 0xa5, 0x32, 0x5b, 0x31, 0x53, 0x31, 0x53, 0x31, 0x53, 0x31, 0x53, 0xf0, 0x4a,
    0xcf, 0x42, 0xaf, 0x42, 0x7b, 0xc6, 0xdc, 0xd6, 0xdd, 0xd6, 0x9c, 0xce, 0x5b, 0xbe, 0x58, 0x9d,
    0x15, 0x74, 0xb4, 0x63, 0x52, 0x5b, 0xd0, 0x4a, 0xc4, 0x10, 0x00, 0x00, 0x00, 0x00, 0x00, 0x00,
    0x00, 0x00, 0x00, 0x00, 0x82, 0x10, 0x0c, 0x5b, 0x7d, 0xe7, 0x7e, 0xef, 0x9f, 0xef, 0x9f, 0xef,
    0x1e, 0xdf, 0xb9, 0xa5, 0x31, 0x5b, 0x10, 0x53, 0x11, 0x53, 0x10, 0x53, 0x11, 0x53, 0xf0, 0x4a,
    0xcf, 0x42, 0x8f, 0x42, 0x5b, 0xc6, 0xdd, 0xd6, 0xdc, 0xd6, 0x9c, 0xce, 0x3b, 0xbe, 0x58, 0x95,
    0x15, 0x74, 0xb4, 0x63, 0x52, 0x5b, 0xd0, 0x4a, 0xa4, 0x10, 0x00, 0x00, 0x00, 0x00, 0x00, 0x00,
    0x00, 0x00, 0x00, 0x00, 0x82, 0x10, 0x0c, 0x5b, 0x7d, 0xe7, 0x7e, 0xef, 0x9f, 0xef, 0x9f, 0xef,
    0x1e, 0xdf, 0xd9, 0xad, 0x31, 0x53, 0x10, 0x4b, 0x11, 0x4b, 0x10, 0x53, 0x11, 0x53, 0xf0, 0x4a,
    0xcf, 0x42, 0xaf, 0x42, 0x7b, 0xc6, 0xdd, 0xd6, 0xdc, 0xd6, 0x9c, 0xce, 0x3b, 0xbe, 0x38, 0x95,
    0x15, 0x74, 0xb4, 0x63, 0x52, 0x5b, 0xd0, 0x4a, 0xc5, 0x10, 0x00, 0x00, 0x00, 0x00, 0x00, 0x00,
    0x00, 0x00, 0x00, 0x00, 0x82, 0x10, 0x0c, 0x5b, 0x7d, 0xe7, 0x7e, 0xef, 0x9f, 0xef, 0x9f, 0xef,
    0x1e, 0xdf, 0xd9, 0xa5, 0x31, 0x53, 0x10, 0x4b, 0x11, 0x53, 0x10, 0x53, 0x31, 0x53, 0xf0, 0x52,
    0xef, 0x4a, 0xcf, 0x4a, 0x9c, 0xce, 0xfd, 0xde, 0xfc, 0xd6, 0xbc, 0xce, 0x3b, 0xbe, 0x38, 0x95,
    0x15, 0x74, 0xb4, 0x63, 0x52, 0x5b, 0xd0, 0x4a, 0xe5, 0x10, 0x00, 0x00, 0x00, 0x00, 0x00, 0x00,
    0x00, 0x00, 0x00, 0x00, 0x82, 0x10, 0x0c, 0x5b, 0x7d, 0xe7, 0x7e, 0xef, 0x9f, 0xef, 0x9f, 0xef,
    0x1e, 0xdf, 0xb8, 0xa5, 0x31, 0x5b, 0x10, 0x53, 0x31, 0x53, 0x31, 0x53, 0x51, 0x5b, 0x11, 0x53,
    0x10, 0x4b, 0x10, 0x53, 0xdc, 0xce, 0x1d, 0xdf, 0xfc, 0xd6, 0xbc, 0xce, 0x3b, 0xbe, 0x38, 0x95,
    0x15, 0x74, 0xb4, 0x63, 0x52, 0x5b, 0xd0, 0x4a, 0x06, 0x19, 0x00, 0x00, 0x00, 0x00, 0x00, 0x00,
    0x00, 0x00, 0x00, 0x00, 0x82, 0x10, 0x0c, 0x5b, 0x7d, 0xe7, 0x7e, 0xef, 0x9f, 0xef, 0x9f, 0xef,
    0x1e, 0xdf, 0x98, 0xa5, 0x31, 0x5b, 0x31, 0x53, 0x32, 0x53, 0x51, 0x53, 0x52, 0x5b, 0x31, 0x5b,
    0x10, 0x53, 0x51, 0x53, 0xfd, 0xd6, 0x1d, 0xdf, 0x1c, 0xd7, 0xbc, 0xce, 0x3b, 0xbe, 0x38, 0x95,
    0x15, 0x74, 0xb4, 0x63, 0x52, 0x5b, 0xd0, 0x4a, 0x27, 0x19, 0x00, 0x00, 0x00, 0x00, 0x00, 0x00,
    0x00, 0x00, 0x00, 0x00, 0x40, 0x00, 0x44, 0x21, 0x9c, 0xce, 0xfd, 0xde, 0x1e, 0xdf, 0xfd, 0xd6,
    0x7c, 0xc6, 0x58, 0x9d, 0x72, 0x53, 0x54, 0x7c, 0xd9, 0xb5, 0x7b, 0xc6, 0x5b, 0xbe, 0x3b, 0xbe,
    0xb9, 0xad, 0xf8, 0x8c, 0x35, 0x74, 0x35, 0x74, 0x55, 0x7c, 0xb6, 0x84, 0x96, 0x84, 0xd4, 0x6b,
    0x73, 0x5b, 0x32, 0x5b, 0x11, 0x53, 0xaf, 0x42, 0xec, 0x31, 0x00, 0x00, 0x00, 0x00, 0x00, 0x00,
    0x00, 0x00, 0x00, 0x00, 0x40, 0x00, 0x44, 0x21, 0x9c, 0xce, 0xfd, 0xde, 0x1e, 0xdf, 0xfd, 0xd6,
    0x7c, 0xc6, 0x58, 0x9d, 0x52, 0x53, 0x34, 0x7c, 0x98, 0xad, 0x5b, 0xc6, 0x5b, 0xc6, 0x3b, 0xbe,
    0xb9, 0xad, 0xd7, 0x8c, 0x35, 0x74, 0x35, 0x74, 0x55, 0x7c, 0xb6, 0x8c, 0x96, 0x84, 0xd4, 0x6b,
    0x73, 0x5b, 0x32, 0x5b, 0xf1, 0x52, 0xaf, 0x42, 0xec, 0x31, 0x00, 0x00, 0x00, 0x00, 0x00, 0x00,
    0x00, 0x00, 0x00, 0x00, 0x40, 0x00, 0x44, 0x21, 0x9c, 0xce, 0x1d, 0xdf, 0x1e, 0xdf, 0xfd, 0xd6,
    0x7c, 0xc6, 0x58, 0x9d, 0x52, 0x5b, 0x34, 0x74, 0x98, 0xad, 0x5b, 0xbe, 0x5b, 0xbe, 0x1b, 0xbe,
    0x99, 0xa5, 0xd7, 0x8c, 0x14, 0x74, 0x15, 0x74, 0x55, 0x74, 0xd6, 0x8c, 0xb6, 0x84, 0xd4, 0x6b,
    0x73, 0x5b, 0x52, 0x5b, 0xf1, 0x52, 0xaf, 0x42, 0xec, 0x31, 0x00, 0x00, 0x00, 0x00, 0x00, 0x00,
    0x00, 0x00, 0x00, 0x00, 0x40, 0x00, 0x44, 0x21, 0xbc, 0xce, 0x1d, 0xdf, 0x1e, 0xdf, 0xfd, 0xde,
    0x7c, 0xc6, 0x58, 0x9d, 0x92, 0x5b, 0x33, 0x74, 0xb9, 0xad, 0x5b, 0xc6, 0x3b, 0xbe, 0xfa, 0xb5,
    0x79, 0xa5, 0xb7, 0x84, 0xf4, 0x6b, 0xf4, 0x73, 0x14, 0x74, 0xb6, 0x84, 0x96, 0x84, 0xd4, 0x6b,
    0x73, 0x5b, 0x52, 0x5b, 0xf1, 0x52, 0xaf, 0x42, 0xcb, 0x29, 0x00, 0x00, 0x00, 0x00, 0x00, 0x00,
    0x00, 0x00, 0x00, 0x00, 0x40, 0x00, 0x44, 0x21, 0x9c, 0xce, 0x1d, 0xdf, 0x1e, 0xdf, 0xfe, 0xde,
    0x7c, 0xc6, 0x58, 0x9d, 0x92, 0x5b, 0x54, 0x7c, 0xb9, 0xad, 0x5b, 0xc6, 0x1b, 0xb6, 0xfa, 0xb5,
    0x58, 0x9d, 0x96, 0x84, 0xd4, 0x6b, 0xd4, 0x6b, 0x14, 0x74, 0xb6, 0x84, 0x96, 0x84, 0xd4, 0x6b,
    0x73, 0x5b, 0x52, 0x5b, 0xf1, 0x52, 0x8f, 0x42, 0xab, 0x29, 0x00, 0x00, 0x00, 0x00, 0x00, 0x00,
    0x00, 0x00, 0x00, 0x00, 0x40, 0x00, 0x44, 0x21, 0x9c, 0xce, 0x1d, 0xdf, 0x1e, 0xdf, 0xfe, 0xde,
    0x7c, 0xc6, 0x58, 0x9d, 0x92, 0x5b, 0x74, 0x84, 0xd9, 0xb5, 0x5b, 0xc6, 0x1a, 0xbe, 0xda, 0xad,
    0x58, 0x9d, 0x96, 0x84, 0xd4, 0x6b, 0xd4, 0x63, 0xf4, 0x6b, 0x96, 0x84, 0x96, 0x84, 0xd4, 0x6b,
    0x73, 0x5b, 0x52, 0x5b, 0xf1, 0x52, 0x8f, 0x42, 0xaa, 0x29, 0x00, 0x00, 0x00, 0x00, 0x00, 0x00,
    0x00, 0x00, 0x00, 0x00, 0x40, 0x00, 0x44, 0x21, 0x9c, 0xce, 0x1d, 0xdf, 0x1e, 0xdf, 0x1e, 0xdf,
    0x7c, 0xc6, 0x58, 0x9d, 0xb2, 0x63, 0xb5, 0x8c, 0x1a, 0xbe, 0x5b, 0xc6, 0x1a, 0xbe, 0xda, 0xad,
    0x58, 0x9d, 0x96, 0x84, 0xf4, 0x6b, 0xd4, 0x6b, 0xf4, 0x6b, 0x75, 0x7c, 0x75, 0x7c, 0xb4, 0x6b,
    0x73, 0x5b, 0x52, 0x5b, 0xf1, 0x52, 0x8f, 0x42, 0xaa, 0x29, 0x00, 0x00, 0x00, 0x00, 0x00, 0x00,
    0x00, 0x00, 0x00, 0x00, 0x40, 0x00, 0x44, 0x21, 0xbc, 0xce, 0xfd, 0xde, 0x1e, 0xdf, 0x1e, 0xdf,
    0x7c, 0xc6, 0x58, 0x9d, 0x93, 0x63, 0xd6, 0x94, 0x1a, 0xbe, 0x7b, 0xc6, 0x3a, 0xbe, 0xfa, 0xb5,
    0x78, 0x9d, 0xb7, 0x8c, 0xf4, 0x73, 0xf4, 0x6b, 0xf4, 0x73, 0x55, 0x7c, 0x75, 0x7c, 0xb4, 0x6b,
    0x73, 0x5b, 0x32, 0x5b, 0xf1, 0x52, 0x8f, 0x42, 0xcb, 0x29, 0x00, 0x00, 0x00, 0x00, 0x00, 0x00,
    0x00, 0x00, 0x00, 0x00, 0x40, 0x00, 0x44, 0x21, 0x9c, 0xce, 0xfd, 0xde, 0x1e, 0xdf, 0xfe, 0xde,
    0x7c, 0xc6, 0x58, 0x9d, 0x93, 0x5b, 0xd5, 0x8c, 0x1a, 0xbe, 0x7c, 0xc6, 0x3b, 0xbe, 0x1a, 0xb6,
    0x99, 0xa5, 0xd7, 0x8c, 0x15, 0x74, 0x15, 0x6c, 0x14, 0x74, 0x75, 0x7c, 0x75, 0x7c, 0xb4, 0x6b,
    0x73, 0x5b, 0x32, 0x5b, 0xf1, 0x52, 0xaf, 0x42, 0xcc, 0x29, 0x00, 0x00, 0x00, 0x00, 0x00, 0x00,
    0x00, 0x00, 0x00, 0x00, 0x40, 0x00, 0x44, 0x21, 0x9c, 0xce, 0xfd, 0xde, 0x1e, 0xdf, 0xfd, 0xde,
    0x7c, 0xc6, 0x58, 0x9d, 0x92, 0x5b, 0xb5, 0x84, 0x19, 0xb6, 0x9b, 0xce, 0x3b, 0xc6, 0x3b, 0xbe,
    0xb9, 0xa5, 0xf7, 0x8c, 0x35, 0x74, 0x15, 0x74, 0x35, 0x74, 0x95, 0x7c, 0x75, 0x7c, 0xd4, 0x6b,
    0x73, 0x5b, 0x32, 0x5b, 0xf1, 0x52, 0xaf, 0x42, 0xec, 0x31, 0x00, 0x00, 0x00, 0x00, 0x00, 0x00,
    0x00, 0x00, 0x00, 0x00, 0x40, 0x00, 0xa2, 0x10, 0xf8, 0x94, 0x99, 0xa5, 0xba, 0xad, 0x59, 0x9d,
    0x38, 0x9d, 0xdc, 0xd6, 0x3e, 0xe7, 0xfd, 0xde, 0x1d, 0xdf, 0xfd, 0xd6, 0xbc, 0xce, 0x3a, 0xbe,
    0xfa, 0xb5, 0x58, 0x9d, 0x56, 0x7c, 0xf4, 0x6b, 0xd4, 0x6b, 0x72, 0x63, 0x11, 0x4b, 0xd0, 0x4a,
    0xaf, 0x42, 0xd0, 0x4a, 0x8f, 0x42, 0x2d, 0x3a, 0xec, 0x31, 0x00, 0x00, 0x00, 0x00, 0x00, 0x00,
    0x00, 0x00, 0x00, 0x00, 0x40, 0x00, 0xa3, 0x10, 0xf8, 0x94, 0x99, 0xa5, 0xba, 0xad, 0x59, 0x9d,
    0x38, 0x95, 0xbc, 0xce, 0x3e, 0xe7, 0x1d, 0xdf, 0x3d, 0xdf, 0xfd, 0xd6, 0xbc, 0xce, 0x3b, 0xbe,
    0xfa, 0xb5, 0x38, 0x9d, 0x55, 0x7c, 0xf4, 0x6b, 0xd4, 0x6b, 0x72, 0x5b, 0x10, 0x4b, 0xb0, 0x4a,
    0xcf, 0x42, 0xd0, 0x4a, 0x8f, 0x42, 0x2d, 0x3a, 0xec, 0x31, 0x00, 0x00, 0x00, 0x00, 0x00, 0x00,
    0x00, 0x00, 0x00, 0x00, 0x40, 0x00, 0xc3, 0x18, 0x18, 0x95, 0x99, 0xa5, 0xba, 0xad, 0x59, 0x9d,
    0x17, 0x95, 0x9c, 0xce, 0x3e, 0xe7, 0x1d, 0xdf, 0x3d, 0xdf, 0xfd, 0xde, 0xbc, 0xce, 0x3a, 0xbe,
    0xda, 0xb5, 0x38, 0x95, 0x35, 0x7c, 0xd4, 0x6b, 0xd3, 0x6b, 0x72, 0x5b, 0x10, 0x4b, 0xb0, 0x4a,
    0xcf, 0x42, 0xb0, 0x4a, 0x8f, 0x42, 0x2d, 0x3a, 0xcc, 0x31, 0x00, 0x00, 0x00, 0x00, 0x00, 0x00,
    0x00, 0x00, 0x00, 0x00, 0x40, 0x00, 0xc3, 0x18, 0x18, 0x95, 0x99, 0xa5, 0xba, 0xad, 0x59, 0x9d,
    0x17, 0x95, 0x9c, 0xce, 0x3e, 0xe7, 0xfd, 0xde, 0x1d, 0xdf, 0xfd, 0xde, 0x9c, 0xce, 0x1a, 0xbe,
    0xba, 0xad, 0x18, 0x95, 0x35, 0x74, 0xd4, 0x63, 0xb3, 0x63, 0x52, 0x5b, 0x10, 0x4b, 0xb0, 0x4a,
    0xcf, 0x42, 0xb0, 0x4a, 0x8f, 0x42, 0x2d, 0x3a, 0xcb, 0x29, 0x00, 0x00, 0x00, 0x00, 0x00, 0x00,
    0x00, 0x00, 0x00, 0x00, 0x40, 0x00, 0xa3, 0x10, 0xf8, 0x94, 0x99, 0xa5, 0xba, 0xad, 0x59, 0x9d,
    0x17, 0x95, 0x9c, 0xce, 0x3e, 0xe7, 0xfd, 0xde, 0x1d, 0xdf, 0xdd, 0xd6, 0x7c, 0xc6, 0xfa, 0xb5,
    0xb9, 0xad, 0xf7, 0x8c, 0x15, 0x74, 0xb4, 0x63, 0xb3, 0x63, 0x52, 0x5b, 0x10, 0x4b, 0xb0, 0x4a,
    0xcf, 0x42, 0xd0, 0x4a, 0x8f, 0x42, 0x2d, 0x3a, 0xab, 0x29, 0x00, 0x00, 0x00, 0x00, 0x00, 0x00,
    0x00, 0x00, 0x00, 0x00, 0x40, 0x00, 0xa2, 0x10, 0xf8, 0x94, 0x99, 0xa5, 0xba, 0xad, 0x59, 0x9d,
    0x38, 0x95, 0xbc, 0xd6, 0x3e, 0xe7, 0xfd, 0xde, 0x1d, 0xdf, 0xdd, 0xd6, 0x7b, 0xc6, 0xf9, 0xb5,
    0x99, 0xad, 0xf7, 0x8c, 0x15, 0x74, 0xb4, 0x63, 0xb3, 0x63, 0x52, 0x5b, 0x10, 0x4b, 0xb0, 0x4a,
    0xcf, 0x42, 0xd0, 0x4a, 0x8f, 0x42, 0x2d, 0x32, 0xaa, 0x29, 0x00, 0x00, 0x00, 0x00, 0x00, 0x00,
    0x00, 0x00, 0x00, 0x00, 0x40, 0x00, 0x82, 0x10, 0xf7, 0x94, 0x99, 0xa5, 0xba, 0xad, 0x59, 0x9d,
    0x58, 0x9d, 0xdd, 0xd6, 0x3e, 0xe7, 0xfd, 0xde, 0x1d, 0xd7, 0xdc, 0xce, 0x5b, 0xc6, 0xf9, 0xb5,
    0x99, 0xad, 0xf7, 0x8c, 0x15, 0x74, 0xb4, 0x63, 0xb3, 0x63, 0x72, 0x5b, 0x10, 0x4b, 0xb0, 0x4a,
    0xaf, 0x42, 0xd0, 0x4a, 0x8f, 0x42, 0x2d, 0x3a, 0xab, 0x29, 0x00, 0x00, 0x00, 0x00, 0x00, 0x00,
    0x00, 0x00, 0x00, 0x00, 0x40, 0x00, 0x82, 0x10, 0xf7, 0x94, 0x99, 0xa5, 0xba, 0xad, 0x59, 0x9d,
    0x58, 0x9d, 0xfd, 0xd6, 0x3e, 0xe7, 0xfd, 0xde, 0x1d, 0xd7, 0xdd, 0xce, 0x7b, 0xc6, 0xfa, 0xb5,
    0xb9, 0xad, 0x17, 0x95, 0x35, 0x74, 0xd4, 0x63, 0xd3, 0x6b, 0x72, 0x5b, 0x10, 0x4b, 0xd0, 0x4a,
    0xaf, 0x42, 0xd0, 0x4a, 0x8f, 0x42, 0x2d, 0x3a, 0xcb, 0x29, 0x00, 0x00, 0x00, 0x00, 0x00, 0x00,
    0x00, 0x00, 0x00, 0x00, 0x40, 0x00, 0x82, 0x10, 0xf7, 0x94, 0x99, 0xa5, 0xba, 0xad, 0x59, 0x9d,
    0x78, 0x9d, 0xfd, 0xde, 0x3e, 0xe7, 0xfd, 0xde, 0x1d, 0xdf, 0xdd, 0xce, 0x7c, 0xc6, 0x1a, 0xbe,
    0xba, 0xad, 0x18, 0x95, 0x35, 0x7c, 0xd4, 0x6b, 0xd4, 0x6b, 0x72, 0x63, 0x11, 0x4b, 0xd0, 0x4a,
    0xaf, 0x42, 0xd0, 0x4a, 0x8f, 0x42, 0x2d, 0x3a, 0xcb, 0x29, 0x00, 0x00, 0x00, 0x00, 0x00, 0x00,
    0x00, 0x00, 0x00, 0x00, 0x40, 0x00, 0x82, 0x10, 0xf7, 0x94, 0x99, 0xa5, 0xba, 0xad, 0x59, 0x9d,
    0x58, 0x9d, 0xfd, 0xd6, 0x3e, 0xe7, 0xfd, 0xde, 0x1d, 0xdf, 0xfd, 0xd6, 0x9c, 0xce, 0x3a, 0xbe,
    0xda, 0xb5, 0x38, 0x95, 0x55, 0x7c, 0xf4, 0x6b, 0xd4, 0x6b, 0x92, 0x63, 0x11, 0x4b, 0xd0, 0x4a,
    0xaf, 0x42, 0xd0, 0x4a, 0x8f, 0x42, 0x2d, 0x3a, 0xec, 0x31, 0x00, 0x00, 0x00, 0x00, 0x00, 0x00,
    0x00, 0x00, 0x00, 0x00, 0x40, 0x00, 0x40, 0x00, 0x10, 0x53, 0x93, 0x63, 0xb3, 0x63, 0x96, 0x84,
    0xbd, 0xd6, 0x3e, 0xdf, 0x5e, 0xe7, 0x1d, 0xdf, 0xbc, 0xce, 0x9c, 0xce, 0x3b, 0xbe, 0xda, 0xb5,
    0x38, 0x9d, 0xb6, 0x84, 0xf4, 0x73, 0xb3, 0x6b, 0x72, 0x5b, 0x72, 0x5b, 0x11, 0x53, 0xd0, 0x4a,
    0x4e, 0x3a, 0x4d, 0x3a, 0x2d, 0x32, 0x0d, 0x32, 0x06, 0x19, 0x00, 0x00, 0x00, 0x00, 0x00, 0x00,
    0x00, 0x00, 0x00, 0x00, 0x40, 0x00, 0x41, 0x00, 0x11, 0x53, 0x93, 0x63, 0xb3, 0x63, 0x75, 0x84,
    0xbd, 0xce, 0x3e, 0xdf, 0x5e, 0xe7, 0x1d, 0xdf, 0xdc, 0xce, 0xbd, 0xce, 0x5b, 0xbe, 0xda, 0xb5,
    0x38, 0x9d, 0xb6, 0x84, 0xf4, 0x73, 0xb3, 0x63, 0x72, 0x5b, 0x72, 0x5b, 0x11, 0x53, 0xd0, 0x4a,
    0x4e, 0x3a, 0x4d, 0x32, 0x2d, 0x32, 0x0d, 0x32, 0xe6, 0x18, 0x00, 0x00, 0x00, 0x00, 0x00, 0x00,
    0x00, 0x00, 0x00, 0x00, 0x40, 0x00, 0x61, 0x08, 0x11, 0x53, 0x93, 0x63, 0xb3, 0x63, 0x55, 0x7c,
    0xbc, 0xce, 0x3e, 0xdf, 0x5e, 0xe7, 0x1d, 0xdf, 0xdc, 0xce, 0xbd, 0xce, 0x5b, 0xbe, 0xda, 0xad,
    0x38, 0x9d, 0x96, 0x84, 0xf4, 0x73, 0xb3, 0x63, 0x72, 0x5b, 0x51, 0x5b, 0x11, 0x53, 0xb0, 0x4a,
    0x4e, 0x3a, 0x4d, 0x32, 0x2d, 0x32, 0x0d, 0x32, 0xe5, 0x10, 0x00, 0x00, 0x00, 0x00, 0x00, 0x00,
    0x00, 0x00, 0x00, 0x00, 0x40, 0x00, 0x61, 0x00, 0x11, 0x53, 0x93, 0x63, 0xb3, 0x63, 0x55, 0x7c,
    0x9c, 0xce, 0x3e, 0xdf, 0x5e, 0xe7, 0x1d, 0xdf, 0xdc, 0xce, 0xbc, 0xce, 0x5b, 0xbe, 0xb9, 0xad,
    0x17, 0x95, 0x96, 0x7c, 0xd4, 0x63, 0xb3, 0x63, 0x72, 0x5b, 0x31, 0x5b, 0x11, 0x53, 0xb0, 0x4a,
    0x4e, 0x3a, 0x4d, 0x32, 0x2d, 0x32, 0x0d, 0x32, 0xc5, 0x10, 0x00, 0x00, 0x00, 0x00, 0x00, 0x00,
    0x00, 0x00, 0x00, 0x00, 0x40, 0x00, 0x40, 0x00, 0x11, 0x53, 0x93, 0x63, 0x93, 0x63, 0x55, 0x7c,
    0x9c, 0xce, 0x3e, 0xdf, 0x5e, 0xe7, 0xfd, 0xde, 0xbc, 0xce, 0x9c, 0xce, 0x3b, 0xbe, 0xb9, 0xad,
    0x17, 0x95, 0x76, 0x7c, 0xd4, 0x63, 0xb3, 0x63, 0x52, 0x5b, 0x31, 0x53, 0x11, 0x53, 0xb0, 0x4a,
    0x4e, 0x3a, 0x4d, 0x32, 0x2d, 0x32, 0x0d, 0x32, 0xa4, 0x10, 0x00, 0x00, 0x00, 0x00, 0x00, 0x00,
    0x00, 0x00, 0x00, 0x00, 0x40, 0x00, 0x40, 0x00, 0x10, 0x53, 0x93, 0x63, 0x93, 0x63, 0x75, 0x7c,
    0xbc, 0xce, 0x3e, 0xdf, 0x5e, 0xe7, 0xfd, 0xde, 0x9c, 0xce, 0x9c, 0xce, 0x1b, 0xbe, 0x99, 0xad,
    0x17, 0x95, 0x76, 0x7c, 0xd4, 0x63, 0x93, 0x63, 0x52, 0x5b, 0x31, 0x53, 0x11, 0x53, 0xb0, 0x4a,
    0x4e, 0x3a, 0x4d, 0x32, 0x2d, 0x32, 0x0d, 0x32, 0xa4, 0x10, 0x00, 0x00, 0x00, 0x00, 0x00, 0x00,
    0x00, 0x00, 0x00, 0x00, 0x40, 0x00, 0x61, 0x08, 0xf0, 0x52, 0x93, 0x63, 0x93, 0x63, 0x95, 0x84,
    0xbc, 0xce, 0x3e, 0xdf, 0x3e, 0xe7, 0xfd, 0xde, 0x9c, 0xce, 0x7c, 0xce, 0x1a, 0xbe, 0x99, 0xad,
    0xf7, 0x94, 0x76, 0x7c, 0xd4, 0x63, 0xb3, 0x63, 0x72, 0x5b, 0x31, 0x5b, 0x11, 0x53, 0xb0, 0x4a,
    0x4e, 0x3a, 0x4d, 0x32, 0x2d, 0x32, 0x0d, 0x32, 0xa4, 0x10, 0x00, 0x00, 0x00, 0x00, 0x00, 0x00,
    0x00, 0x00, 0x00, 0x00, 0x40, 0x00, 0x61, 0x08, 0xf0, 0x52, 0x93, 0x63, 0x93, 0x63, 0x96, 0x84,
    0xbd, 0xce, 0x3e, 0xdf, 0x3e, 0xe7, 0xfd, 0xde, 0x9c, 0xce, 0x7b, 0xc6, 0x1a, 0xbe, 0x99, 0xad,
    0x17, 0x95, 0x76, 0x7c, 0xd4, 0x63, 0xb3, 0x63, 0x72, 0x5b, 0x51, 0x5b, 0x11, 0x53, 0xb0, 0x4a,
    0x4e, 0x3a, 0x4d, 0x3a, 0x2d, 0x32, 0x0d, 0x32, 0xc5, 0x10, 0x00, 0x00, 0x00, 0x00, 0x00, 0x00,
    0x00, 0x00, 0x00, 0x00, 0x40, 0x00, 0x61, 0x08, 0xf0, 0x52, 0x93, 0x63, 0xb3, 0x63, 0xb6, 0x84,
    0xdd, 0xd6, 0x3e, 0xdf, 0x5e, 0xe7, 0xfd, 0xde, 0x9c, 0xce, 0x9b, 0xc6, 0x1a, 0xbe, 0xb9, 0xad,
    0x17, 0x95, 0x96, 0x7c, 0xd4, 0x6b, 0xb3, 0x63, 0x72, 0x5b, 0x72, 0x5b, 0x11, 0x53, 0xd0, 0x4a,
    0x4e, 0x3a, 0x2d, 0x3a, 0x2d, 0x32, 0x0d, 0x32, 0xe6, 0x10, 0x00, 0x00, 0x00, 0x00, 0x00, 0x00,
    0x00, 0x00, 0x00, 0x00, 0x40, 0x00, 0x61, 0x08, 0xf0, 0x52, 0x93, 0x63, 0xb3, 0x63, 0xb6, 0x8c,
    0xdd, 0xd6, 0x3e, 0xdf, 0x5e, 0xe7, 0xfd, 0xde, 0xbc, 0xce, 0x9c, 0xce, 0x3a, 0xbe, 0xb9, 0xad,
    0x38, 0x9d, 0x96, 0x84, 0xf4, 0x6b, 0xb3, 0x63, 0x72, 0x5b, 0x72, 0x5b, 0x11, 0x53, 0xd0, 0x4a,
    0x4e, 0x3a, 0x2d, 0x3a, 0x2d, 0x3a, 0x0d, 0x32, 0x06, 0x19, 0x00, 0x00, 0x00, 0x00, 0x00, 0x00,
    0x00, 0x00, 0x00, 0x00, 0x00, 0x00, 0x40, 0x00, 0xe5, 0x18, 0xd0, 0x4a, 0xf1, 0x52, 0x55, 0x7c,
    0x59, 0x9d, 0xba, 0xad, 0xfb, 0xb5, 0xfa, 0xb5, 0x99, 0xa5, 0x17, 0x95, 0xb6, 0x84, 0xf4, 0x6b,
    0x31, 0x5b, 0x11, 0x4b, 0x32, 0x5b, 0xf0, 0x52, 0xf0, 0x4a, 0xd0, 0x4a, 0xd0, 0x4a, 0x6f, 0x42,
    0x2d, 0x3a, 0xec, 0x31, 0x0d, 0x32, 0x48, 0x21, 0x00, 0x00, 0x00, 0x00, 0x00, 0x00, 0x00, 0x00,
    0x00, 0x00, 0x00, 0x00, 0x00, 0x00, 0x40, 0x00, 0x05, 0x19, 0xd0, 0x4a, 0xf1, 0x52, 0x35, 0x7c,
    0x59, 0x9d, 0xba, 0xad, 0xfb, 0xb5, 0xfb, 0xb5, 0x99, 0xa5, 0x18, 0x95, 0xb6, 0x84, 0xf4, 0x6b,
    0x31, 0x5b, 0x11, 0x4b, 0x32, 0x5b, 0xf0, 0x52, 0xf0, 0x4a, 0xd0, 0x4a, 0xd0, 0x4a, 0x6f, 0x42,
    0x2d, 0x3a, 0xec, 0x31, 0x0d, 0x32, 0x27, 0x19, 0x00, 0x00, 0x00, 0x00, 0x00, 0x00, 0x00, 0x00,
    0x00, 0x00, 0x00, 0x00, 0x00, 0x00, 0x40, 0x00, 0x05, 0x19, 0xd0, 0x4a, 0xf1, 0x52, 0x35, 0x7c,
    0x59, 0x9d, 0xba, 0xad, 0xfb, 0xb5, 0xfb, 0xb5, 0x99, 0xa5, 0x18, 0x95, 0xb6, 0x84, 0x14, 0x6c,
    0x31, 0x53, 0x11, 0x4b, 0x32, 0x5b, 0xf0, 0x4a, 0xd0, 0x4a, 0xd0, 0x4a, 0xd0, 0x4a, 0x6f, 0x42,
    0x2d, 0x32, 0xec, 0x31, 0x0d, 0x32, 0x07, 0x19, 0x00, 0x00, 0x00, 0x00, 0x00, 0x00, 0x00, 0x00,
    0x00, 0x00, 0x00, 0x00, 0x00, 0x00, 0x40, 0x00, 0xe5, 0x18, 0xb0, 0x4a, 0xf1, 0x52, 0x15, 0x74,
    0x59, 0x9d, 0xba, 0xad, 0xfb, 0xb5, 0xfb, 0xb5, 0x99, 0xa5, 0x18, 0x95, 0xd6, 0x84, 0x14, 0x6c,
    0x31, 0x53, 0x11, 0x4b, 0x31, 0x5b, 0xf0, 0x4a, 0xd0, 0x4a, 0xd0, 0x4a, 0xd0, 0x4a, 0x6e, 0x42,
    0x2d, 0x32, 0xec, 0x31, 0x0d, 0x32, 0x06, 0x19, 0x00, 0x00, 0x00, 0x00, 0x00, 0x00, 0x00, 0x00,
    0x00, 0x00, 0x00, 0x00, 0x00, 0x00, 0x40, 0x00, 0xe4, 0x18, 0xb0, 0x4a, 0xf1, 0x52, 0x14, 0x74,
    0x59, 0x9d, 0x9a, 0xad, 0xfb, 0xb5, 0xfb, 0xb5, 0x99, 0xa5, 0x18, 0x95, 0xd6, 0x84, 0x14, 0x6c,
    0x31, 0x53, 0x11, 0x4b, 0x31, 0x5b, 0xf0, 0x4a, 0xd0, 0x4a, 0xd0, 0x4a, 0xd0, 0x4a, 0x6e, 0x42,
    0x2d, 0x32, 0xec, 0x31, 0x0d, 0x32, 0xe6, 0x18, 0x00, 0x00, 0x00, 0x00, 0x00, 0x00, 0x00, 0x00,
    0x00, 0x00, 0x00, 0x00, 0x00, 0x00, 0x40, 0x00, 0xc4, 0x10, 0xaf, 0x4a, 0xf1, 0x4a, 0x14, 0x74,
    0x59, 0x9d, 0xba, 0xad, 0xfb, 0xb5, 0xfb, 0xb5, 0x99, 0xa5, 0x18, 0x95, 0xb6, 0x84, 0xf4, 0x6b,
    0x31, 0x53, 0x11, 0x4b, 0x11, 0x53, 0xf0, 0x4a, 0xd0, 0x4a, 0xd0, 0x4a, 0xd0, 0x4a, 0x6e, 0x42,
    0x2d, 0x32, 0xec, 0x31, 0x0d, 0x32, 0x06, 0x19, 0x00, 0x00, 0x00, 0x00, 0x00, 0x00, 0x00, 0x00,
    0x00, 0x00, 0x00, 0x00, 0x00, 0x00, 0x40, 0x00, 0xc3, 0x10, 0xaf, 0x4a, 0xf1, 0x4a, 0x35, 0x74,
    0x59, 0x9d, 0xba, 0xad, 0xfb, 0xb5, 0xfa, 0xb5, 0x99, 0xa5, 0x18, 0x95, 0xb6, 0x84, 0xf4, 0x6b,
    0x31, 0x53, 0x11, 0x4b, 0x11, 0x53, 0xf0, 0x4a, 0xd0, 0x4a, 0xd0, 0x4a, 0xd0, 0x4a, 0x6f, 0x42,
    0x2d, 0x32, 0xec, 0x31, 0x0d, 0x32, 0x06, 0x19, 0x00, 0x00, 0x00, 0x00, 0x00, 0x00, 0x00, 0x00,
    0x00, 0x00, 0x00, 0x00, 0x00, 0x00, 0x40, 0x00, 0xa3, 0x10, 0xaf, 0x4a, 0xf1, 0x52, 0x35, 0x7c,
    0x59, 0x9d, 0xba, 0xad, 0xfb, 0xb5, 0xfa, 0xb5, 0x99, 0xa5, 0x18, 0x95, 0xb6, 0x84, 0xf4, 0x6b,
    0x31, 0x53, 0x11, 0x4b, 0x31, 0x5b, 0xf0, 0x4a, 0xd0, 0x4a, 0xd0, 0x4a, 0xd0, 0x4a, 0x6f, 0x42,
    0x2d, 0x3a, 0xec, 0x31, 0x0d, 0x32, 0x27, 0x19, 0x00, 0x00, 0x00, 0x00, 0x00, 0x00, 0x00, 0x00,
    0x00, 0x00, 0x00, 0x00, 0x00, 0x00, 0x40, 0x00, 0xc3, 0x10, 0xaf, 0x4a, 0xf1, 0x52, 0x55, 0x7c,
    0x59, 0x9d, 0xba, 0xad, 0xfb, 0xb5, 0xfa, 0xb5, 0x99, 0xa5, 0x17, 0x95, 0xb6, 0x84, 0xf4, 0x6b,
    0x31, 0x53, 0x11, 0x4b, 0x31, 0x5b, 0xf0, 0x4a, 0xf0, 0x4a, 0xd0, 0x4a, 0xd0, 0x4a, 0x6f, 0x42,
    0x2d, 0x3a, 0xec, 0x31, 0x0d, 0x32, 0x48, 0x21, 0x00, 0x00, 0x00, 0x00, 0x00, 0x00, 0x00, 0x00,
    0x00, 0x00, 0x00, 0x00, 0x00, 0x00, 0x40, 0x00, 0xc4, 0x10, 0xb0, 0x4a, 0xf1, 0x52, 0x55, 0x7c,
    0x59, 0x9d, 0xba, 0xad, 0xfb, 0xb5, 0xfa, 0xb5, 0x99, 0xa5, 0x17, 0x95, 0xb6, 0x84, 0xf4, 0x6b,
    0x31, 0x53, 0x11, 0x4b, 0x32, 0x5b, 0xf0, 0x4a, 0xf0, 0x4a, 0xd0, 0x4a, 0xd0, 0x4a, 0x6f, 0x42,
    0x2d, 0x3a, 0xec, 0x31, 0x0d, 0x32, 0x48, 0x21, 0x00, 0x00, 0x00, 0x00, 0x00, 0x00, 0x00, 0x00,
    0x00, 0x00, 0x00, 0x00, 0x00, 0x00, 0x40, 0x00, 0x41, 0x00, 0xa3, 0x10, 0xca, 0x29, 0xaf, 0x4a,
    0x72, 0x5b, 0x93, 0x63, 0x93, 0x63, 0xb4, 0x63, 0x93, 0x63, 0x52, 0x5b, 0x11, 0x53, 0x11, 0x53,
    0xcf, 0x42, 0xaf, 0x42, 0xaf, 0x42, 0xaf, 0x42, 0x8f, 0x42, 0x6e, 0x3a, 0x2d, 0x3a, 0x0d, 0x32,
    0x0d, 0x32, 0xaa, 0x21, 0x00, 0x00, 0x00, 0x00, 0x00, 0x00, 0x00, 0x00, 0x00, 0x00, 0x00, 0x00,
    0x00, 0x00, 0x00, 0x00, 0x00, 0x00, 0x40, 0x00, 0x41, 0x00, 0xa3, 0x10, 0xca, 0x29, 0xaf, 0x42,
    0x72, 0x5b, 0x93, 0x63, 0x93, 0x63, 0xb4, 0x63, 0x93, 0x63, 0x52, 0x5b, 0x11, 0x53, 0x11, 0x53,
    0xcf, 0x42, 0xaf, 0x42, 0xaf, 0x42, 0xaf, 0x42, 0x8f, 0x42, 0x6e, 0x3a, 0x2d, 0x3a, 0x0d, 0x32,
    0x0d, 0x32, 0x8a, 0x21, 0x00, 0x00, 0x00, 0x00, 0x00, 0x00, 0x00, 0x00, 0x00, 0x00, 0x00, 0x00,
    0x00, 0x00, 0x00, 0x00, 0x00, 0x00, 0x40, 0x00, 0x41, 0x00, 0xa3, 0x10, 0xeb, 0x31, 0x8f, 0x42,
    0x52, 0x5b, 0x93, 0x63, 0x93, 0x63, 0xb4, 0x63, 0x93, 0x63, 0x52, 0x5b, 0x11, 0x53, 0x11, 0x53,
    0xcf, 0x42, 0xaf, 0x42, 0xaf, 0x42, 0xaf, 0x42, 0x8f, 0x42, 0x6e, 0x3a, 0x2d, 0x3a, 0x0d, 0x32,
    0x0d, 0x32, 0x69, 0x21, 0x00, 0x00, 0x00, 0x00, 0x00, 0x00, 0x00, 0x00, 0x00, 0x00, 0x00, 0x00,
    0x00, 0x00, 0x00, 0x00, 0x00, 0x00, 0x40, 0x00, 0x41, 0x00, 0x82, 0x10, 0xcb, 0x31, 0x8f, 0x42,
    0x52, 0x5b, 0x93, 0x63, 0x93, 0x63, 0xb4, 0x63, 0x93, 0x63, 0x52, 0x5b, 0x11, 0x53, 0x11, 0x53,
    0xcf, 0x42, 0xaf, 0x42, 0xaf, 0x42, 0xaf, 0x42, 0x8f, 0x42, 0x6e, 0x3a, 0x2d, 0x3a, 0x0d, 0x32,
    0x0d, 0x32, 0x69, 0x21, 0x00, 0x00, 0x00, 0x00, 0x00, 0x00, 0x00, 0x00, 0x00, 0x00, 0x00, 0x00,
    0x00, 0x00, 0x00, 0x00, 0x00, 0x00, 0x40, 0x00, 0x41, 0x00, 0x82, 0x10, 0xca, 0x31, 0x8f, 0x42,
    0x52, 0x5b, 0x93, 0x63, 0x93, 0x63, 0xb4, 0x63, 0x93, 0x63, 0x52, 0x5b, 0x11, 0x53, 0x11, 0x53,
    0xcf, 0x42, 0xaf, 0x42, 0xaf, 0x42, 0xaf, 0x42, 0x8f, 0x42, 0x6e, 0x3a, 0x2d, 0x3a, 0x0d, 0x32,
    0x0d, 0x32, 0x69, 0x21, 0x00, 0x00, 0x00, 0x00, 0x00, 0x00, 0x00, 0x00, 0x00, 0x00, 0x00, 0x00,
    0x00, 0x00, 0x00, 0x00, 0x00, 0x00, 0x40, 0x00, 0x41, 0x00, 0x82, 0x10, 0xca, 0x31, 0x8f, 0x42,
    0x52, 0x5b, 0x93, 0x63, 0x93, 0x63, 0xb4, 0x63, 0x93, 0x63, 0x52, 0x5b, 0x11, 0x53, 0x11, 0x53,
    0xcf, 0x42, 0xaf, 0x42, 0xaf, 0x42, 0xaf, 0x42, 0x8f, 0x42, 0x6e, 0x3a, 0x2d, 0x3a, 0x0d, 0x32,
    0x0d, 0x32, 0x69, 0x21, 0x00, 0x00, 0x00, 0x00, 0x00, 0x00, 0x00, 0x00, 0x00, 0x00, 0x00, 0x00,
    0x00, 0x00, 0x00, 0x00, 0x00, 0x00, 0x40, 0x00, 0x41, 0x00, 0x82, 0x10, 0xa9, 0x29, 0xaf, 0x42,
    0x52, 0x5b, 0x93, 0x63, 0x93, 0x63, 0xb4, 0x63, 0x93, 0x63, 0x52, 0x5b, 0x11, 0x53, 0x11, 0x53,
    0xcf, 0x42, 0xaf, 0x42, 0xaf, 0x42, 0xaf, 0x42, 0x8f, 0x42, 0x6e, 0x3a, 0x2d, 0x3a, 0x0d, 0x32,
    0x0d, 0x32, 0x89, 0x21, 0x00, 0x00, 0x00, 0x00, 0x00, 0x00, 0x00, 0x00, 0x00, 0x00, 0x00, 0x00,
    0x00, 0x00, 0x00, 0x00, 0x00, 0x00, 0x40, 0x00, 0x41, 0x00, 0x82, 0x10, 0xa9, 0x29, 0xaf, 0x4a,
    0x73, 0x5b, 0x93, 0x63, 0x93, 0x63, 0xb4, 0x63, 0x93, 0x63, 0x52, 0x5b, 0x11, 0x53, 0x11, 0x53,
    0xcf, 0x42, 0xaf, 0x42, 0xaf, 0x42, 0xaf, 0x42, 0x8f, 0x42, 0x6e, 0x3a, 0x2d, 0x3a, 0x0d, 0x32,
    0x0d, 0x32, 0xaa, 0x29, 0x00, 0x00, 0x00, 0x00, 0x00, 0x00, 0x00, 0x00, 0x00, 0x00, 0x00, 0x00,
    0x00, 0x00, 0x00, 0x00, 0x00, 0x00, 0x40, 0x00, 0x41, 0x00, 0x82, 0x10, 0xaa, 0x29, 0xaf, 0x4a,
    0x73, 0x5b, 0x93, 0x63, 0x93, 0x63, 0xb4, 0x63, 0x93, 0x63, 0x52, 0x5b, 0x11, 0x53, 0x11, 0x53,
    0xcf, 0x42, 0xaf, 0x42, 0xaf, 0x42, 0xaf, 0x42, 0x8f, 0x42, 0x6e, 0x3a, 0x2d, 0x3a, 0x0d, 0x32,
    0x0d, 0x32, 0xaa, 0x29, 0x00, 0x00, 0x00, 0x00, 0x00, 0x00, 0x00, 0x00, 0x00, 0x00, 0x00, 0x00,
    0x00, 0x00, 0x00, 0x00, 0x00, 0x00, 0x40, 0x00, 0x41, 0x00, 0x82, 0x10, 0xca, 0x29, 0xaf, 0x4a,
    0x73, 0x5b, 0x93, 0x63, 0x93, 0x63, 0xb4, 0x63, 0x93, 0x63, 0x52, 0x5b, 0x11, 0x53, 0x11, 0x53,
    0xcf, 0x42, 0xaf, 0x42, 0xaf, 0x42, 0xaf, 0x42, 0x8f, 0x42, 0x6e, 0x3a, 0x2d, 0x3a, 0x0d, 0x32,
    0x0d, 0x32, 0xaa, 0x29, 0x00, 0x00, 0x00, 0x00, 0x00, 0x00, 0x00, 0x00, 0x00, 0x00, 0x00, 0x00,
    0x00, 0x00, 0x00, 0x00, 0x00, 0x00, 0x00, 0x00, 0x40, 0x00, 0x40, 0x00, 0x61, 0x08, 0x40, 0x00,
    0xc9, 0x31, 0xd0, 0x4a, 0xd0, 0x4a, 0xd0, 0x4a, 0xf1, 0x52, 0xf0, 0x4a, 0xb0, 0x4a, 0x8f, 0x42,
    0x8f, 0x42, 0x6e, 0x42, 0x4e, 0x3a, 0x2d, 0x3a, 0x2d, 0x32, 0x0d, 0x32, 0x0d, 0x32, 0xec, 0x31,
    0xe6, 0x18, 0x00, 0x00, 0x00, 0x00, 0x00, 0x00, 0x00, 0x00, 0x00, 0x00, 0x00, 0x00, 0x00, 0x00,
    0x00, 0x00, 0x00, 0x00, 0x00, 0x00, 0x00, 0x00, 0x40, 0x00, 0x40, 0x00, 0x61, 0x08, 0x61, 0x08,
    0xc9, 0x29, 0xaf, 0x4a, 0xd0, 0x4a, 0xd0, 0x4a, 0xf1, 0x52, 0xf0, 0x4a, 0xb0, 0x4a, 0x8f, 0x42,
    0x8f, 0x42, 0x6f, 0x42, 0x4e, 0x3a, 0x2d, 0x3a, 0x2d, 0x32, 0x0d, 0x32, 0x0d, 0x32, 0xec, 0x29,
    0xe5, 0x10, 0x00, 0x00, 0x00, 0x00, 0x00, 0x00, 0x00, 0x00, 0x00, 0x00, 0x00, 0x00, 0x00, 0x00,
    0x00, 0x00, 0x00, 0x00, 0x00, 0x00, 0x00, 0x00, 0x40, 0x00, 0x40, 0x00, 0x61, 0x08, 0x82, 0x10,
    0xa8, 0x29, 0xaf, 0x4a, 0xd0, 0x4a, 0xd0, 0x4a, 0xf1, 0x52, 0xf0, 0x4a, 0xd0, 0x4a, 0x8f, 0x42,
    0x8f, 0x42, 0x6f, 0x42, 0x4e, 0x3a, 0x2d, 0x3a, 0x2d, 0x32, 0x0d, 0x32, 0x0d, 0x32, 0xcc, 0x29,
    0xc5, 0x10, 0x00, 0x00, 0x00, 0x00, 0x00, 0x00, 0x00, 0x00, 0x00, 0x00, 0x00, 0x00, 0x00, 0x00,
    0x00, 0x00, 0x00, 0x00, 0x00, 0x00, 0x00, 0x00, 0x40, 0x00, 0x40, 0x00, 0x61, 0x08, 0x82, 0x10,
    0xa8, 0x29, 0xaf, 0x4a, 0xd0, 0x4a, 0xd0, 0x4a, 0xf1, 0x52, 0xf0, 0x4a, 0xb0, 0x4a, 0x8f, 0x42,
    0x8f, 0x42, 0x6f, 0x42, 0x4e, 0x3a, 0x2d, 0x3a, 0x2d, 0x32, 0x0d, 0x32, 0x0d, 0x32, 0xcc, 0x29,
    0xc5, 0x10, 0x00, 0x00, 0x00, 0x00, 0x00, 0x00, 0x00, 0x00, 0x00, 0x00, 0x00, 0x00, 0x00, 0x00,
    0x00, 0x00, 0x00, 0x00, 0x00, 0x00, 0x00, 0x00, 0x40, 0x00, 0x40, 0x00, 0x61, 0x08, 0x82, 0x10,
    0xa8, 0x29, 0xaf, 0x4a, 0xd0, 0x4a, 0xd0, 0x4a, 0xf1, 0x52, 0xf0, 0x4a, 0xb0, 0x4a, 0x8f, 0x42,
    0x8f, 0x42, 0x6e, 0x42, 0x4e, 0x3a, 0x2d, 0x3a, 0x2d, 0x32, 0x0d, 0x32, 0x0d, 0x32, 0xcc, 0x29,
    0xc5, 0x10, 0x00, 0x00, 0x00, 0x00, 0x00, 0x00, 0x00, 0x00, 0x00, 0x00, 0x00, 0x00, 0x00, 0x00,
    0x00, 0x00, 0x00, 0x00, 0x00, 0x00, 0x00, 0x00, 0x40, 0x00, 0x40, 0x00, 0x61, 0x08, 0x61, 0x08,
    0xa8, 0x29, 0xd0, 0x4a, 0xd0, 0x4a, 0xf0, 0x4a, 0xf1, 0x52, 0xf0, 0x4a, 0xd0, 0x4a, 0x8f, 0x42,
    0x8f, 0x42, 0x6f, 0x42, 0x4e, 0x3a, 0x2d, 0x3a, 0x2d, 0x32, 0x0d, 0x32, 0x0d, 0x32, 0xec, 0x29,
    0xe5, 0x10, 0x00, 0x00, 0x00, 0x00, 0x00, 0x00, 0x00, 0x00, 0x00, 0x00, 0x00, 0x00, 0x00, 0x00,
    0x00, 0x00, 0x00, 0x00, 0x00, 0x00, 0x00, 0x00, 0x40, 0x00, 0x40, 0x00, 0x61, 0x08, 0x61, 0x08,
    0xc9, 0x31, 0xd0, 0x4a, 0xd0, 0x4a, 0xf0, 0x4a, 0x11, 0x53, 0xf0, 0x4a, 0xd0, 0x4a, 0xaf, 0x42,
    0xaf, 0x42, 0x6f, 0x42, 0x4e, 0x3a, 0x2d, 0x3a, 0x2d, 0x32, 0x0d, 0x32, 0x0d, 0x32, 0xec, 0x31,
    0xe6, 0x18, 0x00, 0x00, 0x00, 0x00, 0x00, 0x00, 0x00, 0x00, 0x00, 0x00, 0x00, 0x00, 0x00, 0x00,
    0x00, 0x00, 0x00, 0x00, 0x00, 0x00, 0x00, 0x00, 0x40, 0x00, 0x40, 0x00, 0x61, 0x08, 0x61, 0x08,
    0xc9, 0x31, 0xd0, 0x4a, 0xf0, 0x4a, 0xf0, 0x4a, 0x11, 0x53, 0xf0, 0x4a, 0xd0, 0x4a, 0xaf, 0x42,
    0xaf, 0x42, 0x6f, 0x42, 0x4e, 0x3a, 0x2d, 0x3a, 0x2d, 0x3a, 0x0d, 0x32, 0x0d, 0x32, 0xec, 0x31,
    0x06, 0x19, 0x00, 0x00, 0x00, 0x00, 0x00, 0x00, 0x00, 0x00, 0x00, 0x00, 0x00, 0x00, 0x00, 0x00,
    0x00, 0x00, 0x00, 0x00, 0x00, 0x00, 0x00, 0x00, 0x40, 0x00, 0x40, 0x00, 0x61, 0x08, 0x61, 0x08,
    0xc9, 0x31, 0xd0, 0x4a, 0xf0, 0x4a, 0xf0, 0x4a, 0x11, 0x53, 0xf0, 0x4a, 0xd0, 0x4a, 0xaf, 0x42,
    0xaf, 0x42, 0x6f, 0x42, 0x4e, 0x3a, 0x2d, 0x3a, 0x2d, 0x3a, 0x0d, 0x32, 0x0d, 0x32, 0xec, 0x31,
    0x06, 0x19, 0x00, 0x00, 0x00, 0x00, 0x00, 0x00, 0x00, 0x00, 0x00, 0x00, 0x00, 0x00, 0x00, 0x00,
    0x00, 0x00, 0x00, 0x00, 0x00, 0x00, 0x00, 0x00, 0x40, 0x00, 0x40, 0x00, 0x61, 0x08, 0x61, 0x08,
    0xca, 0x31, 0xd0, 0x4a, 0xd0, 0x4a, 0xf0, 0x4a, 0xf1, 0x52, 0xf0, 0x4a, 0xd0, 0x4a, 0x8f, 0x42,
    0x8f, 0x42, 0x6f, 0x42, 0x4e, 0x3a, 0x2d, 0x3a, 0x2d, 0x32, 0x0d, 0x32, 0x0d, 0x32, 0xec, 0x31,
    0x06, 0x19, 0x00, 0x00, 0x00, 0x00, 0x00, 0x00, 0x00, 0x00, 0x00, 0x00, 0x00, 0x00, 0x00, 0x00,
    0x00, 0x00, 0x00, 0x00, 0x00, 0x00, 0x00, 0x00, 0x00, 0x00, 0x00, 0x00, 0x40, 0x00, 0x40, 0x00,
    0x40, 0x00, 0x82, 0x10, 0xe5, 0x18, 0x89, 0x21, 0xec, 0x31, 0x2d, 0x32, 0x0d, 0x32, 0x0d, 0x32,
    0xec, 0x31, 0x0d, 0x32, 0x0d, 0x32, 0x0d, 0x32, 0xec, 0x31, 0x69, 0x21, 0x83, 0x08, 0x00, 0x00,
    0x00, 0x00, 0x00, 0x00, 0x00, 0x00, 0x00, 0x00, 0x00, 0x00, 0x00, 0x00, 0x00, 0x00, 0x00, 0x00,
    0x00, 0x00, 0x00, 0x00, 0x00, 0x00, 0x00, 0x00, 0x00, 0x00, 0x00, 0x00, 0x40, 0x00, 0x40, 0x00,
    0x40, 0x00, 0x82, 0x10, 0xc4, 0x18, 0x69, 0x21, 0xec, 0x31, 0x2d, 0x32, 0x0d, 0x32, 0x0d, 0x32,
    0xec, 0x31, 0x0d, 0x32, 0x0d, 0x32, 0x0d, 0x32, 0xec, 0x29, 0x68, 0x21, 0x63, 0x08, 0x00, 0x00,
    0x00, 0x00, 0x00, 0x00, 0x00, 0x00, 0x00, 0x00, 0x00, 0x00, 0x00, 0x00, 0x00, 0x00, 0x00, 0x00,
    0x00, 0x00, 0x00, 0x00, 0x00, 0x00, 0x00, 0x00, 0x00, 0x00, 0x00, 0x00, 0x40, 0x00, 0x40, 0x00,
    0x40, 0x00, 0x82, 0x10, 0xc4, 0x18, 0x68, 0x21, 0xec, 0x31, 0x2d, 0x32, 0x0d, 0x32, 0x0d, 0x32,
    0xec, 0x31, 0x0d, 0x32, 0x0d, 0x32, 0x0d, 0x32, 0xcc, 0x29, 0x48, 0x21, 0x62, 0x08, 0x00, 0x00,
    0x00, 0x00, 0x00, 0x00, 0x00, 0x00, 0x00, 0x00, 0x00, 0x00, 0x00, 0x00, 0x00, 0x00, 0x00, 0x00,
    0x00, 0x00, 0x00, 0x00, 0x00, 0x00, 0x00, 0x00, 0x00, 0x00, 0x00, 0x00, 0x40, 0x00, 0x40, 0x00,
    0x40, 0x00, 0x82, 0x10, 0xc4, 0x18, 0x68, 0x21, 0xec, 0x31, 0x2d, 0x32, 0x0d, 0x32, 0x0d, 0x32,
    0xec, 0x31, 0x0d, 0x32, 0x0d, 0x32, 0x0d, 0x32, 0xec, 0x29, 0x68, 0x21, 0x63, 0x08, 0x00, 0x00,
    0x00, 0x00, 0x00, 0x00, 0x00, 0x00, 0x00, 0x00, 0x00, 0x00, 0x00, 0x00, 0x00, 0x00, 0x00, 0x00,
    0x00, 0x00, 0x00, 0x00, 0x00, 0x00, 0x00, 0x00, 0x00, 0x00, 0x00, 0x00, 0x40, 0x00, 0x40, 0x00,
    0x40, 0x00, 0x82, 0x10, 0xe4, 0x18, 0x89, 0x21, 0xec, 0x31, 0x2d, 0x32, 0x0d, 0x32, 0x0d, 0x32,
    0xec, 0x31, 0x0d, 0x32, 0x0d, 0x32, 0x0d, 0x32, 0xec, 0x31, 0x69, 0x21, 0x83, 0x08, 0x00, 0x00,
    0x00, 0x00, 0x00, 0x00, 0x00, 0x00, 0x00, 0x00, 0x00, 0x00, 0x00, 0x00, 0x00, 0x00, 0x00, 0x00,
    0x00, 0x00, 0x00, 0x00, 0x00, 0x00, 0x00, 0x00, 0x00, 0x00, 0x00, 0x00, 0x40, 0x00, 0x40, 0x00,
    0x40, 0x00, 0x82, 0x10, 0xe5, 0x18, 0x8a, 0x29, 0x0d, 0x32, 0x2d, 0x3a, 0x2d, 0x32, 0x0d, 0x32,
    0xec, 0x31, 0x0d, 0x32, 0x0d, 0x32, 0x0d, 0x32, 0xec, 0x31, 0x89, 0x21, 0x83, 0x08, 0x00, 0x00,
    0x00, 0x00, 0x00, 0x00, 0x00, 0x00, 0x00, 0x00, 0x00, 0x00, 0x00, 0x00, 0x00, 0x00, 0x00, 0x00,
    0x00, 0x00, 0x00, 0x00, 0x00, 0x00, 0x00, 0x00, 0x00, 0x00, 0x00, 0x00, 0x40, 0x00, 0x40, 0x00,
    0x40, 0x00, 0x82, 0x10, 0x05, 0x19, 0xaa, 0x29, 0x0d, 0x32, 0x2d, 0x3a, 0x2d, 0x32, 0x0d, 0x32,
    0xec, 0x31, 0x0d, 0x32, 0x0d, 0x32, 0x0d, 0x32, 0xec, 0x31, 0x8a, 0x29, 0xa4, 0x10, 0x00, 0x00,
    0x00, 0x00, 0x00, 0x00, 0x00, 0x00, 0x00, 0x00, 0x00, 0x00, 0x00, 0x00, 0x00, 0x00, 0x00, 0x00,
    0x00, 0x00, 0x00, 0x00, 0x00, 0x00, 0x00, 0x00, 0x00, 0x00, 0x00, 0x00, 0x40, 0x00, 0x40, 0x00,
    0x40, 0x00, 0x82, 0x10, 0x06, 0x19, 0xaa, 0x29, 0x0d, 0x32, 0x2d, 0x3a, 0x2d, 0x32, 0x0d, 0x32,
    0xec, 0x31, 0x0d, 0x32, 0x0d, 0x32, 0x0d, 0x32, 0xec, 0x31, 0xaa, 0x29, 0xa4, 0x10, 0x00, 0x00,
    0x00, 0x00, 0x00, 0x00, 0x00, 0x00, 0x00, 0x00, 0x00, 0x00, 0x00, 0x00, 0x00, 0x00, 0x00, 0x00,
    0x00, 0x00, 0x00, 0x00, 0x00, 0x00, 0x00, 0x00, 0x00, 0x00, 0x00, 0x00, 0x40, 0x00, 0x40, 0x00,
    0x40, 0x00, 0x82, 0x10, 0x06, 0x19, 0xaa, 0x29, 0x0d, 0x32, 0x2d, 0x3a, 0x2d, 0x32, 0x0d, 0x32,
    0xec, 0x31, 0x0d, 0x32, 0x0d, 0x32, 0x0d, 0x32, 0xec, 0x31, 0xaa, 0x29, 0xa4, 0x10, 0x00, 0x00,
    0x00, 0x00, 0x00, 0x00, 0x00, 0x00, 0x00, 0x00, 0x00, 0x00, 0x00, 0x00, 0x00, 0x00, 0x00, 0x00,
    0x00, 0x00, 0x00, 0x00, 0x00, 0x00, 0x00, 0x00, 0x00, 0x00, 0x00, 0x00, 0x40, 0x00, 0x40, 0x00,
    0x40, 0x00, 0x82, 0x10, 0x05, 0x19, 0xaa, 0x29, 0x0d, 0x32, 0x2d, 0x3a, 0x0d, 0x32, 0x0d, 0x32,
    0xec, 0x31, 0x0d, 0x32, 0x0d, 0x32, 0x0d, 0x32, 0xec, 0x31, 0x8a, 0x29, 0xa4, 0x10, 0x00, 0x00,
    0x00, 0x00, 0x00, 0x00, 0x00, 0x00, 0x00, 0x00, 0x00, 0x00, 0x00, 0x00, 0x00, 0x00, 0x00, 0x00,
    0x00, 0x00, 0x00, 0x00, 0x00, 0x00, 0x00, 0x00, 0x00, 0x00, 0x00, 0x00, 0x00, 0x00, 0x00, 0x00,
    0x00, 0x00, 0x00, 0x00, 0x40, 0x00, 0x20, 0x00, 0x00, 0x00, 0x00, 0x00, 0x00, 0x00, 0x00, 0x00,
    0x00, 0x00, 0x00, 0x00, 0x00, 0x00, 0x00, 0x00, 0x00, 0x00, 0x00, 0x00, 0x00, 0x00, 0x00, 0x00,
    0x00, 0x00, 0x00, 0x00, 0x00, 0x00, 0x00, 0x00, 0x00, 0x00, 0x00, 0x00, 0x00, 0x00, 0x00, 0x00,
    0x00, 0x00, 0x00, 0x00, 0x00, 0x00, 0x00, 0x00, 0x00, 0x00, 0x00, 0x00, 0x00, 0x00, 0x00, 0x00,
    0x00, 0x00, 0x00, 0x00, 0x40, 0x00, 0x20, 0x00, 0x00, 0x00, 0x00, 0x00, 0x00, 0x00, 0x00, 0x00,
    0x00, 0x00, 0x00, 0x00, 0x00, 0x00, 0x00, 0x00, 0x00, 0x00, 0x00, 0x00, 0x00, 0x00, 0x00, 0x00,
    0x00, 0x00, 0x00, 0x00, 0x00, 0x00, 0x00, 0x00, 0x00, 0x00, 0x00, 0x00, 0x00, 0x00, 0x00, 0x00,
    0x00, 0x00, 0x00, 0x00, 0x00, 0x00, 0x00, 0x00, 0x00, 0x00, 0x00, 0x00, 0x00, 0x00, 0x00, 0x00,
    0x00, 0x00, 0x00, 0x00, 0x40, 0x00, 0x20, 0x00, 0x00, 0x00, 0x00, 0x00, 0x00, 0x00, 0x00, 0x00,
    0x00, 0x00, 0x00, 0x00, 0x00, 0x00, 0x00, 0x00, 0x00, 0x00, 0x00, 0x00, 0x00, 0x00, 0x00, 0x00,
    0x00, 0x00, 0x00, 0x00, 0x00, 0x00, 0x00, 0x00, 0x00, 0x00, 0x00, 0x00, 0x00, 0x00, 0x00, 0x00,
    0x00, 0x00, 0x00, 0x00, 0x00, 0x00, 0x00, 0x00, 0x00, 0x00, 0x00, 0x00, 0x00, 0x00, 0x00, 0x00,
    0x00, 0x00, 0x00, 0x00, 0x40, 0x00, 0x20, 0x00, 0x00, 0x00, 0x00, 0x00, 0x00, 0x00, 0x00, 0x00,
    0x00, 0x00, 0x00, 0x00, 0x00, 0x00, 0x00, 0x00, 0x00, 0x00, 0x00, 0x00, 0x00, 0x00, 0x00, 0x00,
    0x00, 0x00, 0x00, 0x00, 0x00, 0x00, 0x00, 0x00, 0x00, 0x00, 0x00, 0x00, 0x00, 0x00, 0x00, 0x00,
    0x00, 0x00, 0x00, 0x00, 0x00, 0x00, 0x00, 0x00, 0x00, 0x00, 0x00, 0x00, 0x00, 0x00, 0x00, 0x00,
    0x00, 0x00, 0x00, 0x00, 0x40, 0x00, 0x20, 0x00, 0x00, 0x00, 0x00, 0x00, 0x00, 0x00, 0x00, 0x00,
    0x00, 0x00, 0x00, 0x00, 0x00, 0x00, 0x00, 0x00, 0x00, 0x00, 0x00, 0x00, 0x00, 0x00, 0x00, 0x00,
    0x00, 0x00, 0x00, 0x00, 0x00, 0x00, 0x00, 0x00, 0x00, 0x00, 0x00, 0x00, 0x00, 0x00, 0x00, 0x00,
    0x00, 0x00, 0x00, 0x00, 0x00, 0x00, 0x00, 0x00, 0x00, 0x00, 0x00, 0x00, 0x00, 0x00, 0x00, 0x00,
    0x00, 0x00, 0x00, 0x00, 0x40, 0x00, 0x20, 0x00, 0x00, 0x00, 0x00, 0x00, 0x00, 0x00, 0x00, 0x00,
    0x00, 0x00, 0x00, 0x00, 0x00, 0x00, 0x00, 0x00, 0x00, 0x00, 0x00, 0x00, 0x00, 0x00, 0x00, 0x00,
    0x00, 0x00, 0x00, 0x00, 0x00, 0x00, 0x00, 0x00, 0x00, 0x00, 0x00, 0x00, 0x00, 0x00, 0x00, 0x00,
    0x00, 0x00, 0x00, 0x00, 0x00, 0x00, 0x00, 0x00, 0x00, 0x00, 0x00, 0x00, 0x00, 0x00, 0x00, 0x00,
    0x00, 0x00, 0x00, 0x00, 0x40, 0x00, 0x20, 0x00, 0x00, 0x00, 0x00, 0x00, 0x00, 0x00, 0x20, 0x00,
    0x21, 0x00, 0x00, 0x00, 0x00, 0x00, 0x00, 0x00, 0x00, 0x00, 0x00, 0x00, 0x00, 0x00, 0x00, 0x00,
    0x00, 0x00, 0x00, 0x00, 0x00, 0x00, 0x00, 0x00, 0x00, 0x00, 0x00, 0x00, 0x00, 0x00, 0x00, 0x00,
    0x00, 0x00, 0x00, 0x00, 0x00, 0x00, 0x00, 0x00, 0x00, 0x00, 0x00, 0x00, 0x00, 0x00, 0x00, 0x00,
    0x00, 0x00, 0x00, 0x00, 0x40, 0x00, 0x20, 0x00, 0x00, 0x00, 0x00, 0x00, 0x00, 0x00, 0x21, 0x00,
    0x21, 0x00, 0x00, 0x00, 0x00, 0x00, 0x00, 0x00, 0x00, 0x00, 0x00, 0x00, 0x00, 0x00, 0x00, 0x00,
    0x00, 0x00, 0x00, 0x00, 0x00, 0x00, 0x00, 0x00, 0x00, 0x00, 0x00, 0x00, 0x00, 0x00, 0x00, 0x00,
    0x00, 0x00, 0x00, 0x00, 0x00, 0x00, 0x00, 0x00, 0x00, 0x00, 0x00, 0x00, 0x00, 0x00, 0x00, 0x00,
    0x00, 0x00, 0x00, 0x00, 0x40, 0x00, 0x20, 0x00, 0x00, 0x00, 0x00, 0x00, 0x00, 0x00, 0x20, 0x00,
    0x21, 0x00, 0x00, 0x00, 0x00, 0x00, 0x00, 0x00, 0x00, 0x00, 0x00, 0x00, 0x00, 0x00, 0x00, 0x00,
    0x00, 0x00, 0x00, 0x00, 0x00, 0x00, 0x00, 0x00, 0x00, 0x00, 0x00, 0x00, 0x00, 0x00, 0x00, 0x00,
    0x00, 0x00, 0x00, 0x00, 0x00, 0x00, 0x00, 0x00, 0x00, 0x00, 0x00, 0x00, 0x00, 0x00, 0x00, 0x00,
    0x00, 0x00, 0x00, 0x00, 0x40, 0x00, 0x20, 0x00, 0x00, 0x00, 0x00, 0x00, 0x00, 0x00, 0x00, 0x00,
    0x00, 0x00, 0x00, 0x00, 0x00, 0x00, 0x00, 0x00, 0x00, 0x00, 0x00, 0x00, 0x00, 0x00, 0x00, 0x00,
    0x00, 0x00, 0x00, 0x00, 0x00, 0x00, 0x00, 0x00, 0x00, 0x00, 0x00, 0x00, 0x00, 0x00, 0x00, 0x00,
    0x00, 0x00, 0x00, 0x00, 0x00, 0x00, 0x00, 0x00, 0x00, 0x00, 0x00, 0x00, 0x00, 0x00, 0x00, 0x00,
    0x00, 0x00, 0x00, 0x00, 0x00, 0x00, 0x00, 0x00, 0x00, 0x00, 0x00, 0x00, 0x00, 0x00, 0x00, 0x00,
    0x00, 0x00, 0x00, 0x00, 0x00, 0x00, 0x00, 0x00, 0x00, 0x00, 0x00, 0x00, 0x00, 0x00, 0x00, 0x00,
    0x00, 0x00, 0x00, 0x00, 0x00, 0x00, 0x00, 0x00, 0x00, 0x00, 0x00, 0x00, 0x00, 0x00, 0x00, 0x00,
    0x00, 0x00, 0x00, 0x00, 0x00, 0x00, 0x00, 0x00, 0x00, 0x00, 0x00, 0x00, 0x00, 0x00, 0x00, 0x00,
    0x00, 0x00, 0x00, 0x00, 0x00, 0x00, 0x00, 0x00, 0x00, 0x00, 0x00, 0x00, 0x00, 0x00, 0x00, 0x00,
    0x00, 0x00, 0x00, 0x00, 0x00, 0x00, 0x00, 0x00, 0x00, 0x00, 0x00, 0x00, 0x00, 0x00, 0x00, 0x00,
    0x00, 0x00, 0x00, 0x00, 0x00, 0x00, 0x00, 0x00, 0x00, 0x00, 0x00, 0x00, 0x00, 0x00, 0x00, 0x00,
    0x00, 0x00, 0x00, 0x00, 0x00, 0x00, 0x00, 0x00, 0x00, 0x00, 0x00, 0x00, 0x00, 0x00, 0x00, 0x00,
    0x00, 0x00, 0x00, 0x00, 0x00, 0x00, 0x00, 0x00, 0x00, 0x00, 0x00, 0x00, 0x00, 0x00, 0x00, 0x00,
    0x00, 0x00, 0x00, 0x00, 0x00, 0x00, 0x00, 0x00, 0x00, 0x00, 0x00, 0x00, 0x00, 0x00, 0x00, 0x00,
    0x00, 0x00, 0x00, 0x00, 0x00, 0x00, 0x00, 0x00, 0x00, 0x00, 0x00, 0x00, 0x00, 0x00, 0x00, 0x00,
    0x00, 0x00, 0x00, 0x00, 0x00, 0x00, 0x00, 0x00, 0x00, 0x00, 0x00, 0x00, 0x00, 0x00, 0x00, 0x00,
    0x00, 0x00, 0x00, 0x00, 0x00, 0x00, 0x00, 0x00, 0x00, 0x00, 0x00, 0x00, 0x00, 0x00, 0x00, 0x00,
    0x00, 0x00, 0x00, 0x00, 0x00, 0x00, 0x00, 0x00, 0x00, 0x00, 0x00, 0x00, 0x00, 0x00, 0x00, 0x00,
    0x00, 0x00, 0x00, 0x00, 0x00, 0x00, 0x00, 0x00, 0x00, 0x00, 0x00, 0x00, 0x00, 0x00, 0x00, 0x00,
    0x00, 0x00, 0x00, 0x00, 0x00, 0x00, 0x00, 0x00, 0x00, 0x00, 0x00, 0x00, 0x00, 0x00, 0x00, 0x00,
    0x00, 0x00, 0x00, 0x00, 0x00, 0x00, 0x00, 0x00, 0x00, 0x00, 0x00, 0x00, 0x00, 0x00, 0x00, 0x00,
    0x00, 0x00, 0x00, 0x00, 0x00, 0x00, 0x00, 0x00, 0x00, 0x00, 0x00, 0x00, 0x00, 0x00, 0x00, 0x00,
    0x00, 0x00, 0x00, 0x00, 0x00, 0x00, 0x00, 0x00, 0x00, 0x00, 0x00, 0x00, 0x00, 0x00, 0x00, 0x00,
    0x00, 0x00, 0x00, 0x00, 0x00, 0x00, 0x00, 0x00, 0x00, 0x00, 0x00, 0x00, 0x00, 0x00, 0x00, 0x00,
    0x00, 0x00, 0x00, 0x00, 0x00, 0x00, 0x00, 0x00, 0x00, 0x00, 0x00, 0x00, 0x00, 0x00, 0x00, 0x00,
    0x00, 0x00, 0x00, 0x00, 0x00, 0x00, 0x00, 0x00, 0x00, 0x00, 0x00, 0x00, 0x00, 0x00, 0x00, 0x00,
    0x00, 0x00, 0x00, 0x00, 0x00, 0x00, 0x00, 0x00, 0x00, 0x00, 0x00, 0x00, 0x00, 0x00, 0x00, 0x00,
    0x00, 0x00, 0x00, 0x00, 0x00, 0x00, 0x00, 0x00, 0x00, 0x00, 0x00, 0x00, 0x00, 0x00, 0x00, 0x00,
    0x00, 0x00, 0x00, 0x00, 0x00, 0x00, 0x00, 0x00, 0x00, 0x00, 0x00, 0x00, 0x00, 0x00, 0x00, 0x00,
    0x00, 0x00, 0x00, 0x00, 0x00, 0x00, 0x00, 0x00, 0x00, 0x00, 0x00, 0x00, 0x00, 0x00, 0x00, 0x00,
    0x00, 0x00, 0x00, 0x00, 0x00, 0x00, 0x00, 0x00, 0x00, 0x00, 0x00, 0x00, 0x00, 0x00, 0x00, 0x00,
    0x00, 0x00, 0x00, 0x00, 0x00, 0x00, 0x00, 0x00, 0x00, 0x00, 0x00, 0x00, 0x00, 0x00, 0x00, 0x00,
    0x00, 0x00, 0x00, 0x00, 0x00, 0x00, 0x00, 0x00, 0x00, 0x00, 0x00, 0x00, 0x00, 0x00, 0x00, 0x00,
    0x00, 0x00, 0x00, 0x00, 0x00, 0x00, 0x00, 0x00, 0x00, 0x00, 0x00, 0x00, 0x00, 0x00, 0x00, 0x00,
    0x00, 0x00, 0x00, 0x00, 0x00, 0x00, 0x00, 0x00, 0x00, 0x00, 0x00, 0x00, 0x00, 0x00, 0x00, 0x00,
    0x00, 0x00, 0x00, 0x00, 0x00, 0x00, 0x00, 0x00, 0x00, 0x00, 0x00, 0x00, 0x00, 0x00, 0x00, 0x00,
    0x00, 0x00, 0x00, 0x00, 0x00, 0x00, 0x00, 0x00, 0x00, 0x00, 0x00, 0x00, 0x00, 0x00, 0x00, 0x00,
    0x00, 0x00, 0x00, 0x00, 0x00, 0x00, 0x00, 0x00, 0x00, 0x00, 0x00, 0x00, 0x00, 0x00, 0x00, 0x00,
    0x00, 0x00, 0x00, 0x00, 0x00, 0x00, 0x00, 0x00, 0x00, 0x00, 0x00, 0x00, 0x00, 0x00, 0x00, 0x00,
    0x00, 0x00, 0x00, 0x00, 0x00, 0x00, 0x00, 0x00, 0x00, 0x00, 0x00, 0x00, 0x00, 0x00, 0x00, 0x00,
    0x00, 0x00, 0x00, 0x00, 0x00, 0x00, 0x00, 0x00, 0x00, 0x00, 0x00, 0x00, 0x00, 0x00, 0x00, 0x00,
    0x00, 0x00, 0x00, 0x00, 0x00, 0x00, 0x00, 0x00, 0x00, 0x00, 0x00, 0x00, 0x00, 0x00, 0x00, 0x00,
    0x00, 0x00, 0x00, 0x00, 0x00, 0x00, 0x00, 0x00, 0x00, 0x00, 0x00, 0x00, 0x00, 0x00, 0x00, 0x00,
    0x00, 0x00, 0x00, 0x00, 0x00, 0x00, 0x00, 0x00, 0x00, 0x00, 0x00, 0x00, 0x00, 0x00, 0x00, 0x00,
    0x00, 0x00, 0x00, 0x00, 0x00, 0x00, 0x00, 0x00, 0x00, 0x00, 0x00, 0x00, 0x00, 0x00, 0x00, 0x00,
    0x00, 0x00, 0x00, 0x00, 0x00, 0x00, 0x00, 0x00, 0x00, 0x00, 0x00, 0x00, 0x00, 0x00, 0x00, 0x00,
    0x00, 0x00, 0x00, 0x00, 0x00, 0x00, 0x00, 0x00, 0x00, 0x00, 0x00, 0x00, 0x00, 0x00, 0x00, 0x00,
    0x00, 0x00, 0x00, 0x00, 0x00, 0x00, 0x00, 0x00, 0x00, 0x00, 0x00, 0x00, 0x00, 0x00, 0x00, 0x00,
    0x00, 0x00, 0x00, 0x00, 0x00, 0x00, 0x00, 0x00, 0x00, 0x00, 0x00, 0x00, 0x00, 0x00, 0x00, 0x00,
    0x00, 0x00, 0x00, 0x00, 0x00, 0x00, 0x00, 0x00, 0x00, 0x00, 0x00, 0x00, 0x00, 0x00, 0x00, 0x00,
    0x00, 0x00, 0x00, 0x00, 0x00, 0x00, 0x00, 0x00, 0x00, 0x00, 0x00, 0x00, 0x00, 0x00, 0x00, 0x00,
    0x00, 0x00, 0x00, 0x00, 0x00, 0x00, 0x00, 0x00, 0x00, 0x00, 0x00, 0x00, 0x00, 0x00, 0x00, 0x00,
    0x00, 0x00, 0x00, 0x00, 0x00, 0x00, 0x00, 0x00, 0x00, 0x00, 0x00, 0x00, 0x00, 0x00, 0x00, 0x00,
    0x00, 0x00, 0x00, 0x00, 0x00, 0x00, 0x00, 0x00, 0x00, 0x00, 0x00, 0x00, 0x00, 0x00, 0x00, 0x00,
    0x00, 0x00, 0x00, 0x00, 0x00, 0x00, 0x00, 0x00, 0x00, 0x00, 0x00, 0x00, 0x00, 0x00, 0x00, 0x00,
    0x00, 0x00, 0x00, 0x00, 0x00, 0x00, 0x00, 0x00, 0x00, 0x00, 0x00, 0x00, 0x00, 0x00, 0x00, 0x00,
    0x00, 0x00, 0x00, 0x00, 0x00, 0x00, 0x00, 0x00, 0x00, 0x00, 0x00, 0x00, 0x00, 0x00, 0x00, 0x00,
    0x00, 0x00, 0x00, 0x00, 0x00, 0x00, 0x00, 0x00, 0x00, 0x00, 0x00, 0x00, 0x00, 0x00, 0x00, 0x00,
    0x00, 0x00, 0x00, 0x00, 0x00, 0x00, 0x00, 0x00, 0x00, 0x00, 0x00, 0x00, 0x00, 0x00, 0x00, 0x00,
    0x00, 0x00, 0x00, 0x00, 0x00, 0x00, 0x00, 0x00, 0x00, 0x00, 0x00, 0x00, 0x00, 0x00, 0x00, 0x00,
    0x00, 0x00, 0x00, 0x00, 0x00, 0x00, 0x00, 0x00, 0x00, 0x00, 0x00, 0x00, 0x00, 0x00, 0x00, 0x00,
    0x00, 0x00, 0x00, 0x00, 0x00, 0x00, 0x00, 0x00, 0x00, 0x00, 0x00, 0x00, 0x00, 0x00, 0x00, 0x00,
    0x00, 0x00, 0x00, 0x00, 0x00, 0x00, 0x00, 0x00, 0x00, 0x00, 0x00, 0x00, 0x00, 0x00, 0x00, 0x00,
    0x00, 0x00, 0x00, 0x00, 0x00, 0x00, 0x00, 0x00, 0x00, 0x00, 0x00, 0x00, 0x00, 0x00, 0x00, 0x00,
    0x00, 0x00, 0x00, 0x00, 0x00, 0x00, 0x00, 0x00, 0x00, 0x00, 0x00, 0x00, 0x00, 0x00, 0x00, 0x00,
    0x00, 0x00, 0x00, 0x00, 0x00, 0x00, 0x00, 0x00, 0x00, 0x00, 0x00, 0x00, 0x00, 0x00, 0x00, 0x00,
    0x00, 0x00, 0x00, 0x00, 0x00, 0x00, 0x00, 0x00, 0x00, 0x00, 0x00, 0x00, 0x00, 0x00, 0x00, 0x00,
    0x00, 0x00, 0x00, 0x00, 0x00, 0x00, 0x00, 0x00, 0x00, 0x00, 0x00, 0x00, 0x00, 0x00, 0x00, 0x00,
    0x00, 0x00, 0x00, 0x00, 0x00, 0x00, 0x00, 0x00, 0x00, 0x00, 0x00, 0x00, 0x00, 0x00, 0x00, 0x00,
    0x00, 0x00, 0x00, 0x00, 0x00, 0x00, 0x00, 0x00, 0x00, 0x00, 0x00, 0x00, 0x00, 0x00, 0x00, 0x00,
    0x00, 0x00, 0x00, 0x00, 0x00, 0x00, 0x00, 0x00, 0x00, 0x00, 0x00, 0x00, 0x00, 0x00, 0x00, 0x00,
    0x00, 0x00, 0x00, 0x00, 0x00, 0x00, 0x00, 0x00, 0x00, 0x00, 0x00, 0x00, 0x00, 0x00, 0x00, 0x00,
    0x00, 0x00, 0x00, 0x00, 0x00, 0x00, 0x00, 0x00, 0x00, 0x00, 0x00, 0x00, 0x00, 0x00, 0x00, 0x00,
    0x00, 0x00, 0x00, 0x00, 0x00, 0x00, 0x00, 0x00, 0x00, 0x00, 0x00, 0x00, 0x00, 0x00, 0x00, 0x00,
    0x00, 0x00, 0x00, 0x00, 0x00, 0x00, 0x00, 0x00, 0x00, 0x00, 0x00, 0x00, 0x00, 0x00, 0x00, 0x00,
    0x00, 0x00, 0x00, 0x00, 0x00, 0x00, 0x00, 0x00, 0x00, 0x00, 0x00, 0x00, 0x00, 0x00, 0x00, 0x00,
    0x00, 0x00, 0x00, 0x00, 0x00, 0x00, 0x00, 0x00, 0x00, 0x00, 0x00, 0x00, 0x00, 0x00, 0x00, 0x00,
    0x00, 0x00, 0x00, 0x00, 0x00, 0x00, 0x00, 0x00, 0x00, 0x00, 0x00, 0x00, 0x00, 0x00, 0x00, 0x00,
    0x00, 0x00, 0x00, 0x00, 0x00, 0x00, 0x00, 0x00, 0x00, 0x00, 0x00, 0x00, 0x00, 0x00, 0x00, 0x00,
    0x00, 0x00, 0x00, 0x00, 0x00, 0x00, 0x00, 0x00, 0x00, 0x00, 0x00, 0x00, 0x00, 0x00, 0x00, 0x00,
    0x00, 0x00, 0x00, 0x00, 0x00, 0x00, 0x00, 0x00, 0x00, 0x00, 0x00, 0x00, 0x00, 0x00, 0x00, 0x00,
    0x00, 0x00, 0x00, 0x00, 0x00, 0x00, 0x00, 0x00, 0x00, 0x00, 0x00, 0x00, 0x00, 0x00, 0x00, 0x00,
    0x00, 0x00, 0x00, 0x00, 0x00, 0x00, 0x00, 0x00, 0x00, 0x00, 0x00, 0x00, 0x00, 0x00, 0x00, 0x00,
    0x00, 0x00, 0x00, 0x00, 0x00, 0x00, 0x00, 0x00, 0x00, 0x00, 0x00, 0x00, 0x00, 0x00, 0x00, 0x00,
    0x00, 0x00, 0x00, 0x00, 0x00, 0x00, 0x00, 0x00, 0x00, 0x00, 0x00, 0x00, 0x00, 0x00, 0x00, 0x00,
    0x00, 0x00, 0x00, 0x00, 0x00, 0x00, 0x00, 0x00, 0x00, 0x00, 0x00, 0x00, 0x00, 0x00, 0x00, 0x00,
    0x00, 0x00, 0x00, 0x00, 0x00, 0x00, 0x00, 0x00, 0x00, 0x00, 0x00, 0x00, 0x00, 0x00, 0x00, 0x00,
    0x00, 0x00, 0x00, 0x00, 0x00, 0x00, 0x00, 0x00, 0x00, 0x00, 0x00, 0x00, 0x00, 0x00, 0x00, 0x00,
    0x00, 0x00, 0x00, 0x00, 0x00, 0x00, 0x00, 0x00, 0x00, 0x00, 0x00, 0x00, 0x00, 0x00, 0x00, 0x00,
    0x00, 0x00, 0x00, 0x00, 0x00, 0x00, 0x00, 0x00, 0x00, 0x00, 0x00, 0x00, 0x00, 0x00, 0x00, 0x00,
    0x00, 0x00, 0x00, 0x00, 0x00, 0x00, 0x00, 0x00, 0x00, 0x00, 0x00, 0x00, 0x00, 0x00, 0x00, 0x00,
    0x00, 0x00, 0x00, 0x00, 0x00, 0x00, 0x00, 0x00, 0x00, 0x00, 0x00, 0x00, 0x00, 0x00, 0x00, 0x00,
    0x00, 0x00, 0x00, 0x00, 0x00, 0x00, 0x00, 0x00, 0x00, 0x00, 0x00, 0x00, 0x00, 0x00, 0x00, 0x00,
    0x00, 0x00, 0x00, 0x00, 0x00, 0x00, 0x00, 0x00, 0x00, 0x00, 0x00, 0x00, 0x00, 0x00, 0x00, 0x00,
    0x00, 0x00, 0x00, 0x00, 0x00, 0x00, 0x00, 0x00, 0x00, 0x00, 0x00, 0x00, 0x00, 0x00, 0x00, 0x00,
    0x00, 0x00, 0x00, 0x00, 0x00, 0x00, 0x00, 0x00, 0x00, 0x00, 0x00, 0x00, 0x00, 0x00, 0x00, 0x00,
    0x00, 0x00, 0x00, 0x00, 0x00, 0x00, 0x00, 0x00, 0x00, 0x00, 0x00, 0x00, 0x00, 0x00, 0x00, 0x00,
    0x00, 0x00, 0x00, 0x00, 0x00, 0x00, 0x00, 0x00, 0x00, 0x00, 0x00, 0x00, 0x00, 0x00, 0x00, 0x00,
    0x00, 0x00, 0x00, 0x00, 0x00, 0x00, 0x00, 0x00, 0x00, 0x00, 0x00, 0x00, 0x00, 0x00, 0x00, 0x00,
    0x00, 0x00, 0x00, 0x00, 0x00, 0x00, 0x00, 0x00, 0x00, 0x00, 0x00, 0x00, 0x00, 0x00, 0x00, 0x00,
    0x00, 0x00, 0x00, 0x00, 0x00, 0x00, 0x00, 0x00, 0x00, 0x00, 0x00, 0x00, 0x00, 0x00, 0x00, 0x00,
    0x00, 0x00, 0x00, 0x00, 0x00, 0x00, 0x00, 0x00, 0x00, 0x00, 0x00, 0x00, 0x00, 0x00, 0x00, 0x00,
    0x00, 0x00, 0x00, 0x00, 0x00, 0x00, 0x00, 0x00, 0x00, 0x00, 0x00, 0x00, 0x00, 0x00, 0x00, 0x00,
    0x00, 0x00, 0x00, 0x00, 0x00, 0x00, 0x00, 0x00, 0x00, 0x00, 0x00, 0x00, 0x00, 0x00, 0x00, 0x00,
    0x00, 0x00, 0x00, 0x00, 0x00, 0x00, 0x00, 0x00, 0x00, 0x00, 0x00, 0x00, 0x00, 0x00, 0x00, 0x00,
    0x00, 0x00, 0x00, 0x00, 0x00, 0x00, 0x00, 0x00, 0x00, 0x00, 0x00, 0x00, 0x00, 0x00, 0x00, 0x00,
    0x00, 0x00, 0x00, 0x00, 0x00, 0x00, 0x00, 0x00, 0x00, 0x00, 0x00, 0x00, 0x00, 0x00, 0x00, 0x00,
    0x00, 0x00, 0x00, 0x00, 0x00, 0x00, 0x00, 0x00, 0x00, 0x00, 0x00, 0x00, 0x00, 0x00, 0x00, 0x00,
    0x00, 0x00, 0x00, 0x00, 0x00, 0x00, 0x00, 0x00, 0x00, 0x00, 0x00, 0x00, 0x00, 0x00, 0x00, 0x00,
    0x00, 0x00, 0x00, 0x00, 0x00, 0x00, 0x00, 0x00, 0x00, 0x00, 0x00, 0x00, 0x00, 0x00, 0x00, 0x00,
    0x00, 0x00, 0x00, 0x00, 0x00, 0x00, 0x00, 0x00, 0x00, 0x00, 0x00, 0x00, 0x00, 0x00, 0x00, 0x00,
    0x00, 0x00, 0x00, 0x00, 0x00, 0x00, 0x00, 0x00, 0x00, 0x00, 0x00, 0x00, 0x00, 0x00, 0x00, 0x00,
    0x00, 0x00, 0x00, 0x00, 0x00, 0x00, 0x00, 0x00, 0x00, 0x00, 0x00, 0x00, 0x00, 0x00, 0x00, 0x00,
    0x00, 0x00, 0x00, 0x00, 0x00, 0x00, 0x00, 0x00, 0x00, 0x00, 0x00, 0x00, 0x00, 0x00, 0x00, 0x00,
    0x00, 0x00, 0x00, 0x00, 0x00, 0x00, 0x00, 0x00, 0x00, 0x00, 0x00, 0x00, 0x00, 0x00, 0x00, 0x00,
    0x00, 0x00, 0x00, 0x00, 0x00, 0x00, 0x00, 0x00, 0x00, 0x00, 0x00, 0x00, 0x00, 0x00, 0x00, 0x00,
    0x00, 0x00, 0x00, 0x00, 0x00, 0x00, 0x00, 0x00, 0x00, 0x00, 0x00, 0x00, 0x00, 0x00, 0x00, 0x00,
    0x00, 0x00, 0x00, 0x00, 0x00, 0x00, 0x00, 0x00, 0x00, 0x00, 0x00, 0x00, 0x00, 0x00, 0x00, 0x00,
    0x00, 0x00, 0x00, 0x00, 0x00, 0x00, 0x00, 0x00, 0x00, 0x00, 0x00, 0x00, 0x00, 0x00, 0x00, 0x00,
    0x00, 0x00, 0x00, 0x00, 0x00, 0x00, 0x00, 0x00, 0x00, 0x00, 0x00, 0x00, 0x00, 0x00, 0x00, 0x00,
    0x00, 0x00, 0x00, 0x00, 0x00, 0x00, 0x00, 0x00, 0x00, 0x00, 0x00, 0x00, 0x00, 0x00, 0x00, 0x00,
    0x00, 0x00, 0x00, 0x00, 0x00, 0x00, 0x00, 0x00, 0x00, 0x00, 0x00, 0x00, 0x00, 0x00, 0x00, 0x00,
    0x00, 0x00, 0x00, 0x00, 0x00, 0x00, 0x00, 0x00, 0x00, 0x00, 0x00, 0x00, 0x00, 0x00, 0x00, 0x00,
    0x00, 0x00, 0x00, 0x00, 0x00, 0x00, 0x00, 0x00, 0x00, 0x00, 0x00, 0x00, 0x00, 0x00, 0x00, 0x00,
    0x00, 0x00, 0x00, 0x00, 0x00, 0x00, 0x00, 0x00, 0x00, 0x00, 0x00, 0x00, 0x00, 0x00, 0x00, 0x00,
    0x00, 0x00, 0x00, 0x00, 0x00, 0x00, 0x00, 0x00, 0x00, 0x00, 0x00, 0x00, 0x00, 0x00, 0x00, 0x00,
    0x00, 0x00, 0x00, 0x00, 0x00, 0x00, 0x00, 0x00, 0x00, 0x00, 0x00, 0x00, 0x00, 0x00, 0x00, 0x00,
    0x00, 0x00, 0x00, 0x00, 0x00, 0x00, 0x00, 0x00, 0x00, 0x00, 0x00, 0x00, 0x00, 0x00, 0x00, 0x00,
    0x00, 0x00, 0x00, 0x00, 0x00, 0x00, 0x00, 0x00, 0x00, 0x00, 0x00, 0x00, 0x00, 0x00, 0x00, 0x00,
    0x00, 0x00, 0x00, 0x00, 0x00, 0x00, 0x00, 0x00, 0x00, 0x00, 0x00, 0x00, 0x00, 0x00, 0x00, 0x00,
    0x00, 0x00, 0x00, 0x00, 0x00, 0x00, 0x00, 0x00, 0x00, 0x00, 0x00, 0x00, 0x00, 0x00, 0x00, 0x00,
    0x00, 0x00, 0x00, 0x00, 0x00, 0x00, 0x00, 0x00, 0x00, 0x00, 0x00, 0x00, 0x00, 0x00, 0x00, 0x00,
    0x00, 0x00, 0x00, 0x00, 0x00, 0x00, 0x00, 0x00, 0x00, 0x00, 0x00, 0x00, 0x00, 0x00, 0x00, 0x00,
    0x00, 0x00, 0x00, 0x00, 0x00, 0x00, 0x00, 0x00, 0x00, 0x00, 0x00, 0x00, 0x00, 0x00, 0x00, 0x00,
    0x00, 0x00, 0x00, 0x00, 0x00, 0x00, 0x00, 0x00, 0x00, 0x00, 0x00, 0x00, 0x00, 0x00, 0x00, 0x00,
    0x00, 0x00, 0x00, 0x00, 0x00, 0x00, 0x00, 0x00, 0x00, 0x00, 0x00, 0x00, 0x00, 0x00, 0x00, 0x00,
    0x00, 0x00, 0x00, 0x00, 0x00, 0x00, 0x00, 0x00, 0x00, 0x00, 0x00, 0x00, 0x00, 0x00, 0x00, 0x00,
    0x00, 0x00, 0x00, 0x00, 0x00, 0x00, 0x00, 0x00, 0x00, 0x00, 0x00, 0x00, 0x00, 0x00, 0x00, 0x00,
    0x00, 0x00, 0x00, 0x00, 0x00, 0x00, 0x00, 0x00, 0x00, 0x00, 0x00, 0x00, 0x00, 0x00, 0x00, 0x00,
    0x00, 0x00, 0x00, 0x00, 0x00, 0x00, 0x00, 0x00, 0x00, 0x00, 0x00, 0x00, 0x00, 0x00, 0x00, 0x00,
    0x00, 0x00, 0x00, 0x00, 0x00, 0x00, 0x00, 0x00, 0x00, 0x00, 0x00, 0x00, 0x00, 0x00, 0x00, 0x00,
    0x00, 0x00, 0x00, 0x00, 0x00, 0x00, 0x00, 0x00, 0x00, 0x00, 0x00, 0x00, 0x00, 0x00, 0x00, 0x00,
    0x00, 0x00, 0x00, 0x00, 0x00, 0x00, 0x00, 0x00, 0x00, 0x00, 0x00, 0x00, 0x00, 0x00, 0x00, 0x00,
    0x00, 0x00, 0x00, 0x00, 0x00, 0x00, 0x00, 0x00, 0x00, 0x00, 0x00, 0x00, 0x00, 0x00, 0x00, 0x00,
    0x00, 0x00, 0x00, 0x00, 0x00, 0x00, 0x00, 0x00, 0x00, 0x00, 0x00, 0x00, 0x00, 0x00, 0x00, 0x00,
    0x00, 0x00, 0x00, 0x00, 0x00, 0x00, 0x00, 0x00, 0x00, 0x00, 0x00, 0x00, 0x00, 0x00, 0x00, 0x00,
    0x00, 0x00, 0x00, 0x00, 0x00, 0x00, 0x00, 0x00, 0x00, 0x00, 0x00, 0x00, 0x00, 0x00, 0x00, 0x00,
    0x00, 0x00, 0x00, 0x00, 0x00, 0x00, 0x00, 0x00, 0x00, 0x00, 0x00, 0x00, 0x00, 0x00, 0x00, 0x00,
    0x00, 0x00, 0x00, 0x00, 0x00, 0x00, 0x00, 0x00, 0x00, 0x00, 0x00, 0x00, 0x00, 0x00, 0x00, 0x00,
    0x00, 0x00, 0x00, 0x00, 0x00, 0x00, 0x00, 0x00, 0x00, 0x00, 0x00, 0x00, 0x00, 0x00, 0x00, 0x00,
    0x00, 0x00, 0x00, 0x00, 0x00, 0x00, 0x00, 0x00, 0x00, 0x00, 0x00, 0x00, 0x00, 0x00, 0x00, 0x00,
    0x00, 0x00, 0x00, 0x00, 0x00, 0x00, 0x00, 0x00, 0x00, 0x00, 0x00, 0x00, 0x00, 0x00, 0x00, 0x00,
    0x00, 0x00, 0x00, 0x00, 0x00, 0x00, 0x00, 0x00, 0x00, 0x00, 0x00, 0x00, 0x00, 0x00, 0x00, 0x00,
    0x00, 0x00, 0x00, 0x00, 0x00, 0x00, 0x00, 0x00, 0x00, 0x00, 0x00, 0x00, 0x00, 0x00, 0x00, 0x00,
    0x00, 0x00, 0x00, 0x00, 0x00, 0x00, 0x00, 0x00, 0x00, 0x00, 0x00, 0x00, 0x00, 0x00, 0x00, 0x00,
    0x00, 0x00, 0x00, 0x00, 0x00, 0x00, 0x00, 0x00, 0x00, 0x00, 0x00, 0x00, 0x00, 0x00, 0x00, 0x00,
    0x00, 0x00, 0x00, 0x00, 0x00, 0x00, 0x00, 0x00, 0x00, 0x00, 0x00, 0x00, 0x00, 0x00, 0x00, 0x00,
    0x00, 0x00, 0x00, 0x00, 0x00, 0x00, 0x00, 0x00, 0x00, 0x00, 0x00, 0x00, 0x00, 0x00, 0x00, 0x00,
    0x00, 0x00, 0x00, 0x00, 0x00, 0x00, 0x00, 0x00, 0x00, 0x00, 0x00, 0x00, 0x00, 0x00, 0x00, 0x00,
    0x00, 0x00, 0x00, 0x00, 0x00, 0x00, 0x00, 0x00, 0x00, 0x00, 0x00, 0x00, 0x00, 0x00, 0x00, 0x00,
    0x00, 0x00, 0x00, 0x00, 0x00, 0x00, 0x00, 0x00, 0x00, 0x00, 0x00, 0x00, 0x00, 0x00, 0x00, 0x00,
    0x00, 0x00, 0x00, 0x00, 0x00, 0x00, 0x00, 0x00, 0x00, 0x00, 0x00, 0x00, 0x00, 0x00, 0x00, 0x00,
    0x00, 0x00, 0x00, 0x00, 0x00, 0x00, 0x00, 0x00, 0x00, 0x00, 0x00, 0x00, 0x00, 0x00, 0x00, 0x00,
    0x00, 0x00, 0x00, 0x00, 0x00, 0x00, 0x00, 0x00, 0x00, 0x00, 0x00, 0x00, 0x00, 0x00, 0x00, 0x00,
    0x00, 0x00, 0x00, 0x00, 0x00, 0x00, 0x00, 0x00, 0x00, 0x00, 0x00, 0x00, 0x00, 0x00, 0x00, 0x00,
    0x00, 0x00, 0x00, 0x00, 0x00, 0x00, 0x00, 0x00, 0x00, 0x00, 0x00, 0x00, 0x00, 0x00, 0x00, 0x00,
    0x00, 0x00, 0x00, 0x00, 0x00, 0x00, 0x00, 0x00, 0x00, 0x00, 0x00, 0x00, 0x00, 0x00, 0x00, 0x00,
    0x00, 0x00, 0x00, 0x00, 0x00, 0x00, 0x00, 0x00, 0x00, 0x00, 0x00, 0x00, 0x00, 0x00, 0x00, 0x00,
    0x00, 0x00, 0x00, 0x00, 0x00, 0x00, 0x00, 0x00, 0x00, 0x00, 0x00, 0x00, 0x00, 0x00, 0x00, 0x00,
    0x00, 0x00, 0x00, 0x00, 0x00, 0x00, 0x00, 0x00, 0x00, 0x00, 0x00, 0x00, 0x00, 0x00, 0x00, 0x00,
    0x00, 0x00, 0x00, 0x00, 0x00, 0x00, 0x00, 0x00, 0x00, 0x00, 0x00, 0x00, 0x00, 0x00, 0x00, 0x00,
    0x00, 0x00, 0x00, 0x00, 0x00, 0x00, 0x00, 0x00, 0x00, 0x00, 0x00, 0x00, 0x00, 0x00, 0x00, 0x00,
    0x00, 0x00, 0x00, 0x00, 0x00, 0x00, 0x00, 0x00, 0x00, 0x00, 0x00, 0x00, 0x00, 0x00, 0x00, 0x00,
    0x00, 0x00, 0x00, 0x00, 0x00, 0x00, 0x00, 0x00, 0x00, 0x00, 0x00, 0x00, 0x00, 0x00, 0x00, 0x00,
    0x00, 0x00, 0x00, 0x00, 0x00, 0x00, 0x00, 0x00, 0x00, 0x00, 0x00, 0x00, 0x00, 0x00, 0x00, 0x00,
    0x00, 0x00, 0x00, 0x00, 0x00, 0x00, 0x00, 0x00, 0x00, 0x00, 0x00, 0x00, 0x00, 0x00, 0x00, 0x00,
    0x00, 0x00, 0x00, 0x00, 0x00, 0x00, 0x00, 0x00, 0x00, 0x00, 0x00, 0x00, 0x00, 0x00, 0x00, 0x00,
    0x00, 0x00, 0x00, 0x00, 0x00, 0x00, 0x00, 0x00, 0x00, 0x00, 0x00, 0x00, 0x00, 0x00, 0x00, 0x00,
    0x00, 0x00, 0x00, 0x00, 0x00, 0x00, 0x00, 0x00, 0x00, 0x00, 0x00, 0x00, 0x00, 0x00, 0x00, 0x00,
    0x00, 0x00, 0x00, 0x00, 0x00, 0x00, 0x00, 0x00, 0x00, 0x00, 0x00, 0x00, 0x00, 0x00, 0x00, 0x00,
    0x00, 0x00, 0x00, 0x00, 0x00, 0x00, 0x00, 0x00, 0x00, 0x00, 0x00, 0x00, 0x00, 0x00, 0x00, 0x00,
    0x00, 0x00, 0x00, 0x00, 0x00, 0x00, 0x00, 0x00, 0x00, 0x00, 0x00, 0x00, 0x00, 0x00, 0x00, 0x00,
    0x00, 0x00, 0x00, 0x00, 0x00, 0x00, 0x00, 0x00, 0x00, 0x00, 0x00, 0x00, 0x00, 0x00, 0x00, 0x00,
    0x00, 0x00, 0x00, 0x00, 0x00, 0x00, 0x00, 0x00, 0x00, 0x00, 0x00, 0x00, 0x00, 0x00, 0x00, 0x00,
    0x00, 0x00, 0x00, 0x00, 0x00, 0x00, 0x00, 0x00, 0x00, 0x00, 0x00, 0x00, 0x00, 0x00, 0x00, 0x00,
    0x00, 0x00, 0x00, 0x00, 0x00, 0x00, 0x00, 0x00, 0x00, 0x00, 0x00, 0x00, 0x00, 0x00, 0x00, 0x00,
    0x00, 0x00, 0x00, 0x00, 0x00, 0x00, 0x00, 0x00, 0x00, 0x00, 0x00, 0x00, 0x00, 0x00, 0x00, 0x00,
    0x00, 0x00, 0x00, 0x00, 0x00, 0x00, 0x00, 0x00, 0x00, 0x00, 0x00, 0x00, 0x00, 0x00, 0x00, 0x00,
    0x00, 0x00, 0x00, 0x00, 0x00, 0x00, 0x00, 0x00, 0x00, 0x00, 0x00, 0x00, 0x00, 0x00, 0x00, 0x00,
    0x00, 0x00, 0x00, 0x00, 0x00, 0x00, 0x00, 0x00, 0x00, 0x00, 0x00, 0x00, 0x00, 0x00, 0x00, 0x00,
    0x00, 0x00, 0x00, 0x00, 0x00, 0x00, 0x00, 0x00, 0x00, 0x00, 0x00, 0x00, 0x00, 0x00, 0x00, 0x00,
    0x00, 0x00, 0x00, 0x00, 0x00, 0x00, 0x00, 0x00, 0x00, 0x00, 0x00, 0x00, 0x00, 0x00, 0x00, 0x00,
    0x00, 0x00, 0x00, 0x00, 0x00, 0x00, 0x00, 0x00, 0x00, 0x00, 0x00, 0x00, 0x00, 0x00, 0x00, 0x00,
    0x00, 0x00, 0x00, 0x00, 0x00, 0x00, 0x00, 0x00, 0x00, 0x00, 0x00, 0x00, 0x00, 0x00, 0x00, 0x00,
    0x00, 0x00, 0x00, 0x00, 0x00, 0x00, 0x00, 0x00, 0x00, 0x00, 0x00, 0x00, 0x00, 0x00, 0x00, 0x00,
    0x00, 0x00, 0x00, 0x00, 0x00, 0x00, 0x00, 0x00, 0x00, 0x00, 0x00, 0x00, 0x00, 0x00, 0x00, 0x00,
    0x00, 0x00, 0x00, 0x00, 0x00, 0x00, 0x00, 0x00, 0x00, 0x00, 0x00, 0x00, 0x00, 0x00, 0x00, 0x00,
    0x00, 0x00, 0x00, 0x00, 0x00, 0x00, 0x00, 0x00, 0x00, 0x00, 0x00, 0x00, 0x00, 0x00, 0x00, 0x00,
    0x00, 0x00, 0x00, 0x00, 0x00, 0x00, 0x00, 0x00, 0x00, 0x00, 0x00, 0x00, 0x00, 0x00, 0x00, 0x00,
    0x00, 0x00, 0x00, 0x00, 0x00, 0x00, 0x00, 0x00, 0x00, 0x00, 0x00, 0x00, 0x00, 0x00, 0x00, 0x00,
    0x00, 0x00, 0x00, 0x00, 0x00, 0x00, 0x00, 0x00, 0x00, 0x00, 0x00, 0x00, 0x00, 0x00, 0x00, 0x00,
    0x00, 0x00, 0x00, 0x00, 0x00, 0x00, 0x00, 0x00, 0x00, 0x00, 0x00, 0x00, 0x00, 0x00, 0x00, 0x00,
    0x00, 0x00, 0x00, 0x00, 0x00, 0x00, 0x00, 0x00, 0x00, 0x00, 0x00, 0x00, 0x00, 0x00, 0x00, 0x00,
    0x00, 0x00, 0x00, 0x00, 0x00, 0x00, 0x00, 0x00, 0x00, 0x00, 0x00, 0x00, 0x00, 0x00, 0x00, 0x00,
    0x00, 0x00, 0x00, 0x00, 0x00, 0x00, 0x00, 0x00, 0x00, 0x00, 0x00, 0x00, 0x00, 0x00, 0x00, 0x00,
    0x00, 0x00, 0x00, 0x00, 0x00, 0x00, 0x00, 0x00, 0x00, 0x00, 0x00, 0x00, 0x00, 0x00, 0x00, 0x00,
    0x00, 0x00, 0x00, 0x00, 0x00, 0x00, 0x00, 0x00, 0x00, 0x00, 0x00, 0x00, 0x00, 0x00, 0x00, 0x00,
    0x00, 0x00, 0x00, 0x00, 0x00, 0x00, 0x00, 0x00, 0x00, 0x00, 0x00, 0x00, 0x00, 0x00, 0x00, 0x00,
    0x00, 0x00, 0x00, 0x00, 0x00, 0x00, 0x00, 0x00, 0x00, 0x00, 0x00, 0x00, 0x00, 0x00, 0x00, 0x00,
    0x00, 0x00, 0x00, 0x00, 0x00, 0x00, 0x00, 0x00, 0x00, 0x00, 0x00, 0x00, 0x00, 0x00, 0x00, 0x00,
    0x00, 0x00, 0x00, 0x00, 0x00, 0x00, 0x00, 0x00, 0x00, 0x00, 0x00, 0x00, 0x00, 0x00, 0x00, 0x00,
    0x00, 0x00, 0x00, 0x00, 0x00, 0x00, 0x00, 0x00, 0x00, 0x00, 0x00, 0x00, 0x00, 0x00, 0x00, 0x00,
    0x00, 0x00, 0x00, 0x00, 0x00, 0x00, 0x00, 0x00, 0x00, 0x00, 0x00, 0x00, 0x00, 0x00, 0x00, 0x00,
    0x00, 0x00, 0x00, 0x00, 0x00, 0x00, 0x00, 0x00, 0x00, 0x00, 0x00, 0x00, 0x00, 0x00, 0x00, 0x00,
    0x00, 0x00, 0x00, 0x00, 0x00, 0x00, 0x00, 0x00, 0x00, 0x00, 0x00, 0x00, 0x00, 0x00, 0x00, 0x00,
    0x00, 0x00, 0x00, 0x00, 0x00, 0x00, 0x00, 0x00, 0x00, 0x00, 0x00, 0x00, 0x00, 0x00, 0x00, 0x00,
    0x00, 0x00, 0x00, 0x00, 0x00, 0x00, 0x00, 0x00, 0x00, 0x00, 0x00, 0x00, 0x00, 0x00, 0x00, 0x00,
    0x00, 0x00, 0x00, 0x00, 0x00, 0x00, 0x00, 0x00, 0x00, 0x00, 0x00, 0x00, 0x00, 0x00, 0x00, 0x00,
    0x00, 0x00, 0x00, 0x00, 0x00, 0x00, 0x00, 0x00, 0x00, 0x00, 0x00, 0x00, 0x00, 0x00, 0x00, 0x00,
    0x00, 0x00, 0x00, 0x00, 0x00, 0x00, 0x00, 0x00, 0x00, 0x00, 0x00, 0x00, 0x00, 0x00, 0x00, 0x00,
    0x00, 0x00, 0x00, 0x00, 0x00, 0x00, 0x00, 0x00, 0x00, 0x00, 0x00, 0x00, 0x00, 0x00, 0x00, 0x00,
    0x00, 0x00, 0x00, 0x00, 0x00, 0x00, 0x00, 0x00, 0x00, 0x00, 0x00, 0x00, 0x00, 0x00, 0x00, 0x00,
    0x00, 0x00, 0x00, 0x00, 0x00, 0x00, 0x00, 0x00, 0x00, 0x00, 0x00, 0x00, 0x00, 0x00, 0x00, 0x00,
    0x00, 0x00, 0x00, 0x00, 0x00, 0x00, 0x00, 0x00, 0x00, 0x00, 0x00, 0x00, 0x00, 0x00, 0x00, 0x00,
    0x00, 0x00, 0x00, 0x00, 0x00, 0x00, 0x00, 0x00, 0x00, 0x00, 0x00, 0x00, 0x00, 0x00, 0x00, 0x00,
    0x00, 0x00, 0x00, 0x00, 0x00, 0x00, 0x00, 0x00, 0x00, 0x00, 0x00, 0x00, 0x00, 0x00, 0x00, 0x00,
    0x00, 0x00, 0x00, 0x00, 0x00, 0x00, 0x00, 0x00, 0x00, 0x00, 0x00, 0x00, 0x00, 0x00, 0x00, 0x00,
    0x00, 0x00, 0x00, 0x00, 0x00, 0x00, 0x00, 0x00, 0x00, 0x00, 0x00, 0x00, 0x00, 0x00, 0x00, 0x00,
    0x00, 0x00, 0x00, 0x00, 0x00, 0x00, 0x00, 0x00, 0x00, 0x00, 0x00, 0x00, 0x00, 0x00, 0x00, 0x00,
    0x00, 0x00, 0x00, 0x00, 0x00, 0x00, 0x00, 0x00, 0x00, 0x00, 0x00, 0x00, 0x00, 0x00, 0x00, 0x00,
    0x00, 0x00, 0x00, 0x00, 0x00, 0x00, 0x00, 0x00, 0x00, 0x00, 0x00, 0x00, 0x00, 0x00, 0x00, 0x00,
    0x00, 0x00, 0x00, 0x00, 0x00, 0x00, 0x00, 0x00, 0x00, 0x00, 0x00, 0x00, 0x00, 0x00, 0x00, 0x00,
    0x00, 0x00, 0x00, 0x00, 0x00, 0x00, 0x00, 0x00, 0x00, 0x00, 0x00, 0x00, 0x00, 0x00, 0x00, 0x00,
    0x00, 0x00, 0x00, 0x00, 0x00, 0x00, 0x00, 0x00, 0x00, 0x00, 0x00, 0x00, 0x00, 0x00, 0x00, 0x00,
    0x00, 0x00, 0x00, 0x00, 0x00, 0x00, 0x00, 0x00, 0x00, 0x00, 0x00, 0x00, 0x00, 0x00, 0x00, 0x00,
    0x00, 0x00, 0x00, 0x00, 0x00, 0x00, 0x00, 0x00, 0x00, 0x00, 0x00, 0x00, 0x00, 0x00, 0x00, 0x00,
    0x00, 0x00, 0x00, 0x00, 0x00, 0x00, 0x00, 0x00, 0x00, 0x00, 0x00, 0x00, 0x00, 0x00, 0x00, 0x00,
    0x00, 0x00, 0x00, 0x00, 0x00, 0x00, 0x00, 0x00, 0x00, 0x00, 0x00, 0x00, 0x00, 0x00, 0x00, 0x00,
    0x00, 0x00, 0x00, 0x00, 0x00, 0x00, 0x00, 0x00, 0x00, 0x00, 0x00, 0x00, 0x00, 0x00, 0x00, 0x00,
    0x00, 0x00, 0x00, 0x00, 0x00, 0x00, 0x00, 0x00, 0x00, 0x00, 0x00, 0x00, 0x00, 0x00, 0x00, 0x00,
    0x00, 0x00, 0x00, 0x00, 0x00, 0x00, 0x00, 0x00, 0x00, 0x00, 0x00, 0x00, 0x00, 0x00, 0x00, 0x00,
    0x00, 0x00, 0x00, 0x00, 0x00, 0x00, 0x00, 0x00, 0x00, 0x00, 0x00, 0x00, 0x00, 0x00, 0x00, 0x00,
    0x00, 0x00, 0x00, 0x00, 0x00, 0x00, 0x00, 0x00, 0x00, 0x00, 0x00, 0x00, 0x00, 0x00, 0x00, 0x00,
    0x00, 0x00, 0x00, 0x00, 0x00, 0x00, 0x00, 0x00, 0x00, 0x00, 0x00, 0x00, 0x00, 0x00, 0x00, 0x00,
    0x00, 0x00, 0x00, 0x00, 0x00, 0x00, 0x00, 0x00, 0x00, 0x00, 0x00, 0x00, 0x00, 0x00, 0x00, 0x00,
    0x00, 0x00, 0x00, 0x00, 0x00, 0x00, 0x00, 0x00, 0x00, 0x00, 0x00, 0x00, 0x00, 0x00, 0x00, 0x00,
    0x00, 0x00, 0x00, 0x00, 0x00, 0x00, 0x00, 0x00, 0x00, 0x00, 0x00, 0x00, 0x00, 0x00, 0x00, 0x00,
    0x00, 0x00, 0x00, 0x00, 0x00, 0x00, 0x00, 0x00, 0x00, 0x00, 0x00, 0x00, 0x00, 0x00, 0x00, 0x00,
    0x00, 0x00, 0x00, 0x00, 0x00, 0x00, 0x00, 0x00, 0x00, 0x00, 0x00, 0x00, 0x00, 0x00, 0x00, 0x00,
    0x00, 0x00, 0x00, 0x00, 0x00, 0x00, 0x00, 0x00, 0x00, 0x00, 0x00, 0x00, 0x00, 0x00, 0x00, 0x00,
    0x00, 0x00, 0x00, 0x00, 0x00, 0x00, 0x00, 0x00, 0x00, 0x00, 0x00, 0x00, 0x00, 0x00, 0x00, 0x00,
    0x00, 0x00, 0x00, 0x00, 0x00, 0x00, 0x00, 0x00, 0x00, 0x00, 0x00, 0x00, 0x00, 0x00, 0x00, 0x00,
    0x00, 0x00, 0x00, 0x00, 0x00, 0x00, 0x00, 0x00, 0x00, 0x00, 0x00, 0x00, 0x00, 0x00, 0x00, 0x00,
    0x00, 0x00, 0x00, 0x00, 0x00, 0x00, 0x00, 0x00, 0x00, 0x00, 0x00, 0x00, 0x00, 0x00, 0x00, 0x00,
    0x00, 0x00, 0x00, 0x00, 0x00, 0x00, 0x00, 0x00, 0x00, 0x00, 0x00, 0x00, 0x00, 0x00, 0x00, 0x00,
    0x00, 0x00, 0x00, 0x00, 0x00, 0x00, 0x00, 0x00, 0x00, 0x00, 0x00, 0x00, 0x00, 0x00, 0x00, 0x00,
    0x00, 0x00, 0x00, 0x00, 0x00, 0x00, 0x00, 0x00, 0x00, 0x00, 0x00, 0x00, 0x00, 0x00, 0x00, 0x00,
    0x00, 0x00, 0x00, 0x00, 0x00, 0x00, 0x00, 0x00, 0x00, 0x00, 0x00, 0x00, 0x00, 0x00, 0x00, 0x00,
    0x00, 0x00, 0x00, 0x00, 0x00, 0x00, 0x00, 0x00, 0x00, 0x00, 0x00, 0x00, 0x00, 0x00, 0x00, 0x00,
    0x00, 0x00, 0x00, 0x00, 0x00, 0x00, 0x00, 0x00, 0x00, 0x00, 0x00, 0x00, 0x00, 0x00, 0x00, 0x00,
    0x00, 0x00, 0x00, 0x00, 0x00, 0x00, 0x00, 0x00, 0x00, 0x00, 0x00, 0x00, 0x00, 0x00, 0x00, 0x00,
    0x00, 0x00, 0x00, 0x00, 0x00, 0x00, 0x00, 0x00, 0x00, 0x00, 0x00, 0x00, 0x00, 0x00, 0x00, 0x00,
    0x00, 0x00, 0x00, 0x00, 0x00, 0x00, 0x00, 0x00, 0x00, 0x00, 0x00, 0x00, 0x00, 0x00, 0x00, 0x00,
    0x00, 0x00, 0x00, 0x00, 0x00, 0x00, 0x00, 0x00, 0x00, 0x00, 0x00, 0x00, 0x00, 0x00, 0x00, 0x00,
    0x00, 0x00, 0x00, 0x00, 0x00, 0x00, 0x00, 0x00, 0x00, 0x00, 0x00, 0x00, 0x00, 0x00, 0x00, 0x00,
    0x00, 0x00, 0x00, 0x00, 0x00, 0x00, 0x00, 0x00, 0x00, 0x00, 0x00, 0x00, 0x00, 0x00, 0x00, 0x00,
    0x00, 0x00, 0x00, 0x00, 0x00, 0x00, 0x00, 0x00, 0x00, 0x00, 0x00, 0x00, 0x00, 0x00, 0x00, 0x00,
    0x00, 0x00, 0x00, 0x00, 0x00, 0x00, 0x00, 0x00, 0x00, 0x00, 0x00, 0x00, 0x00, 0x00, 0x00, 0x00,
    0x00, 0x00, 0x00, 0x00, 0x00, 0x00, 0x00, 0x00, 0x00, 0x00, 0x00, 0x00, 0x00, 0x00, 0x00, 0x00,
    0x00, 0x00, 0x00, 0x00, 0x00, 0x00, 0x00, 0x00, 0x00, 0x00, 0x00, 0x00, 0x00, 0x00, 0x00, 0x00,
    0x00, 0x00, 0x00, 0x00, 0x00, 0x00, 0x00, 0x00, 0x00, 0x00, 0x00, 0x00, 0x00, 0x00, 0x00, 0x00,
    0x00, 0x00, 0x00, 0x00, 0x00, 0x00, 0x00, 0x00, 0x00, 0x00, 0x00, 0x00, 0x00, 0x00, 0x00, 0x00,
    0x00, 0x00, 0x00, 0x00, 0x00, 0x00, 0x00, 0x00, 0x00, 0x00, 0x00, 0x00, 0x00, 0x00, 0x00, 0x00,
    0x00, 0x00, 0x00, 0x00, 0x00, 0x00, 0x00, 0x00, 0x00, 0x00, 0x00, 0x00, 0x00, 0x00, 0x00, 0x00,
    0x00, 0x00, 0x00, 0x00, 0x00, 0x00, 0x00, 0x00, 0x00, 0x00, 0x00, 0x00, 0x00, 0x00, 0x00, 0x00,
    0x00, 0x00, 0x00, 0x00, 0x00, 0x00, 0x00, 0x00, 0x00, 0x00, 0x00, 0x00, 0x00, 0x00, 0x00, 0x00,
    0x00, 0x00, 0x00, 0x00, 0x00, 0x00, 0x00, 0x00, 0x00, 0x00, 0x00, 0x00, 0x00, 0x00, 0x00, 0x00,
    0x00, 0x00, 0x00, 0x00, 0x00, 0x00, 0x00, 0x00, 0x00, 0x00, 0x00, 0x00, 0x00, 0x00, 0x00, 0x00,
    0x00, 0x00, 0x00, 0x00, 0x00, 0x00, 0x00, 0x00, 0x00, 0x00, 0x00, 0x00, 0x00, 0x00, 0x00, 0x00,
    0x00, 0x00, 0x00, 0x00, 0x00, 0x00, 0x00, 0x00, 0x00, 0x00, 0x00, 0x00, 0x00, 0x00, 0x00, 0x00,
    0x00, 0x00, 0x00, 0x00, 0x00, 0x00, 0x00, 0x00, 0x00, 0x00, 0x00, 0x00, 0x00, 0x00, 0x00, 0x00,
    0x00, 0x00, 0x00, 0x00, 0x00, 0x00, 0x00, 0x00, 0x00, 0x00, 0x00, 0x00, 0x00, 0x00, 0x00, 0x00,
    0x00, 0x00, 0x00, 0x00, 0x00, 0x00, 0x00, 0x00, 0x00, 0x00, 0x00, 0x00, 0x00, 0x00, 0x00, 0x00,
    0x00, 0x00, 0x00, 0x00, 0x00, 0x00, 0x00, 0x00, 0x00, 0x00, 0x00, 0x00, 0x00, 0x00, 0x00, 0x00,
    0x00, 0x00, 0x00, 0x00, 0x00, 0x00, 0x00, 0x00, 0x00, 0x00, 0x00, 0x00, 0x00, 0x00, 0x00, 0x00,
    0x00, 0x00, 0x00, 0x00, 0x00, 0x00, 0x00, 0x00, 0x00, 0x00, 0x00, 0x00, 0x00, 0x00, 0x00, 0x00,
    0x00, 0x00, 0x00, 0x00, 0x00, 0x00, 0x00, 0x00, 0x00, 0x00, 0x00, 0x00, 0x00, 0x00, 0x00, 0x00,
    0x00, 0x00, 0x00, 0x00, 0x00, 0x00, 0x00, 0x00, 0x00, 0x00, 0x00, 0x00, 0x00, 0x00, 0x00, 0x00,
    0x00, 0x00, 0x00, 0x00, 0x00, 0x00, 0x00, 0x00, 0x00, 0x00, 0x00, 0x00, 0x00, 0x00, 0x00, 0x00,
    0x00, 0x00, 0x00, 0x00, 0x00, 0x00, 0x00, 0x00, 0x00, 0x00, 0x00, 0x00, 0x00, 0x00, 0x00, 0x00,
    0x00, 0x00, 0x00, 0x00, 0x00, 0x00, 0x00, 0x00, 0x00, 0x00, 0x00, 0x00, 0x00, 0x00, 0x00, 0x00,
    0x00, 0x00, 0x00, 0x00, 0x00, 0x00, 0x00, 0x00, 0x00, 0x00, 0x00, 0x00, 0x00, 0x00, 0x00, 0x00,
    0x00, 0x00, 0x00, 0x00, 0x00, 0x00, 0x00, 0x00, 0x00, 0x00, 0x00, 0x00, 0x00, 0x00, 0x00, 0x00,
    0x00, 0x00, 0x00, 0x00, 0x00, 0x00, 0x00, 0x00, 0x00, 0x00, 0x00, 0x00, 0x00, 0x00, 0x00, 0x00,
    0x00, 0x00, 0x00, 0x00, 0x00, 0x00, 0x00, 0x00, 0x00, 0x00, 0x00, 0x00, 0x00, 0x00, 0x00, 0x00,
    0x00, 0x00, 0x00, 0x00, 0x00, 0x00, 0x00, 0x00, 0x00, 0x00, 0x00, 0x00, 0x00, 0x00, 0x00, 0x00,
    0x00, 0x00, 0x00, 0x00, 0x00, 0x00, 0x00, 0x00, 0x00, 0x00, 0x00, 0x00, 0x00, 0x00, 0x00, 0x00,
    0x00, 0x00, 0x00, 0x00, 0x00, 0x00, 0x00, 0x00, 0x00, 0x00, 0x00, 0x00, 0x00, 0x00, 0x00, 0x00,
    0x00, 0x00, 0x00, 0x00, 0x00, 0x00, 0x00, 0x00, 0x00, 0x00, 0x00, 0x00, 0x00, 0x00, 0x00, 0x00,
    0x00, 0x00, 0x00, 0x00, 0x00, 0x00, 0x00, 0x00, 0x00, 0x00, 0x00, 0x00, 0x00, 0x00, 0x00, 0x00,
    0x00, 0x00, 0x00, 0x00, 0x00, 0x00, 0x00, 0x00, 0x00, 0x00, 0x00, 0x00, 0x00, 0x00, 0x00, 0x00,
    0x00, 0x00, 0x00, 0x00, 0x00, 0x00, 0x00, 0x00, 0x00, 0x00, 0x00, 0x00, 0x00, 0x00, 0x00, 0x00,
    0x00, 0x00, 0x00, 0x00, 0x00, 0x00, 0x00, 0x00, 0x00, 0x00, 0x00, 0x00, 0x00, 0x00, 0x00, 0x00,
    0x00, 0x00, 0x00, 0x00, 0x00, 0x00, 0x00, 0x00, 0x00, 0x00, 0x00, 0x00, 0x00, 0x00, 0x00, 0x00,
    0x00, 0x00, 0x00, 0x00, 0x00, 0x00, 0x00, 0x00, 0x00, 0x00, 0x00, 0x00, 0x00, 0x00, 0x00, 0x00,
    0x00, 0x00, 0x00, 0x00, 0x00, 0x00, 0x00, 0x00, 0x00, 0x00, 0x00, 0x00, 0x00, 0x00, 0x00, 0x00,
    0x00, 0x00, 0x00, 0x00, 0x00, 0x00, 0x00, 0x00, 0x00, 0x00, 0x00, 0x00, 0x00, 0x00, 0x00, 0x00,
    0x00, 0x00, 0x00, 0x00, 0x00, 0x00, 0x00, 0x00, 0x00, 0x00, 0x00, 0x00, 0x00, 0x00, 0x00, 0x00,
    0x00, 0x00, 0x00, 0x00, 0x00, 0x00, 0x00, 0x00, 0x00, 0x00, 0x00, 0x00, 0x00, 0x00, 0x00, 0x00,
    0x00, 0x00, 0x00, 0x00, 0x00, 0x00, 0x00, 0x00, 0x00, 0x00, 0x00, 0x00, 0x00, 0x00, 0x00, 0x00,
    0x00, 0x00, 0x00, 0x00, 0x00, 0x00, 0x00, 0x00, 0x00, 0x00, 0x00, 0x00, 0x00, 0x00, 0x00, 0x00,
    0x00, 0x00, 0x00, 0x00, 0x00, 0x00, 0x00, 0x00, 0x00, 0x00, 0x00, 0x00, 0x00, 0x00, 0x00, 0x00,
    0x00, 0x00, 0x00, 0x00, 0x00, 0x00, 0x00, 0x00, 0x00, 0x00, 0x00, 0x00, 0x00, 0x00, 0x00, 0x00,
    0x00, 0x00, 0x00, 0x00, 0x00, 0x00, 0x00, 0x00, 0x00, 0x00, 0x00, 0x00, 0x00, 0x00, 0x00, 0x00,
    0x00, 0x00, 0x00, 0x00, 0x00, 0x00, 0x00, 0x00, 0x00, 0x00, 0x00, 0x00, 0x00, 0x00, 0x00, 0x00,
    0x00, 0x00, 0x00, 0x00, 0x00, 0x00, 0x00, 0x00, 0x00, 0x00, 0x00, 0x00, 0x00, 0x00, 0x00, 0x00,
    0x00, 0x00, 0x00, 0x00, 0x00, 0x00, 0x00, 0x00, 0x00, 0x00, 0x00, 0x00, 0x00, 0x00, 0x00, 0x00,
    0x00, 0x00, 0x00, 0x00, 0x00, 0x00, 0x00, 0x00, 0x00, 0x00, 0x00, 0x00, 0x00, 0x00, 0x00, 0x00,
    0x00, 0x00, 0x00, 0x00, 0x00, 0x00, 0x00, 0x00, 0x00, 0x00, 0x00, 0x00, 0x00, 0x00, 0x00, 0x00,
    0x00, 0x00, 0x00, 0x00, 0x00, 0x00, 0x00, 0x00, 0x00, 0x00, 0x00, 0x00, 0x00, 0x00, 0x00, 0x00,
    0x00, 0x00, 0x00, 0x00, 0x00, 0x00, 0x00, 0x00, 0x00, 0x00, 0x00, 0x00, 0x00, 0x00, 0x00, 0x00,
    0x00, 0x00, 0x00, 0x00, 0x00, 0x00, 0x00, 0x00, 0x00, 0x00, 0x00, 0x00, 0x00, 0x00, 0x00, 0x00,
    0x00, 0x00, 0x00, 0x00, 0x00, 0x00, 0x00, 0x00, 0x00, 0x00, 0x00, 0x00, 0x00, 0x00, 0x00, 0x00,
    0x00, 0x00, 0x00, 0x00, 0x00, 0x00, 0x00, 0x00, 0x00, 0x00, 0x00, 0x00, 0x00, 0x00, 0x00, 0x00,
    0x00, 0x00, 0x00, 0x00, 0x00, 0x00, 0x00, 0x00, 0x00, 0x00, 0x00, 0x00, 0x00, 0x00, 0x00, 0x00,
    0x00, 0x00, 0x00, 0x00, 0x00, 0x00, 0x00, 0x00, 0x00, 0x00, 0x00, 0x00, 0x00, 0x00, 0x00, 0x00,
    0x00, 0x00, 0x00, 0x00, 0x00, 0x00, 0x00, 0x00, 0x00, 0x00, 0x00, 0x00, 0x00, 0x00, 0x00, 0x00,
    0x00, 0x00, 0x00, 0x00, 0x00, 0x00, 0x00, 0x00, 0x00, 0x00, 0x00, 0x00, 0x00, 0x00, 0x00, 0x00,
    0x00, 0x00, 0x00, 0x00, 0x00, 0x00, 0x00, 0x00, 0x00, 0x00, 0x00, 0x00, 0x00, 0x00, 0x00, 0x00,
    0x00, 0x00, 0x00, 0x00, 0x00, 0x00, 0x00, 0x00, 0x00, 0x00, 0x00, 0x00, 0x00, 0x00, 0x00, 0x00,
    0x00, 0x00, 0x00, 0x00, 0x00, 0x00, 0x00, 0x00, 0x00, 0x00, 0x00, 0x00, 0x00, 0x00, 0x00, 0x00,
    0x00, 0x00, 0x00, 0x00, 0x00, 0x00, 0x00, 0x00, 0x00, 0x00, 0x00, 0x00, 0x00, 0x00, 0x00, 0x00,
    0x00, 0x00, 0x00, 0x00, 0x00, 0x00, 0x00, 0x00, 0x00, 0x00, 0x00, 0x00, 0x00, 0x00, 0x00, 0x00,
    0x00, 0x00, 0x00, 0x00, 0x00, 0x00, 0x00, 0x00, 0x00, 0x00, 0x00, 0x00, 0x00, 0x00, 0x00, 0x00,
    0x00, 0x00, 0x00, 0x00, 0x00, 0x00, 0x00, 0x00, 0x00, 0x00, 0x00, 0x00, 0x00, 0x00, 0x00, 0x00,
    0x00, 0x00, 0x00, 0x00, 0x00, 0x00, 0x00, 0x00, 0x00, 0x00, 0x00, 0x00, 0x00, 0x00, 0x00, 0x00,
    0x00, 0x00, 0x00, 0x00, 0x00, 0x00, 0x00, 0x00, 0x00, 0x00, 0x00, 0x00, 0x00, 0x00, 0x00, 0x00,
    0x00, 0x00, 0x00, 0x00, 0x00, 0x00, 0x00, 0x00, 0x00, 0x00, 0x00, 0x00, 0x00, 0x00, 0x00, 0x00,
    0x00, 0x00, 0x00, 0x00, 0x00, 0x00, 0x00, 0x00, 0x00, 0x00, 0x00, 0x00, 0x00, 0x00, 0x00, 0x00,
    0x00, 0x00, 0x00, 0x00, 0x00, 0x00, 0x00, 0x00, 0x00, 0x00, 0x00, 0x00, 0x00, 0x00, 0x00, 0x00,
    0x00, 0x00, 0x00, 0x00, 0x00, 0x00, 0x00, 0x00, 0x00, 0x00, 0x00, 0x00, 0x00, 0x00, 0x00, 0x00,
    0x00, 0x00, 0x00, 0x00, 0x00, 0x00, 0x00, 0x00, 0x00, 0x00, 0x00, 0x00, 0x00, 0x00, 0x00, 0x00,
    0x00, 0x00, 0x00, 0x00, 0x00, 0x00, 0x00, 0x00, 0x00, 0x00, 0x00, 0x00, 0x00, 0x00, 0x00, 0x00,
    0x00, 0x00, 0x00, 0x00, 0x00, 0x00, 0x00, 0x00, 0x00, 0x00, 0x00, 0x00, 0x00, 0x00, 0x00, 0x00,
    0x00, 0x00, 0x00, 0x00, 0x00, 0x00, 0x00, 0x00, 0x00, 0x00, 0x00, 0x00, 0x00, 0x00, 0x00, 0x00,
    0x00, 0x00, 0x00, 0x00, 0x00, 0x00, 0x00, 0x00, 0x00, 0x00, 0x00, 0x00, 0x00, 0x00, 0x00, 0x00,
    0x00, 0x00, 0x00, 0x00, 0x00, 0x00, 0x00, 0x00, 0x00, 0x00, 0x00, 0x00, 0x00, 0x00, 0x00, 0x00,
    0x00, 0x00, 0x00, 0x00, 0x00, 0x00, 0x00, 0x00, 0x00, 0x00, 0x00, 0x00, 0x00, 0x00, 0x00, 0x00,
    0x00, 0x00, 0x00, 0x00, 0x00, 0x00, 0x00, 0x00, 0x00, 0x00, 0x00, 0x00, 0x00, 0x00, 0x00, 0x00,
    0x00, 0x00, 0x00, 0x00, 0x00, 0x00, 0x00, 0x00, 0x00, 0x00, 0x00, 0x00, 0x00, 0x00, 0x00, 0x00,
    0x00, 0x00, 0x00, 0x00, 0x00, 0x00, 0x00, 0x00, 0x00, 0x00, 0x00, 0x00, 0x00, 0x00, 0x00, 0x00,
    0x00, 0x00, 0x00, 0x00, 0x00, 0x00, 0x00, 0x00, 0x00, 0x00, 0x00, 0x00, 0x00, 0x00, 0x00, 0x00,
    0x00, 0x00, 0x00, 0x00, 0x00, 0x00, 0x00, 0x00, 0x00, 0x00, 0x00, 0x00, 0x00, 0x00, 0x00, 0x00,
    0x00, 0x00, 0x00, 0x00, 0x00, 0x00, 0x00, 0x00, 0x00, 0x00, 0x00, 0x00, 0x00, 0x00, 0x00, 0x00,
    0x00, 0x00, 0x00, 0x00, 0x00, 0x00, 0x00, 0x00, 0x00, 0x00, 0x00, 0x00, 0x00, 0x00, 0x00, 0x00,
    0x00, 0x00, 0x00, 0x00, 0x00, 0x00, 0x00, 0x00, 0x00, 0x00, 0x00, 0x00, 0x00, 0x00, 0x00, 0x00,
    0x00, 0x00, 0x00, 0x00, 0x00, 0x00, 0x00, 0x00, 0x00, 0x00, 0x00, 0x00, 0x00, 0x00, 0x00, 0x00,
    0x00, 0x00, 0x00, 0x00, 0x00, 0x00, 0x00, 0x00, 0x00, 0x00, 0x00, 0x00, 0x00, 0x00, 0x00, 0x00,
    0x00, 0x00, 0x00, 0x00, 0x00, 0x00, 0x00, 0x00, 0x00, 0x00, 0x00, 0x00, 0x00, 0x00, 0x00, 0x00,
    0x00, 0x00, 0x00, 0x00, 0x00, 0x00, 0x00, 0x00, 0x00, 0x00, 0x00, 0x00, 0x00, 0x00, 0x00, 0x00,
    0x00, 0x00, 0x00, 0x00, 0x00, 0x00, 0x00, 0x00, 0x00, 0x00, 0x00, 0x00, 0x00, 0x00, 0x00, 0x00,
    0x00, 0x00, 0x00, 0x00, 0x00, 0x00, 0x00, 0x00, 0x00, 0x00, 0x00, 0x00, 0x00, 0x00, 0x00, 0x00,
    0x00, 0x00, 0x00, 0x00, 0x00, 0x00, 0x00, 0x00, 0x00, 0x00, 0x00, 0x00, 0x00, 0x00, 0x00, 0x00,
    0x00, 0x00, 0x00, 0x00, 0x00, 0x00, 0x00, 0x00, 0x00, 0x00, 0x00, 0x00, 0x00, 0x00, 0x00, 0x00,
    0x00, 0x00, 0x00, 0x00, 0x00, 0x00, 0x00, 0x00, 0x00, 0x00, 0x00, 0x00, 0x00, 0x00, 0x00, 0x00,
    0x00, 0x00, 0x00, 0x00, 0x00, 0x00, 0x00, 0x00, 0x00, 0x00, 0x00, 0x00, 0x00, 0x00, 0x00, 0x00,
    0x00, 0x00, 0x00, 0x00, 0x00, 0x00, 0x00, 0x00, 0x00, 0x00, 0x00, 0x00, 0x00, 0x00, 0x00, 0x00,
    0x00, 0x00, 0x00, 0x00, 0x00, 0x00, 0x00, 0x00, 0x00, 0x00, 0x00, 0x00, 0x00, 0x00, 0x00, 0x00,
    0x00, 0x00, 0x00, 0x00, 0x00, 0x00, 0x00, 0x00, 0x00, 0x00, 0x00, 0x00, 0x00, 0x00, 0x00, 0x00,
    0x00, 0x00, 0x00, 0x00, 0x00, 0x00, 0x00, 0x00, 0x00, 0x00, 0x00, 0x00, 0x00, 0x00, 0x00, 0x00,
    0x00, 0x00, 0x00, 0x00, 0x00, 0x00, 0x00, 0x00, 0x00, 0x00, 0x00, 0x00, 0x00, 0x00, 0x00, 0x00,
    0x00, 0x00, 0x00, 0x00, 0x00, 0x00, 0x00, 0x00, 0x00, 0x00, 0x00, 0x00, 0x00, 0x00, 0x00, 0x00,
    0x00, 0x00, 0x00, 0x00, 0x00, 0x00, 0x00, 0x00, 0x00, 0x00, 0x00, 0x00, 0x00, 0x00, 0x00, 0x00,
    0x00, 0x00, 0x00, 0x00, 0x00, 0x00, 0x00, 0x00, 0x00, 0x00, 0x00, 0x00, 0x00, 0x00, 0x00, 0x00,
    0x00, 0x00, 0x00, 0x00, 0x00, 0x00, 0x00, 0x00, 0x00, 0x00, 0x00, 0x00, 0x00, 0x00, 0x00, 0x00,
    0x00, 0x00, 0x00, 0x00, 0x00, 0x00, 0x00, 0x00, 0x00, 0x00, 0x00, 0x00, 0x00, 0x00, 0x00, 0x00,
    0x00, 0x00, 0x00, 0x00, 0x00, 0x00, 0x00, 0x00, 0x00, 0x00, 0x00, 0x00, 0x00, 0x00, 0x00, 0x00,
    0x00, 0x00, 0x00, 0x00, 0x00, 0x00, 0x00, 0x00, 0x00, 0x00, 0x00, 0x00, 0x00, 0x00, 0x00, 0x00,
    0x00, 0x00, 0x00, 0x00, 0x00, 0x00, 0x00, 0x00, 0x00, 0x00, 0x00, 0x00, 0x00, 0x00, 0x00, 0x00,
    0x00, 0x00, 0x00, 0x00, 0x00, 0x00, 0x00, 0x00, 0x00, 0x00, 0x00, 0x00, 0x00, 0x00, 0x00, 0x00,
    0x00, 0x00, 0x00, 0x00, 0x00, 0x00, 0x00, 0x00, 0x00, 0x00, 0x00, 0x00, 0x00, 0x00, 0x00, 0x00,
    0x00, 0x00, 0x00, 0x00, 0x00, 0x00, 0x00, 0x00, 0x00, 0x00, 0x00, 0x00, 0x00, 0x00, 0x00, 0x00,
    0x00, 0x00, 0x00, 0x00, 0x00, 0x00, 0x00, 0x00, 0x00, 0x00, 0x00, 0x00, 0x00, 0x00, 0x00, 0x00,
    0x00, 0x00, 0x00, 0x00, 0x00, 0x00, 0x00, 0x00, 0x00, 0x00, 0x00, 0x00, 0x00, 0x00, 0x00, 0x00,
    0x00, 0x00, 0x00, 0x00, 0x00, 0x00, 0x00, 0x00, 0x00, 0x00, 0x00, 0x00, 0x00, 0x00, 0x00, 0x00,
    0x00, 0x00, 0x00, 0x00, 0x00, 0x00, 0x00, 0x00, 0x00, 0x00, 0x00, 0x00, 0x00, 0x00, 0x00, 0x00,
    0x00, 0x00, 0x00, 0x00, 0x00, 0x00, 0x00, 0x00, 0x00, 0x00, 0x00, 0x00, 0x00, 0x00, 0x00, 0x00,
    0x00, 0x00, 0x00, 0x00, 0x00, 0x00, 0x00, 0x00, 0x00, 0x00, 0x00, 0x00, 0x00, 0x00, 0x00, 0x00,
    0x00, 0x00, 0x00, 0x00, 0x00, 0x00, 0x00, 0x00, 0x00, 0x00, 0x00, 0x00, 0x00, 0x00, 0x00, 0x00,
    0x00, 0x00, 0x00, 0x00, 0x00, 0x00, 0x00, 0x00, 0x00, 0x00, 0x00, 0x00, 0x00, 0x00, 0x00, 0x00,
    0x00, 0x00, 0x00, 0x00, 0x00, 0x00, 0x00, 0x00, 0x00, 0x00, 0x00, 0x00, 0x00, 0x00, 0x00, 0x00,
    0x00, 0x00, 0x00, 0x00, 0x00, 0x00, 0x00, 0x00, 0x00, 0x00, 0x00, 0x00, 0x00, 0x00, 0x00, 0x00,
    0x00, 0x00, 0x00, 0x00, 0x00, 0x00, 0x00, 0x00, 0x00, 0x00, 0x00, 0x00, 0x00, 0x00, 0x00, 0x00,
    0x00, 0x00, 0x00, 0x00, 0x00, 0x00, 0x00, 0x00, 0x00, 0x00, 0x00, 0x00, 0x00, 0x00, 0x00, 0x00,
    0x00, 0x00, 0x00, 0x00, 0x00, 0x00, 0x00, 0x00, 0x00, 0x00, 0x00, 0x00, 0x00, 0x00, 0x00, 0x00,
    0x00, 0x00, 0x00, 0x00, 0x00, 0x00, 0x00, 0x00, 0x00, 0x00, 0x00, 0x00, 0x00, 0x00, 0x00, 0x00,
    0x00, 0x00, 0x00, 0x00, 0x00, 0x00, 0x00, 0x00, 0x00, 0x00, 0x00, 0x00, 0x00, 0x00, 0x00, 0x00,
    0x00, 0x00, 0x00, 0x00, 0x00, 0x00, 0x00, 0x00, 0x00, 0x00, 0x00, 0x00, 0x00, 0x00, 0x00, 0x00,
    0x00, 0x00, 0x00, 0x00, 0x00, 0x00, 0x00, 0x00, 0x00, 0x00, 0x00, 0x00, 0x00, 0x00, 0x00, 0x00,
    0x00, 0x00, 0x00, 0x00, 0x00, 0x00, 0x00, 0x00, 0x00, 0x00, 0x00, 0x00, 0x00, 0x00, 0x00, 0x00,
    0x00, 0x00, 0x00, 0x00, 0x00, 0x00, 0x00, 0x00, 0x00, 0x00, 0x00, 0x00, 0x00, 0x00, 0x00, 0x00,
    0x00, 0x00, 0x00, 0x00, 0x00, 0x00, 0x00, 0x00, 0x00, 0x00, 0x00, 0x00, 0x00, 0x00, 0x00, 0x00,
    0x00, 0x00, 0x00, 0x00, 0x00, 0x00, 0x00, 0x00, 0x00, 0x00, 0x00, 0x00, 0x00, 0x00, 0x00, 0x00,
    0x00, 0x00, 0x00, 0x00, 0x00, 0x00, 0x00, 0x00, 0x00, 0x00, 0x00, 0x00, 0x00, 0x00, 0x00, 0x00,
    0x00, 0x00, 0x00, 0x00, 0x00, 0x00, 0x00, 0x00, 0x00, 0x00, 0x00, 0x00, 0x00, 0x00, 0x00, 0x00,
    0x00, 0x00, 0x00, 0x00, 0x00, 0x00, 0x00, 0x00, 0x00, 0x00, 0x00, 0x00, 0x00, 0x00, 0x00, 0x00,
    0x00, 0x00, 0x00, 0x00, 0x00, 0x00, 0x00, 0x00, 0x00, 0x00, 0x00, 0x00, 0x00, 0x00, 0x00, 0x00,
    0x00, 0x00, 0x00, 0x00, 0x00, 0x00, 0x00, 0x00, 0x00, 0x00, 0x00, 0x00, 0x00, 0x00, 0x00, 0x00,
    0x00, 0x00, 0x00, 0x00, 0x00, 0x00, 0x00, 0x00, 0x00, 0x00, 0x00, 0x00, 0x00, 0x00, 0x00, 0x00,
    0x00, 0x00, 0x00, 0x00, 0x00, 0x00, 0x00, 0x00, 0x00, 0x00, 0x00, 0x00, 0x00, 0x00, 0x00, 0x00,
    0x00, 0x00, 0x00, 0x00, 0x00, 0x00, 0x00, 0x00, 0x00, 0x00, 0x00, 0x00, 0x00, 0x00, 0x00, 0x00,
    0x00, 0x00, 0x00, 0x00, 0x00, 0x00, 0x00, 0x00, 0x00, 0x00, 0x00, 0x00, 0x00, 0x00, 0x00, 0x00,
    0x00, 0x00, 0x00, 0x00, 0x00, 0x00, 0x00, 0x00, 0x00, 0x00, 0x00, 0x00, 0x00, 0x00, 0x00, 0x00,
    0x00, 0x00, 0x00, 0x00, 0x00, 0x00, 0x00, 0x00, 0x00, 0x00, 0x00, 0x00, 0x00, 0x00, 0x00, 0x00,
    0x00, 0x00, 0x00, 0x00, 0x00, 0x00, 0x00, 0x00, 0x00, 0x00, 0x00, 0x00, 0x00, 0x00, 0x00, 0x00,
    0x00, 0x00, 0x00, 0x00, 0x00, 0x00, 0x00, 0x00, 0x00, 0x00, 0x00, 0x00, 0x00, 0x00, 0x00, 0x00,
    0x00, 0x00, 0x00, 0x00, 0x00, 0x00, 0x00, 0x00, 0x00, 0x00, 0x00, 0x00, 0x00, 0x00, 0x00, 0x00,
    0x00, 0x00, 0x00, 0x00, 0x00, 0x00, 0x00, 0x00, 0x00, 0x00, 0x00, 0x00, 0x00, 0x00, 0x00, 0x00,
    0x00, 0x00, 0x00, 0x00, 0x00, 0x00, 0x00, 0x00, 0x00, 0x00, 0x00, 0x00, 0x00, 0x00, 0x00, 0x00,
    0x00, 0x00, 0x00, 0x00, 0x00, 0x00, 0x00, 0x00, 0x00, 0x00, 0x00, 0x00, 0x00, 0x00, 0x00, 0x00,
    0x00, 0x00, 0x00, 0x00, 0x00, 0x00, 0x00, 0x00, 0x00, 0x00, 0x00, 0x00, 0x00, 0x00, 0x00, 0x00,
    0x00, 0x00, 0x00, 0x00, 0x00, 0x00, 0x00, 0x00, 0x00, 0x00, 0x00, 0x00, 0x00, 0x00, 0x00, 0x00,
    0x00, 0x00, 0x00, 0x00, 0x00, 0x00, 0x00, 0x00, 0x00, 0x00, 0x00, 0x00, 0x00, 0x00, 0x00, 0x00,
    0x00, 0x00, 0x00, 0x00, 0x00, 0x00, 0x00, 0x00, 0x00, 0x00, 0x00, 0x00, 0x00, 0x00, 0x00, 0x00,
    0x00, 0x00, 0x00, 0x00, 0x00, 0x00, 0x00, 0x00, 0x00, 0x00, 0x00, 0x00, 0x00, 0x00, 0x00, 0x00,
    0x00, 0x00, 0x00, 0x00, 0x00, 0x00, 0x00, 0x00, 0x00, 0x00, 0x00, 0x00, 0x00, 0x00, 0x00, 0x00,
    0x00, 0x00, 0x00, 0x00, 0x00, 0x00, 0x00, 0x00, 0x00, 0x00, 0x00, 0x00, 0x00, 0x00, 0x00, 0x00,
    0x00, 0x00, 0x00, 0x00, 0x00, 0x00, 0x00, 0x00, 0x00, 0x00, 0x00, 0x00, 0x00, 0x00, 0x00, 0x00,
    0x00, 0x00, 0x00, 0x00, 0x00, 0x00, 0x00, 0x00, 0x00, 0x00, 0x00, 0x00, 0x00, 0x00, 0x00, 0x00,
    0x00, 0x00, 0x00, 0x00, 0x00, 0x00, 0x00, 0x00, 0x00, 0x00, 0x00, 0x00, 0x00, 0x00, 0x00, 0x00,
    0x00, 0x00, 0x00, 0x00, 0x00, 0x00, 0x00, 0x00, 0x00, 0x00, 0x00, 0x00, 0x00, 0x00, 0x00, 0x00,
    0x00, 0x00, 0x00, 0x00, 0x00, 0x00, 0x00, 0x00, 0x00, 0x00, 0x00, 0x00, 0x00, 0x00, 0x00, 0x00,
    0x00, 0x00, 0x00, 0x00, 0x00, 0x00, 0x00, 0x00, 0x00, 0x00, 0x00, 0x00, 0x00, 0x00, 0x00, 0x00,
    0x00, 0x00, 0x00, 0x00, 0x00, 0x00, 0x00, 0x00, 0x00, 0x00, 0x00, 0x00, 0x00, 0x00, 0x00, 0x00,
    0x00, 0x00, 0x00, 0x00, 0x00, 0x00, 0x00, 0x00, 0x00, 0x00, 0x00, 0x00, 0x00, 0x00, 0x00, 0x00,
    0x00, 0x00, 0x00, 0x00, 0x00, 0x00, 0x00, 0x00, 0x00, 0x00, 0x00, 0x00, 0x00, 0x00, 0x00, 0x00,
    0x00, 0x00, 0x00, 0x00, 0x00, 0x00, 0x00, 0x00, 0x00, 0x00, 0x00, 0x00, 0x00, 0x00, 0x00, 0x00,
    0x00, 0x00, 0x00, 0x00, 0x00, 0x00, 0x00, 0x00, 0x00, 0x00, 0x00, 0x00, 0x00, 0x00, 0x00, 0x00,
    0x00, 0x00, 0x00, 0x00, 0x00, 0x00, 0x00, 0x00, 0x00, 0x00, 0x00, 0x00, 0x00, 0x00, 0x00, 0x00,
    0x00, 0x00, 0x00, 0x00, 0x00, 0x00, 0x00, 0x00, 0x00, 0x00, 0x00, 0x00, 0x00, 0x00, 0x00, 0x00,
    0x00, 0x00, 0x00, 0x00, 0x00, 0x00, 0x00, 0x00, 0x00, 0x00, 0x00, 0x00, 0x00, 0x00, 0x00, 0x00,
    0x00, 0x00, 0x00, 0x00, 0x00, 0x00, 0x00, 0x00, 0x00, 0x00, 0x00, 0x00, 0x00, 0x00, 0x00, 0x00,
    0x00, 0x00, 0x00, 0x00, 0x00, 0x00, 0x00, 0x00, 0x00, 0x00, 0x00, 0x00, 0x00, 0x00, 0x00, 0x00,
    0x00, 0x00, 0x00, 0x00, 0x00, 0x00, 0x00, 0x00, 0x00, 0x00, 0x00, 0x00, 0x00, 0x00, 0x00, 0x00,
    0x00, 0x00, 0x00, 0x00, 0x00, 0x00, 0x00, 0x00, 0x00, 0x00, 0x00, 0x00, 0x00, 0x00, 0x00, 0x00,
    0x00, 0x00, 0x00, 0x00, 0x00, 0x00, 0x00, 0x00, 0x00, 0x00, 0x00, 0x00, 0x00, 0x00, 0x00, 0x00,
    0x00, 0x00, 0x00, 0x00, 0x00, 0x00, 0x00, 0x00, 0x00, 0x00, 0x00, 0x00, 0x00, 0x00, 0x00, 0x00,
    0x00, 0x00, 0x00, 0x00, 0x00, 0x00, 0x00, 0x00, 0x00, 0x00, 0x00, 0x00, 0x00, 0x00, 0x00, 0x00,
    0x00, 0x00, 0x00, 0x00, 0x00, 0x00, 0x00, 0x00, 0x00, 0x00, 0x00, 0x00, 0x00, 0x00, 0x00, 0x00,
    0x00, 0x00, 0x00, 0x00, 0x00, 0x00, 0x00, 0x00, 0x00, 0x00, 0x00, 0x00, 0x00, 0x00, 0x00, 0x00,
    0x00, 0x00, 0x00, 0x00, 0x00, 0x00, 0x00, 0x00, 0x00, 0x00, 0x00, 0x00, 0x00, 0x00, 0x00, 0x00,
    0x00, 0x00, 0x00, 0x00, 0x00, 0x00, 0x00, 0x00, 0x00, 0x00, 0x00, 0x00, 0x00, 0x00, 0x00, 0x00,
    0x00, 0x00, 0x00, 0x00, 0x00, 0x00, 0x00, 0x00, 0x00, 0x00, 0x00, 0x00, 0x00, 0x00, 0x00, 0x00,
    0x00, 0x00, 0x00, 0x00, 0x00, 0x00, 0x00, 0x00, 0x00, 0x00, 0x00, 0x00, 0x00, 0x00, 0x00, 0x00,
    0x00, 0x00, 0x00, 0x00, 0x00, 0x00, 0x00, 0x00, 0x00, 0x00, 0x00, 0x00, 0x00, 0x00, 0x00, 0x00,
    0x00, 0x00, 0x00, 0x00, 0x00, 0x00, 0x00, 0x00, 0x00, 0x00, 0x00, 0x00, 0x00, 0x00, 0x00, 0x00,
    0x00, 0x00, 0x00, 0x00, 0x00, 0x00, 0x00, 0x00, 0x00, 0x00, 0x00, 0x00, 0x00, 0x00, 0x00, 0x00,
    0x00, 0x00, 0x00, 0x00, 0x00, 0x00, 0x00, 0x00, 0x00, 0x00, 0x00, 0x00, 0x00, 0x00, 0x00, 0x00,
    0x00, 0x00, 0x00, 0x00, 0x00, 0x00, 0x00, 0x00, 0x00, 0x00, 0x00, 0x00, 0x00, 0x00, 0x00, 0x00,
    0x00, 0x00, 0x00, 0x00, 0x00, 0x00, 0x00, 0x00, 0x00, 0x00, 0x00, 0x00, 0x00, 0x00, 0x00, 0x00,
    0x00, 0x00, 0x00, 0x00, 0x00, 0x00, 0x00, 0x00, 0x00, 0x00, 0x00, 0x00, 0x00, 0x00, 0x00, 0x00,
    0x00, 0x00, 0x00, 0x00, 0x00, 0x00, 0x00, 0x00, 0x00, 0x00, 0x00, 0x00, 0x00, 0x00, 0x00, 0x00,
    0x00, 0x00, 0x00, 0x00, 0x00, 0x00, 0x00, 0x00, 0x00, 0x00, 0x00, 0x00, 0x00, 0x00, 0x00, 0x00,
    0x00, 0x00, 0x00, 0x00, 0x00, 0x00, 0x00, 0x00, 0x00, 0x00, 0x00, 0x00, 0x00, 0x00, 0x00, 0x00,
    0x00, 0x00, 0x00, 0x00, 0x00, 0x00, 0x00, 0x00, 0x00, 0x00, 0x00, 0x00, 0x00, 0x00, 0x00, 0x00,
    0x00, 0x00, 0x00, 0x00, 0x00, 0x00, 0x00, 0x00, 0x00, 0x00, 0x00, 0x00, 0x00, 0x00, 0x00, 0x00,
    0x00, 0x00, 0x00, 0x00, 0x00, 0x00, 0x00, 0x00, 0x00, 0x00, 0x00, 0x00, 0x00, 0x00, 0x00, 0x00,
    0x00, 0x00, 0x00, 0x00, 0x00, 0x00, 0x00, 0x00, 0x00, 0x00, 0x00, 0x00, 0x00, 0x00, 0x00, 0x00,
    0x00, 0x00, 0x00, 0x00, 0x00, 0x00, 0x00, 0x00, 0x00, 0x00, 0x00, 0x00, 0x00, 0x00, 0x00, 0x00,
    0x00, 0x00, 0x00, 0x00, 0x00, 0x00, 0x00, 0x00, 0x00, 0x00, 0x00, 0x00, 0x00, 0x00, 0x00, 0x00,
    0x00, 0x00, 0x00, 0x00, 0x00, 0x00, 0x00, 0x00, 0x00, 0x00, 0x00, 0x00, 0x00, 0x00, 0x00, 0x00,
    0x00, 0x00, 0x00, 0x00, 0x00, 0x00, 0x00, 0x00, 0x00, 0x00, 0x00, 0x00, 0x00, 0x00, 0x00, 0x00,
    0x00, 0x00, 0x00, 0x00, 0x00, 0x00, 0x00, 0x00, 0x00, 0x00, 0x00, 0x00, 0x00, 0x00, 0x00, 0x00,
    0x00, 0x00, 0x00, 0x00, 0x00, 0x00, 0x00, 0x00, 0x00, 0x00, 0x00, 0x00, 0x00, 0x00, 0x00, 0x00,
    0x00, 0x00, 0x00, 0x00, 0x00, 0x00, 0x00, 0x00, 0x00, 0x00, 0x00, 0x00, 0x00, 0x00, 0x00, 0x00,
    0x00, 0x00, 0x00, 0x00, 0x00, 0x00, 0x00, 0x00, 0x00, 0x00, 0x00, 0x00, 0x00, 0x00, 0x00, 0x00,
    0x00, 0x00, 0x00, 0x00, 0x00, 0x00, 0x00, 0x00, 0x00, 0x00, 0x00, 0x00, 0x00, 0x00, 0x00, 0x00,
    0x00, 0x00, 0x00, 0x00, 0x00, 0x00, 0x00, 0x00, 0x00, 0x00, 0x00, 0x00, 0x00, 0x00, 0x00, 0x00,
    0x00, 0x00, 0x00, 0x00, 0x00, 0x00, 0x00, 0x00, 0x00, 0x00, 0x00, 0x00, 0x00, 0x00, 0x00, 0x00,
    0x00, 0x00, 0x00, 0x00, 0x00, 0x00, 0x00, 0x00, 0x00, 0x00, 0x00, 0x00, 0x00, 0x00, 0x00, 0x00,
    0x00, 0x00, 0x00, 0x00, 0x00, 0x00, 0x00, 0x00, 0x00, 0x00, 0x00, 0x00, 0x00, 0x00, 0x00, 0x00,
    0x00, 0x00, 0x00, 0x00, 0x00, 0x00, 0x00, 0x00, 0x00, 0x00, 0x00, 0x00, 0x00, 0x00, 0x00, 0x00,
    0x00, 0x00, 0x00, 0x00, 0x00, 0x00, 0x00, 0x00, 0x00, 0x00, 0x00, 0x00, 0x00, 0x00, 0x00, 0x00,
    0x00, 0x00, 0x00, 0x00, 0x00, 0x00, 0x00, 0x00, 0x00, 0x00, 0x00, 0x00, 0x00, 0x00, 0x00, 0x00,
    0x00, 0x00, 0x00, 0x00, 0x00, 0x00, 0x00, 0x00, 0x00, 0x00, 0x00, 0x00, 0x00, 0x00, 0x00, 0x00,
    0x00, 0x00, 0x00, 0x00, 0x00, 0x00, 0x00, 0x00, 0x00, 0x00, 0x00, 0x00, 0x00, 0x00, 0x00, 0x00,
    0x00, 0x00, 0x00, 0x00, 0x00, 0x00, 0x00, 0x00, 0x00, 0x00, 0x00, 0x00, 0x00, 0x00, 0x00, 0x00,
    0x00, 0x00, 0x00, 0x00, 0x00, 0x00, 0x00, 0x00, 0x00, 0x00, 0x00, 0x00, 0x00, 0x00, 0x00, 0x00,
    0x00, 0x00, 0x00, 0x00, 0x00, 0x00, 0x00, 0x00, 0x00, 0x00, 0x00, 0x00, 0x00, 0x00, 0x00, 0x00,
    0x00, 0x00, 0x00, 0x00, 0x00, 0x00, 0x00, 0x00, 0x00, 0x00, 0x00, 0x00, 0x00, 0x00, 0x00, 0x00,
    0x00, 0x00, 0x00, 0x00, 0x00, 0x00, 0x00, 0x00, 0x00, 0x00, 0x00, 0x00, 0x00, 0x00, 0x00, 0x00,
    0x00, 0x00, 0x00, 0x00, 0x00, 0x00, 0x00, 0x00, 0x00, 0x00, 0x00, 0x00, 0x00, 0x00, 0x00, 0x00,
    0x00, 0x00, 0x00, 0x00, 0x00, 0x00, 0x00, 0x00, 0x00, 0x00, 0x00, 0x00, 0x00, 0x00, 0x00, 0x00,
    0x00, 0x00, 0x00, 0x00, 0x00, 0x00, 0x00, 0x00, 0x00, 0x00, 0x00, 0x00, 0x00, 0x00, 0x00, 0x00,
    0x00, 0x00, 0x00, 0x00, 0x00, 0x00, 0x00, 0x00, 0x00, 0x00, 0x00, 0x00, 0x00, 0x00, 0x00, 0x00,
    0x00, 0x00, 0x00, 0x00, 0x00, 0x00, 0x00, 0x00, 0x00, 0x00, 0x00, 0x00, 0x00, 0x00, 0x00, 0x00,
    0x00, 0x00, 0x00, 0x00, 0x00, 0x00, 0x00, 0x00, 0x00, 0x00, 0x00, 0x00, 0x00, 0x00, 0x00, 0x00,
    0x00, 0x00, 0x00, 0x00, 0x00, 0x00, 0x00, 0x00, 0x00, 0x00, 0x00, 0x00, 0x00, 0x00, 0x00, 0x00,
    0x00, 0x00, 0x00, 0x00, 0x00, 0x00, 0x00, 0x00, 0x00, 0x00, 0x00, 0x00, 0x00, 0x00, 0x00, 0x00,
    0x00, 0x00, 0x00, 0x00, 0x00, 0x00, 0x00, 0x00, 0x00, 0x00, 0x00, 0x00, 0x00, 0x00, 0x00, 0x00,
    0x00, 0x00, 0x00, 0x00, 0x00, 0x00, 0x00, 0x00, 0x00, 0x00, 0x00, 0x00, 0x00, 0x00, 0x00, 0x00,
    0x00, 0x00, 0x00, 0x00, 0x00, 0x00, 0x00, 0x00, 0x00, 0x00, 0x00, 0x00, 0x00, 0x00, 0x00, 0x00,
    0x00, 0x00, 0x00, 0x00, 0x00, 0x00, 0x00, 0x00, 0x00, 0x00, 0x00, 0x00, 0x00, 0x00, 0x00, 0x00,
    0x00, 0x00, 0x00, 0x00, 0x00, 0x00, 0x00, 0x00, 0x00, 0x00, 0x00, 0x00, 0x00, 0x00, 0x00, 0x00,
    0x00, 0x00, 0x00, 0x00, 0x00, 0x00, 0x00, 0x00, 0x00, 0x00, 0x00, 0x00, 0x00, 0x00, 0x00, 0x00,
    0x00, 0x00, 0x00, 0x00, 0x00, 0x00, 0x00, 0x00, 0x00, 0x00, 0x00, 0x00, 0x00, 0x00, 0x00, 0x00,
    0x00, 0x00, 0x00, 0x00, 0x00, 0x00, 0x00, 0x00, 0x00, 0x00, 0x00, 0x00, 0x00, 0x00, 0x00, 0x00,
    0x00, 0x00, 0x00, 0x00, 0x00, 0x00, 0x00, 0x00, 0x00, 0x00, 0x00, 0x00, 0x00, 0x00, 0x00, 0x00,
    0x00, 0x00, 0x00, 0x00, 0x00, 0x00, 0x00, 0x00, 0x00, 0x00, 0x00, 0x00, 0x00, 0x00, 0x00, 0x00,
    0x00, 0x00, 0x00, 0x00, 0x00, 0x00, 0x00, 0x00, 0x00, 0x00, 0x00, 0x00, 0x00, 0x00, 0x00, 0x00,
    0x00, 0x00, 0x00, 0x00, 0x00, 0x00, 0x00, 0x00, 0x00, 0x00, 0x00, 0x00, 0x00, 0x00, 0x00, 0x00,
    0x00, 0x00, 0x00, 0x00, 0x00, 0x00, 0x00, 0x00, 0x00, 0x00, 0x00, 0x00, 0x00, 0x00, 0x00, 0x00,
    0x00, 0x00, 0x00, 0x00, 0x00, 0x00, 0x00, 0x00, 0x00, 0x00, 0x00, 0x00, 0x00, 0x00, 0x00, 0x00,
    0x00, 0x00, 0x00, 0x00, 0x00, 0x00, 0x00, 0x00, 0x00, 0x00, 0x00, 0x00, 0x00, 0x00, 0x00, 0x00,
    0x00, 0x00, 0x00, 0x00, 0x00, 0x00, 0x00, 0x00, 0x00, 0x00, 0x00, 0x00, 0x00, 0x00, 0x00, 0x00,
    0x00, 0x00, 0x00, 0x00, 0x00, 0x00, 0x00, 0x00, 0x00, 0x00, 0x00, 0x00, 0x00, 0x00, 0x00, 0x00,
    0x00, 0x00, 0x00, 0x00, 0x00, 0x00, 0x00, 0x00, 0x00, 0x00, 0x00, 0x00, 0x00, 0x00, 0x00, 0x00,
    0x00, 0x00, 0x00, 0x00, 0x00, 0x00, 0x00, 0x00, 0x00, 0x00, 0x00, 0x00, 0x00, 0x00, 0x00, 0x00,
    0x00, 0x00, 0x00, 0x00, 0x00, 0x00, 0x00, 0x00, 0x00, 0x00, 0x00, 0x00, 0x00, 0x00, 0x00, 0x00,
    0x00, 0x00, 0x00, 0x00, 0x00, 0x00, 0x00, 0x00, 0x00, 0x00, 0x00, 0x00, 0x00, 0x00, 0x00, 0x00,
    0x00, 0x00, 0x00, 0x00, 0x00, 0x00, 0x00, 0x00, 0x00, 0x00, 0x00, 0x00, 0x00, 0x00, 0x00, 0x00,
    0x00, 0x00, 0x00, 0x00, 0x00, 0x00, 0x00, 0x00, 0x00, 0x00, 0x00, 0x00, 0x00, 0x00, 0x00, 0x00,
    0x00, 0x00, 0x00, 0x00, 0x00, 0x00, 0x00, 0x00, 0x00, 0x00, 0x00, 0x00, 0x00, 0x00, 0x00, 0x00,
    0x00, 0x00, 0x00, 0x00, 0x00, 0x00, 0x00, 0x00, 0x00, 0x00, 0x00, 0x00, 0x00, 0x00, 0x00, 0x00,
    0x00, 0x00, 0x00, 0x00, 0x00, 0x00, 0x00, 0x00, 0x00, 0x00, 0x00, 0x00, 0x00, 0x00, 0x00, 0x00,
    0x00, 0x00, 0x00, 0x00, 0x00, 0x00, 0x00, 0x00, 0x00, 0x00, 0x00, 0x00, 0x00, 0x00, 0x00, 0x00,
    0x00, 0x00, 0x00, 0x00, 0x00, 0x00, 0x00, 0x00, 0x00, 0x00, 0x00, 0x00, 0x00, 0x00, 0x00, 0x00,
    0x00, 0x00, 0x00, 0x00, 0x00, 0x00, 0x00, 0x00, 0x00, 0x00, 0x00, 0x00, 0x00, 0x00, 0x00, 0x00,
    0x00, 0x00, 0x00, 0x00, 0x00, 0x00, 0x00, 0x00, 0x00, 0x00, 0x00, 0x00, 0x00, 0x00, 0x00, 0x00,
    0x00, 0x00, 0x00, 0x00, 0x00, 0x00, 0x00, 0x00, 0x00, 0x00, 0x00, 0x00, 0x00, 0x00, 0x00, 0x00,
    0x00, 0x00, 0x00, 0x00, 0x00, 0x00, 0x00, 0x00, 0x00, 0x00, 0x00, 0x00, 0x00, 0x00, 0x00, 0x00,
    0x00, 0x00, 0x00, 0x00, 0x00, 0x00, 0x00, 0x00, 0x00, 0x00, 0x00, 0x00, 0x00, 0x00, 0x00, 0x00,
    0x00, 0x00, 0x00, 0x00, 0x00, 0x00, 0x00, 0x00, 0x00, 0x00, 0x00, 0x00, 0x00, 0x00, 0x00, 0x00,
    0x00, 0x00, 0x00, 0x00, 0x00, 0x00, 0x00, 0x00, 0x00, 0x00, 0x00, 0x00, 0x00, 0x00, 0x00, 0x00,
    0x00, 0x00, 0x00, 0x00, 0x00, 0x00, 0x00, 0x00, 0x00, 0x00, 0x00, 0x00, 0x00, 0x00, 0x00, 0x00,
    0x00, 0x00, 0x00, 0x00, 0x00, 0x00, 0x00, 0x00, 0x00, 0x00, 0x00, 0x00, 0x00, 0x00, 0x00, 0x00,
    0x00, 0x00, 0x00, 0x00, 0x00, 0x00, 0x00, 0x00, 0x00, 0x00, 0x00, 0x00, 0x00, 0x00, 0x00, 0x00,
    0x00, 0x00, 0x00, 0x00, 0x00, 0x00, 0x00, 0x00, 0x00, 0x00, 0x00, 0x00, 0x00, 0x00, 0x00, 0x00,
    0x00, 0x00, 0x00, 0x00, 0x00, 0x00, 0x00, 0x00, 0x00, 0x00, 0x00, 0x00, 0x00, 0x00, 0x00, 0x00,
    0x00, 0x00, 0x00, 0x00, 0x00, 0x00, 0x00, 0x00, 0x00, 0x00, 0x00, 0x00, 0x00, 0x00, 0x00, 0x00,
    0x00, 0x00, 0x00, 0x00, 0x00, 0x00, 0x00, 0x00, 0x00, 0x00, 0x00, 0x00, 0x00, 0x00, 0x00, 0x00,
    0x00, 0x00, 0x00, 0x00, 0x00, 0x00, 0x00, 0x00, 0x00, 0x00, 0x00, 0x00, 0x00, 0x00, 0x00, 0x00,
    0x00, 0x00, 0x00, 0x00, 0x00, 0x00, 0x00, 0x00, 0x00, 0x00, 0x00, 0x00, 0x00, 0x00, 0x00, 0x00,
    0x00, 0x00, 0x00, 0x00, 0x00, 0x00, 0x00, 0x00, 0x00, 0x00, 0x00, 0x00, 0x00, 0x00, 0x00, 0x00,
    0x00, 0x00, 0x00, 0x00, 0x00, 0x00, 0x00, 0x00, 0x00, 0x00, 0x00, 0x00, 0x00, 0x00, 0x00, 0x00,
    0x00, 0x00, 0x00, 0x00, 0x00, 0x00, 0x00, 0x00, 0x00, 0x00, 0x00, 0x00, 0x00, 0x00, 0x00, 0x00,
    0x00, 0x00, 0x00, 0x00, 0x00, 0x00, 0x00, 0x00, 0x00, 0x00, 0x00, 0x00, 0x00, 0x00, 0x00, 0x00,
    0x00, 0x00, 0x00, 0x00, 0x00, 0x00, 0x00, 0x00, 0x00, 0x00, 0x00, 0x00, 0x00, 0x00, 0x00, 0x00,
    0x00, 0x00, 0x00, 0x00, 0x00, 0x00, 0x00, 0x00, 0x00, 0x00, 0x00, 0x00, 0x00, 0x00, 0x00, 0x00,
    0x00, 0x00, 0x00, 0x00, 0x00, 0x00, 0x00, 0x00, 0x00, 0x00, 0x00, 0x00, 0x00, 0x00, 0x00, 0x00,
    0x00, 0x00, 0x00, 0x00, 0x00, 0x00, 0x00, 0x00, 0x00, 0x00, 0x00, 0x00, 0x00, 0x00, 0x00, 0x00,
    0x00, 0x00, 0x00, 0x00, 0x00, 0x00, 0x00, 0x00, 0x00, 0x00, 0x00, 0x00, 0x00, 0x00, 0x00, 0x00,
    0x00, 0x00, 0x00, 0x00, 0x00, 0x00, 0x00, 0x00, 0x00, 0x00, 0x00, 0x00, 0x00, 0x00, 0x00, 0x00,
    0x00, 0x00, 0x00, 0x00, 0x00, 0x00, 0x00, 0x00, 0x00, 0x00, 0x00, 0x00, 0x00, 0x00, 0x00, 0x00,
    0x00, 0x00, 0x00, 0x00, 0x00, 0x00, 0x00, 0x00, 0x00, 0x00, 0x00, 0x00, 0x00, 0x00, 0x00, 0x00,
    0x00, 0x00, 0x00, 0x00, 0x00, 0x00, 0x00, 0x00, 0x00, 0x00, 0x00, 0x00, 0x00, 0x00, 0x00, 0x00,
    0x00, 0x00, 0x00, 0x00, 0x00, 0x00, 0x00, 0x00, 0x00, 0x00, 0x00, 0x00, 0x00, 0x00, 0x00, 0x00,
    0x00, 0x00, 0x00, 0x00, 0x00, 0x00, 0x00, 0x00, 0x00, 0x00, 0x00, 0x00, 0x00, 0x00, 0x00, 0x00,
    0x00, 0x00, 0x00, 0x00, 0x00, 0x00, 0x00, 0x00, 0x00, 0x00, 0x00, 0x00, 0x00, 0x00, 0x00, 0x00,
    0x00, 0x00, 0x00, 0x00, 0x00, 0x00, 0x00, 0x00, 0x00, 0x00, 0x00, 0x00, 0x00, 0x00, 0x00, 0x00,
    0x00, 0x00, 0x00, 0x00, 0x00, 0x00, 0x00, 0x00, 0x00, 0x00, 0x00, 0x00, 0x00, 0x00, 0x00, 0x00,
    0x00, 0x00, 0x00, 0x00, 0x00, 0x00, 0x00, 0x00, 0x00, 0x00, 0x00, 0x00, 0x00, 0x00, 0x00, 0x00,
    0x00, 0x00, 0x00, 0x00, 0x00, 0x00, 0x00, 0x00, 0x00, 0x00, 0x00, 0x00, 0x00, 0x00, 0x00, 0x00,
};

const frixos_sprite_asset_t sprite_partlycloudy_night = {
  .image = {
    .header.cf = LV_COLOR_FORMAT_RGB565,
    .header.w = 320,
    .header.h = 32,
    .data_size = 20480,
    .data = sprite_partlycloudy_night_map,
  },
  .fps = FRIXOS_SPRITE_DEFAULT_FPS,
};
